INSERT INTO product (name, seo_name, brand_id, specifications, description, created_by, image_url) 
    VALUES (
        'Bàn phím AKKO 3098B Plus Black & Gold Fairy (Silent) switch', 'ban-phim-akko-3098b-plus-black-gold-fairy-silent-switch', 4,
        '{"Bảo hành": "12 tháng", "Cấu Trúc": "Tray Mount", "Vỏ + Phím": "PBT&nbsp;Keycaps + ABS Frame", "Kết Nối": "Bluetooth5.0 / 2.4GHz / USB Type-C", "LED": "South-facing RGB", "Switches": "Akko Fairy (Silent)", "Hot Swappable": "5-Pin Support", "N-Key Rollover": "Yes", "Keycaps": "Cherry Profile", "Trình điều khiển": "Akko Macro V1.0", "Pin": "3000mAh", "Kích Thước": "382*134*40mm", "Trọng lượng": "1.2Kg", "Phụ Kiện Bàn phím": "&nbsp;HDSD, Cáp, Keycaps tặng,Keycap Puller, Switch Puller, Nắp chống bụi"}',
        'Nâng tầm trải nghiệm gõ phím của bạn với Bàn phím cơ AKKO 3098B Plus Black & Gold Fairy (Silent) switch – sự kết hợp hoàn hảo giữa vẻ đẹp sang trọng, hiệu năng vượt trội và âm thanh êm ái. Khoác lên mình tông màu Đen huyền bí điểm xuyết những chi tiết Vàng đồng tinh tế, chiếc bàn phím này không chỉ là một công cụ làm việc mà còn là một món đồ trang sức cao cấp cho không gian của bạn.\n\nĐiểm nhấn đặc biệt của phiên bản này chính là các switch ''Silent'' cao cấp, được tinh chỉnh để mang lại trải nghiệm gõ phím cực kỳ êm ái và mượt mà. Giờ đây, bạn có thể làm việc, học tập hay chơi game mà không lo làm phiền những người xung quanh, lý tưởng cho môi trường văn phòng, thư viện hoặc sử dụng vào ban đêm.\n\nAKKO 3098B Plus được trang bị layout 98 phím tối ưu, giữ lại đầy đủ các phím chức năng cần thiết trong một kích thước gọn gàng. Keycap PBT Doubleshot chất lượng cao không chỉ bền bỉ, chống mờ theo thời gian mà còn mang lại cảm giác gõ chắc chắn và cao cấp. Khả năng hot-swap tiện lợi cho phép bạn dễ dàng thay đổi switch yêu thích mà không cần hàn, mang đến sự tùy biến không giới hạn. Hỗ trợ đa kết nối (USB Type-C, Bluetooth 5.0, 2.4G Wireless) đảm bảo sự linh hoạt tối đa, tương thích với mọi thiết bị. Hệ thống đèn nền RGB rực rỡ với nhiều chế độ tùy chỉnh sẽ thổi hồn vào không gian làm việc của bạn, tạo nên một trải nghiệm thị giác ấn tượng.\n\nAKKO 3098B Plus Black & Gold Fairy Silent không chỉ là một chiếc bàn phím, mà là một tuyên ngôn về phong cách và hiệu suất, dành cho những ai tìm kiếm sự hoàn hảo trong từng cú gõ.',
        1, 'https://cdn.hstatic.net/products/200000722513/imgi_47_3098_cherry__________rgb_1_a39b1dc9443b481c975ee2d73e88ab3b.png'
    );
INSERT INTO product_category (product_id, category_id) VALUES (178, 28);
INSERT INTO product_variant (
        product_id, name, seo_name, supplier_id, price, price_sale, quantity, sku, model, barcode, 
        specifications, description, warranty, image_url, release_at, created_by)
        VALUES ( 178, 'Bàn phím AKKO 3098B Plus Black & Gold Fairy (Silent) switch', 'ban-phim-akko-3098b-plus-black-gold-fairy-silent-switch',
            1, 1790000, 1390000, 10, 'KB-AKKO-3098B-PLUS-BLK-GOLD-SILENT-SW',
            'KB-AKKO-3098B-PLUS-BLK-GOLD-SILENT-SW', 'KB-AKKO-3098B-PLUS-BLK-GOLD-SILENT-SW',
            '{"Bảo hành": "12 tháng", "Cấu Trúc": "Tray Mount", "Vỏ + Phím": "PBT&nbsp;Keycaps + ABS Frame", "Kết Nối": "Bluetooth5.0 / 2.4GHz / USB Type-C", "LED": "South-facing RGB", "Switches": "Akko Fairy (Silent)", "Hot Swappable": "5-Pin Support", "N-Key Rollover": "Yes", "Keycaps": "Cherry Profile", "Trình điều khiển": "Akko Macro V1.0", "Pin": "3000mAh", "Kích Thước": "382*134*40mm", "Trọng lượng": "1.2Kg", "Phụ Kiện Bàn phím": "&nbsp;HDSD, Cáp, Keycaps tặng,Keycap Puller, Switch Puller, Nắp chống bụi"}',
            'Nâng tầm trải nghiệm gõ phím của bạn với Bàn phím cơ AKKO 3098B Plus Black & Gold Fairy (Silent) switch – sự kết hợp hoàn hảo giữa vẻ đẹp sang trọng, hiệu năng vượt trội và âm thanh êm ái. Khoác lên mình tông màu Đen huyền bí điểm xuyết những chi tiết Vàng đồng tinh tế, chiếc bàn phím này không chỉ là một công cụ làm việc mà còn là một món đồ trang sức cao cấp cho không gian của bạn.\n\nĐiểm nhấn đặc biệt của phiên bản này chính là các switch ''Silent'' cao cấp, được tinh chỉnh để mang lại trải nghiệm gõ phím cực kỳ êm ái và mượt mà. Giờ đây, bạn có thể làm việc, học tập hay chơi game mà không lo làm phiền những người xung quanh, lý tưởng cho môi trường văn phòng, thư viện hoặc sử dụng vào ban đêm.\n\nAKKO 3098B Plus được trang bị layout 98 phím tối ưu, giữ lại đầy đủ các phím chức năng cần thiết trong một kích thước gọn gàng. Keycap PBT Doubleshot chất lượng cao không chỉ bền bỉ, chống mờ theo thời gian mà còn mang lại cảm giác gõ chắc chắn và cao cấp. Khả năng hot-swap tiện lợi cho phép bạn dễ dàng thay đổi switch yêu thích mà không cần hàn, mang đến sự tùy biến không giới hạn. Hỗ trợ đa kết nối (USB Type-C, Bluetooth 5.0, 2.4G Wireless) đảm bảo sự linh hoạt tối đa, tương thích với mọi thiết bị. Hệ thống đèn nền RGB rực rỡ với nhiều chế độ tùy chỉnh sẽ thổi hồn vào không gian làm việc của bạn, tạo nên một trải nghiệm thị giác ấn tượng.\n\nAKKO 3098B Plus Black & Gold Fairy Silent không chỉ là một chiếc bàn phím, mà là một tuyên ngôn về phong cách và hiệu suất, dành cho những ai tìm kiếm sự hoàn hảo trong từng cú gõ.',
            12, 'https://cdn.hstatic.net/products/200000722513/imgi_47_3098_cherry__________rgb_1_a39b1dc9443b481c975ee2d73e88ab3b.png', '2025-07-24T11:02:31+00:00',1);
        
INSERT INTO product_image (name, product_variant_id, image_url, is_main)
VALUES
    ('Ảnh 1', 178, 'https://cdn.hstatic.net/products/200000722513/imgi_47_3098_cherry__________rgb_1_a39b1dc9443b481c975ee2d73e88ab3b.png', TRUE),
    ('Ảnh 2', 178, 'https://cdn.hstatic.net/products/200000722513/imgi_44_3098_cherry___________1_c89b068148c64a7e98afacb92b5c7da8.png', FALSE),
    ('Ảnh 3', 178, 'https://cdn.hstatic.net/products/200000722513/imgi_45_3098_cherry___________1_b268833356a1456c8c6e89c6168ccebc.png', FALSE),
    ('Ảnh 4', 178, 'https://cdn.hstatic.net/products/200000722513/imgi_46_3098_cherry___________1_1b6451a2e47143408c1e8ea44c08c18f.png', FALSE),
    ('Ảnh 5', 178, 'https://cdn.hstatic.net/products/200000722513/imgi_48_3098_cherry__________1_1_6c0f3a2a7b704cc3a761677edfca108e.png', FALSE),
    ('Ảnh 6', 178, 'https://cdn.hstatic.net/products/200000722513/imgi_49_3098_cherry__________2_1_10071b3b26874b44bc7e7309445c000a.png', FALSE);
---
INSERT INTO product (name, seo_name, brand_id, specifications, description, created_by, image_url) 
    VALUES (
        'Bàn phím AKKO có dây TAC75 White HE Astrolink Magnetic Switch', 'ban-phim-akko-co-day-tac75-white-he-astrolink-magnetic-switch', 4,
        '{"Bảo hành": "12 tháng", "Cấu trúc": "Tray Mount", "Vỏ + Phím": "PBT Double-Shot", "Màu sắc": "Trắng", "Kết nối": "USB Type-C", "Đèn LED": "RGB", "Switches": "Akko Astrolink Magnetic Switch", "Polling Rate": "8,000Hz", "Hot Swappable": "Không hỗ trợ (N/A)", "N-Key Rollover": "Có", "Trình điều khiển": "Akko Cloud Driver", "In hông (Side-Printed)": "Có", "Kích thước": "333 x 141 x 33 mm", "Trọng lượng": "0.7 kg"}',
        'Chinh phục mọi thử thách với Bàn phím AKKO có dây TAC75 White HE Astrolink Magnetic Switch – biểu tượng của sự kết hợp hoàn hảo giữa hiệu năng đỉnh cao, công nghệ tiên tiến và vẻ đẹp tinh tế. Được thiết kế dành cho game thủ và những người đam mê gõ phím yêu cầu sự chính xác tuyệt đối, TAC75 White HE sẽ đưa trải nghiệm của bạn lên một tầm cao mới. \n\nĐiểm nhấn cốt lõi của chiếc bàn phím này chính là hệ thống công tắc từ tính (Magnetic Switch) Astrolink HE độc quyền. Công nghệ đột phá này mang lại khả năng Rapid Trigger vượt trội, cho phép phím được kích hoạt và reset cực nhanh chỉ với một khoảng di chuyển siêu nhỏ, đồng nghĩa với phản hồi tức thì trong từng pha hành động, từ đó tạo lợi thế quyết định trong các tựa game FPS hay nhịp độ nhanh. Không chỉ vậy, bạn còn có thể tùy chỉnh điểm kích hoạt (Actuation Point) của từng phím theo ý muốn, từ độ nhạy cảm ứng chỉ 0.1mm cho đến độ sâu chắc chắn hơn, mang lại khả năng cá nhân hóa chưa từng có. Với cơ chế không tiếp xúc vật lý, công tắc từ tính còn đảm bảo độ bền bỉ vượt trội và tuổi thọ lâu dài.\n\nVề thiết kế, AKKO TAC75 White HE sở hữu layout 75% nhỏ gọn nhưng vẫn giữ lại đầy đủ hàng phím chức năng (F-row) và cụm phím điều hướng quan trọng, tối ưu hóa không gian làm việc mà không làm giảm tính tiện dụng. Sắc trắng tinh khôi không chỉ mang lại vẻ đẹp thanh lịch, sang trọng mà còn dễ dàng hòa nhập vào mọi góc setup, tạo nên một tổng thể hài hòa và hiện đại. Kết nối có dây ổn định, đảm bảo đường truyền tín hiệu không gián đoạn và độ trễ cực thấp, là yếu tố then chốt cho mọi trận đấu căng thẳng hay những phiên làm việc cần sự tập trung cao độ.\n\nAKKO TAC75 White HE Astrolink Magnetic Switch không chỉ là một chiếc bàn phím, mà là một công cụ mạnh mẽ giúp bạn khai phá tối đa tiềm năng, biến mỗi cú nhấn thành một hành động chính xác và hiệu quả.',
        1, 'https://cdn.hstatic.net/products/200000722513/imgi_45_46_6969e9527b2e4f1ba885de6c508e35a5.png'
    );
INSERT INTO product_category (product_id, category_id) VALUES (179, 28);
INSERT INTO product_variant (
        product_id, name, seo_name, supplier_id, price, price_sale, quantity, sku, model, barcode, 
        specifications, description, warranty, image_url, release_at, created_by)
        VALUES ( 179, 'Bàn phím AKKO có dây TAC75 White HE Astrolink Magnetic Switch', 'ban-phim-akko-co-day-tac75-white-he-astrolink-magnetic-switch',
            1, 1390000, 1190000, 10, 'KB-AKKO-TAC75-WHI-HE-ASTROLINK-SW',
            'KB-AKKO-TAC75-WHI-HE-ASTROLINK-SW', 'KB-AKKO-TAC75-WHI-HE-ASTROLINK-SW',
            '{"Bảo hành": "12 tháng", "Cấu trúc": "Tray Mount", "Vỏ + Phím": "PBT Double-Shot", "Màu sắc": "Trắng", "Kết nối": "USB Type-C", "Đèn LED": "RGB", "Switches": "Akko Astrolink Magnetic Switch", "Polling Rate": "8,000Hz", "Hot Swappable": "Không hỗ trợ (N/A)", "N-Key Rollover": "Có", "Trình điều khiển": "Akko Cloud Driver", "In hông (Side-Printed)": "Có", "Kích thước": "333 x 141 x 33 mm", "Trọng lượng": "0.7 kg"}',
            'Chinh phục mọi thử thách với Bàn phím AKKO có dây TAC75 White HE Astrolink Magnetic Switch – biểu tượng của sự kết hợp hoàn hảo giữa hiệu năng đỉnh cao, công nghệ tiên tiến và vẻ đẹp tinh tế. Được thiết kế dành cho game thủ và những người đam mê gõ phím yêu cầu sự chính xác tuyệt đối, TAC75 White HE sẽ đưa trải nghiệm của bạn lên một tầm cao mới. \n\nĐiểm nhấn cốt lõi của chiếc bàn phím này chính là hệ thống công tắc từ tính (Magnetic Switch) Astrolink HE độc quyền. Công nghệ đột phá này mang lại khả năng Rapid Trigger vượt trội, cho phép phím được kích hoạt và reset cực nhanh chỉ với một khoảng di chuyển siêu nhỏ, đồng nghĩa với phản hồi tức thì trong từng pha hành động, từ đó tạo lợi thế quyết định trong các tựa game FPS hay nhịp độ nhanh. Không chỉ vậy, bạn còn có thể tùy chỉnh điểm kích hoạt (Actuation Point) của từng phím theo ý muốn, từ độ nhạy cảm ứng chỉ 0.1mm cho đến độ sâu chắc chắn hơn, mang lại khả năng cá nhân hóa chưa từng có. Với cơ chế không tiếp xúc vật lý, công tắc từ tính còn đảm bảo độ bền bỉ vượt trội và tuổi thọ lâu dài.\n\nVề thiết kế, AKKO TAC75 White HE sở hữu layout 75% nhỏ gọn nhưng vẫn giữ lại đầy đủ hàng phím chức năng (F-row) và cụm phím điều hướng quan trọng, tối ưu hóa không gian làm việc mà không làm giảm tính tiện dụng. Sắc trắng tinh khôi không chỉ mang lại vẻ đẹp thanh lịch, sang trọng mà còn dễ dàng hòa nhập vào mọi góc setup, tạo nên một tổng thể hài hòa và hiện đại. Kết nối có dây ổn định, đảm bảo đường truyền tín hiệu không gián đoạn và độ trễ cực thấp, là yếu tố then chốt cho mọi trận đấu căng thẳng hay những phiên làm việc cần sự tập trung cao độ.\n\nAKKO TAC75 White HE Astrolink Magnetic Switch không chỉ là một chiếc bàn phím, mà là một công cụ mạnh mẽ giúp bạn khai phá tối đa tiềm năng, biến mỗi cú nhấn thành một hành động chính xác và hiệu quả.',
            12, 'https://cdn.hstatic.net/products/200000722513/imgi_45_46_6969e9527b2e4f1ba885de6c508e35a5.png', '2025-07-24T10:40:08+00:00',1);
        
INSERT INTO product_image (name, product_variant_id, image_url, is_main)
VALUES
    ('Ảnh 1', 179, 'https://cdn.hstatic.net/products/200000722513/imgi_45_46_6969e9527b2e4f1ba885de6c508e35a5.png', TRUE),
    ('Ảnh 2', 179, 'https://cdn.hstatic.net/products/200000722513/imgi_46_tac75-he________rgb__1_f05edd6259fc41ba8c49d2445a207f1c.png', FALSE),
    ('Ảnh 3', 179, 'https://cdn.hstatic.net/products/200000722513/imgi_48_tac75-he__________1_b1e2d9fdb745486b8484afb1d6abdeb7.png', FALSE),
    ('Ảnh 4', 179, 'https://cdn.hstatic.net/products/200000722513/imgi_49_tac75-he__________1_5a4113b36560454da58a84d26e35233c.png', FALSE),
    ('Ảnh 5', 179, 'https://cdn.hstatic.net/products/200000722513/imgi_50_tac75-he__________1_84d29e48042c491dbf595e95b428baee.png', FALSE),
    ('Ảnh 6', 179, 'https://cdn.hstatic.net/products/200000722513/imgi_51_tac75-he__________1_ab5938a4499f451499f9976574f8e382.png', FALSE);
---
INSERT INTO product (name, seo_name, brand_id, specifications, description, created_by, image_url) 
    VALUES (
        'Bàn phím AKKO có dây TAC75 Black HE AstroAim Magnetic Switch', 'ban-phim-akko-co-day-tac75-black-he-astroaim-magnetic-switch', 4,
        '{"Bảo hành": "12 tháng", "Kiểu": "Bàn phím cơ", "Kết nối": "Dây USB", "Kiểu kết nối": "Có dây", "Màu sắc": "Đen", "Màu sắc đèn LED": "RGB", "Chất liệu keycap": "Double Shot PBT", "Kiểu switch": "Akko AstroAim Magnetic Switch", "Kích thước": "333 x 141 x 33 mm", "Trọng lượng": "0.7 kg"}',
        'Đắm chìm vào thế giới của hiệu năng đỉnh cao và khả năng tùy biến không giới hạn với Bàn phím AKKO có dây TAC75 Black HE AstroAim Magnetic Switch. Đây không chỉ là một chiếc bàn phím, mà là một cỗ máy chiến thắng được chế tạo để đưa trải nghiệm gõ phím và chơi game của bạn lên một tầm cao mới.\n\nĐiểm nhấn nổi bật nhất chính là công nghệ **Switch Từ tính (Magnetic Switch) AstroAim** tiên tiến. Khác biệt hoàn toàn so với các switch cơ học truyền thống, switch từ tính sử dụng hiệu ứng Hall để phát hiện hành trình phím, mang lại những ưu điểm vượt trội:\n*   **Rapid Trigger**: Khả năng kích hoạt và ngừng kích hoạt cực kỳ nhanh chóng và chính xác. Từng mili giây đều được tính toán, cho phép các thao tác lặp lại siêu tốc, không độ trễ, biến mỗi cú nhấn là một lợi thế quyết định trong các tựa game đòi hỏi tốc độ cao.\n*   **Điểm kích hoạt có thể điều chỉnh (Adjustable Actuation Point)**: Tùy chỉnh độ sâu nhấn phím để kích hoạt từ 0.1mm đến 4.0mm. Cho dù bạn muốn cảm giác nhấn siêu nhạy bén chỉ với một cú chạm nhẹ hay một cú nhấn sâu hơn để tránh nhầm lẫn, AKKO TAC75 đều có thể đáp ứng hoàn hảo theo phong cách cá nhân của bạn.\n*   **Độ bền vượt trội**: Không có các tiếp điểm vật lý bị mài mòn, mang lại tuổi thọ lâu dài và hiệu suất ổn định theo thời gian.\n*   **Cảm giác gõ mượt mà**: Tận hưởng hành trình phím trơn tru, tuyến tính với phản hồi nhất quán.\n\nVới **layout TAC75** nhỏ gọn nhưng đầy đủ chức năng, bàn phím AKKO TAC75 tối ưu hóa không gian bàn làm việc mà vẫn giữ lại hàng phím chức năng (F-row) và cụm phím điều hướng độc lập, lý tưởng cho cả làm việc và chơi game. Thiết kế màu **đen (Black)** sang trọng, tinh tế dễ dàng hòa hợp với mọi không gian làm việc hoặc setup gaming. Kết nối **có dây (Wired)** đảm bảo độ ổn định tuyệt đối, không lo gián đoạn tín hiệu hay hết pin trong những khoảnh khắc quan trọng nhất.\n\nAKKO TAC75 Black HE AstroAim Magnetic Switch là sự lựa chọn hoàn hảo cho những game thủ chuyên nghiệp tìm kiếm lợi thế cạnh tranh, hay những người dùng yêu thích công nghệ muốn trải nghiệm cảm giác gõ phím đỉnh cao với khả năng tùy biến sâu rộng. Nâng tầm trải nghiệm của bạn ngay hôm nay!',
        1, 'https://cdn.hstatic.net/products/200000722513/imgi_52_tac75-he________rgb__1_5d706400a6cd4878b9a5db14c3bf6263.png'
    );
INSERT INTO product_category (product_id, category_id) VALUES (180, 28);
INSERT INTO product_variant (
        product_id, name, seo_name, supplier_id, price, price_sale, quantity, sku, model, barcode, 
        specifications, description, warranty, image_url, release_at, created_by)
        VALUES ( 180, 'Bàn phím AKKO có dây TAC75 Black HE AstroAim Magnetic Switch', 'ban-phim-akko-co-day-tac75-black-he-astroaim-magnetic-switch',
            1, 1290000, 1050000, 10, 'KB-AKKO-TAC75-BLK-HE-ASTROAIM-SW',
            'KB-AKKO-TAC75-BLK-HE-ASTROAIM-SW', 'KB-AKKO-TAC75-BLK-HE-ASTROAIM-SW',
            '{"Bảo hành": "12 tháng", "Kiểu": "Bàn phím cơ", "Kết nối": "Dây USB", "Kiểu kết nối": "Có dây", "Màu sắc": "Đen", "Màu sắc đèn LED": "RGB", "Chất liệu keycap": "Double Shot PBT", "Kiểu switch": "Akko AstroAim Magnetic Switch", "Kích thước": "333 x 141 x 33 mm", "Trọng lượng": "0.7 kg"}',
            'Đắm chìm vào thế giới của hiệu năng đỉnh cao và khả năng tùy biến không giới hạn với Bàn phím AKKO có dây TAC75 Black HE AstroAim Magnetic Switch. Đây không chỉ là một chiếc bàn phím, mà là một cỗ máy chiến thắng được chế tạo để đưa trải nghiệm gõ phím và chơi game của bạn lên một tầm cao mới.\n\nĐiểm nhấn nổi bật nhất chính là công nghệ **Switch Từ tính (Magnetic Switch) AstroAim** tiên tiến. Khác biệt hoàn toàn so với các switch cơ học truyền thống, switch từ tính sử dụng hiệu ứng Hall để phát hiện hành trình phím, mang lại những ưu điểm vượt trội:\n*   **Rapid Trigger**: Khả năng kích hoạt và ngừng kích hoạt cực kỳ nhanh chóng và chính xác. Từng mili giây đều được tính toán, cho phép các thao tác lặp lại siêu tốc, không độ trễ, biến mỗi cú nhấn là một lợi thế quyết định trong các tựa game đòi hỏi tốc độ cao.\n*   **Điểm kích hoạt có thể điều chỉnh (Adjustable Actuation Point)**: Tùy chỉnh độ sâu nhấn phím để kích hoạt từ 0.1mm đến 4.0mm. Cho dù bạn muốn cảm giác nhấn siêu nhạy bén chỉ với một cú chạm nhẹ hay một cú nhấn sâu hơn để tránh nhầm lẫn, AKKO TAC75 đều có thể đáp ứng hoàn hảo theo phong cách cá nhân của bạn.\n*   **Độ bền vượt trội**: Không có các tiếp điểm vật lý bị mài mòn, mang lại tuổi thọ lâu dài và hiệu suất ổn định theo thời gian.\n*   **Cảm giác gõ mượt mà**: Tận hưởng hành trình phím trơn tru, tuyến tính với phản hồi nhất quán.\n\nVới **layout TAC75** nhỏ gọn nhưng đầy đủ chức năng, bàn phím AKKO TAC75 tối ưu hóa không gian bàn làm việc mà vẫn giữ lại hàng phím chức năng (F-row) và cụm phím điều hướng độc lập, lý tưởng cho cả làm việc và chơi game. Thiết kế màu **đen (Black)** sang trọng, tinh tế dễ dàng hòa hợp với mọi không gian làm việc hoặc setup gaming. Kết nối **có dây (Wired)** đảm bảo độ ổn định tuyệt đối, không lo gián đoạn tín hiệu hay hết pin trong những khoảnh khắc quan trọng nhất.\n\nAKKO TAC75 Black HE AstroAim Magnetic Switch là sự lựa chọn hoàn hảo cho những game thủ chuyên nghiệp tìm kiếm lợi thế cạnh tranh, hay những người dùng yêu thích công nghệ muốn trải nghiệm cảm giác gõ phím đỉnh cao với khả năng tùy biến sâu rộng. Nâng tầm trải nghiệm của bạn ngay hôm nay!',
            12, 'https://cdn.hstatic.net/products/200000722513/imgi_52_tac75-he________rgb__1_5d706400a6cd4878b9a5db14c3bf6263.png', '2025-07-24T10:39:50+00:00',1);
        
INSERT INTO product_image (name, product_variant_id, image_url, is_main)
VALUES
    ('Ảnh 1', 180, 'https://cdn.hstatic.net/products/200000722513/imgi_52_tac75-he________rgb__1_5d706400a6cd4878b9a5db14c3bf6263.png', TRUE),
    ('Ảnh 2', 180, 'https://cdn.hstatic.net/products/200000722513/imgi_53_tac75-he__________1_9ce7edfc5bbc4555802e9c3894d067da.png', FALSE),
    ('Ảnh 3', 180, 'https://cdn.hstatic.net/products/200000722513/imgi_55_tac75-he__________1_1_9dc45fa4748f44348dd7ee957acc4829.png', FALSE),
    ('Ảnh 4', 180, 'https://cdn.hstatic.net/products/200000722513/imgi_56_tac75-he__________1_08226cfe12ee4fbc925a06ce22568cad.png', FALSE);
---
INSERT INTO product (name, seo_name, brand_id, specifications, description, created_by, image_url) 
    VALUES (
        'Bàn phím MadLions có dây MAD 68 HE Basic Magnetic Black (NO LED)', 'ban-phim-madlions-co-day-mad-68-he-basic-magnetic-black-no-led', 20,
        '{"Màu sắc": "Black", "Layout": "68%", "Chất liệu": "ABS", "Switch": "Magnetic Amber", "Keycap": "PBT", "Plate": "Aluminum", "Cấu trúc": "Shell", "Response Time": "0.02~3.5mm", "Lực nhấn": "0.02mm", "Polling rate": "8000Hz", "Độ trễ": "0.125ms", "Scan rate": "32K"}',
        'Màu sắcBlackLayout68%Chất liệuABSSwitchMagnetic AmberKeycapPBTPlateAluminumCấu trúcShellResponse Time0.02~3.5mmLực nhấn0.02mmPolling rate8000HzĐộ trễ0.125msScan rate32K',
        1, 'https://cdn.hstatic.net/products/200000722513/download_c7027d681654412489160d4389ce925b.png'
    );
INSERT INTO product_category (product_id, category_id) VALUES (181, 28);
INSERT INTO product_variant (
        product_id, name, seo_name, supplier_id, price, price_sale, quantity, sku, model, barcode, 
        specifications, description, warranty, image_url, release_at, created_by)
        VALUES ( 181, 'Bàn phím MadLions có dây MAD 68 HE Basic Magnetic Black (NO LED)', 'ban-phim-madlions-co-day-mad-68-he-basic-magnetic-black-no-led',
            1, 0, 765000, 10, 'KB-MADLIONS-MAD68-HE-BASIC-WIRED-BLK-NOLED',
            'KB-MADLIONS-MAD68-HE-BASIC-WIRED-BLK-NOLED', 'KB-MADLIONS-MAD68-HE-BASIC-WIRED-BLK-NOLED',
            '{"Màu sắc": "Black", "Layout": "68%", "Chất liệu": "ABS", "Switch": "Magnetic Amber", "Keycap": "PBT", "Plate": "Aluminum", "Cấu trúc": "Shell", "Response Time": "0.02~3.5mm", "Lực nhấn": "0.02mm", "Polling rate": "8000Hz", "Độ trễ": "0.125ms", "Scan rate": "32K"}',
            'Màu sắcBlackLayout68%Chất liệuABSSwitchMagnetic AmberKeycapPBTPlateAluminumCấu trúcShellResponse Time0.02~3.5mmLực nhấn0.02mmPolling rate8000HzĐộ trễ0.125msScan rate32K',
            12, 'https://cdn.hstatic.net/products/200000722513/download_c7027d681654412489160d4389ce925b.png', '2025-07-21T10:52:37+00:00',1);
        
INSERT INTO product_image (name, product_variant_id, image_url, is_main)
VALUES
    ('Ảnh 1', 181, 'https://cdn.hstatic.net/products/200000722513/download_c7027d681654412489160d4389ce925b.png', TRUE);
---
INSERT INTO product (name, seo_name, brand_id, specifications, description, created_by, image_url) 
    VALUES (
        'Bàn phím MadLions có dây MAD 68 PRO Magnetic Black', 'ban-phim-madlions-co-day-mad-68-pro-magnetic-black', 20,
        '{"Màu sắc": "Black", "Layout": "68%", "Chất liệu": "Aluminum", "Switch": "Magnetic Silver", "Keycap": "PBT-Side Print", "Plate": "Aluminum", "Cấu trúc": "Shell", "Response Time": "0.02~3.5mm", "Lực nhấn": "0.01mm", "Polling rate": "8000Hz", "Độ trễ": "0.1ms", "Scan rate": "128K"}',
        'Màu sắcBlackLayout68%Chất liệuAluminumSwitchMagnetic SilverKeycapPBT-Side PrintPlateAluminumCấu trúcShellResponse Time0.02~3.5mmLực nhấn0.01mmPolling rate8000HzĐộ trễ0.1msScan rate128K',
        1, 'https://cdn.hstatic.net/products/200000722513/imgi_50_image_-_2025-07-04t113041.536_01513259b25a4f47b86a9873f1d09615_d6b6dbe852134c4ba687a649012d45a3.png'
    );
INSERT INTO product_category (product_id, category_id) VALUES (182, 28);
INSERT INTO product_variant (
        product_id, name, seo_name, supplier_id, price, price_sale, quantity, sku, model, barcode, 
        specifications, description, warranty, image_url, release_at, created_by)
        VALUES ( 182, 'Bàn phím MadLions có dây MAD 68 PRO Magnetic Black', 'ban-phim-madlions-co-day-mad-68-pro-magnetic-black',
            1, 0, 1245000, 10, 'KB-MADLIONS-MAD68-PRO-WIRED-BLK',
            'KB-MADLIONS-MAD68-PRO-WIRED-BLK', 'KB-MADLIONS-MAD68-PRO-WIRED-BLK',
            '{"Màu sắc": "Black", "Layout": "68%", "Chất liệu": "Aluminum", "Switch": "Magnetic Silver", "Keycap": "PBT-Side Print", "Plate": "Aluminum", "Cấu trúc": "Shell", "Response Time": "0.02~3.5mm", "Lực nhấn": "0.01mm", "Polling rate": "8000Hz", "Độ trễ": "0.1ms", "Scan rate": "128K"}',
            'Màu sắcBlackLayout68%Chất liệuAluminumSwitchMagnetic SilverKeycapPBT-Side PrintPlateAluminumCấu trúcShellResponse Time0.02~3.5mmLực nhấn0.01mmPolling rate8000HzĐộ trễ0.1msScan rate128K',
            12, 'https://cdn.hstatic.net/products/200000722513/imgi_50_image_-_2025-07-04t113041.536_01513259b25a4f47b86a9873f1d09615_d6b6dbe852134c4ba687a649012d45a3.png', '2025-07-21T10:53:05+00:00',1);
        
INSERT INTO product_image (name, product_variant_id, image_url, is_main)
VALUES
    ('Ảnh 1', 182, 'https://cdn.hstatic.net/products/200000722513/imgi_50_image_-_2025-07-04t113041.536_01513259b25a4f47b86a9873f1d09615_d6b6dbe852134c4ba687a649012d45a3.png', TRUE);
---
INSERT INTO product (name, seo_name, brand_id, specifications, description, created_by, image_url) 
    VALUES (
        'Bàn phím MadLions có dây MAD 60 PRO Magnetic Black', 'ban-phim-madlions-co-day-mad-60-pro-magnetic-black', 20,
        '{"Màu sắc": "Black", "Layout": "60%", "Chất liệu": "Aluminum", "Switch": "Magnetic Silver", "Keycap": "PBT-Contour Side Print", "Plate": "Aluminum", "Cấu trúc": "Shell", "Response Time": "0.02~3.5mm", "Lực nhấn": "0.01mm", "Polling rate": "8000Hz", "Độ trễ": "0.1ms", "Scan rate": "128K"}',
        'Nâng tầm trải nghiệm chơi game và gõ phím của bạn với Bàn phím MadLions có dây MAD 60 PRO Magnetic Black – một kiệt tác công nghệ được thiết kế dành riêng cho những game thủ và người dùng chuyên nghiệp đòi hỏi sự chính xác tuyệt đối và hiệu suất không ngừng nghỉ.\n\nĐiểm nhấn làm nên sự khác biệt của MAD 60 PRO chính là **công nghệ switch từ tính (Magnetic Switches) đột phá**. Không còn giới hạn về điểm tiếp xúc vật lý, các switch này mang đến khả năng phản hồi cực nhanh, gần như tức thời, và độ bền vượt trội lên đến hàng trăm triệu lần nhấn. Bạn sẽ trải nghiệm tính năng **Rapid Trigger** (kích hoạt siêu tốc) giúp mỗi lần nhấn và nhả phím đều được ghi nhận một cách linh hoạt, cho phép thực hiện các thao tác di chuyển và hành động trong game với tốc độ không tưởng. Hơn thế nữa, khả năng **điều chỉnh điểm kích hoạt (actuation point)** cho phép bạn tinh chỉnh độ nhạy của từng phím theo phong cách chơi riêng, từ chạm nhẹ để lướt đi cho đến nhấn sâu để đảm bảo độ chắc chắn trong mỗi cú click.\n\nVới **thiết kế 60% nhỏ gọn**, MAD 60 PRO tối ưu hóa không gian bàn làm việc, mang lại nhiều diện tích hơn cho chuột, đặc biệt quan trọng trong những trận chiến game căng thẳng. Sự tối giản này không chỉ giúp bàn làm việc của bạn gọn gàng hơn mà còn tăng cường tính di động, dễ dàng mang theo đến mọi giải đấu.\n\n**Kết nối có dây ổn định và đáng tin cậy** đảm bảo không có độ trễ (input lag) dù là nhỏ nhất, giúp bạn luôn dẫn đầu trong mọi cuộc đối đầu. Lớp vỏ màu đen tuyền sang trọng và mạnh mẽ không chỉ tạo nên vẻ ngoài chuyên nghiệp mà còn phản ánh hiệu suất vượt trội bên trong, khẳng định đẳng cấp của người dùng.\n\nMadLions MAD 60 PRO Magnetic Black không chỉ là một chiếc bàn phím, mà là một vũ khí lợi hại, giúp bạn khai phá toàn bộ tiềm năng của mình, thống trị mọi đấu trường ảo với tốc độ, độ chính xác và khả năng kiểm soát chưa từng có. Hãy sẵn sàng cho một trải nghiệm chơi game đỉnh cao!',
        1, 'https://cdn.hstatic.net/products/200000722513/imgi_50_image_-_2025-07-04t110257.654_74afe373dec44af28bc74bc0140b6bdd_1b14d1c7cf7d489393da74e197e6a077.png'
    );
INSERT INTO product_category (product_id, category_id) VALUES (183, 28);
INSERT INTO product_variant (
        product_id, name, seo_name, supplier_id, price, price_sale, quantity, sku, model, barcode, 
        specifications, description, warranty, image_url, release_at, created_by)
        VALUES ( 183, 'Bàn phím MadLions có dây MAD 60 PRO Magnetic Black', 'ban-phim-madlions-co-day-mad-60-pro-magnetic-black',
            1, 0, 1130000, 10, 'KB-MADLIONS-MAD60-PRO-WIRED-BLK',
            'KB-MADLIONS-MAD60-PRO-WIRED-BLK', 'KB-MADLIONS-MAD60-PRO-WIRED-BLK',
            '{"Màu sắc": "Black", "Layout": "60%", "Chất liệu": "Aluminum", "Switch": "Magnetic Silver", "Keycap": "PBT-Contour Side Print", "Plate": "Aluminum", "Cấu trúc": "Shell", "Response Time": "0.02~3.5mm", "Lực nhấn": "0.01mm", "Polling rate": "8000Hz", "Độ trễ": "0.1ms", "Scan rate": "128K"}',
            'Nâng tầm trải nghiệm chơi game và gõ phím của bạn với Bàn phím MadLions có dây MAD 60 PRO Magnetic Black – một kiệt tác công nghệ được thiết kế dành riêng cho những game thủ và người dùng chuyên nghiệp đòi hỏi sự chính xác tuyệt đối và hiệu suất không ngừng nghỉ.\n\nĐiểm nhấn làm nên sự khác biệt của MAD 60 PRO chính là **công nghệ switch từ tính (Magnetic Switches) đột phá**. Không còn giới hạn về điểm tiếp xúc vật lý, các switch này mang đến khả năng phản hồi cực nhanh, gần như tức thời, và độ bền vượt trội lên đến hàng trăm triệu lần nhấn. Bạn sẽ trải nghiệm tính năng **Rapid Trigger** (kích hoạt siêu tốc) giúp mỗi lần nhấn và nhả phím đều được ghi nhận một cách linh hoạt, cho phép thực hiện các thao tác di chuyển và hành động trong game với tốc độ không tưởng. Hơn thế nữa, khả năng **điều chỉnh điểm kích hoạt (actuation point)** cho phép bạn tinh chỉnh độ nhạy của từng phím theo phong cách chơi riêng, từ chạm nhẹ để lướt đi cho đến nhấn sâu để đảm bảo độ chắc chắn trong mỗi cú click.\n\nVới **thiết kế 60% nhỏ gọn**, MAD 60 PRO tối ưu hóa không gian bàn làm việc, mang lại nhiều diện tích hơn cho chuột, đặc biệt quan trọng trong những trận chiến game căng thẳng. Sự tối giản này không chỉ giúp bàn làm việc của bạn gọn gàng hơn mà còn tăng cường tính di động, dễ dàng mang theo đến mọi giải đấu.\n\n**Kết nối có dây ổn định và đáng tin cậy** đảm bảo không có độ trễ (input lag) dù là nhỏ nhất, giúp bạn luôn dẫn đầu trong mọi cuộc đối đầu. Lớp vỏ màu đen tuyền sang trọng và mạnh mẽ không chỉ tạo nên vẻ ngoài chuyên nghiệp mà còn phản ánh hiệu suất vượt trội bên trong, khẳng định đẳng cấp của người dùng.\n\nMadLions MAD 60 PRO Magnetic Black không chỉ là một chiếc bàn phím, mà là một vũ khí lợi hại, giúp bạn khai phá toàn bộ tiềm năng của mình, thống trị mọi đấu trường ảo với tốc độ, độ chính xác và khả năng kiểm soát chưa từng có. Hãy sẵn sàng cho một trải nghiệm chơi game đỉnh cao!',
            12, 'https://cdn.hstatic.net/products/200000722513/imgi_50_image_-_2025-07-04t110257.654_74afe373dec44af28bc74bc0140b6bdd_1b14d1c7cf7d489393da74e197e6a077.png', '2025-07-21T10:52:01+00:00',1);
        
INSERT INTO product_image (name, product_variant_id, image_url, is_main)
VALUES
    ('Ảnh 1', 183, 'https://cdn.hstatic.net/products/200000722513/imgi_50_image_-_2025-07-04t110257.654_74afe373dec44af28bc74bc0140b6bdd_1b14d1c7cf7d489393da74e197e6a077.png', TRUE);
---
INSERT INTO product (name, seo_name, brand_id, specifications, description, created_by, image_url) 
    VALUES (
        'Bàn phím MadLions có dây MAD 60 HE Basic Magnetic Black', 'ban-phim-madlions-co-day-mad-60-he-basic-magnetic-black', 20,
        '{"Màu sắc": "Black", "Layout": "60%", "Chất liệu": "ABS", "Switch": "Magnetic Amber", "Keycap": "PBT", "Plate": "Aluminum", "Cấu trúc": "Shell", "Response Time": "0.02~3.5mm", "Lực nhấn": "0.02mm", "Polling rate": "8000Hz", "Độ trễ": "0.125ms", "Scan rate": "32K"}',
        'Màu sắcBlackLayout60%Chất liệuABSSwitchMagnetic AmberKeycapPBTPlateAluminumCấu trúcShellResponse Time0.02~3.5mmLực nhấn0.02mmPolling rate8000HzĐộ trễ0.125msScan rate32K',
        1, 'https://cdn.hstatic.net/products/200000722513/imgi_50_image_-_2025-07-04t110257.654_74afe373dec44af28bc74bc0140b6bdd_8a901c97f0aa46ffa643ef479d0af2bf.png'
    );
INSERT INTO product_category (product_id, category_id) VALUES (184, 28);
INSERT INTO product_variant (
        product_id, name, seo_name, supplier_id, price, price_sale, quantity, sku, model, barcode, 
        specifications, description, warranty, image_url, release_at, created_by)
        VALUES ( 184, 'Bàn phím MadLions có dây MAD 60 HE Basic Magnetic Black', 'ban-phim-madlions-co-day-mad-60-he-basic-magnetic-black',
            1, 0, 740000, 10, 'KB-MADLIONS-MAD60-HE-BASIC-WIRED-BLK',
            'KB-MADLIONS-MAD60-HE-BASIC-WIRED-BLK', 'KB-MADLIONS-MAD60-HE-BASIC-WIRED-BLK',
            '{"Màu sắc": "Black", "Layout": "60%", "Chất liệu": "ABS", "Switch": "Magnetic Amber", "Keycap": "PBT", "Plate": "Aluminum", "Cấu trúc": "Shell", "Response Time": "0.02~3.5mm", "Lực nhấn": "0.02mm", "Polling rate": "8000Hz", "Độ trễ": "0.125ms", "Scan rate": "32K"}',
            'Màu sắcBlackLayout60%Chất liệuABSSwitchMagnetic AmberKeycapPBTPlateAluminumCấu trúcShellResponse Time0.02~3.5mmLực nhấn0.02mmPolling rate8000HzĐộ trễ0.125msScan rate32K',
            12, 'https://cdn.hstatic.net/products/200000722513/imgi_50_image_-_2025-07-04t110257.654_74afe373dec44af28bc74bc0140b6bdd_8a901c97f0aa46ffa643ef479d0af2bf.png', '2025-07-21T10:51:29+00:00',1);
        
INSERT INTO product_image (name, product_variant_id, image_url, is_main)
VALUES
    ('Ảnh 1', 184, 'https://cdn.hstatic.net/products/200000722513/imgi_50_image_-_2025-07-04t110257.654_74afe373dec44af28bc74bc0140b6bdd_8a901c97f0aa46ffa643ef479d0af2bf.png', TRUE);
---
INSERT INTO product (name, seo_name, brand_id, specifications, description, created_by, image_url) 
    VALUES (
        'Bàn phím ASUS M605 ROG FALCHION ACE HFX', 'ban-phim-asus-m605-rog-falchion-ace-hfx', 3,
        '{"Loại bàn phím": "Bàn phím cơ", "Layout bàn phím": "65%", "Số phím bấm": "68 phím", "Chuẩn kết nối": "2x Wired USB-C", "Chất liệu bàn phím": "Khung phím Nhựa", "Switch bàn phím": "ROG HFX Magnetic Switches", "Keycaps bàn phím": "PBT Doubleshot", "Đèn nền": "LED RGB", "N-Key Rollover": "Có", "Polling Rate": "USB Report&nbsp;Lên đến 8000Hz", "Onboard Memory": "Có", "Tính năng bàn phím": "Rapid Trigger, Speed Tap, Gasket Mount, Foam Tiêu âm, Stabilizer", "Loại pin": "Pin", "Phụ kiện": "1x Cáp USB-A to C, 1x ROG Keycap Puller, 1x Phím Ctrl", "Phần mềm": "Armoury Crate", "Kích thước": "315 x 115 x 35 mm", "Trọng lượng": "643g", "Màu sắc": "Black", "Thời gian bảo hành": "24 tháng"}',
        'Nâng tầm trải nghiệm chơi game và gõ phím của bạn với Bàn phím ASUS M605 ROG FALCHION ACE HFX – kiệt tác công nghệ thu gọn trong một thiết kế 65% cực kỳ di động, nhưng ẩn chứa sức mạnh vượt trội. Được chế tác dành cho game thủ chuyên nghiệp và những ai yêu thích sự tối giản mà vẫn đòi hỏi hiệu suất đỉnh cao, Falchion Ace HFX mang đến sự kết hợp hoàn hảo giữa độ chính xác, tốc độ và tiện lợi.\n\nVới công nghệ kết nối không dây ROG SpeedNova™ siêu nhanh ở tần số 2.4 GHz, bạn sẽ tận hưởng trải nghiệm không độ trễ, như thể đang dùng bàn phím có dây, nhưng không bị vướng víu. Cảm giác gõ phím được nâng tầm nhờ các switch cơ học ROG NX độc quyền, có thể thay nóng (hot-swappable) mà không cần hàn, cho phép bạn tùy chỉnh cảm giác gõ theo ý muốn. Khung phím chắc chắn, keycaps PBT doubleshot bền bỉ đảm bảo tuổi thọ lâu dài và cảm giác chạm cao cấp.\n\nThiết kế nhỏ gọn 65% không chỉ giúp tiết kiệm không gian trên bàn làm việc mà còn tối ưu hóa tính di động, dễ dàng mang theo đến mọi giải đấu hay môi trường làm việc. Đừng quên dải đèn RGB Aura Sync rực rỡ, cho phép cá nhân hóa không gian chơi game của bạn với hàng triệu màu sắc và hiệu ứng ánh sáng đồng bộ. ASUS M605 ROG FALCHION ACE HFX không chỉ là một chiếc bàn phím, mà là một tuyên ngôn về phong cách và hiệu suất.',
        1, 'https://cdn.hstatic.net/products/200000722513/imgi_230_ban-phim-co-asus-m605-rog-falchion-ace-rog-hfx-sw-12_a4b9c7c4162d45c5a8af32a2ae3098dc.jpg'
    );
INSERT INTO product_category (product_id, category_id) VALUES (185, 28);
INSERT INTO product_variant (
        product_id, name, seo_name, supplier_id, price, price_sale, quantity, sku, model, barcode, 
        specifications, description, warranty, image_url, release_at, created_by)
        VALUES ( 185, 'Bàn phím ASUS M605 ROG FALCHION ACE HFX', 'ban-phim-asus-m605-rog-falchion-ace-hfx',
            1, 0, 4690000, 10, 'KB-ASUS-M605-ROG-FAL-ACE-HFX',
            'KB-ASUS-M605-ROG-FAL-ACE-HFX', 'KB-ASUS-M605-ROG-FAL-ACE-HFX',
            '{"Loại bàn phím": "Bàn phím cơ", "Layout bàn phím": "65%", "Số phím bấm": "68 phím", "Chuẩn kết nối": "2x Wired USB-C", "Chất liệu bàn phím": "Khung phím Nhựa", "Switch bàn phím": "ROG HFX Magnetic Switches", "Keycaps bàn phím": "PBT Doubleshot", "Đèn nền": "LED RGB", "N-Key Rollover": "Có", "Polling Rate": "USB Report&nbsp;Lên đến 8000Hz", "Onboard Memory": "Có", "Tính năng bàn phím": "Rapid Trigger, Speed Tap, Gasket Mount, Foam Tiêu âm, Stabilizer", "Loại pin": "Pin", "Phụ kiện": "1x Cáp USB-A to C, 1x ROG Keycap Puller, 1x Phím Ctrl", "Phần mềm": "Armoury Crate", "Kích thước": "315 x 115 x 35 mm", "Trọng lượng": "643g", "Màu sắc": "Black", "Thời gian bảo hành": "24 tháng"}',
            'Nâng tầm trải nghiệm chơi game và gõ phím của bạn với Bàn phím ASUS M605 ROG FALCHION ACE HFX – kiệt tác công nghệ thu gọn trong một thiết kế 65% cực kỳ di động, nhưng ẩn chứa sức mạnh vượt trội. Được chế tác dành cho game thủ chuyên nghiệp và những ai yêu thích sự tối giản mà vẫn đòi hỏi hiệu suất đỉnh cao, Falchion Ace HFX mang đến sự kết hợp hoàn hảo giữa độ chính xác, tốc độ và tiện lợi.\n\nVới công nghệ kết nối không dây ROG SpeedNova™ siêu nhanh ở tần số 2.4 GHz, bạn sẽ tận hưởng trải nghiệm không độ trễ, như thể đang dùng bàn phím có dây, nhưng không bị vướng víu. Cảm giác gõ phím được nâng tầm nhờ các switch cơ học ROG NX độc quyền, có thể thay nóng (hot-swappable) mà không cần hàn, cho phép bạn tùy chỉnh cảm giác gõ theo ý muốn. Khung phím chắc chắn, keycaps PBT doubleshot bền bỉ đảm bảo tuổi thọ lâu dài và cảm giác chạm cao cấp.\n\nThiết kế nhỏ gọn 65% không chỉ giúp tiết kiệm không gian trên bàn làm việc mà còn tối ưu hóa tính di động, dễ dàng mang theo đến mọi giải đấu hay môi trường làm việc. Đừng quên dải đèn RGB Aura Sync rực rỡ, cho phép cá nhân hóa không gian chơi game của bạn với hàng triệu màu sắc và hiệu ứng ánh sáng đồng bộ. ASUS M605 ROG FALCHION ACE HFX không chỉ là một chiếc bàn phím, mà là một tuyên ngôn về phong cách và hiệu suất.',
            24, 'https://cdn.hstatic.net/products/200000722513/imgi_230_ban-phim-co-asus-m605-rog-falchion-ace-rog-hfx-sw-12_a4b9c7c4162d45c5a8af32a2ae3098dc.jpg', '2025-07-23T04:04:34+00:00',1);
        
INSERT INTO product_image (name, product_variant_id, image_url, is_main)
VALUES
    ('Ảnh 1', 185, 'https://cdn.hstatic.net/products/200000722513/imgi_230_ban-phim-co-asus-m605-rog-falchion-ace-rog-hfx-sw-12_a4b9c7c4162d45c5a8af32a2ae3098dc.jpg', TRUE),
    ('Ảnh 2', 185, 'https://cdn.hstatic.net/products/200000722513/imgi_236_ban-phim-co-asus-m605-rog-falchion-ace-rog-hfx-sw-06_a26c5acdfd3245099a10c676113907b4.jpg', FALSE),
    ('Ảnh 3', 185, 'https://cdn.hstatic.net/products/200000722513/imgi_237_ban-phim-co-asus-m605-rog-falchion-ace-rog-hfx-sw-05_17778876acb449ebb1981483b7ae3d8a.jpg', FALSE),
    ('Ảnh 4', 185, 'https://cdn.hstatic.net/products/200000722513/imgi_241_ban-phim-co-asus-m605-rog-falchion-ace-rog-hfx-sw-01_8f70c8fd32f94235b0488a58d9d922a7.jpg', FALSE),
    ('Ảnh 5', 185, 'https://cdn.hstatic.net/products/200000722513/imgi_238_ban-phim-co-asus-m605-rog-falchion-ace-rog-hfx-sw-04_6319927b3c754ce2b8a67d10be9cfb9f.jpg', FALSE),
    ('Ảnh 6', 185, 'https://cdn.hstatic.net/products/200000722513/imgi_239_ban-phim-co-asus-m605-rog-falchion-ace-rog-hfx-sw-03_8b8afc64a54b460fb1e3d869f5f3ec47.jpg', FALSE),
    ('Ảnh 7', 185, 'https://cdn.hstatic.net/products/200000722513/imgi_232_ban-phim-co-asus-m605-rog-falchion-ace-rog-hfx-sw-10_577b3e21ffe04f25a5fad29ea8207546.jpg', FALSE),
    ('Ảnh 8', 185, 'https://cdn.hstatic.net/products/200000722513/imgi_240_ban-phim-co-asus-m605-rog-falchion-ace-rog-hfx-sw-02_d04cab6d91f148a0b1e102ea0e1df483.jpg', FALSE),
    ('Ảnh 9', 185, 'https://cdn.hstatic.net/products/200000722513/imgi_235_ban-phim-co-asus-m605-rog-falchion-ace-rog-hfx-sw-07_89eac8d780f14b8fb1f5a62fc324afc8.jpg', FALSE);
---
INSERT INTO product (name, seo_name, brand_id, specifications, description, created_by, image_url) 
    VALUES (
        'Bàn phím Leobog AMG65 TM (Trắng/Light feather switch) AMG6503', 'ban-phim-leobog-amg65-tm-trang-light-feather-switch-amg6503', 21,
        '{"Bàn phím Leobog AMG65 TM hỗ trợ 3 chế độ kết nối": "USB có dây,Bluetooth, vàWireless2.4GHz. Điều này giúp người dùng dễ dàng kết nối với nhiều thiết bị khác nhau nhưlaptop, máy tính bảng hayPC, mang lại sự tiện lợi tối đa khi sử dụng."}',
        'Bàn phím Leobog AMG65 TMlà một trong những lựa chọn hàng đầu cho game thủ và những người đam mê công nghệ với thiết kế thanh lịch và tính năng nổi bật. Được trang bị công nghệ tiên tiến, sản phẩm này không chỉ đáp ứng tốt nhu cầu chơi game mà còn phù hợp với nhu cầu làm việc văn phòng. Dưới đây là đánh giá chi tiết về chiếcbàn phím máy tínhnày.',
        1, 'https://cdn.hstatic.net/products/200000722513/download__12__b1e43d8acc014e13b3ce4e20fafa49b9.png'
    );
INSERT INTO product_category (product_id, category_id) VALUES (186, 28);
INSERT INTO product_variant (
        product_id, name, seo_name, supplier_id, price, price_sale, quantity, sku, model, barcode, 
        specifications, description, warranty, image_url, release_at, created_by)
        VALUES ( 186, 'Bàn phím Leobog AMG65 TM (Trắng/Light feather switch) AMG6503', 'ban-phim-leobog-amg65-tm-trang-light-feather-switch-amg6503',
            1, 2689000, 2090000, 10, 'KB-LEOBO-AMG65-TM-WHI-LIGHT-FEATHER-SW-AMG6503',
            'KB-LEOBO-AMG65-TM-WHI-LIGHT-FEATHER-SW-AMG6503', 'KB-LEOBO-AMG65-TM-WHI-LIGHT-FEATHER-SW-AMG6503',
            '{"Bàn phím Leobog AMG65 TM hỗ trợ 3 chế độ kết nối": "USB có dây,Bluetooth, vàWireless2.4GHz. Điều này giúp người dùng dễ dàng kết nối với nhiều thiết bị khác nhau nhưlaptop, máy tính bảng hayPC, mang lại sự tiện lợi tối đa khi sử dụng."}',
            'Bàn phím Leobog AMG65 TMlà một trong những lựa chọn hàng đầu cho game thủ và những người đam mê công nghệ với thiết kế thanh lịch và tính năng nổi bật. Được trang bị công nghệ tiên tiến, sản phẩm này không chỉ đáp ứng tốt nhu cầu chơi game mà còn phù hợp với nhu cầu làm việc văn phòng. Dưới đây là đánh giá chi tiết về chiếcbàn phím máy tínhnày.',
            24, 'https://cdn.hstatic.net/products/200000722513/download__12__b1e43d8acc014e13b3ce4e20fafa49b9.png', '2025-07-11T06:51:44+00:00',1);
        
INSERT INTO product_image (name, product_variant_id, image_url, is_main)
VALUES
    ('Ảnh 1', 186, 'https://cdn.hstatic.net/products/200000722513/download__12__b1e43d8acc014e13b3ce4e20fafa49b9.png', TRUE);
---
INSERT INTO product (name, seo_name, brand_id, specifications, description, created_by, image_url) 
    VALUES (
        'Bàn phím Leobog AMG65 TM (Tím đen/Light feather switch) AMG6504', 'ban-phim-leobog-amg65-tm-tim-den-light-feather-switch-amg6504', 21,
        '{}',
        'Bàn phím Leobog AMG65 TM (Tím đen/Light feather switch) AMG6504là một sản phẩm nổi bật trong dòngbàn phím gaming, được thiết kế đặc biệt để đáp ứng nhu cầu của các game thủ chuyên nghiệp cũng như người dùng văn phòng. Với các tính năng vượt trội và thiết kế chất lượng, sản phẩm hứa hẹn mang đến trải nghiệm tốt nhất cho người sử dụng. Cùng đánh giá chi tiết sản phẩm dưới đây!',
        1, 'https://cdn.hstatic.net/products/200000722513/download__11__6667f99c4bc74162bf50f24bdea0a925.png'
    );
INSERT INTO product_category (product_id, category_id) VALUES (187, 28);
INSERT INTO product_variant (
        product_id, name, seo_name, supplier_id, price, price_sale, quantity, sku, model, barcode, 
        specifications, description, warranty, image_url, release_at, created_by)
        VALUES ( 187, 'Bàn phím Leobog AMG65 TM (Tím đen/Light feather switch) AMG6504', 'ban-phim-leobog-amg65-tm-tim-den-light-feather-switch-amg6504',
            1, 2689000, 2090000, 10, 'KB-LEOBO-AMG65-TM-PUR-LIGHT-FEATHER-SW-AMG6504',
            'KB-LEOBO-AMG65-TM-PUR-LIGHT-FEATHER-SW-AMG6504', 'KB-LEOBO-AMG65-TM-PUR-LIGHT-FEATHER-SW-AMG6504',
            '{}',
            'Bàn phím Leobog AMG65 TM (Tím đen/Light feather switch) AMG6504là một sản phẩm nổi bật trong dòngbàn phím gaming, được thiết kế đặc biệt để đáp ứng nhu cầu của các game thủ chuyên nghiệp cũng như người dùng văn phòng. Với các tính năng vượt trội và thiết kế chất lượng, sản phẩm hứa hẹn mang đến trải nghiệm tốt nhất cho người sử dụng. Cùng đánh giá chi tiết sản phẩm dưới đây!',
            24, 'https://cdn.hstatic.net/products/200000722513/download__11__6667f99c4bc74162bf50f24bdea0a925.png', '2025-07-11T06:50:28+00:00',1);
        
INSERT INTO product_image (name, product_variant_id, image_url, is_main)
VALUES
    ('Ảnh 1', 187, 'https://cdn.hstatic.net/products/200000722513/download__11__6667f99c4bc74162bf50f24bdea0a925.png', TRUE);
---
INSERT INTO product (name, seo_name, brand_id, specifications, description, created_by, image_url) 
    VALUES (
        'Bàn phím Leobog Hi75C PRO TM (Xám+ đen gradient/ Reaper switch) HI7506', 'ban-phim-leobog-hi75c-pro-tm-xam-den-gradient-reaper-switch-hi7506', 21,
        '{"Bàn phím Leobog Hi75C PRO TM được trang bị công nghệ chuyển đổi 3 chế độ kết nối": "USB có dây, Bluetooth vàWireless2.4GHz. Điều này giúp người dùng dễ dàng chuyển đổi giữa các chế độ sử dụng, tạo sự linh hoạt và thuận tiện trong mọi tình huống."}',
        'Bàn phím Leobog Hi75C PRO TM (Xám+ đen gradient/ Reaper switch) HI7506là một sản phẩm nổi bật trong dòngbàn phím cơ gaming, được thiết kế để mang lại trải nghiệm chơi game tối ưu cho người dùng. Với thiết kế tinh tế và tính năng hiện đại, sản phẩm hứa hẹn sẽ đáp ứng được nhu cầu của cả game thủ chuyên nghiệp lẫn người dùng thông thường. Dưới đây là đánh giá chi tiết về sản phẩmbàn phím máy tínhnày.',
        1, 'https://cdn.hstatic.net/products/200000722513/download__14_-photoroom_53d499de218547b2ae4459954fe4fcb3.png'
    );
INSERT INTO product_category (product_id, category_id) VALUES (188, 28);
INSERT INTO product_variant (
        product_id, name, seo_name, supplier_id, price, price_sale, quantity, sku, model, barcode, 
        specifications, description, warranty, image_url, release_at, created_by)
        VALUES ( 188, 'Bàn phím Leobog Hi75C PRO TM (Xám+ đen gradient/ Reaper switch) HI7506', 'ban-phim-leobog-hi75c-pro-tm-xam-den-gradient-reaper-switch-hi7506',
            1, 2261000, 1650000, 10, 'KB-LEOBOG-HI75C-TM-GRAY-REAPER-SW-HI7506',
            'KB-LEOBOG-HI75C-TM-GRAY-REAPER-SW-HI7506', 'KB-LEOBOG-HI75C-TM-GRAY-REAPER-SW-HI7506',
            '{"Bàn phím Leobog Hi75C PRO TM được trang bị công nghệ chuyển đổi 3 chế độ kết nối": "USB có dây, Bluetooth vàWireless2.4GHz. Điều này giúp người dùng dễ dàng chuyển đổi giữa các chế độ sử dụng, tạo sự linh hoạt và thuận tiện trong mọi tình huống."}',
            'Bàn phím Leobog Hi75C PRO TM (Xám+ đen gradient/ Reaper switch) HI7506là một sản phẩm nổi bật trong dòngbàn phím cơ gaming, được thiết kế để mang lại trải nghiệm chơi game tối ưu cho người dùng. Với thiết kế tinh tế và tính năng hiện đại, sản phẩm hứa hẹn sẽ đáp ứng được nhu cầu của cả game thủ chuyên nghiệp lẫn người dùng thông thường. Dưới đây là đánh giá chi tiết về sản phẩmbàn phím máy tínhnày.',
            24, 'https://cdn.hstatic.net/products/200000722513/download__14_-photoroom_53d499de218547b2ae4459954fe4fcb3.png', '2025-07-11T06:56:34+00:00',1);
        
INSERT INTO product_image (name, product_variant_id, image_url, is_main)
VALUES
    ('Ảnh 1', 188, 'https://cdn.hstatic.net/products/200000722513/download__14_-photoroom_53d499de218547b2ae4459954fe4fcb3.png', TRUE);
---
INSERT INTO product (name, seo_name, brand_id, specifications, description, created_by, image_url) 
    VALUES (
        'Bàn phím Leobog Hi75C PRO TM (Misty green/ Ice Vein switch) HI7507', 'ban-phim-leobog-hi75c-pro-tm-misty-green-ice-vein-switch-hi7507', 21,
        '{"Leobog Hi75C PRO hỗ trợ 3 chế độ kết nối": "USB có dây, Bluetooth, vàWireless2.4GHz. Điều này giúp người dùng dễ dàng kết nối không dây với nhiều thiết bị khác nhau, từmáy tínhđếnlaptop, mang lại sự tiện lợi tối đa khi sử dụng."}',
        'Bàn phím Leobog Hi75C PRO TMlà một sản phẩm đáng chú ý trong phân khúcbàn phím cơ gamingnhờ vào sự kết hợp hoàn hảo giữa thiết kế bắt mắt và tính năng vượt trội. Đặc biệt, phiên bản Misty green với công tắc Ice Vein không chỉ mang lại trải nghiệm gõ phím tuyệt vời mà còn thể hiện gu thẩm mỹ tinh tế của người dùng. Hãy cùng khám phá những đặc điểm nổi bật của sản phẩmbàn phím máy tínhnày trong bài đánh giá chi tiết dưới đây.',
        1, 'https://cdn.hstatic.net/products/200000722513/download__13_-photoroom_d791d122909f4ed69146793375bc5ce5.png'
    );
INSERT INTO product_category (product_id, category_id) VALUES (189, 28);
INSERT INTO product_variant (
        product_id, name, seo_name, supplier_id, price, price_sale, quantity, sku, model, barcode, 
        specifications, description, warranty, image_url, release_at, created_by)
        VALUES ( 189, 'Bàn phím Leobog Hi75C PRO TM (Misty green/ Ice Vein switch) HI7507', 'ban-phim-leobog-hi75c-pro-tm-misty-green-ice-vein-switch-hi7507',
            1, 2261000, 1500000, 10, 'KB-LEOBOG-HI75C-TM-GREEN-ICEVEIN-SW-HI7507',
            'KB-LEOBOG-HI75C-TM-GREEN-ICEVEIN-SW-HI7507', 'KB-LEOBOG-HI75C-TM-GREEN-ICEVEIN-SW-HI7507',
            '{"Leobog Hi75C PRO hỗ trợ 3 chế độ kết nối": "USB có dây, Bluetooth, vàWireless2.4GHz. Điều này giúp người dùng dễ dàng kết nối không dây với nhiều thiết bị khác nhau, từmáy tínhđếnlaptop, mang lại sự tiện lợi tối đa khi sử dụng."}',
            'Bàn phím Leobog Hi75C PRO TMlà một sản phẩm đáng chú ý trong phân khúcbàn phím cơ gamingnhờ vào sự kết hợp hoàn hảo giữa thiết kế bắt mắt và tính năng vượt trội. Đặc biệt, phiên bản Misty green với công tắc Ice Vein không chỉ mang lại trải nghiệm gõ phím tuyệt vời mà còn thể hiện gu thẩm mỹ tinh tế của người dùng. Hãy cùng khám phá những đặc điểm nổi bật của sản phẩmbàn phím máy tínhnày trong bài đánh giá chi tiết dưới đây.',
            24, 'https://cdn.hstatic.net/products/200000722513/download__13_-photoroom_d791d122909f4ed69146793375bc5ce5.png', '2025-07-11T06:53:01+00:00',1);
        
INSERT INTO product_image (name, product_variant_id, image_url, is_main)
VALUES
    ('Ảnh 1', 189, 'https://cdn.hstatic.net/products/200000722513/download__13_-photoroom_d791d122909f4ed69146793375bc5ce5.png', TRUE);
---
INSERT INTO product (name, seo_name, brand_id, specifications, description, created_by, image_url) 
    VALUES (
        'Bàn phím Leobog AMG65 TM (Màu hồng + trắng + xanh dương/ Jadeite switch) AMG6505', 'ban-phim-leobog-amg65-tm-mau-hong-trang-xanh-duong-jadeite-switch-amg6505', 21,
        '{}',
        'Leobog, một thương hiệu bàn phím vô cùng thân thuộc với cộng động yêu thích bàn phím custom ngoài ra còn là những bộ kit bàn phím, switch hay keycap chất lượng. Và nay thương hiệu đến từ Trung Quốc đã xuất hiện tại thị trường Việt Nam với chiếc bàn phím được gia công từ chính dây chuyền sản xuất của mình. Sau đây, GEARVN sẽ cùng bạn đánh giá về chiếcbàn phím LeobogAMG65 TM.',
        1, 'https://cdn.hstatic.net/products/200000722513/download__10_-photoroom_487037ce86b64b7284b867eba197922c.png'
    );
INSERT INTO product_category (product_id, category_id) VALUES (190, 28);
INSERT INTO product_variant (
        product_id, name, seo_name, supplier_id, price, price_sale, quantity, sku, model, barcode, 
        specifications, description, warranty, image_url, release_at, created_by)
        VALUES ( 190, 'Bàn phím Leobog AMG65 TM (Màu hồng + trắng + xanh dương/ Jadeite switch) AMG6505', 'ban-phim-leobog-amg65-tm-mau-hong-trang-xanh-duong-jadeite-switch-amg6505',
            1, 2689000, 2090000, 10, 'KB-LEOBOG-HI86-TM-PINK-WHI-JADEITE-SW-AMG6505',
            'KB-LEOBOG-HI86-TM-PINK-WHI-JADEITE-SW-AMG6505', 'KB-LEOBOG-HI86-TM-PINK-WHI-JADEITE-SW-AMG6505',
            '{}',
            'Leobog, một thương hiệu bàn phím vô cùng thân thuộc với cộng động yêu thích bàn phím custom ngoài ra còn là những bộ kit bàn phím, switch hay keycap chất lượng. Và nay thương hiệu đến từ Trung Quốc đã xuất hiện tại thị trường Việt Nam với chiếc bàn phím được gia công từ chính dây chuyền sản xuất của mình. Sau đây, GEARVN sẽ cùng bạn đánh giá về chiếcbàn phím LeobogAMG65 TM.',
            24, 'https://cdn.hstatic.net/products/200000722513/download__10_-photoroom_487037ce86b64b7284b867eba197922c.png', '2025-07-11T06:49:17+00:00',1);
        
INSERT INTO product_image (name, product_variant_id, image_url, is_main)
VALUES
    ('Ảnh 1', 190, 'https://cdn.hstatic.net/products/200000722513/download__10_-photoroom_487037ce86b64b7284b867eba197922c.png', TRUE);
---
INSERT INTO product (name, seo_name, brand_id, specifications, description, created_by, image_url) 
    VALUES (
        'Bàn phím Leobog Hi86 TM (Đen Hồng/ Nimbus V3 switch) HI8604', 'ban-phim-leobog-hi86-tm-den-hong-nimbus-v3-switch-hi8604', 21,
        '{"- Bảo hành": "24 tháng", "- Kết nối": "3 mode có dây Type-C & không dây 2.4G & BT", "- Loại switch": "Star Vector switch", "Leobog Hi86 TM hỗ trợ cả 3 chế độ kết nối": "Bluetooth, USB-C có dây và chế độ 2.4GHz không dây. Điều này mang lại tính linh hoạt cao trong việc sử dụng, cho phép người dùng dễ dàng chuyển đổi giữa các thiết bị mà không gặp phải bất kỳ khó khăn nào."}',
        'Bàn phím Leobog Hi86 TM (Đen Hồng/ Nimbus V3 switch) HI8604là một trong những sản phẩmbàn phím cơnổi bật dành cho game thủ với thiết kế thời trang, hiệu suất cao và tính năng linh hoạt. Với nhiều cải tiến đáng chú ý, đây là lựa chọn lý tưởng cho cả game thủ và những ai yêu thích sự tiện dụng trong công việc hàng ngày. Dưới đây là đánh giá chi tiết về sản phẩm!',
        1, 'https://cdn.hstatic.net/products/200000722513/imgi_6_1_edb0eaf8b2994509bbee55e64ea275c0_master_6ae3de2997534ccdbcc58c017c118bf4.png'
    );
INSERT INTO product_category (product_id, category_id) VALUES (191, 28);
INSERT INTO product_variant (
        product_id, name, seo_name, supplier_id, price, price_sale, quantity, sku, model, barcode, 
        specifications, description, warranty, image_url, release_at, created_by)
        VALUES ( 191, 'Bàn phím Leobog Hi86 TM (Đen Hồng/ Nimbus V3 switch) HI8604', 'ban-phim-leobog-hi86-tm-den-hong-nimbus-v3-switch-hi8604',
            1, 2393000, 2242000, 10, 'KB-LEOBO-HI86-TM-PUR-NIMBUS-SW-HI8604',
            'KB-LEOBO-HI86-TM-PUR-NIMBUS-SW-HI8604', 'KB-LEOBO-HI86-TM-PUR-NIMBUS-SW-HI8604',
            '{"- Bảo hành": "24 tháng", "- Kết nối": "3 mode có dây Type-C & không dây 2.4G & BT", "- Loại switch": "Star Vector switch", "Leobog Hi86 TM hỗ trợ cả 3 chế độ kết nối": "Bluetooth, USB-C có dây và chế độ 2.4GHz không dây. Điều này mang lại tính linh hoạt cao trong việc sử dụng, cho phép người dùng dễ dàng chuyển đổi giữa các thiết bị mà không gặp phải bất kỳ khó khăn nào."}',
            'Bàn phím Leobog Hi86 TM (Đen Hồng/ Nimbus V3 switch) HI8604là một trong những sản phẩmbàn phím cơnổi bật dành cho game thủ với thiết kế thời trang, hiệu suất cao và tính năng linh hoạt. Với nhiều cải tiến đáng chú ý, đây là lựa chọn lý tưởng cho cả game thủ và những ai yêu thích sự tiện dụng trong công việc hàng ngày. Dưới đây là đánh giá chi tiết về sản phẩm!',
            24, 'https://cdn.hstatic.net/products/200000722513/imgi_6_1_edb0eaf8b2994509bbee55e64ea275c0_master_6ae3de2997534ccdbcc58c017c118bf4.png', '2025-07-11T06:34:46+00:00',1);
        
INSERT INTO product_image (name, product_variant_id, image_url, is_main)
VALUES
    ('Ảnh 1', 191, 'https://cdn.hstatic.net/products/200000722513/imgi_6_1_edb0eaf8b2994509bbee55e64ea275c0_master_6ae3de2997534ccdbcc58c017c118bf4.png', TRUE),
    ('Ảnh 2', 191, 'https://cdn.hstatic.net/products/200000722513/imgi_113_2_5c3dbbec9a0e40609eb032c22da9ac67_458a03763e8947f29d9ca08a12423aae.png', FALSE),
    ('Ảnh 3', 191, 'https://cdn.hstatic.net/products/200000722513/imgi_114_3_15f6bdb08e634727b24cc05b7447eae1_4313c2d21adf42c4aa38c18c5c83037f.png', FALSE),
    ('Ảnh 4', 191, 'https://cdn.hstatic.net/products/200000722513/imgi_115_4_c64059bd02bd4ec5a4cfb61654357fd7_11993ce3aa134672b19d038dfe507102.png', FALSE);
---
INSERT INTO product (name, seo_name, brand_id, specifications, description, created_by, image_url) 
    VALUES (
        'Bàn phím AULA F75 TM (Comic/ Reaper switch) F7521', 'ban-phim-aula-f75-tm-comic-reaper-switch-f7521', 22,
        '{}',
        'Là một trong những thương hiệu bàn phím cơ đang được rất nhiều các reviewer hay người dùng chú ý, AULA đang từng bước đi vào thị trường Việt Nam với những sản phẩm có thể gọi là “hack” điểm số P/P.&nbsp; Trong đó, chúng ta có thể đề cập đến cái tên AULA F75 hiện đang là một trong những lựa chọn hàng đầu cho game thủ và người dùng cơ bản. Vì đâu mà model này lại được chú ý đến vậy? Hãy cùngGEARVNcó cho mình đánh giá chi tiết ngay sau đây nhé !',
        1, 'https://cdn.hstatic.net/products/200000722513/download__9_-photoroom_bd77bbe4435846ce8accd6311d5867bb.png'
    );
INSERT INTO product_category (product_id, category_id) VALUES (192, 28);
INSERT INTO product_variant (
        product_id, name, seo_name, supplier_id, price, price_sale, quantity, sku, model, barcode, 
        specifications, description, warranty, image_url, release_at, created_by)
        VALUES ( 192, 'Bàn phím AULA F75 TM (Comic/ Reaper switch) F7521', 'ban-phim-aula-f75-tm-comic-reaper-switch-f7521',
            1, 1519000, 1290000, 10, 'KB-AULA-F75-TM-COMIC-REAPER-SW-F7521',
            'KB-AULA-F75-TM-COMIC-REAPER-SW-F7521', 'KB-AULA-F75-TM-COMIC-REAPER-SW-F7521',
            '{}',
            'Là một trong những thương hiệu bàn phím cơ đang được rất nhiều các reviewer hay người dùng chú ý, AULA đang từng bước đi vào thị trường Việt Nam với những sản phẩm có thể gọi là “hack” điểm số P/P.&nbsp; Trong đó, chúng ta có thể đề cập đến cái tên AULA F75 hiện đang là một trong những lựa chọn hàng đầu cho game thủ và người dùng cơ bản. Vì đâu mà model này lại được chú ý đến vậy? Hãy cùngGEARVNcó cho mình đánh giá chi tiết ngay sau đây nhé !',
            24, 'https://cdn.hstatic.net/products/200000722513/download__9_-photoroom_bd77bbe4435846ce8accd6311d5867bb.png', '2025-07-11T06:34:00+00:00',1);
        
INSERT INTO product_image (name, product_variant_id, image_url, is_main)
VALUES
    ('Ảnh 1', 192, 'https://cdn.hstatic.net/products/200000722513/download__9_-photoroom_bd77bbe4435846ce8accd6311d5867bb.png', TRUE);
---
INSERT INTO product (name, seo_name, brand_id, specifications, description, created_by, image_url) 
    VALUES (
        'Bàn phím E-Dra EK398PROv2 Black', 'kb-edra-ek398prov2-blk', 23,
        '{"- Bảo hành": "24 tháng", "- Giao diện": "3 chế độ kết nối (2.4Ghz, Bluetooth, Dây)", "- Số phím": "97 phím", "- Khoảng cách hoạt động": "10m", "- Cáp bàn phím": "USB Type-C dài 1.5m", "- Keycaps": "PBT", "- Antighosting": "full antishosting keys", "- Tương thích hệ điều hành": "Windows 98 / 2000 / ME / NT / XP / win 7,8,10", "- Màu sắc": "Case đen, keycap Đen-Xanh-Vàng", "- Switch": "Snow Leopard (Linear)", "- Kích thước": "404*141*37.5mm", "- Cân nặng": "870gr"}',
        '- Màn hình TFT điều chỉnh + Núm xoay',
        1, 'https://cdn.hstatic.net/products/200000722513/imgi_11_568_ek398prov2_1_022e04182a3d418faf3010fec9a6904e.jpg'
    );
INSERT INTO product_category (product_id, category_id) VALUES (193, 28);
INSERT INTO product_variant (
        product_id, name, seo_name, supplier_id, price, price_sale, quantity, sku, model, barcode, 
        specifications, description, warranty, image_url, release_at, created_by)
        VALUES ( 193, 'Bàn phím E-Dra EK398PROv2 Black', 'kb-edra-ek398prov2-blk',
            1, 0, 1290000, 10, 'KB-EDRA-EK398PROV2-BLK',
            'KB-EDRA-EK398PROV2-BLK', 'KB-EDRA-EK398PROV2-BLK',
            '{"- Bảo hành": "24 tháng", "- Giao diện": "3 chế độ kết nối (2.4Ghz, Bluetooth, Dây)", "- Số phím": "97 phím", "- Khoảng cách hoạt động": "10m", "- Cáp bàn phím": "USB Type-C dài 1.5m", "- Keycaps": "PBT", "- Antighosting": "full antishosting keys", "- Tương thích hệ điều hành": "Windows 98 / 2000 / ME / NT / XP / win 7,8,10", "- Màu sắc": "Case đen, keycap Đen-Xanh-Vàng", "- Switch": "Snow Leopard (Linear)", "- Kích thước": "404*141*37.5mm", "- Cân nặng": "870gr"}',
            '- Màn hình TFT điều chỉnh + Núm xoay',
            24, 'https://cdn.hstatic.net/products/200000722513/imgi_11_568_ek398prov2_1_022e04182a3d418faf3010fec9a6904e.jpg', '2025-07-09T09:50:00+00:00',1);
        
INSERT INTO product_image (name, product_variant_id, image_url, is_main)
VALUES
    ('Ảnh 1', 193, 'https://cdn.hstatic.net/products/200000722513/imgi_11_568_ek398prov2_1_022e04182a3d418faf3010fec9a6904e.jpg', TRUE),
    ('Ảnh 2', 193, 'https://cdn.hstatic.net/products/200000722513/imgi_14_568_ek398prov2_2_8beab050ab59473f95a86338f619282d.jpg', FALSE),
    ('Ảnh 3', 193, 'https://cdn.hstatic.net/products/200000722513/imgi_12_568_ek398prov2_4_2f3c115a70c84356b797a6d60cbcd699.jpg', FALSE),
    ('Ảnh 4', 193, 'https://cdn.hstatic.net/products/200000722513/imgi_25_568_ek398prov2_3_7ddd9b8c590746dc8949b49d256e5000.jpg', FALSE);
---
INSERT INTO product (name, seo_name, brand_id, specifications, description, created_by, image_url) 
    VALUES (
        'Bàn phím E-Dra EK375W (White + Black + Gray)', 'ban-phim-e-dra-ek375w-ek398w-white-black-gray', 23,
        '{"- Bảo hành": "24 tháng", "- Giao diện": "3 chế độ kết nối (2.4Ghz, Bluetooth, Dây)", "- Số phím": "97 phím", "- Khoảng cách hoạt động": "10m", "- Cáp bàn phím": "Dài 1.6m", "- Keycaps": "PBT", "- Antighosting": "full antishosting keys", "- Tương thích hệ điều hành": "Windows 98 / 2000 / ME / NT / XP / win 7,8,10", "- Màu sắc": "Case đen, keycap Đen-Trắng-Xanh", "- Switch": "Blueberry linear", "- Kích thước": "394*145*43mm", "- Cân nặng": "795+10g"}',
        'Bàn phím cơ E-Dra EK375W - Tuyệt tác hòa quyện giữa phong cách và hiệu năng. Với sự kết hợp tinh tế của ba tông màu trắng, đen và xám, EK375W không chỉ là một công cụ gõ phím mà còn là một điểm nhấn ấn tượng, nâng tầm thẩm mỹ cho không gian làm việc hay giải trí của bạn. Vẻ ngoài thanh lịch, hiện đại được chế tác tỉ mỉ, mang đến cảm giác cao cấp và tinh tế ngay từ cái nhìn đầu tiên.\n\nKhông chỉ dừng lại ở vẻ đẹp, E-Dra EK375W còn chinh phục người dùng bằng hiệu năng vượt trội và trải nghiệm gõ phím đỉnh cao. Được trang bị các switch cơ học chất lượng cao, mỗi lần nhấn phím đều mang lại phản hồi xúc giác rõ ràng và âm thanh êm ái, lý tưởng cho cả công việc nhập liệu tốc độ cao lẫn những trận game gay cấn. Công nghệ chống ghosting toàn bộ phím (N-key rollover) đảm bảo mọi lệnh đều được ghi nhận chính xác, không bỏ lỡ bất kỳ khoảnh khắc nào dù bạn thao tác nhanh đến đâu.\n\nTrải nghiệm người dùng được nâng tầm với khả năng kết nối đa dạng và linh hoạt. Bàn phím hỗ trợ cả kết nối không dây 2.4GHz tốc độ cao với độ trễ thấp, Bluetooth tiện lợi cho việc kết nối nhiều thiết bị cùng lúc và kết nối có dây USB-C ổn định, giúp bạn dễ dàng chuyển đổi giữa các chế độ tùy theo nhu cầu sử dụng. Keycap PBT cao cấp, chống bóng mờ và bền bỉ theo thời gian, mang lại cảm giác gõ chắc chắn, thoải mái và duy trì vẻ đẹp nguyên bản. Đèn nền LED tùy chỉnh với nhiều hiệu ứng động càng làm tăng thêm vẻ cuốn hút, tạo không gian làm việc đầy cảm hứng và cá tính.\n\nE-Dra EK375W (White + Black + Gray) không chỉ là một bàn phím, mà là một tuyên ngôn về phong cách và đẳng cấp, mang đến sự kết hợp hoàn hảo giữa thẩm mỹ, độ bền và hiệu suất, hứa hẹn sẽ làm hài lòng mọi người dùng khó tính nhất.',
        1, 'https://cdn.hstatic.net/products/200000722513/imgi_11_595_ek398w_black_white_gray_1__d0e11da1d5174027b13f243542cf29e6.jpg'
    );
INSERT INTO product_category (product_id, category_id) VALUES (194, 28);
INSERT INTO product_variant (
        product_id, name, seo_name, supplier_id, price, price_sale, quantity, sku, model, barcode, 
        specifications, description, warranty, image_url, release_at, created_by)
        VALUES ( 194, 'Bàn phím E-Dra EK375W (White + Black + Gray)', 'ban-phim-e-dra-ek375w-ek398w-white-black-gray',
            1, 0, 1090000, 10, 'KB-EDRA-EK375W-EK398W-WHI-BLK-GRAY',
            'KB-EDRA-EK375W-EK398W-WHI-BLK-GRAY', 'KB-EDRA-EK375W-EK398W-WHI-BLK-GRAY',
            '{"- Bảo hành": "24 tháng", "- Giao diện": "3 chế độ kết nối (2.4Ghz, Bluetooth, Dây)", "- Số phím": "97 phím", "- Khoảng cách hoạt động": "10m", "- Cáp bàn phím": "Dài 1.6m", "- Keycaps": "PBT", "- Antighosting": "full antishosting keys", "- Tương thích hệ điều hành": "Windows 98 / 2000 / ME / NT / XP / win 7,8,10", "- Màu sắc": "Case đen, keycap Đen-Trắng-Xanh", "- Switch": "Blueberry linear", "- Kích thước": "394*145*43mm", "- Cân nặng": "795+10g"}',
            'Bàn phím cơ E-Dra EK375W - Tuyệt tác hòa quyện giữa phong cách và hiệu năng. Với sự kết hợp tinh tế của ba tông màu trắng, đen và xám, EK375W không chỉ là một công cụ gõ phím mà còn là một điểm nhấn ấn tượng, nâng tầm thẩm mỹ cho không gian làm việc hay giải trí của bạn. Vẻ ngoài thanh lịch, hiện đại được chế tác tỉ mỉ, mang đến cảm giác cao cấp và tinh tế ngay từ cái nhìn đầu tiên.\n\nKhông chỉ dừng lại ở vẻ đẹp, E-Dra EK375W còn chinh phục người dùng bằng hiệu năng vượt trội và trải nghiệm gõ phím đỉnh cao. Được trang bị các switch cơ học chất lượng cao, mỗi lần nhấn phím đều mang lại phản hồi xúc giác rõ ràng và âm thanh êm ái, lý tưởng cho cả công việc nhập liệu tốc độ cao lẫn những trận game gay cấn. Công nghệ chống ghosting toàn bộ phím (N-key rollover) đảm bảo mọi lệnh đều được ghi nhận chính xác, không bỏ lỡ bất kỳ khoảnh khắc nào dù bạn thao tác nhanh đến đâu.\n\nTrải nghiệm người dùng được nâng tầm với khả năng kết nối đa dạng và linh hoạt. Bàn phím hỗ trợ cả kết nối không dây 2.4GHz tốc độ cao với độ trễ thấp, Bluetooth tiện lợi cho việc kết nối nhiều thiết bị cùng lúc và kết nối có dây USB-C ổn định, giúp bạn dễ dàng chuyển đổi giữa các chế độ tùy theo nhu cầu sử dụng. Keycap PBT cao cấp, chống bóng mờ và bền bỉ theo thời gian, mang lại cảm giác gõ chắc chắn, thoải mái và duy trì vẻ đẹp nguyên bản. Đèn nền LED tùy chỉnh với nhiều hiệu ứng động càng làm tăng thêm vẻ cuốn hút, tạo không gian làm việc đầy cảm hứng và cá tính.\n\nE-Dra EK375W (White + Black + Gray) không chỉ là một bàn phím, mà là một tuyên ngôn về phong cách và đẳng cấp, mang đến sự kết hợp hoàn hảo giữa thẩm mỹ, độ bền và hiệu suất, hứa hẹn sẽ làm hài lòng mọi người dùng khó tính nhất.',
            24, 'https://cdn.hstatic.net/products/200000722513/imgi_11_595_ek398w_black_white_gray_1__d0e11da1d5174027b13f243542cf29e6.jpg', '2025-07-03T09:44:39+00:00',1);
        
INSERT INTO product_image (name, product_variant_id, image_url, is_main)
VALUES
    ('Ảnh 1', 194, 'https://cdn.hstatic.net/products/200000722513/imgi_11_595_ek398w_black_white_gray_1__d0e11da1d5174027b13f243542cf29e6.jpg', TRUE),
    ('Ảnh 2', 194, 'https://cdn.hstatic.net/products/200000722513/imgi_12_595_ek398w_black_white_gray_2__9be48af9e9cf4f0db182bc54e7ed9fa4.jpg', FALSE),
    ('Ảnh 3', 194, 'https://cdn.hstatic.net/products/200000722513/imgi_33_595_ek398w_black_white_gray_3__cc971c44a489406b88301019af8cdf13.jpg', FALSE);
---
INSERT INTO product (name, seo_name, brand_id, specifications, description, created_by, image_url) 
    VALUES (
        'Bàn phím E-Dra EK375W White', 'ban-phim-e-dra-ek375w-white', 23,
        '{"- Bảo hành": "24 tháng", "- Giao diện": "USB + Bluetooth + 2.4Ghz- Cấu trúc Hotswap- Số lượng phím: 82 phím- Cáp bàn phím: Type-C dài 1.5m- Keycaps: PBT Doubleshot- Led RGB- Antighosting: full antishosting keys- Màu sắc: Case đen, keycap Đen-Xanh- Switch: EDRA Linear Custom Switch- Pin: 4000mAh- Kích thước: 335*145*44mm- Trọng lượng: 716g- Tương thích hệ điều hành: Windows 98 / 2000 / ME / NT / XP / win 7,8,10"}',
        'Nâng tầm không gian làm việc và giải trí của bạn với Bàn phím cơ không dây E-Dra EK375W White – sự hòa quyện tinh tế giữa thiết kế hiện đại, hiệu suất vượt trội và sự tiện lợi không giới hạn. Khoác lên mình sắc trắng thuần khiết, EK375W không chỉ là một công cụ, mà còn là một tuyên ngôn phong cách, dễ dàng làm bừng sáng mọi góc độ từ bàn làm việc tối giản đến trạm chiến đấu gaming đỉnh cao.\n\nTrải nghiệm sự tự do tuyệt đối với kết nối không dây đa chế độ: công nghệ 2.4GHz siêu tốc đảm bảo độ trễ gần như bằng 0 cho những pha gaming quyết định, trong khi Bluetooth tiện lợi cho phép ghép nối nhanh chóng với nhiều thiết bị. Không còn dây cáp rườm rà, không gian của bạn sẽ trở nên gọn gàng và thoáng đãng hơn bao giờ hết.\n\nDưới lớp vỏ thanh lịch là trái tim cơ học mạnh mẽ. E-Dra EK375W White mang đến cảm giác gõ phím tuyệt vời với các switch cơ chất lượng cao, phản hồi nhanh nhạy và độ bền vượt trội. Đặc biệt, tính năng Hot-Swappable 5 pin cho phép bạn dễ dàng thay đổi loại switch mà không cần hàn, mở ra cánh cửa cá nhân hóa vô tận để tìm kiếm cảm giác gõ hoàn hảo của riêng mình. Mỗi phím nhấn là một trải nghiệm êm ái, chính xác, lý tưởng cho cả việc soạn thảo văn bản dài hay những trận game gay cấn.\n\nKhông chỉ vậy, hệ thống đèn nền RGB rực rỡ với nhiều hiệu ứng ánh sáng động sẽ biến bàn phím của bạn thành một bữa tiệc thị giác đầy màu sắc, có thể tùy chỉnh để phù hợp với tâm trạng hoặc phong cách cá nhân. Với pin dung lượng lớn đảm bảo thời gian sử dụng lâu dài và khả năng tương thích rộng rãi, Bàn phím cơ không dây E-Dra EK375W White chính là lựa chọn hoàn hảo cho những ai tìm kiếm một thiết bị đẳng cấp, bền bỉ, linh hoạt và đầy cá tính.',
        1, 'https://cdn.hstatic.net/products/200000722513/imgi_19_572_ek375w_2-photoroom_d6bd5548284b4ddf896b578316264d43.png'
    );
INSERT INTO product_category (product_id, category_id) VALUES (195, 28);
INSERT INTO product_variant (
        product_id, name, seo_name, supplier_id, price, price_sale, quantity, sku, model, barcode, 
        specifications, description, warranty, image_url, release_at, created_by)
        VALUES ( 195, 'Bàn phím E-Dra EK375W White', 'ban-phim-e-dra-ek375w-white',
            1, 0, 990000, 10, 'KB-EDRA-EK375W-WHI',
            'KB-EDRA-EK375W-WHI', 'KB-EDRA-EK375W-WHI',
            '{"- Bảo hành": "24 tháng", "- Giao diện": "USB + Bluetooth + 2.4Ghz- Cấu trúc Hotswap- Số lượng phím: 82 phím- Cáp bàn phím: Type-C dài 1.5m- Keycaps: PBT Doubleshot- Led RGB- Antighosting: full antishosting keys- Màu sắc: Case đen, keycap Đen-Xanh- Switch: EDRA Linear Custom Switch- Pin: 4000mAh- Kích thước: 335*145*44mm- Trọng lượng: 716g- Tương thích hệ điều hành: Windows 98 / 2000 / ME / NT / XP / win 7,8,10"}',
            'Nâng tầm không gian làm việc và giải trí của bạn với Bàn phím cơ không dây E-Dra EK375W White – sự hòa quyện tinh tế giữa thiết kế hiện đại, hiệu suất vượt trội và sự tiện lợi không giới hạn. Khoác lên mình sắc trắng thuần khiết, EK375W không chỉ là một công cụ, mà còn là một tuyên ngôn phong cách, dễ dàng làm bừng sáng mọi góc độ từ bàn làm việc tối giản đến trạm chiến đấu gaming đỉnh cao.\n\nTrải nghiệm sự tự do tuyệt đối với kết nối không dây đa chế độ: công nghệ 2.4GHz siêu tốc đảm bảo độ trễ gần như bằng 0 cho những pha gaming quyết định, trong khi Bluetooth tiện lợi cho phép ghép nối nhanh chóng với nhiều thiết bị. Không còn dây cáp rườm rà, không gian của bạn sẽ trở nên gọn gàng và thoáng đãng hơn bao giờ hết.\n\nDưới lớp vỏ thanh lịch là trái tim cơ học mạnh mẽ. E-Dra EK375W White mang đến cảm giác gõ phím tuyệt vời với các switch cơ chất lượng cao, phản hồi nhanh nhạy và độ bền vượt trội. Đặc biệt, tính năng Hot-Swappable 5 pin cho phép bạn dễ dàng thay đổi loại switch mà không cần hàn, mở ra cánh cửa cá nhân hóa vô tận để tìm kiếm cảm giác gõ hoàn hảo của riêng mình. Mỗi phím nhấn là một trải nghiệm êm ái, chính xác, lý tưởng cho cả việc soạn thảo văn bản dài hay những trận game gay cấn.\n\nKhông chỉ vậy, hệ thống đèn nền RGB rực rỡ với nhiều hiệu ứng ánh sáng động sẽ biến bàn phím của bạn thành một bữa tiệc thị giác đầy màu sắc, có thể tùy chỉnh để phù hợp với tâm trạng hoặc phong cách cá nhân. Với pin dung lượng lớn đảm bảo thời gian sử dụng lâu dài và khả năng tương thích rộng rãi, Bàn phím cơ không dây E-Dra EK375W White chính là lựa chọn hoàn hảo cho những ai tìm kiếm một thiết bị đẳng cấp, bền bỉ, linh hoạt và đầy cá tính.',
            24, 'https://cdn.hstatic.net/products/200000722513/imgi_19_572_ek375w_2-photoroom_d6bd5548284b4ddf896b578316264d43.png', '2025-07-03T09:39:55+00:00',1);
        
INSERT INTO product_image (name, product_variant_id, image_url, is_main)
VALUES
    ('Ảnh 1', 195, 'https://cdn.hstatic.net/products/200000722513/imgi_19_572_ek375w_2-photoroom_d6bd5548284b4ddf896b578316264d43.png', TRUE),
    ('Ảnh 2', 195, 'https://cdn.hstatic.net/products/200000722513/imgi_16_572_ek375w_5_1c967c3bece742b180cf6cd95edd2ca9.jpg', FALSE),
    ('Ảnh 3', 195, 'https://cdn.hstatic.net/products/200000722513/imgi_17_572_ek375w_4_f35d3dbc88064bf1a69a45cb02f5fe22.jpg', FALSE),
    ('Ảnh 4', 195, 'https://cdn.hstatic.net/products/200000722513/imgi_18_572_ek375w_3_eefdcd6d3c9341e7bdff96711f5dc079.jpg', FALSE),
    ('Ảnh 5', 195, 'https://cdn.hstatic.net/products/200000722513/imgi_20_572_ek375w_1_d44012de1117434cb012b474bfb7b350.jpg', FALSE);
---
INSERT INTO product (name, seo_name, brand_id, specifications, description, created_by, image_url) 
    VALUES (
        'Bàn phím E-Dra EK375W (White + Black + Green)', 'ban-phim-e-dra-ek375w-ek398w-white-black-green', 23,
        '{"- Bảo hành": "24 tháng", "- Giao diện": "3 chế độ kết nối (2.4Ghz, Bluetooth, Dây)", "- Số phím": "97 phím", "- Khoảng cách hoạt động": "10m", "- Cáp bàn phím": "Dài 1.6m", "- Keycaps": "PBT", "- Antighosting": "full antishosting keys", "- Tương thích hệ điều hành": "Windows 98 / 2000 / ME / NT / XP / win 7,8,10", "- Màu sắc": "Case đen, keycap Đen-Trắng-Xanh", "- Switch": "Blueberry linear", "- Kích thước": "394*145*43mm", "- Cân nặng": "795+10g"}',
        'Nâng tầm không gian làm việc và giải trí của bạn với Bàn phím cơ không dây E-Dra EK375W – một sự kết hợp hoàn hảo giữa phong cách độc đáo, hiệu suất vượt trội và trải nghiệm gõ phím đỉnh cao. Thu hút mọi ánh nhìn với phối màu Trắng – Đen – Xanh lá cá tính, EK375W không chỉ là công cụ mà còn là một tuyên ngôn phong cách trên bàn làm việc của bạn. Thiết kế layout 75% tối ưu giúp tiết kiệm không gian mà vẫn giữ đầy đủ các phím chức năng quan trọng. E-Dra EK375W mang đến sự linh hoạt tuyệt đối với khả năng kết nối ba chế độ (Triple-mode): USB Type-C, Bluetooth 5.0 và Wireless 2.4GHz. Dễ dàng chuyển đổi giữa PC, laptop, tablet hay smartphone chỉ với một nút bấm, đảm bảo trải nghiệm liền mạch không gián đoạn. Trải nghiệm gõ phím đỉnh cao với các switch cơ học chất lượng, cung cấp phản hồi xúc giác rõ ràng hoặc mượt mà tùy chọn, được tối ưu cho cả các trận game căng thẳng và công việc nhập liệu tốc độ cao. Đặc biệt, tính năng hot-swap 5-pin cho phép bạn dễ dàng tùy biến switch theo sở thích mà không cần hàn. Bộ keycap PBT Double-shot bền bỉ, chống bóng mờ theo thời gian, không chỉ đẹp mắt mà còn mang lại cảm giác gõ chắc chắn và cao cấp. Hệ thống đèn nền RGB rực rỡ với nhiều hiệu ứng chiếu sáng có thể tùy chỉnh, cho phép bạn tạo ra không gian cá nhân hóa và làm nổi bật setup của mình. Dù bạn là một game thủ tìm kiếm sự nhạy bén, một nhà sáng tạo đòi hỏi sự chính xác hay đơn giản là người yêu thích vẻ đẹp công nghệ, Bàn phím E-Dra EK375W (Trắng + Đen + Xanh lá) chính là lựa chọn hoàn hảo, hứa hẹn mang đến trải nghiệm gõ phím không chỉ hiệu quả mà còn đầy cảm hứng mỗi ngày.',
        1, 'https://cdn.hstatic.net/products/200000722513/imgi_3_594_ek398w_black_white_green_1__fd6be6580b244eb38d0ad895cc97d764.jpg'
    );
INSERT INTO product_category (product_id, category_id) VALUES (196, 28);
INSERT INTO product_variant (
        product_id, name, seo_name, supplier_id, price, price_sale, quantity, sku, model, barcode, 
        specifications, description, warranty, image_url, release_at, created_by)
        VALUES ( 196, 'Bàn phím E-Dra EK375W (White + Black + Green)', 'ban-phim-e-dra-ek375w-ek398w-white-black-green',
            1, 0, 1090000, 10, 'KB-EDRA-EK375W-EK398W-WHI-BLK-GREEN',
            'KB-EDRA-EK375W-EK398W-WHI-BLK-GREEN', 'KB-EDRA-EK375W-EK398W-WHI-BLK-GREEN',
            '{"- Bảo hành": "24 tháng", "- Giao diện": "3 chế độ kết nối (2.4Ghz, Bluetooth, Dây)", "- Số phím": "97 phím", "- Khoảng cách hoạt động": "10m", "- Cáp bàn phím": "Dài 1.6m", "- Keycaps": "PBT", "- Antighosting": "full antishosting keys", "- Tương thích hệ điều hành": "Windows 98 / 2000 / ME / NT / XP / win 7,8,10", "- Màu sắc": "Case đen, keycap Đen-Trắng-Xanh", "- Switch": "Blueberry linear", "- Kích thước": "394*145*43mm", "- Cân nặng": "795+10g"}',
            'Nâng tầm không gian làm việc và giải trí của bạn với Bàn phím cơ không dây E-Dra EK375W – một sự kết hợp hoàn hảo giữa phong cách độc đáo, hiệu suất vượt trội và trải nghiệm gõ phím đỉnh cao. Thu hút mọi ánh nhìn với phối màu Trắng – Đen – Xanh lá cá tính, EK375W không chỉ là công cụ mà còn là một tuyên ngôn phong cách trên bàn làm việc của bạn. Thiết kế layout 75% tối ưu giúp tiết kiệm không gian mà vẫn giữ đầy đủ các phím chức năng quan trọng. E-Dra EK375W mang đến sự linh hoạt tuyệt đối với khả năng kết nối ba chế độ (Triple-mode): USB Type-C, Bluetooth 5.0 và Wireless 2.4GHz. Dễ dàng chuyển đổi giữa PC, laptop, tablet hay smartphone chỉ với một nút bấm, đảm bảo trải nghiệm liền mạch không gián đoạn. Trải nghiệm gõ phím đỉnh cao với các switch cơ học chất lượng, cung cấp phản hồi xúc giác rõ ràng hoặc mượt mà tùy chọn, được tối ưu cho cả các trận game căng thẳng và công việc nhập liệu tốc độ cao. Đặc biệt, tính năng hot-swap 5-pin cho phép bạn dễ dàng tùy biến switch theo sở thích mà không cần hàn. Bộ keycap PBT Double-shot bền bỉ, chống bóng mờ theo thời gian, không chỉ đẹp mắt mà còn mang lại cảm giác gõ chắc chắn và cao cấp. Hệ thống đèn nền RGB rực rỡ với nhiều hiệu ứng chiếu sáng có thể tùy chỉnh, cho phép bạn tạo ra không gian cá nhân hóa và làm nổi bật setup của mình. Dù bạn là một game thủ tìm kiếm sự nhạy bén, một nhà sáng tạo đòi hỏi sự chính xác hay đơn giản là người yêu thích vẻ đẹp công nghệ, Bàn phím E-Dra EK375W (Trắng + Đen + Xanh lá) chính là lựa chọn hoàn hảo, hứa hẹn mang đến trải nghiệm gõ phím không chỉ hiệu quả mà còn đầy cảm hứng mỗi ngày.',
            24, 'https://cdn.hstatic.net/products/200000722513/imgi_3_594_ek398w_black_white_green_1__fd6be6580b244eb38d0ad895cc97d764.jpg', '2025-07-03T09:44:25+00:00',1);
        
INSERT INTO product_image (name, product_variant_id, image_url, is_main)
VALUES
    ('Ảnh 1', 196, 'https://cdn.hstatic.net/products/200000722513/imgi_3_594_ek398w_black_white_green_1__fd6be6580b244eb38d0ad895cc97d764.jpg', TRUE),
    ('Ảnh 2', 196, 'https://cdn.hstatic.net/products/200000722513/imgi_4_594_ek398w_black_white_green_2__dde190ec385e4b9d866063b9639adf39.jpg', FALSE),
    ('Ảnh 3', 196, 'https://cdn.hstatic.net/products/200000722513/imgi_5_594_ek398w_black_white_green_3__0615ca36e10c4f0fa5d40583d25f2b96.jpg', FALSE);
---
INSERT INTO product (name, seo_name, brand_id, specifications, description, created_by, image_url) 
    VALUES (
        'Bàn phím E-Dra EK375W Black', 'ban-phim-e-dra-ek375w-black', 23,
        '{"- Bảo hành": "24 tháng", "- Giao diện": "USB + Bluetooth + 2.4Ghz- Cấu trúc Hotswap- Số lượng phím: 82 phím- Cáp bàn phím: Type-C dài 1.5m- Keycaps: PBT Doubleshot- Led RGB- Antighosting: full antishosting keys- Màu sắc: Case đen, keycap Đen-Xanh- Switch: EDRA Linear Custom Switch- Pin: 4000mAh- Kích thước: 335*145*44mm- Trọng lượng: 716g- Tương thích hệ điều hành: Windows 98 / 2000 / ME / NT / XP / win 7,8,10"}',
        'Bàn phím cơ E-Dra EK375W Black là sự kết hợp hoàn hảo giữa thiết kế tinh tế, hiệu năng mạnh mẽ và tính linh hoạt vượt trội, mang đến trải nghiệm gõ phím đẳng cấp cho mọi đối tượng người dùng. Với layout 75% nhỏ gọn, chiếc bàn phím này không chỉ tối ưu không gian làm việc mà còn dễ dàng mang theo, trở thành người bạn đồng hành lý tưởng cho cả công việc và giải trí.\n\nKhoác lên mình tông màu đen tuyền lịch lãm, EK375W Black toát lên vẻ chuyên nghiệp và hiện đại, dễ dàng hòa nhập với mọi thiết lập gaming hay văn phòng. Trái tim của bàn phím là các switch cơ học chất lượng cao, mang lại cảm giác gõ đầm tay, phản hồi xúc giác rõ ràng và âm thanh gõ đặc trưng mà dân mê phím cơ yêu thích. Dù bạn là game thủ cần tốc độ phản hồi nhanh nhạy hay nhân viên văn phòng cần sự thoải mái khi gõ lâu, EK375W đều đáp ứng xuất sắc.\n\nĐiểm nhấn đặc biệt của E-Dra EK375W Black nằm ở khả năng kết nối đa dạng và tiện lợi. Bạn có thể dễ dàng chuyển đổi giữa ba chế độ: không dây 2.4GHz siêu tốc với độ trễ cực thấp qua USB Receiver, kết nối Bluetooth ổn định và linh hoạt với nhiều thiết bị (máy tính bảng, điện thoại, laptop) hoặc kết nối có dây USB Type-C đáng tin cậy, đảm bảo không bao giờ bị gián đoạn.\n\nKeycap được làm từ chất liệu bền bỉ, chống mài mòn, đảm bảo độ bền cao và giữ cho các ký tự luôn rõ nét theo thời gian. Hệ thống đèn nền sống động không chỉ tạo điểm nhấn thẩm mỹ mà còn hỗ trợ người dùng thao tác dễ dàng trong điều kiện thiếu sáng.\n\nVới E-Dra EK375W Black, bạn không chỉ sở hữu một công cụ gõ phím mà còn là một trợ thủ đắc lực, nâng cao hiệu suất làm việc và thăng hoa cảm xúc trong mọi trận game.',
        1, 'https://cdn.hstatic.net/products/200000722513/imgi_11_571_ek375w_11_3fcee21462914d6296858d427f27d0be.jpg'
    );
INSERT INTO product_category (product_id, category_id) VALUES (197, 28);
INSERT INTO product_variant (
        product_id, name, seo_name, supplier_id, price, price_sale, quantity, sku, model, barcode, 
        specifications, description, warranty, image_url, release_at, created_by)
        VALUES ( 197, 'Bàn phím E-Dra EK375W Black', 'ban-phim-e-dra-ek375w-black',
            1, 0, 990000, 10, 'KB-EDRA-EK375W-BLK',
            'KB-EDRA-EK375W-BLK', 'KB-EDRA-EK375W-BLK',
            '{"- Bảo hành": "24 tháng", "- Giao diện": "USB + Bluetooth + 2.4Ghz- Cấu trúc Hotswap- Số lượng phím: 82 phím- Cáp bàn phím: Type-C dài 1.5m- Keycaps: PBT Doubleshot- Led RGB- Antighosting: full antishosting keys- Màu sắc: Case đen, keycap Đen-Xanh- Switch: EDRA Linear Custom Switch- Pin: 4000mAh- Kích thước: 335*145*44mm- Trọng lượng: 716g- Tương thích hệ điều hành: Windows 98 / 2000 / ME / NT / XP / win 7,8,10"}',
            'Bàn phím cơ E-Dra EK375W Black là sự kết hợp hoàn hảo giữa thiết kế tinh tế, hiệu năng mạnh mẽ và tính linh hoạt vượt trội, mang đến trải nghiệm gõ phím đẳng cấp cho mọi đối tượng người dùng. Với layout 75% nhỏ gọn, chiếc bàn phím này không chỉ tối ưu không gian làm việc mà còn dễ dàng mang theo, trở thành người bạn đồng hành lý tưởng cho cả công việc và giải trí.\n\nKhoác lên mình tông màu đen tuyền lịch lãm, EK375W Black toát lên vẻ chuyên nghiệp và hiện đại, dễ dàng hòa nhập với mọi thiết lập gaming hay văn phòng. Trái tim của bàn phím là các switch cơ học chất lượng cao, mang lại cảm giác gõ đầm tay, phản hồi xúc giác rõ ràng và âm thanh gõ đặc trưng mà dân mê phím cơ yêu thích. Dù bạn là game thủ cần tốc độ phản hồi nhanh nhạy hay nhân viên văn phòng cần sự thoải mái khi gõ lâu, EK375W đều đáp ứng xuất sắc.\n\nĐiểm nhấn đặc biệt của E-Dra EK375W Black nằm ở khả năng kết nối đa dạng và tiện lợi. Bạn có thể dễ dàng chuyển đổi giữa ba chế độ: không dây 2.4GHz siêu tốc với độ trễ cực thấp qua USB Receiver, kết nối Bluetooth ổn định và linh hoạt với nhiều thiết bị (máy tính bảng, điện thoại, laptop) hoặc kết nối có dây USB Type-C đáng tin cậy, đảm bảo không bao giờ bị gián đoạn.\n\nKeycap được làm từ chất liệu bền bỉ, chống mài mòn, đảm bảo độ bền cao và giữ cho các ký tự luôn rõ nét theo thời gian. Hệ thống đèn nền sống động không chỉ tạo điểm nhấn thẩm mỹ mà còn hỗ trợ người dùng thao tác dễ dàng trong điều kiện thiếu sáng.\n\nVới E-Dra EK375W Black, bạn không chỉ sở hữu một công cụ gõ phím mà còn là một trợ thủ đắc lực, nâng cao hiệu suất làm việc và thăng hoa cảm xúc trong mọi trận game.',
            24, 'https://cdn.hstatic.net/products/200000722513/imgi_11_571_ek375w_11_3fcee21462914d6296858d427f27d0be.jpg', '2025-07-03T09:37:59+00:00',1);
        
INSERT INTO product_image (name, product_variant_id, image_url, is_main)
VALUES
    ('Ảnh 1', 197, 'https://cdn.hstatic.net/products/200000722513/imgi_11_571_ek375w_11_3fcee21462914d6296858d427f27d0be.jpg', TRUE),
    ('Ảnh 2', 197, 'https://cdn.hstatic.net/products/200000722513/imgi_38_571_ek375w_10_7e20d09ef78f4e8ca409243bd930a9d4.jpg', FALSE),
    ('Ảnh 3', 197, 'https://cdn.hstatic.net/products/200000722513/imgi_39_571_ek375w_9_274be58b9f18422cbc1b2db814a09017.jpg', FALSE),
    ('Ảnh 4', 197, 'https://cdn.hstatic.net/products/200000722513/imgi_40_571_ek375w_8_efe31a45c6784d929a9ba111329ce924.jpg', FALSE),
    ('Ảnh 5', 197, 'https://cdn.hstatic.net/products/200000722513/imgi_41_571_ek375w_7_308ebcd1cbc4438789e86eeb9246763d.jpg', FALSE);
---
INSERT INTO product (name, seo_name, brand_id, specifications, description, created_by, image_url) 
    VALUES (
        'Bàn phím AULA WIN60HE MAX có dây (Đen + xám + vàng/ Wing Chun Magnetic switch - Rapid trigger) WIN60HE05', 'ban-phim-aula-win60he-max-co-day-den-xam-vang-wing-chun-magnetic-switch-rapid-trigger-win60he05', 22,
        '{}',
        'Bàn phím AULA WIN60HE MAX là một sản phẩm nổi bật trong dòngbàn phím gamingvới thiết kế hiện đại và nhiều tính năng đáng chú ý. Với công nghệ Wing Chun Magnetic Switch và khả năng kích hoạt nhanh, sản phẩm này sẽ là sự lựa chọn lý tưởng cho cả game thủ và người dùng văn phòng. Hãy cùng đi sâu vào đánh giá chi tiết về chiếcbàn phím máy tínhnày.',
        1, 'https://product.hstatic.net/200000722513/product/imgi_251_img_7385_f665133a8e584535b457e7632f88a0f0.png'
    );
INSERT INTO product_category (product_id, category_id) VALUES (198, 28);
INSERT INTO product_variant (
        product_id, name, seo_name, supplier_id, price, price_sale, quantity, sku, model, barcode, 
        specifications, description, warranty, image_url, release_at, created_by)
        VALUES ( 198, 'Bàn phím AULA WIN60HE MAX có dây (Đen + xám + vàng/ Wing Chun Magnetic switch - Rapid trigger) WIN60HE05', 'ban-phim-aula-win60he-max-co-day-den-xam-vang-wing-chun-magnetic-switch-rapid-trigger-win60he05',
            1, 0, 910000, 10, 'KB-AULA-WIN60HE-BLK-YELLOW-RT-WIN60HE05',
            'KB-AULA-WIN60HE-BLK-YELLOW-RT-WIN60HE05', 'KB-AULA-WIN60HE-BLK-YELLOW-RT-WIN60HE05',
            '{}',
            'Bàn phím AULA WIN60HE MAX là một sản phẩm nổi bật trong dòngbàn phím gamingvới thiết kế hiện đại và nhiều tính năng đáng chú ý. Với công nghệ Wing Chun Magnetic Switch và khả năng kích hoạt nhanh, sản phẩm này sẽ là sự lựa chọn lý tưởng cho cả game thủ và người dùng văn phòng. Hãy cùng đi sâu vào đánh giá chi tiết về chiếcbàn phím máy tínhnày.',
            24, 'https://product.hstatic.net/200000722513/product/imgi_251_img_7385_f665133a8e584535b457e7632f88a0f0.png', '2025-06-27T09:41:50+00:00',1);
        
INSERT INTO product_image (name, product_variant_id, image_url, is_main)
VALUES
    ('Ảnh 1', 198, 'https://product.hstatic.net/200000722513/product/imgi_251_img_7385_f665133a8e584535b457e7632f88a0f0.png', TRUE),
    ('Ảnh 2', 198, 'https://product.hstatic.net/200000722513/product/imgi_260_img_7424_3cc7e9e9bdfb4ccdae53287ec7b0c0b6.png', FALSE),
    ('Ảnh 3', 198, 'https://product.hstatic.net/200000722513/product/imgi_249_img_7379_999cbf63d83f4e558ee6dc0c3c997618.png', FALSE),
    ('Ảnh 4', 198, 'https://product.hstatic.net/200000722513/product/imgi_253_img_7396_1101834eab8546dab72cd68689e7cb0e.png', FALSE),
    ('Ảnh 5', 198, 'https://product.hstatic.net/200000722513/product/imgi_254_img_7397_fe012bb3350049cb821e72f035a52a4b.png', FALSE),
    ('Ảnh 6', 198, 'https://product.hstatic.net/200000722513/product/imgi_255_img_7398_9390fee93ce44d89b0128f9dd2949206.png', FALSE),
    ('Ảnh 7', 198, 'https://product.hstatic.net/200000722513/product/imgi_258_img_6546_99d9fdc3-5c30-48ba-b998-2c5d5b01757f_693b45a1844647d49851d34657b5e4b0.png', FALSE),
    ('Ảnh 8', 198, 'https://product.hstatic.net/200000722513/product/imgi_252_img_7386_79e3b04948ea45d2a1bf9b48fb75cdfe.jpg', FALSE),
    ('Ảnh 9', 198, 'https://product.hstatic.net/200000722513/product/imgi_262_img_7373_0085fcba0b924c0ab552776291265b6f.jpg', FALSE);
---
INSERT INTO product (name, seo_name, brand_id, specifications, description, created_by, image_url) 
    VALUES (
        'Bàn phím AULA HERO68HE có dây (Trắng/ Meteor magnetic switch - Rapid trigger) HERO6808', 'ban-phim-aula-hero68he-co-day-trang-meteor-magnetic-switch-rapid-trigger-hero6808', 22,
        '{}',
        'Bàn phím AULA HERO68HEđã nhanh chóng thu hút được sự chú ý của người dùng yêu thích game nhờ thiết kế ấn tượng và các tính năng vượt trội. Được trang bị switch Meteor magnetic tổ hợp với tính năng Rapid trigger, bàn phím này hứa hẹn mang đến trải nghiệm chơi game tuyệt vời và độ nhạy cao. Dưới đây là bài đánh giá chi tiết về sản phẩmbàn phím máy tínhnày.',
        1, 'https://product.hstatic.net/200000722513/product/1_2cd75122d5504cb99ee1e4867a98303d.png'
    );
INSERT INTO product_category (product_id, category_id) VALUES (199, 28);
INSERT INTO product_variant (
        product_id, name, seo_name, supplier_id, price, price_sale, quantity, sku, model, barcode, 
        specifications, description, warranty, image_url, release_at, created_by)
        VALUES ( 199, 'Bàn phím AULA HERO68HE có dây (Trắng/ Meteor magnetic switch - Rapid trigger) HERO6808', 'ban-phim-aula-hero68he-co-day-trang-meteor-magnetic-switch-rapid-trigger-hero6808',
            1, 0, 990000, 10, 'KB-AULA-HERO68HE-WHI-RT-HERO6808',
            'KB-AULA-HERO68HE-WHI-RT-HERO6808', 'KB-AULA-HERO68HE-WHI-RT-HERO6808',
            '{}',
            'Bàn phím AULA HERO68HEđã nhanh chóng thu hút được sự chú ý của người dùng yêu thích game nhờ thiết kế ấn tượng và các tính năng vượt trội. Được trang bị switch Meteor magnetic tổ hợp với tính năng Rapid trigger, bàn phím này hứa hẹn mang đến trải nghiệm chơi game tuyệt vời và độ nhạy cao. Dưới đây là bài đánh giá chi tiết về sản phẩmbàn phím máy tínhnày.',
            24, 'https://product.hstatic.net/200000722513/product/1_2cd75122d5504cb99ee1e4867a98303d.png', '2025-06-27T10:03:28+00:00',1);
        
INSERT INTO product_image (name, product_variant_id, image_url, is_main)
VALUES
    ('Ảnh 1', 199, 'https://product.hstatic.net/200000722513/product/1_2cd75122d5504cb99ee1e4867a98303d.png', TRUE),
    ('Ảnh 2', 199, 'https://product.hstatic.net/200000722513/product/2_a4263d1b31404f3db8802b1c9dbf8ede.png', FALSE),
    ('Ảnh 3', 199, 'https://product.hstatic.net/200000722513/product/3_c583bb2450be4a43a00267f4a3561afb.png', FALSE),
    ('Ảnh 4', 199, 'https://product.hstatic.net/200000722513/product/4_2a392a35f77b4523a96d0c93b9e06a98.png', FALSE),
    ('Ảnh 5', 199, 'https://product.hstatic.net/200000722513/product/5_32bfdf109b73485f9aa97d8eca452f07.png', FALSE);
---
INSERT INTO product (name, seo_name, brand_id, specifications, description, created_by, image_url) 
    VALUES (
        'Bàn phím AULA WIN60HE MAX có dây (Xám + trắng + xanh dương/ Wing Chun Magnetic switch - Rapid trigger) WIN60HE03', 'ban-phim-aula-win60he-max-co-day-xam-trang-xanh-duong-wing-chun-magnetic-switch-rapid-trigger-win60he03', 22,
        '{}',
        'Bàn phím AULA WIN60HE MAXlà một trong những sản phẩm nổi bật trong phân khúcbàn phím gamingvới thiết kế độc đáo và các tính năng nổi bật. Sản phẩm này không chỉ đáp ứng nhu cầu chơi game mà còn mang lại trải nghiệm gõ phím mượt mà cho người sử dụng. Hãy cùng tìm hiểu chi tiết về sản phẩmbàn phímnày qua các đặc tính và tính năng nổi bật sau đây.',
        1, 'https://product.hstatic.net/200000722513/product/imgi_32_img_9314_f2d6f61b41c04260b4951cd382f36423.png'
    );
INSERT INTO product_category (product_id, category_id) VALUES (200, 28);
INSERT INTO product_variant (
        product_id, name, seo_name, supplier_id, price, price_sale, quantity, sku, model, barcode, 
        specifications, description, warranty, image_url, release_at, created_by)
        VALUES ( 200, 'Bàn phím AULA WIN60HE MAX có dây (Xám + trắng + xanh dương/ Wing Chun Magnetic switch - Rapid trigger) WIN60HE03', 'ban-phim-aula-win60he-max-co-day-xam-trang-xanh-duong-wing-chun-magnetic-switch-rapid-trigger-win60he03',
            1, 0, 910000, 10, 'KB-AULA-WIN60HE-MAX-GREY-BLUE-RT-WIN60HE03',
            'KB-AULA-WIN60HE-MAX-GREY-BLUE-RT-WIN60HE03', 'KB-AULA-WIN60HE-MAX-GREY-BLUE-RT-WIN60HE03',
            '{}',
            'Bàn phím AULA WIN60HE MAXlà một trong những sản phẩm nổi bật trong phân khúcbàn phím gamingvới thiết kế độc đáo và các tính năng nổi bật. Sản phẩm này không chỉ đáp ứng nhu cầu chơi game mà còn mang lại trải nghiệm gõ phím mượt mà cho người sử dụng. Hãy cùng tìm hiểu chi tiết về sản phẩmbàn phímnày qua các đặc tính và tính năng nổi bật sau đây.',
            24, 'https://product.hstatic.net/200000722513/product/imgi_32_img_9314_f2d6f61b41c04260b4951cd382f36423.png', '2025-06-27T09:40:10+00:00',1);
        
INSERT INTO product_image (name, product_variant_id, image_url, is_main)
VALUES
    ('Ảnh 1', 200, 'https://product.hstatic.net/200000722513/product/imgi_32_img_9314_f2d6f61b41c04260b4951cd382f36423.png', TRUE),
    ('Ảnh 2', 200, 'https://product.hstatic.net/200000722513/product/imgi_272_img_9353_e6a11176d73b470cb086947ff7541727.png', FALSE),
    ('Ảnh 3', 200, 'https://product.hstatic.net/200000722513/product/imgi_31_img_9315_33ca25d0e7dd4358ab6f3397e6c8c854.png', FALSE),
    ('Ảnh 4', 200, 'https://product.hstatic.net/200000722513/product/imgi_266_img_8757_6d2739a9-bdab-4883-bac3-521cb7370f92_409b47de3b354e8aa8e07b9ebfc977e4.png', FALSE),
    ('Ảnh 5', 200, 'https://product.hstatic.net/200000722513/product/imgi_267_img_9319_05b1b93197d1405889693f31e1b21d4c.png', FALSE),
    ('Ảnh 6', 200, 'https://product.hstatic.net/200000722513/product/imgi_269_img_9337_5ac68ad19fce49a9b7b2a8fc635bea3a.png', FALSE),
    ('Ảnh 7', 200, 'https://product.hstatic.net/200000722513/product/imgi_235_img_9305_cd43f4d068cc424e8c0339113db2ca4a.jpg', FALSE);
---
INSERT INTO product (name, seo_name, brand_id, specifications, description, created_by, image_url) 
    VALUES (
        'Bàn phím AULA WIN68HE PRO có dây (Xám đậm + Xám nhạt/ Xingyi Magnetic switch - Rapid trigger) WIN68HE06', 'ban-phim-aula-win68he-pro-co-day-xam-dam-xam-nhat-xingyi-magnetic-switch-rapid-trigger-win68he06', 22,
        '{}',
        'Bàn phím AULA WIN68HE PROkhông chỉ mang đến trải nghiệm gõ phím tuyệt vời mà còn sở hữu nhiều tính năng nổi bật, phù hợp cho người dùng chơi game và làm việc văn phòng. Với thiết kế hiện đại cùng cơ chế cảm ứng độc đáo, sản phẩm này đang nhận được nhiều sự quan tâm từ cộng đồng game thủ cũng như người dùng phổ thông. Hãy cùng khám phá chi tiết vềbàn phím máy tínhnày trong bài đánh giá dưới đây.',
        1, 'https://product.hstatic.net/200000722513/product/1_3f24f77f9d294d1b867b60b766e6355c.png'
    );
INSERT INTO product_category (product_id, category_id) VALUES (201, 28);
INSERT INTO product_variant (
        product_id, name, seo_name, supplier_id, price, price_sale, quantity, sku, model, barcode, 
        specifications, description, warranty, image_url, release_at, created_by)
        VALUES ( 201, 'Bàn phím AULA WIN68HE PRO có dây (Xám đậm + Xám nhạt/ Xingyi Magnetic switch - Rapid trigger) WIN68HE06', 'ban-phim-aula-win68he-pro-co-day-xam-dam-xam-nhat-xingyi-magnetic-switch-rapid-trigger-win68he06',
            1, 0, 950000, 10, 'KB-AULA-WIN68HE-PRO-GREY-RT-WIN68HE06',
            'KB-AULA-WIN68HE-PRO-GREY-RT-WIN68HE06', 'KB-AULA-WIN68HE-PRO-GREY-RT-WIN68HE06',
            '{}',
            'Bàn phím AULA WIN68HE PROkhông chỉ mang đến trải nghiệm gõ phím tuyệt vời mà còn sở hữu nhiều tính năng nổi bật, phù hợp cho người dùng chơi game và làm việc văn phòng. Với thiết kế hiện đại cùng cơ chế cảm ứng độc đáo, sản phẩm này đang nhận được nhiều sự quan tâm từ cộng đồng game thủ cũng như người dùng phổ thông. Hãy cùng khám phá chi tiết vềbàn phím máy tínhnày trong bài đánh giá dưới đây.',
            24, 'https://product.hstatic.net/200000722513/product/1_3f24f77f9d294d1b867b60b766e6355c.png', '2025-06-27T09:57:53+00:00',1);
        
INSERT INTO product_image (name, product_variant_id, image_url, is_main)
VALUES
    ('Ảnh 1', 201, 'https://product.hstatic.net/200000722513/product/1_3f24f77f9d294d1b867b60b766e6355c.png', TRUE),
    ('Ảnh 2', 201, 'https://product.hstatic.net/200000722513/product/2_4c5d3a9c929b42ef8463587c5352350d.png', FALSE),
    ('Ảnh 3', 201, 'https://product.hstatic.net/200000722513/product/3_b0bdcf0bbefd4712ba4aa297381b7ef9.png', FALSE),
    ('Ảnh 4', 201, 'https://product.hstatic.net/200000722513/product/4_a15fbe27e415400fbd7a0f0ca1402e16.png', FALSE),
    ('Ảnh 5', 201, 'https://product.hstatic.net/200000722513/product/5_b9a7396da62f4caea96072d03eda781f.png', FALSE);
---
INSERT INTO product (name, seo_name, brand_id, specifications, description, created_by, image_url) 
    VALUES (
        'Bàn phím AULA WIN68HE MAX có dây (Đen + đỏ/ Wing Chun Magnetic switch - Rapid trigger) WIN68HE05', 'ban-phim-aula-win68he-max-co-day-den-do-wing-chun-magnetic-switch-rapid-trigger-win68he05', 22,
        '{}',
        'Bàn phím AULA WIN68HE MAXlà một trong những sản phẩm nổi bật trong dòng bàn phím cơ gaming hiện nay. Với thiết kế ấn tượng và công nghệ tiên tiến, sản phẩm này đang thu hút sự chú ý của nhiều game thủ trên toàn thế giới. Trong bài viết này, chúng ta sẽ cùng tìm hiểu các đặc tính và tính năng nổi bật của chiếcbàn phím AULAnày.',
        1, 'https://product.hstatic.net/200000722513/product/imgi_146_img_6524_4ff18f3fe38b4662aba41feea5c2d9de.png'
    );
INSERT INTO product_category (product_id, category_id) VALUES (202, 28);
INSERT INTO product_variant (
        product_id, name, seo_name, supplier_id, price, price_sale, quantity, sku, model, barcode, 
        specifications, description, warranty, image_url, release_at, created_by)
        VALUES ( 202, 'Bàn phím AULA WIN68HE MAX có dây (Đen + đỏ/ Wing Chun Magnetic switch - Rapid trigger) WIN68HE05', 'ban-phim-aula-win68he-max-co-day-den-do-wing-chun-magnetic-switch-rapid-trigger-win68he05',
            1, 0, 1150000, 10, 'KB-AULA-WIN68HE-MAX-BLK-RED-RT-WIN68HE05',
            'KB-AULA-WIN68HE-MAX-BLK-RED-RT-WIN68HE05', 'KB-AULA-WIN68HE-MAX-BLK-RED-RT-WIN68HE05',
            '{}',
            'Bàn phím AULA WIN68HE MAXlà một trong những sản phẩm nổi bật trong dòng bàn phím cơ gaming hiện nay. Với thiết kế ấn tượng và công nghệ tiên tiến, sản phẩm này đang thu hút sự chú ý của nhiều game thủ trên toàn thế giới. Trong bài viết này, chúng ta sẽ cùng tìm hiểu các đặc tính và tính năng nổi bật của chiếcbàn phím AULAnày.',
            24, 'https://product.hstatic.net/200000722513/product/imgi_146_img_6524_4ff18f3fe38b4662aba41feea5c2d9de.png', '2025-06-27T09:12:48+00:00',1);
        
INSERT INTO product_image (name, product_variant_id, image_url, is_main)
VALUES
    ('Ảnh 1', 202, 'https://product.hstatic.net/200000722513/product/imgi_146_img_6524_4ff18f3fe38b4662aba41feea5c2d9de.png', TRUE),
    ('Ảnh 2', 202, 'https://product.hstatic.net/200000722513/product/imgi_157_img_6559_308fb31f7b0b4a7bb3b230edf8409480.png', FALSE),
    ('Ảnh 3', 202, 'https://product.hstatic.net/200000722513/product/imgi_148_img_6527_d259075645d94deea8450377ff597794.png', FALSE),
    ('Ảnh 4', 202, 'https://product.hstatic.net/200000722513/product/imgi_150_img_6540_a4576233f84a44239c8de6f49122f9bb.png', FALSE),
    ('Ảnh 5', 202, 'https://product.hstatic.net/200000722513/product/imgi_151_img_6542_04faf50e83e34a24ab9c0c52634316d0.png', FALSE),
    ('Ảnh 6', 202, 'https://product.hstatic.net/200000722513/product/imgi_153_img_6544_8e2a25093e634a91b33d954d214488cc.png', FALSE),
    ('Ảnh 7', 202, 'https://product.hstatic.net/200000722513/product/imgi_152_img_6543_4fa9a44c136d4fc0a80f30b448c05dfe.png', FALSE),
    ('Ảnh 8', 202, 'https://product.hstatic.net/200000722513/product/imgi_158_img_6517_576299636a484ad7a825a9035903d478.jpg', FALSE);
---
INSERT INTO product (name, seo_name, brand_id, specifications, description, created_by, image_url) 
    VALUES (
        'Bàn phím ASUS M704 ROG AZOTH X NX Snow V2 Switch', 'ban-phim-asus-m704-rog-azoth-x-nx-snow-v2-switch', 3,
        '{"Bảo hành": "24 tháng"}',
        'ROG Azoth, chiếc bàn phím gaming cực kì đỉnh cao với nhan sắc khiến bao game thủ phải mê mẩn cùng những công nghệ cao cấp. Nay ASUS đã chính thức mang đến thế hệ mới nhất của chiếc bàn phím cơ này với tênASUS ROG Azoth X phiên bản NX Snow V2 Switch.',
        1, 'https://product.hstatic.net/200000722513/product/ban-phim-co-khong-day-asus-rog-azoth-x-rog-nx-v2-sw-11_a8f40733379f4ae3912dfd80ad1b492f.jpg'
    );
INSERT INTO product_category (product_id, category_id) VALUES (203, 28);
INSERT INTO product_variant (
        product_id, name, seo_name, supplier_id, price, price_sale, quantity, sku, model, barcode, 
        specifications, description, warranty, image_url, release_at, created_by)
        VALUES ( 203, 'Bàn phím ASUS M704 ROG AZOTH X NX Snow V2 Switch', 'ban-phim-asus-m704-rog-azoth-x-nx-snow-v2-switch',
            1, 7900000, 7200000, 10, 'KB-ASUS-M704-ROG-AZOTH-X-NX-SW-V2',
            'KB-ASUS-M704-ROG-AZOTH-X-NX-SW-V2', 'KB-ASUS-M704-ROG-AZOTH-X-NX-SW-V2',
            '{"Bảo hành": "24 tháng"}',
            'ROG Azoth, chiếc bàn phím gaming cực kì đỉnh cao với nhan sắc khiến bao game thủ phải mê mẩn cùng những công nghệ cao cấp. Nay ASUS đã chính thức mang đến thế hệ mới nhất của chiếc bàn phím cơ này với tênASUS ROG Azoth X phiên bản NX Snow V2 Switch.',
            24, 'https://product.hstatic.net/200000722513/product/ban-phim-co-khong-day-asus-rog-azoth-x-rog-nx-v2-sw-11_a8f40733379f4ae3912dfd80ad1b492f.jpg', '2025-06-26T10:59:38+00:00',1);
        
INSERT INTO product_image (name, product_variant_id, image_url, is_main)
VALUES
    ('Ảnh 1', 203, 'https://product.hstatic.net/200000722513/product/ban-phim-co-khong-day-asus-rog-azoth-x-rog-nx-v2-sw-11_a8f40733379f4ae3912dfd80ad1b492f.jpg', TRUE),
    ('Ảnh 2', 203, 'https://product.hstatic.net/200000722513/product/ban-phim-co-khong-day-asus-rog-azoth-x-rog-nx-v2-sw-03_f048074c9e2e4ec3afda5d8ecfb3d1a8.jpg', FALSE),
    ('Ảnh 3', 203, 'https://product.hstatic.net/200000722513/product/ban-phim-co-khong-day-asus-rog-azoth-x-rog-nx-v2-sw-26_685e0b192efb41bf8f81f3b5fc461318.jpg', FALSE),
    ('Ảnh 4', 203, 'https://product.hstatic.net/200000722513/product/ban-phim-co-khong-day-asus-rog-azoth-x-rog-nx-v2-sw-05_5cefa1f82d324a159b260a0db7b92319.jpg', FALSE),
    ('Ảnh 5', 203, 'https://product.hstatic.net/200000722513/product/ban-phim-co-khong-day-asus-rog-azoth-x-rog-nx-v2-sw-06_20346322269f4995a0a781933a2ebc86.jpg', FALSE),
    ('Ảnh 6', 203, 'https://product.hstatic.net/200000722513/product/ban-phim-co-khong-day-asus-rog-azoth-x-rog-nx-v2-sw-07_225b049ad8c649aca1415308355a476a.jpg', FALSE),
    ('Ảnh 7', 203, 'https://product.hstatic.net/200000722513/product/ban-phim-co-khong-day-asus-rog-azoth-x-rog-nx-v2-sw-08_66dac9727494445e9cbd8428907a10e0.jpg', FALSE),
    ('Ảnh 8', 203, 'https://product.hstatic.net/200000722513/product/ban-phim-co-khong-day-asus-rog-azoth-x-rog-nx-v2-sw-09_3c9656c82730455db918179daf29cffd.jpg', FALSE),
    ('Ảnh 9', 203, 'https://product.hstatic.net/200000722513/product/ban-phim-co-khong-day-asus-rog-azoth-x-rog-nx-v2-sw-10_71ee65fcc64c4c0586c1c33a989f99d5.jpg', FALSE);
---
INSERT INTO product (name, seo_name, brand_id, specifications, description, created_by, image_url) 
    VALUES (
        'Bàn phím AULA S100 PRO TM (Xanh dương+trắng+tím đậm/ Brown switch) S100PRO02', 'ban-phim-aula-s100-pro-tm-xanh-duong-trang-tim-dam-brown-switch-s100pro02', 22,
        '{"Sản phẩm hỗ trợ ba chế độ kết nối": "USB, Wireless 2.4GHz và Bluetooth. Tính năng này giúp bạn dễ dàng kết nối với nhiều thiết bị khác nhau mà không phải lo lắng về dây cáp."}',
        'Bàn phím AULAS100 PRO TM không chỉ gây ấn tượng với vẻ bề ngoài hấp dẫn mà còn được trang bị nhiều tính năng ưu việt, phù hợp cho cả game thủ lẫn người dùng văn phòng. Dưới đây là những đánh giá chi tiết về sản phẩm này, cùng những đặc tính nổi bật mà bạn không thể bỏ qua.',
        1, 'https://product.hstatic.net/200000722513/product/download__22_-photoroom_034237d8752e4bb9a6b3cad7fd43edc9.png'
    );
INSERT INTO product_category (product_id, category_id) VALUES (204, 28);
INSERT INTO product_variant (
        product_id, name, seo_name, supplier_id, price, price_sale, quantity, sku, model, barcode, 
        specifications, description, warranty, image_url, release_at, created_by)
        VALUES ( 204, 'Bàn phím AULA S100 PRO TM (Xanh dương+trắng+tím đậm/ Brown switch) S100PRO02', 'ban-phim-aula-s100-pro-tm-xanh-duong-trang-tim-dam-brown-switch-s100pro02',
            1, 869000, 690000, 10, 'KB-AULA-S100-PRO-TM-BLUE-WHI-DAR-PUR-BROWN-SW',
            'KB-AULA-S100-PRO-TM-BLUE-WHI-DAR-PUR-BROWN-SW', 'KB-AULA-S100-PRO-TM-BLUE-WHI-DAR-PUR-BROWN-SW',
            '{"Sản phẩm hỗ trợ ba chế độ kết nối": "USB, Wireless 2.4GHz và Bluetooth. Tính năng này giúp bạn dễ dàng kết nối với nhiều thiết bị khác nhau mà không phải lo lắng về dây cáp."}',
            'Bàn phím AULAS100 PRO TM không chỉ gây ấn tượng với vẻ bề ngoài hấp dẫn mà còn được trang bị nhiều tính năng ưu việt, phù hợp cho cả game thủ lẫn người dùng văn phòng. Dưới đây là những đánh giá chi tiết về sản phẩm này, cùng những đặc tính nổi bật mà bạn không thể bỏ qua.',
            24, 'https://product.hstatic.net/200000722513/product/download__22_-photoroom_034237d8752e4bb9a6b3cad7fd43edc9.png', '2025-06-23T09:09:30+00:00',1);
        
INSERT INTO product_image (name, product_variant_id, image_url, is_main)
VALUES
    ('Ảnh 1', 204, 'https://product.hstatic.net/200000722513/product/download__22_-photoroom_034237d8752e4bb9a6b3cad7fd43edc9.png', TRUE);
---
INSERT INTO product (name, seo_name, brand_id, specifications, description, created_by, image_url) 
    VALUES (
        'Bàn phím AULA S100 PRO TM (Xanh dương+trắng+tím/ Red switch) S100PRO01', 'ban-phim-aula-s100-pro-tm-xanh-duong-trang-tim-red-switch-s100pro01', 22,
        '{"- Bảo hành": "12 tháng", "- Độ bền": "60 triệu lần bấm- Kết nối: 3 mode có dây Type-C & không dây 2.4G & BT- Màu sắc: Xanh dương+trắng+tím- Keycap PBT Double-Shot- Đèn nền: LED Rainbow- Loại switch: Red switch- Hiệu ứng âm thanh khi gõ phím: Linear- Hot-Swap 3 pin- Gasket mount- Mạch xuôi- Số lượng phím: 99 phím- Điện áp/dòng sạc: DC 5V/ <= 500mA, thời gian sạc khoảng 8.5 tiếng- Điện áp định mức: DC 3.7V (đầy đủ 4.2V)- Dung lượng pin: Pin lithium 4000mAh- Thời gian sử dụng khi sạc đầy pin: Khoảng 32 giờ (hiệu ứng ánh sáng mặc định) và khoảng 132 giờ (tắt led)- Kích thước bàn phím (L x W x H): 369.96 x 126.56 x 40.65 ± 0.5 mm- Trọng lượng: Khoảng 928g (không có cáp/bộ thu)/ 973g (với cáp/bộ thu)- Hệ điều hành tương thích: WINXP/WIN7/WIN8/WIN10/Android/IOS/MAC- Phụ kiện kèm theo: Sách hướng dẫn sử dụng + Dây USB type-C + Dụng cụ thay switch + (1-4) switch tặng kèm"}',
        'Bước vào thế giới của trải nghiệm gõ phím đỉnh cao với Bàn phím AULA S100 PRO TM – S100PRO01, một kiệt tác kết hợp hoàn hảo giữa phong cách và hiệu năng. Ngay từ cái nhìn đầu tiên, bạn sẽ bị cuốn hút bởi phối màu độc đáo và đầy mê hoặc: sự kết hợp tinh tế giữa xanh dương năng động, trắng tinh khôi và tím huyền ảo, tạo nên một tổng thể thị giác vô cùng bắt mắt, chắc chắn sẽ là điểm nhấn nổi bật trên mọi không gian làm việc hay góc chơi game của bạn.\n\nKhông chỉ dừng lại ở vẻ đẹp bên ngoài, AULA S100 PRO TM còn mang đến hiệu suất vượt trội nhờ trang bị **Red switch** cao cấp. Loại switch này nổi tiếng với hành trình phím tuyến tính, lực nhấn nhẹ và độ ồn thấp, mang lại cảm giác gõ mượt mà, nhanh nhạy và chính xác. Dù bạn là game thủ chuyên nghiệp cần tốc độ phản hồi tức thì để giành lợi thế trong mọi trận chiến, hay một người làm việc văn phòng đòi hỏi sự êm ái và thoải mái trong thời gian dài, Red switch đều đáp ứng hoàn hảo, giúp tối ưu hóa hiệu suất và giảm thiểu mệt mỏi.\n\nVới thiết kế công thái học thông minh, AULA S100 PRO TM đảm bảo sự thoải mái tối đa cho đôi tay bạn, ngay cả trong những phiên làm việc hay chơi game kéo dài. Chất liệu cao cấp và độ hoàn thiện tỉ mỉ đảm bảo độ bền vượt trội, sẵn sàng đồng hành cùng bạn qua hàng triệu lần nhấn. Hãy nâng tầm không gian làm việc và trải nghiệm gõ phím của bạn với Bàn phím AULA S100 PRO TM – S100PRO01: sự kết hợp hoàn hảo giữa thẩm mỹ đỉnh cao, hiệu năng mạnh mẽ và cảm giác gõ phím tuyệt vời. Đây không chỉ là một chiếc bàn phím, mà là một tuyên ngôn phong cách và một công cụ đắc lực giúp bạn chinh phục mọi thử thách.',
        1, 'https://product.hstatic.net/200000722513/product/download__21_-photoroom_6d1fe13a64614a89a0071158718c0e40.png'
    );
INSERT INTO product_category (product_id, category_id) VALUES (205, 28);
INSERT INTO product_variant (
        product_id, name, seo_name, supplier_id, price, price_sale, quantity, sku, model, barcode, 
        specifications, description, warranty, image_url, release_at, created_by)
        VALUES ( 205, 'Bàn phím AULA S100 PRO TM (Xanh dương+trắng+tím/ Red switch) S100PRO01', 'ban-phim-aula-s100-pro-tm-xanh-duong-trang-tim-red-switch-s100pro01',
            1, 869000, 750000, 10, 'KB-AULA-S100-PRO-TM-BLUE-WHI-LIGHT-PUR-RED-SW',
            'KB-AULA-S100-PRO-TM-BLUE-WHI-LIGHT-PUR-RED-SW', 'KB-AULA-S100-PRO-TM-BLUE-WHI-LIGHT-PUR-RED-SW',
            '{"- Bảo hành": "12 tháng", "- Độ bền": "60 triệu lần bấm- Kết nối: 3 mode có dây Type-C & không dây 2.4G & BT- Màu sắc: Xanh dương+trắng+tím- Keycap PBT Double-Shot- Đèn nền: LED Rainbow- Loại switch: Red switch- Hiệu ứng âm thanh khi gõ phím: Linear- Hot-Swap 3 pin- Gasket mount- Mạch xuôi- Số lượng phím: 99 phím- Điện áp/dòng sạc: DC 5V/ <= 500mA, thời gian sạc khoảng 8.5 tiếng- Điện áp định mức: DC 3.7V (đầy đủ 4.2V)- Dung lượng pin: Pin lithium 4000mAh- Thời gian sử dụng khi sạc đầy pin: Khoảng 32 giờ (hiệu ứng ánh sáng mặc định) và khoảng 132 giờ (tắt led)- Kích thước bàn phím (L x W x H): 369.96 x 126.56 x 40.65 ± 0.5 mm- Trọng lượng: Khoảng 928g (không có cáp/bộ thu)/ 973g (với cáp/bộ thu)- Hệ điều hành tương thích: WINXP/WIN7/WIN8/WIN10/Android/IOS/MAC- Phụ kiện kèm theo: Sách hướng dẫn sử dụng + Dây USB type-C + Dụng cụ thay switch + (1-4) switch tặng kèm"}',
            'Bước vào thế giới của trải nghiệm gõ phím đỉnh cao với Bàn phím AULA S100 PRO TM – S100PRO01, một kiệt tác kết hợp hoàn hảo giữa phong cách và hiệu năng. Ngay từ cái nhìn đầu tiên, bạn sẽ bị cuốn hút bởi phối màu độc đáo và đầy mê hoặc: sự kết hợp tinh tế giữa xanh dương năng động, trắng tinh khôi và tím huyền ảo, tạo nên một tổng thể thị giác vô cùng bắt mắt, chắc chắn sẽ là điểm nhấn nổi bật trên mọi không gian làm việc hay góc chơi game của bạn.\n\nKhông chỉ dừng lại ở vẻ đẹp bên ngoài, AULA S100 PRO TM còn mang đến hiệu suất vượt trội nhờ trang bị **Red switch** cao cấp. Loại switch này nổi tiếng với hành trình phím tuyến tính, lực nhấn nhẹ và độ ồn thấp, mang lại cảm giác gõ mượt mà, nhanh nhạy và chính xác. Dù bạn là game thủ chuyên nghiệp cần tốc độ phản hồi tức thì để giành lợi thế trong mọi trận chiến, hay một người làm việc văn phòng đòi hỏi sự êm ái và thoải mái trong thời gian dài, Red switch đều đáp ứng hoàn hảo, giúp tối ưu hóa hiệu suất và giảm thiểu mệt mỏi.\n\nVới thiết kế công thái học thông minh, AULA S100 PRO TM đảm bảo sự thoải mái tối đa cho đôi tay bạn, ngay cả trong những phiên làm việc hay chơi game kéo dài. Chất liệu cao cấp và độ hoàn thiện tỉ mỉ đảm bảo độ bền vượt trội, sẵn sàng đồng hành cùng bạn qua hàng triệu lần nhấn. Hãy nâng tầm không gian làm việc và trải nghiệm gõ phím của bạn với Bàn phím AULA S100 PRO TM – S100PRO01: sự kết hợp hoàn hảo giữa thẩm mỹ đỉnh cao, hiệu năng mạnh mẽ và cảm giác gõ phím tuyệt vời. Đây không chỉ là một chiếc bàn phím, mà là một tuyên ngôn phong cách và một công cụ đắc lực giúp bạn chinh phục mọi thử thách.',
            24, 'https://product.hstatic.net/200000722513/product/download__21_-photoroom_6d1fe13a64614a89a0071158718c0e40.png', '2025-06-23T09:10:25+00:00',1);
        
INSERT INTO product_image (name, product_variant_id, image_url, is_main)
VALUES
    ('Ảnh 1', 205, 'https://product.hstatic.net/200000722513/product/download__21_-photoroom_6d1fe13a64614a89a0071158718c0e40.png', TRUE);
---
INSERT INTO product (name, seo_name, brand_id, specifications, description, created_by, image_url) 
    VALUES (
        'Bàn phím AKKO 5108 SE Joy of Life', 'ban-phim-akko-5108-se-joy-of-life', 4,
        '{"Cách 1": "Bạn có thể check pin bàn phím khi kết nối bluetooth thông qua mục Bluetooth and others device settings, chế độ 2.4Ghz hiện vẫn chưa check được pin cụ thể", "Cách 2": "Các bàn phím chip B cần update fw mới nhất và bấm fn + Space (khi đang ở kết nối không dây) sau đó đối chiếu với led ở nút SpaceLED màu đỏ -> pin dưới 30%LED màu cam -> pin ở mức 30% – 50%LED màu tím -> pin ở mức 50% – 70%LED màu vàng -> pin ở mức 70% – 90%LED màu xanh lá -> pin ở mức 90% – 100%"}',
        'AKKO 5108 SE Joy of Life (RGB / Hotswap / Piano Pro sw)',
        1, 'https://product.hstatic.net/200000722513/product/n_phim_co_khong_day_akko_5108_se_joy_of_life_rgb_hotswap__akko_sw__-_6_ce567fce587f4631836517ca7abf8126.png'
    );
INSERT INTO product_category (product_id, category_id) VALUES (206, 28);
INSERT INTO product_variant (
        product_id, name, seo_name, supplier_id, price, price_sale, quantity, sku, model, barcode, 
        specifications, description, warranty, image_url, release_at, created_by)
        VALUES ( 206, 'Bàn phím AKKO 5108 SE Joy of Life', 'ban-phim-akko-5108-se-joy-of-life',
            1, 2999000, 1990000, 10, 'KB-AKKO-5108-SE-JOY-OF-LIFE',
            'KB-AKKO-5108-SE-JOY-OF-LIFE', 'KB-AKKO-5108-SE-JOY-OF-LIFE',
            '{"Cách 1": "Bạn có thể check pin bàn phím khi kết nối bluetooth thông qua mục Bluetooth and others device settings, chế độ 2.4Ghz hiện vẫn chưa check được pin cụ thể", "Cách 2": "Các bàn phím chip B cần update fw mới nhất và bấm fn + Space (khi đang ở kết nối không dây) sau đó đối chiếu với led ở nút SpaceLED màu đỏ -> pin dưới 30%LED màu cam -> pin ở mức 30% – 50%LED màu tím -> pin ở mức 50% – 70%LED màu vàng -> pin ở mức 70% – 90%LED màu xanh lá -> pin ở mức 90% – 100%"}',
            'AKKO 5108 SE Joy of Life (RGB / Hotswap / Piano Pro sw)',
            12, 'https://product.hstatic.net/200000722513/product/n_phim_co_khong_day_akko_5108_se_joy_of_life_rgb_hotswap__akko_sw__-_6_ce567fce587f4631836517ca7abf8126.png', '2024-08-20T04:18:10+00:00',1);
        
INSERT INTO product_image (name, product_variant_id, image_url, is_main)
VALUES
    ('Ảnh 1', 206, 'https://product.hstatic.net/200000722513/product/n_phim_co_khong_day_akko_5108_se_joy_of_life_rgb_hotswap__akko_sw__-_6_ce567fce587f4631836517ca7abf8126.png', TRUE),
    ('Ảnh 2', 206, 'https://product.hstatic.net/200000722513/product/gearvn-ban-phim-akko-5108-se-joy-of-life-1_6c28657bb73245449b7c9516ca5b0a91.jpg', FALSE),
    ('Ảnh 3', 206, 'https://product.hstatic.net/200000722513/product/gearvn-ban-phim-akko-5108-se-joy-of-life-2_4271e505da154f3f825da26d42cbc3e3.jpg', FALSE),
    ('Ảnh 4', 206, 'https://product.hstatic.net/200000722513/product/gearvn-ban-phim-akko-5108-se-joy-of-life-3_f6d6d9e831cc41ceba0fe15fc2aee980.jpg', FALSE),
    ('Ảnh 5', 206, 'https://product.hstatic.net/200000722513/product/gearvn-ban-phim-akko-5108-se-joy-of-life-4_80992a7330a0473fba9482c308ce81a4.jpg', FALSE),
    ('Ảnh 6', 206, 'https://product.hstatic.net/200000722513/product/gearvn-ban-phim-akko-5108-se-joy-of-life-5_af7e1e7a37d048d08f233246152163c8.jpg', FALSE),
    ('Ảnh 7', 206, 'https://product.hstatic.net/200000722513/product/gearvn-ban-phim-akko-5108-se-joy-of-life-6_4b5abf59ec054d95980fd17bb33d2d12.jpg', FALSE),
    ('Ảnh 8', 206, 'https://product.hstatic.net/200000722513/product/gearvn-ban-phim-akko-5108-se-joy-of-life-7_0a2425f226a94dd1adbeac5bc5fbc266.jpg', FALSE),
    ('Ảnh 9', 206, 'https://product.hstatic.net/200000722513/product/gearvn-ban-phim-akko-5108-se-joy-of-life-8_eb65fefa584a4420a1d4b883a47fb11a.jpg', FALSE);
---
INSERT INTO product (name, seo_name, brand_id, specifications, description, created_by, image_url) 
    VALUES (
        'Bàn phím AKKO 5098B The King’s Avatar Ye Xiu V3 Piano Pro switch', 'ban-phim-akko-5098b-the-king-s-avatar-ye-xiu-v3-piano-pro-switch', 4,
        '{"Màu sắc và họa tiết": "Sự kết hợp giữa đen và vàng gold tạo nên vẻ ngoài sang trọng và mạnh mẽ. Các họa tiết được in trên keycap và vỏ bàn phím tái hiện lại những biểu tượng và hình ảnh quen thuộc trong \"Toàn Chức Cao Thủ\", mang đến sự độc đáo và cá tính cho sản phẩm.", "Layout 98%": "Thiết kế này giúp bàn phím nhỏ gọn hơn so với full-size, phù hợp với những người dùng có không gian bàn làm việc hạn chế hoặc thường xuyên di chuyển. Tuy nhiên, nó vẫn giữ lại đầy đủ các phím số và phím chức năng cần thiết.", "Chất liệu PBT": "PBT (Polybutylene Terephthalate) là một loại nhựa cao cấp, có độ bền cao, chống mài mòn và không bị bóng sau thời gian dài sử dụng. Điều này đảm bảo keycap luôn giữ được vẻ đẹp ban đầu.", "Công nghệ in Dye-subbed": "Công nghệ in nhiệt thăng hoa (Dye-sublimation) giúp mực in thấm sâu vào keycap, tạo ra những ký tự sắc nét, bền màu và không bị phai theo thời gian.", "Profile Cherry": "Profile Cherry có độ cao vừa phải, bề mặt keycap lõm nhẹ, ôm ngón tay, mang lại cảm giác gõ phím thoải mái và chính xác.", "Bluetooth 5.0": "Kết nối không dây ổn định với nhiều thiết bị, phù hợp cho việc sử dụng hàng ngày.", "Wireless 2.4GHz": "Kết nối không dây với độ trễ thấp, phù hợp cho việc chơi game.", "USB Type-C": "Kết nối có dây với tốc độ truyền tải dữ liệu nhanh chóng và ổn định."}',
        'AKKO 5098B The King’s Avatar Ye Xiu là một chiếcbàn phím cơđộc đáo, lấy cảm hứng từ bộ truyện và phim hoạt hình nổi tiếng \"Toàn Chức Cao Thủ\" (The King’s Avatar). Với thiết kế bắt mắt, hiệu năng gõ phím tuyệt vời và nhiều tính năng hiện đại, sản phẩm này hứa hẹn sẽ làm hài lòng cả những game thủ và người dùng khó tính nhất. Cùng GEARVN đánh giá chi tiết sản phẩmbàn phímnày trong phần dưới đây!',
        1, 'https://product.hstatic.net/200000722513/product/trai_c86aaec9b6ed4d099d2a9883ceefa27b.png'
    );
INSERT INTO product_category (product_id, category_id) VALUES (207, 28);
INSERT INTO product_variant (
        product_id, name, seo_name, supplier_id, price, price_sale, quantity, sku, model, barcode, 
        specifications, description, warranty, image_url, release_at, created_by)
        VALUES ( 207, 'Bàn phím AKKO 5098B The King’s Avatar Ye Xiu V3 Piano Pro switch', 'ban-phim-akko-5098b-the-king-s-avatar-ye-xiu-v3-piano-pro-switch',
            1, 2890000, 2190000, 10, 'KB-AKKO-5098B-KING-AVATAR-YE-XIU-V3-PIANO-PRO-SW',
            'KB-AKKO-5098B-KING-AVATAR-YE-XIU-V3-PIANO-PRO-SW', 'KB-AKKO-5098B-KING-AVATAR-YE-XIU-V3-PIANO-PRO-SW',
            '{"Màu sắc và họa tiết": "Sự kết hợp giữa đen và vàng gold tạo nên vẻ ngoài sang trọng và mạnh mẽ. Các họa tiết được in trên keycap và vỏ bàn phím tái hiện lại những biểu tượng và hình ảnh quen thuộc trong \"Toàn Chức Cao Thủ\", mang đến sự độc đáo và cá tính cho sản phẩm.", "Layout 98%": "Thiết kế này giúp bàn phím nhỏ gọn hơn so với full-size, phù hợp với những người dùng có không gian bàn làm việc hạn chế hoặc thường xuyên di chuyển. Tuy nhiên, nó vẫn giữ lại đầy đủ các phím số và phím chức năng cần thiết.", "Chất liệu PBT": "PBT (Polybutylene Terephthalate) là một loại nhựa cao cấp, có độ bền cao, chống mài mòn và không bị bóng sau thời gian dài sử dụng. Điều này đảm bảo keycap luôn giữ được vẻ đẹp ban đầu.", "Công nghệ in Dye-subbed": "Công nghệ in nhiệt thăng hoa (Dye-sublimation) giúp mực in thấm sâu vào keycap, tạo ra những ký tự sắc nét, bền màu và không bị phai theo thời gian.", "Profile Cherry": "Profile Cherry có độ cao vừa phải, bề mặt keycap lõm nhẹ, ôm ngón tay, mang lại cảm giác gõ phím thoải mái và chính xác.", "Bluetooth 5.0": "Kết nối không dây ổn định với nhiều thiết bị, phù hợp cho việc sử dụng hàng ngày.", "Wireless 2.4GHz": "Kết nối không dây với độ trễ thấp, phù hợp cho việc chơi game.", "USB Type-C": "Kết nối có dây với tốc độ truyền tải dữ liệu nhanh chóng và ổn định."}',
            'AKKO 5098B The King’s Avatar Ye Xiu là một chiếcbàn phím cơđộc đáo, lấy cảm hứng từ bộ truyện và phim hoạt hình nổi tiếng \"Toàn Chức Cao Thủ\" (The King’s Avatar). Với thiết kế bắt mắt, hiệu năng gõ phím tuyệt vời và nhiều tính năng hiện đại, sản phẩm này hứa hẹn sẽ làm hài lòng cả những game thủ và người dùng khó tính nhất. Cùng GEARVN đánh giá chi tiết sản phẩmbàn phímnày trong phần dưới đây!',
            12, 'https://product.hstatic.net/200000722513/product/trai_c86aaec9b6ed4d099d2a9883ceefa27b.png', '2024-12-03T08:14:22+00:00',1);
        
INSERT INTO product_image (name, product_variant_id, image_url, is_main)
VALUES
    ('Ảnh 1', 207, 'https://product.hstatic.net/200000722513/product/trai_c86aaec9b6ed4d099d2a9883ceefa27b.png', TRUE),
    ('Ảnh 2', 207, 'https://product.hstatic.net/200000722513/product/5098________________1_522d7486af0a41d7876b0eda65fcf3ca.png', FALSE),
    ('Ảnh 3', 207, 'https://product.hstatic.net/200000722513/product/5098__6__2453081f11134116aab93b36342d6719.png', FALSE),
    ('Ảnh 4', 207, 'https://product.hstatic.net/200000722513/product/5098_______________1_1_ec1e0650f8594e788f826815b4c02bd4.png', FALSE),
    ('Ảnh 5', 207, 'https://product.hstatic.net/200000722513/product/5098_______________2_1_18019eede4f644a6963b1ca9ed869786.png', FALSE),
    ('Ảnh 6', 207, 'https://product.hstatic.net/200000722513/product/5098__8__9a445e11575d4ab28e27c2ef80a8f739.png', FALSE),
    ('Ảnh 7', 207, 'https://product.hstatic.net/200000722513/product/5098__7__62afaab3f0954f638dfd331af5ae9f76.png', FALSE),
    ('Ảnh 8', 207, 'https://product.hstatic.net/200000722513/product/5098__5__3771772436764367b8158a93f5601212.png', FALSE);
---
INSERT INTO product (name, seo_name, brand_id, specifications, description, created_by, image_url) 
    VALUES (
        'Bàn phím MonsGeek MG108B Bun Wonderland V3 Piano Pro switch', 'ban-phim-monsgeek-mg108b-bun-wonderland-v3-piano-pro-switch', 24,
        '{}',
        'Mẫu bàn phím&nbsp;MonsGeek MG108B Bun Wonderland V3 Piano Pro switch lấy cảm hứng từ những chiếc bánh ngọt tròn thơm, ngọt vị, tan chảy tỏng miệng, một số hình ảnh thực tế từ sản phẩm hứa hẹn sẽ để lại cho bạn nhiều ấn tượng bất ngờ.',
        1, 'https://product.hstatic.net/200000722513/product/mg-108_____mog_____rgb__1-1_4d39238acc3247e4b5301572a3c4c2b8.png'
    );
INSERT INTO product_category (product_id, category_id) VALUES (208, 28);
INSERT INTO product_variant (
        product_id, name, seo_name, supplier_id, price, price_sale, quantity, sku, model, barcode, 
        specifications, description, warranty, image_url, release_at, created_by)
        VALUES ( 208, 'Bàn phím MonsGeek MG108B Bun Wonderland V3 Piano Pro switch', 'ban-phim-monsgeek-mg108b-bun-wonderland-v3-piano-pro-switch',
            1, 2190000, 1390000, 10, 'KB-MONSGEEK-MG108B-BUN-WONDERLAND-V3-PIANO-PRO-SW',
            'KB-MONSGEEK-MG108B-BUN-WONDERLAND-V3-PIANO-PRO-SW', 'KB-MONSGEEK-MG108B-BUN-WONDERLAND-V3-PIANO-PRO-SW',
            '{}',
            'Mẫu bàn phím&nbsp;MonsGeek MG108B Bun Wonderland V3 Piano Pro switch lấy cảm hứng từ những chiếc bánh ngọt tròn thơm, ngọt vị, tan chảy tỏng miệng, một số hình ảnh thực tế từ sản phẩm hứa hẹn sẽ để lại cho bạn nhiều ấn tượng bất ngờ.',
            12, 'https://product.hstatic.net/200000722513/product/mg-108_____mog_____rgb__1-1_4d39238acc3247e4b5301572a3c4c2b8.png', '2024-10-24T06:40:05+00:00',1);
        
INSERT INTO product_image (name, product_variant_id, image_url, is_main)
VALUES
    ('Ảnh 1', 208, 'https://product.hstatic.net/200000722513/product/mg-108_____mog_____rgb__1-1_4d39238acc3247e4b5301572a3c4c2b8.png', TRUE),
    ('Ảnh 2', 208, 'https://product.hstatic.net/200000722513/product/gearvn-ban-phim-monsgeek-mg108b-bun-wonderland-v3-piano-pro-switch-1_666c1ac47c8a4294ad2c39a9c3c0e1a1.jpg', FALSE),
    ('Ảnh 3', 208, 'https://product.hstatic.net/200000722513/product/gearvn-ban-phim-monsgeek-mg108b-bun-wonderland-v3-piano-pro-switch-2_e0be4b3ee2f14191bb0ac17620aa5fe9.jpg', FALSE),
    ('Ảnh 4', 208, 'https://product.hstatic.net/200000722513/product/gearvn-ban-phim-monsgeek-mg108b-bun-wonderland-v3-piano-pro-switch-3_effb74d8465b4d7e8eea8e8f9d5629c5.jpg', FALSE),
    ('Ảnh 5', 208, 'https://product.hstatic.net/200000722513/product/gearvn-ban-phim-monsgeek-mg108b-bun-wonderland-v3-piano-pro-switch-4_569c85790da7420698d1aa3f91cb6487.jpg', FALSE),
    ('Ảnh 6', 208, 'https://product.hstatic.net/200000722513/product/gearvn-ban-phim-monsgeek-mg108b-bun-wonderland-v3-piano-pro-switch-5_0c317c8afcb643439fd590bea32fde09.jpg', FALSE),
    ('Ảnh 7', 208, 'https://product.hstatic.net/200000722513/product/gearvn-ban-phim-monsgeek-mg108b-bun-wonderland-v3-piano-pro-switch-6_74213335bc4f4ad5892dc1068efd14f0.jpg', FALSE),
    ('Ảnh 8', 208, 'https://product.hstatic.net/200000722513/product/gearvn-ban-phim-monsgeek-mg108b-bun-wonderland-v3-piano-pro-switch-7_02e4d52381604794ada766f458593e00.jpg', FALSE);
---
INSERT INTO product (name, seo_name, brand_id, specifications, description, created_by, image_url) 
    VALUES (
        'Bàn phím Razer BlackWidow V4 75% Phantom Green Edition', 'ban-phim-razer-blackwidow-v4-75-phantom-green-edition', 15,
        '{"Thương hiệu": "Razer", "Bảo hành": "24 tháng"}',
        'Bàn phím Razer BlackWidow V4 75% Phantom Green Editionlà một trong những sản phẩm nổi bật trong dòng bàn phím chơi game củaRazer. Với thiết kế gọn gàng, tính năng vượt trội và cảm giác gõ tuyệt vời, sản phẩm này đã thu hút sự chú ý của nhiều game thủ yêu thích. Trong bài viết này, chúng ta sẽ đánh giá chi tiết sản phẩm này về các đặc tính và tính năng nổi bật.Thiết kế 75% nhỏ gọn, tối ưu không gianRazer BlackWidow V4 75% là sự lựa chọn lý tưởng cho những game thủ và người dùng muốn tối ưu hóa không gian làm việc mà vẫn giữ được đầy đủ chức năng cần thiết. Với thiết kế form factor 75%,bàn phím máy tínhnày lược bỏ cụm phím số, giúp bàn phím trở nên nhỏ gọn hơn đáng kể so với bàn phím full-size, giải phóng không gian cho những pha lia chuột rộng rãi và linh hoạt hơn.Dù kích thước nhỏ hơn, bàn phím vẫn giữ lại đầy đủ các phím chức năng (F-row) và các phím điều hướng quan trọng, đảm bảo không ảnh hưởng đến trải nghiệm sử dụng hàng ngày hay trong game.Chất liệu cao cấpBề mặt bàn phím được làm từ vật liệu chất lượng cao và bền bỉ, giúp bảo vệ sản phẩm khỏi sự hao mòn trong quá trình sử dụng. Độ hoàn thiện tuyệt vời mang lại cảm giác cao cấp cho người sử dụng.Switch Razer Phantom GreenMột trong những điểm nổi bật của Bàn phím Razer BlackWidow V4 75% là việc sử dụng Switch Razer Phantom Green. Đây là loại switch cơ học được thiết kế đặc biệt để mang lại trải nghiệm gõ tốt nhất với âm thanh êm ái và độ nhạy cao. Người dùng có thể cảm nhận được từng cú gõ rõ ràng, từ đó nâng cao hiệu suất trong game.LED RGB tùy chỉnhPhiên bản Phantom Green Edition của BlackWidow V4 75% không chỉ mang đến vẻ ngoài độc đáo mà còn được trang bị hệ thống chiếu sáng Razer Chroma™ RGB nâng cao. Với đèn LED cho mỗi phím và ánh sáng underglow từ 2 bên và mặt trước, bạn có thể tạo ra vô số hiệu ứng ánh sáng rực rỡ và đồng bộ hóa với các thiết bị Razer Chroma khác thông qua phần mềm Razer Synapse. Điều này biến bàn phím của bạn thành một phần của hệ sinh thái ánh sáng sống động, thể hiện phong cách cá nhân và nâng tầm không gian gaming.Chức năng macro linh hoạtTính năng ghi macro trên Razer BlackWidow V4 75% là một điểm cộng lớn. Người dùng có thể dễ dàng ghi lại các phím tắt và lệnh phức tạp để sử dụng trong game, giúp tối ưu hóa trải nghiệm chơi game của mình với chiếcbàn phím cơnày.Khả năng chống bóng mờBàn phím Razer BlackWidow V4 75% được trang bị chức năng chống bóng mờ, cho phép nhận diện nhiều phím cùng lúc mà không gặp phải hiện tượng mất tín hiệu. Điều này đặc biệt hữu ích trong các tựa game yêu cầu độ chính xác cao.Trải nghiệm gõ cao cấp với&nbsp;hot-swappable và foam dampingBlackWidow V4 75% được thiết kế để mang lại trải nghiệm gõ phím đỉnh cao. Tính nănghot-swappablecho phép người dùng dễ dàng thay đổi switch (công tắc) mà không cần hàn, mở ra cánh cửa vô tận cho việc tùy chỉnh cảm giác gõ theo sở thích cá nhân.Đi kèm với đó là cấu trúc gasket-mounted và nhiều lớp foam damping (tiêu âm), bao gồm foam PCB và foam case. Sự kết hợp này giúp giảm thiểu đáng kể tiếng ồn và rung động khi gõ, tạo ra âm thanh gõ phím êm ái, đầm chắc và cực kỳ dễ chịu, biến mỗi lần nhấn phím thành một trải nghiệm tinh tế.Bàn phím Razer BlackWidow V4 75% Phantom Green Editionkhông chỉ mang lại trải nghiệm gõ ấn tượng với thiết kế nhỏ gọn, mà còn đầy đủ tính năng cần thiết cho những game thủ chuyên nghiệp. Với chất lượng hoàn thiện cao, switch cơ học tối ưu cùng chức năng tùy chỉnh linh hoạt, sản phẩm này xứng đáng là lựa chọn hàng đầu cho những ai đang tìm kiếm một bàn phím gaming hoàn hảo. Hãy trải nghiệm ngay để cảm nhận sự khác biệt mà sản phẩm này mang lại!',
        1, 'https://product.hstatic.net/200000722513/product/ackwidow-v4-75-phantom-green-edition-rgb-hotswap-rz03-05003300-r3m1-08_f45889ee49404b11b7e7b0440aa3a96a.jpg'
    );
INSERT INTO product_category (product_id, category_id) VALUES (209, 28);
INSERT INTO product_variant (
        product_id, name, seo_name, supplier_id, price, price_sale, quantity, sku, model, barcode, 
        specifications, description, warranty, image_url, release_at, created_by)
        VALUES ( 209, 'Bàn phím Razer BlackWidow V4 75% Phantom Green Edition', 'ban-phim-razer-blackwidow-v4-75-phantom-green-edition',
            1, 0, 5390000, 10, 'KB-RAZER-BLACKWIDOW-V4-75-PHANTOM',
            'KB-RAZER-BLACKWIDOW-V4-75-PHANTOM', 'KB-RAZER-BLACKWIDOW-V4-75-PHANTOM',
            '{"Thương hiệu": "Razer", "Bảo hành": "24 tháng"}',
            'Bàn phím Razer BlackWidow V4 75% Phantom Green Editionlà một trong những sản phẩm nổi bật trong dòng bàn phím chơi game củaRazer. Với thiết kế gọn gàng, tính năng vượt trội và cảm giác gõ tuyệt vời, sản phẩm này đã thu hút sự chú ý của nhiều game thủ yêu thích. Trong bài viết này, chúng ta sẽ đánh giá chi tiết sản phẩm này về các đặc tính và tính năng nổi bật.Thiết kế 75% nhỏ gọn, tối ưu không gianRazer BlackWidow V4 75% là sự lựa chọn lý tưởng cho những game thủ và người dùng muốn tối ưu hóa không gian làm việc mà vẫn giữ được đầy đủ chức năng cần thiết. Với thiết kế form factor 75%,bàn phím máy tínhnày lược bỏ cụm phím số, giúp bàn phím trở nên nhỏ gọn hơn đáng kể so với bàn phím full-size, giải phóng không gian cho những pha lia chuột rộng rãi và linh hoạt hơn.Dù kích thước nhỏ hơn, bàn phím vẫn giữ lại đầy đủ các phím chức năng (F-row) và các phím điều hướng quan trọng, đảm bảo không ảnh hưởng đến trải nghiệm sử dụng hàng ngày hay trong game.Chất liệu cao cấpBề mặt bàn phím được làm từ vật liệu chất lượng cao và bền bỉ, giúp bảo vệ sản phẩm khỏi sự hao mòn trong quá trình sử dụng. Độ hoàn thiện tuyệt vời mang lại cảm giác cao cấp cho người sử dụng.Switch Razer Phantom GreenMột trong những điểm nổi bật của Bàn phím Razer BlackWidow V4 75% là việc sử dụng Switch Razer Phantom Green. Đây là loại switch cơ học được thiết kế đặc biệt để mang lại trải nghiệm gõ tốt nhất với âm thanh êm ái và độ nhạy cao. Người dùng có thể cảm nhận được từng cú gõ rõ ràng, từ đó nâng cao hiệu suất trong game.LED RGB tùy chỉnhPhiên bản Phantom Green Edition của BlackWidow V4 75% không chỉ mang đến vẻ ngoài độc đáo mà còn được trang bị hệ thống chiếu sáng Razer Chroma™ RGB nâng cao. Với đèn LED cho mỗi phím và ánh sáng underglow từ 2 bên và mặt trước, bạn có thể tạo ra vô số hiệu ứng ánh sáng rực rỡ và đồng bộ hóa với các thiết bị Razer Chroma khác thông qua phần mềm Razer Synapse. Điều này biến bàn phím của bạn thành một phần của hệ sinh thái ánh sáng sống động, thể hiện phong cách cá nhân và nâng tầm không gian gaming.Chức năng macro linh hoạtTính năng ghi macro trên Razer BlackWidow V4 75% là một điểm cộng lớn. Người dùng có thể dễ dàng ghi lại các phím tắt và lệnh phức tạp để sử dụng trong game, giúp tối ưu hóa trải nghiệm chơi game của mình với chiếcbàn phím cơnày.Khả năng chống bóng mờBàn phím Razer BlackWidow V4 75% được trang bị chức năng chống bóng mờ, cho phép nhận diện nhiều phím cùng lúc mà không gặp phải hiện tượng mất tín hiệu. Điều này đặc biệt hữu ích trong các tựa game yêu cầu độ chính xác cao.Trải nghiệm gõ cao cấp với&nbsp;hot-swappable và foam dampingBlackWidow V4 75% được thiết kế để mang lại trải nghiệm gõ phím đỉnh cao. Tính nănghot-swappablecho phép người dùng dễ dàng thay đổi switch (công tắc) mà không cần hàn, mở ra cánh cửa vô tận cho việc tùy chỉnh cảm giác gõ theo sở thích cá nhân.Đi kèm với đó là cấu trúc gasket-mounted và nhiều lớp foam damping (tiêu âm), bao gồm foam PCB và foam case. Sự kết hợp này giúp giảm thiểu đáng kể tiếng ồn và rung động khi gõ, tạo ra âm thanh gõ phím êm ái, đầm chắc và cực kỳ dễ chịu, biến mỗi lần nhấn phím thành một trải nghiệm tinh tế.Bàn phím Razer BlackWidow V4 75% Phantom Green Editionkhông chỉ mang lại trải nghiệm gõ ấn tượng với thiết kế nhỏ gọn, mà còn đầy đủ tính năng cần thiết cho những game thủ chuyên nghiệp. Với chất lượng hoàn thiện cao, switch cơ học tối ưu cùng chức năng tùy chỉnh linh hoạt, sản phẩm này xứng đáng là lựa chọn hàng đầu cho những ai đang tìm kiếm một bàn phím gaming hoàn hảo. Hãy trải nghiệm ngay để cảm nhận sự khác biệt mà sản phẩm này mang lại!',
            24, 'https://product.hstatic.net/200000722513/product/ackwidow-v4-75-phantom-green-edition-rgb-hotswap-rz03-05003300-r3m1-08_f45889ee49404b11b7e7b0440aa3a96a.jpg', '2025-06-17T04:11:52+00:00',1);
        
INSERT INTO product_image (name, product_variant_id, image_url, is_main)
VALUES
    ('Ảnh 1', 209, 'https://product.hstatic.net/200000722513/product/ackwidow-v4-75-phantom-green-edition-rgb-hotswap-rz03-05003300-r3m1-08_f45889ee49404b11b7e7b0440aa3a96a.jpg', TRUE),
    ('Ảnh 2', 209, 'https://product.hstatic.net/200000722513/product/ackwidow-v4-75-phantom-green-edition-rgb-hotswap-rz03-05003300-r3m1-12_7936834a364947d7afd9b118b17b4670.jpg', FALSE),
    ('Ảnh 3', 209, 'https://product.hstatic.net/200000722513/product/ackwidow-v4-75-phantom-green-edition-rgb-hotswap-rz03-05003300-r3m1-11_dcf2253c3128411eb13eefbbc0927cf4.jpg', FALSE),
    ('Ảnh 4', 209, 'https://product.hstatic.net/200000722513/product/ackwidow-v4-75-phantom-green-edition-rgb-hotswap-rz03-05003300-r3m1-09_8e85400ef5d64781a42ed7c8547b3678.jpg', FALSE),
    ('Ảnh 5', 209, 'https://product.hstatic.net/200000722513/product/ackwidow-v4-75-phantom-green-edition-rgb-hotswap-rz03-05003300-r3m1-10_6abc84cf27954e95b540dedd63d05467.jpg', FALSE),
    ('Ảnh 6', 209, 'https://product.hstatic.net/200000722513/product/ackwidow-v4-75-phantom-green-edition-rgb-hotswap-rz03-05003300-r3m1-01_28c093aebe32430ea03d4db2c076f126.jpg', FALSE);
---
INSERT INTO product (name, seo_name, brand_id, specifications, description, created_by, image_url) 
    VALUES (
        'Bàn phím Keychron B6P-K2 White Scissor', 'ban-phim-keychron-b6p-k2-white-scissor', 10,
        '{"Layout": "Fullsize", "Số lượng nút phím": "109 phím", "Chất liệu vỏ": "Nhựa", "Màu sắc": "Xám / Đen", "Keycap": "ABS", "Switch": "Scissor", "LED": "-", "Kết nối": "Wireless 2.4GHz / Bluetooth / Dây USB", "Loại dây": "Dây USB-C to A", "Kích thước (mm)": "429 x 130 x 14.5 mm", "Dung lượng - Thời lượng pin": "800mAh", "Polling Rate": "Lên đến 1000Hz"}',
        'Trải nghiệm đỉnh cao của sự tinh tế và hiệu suất với Bàn phím Keychron B6P-K2 White Scissor. Được thiết kế dành riêng cho những ai đề cao sự gọn gàng, yên tĩnh và thoải mái, chiếc bàn phím này không chỉ là một công cụ làm việc mà còn là một điểm nhấn thanh lịch trên mọi không gian. Với sắc trắng thuần khiết, B6P-K2 mang đến vẻ đẹp tối giản, hiện đại, dễ dàng hòa nhập vào môi trường làm việc hay góc học tập của bạn.\n\nĐiểm nổi bật của B6P-K2 chính là công nghệ switch cắt kéo (scissor switch) cao cấp, mang lại hành trình phím ngắn, độ phản hồi cực kỳ nhạy bén và cảm giác gõ êm ái, yên tĩnh đến bất ngờ. Đây là lựa chọn lý tưởng cho những buổi làm việc dài, các cuộc họp trực tuyến hay bất cứ khi nào bạn cần sự tập trung tuyệt đối mà không bị làm phiền bởi tiếng ồn. \n\nVới độ mỏng ấn tượng và khả năng kết nối không dây Bluetooth ổn định, B6P-K2 đảm bảo tính di động tối đa, cho phép bạn dễ dàng mang theo và làm việc hiệu quả ở bất cứ đâu. Hỗ trợ đa hệ điều hành từ macOS, Windows đến iOS và Android, chiếc bàn phím này là người bạn đồng hành lý tưởng cho mọi thiết bị. Keychron B6P-K2 White Scissor là sự kết hợp hoàn hảo giữa phong cách, sự tiện lợi và trải nghiệm gõ phím vượt trội, định nghĩa lại chuẩn mực của một bàn phím văn phòng hiện đại.',
        1, 'https://product.hstatic.net/200000722513/product/__9d5671d40b3b47259753c097ade033d7.png'
    );
INSERT INTO product_category (product_id, category_id) VALUES (210, 28);
INSERT INTO product_variant (
        product_id, name, seo_name, supplier_id, price, price_sale, quantity, sku, model, barcode, 
        specifications, description, warranty, image_url, release_at, created_by)
        VALUES ( 210, 'Bàn phím Keychron B6P-K2 White Scissor', 'ban-phim-keychron-b6p-k2-white-scissor',
            1, 0, 1090000, 10, 'KB-KEYCHRON-B6P-K2-WHI-SCISSOR',
            'KB-KEYCHRON-B6P-K2-WHI-SCISSOR', 'KB-KEYCHRON-B6P-K2-WHI-SCISSOR',
            '{"Layout": "Fullsize", "Số lượng nút phím": "109 phím", "Chất liệu vỏ": "Nhựa", "Màu sắc": "Xám / Đen", "Keycap": "ABS", "Switch": "Scissor", "LED": "-", "Kết nối": "Wireless 2.4GHz / Bluetooth / Dây USB", "Loại dây": "Dây USB-C to A", "Kích thước (mm)": "429 x 130 x 14.5 mm", "Dung lượng - Thời lượng pin": "800mAh", "Polling Rate": "Lên đến 1000Hz"}',
            'Trải nghiệm đỉnh cao của sự tinh tế và hiệu suất với Bàn phím Keychron B6P-K2 White Scissor. Được thiết kế dành riêng cho những ai đề cao sự gọn gàng, yên tĩnh và thoải mái, chiếc bàn phím này không chỉ là một công cụ làm việc mà còn là một điểm nhấn thanh lịch trên mọi không gian. Với sắc trắng thuần khiết, B6P-K2 mang đến vẻ đẹp tối giản, hiện đại, dễ dàng hòa nhập vào môi trường làm việc hay góc học tập của bạn.\n\nĐiểm nổi bật của B6P-K2 chính là công nghệ switch cắt kéo (scissor switch) cao cấp, mang lại hành trình phím ngắn, độ phản hồi cực kỳ nhạy bén và cảm giác gõ êm ái, yên tĩnh đến bất ngờ. Đây là lựa chọn lý tưởng cho những buổi làm việc dài, các cuộc họp trực tuyến hay bất cứ khi nào bạn cần sự tập trung tuyệt đối mà không bị làm phiền bởi tiếng ồn. \n\nVới độ mỏng ấn tượng và khả năng kết nối không dây Bluetooth ổn định, B6P-K2 đảm bảo tính di động tối đa, cho phép bạn dễ dàng mang theo và làm việc hiệu quả ở bất cứ đâu. Hỗ trợ đa hệ điều hành từ macOS, Windows đến iOS và Android, chiếc bàn phím này là người bạn đồng hành lý tưởng cho mọi thiết bị. Keychron B6P-K2 White Scissor là sự kết hợp hoàn hảo giữa phong cách, sự tiện lợi và trải nghiệm gõ phím vượt trội, định nghĩa lại chuẩn mực của một bàn phím văn phòng hiện đại.',
            12, 'https://product.hstatic.net/200000722513/product/__9d5671d40b3b47259753c097ade033d7.png', '2025-06-17T11:11:29+00:00',1);
        
INSERT INTO product_image (name, product_variant_id, image_url, is_main)
VALUES
    ('Ảnh 1', 210, 'https://product.hstatic.net/200000722513/product/__9d5671d40b3b47259753c097ade033d7.png', TRUE);
---
INSERT INTO product (name, seo_name, brand_id, specifications, description, created_by, image_url) 
    VALUES (
        'Bàn phím Keychron B6P-K1 Space Gray Scissor', 'ban-phim-keychron-b6p-k1-space-gray-scissor', 10,
        '{"Layout": "Fullsize", "Số lượng nút phím": "109 phím", "Chất liệu vỏ": "Nhựa", "Màu sắc": "Xám / Đen", "Keycap": "ABS", "Switch": "Scissor", "LED": "-", "Kết nối": "Wireless 2.4GHz / Bluetooth / Dây USB", "Loại dây": "Dây USB-C to A", "Kích thước (mm)": "429 x 130 x 14.5 mm", "Dung lượng - Thời lượng pin": "800mAh", "Polling Rate": "Lên đến 1000Hz"}',
        'Tên thông sốGiá trịLayoutFullsizeSố lượng nút phím109 phímChất liệu vỏNhựaMàu sắcXám / ĐenKeycapABSSwitchScissorLED-Kết nốiWireless 2.4GHz / Bluetooth / Dây USBLoại dâyDây USB-C to AKích thước (mm)429 x 130 x 14.5 mmDung lượng - Thời lượng pin800mAhPolling RateLên đến 1000Hz',
        1, 'https://product.hstatic.net/200000722513/product/download__9__7e93b9bf7ab345b5b33350b5beab3121.png'
    );
INSERT INTO product_category (product_id, category_id) VALUES (211, 28);
INSERT INTO product_variant (
        product_id, name, seo_name, supplier_id, price, price_sale, quantity, sku, model, barcode, 
        specifications, description, warranty, image_url, release_at, created_by)
        VALUES ( 211, 'Bàn phím Keychron B6P-K1 Space Gray Scissor', 'ban-phim-keychron-b6p-k1-space-gray-scissor',
            1, 0, 1090000, 10, 'KB-KEYCHRON-B6P-K1-SPACE-GRAY-SCISSOR',
            'KB-KEYCHRON-B6P-K1-SPACE-GRAY-SCISSOR', 'KB-KEYCHRON-B6P-K1-SPACE-GRAY-SCISSOR',
            '{"Layout": "Fullsize", "Số lượng nút phím": "109 phím", "Chất liệu vỏ": "Nhựa", "Màu sắc": "Xám / Đen", "Keycap": "ABS", "Switch": "Scissor", "LED": "-", "Kết nối": "Wireless 2.4GHz / Bluetooth / Dây USB", "Loại dây": "Dây USB-C to A", "Kích thước (mm)": "429 x 130 x 14.5 mm", "Dung lượng - Thời lượng pin": "800mAh", "Polling Rate": "Lên đến 1000Hz"}',
            'Tên thông sốGiá trịLayoutFullsizeSố lượng nút phím109 phímChất liệu vỏNhựaMàu sắcXám / ĐenKeycapABSSwitchScissorLED-Kết nốiWireless 2.4GHz / Bluetooth / Dây USBLoại dâyDây USB-C to AKích thước (mm)429 x 130 x 14.5 mmDung lượng - Thời lượng pin800mAhPolling RateLên đến 1000Hz',
            12, 'https://product.hstatic.net/200000722513/product/download__9__7e93b9bf7ab345b5b33350b5beab3121.png', '2025-06-17T11:09:35+00:00',1);
        
INSERT INTO product_image (name, product_variant_id, image_url, is_main)
VALUES
    ('Ảnh 1', 211, 'https://product.hstatic.net/200000722513/product/download__9__7e93b9bf7ab345b5b33350b5beab3121.png', TRUE);
---
INSERT INTO product (name, seo_name, brand_id, specifications, description, created_by, image_url) 
    VALUES (
        'Bàn phím Keychron B1P-K2 White Scissor', 'ban-phim-keychron-b1p-k2-white-scissor', 10,
        '{"Loại bàn phím": "Bàn phím Low-Profile không dây", "Layout bàn phím": "75%", "Số phím bấm": "79 phím", "Chuẩn kết nối": "Detachable Wired USB-C / Bluetooth / Wireless 2.4GHz", "Chất liệu bàn phím": "Khung phím: Nhựa ABS", "Switch bàn phím": "Scissor Mechanism", "Keycaps bàn phím": "ABS, Low-Profile", "Loại pin": "Pin sạc", "Dung lượng pin": "800 mAh", "Thời lượng pin": "Lên đến 8 tháng", "Phần mềm": "Keychron Launcher", "Kích thước": "296 x 130 mm", "Trọng lượng": "425g"}',
        'Bàn phím Keychron B1P-K2 White Scissorkhông chỉ là một chiếcbàn phím máy tính, mà là một công cụ tối ưu được thiết kế để nâng tầm trải nghiệm gõ phím của bạn lên một tầm cao mới. Dưới đây là đánh giá chi tiết về sản phẩm này!',
        1, 'https://product.hstatic.net/200000722513/product/download__8__0b78c2fdff4b4fe9afd9af76f5c014d3.png'
    );
INSERT INTO product_category (product_id, category_id) VALUES (212, 28);
INSERT INTO product_variant (
        product_id, name, seo_name, supplier_id, price, price_sale, quantity, sku, model, barcode, 
        specifications, description, warranty, image_url, release_at, created_by)
        VALUES ( 212, 'Bàn phím Keychron B1P-K2 White Scissor', 'ban-phim-keychron-b1p-k2-white-scissor',
            1, 0, 890000, 10, 'KB-KEYCHRON-B1P-K2-WHI-SCISSOR',
            'KB-KEYCHRON-B1P-K2-WHI-SCISSOR', 'KB-KEYCHRON-B1P-K2-WHI-SCISSOR',
            '{"Loại bàn phím": "Bàn phím Low-Profile không dây", "Layout bàn phím": "75%", "Số phím bấm": "79 phím", "Chuẩn kết nối": "Detachable Wired USB-C / Bluetooth / Wireless 2.4GHz", "Chất liệu bàn phím": "Khung phím: Nhựa ABS", "Switch bàn phím": "Scissor Mechanism", "Keycaps bàn phím": "ABS, Low-Profile", "Loại pin": "Pin sạc", "Dung lượng pin": "800 mAh", "Thời lượng pin": "Lên đến 8 tháng", "Phần mềm": "Keychron Launcher", "Kích thước": "296 x 130 mm", "Trọng lượng": "425g"}',
            'Bàn phím Keychron B1P-K2 White Scissorkhông chỉ là một chiếcbàn phím máy tính, mà là một công cụ tối ưu được thiết kế để nâng tầm trải nghiệm gõ phím của bạn lên một tầm cao mới. Dưới đây là đánh giá chi tiết về sản phẩm này!',
            12, 'https://product.hstatic.net/200000722513/product/download__8__0b78c2fdff4b4fe9afd9af76f5c014d3.png', '2025-06-17T11:08:36+00:00',1);
        
INSERT INTO product_image (name, product_variant_id, image_url, is_main)
VALUES
    ('Ảnh 1', 212, 'https://product.hstatic.net/200000722513/product/download__8__0b78c2fdff4b4fe9afd9af76f5c014d3.png', TRUE);
---
INSERT INTO product (name, seo_name, brand_id, specifications, description, created_by, image_url) 
    VALUES (
        'Bàn phím Keychron B1P-K1 Space Gray Scissor', 'ban-phim-keychron-b1p-k1-space-gray-scissor', 10,
        '{"Loại bàn phím": "Bàn phím Low-Profile không dây", "Layout bàn phím": "75%", "Số phím bấm": "79 phím", "Chuẩn kết nối": "Detachable Wired USB-C / Bluetooth / Wireless 2.4GHz", "Chất liệu bàn phím": "Khung phím: Nhựa ABS", "Switch bàn phím": "Scissor Mechanism", "Keycaps bàn phím": "ABS, Low-Profile", "Loại pin": "Pin sạc", "Dung lượng pin": "800 mAh", "Thời lượng pin": "Lên đến 8 tháng", "Phần mềm": "Keychron Launcher", "Kích thước": "296 x 130 mm", "Trọng lượng": "425g"}',
        'Nâng tầm không gian làm việc của bạn với Bàn phím Keychron B1P-K1 Space Gray Scissor – sự kết hợp hoàn hảo giữa phong cách tối giản, hiệu suất vượt trội và sự thoải mái tối đa. Với tông màu Xám không gian (Space Gray) sang trọng và tinh tế, B1P-K1 không chỉ là một công cụ nhập liệu mà còn là một điểm nhấn hiện đại, hài hòa cho mọi bàn làm việc, từ văn phòng chuyên nghiệp đến góc làm việc tại nhà. Trải nghiệm gõ phím mượt mà và yên tĩnh đáng kinh ngạc nhờ cơ chế switch cắt kéo (Scissor Switch) cao cấp. Mỗi lần nhấn phím đều mang lại cảm giác phản hồi nhanh, độ chính xác cao và hành trình phím nông lý tưởng, giúp bạn gõ liên tục trong thời gian dài mà không gây mỏi. Thiết kế siêu mỏng và nhẹ của B1P-K1 không chỉ tăng tính thẩm mỹ mà còn tối ưu cho khả năng di chuyển, biến nó thành người bạn đồng hành lý tưởng cho những người thường xuyên làm việc di động. Kết nối không dây Bluetooth 5.1 mạnh mẽ và ổn định, cho phép bạn dễ dàng chuyển đổi giữa nhiều thiết bị như máy tính, tablet hay điện thoại thông minh chỉ với một nút bấm. Bàn phím tương thích hoàn hảo với cả hệ điều hành macOS, Windows, iOS và Android, đảm bảo trải nghiệm sử dụng liền mạch trên mọi nền tảng. Với viên pin dung lượng lớn, B1P-K1 mang lại thời gian sử dụng kéo dài, giảm thiểu lo lắng về việc sạc pin thường xuyên. Keychron B1P-K1 Space Gray Scissor là lựa chọn lý tưởng cho những ai tìm kiếm một bàn phím không dây tin cậy, đẹp mắt và mang lại hiệu suất làm việc hiệu quả mỗi ngày.',
        1, 'https://product.hstatic.net/200000722513/product/download__7__5d1abc75092a48e7a3c7469858df1ec5.png'
    );
INSERT INTO product_category (product_id, category_id) VALUES (213, 28);
INSERT INTO product_variant (
        product_id, name, seo_name, supplier_id, price, price_sale, quantity, sku, model, barcode, 
        specifications, description, warranty, image_url, release_at, created_by)
        VALUES ( 213, 'Bàn phím Keychron B1P-K1 Space Gray Scissor', 'ban-phim-keychron-b1p-k1-space-gray-scissor',
            1, 0, 890000, 10, 'KB-KEYCHRON-B1P-K1-SPACE-GRAY-SCISSOR',
            'KB-KEYCHRON-B1P-K1-SPACE-GRAY-SCISSOR', 'KB-KEYCHRON-B1P-K1-SPACE-GRAY-SCISSOR',
            '{"Loại bàn phím": "Bàn phím Low-Profile không dây", "Layout bàn phím": "75%", "Số phím bấm": "79 phím", "Chuẩn kết nối": "Detachable Wired USB-C / Bluetooth / Wireless 2.4GHz", "Chất liệu bàn phím": "Khung phím: Nhựa ABS", "Switch bàn phím": "Scissor Mechanism", "Keycaps bàn phím": "ABS, Low-Profile", "Loại pin": "Pin sạc", "Dung lượng pin": "800 mAh", "Thời lượng pin": "Lên đến 8 tháng", "Phần mềm": "Keychron Launcher", "Kích thước": "296 x 130 mm", "Trọng lượng": "425g"}',
            'Nâng tầm không gian làm việc của bạn với Bàn phím Keychron B1P-K1 Space Gray Scissor – sự kết hợp hoàn hảo giữa phong cách tối giản, hiệu suất vượt trội và sự thoải mái tối đa. Với tông màu Xám không gian (Space Gray) sang trọng và tinh tế, B1P-K1 không chỉ là một công cụ nhập liệu mà còn là một điểm nhấn hiện đại, hài hòa cho mọi bàn làm việc, từ văn phòng chuyên nghiệp đến góc làm việc tại nhà. Trải nghiệm gõ phím mượt mà và yên tĩnh đáng kinh ngạc nhờ cơ chế switch cắt kéo (Scissor Switch) cao cấp. Mỗi lần nhấn phím đều mang lại cảm giác phản hồi nhanh, độ chính xác cao và hành trình phím nông lý tưởng, giúp bạn gõ liên tục trong thời gian dài mà không gây mỏi. Thiết kế siêu mỏng và nhẹ của B1P-K1 không chỉ tăng tính thẩm mỹ mà còn tối ưu cho khả năng di chuyển, biến nó thành người bạn đồng hành lý tưởng cho những người thường xuyên làm việc di động. Kết nối không dây Bluetooth 5.1 mạnh mẽ và ổn định, cho phép bạn dễ dàng chuyển đổi giữa nhiều thiết bị như máy tính, tablet hay điện thoại thông minh chỉ với một nút bấm. Bàn phím tương thích hoàn hảo với cả hệ điều hành macOS, Windows, iOS và Android, đảm bảo trải nghiệm sử dụng liền mạch trên mọi nền tảng. Với viên pin dung lượng lớn, B1P-K1 mang lại thời gian sử dụng kéo dài, giảm thiểu lo lắng về việc sạc pin thường xuyên. Keychron B1P-K1 Space Gray Scissor là lựa chọn lý tưởng cho những ai tìm kiếm một bàn phím không dây tin cậy, đẹp mắt và mang lại hiệu suất làm việc hiệu quả mỗi ngày.',
            12, 'https://product.hstatic.net/200000722513/product/download__7__5d1abc75092a48e7a3c7469858df1ec5.png', '2025-06-17T11:05:44+00:00',1);
        
INSERT INTO product_image (name, product_variant_id, image_url, is_main)
VALUES
    ('Ảnh 1', 213, 'https://product.hstatic.net/200000722513/product/download__7__5d1abc75092a48e7a3c7469858df1ec5.png', TRUE);
---
INSERT INTO product (name, seo_name, brand_id, specifications, description, created_by, image_url) 
    VALUES (
        'Bàn phím Keychron X5-A3 Black Brown Switch', 'ban-phim-keychron-x5-a3-black-brown-switch', 10,
        '{"Thương hiệu": "Keychron", "Tên sản phẩm": "Keychron X5", "Layout": "96%", "Số lượng nút phím": "98 phím", "Chất liệu vỏ": "Nhựa", "Màu sắc": "Đen", "Keycap": "ABS Doubleshot - OEM Profile", "Switch": "Keychron Brown Switch", "LED": "LED Đỏ", "Kết nối": "Dây USB", "Loại dây": "Dây USB-C to A", "Kích thước (mm)": "380.5 x 133.7 x 38.6 mm"}',
        'Tên thông sốGiá trịThương hiệuKeychronTên sản phẩmKeychron X5Layout96%Số lượng nút phím98 phímChất liệu vỏNhựaMàu sắcĐenKeycapABS Doubleshot - OEM ProfileSwitchKeychron Brown SwitchLEDLED ĐỏKết nốiDây USBLoại dâyDây USB-C to AKích thước (mm)380.5 x 133.7 x 38.6 mm',
        1, 'https://product.hstatic.net/200000722513/product/download__6__7d2644b4c3474e8da37d752ab2662fef.png'
    );
INSERT INTO product_category (product_id, category_id) VALUES (214, 28);
INSERT INTO product_variant (
        product_id, name, seo_name, supplier_id, price, price_sale, quantity, sku, model, barcode, 
        specifications, description, warranty, image_url, release_at, created_by)
        VALUES ( 214, 'Bàn phím Keychron X5-A3 Black Brown Switch', 'ban-phim-keychron-x5-a3-black-brown-switch',
            1, 0, 1290000, 10, 'KB-KEYCHRON-X5-A3-BLK-BROWN-SW',
            'KB-KEYCHRON-X5-A3-BLK-BROWN-SW', 'KB-KEYCHRON-X5-A3-BLK-BROWN-SW',
            '{"Thương hiệu": "Keychron", "Tên sản phẩm": "Keychron X5", "Layout": "96%", "Số lượng nút phím": "98 phím", "Chất liệu vỏ": "Nhựa", "Màu sắc": "Đen", "Keycap": "ABS Doubleshot - OEM Profile", "Switch": "Keychron Brown Switch", "LED": "LED Đỏ", "Kết nối": "Dây USB", "Loại dây": "Dây USB-C to A", "Kích thước (mm)": "380.5 x 133.7 x 38.6 mm"}',
            'Tên thông sốGiá trịThương hiệuKeychronTên sản phẩmKeychron X5Layout96%Số lượng nút phím98 phímChất liệu vỏNhựaMàu sắcĐenKeycapABS Doubleshot - OEM ProfileSwitchKeychron Brown SwitchLEDLED ĐỏKết nốiDây USBLoại dâyDây USB-C to AKích thước (mm)380.5 x 133.7 x 38.6 mm',
            12, 'https://product.hstatic.net/200000722513/product/download__6__7d2644b4c3474e8da37d752ab2662fef.png', '2025-06-17T11:04:10+00:00',1);
        
INSERT INTO product_image (name, product_variant_id, image_url, is_main)
VALUES
    ('Ảnh 1', 214, 'https://product.hstatic.net/200000722513/product/download__6__7d2644b4c3474e8da37d752ab2662fef.png', TRUE);
---
INSERT INTO product (name, seo_name, brand_id, specifications, description, created_by, image_url) 
    VALUES (
        'Bàn phím Keychron K8M-J3 Black Brown Switch', 'ban-phim-keychron-k8m-j3-black-brown-switch', 10,
        '{"Nhà sản xuất": "Keychron", "Loại bàn phím": "Bàn phím cơ không dây", "Layout bàn phím": "80% TKL (ANSI)", "Số phím bấm": "87 phím", "Chuẩn kết nối": "Wireless 2.4GHz / Bluetooth 5.1 / Wired USB-C", "Chất liệu bàn phím": "Khung phím: Nhôm CNC", "Switch bàn phím": "Keychron Super Red / Super Brown / Super Banana", "Keycaps bàn phím": "PBT Doubleshot, OSA Profile", "Đèn nền": "LED RGB", "N-Key Rollover": "Có", "Polling Rate": "2.4GHz: Up to 1000Hz Bluetooth 5.1: Up to 90Hz", "Onboard Memory": "Có", "Loại pin": "Pin sạc", "Dung lượng pin": "4000 mAh", "Thời lượng pin": "Có đèn nền: Lên đến 30 giờ Không đèn nền: Lên đến 180 giờ", "Phần mềm": "Keychron Launcher", "Kích thước": "354.21 x 124.18 mm", "Trọng lượng": "1158g"}',
        'Khám phá sự kết hợp hoàn hảo giữa phong cách, hiệu năng và tính linh hoạt với Bàn phím cơ Keychron K8M-J3 Black Brown Switch. Được thiết kế dành cho những người dùng đòi hỏi cao, K8M-J3 mang đến trải nghiệm gõ phím vượt trội, lý tưởng cho công việc, giải trí và lập trình. Với layout Tenkeyless (TKL) gọn gàng, chiếc bàn phím này tối ưu không gian bàn làm việc mà vẫn giữ lại đầy đủ các phím chức năng cần thiết.\n\nĐiểm nhấn của phiên bản K8M-J3 chính là bộ switch Keychron/Gateron Brown. Loại switch tactile này nổi tiếng với phản hồi xúc giác êm ái, rõ ràng ngay tại điểm kích hoạt, mang lại cảm giác gõ phím \"đã tay\" mà không gây ra tiếng ồn quá lớn – sự cân bằng lý tưởng cho mọi môi trường. Đặc biệt, với tính năng hot-swappable, bạn có thể dễ dàng thay đổi các loại switch khác mà không cần hàn, cho phép tùy chỉnh trải nghiệm gõ phím theo sở thích cá nhân.\n\nBàn phím hỗ trợ kết nối kép linh hoạt: không dây qua Bluetooth 5.1 ổn định (kết nối tối đa 3 thiết bị cùng lúc, chuyển đổi mượt mà giữa các hệ điều hành Mac/Windows/Linux) và có dây qua cổng USB Type-C tiện lợi. Vẻ ngoài màu đen sang trọng cùng với viền nhôm chắc chắn không chỉ tạo nên vẻ ngoài chuyên nghiệp mà còn tăng cường độ bền bỉ. Hệ thống đèn nền RGB rực rỡ với nhiều chế độ chiếu sáng giúp nâng tầm thẩm mỹ và khả năng làm việc trong điều kiện thiếu sáng.\n\nThời lượng pin ấn tượng, keycaps chất lượng cao và khả năng tương thích vượt trội với đa hệ điều hành biến Keychron K8M-J3 thành lựa chọn lý tưởng cho bất kỳ ai đang tìm kiếm một chiếc bàn phím cơ đa năng, hiệu suất cao và cực kỳ đáng tin cậy để nâng tầm trải nghiệm gõ phím của mình.',
        1, 'https://product.hstatic.net/200000722513/product/download__5__ee4ac50aa2c94abda6039338a5e2b8f6.png'
    );
INSERT INTO product_category (product_id, category_id) VALUES (215, 28);
INSERT INTO product_variant (
        product_id, name, seo_name, supplier_id, price, price_sale, quantity, sku, model, barcode, 
        specifications, description, warranty, image_url, release_at, created_by)
        VALUES ( 215, 'Bàn phím Keychron K8M-J3 Black Brown Switch', 'ban-phim-keychron-k8m-j3-black-brown-switch',
            1, 0, 2790000, 10, 'KB-KEYCHRON-K8M-J3-BLK-BROWN-SW',
            'KB-KEYCHRON-K8M-J3-BLK-BROWN-SW', 'KB-KEYCHRON-K8M-J3-BLK-BROWN-SW',
            '{"Nhà sản xuất": "Keychron", "Loại bàn phím": "Bàn phím cơ không dây", "Layout bàn phím": "80% TKL (ANSI)", "Số phím bấm": "87 phím", "Chuẩn kết nối": "Wireless 2.4GHz / Bluetooth 5.1 / Wired USB-C", "Chất liệu bàn phím": "Khung phím: Nhôm CNC", "Switch bàn phím": "Keychron Super Red / Super Brown / Super Banana", "Keycaps bàn phím": "PBT Doubleshot, OSA Profile", "Đèn nền": "LED RGB", "N-Key Rollover": "Có", "Polling Rate": "2.4GHz: Up to 1000Hz Bluetooth 5.1: Up to 90Hz", "Onboard Memory": "Có", "Loại pin": "Pin sạc", "Dung lượng pin": "4000 mAh", "Thời lượng pin": "Có đèn nền: Lên đến 30 giờ Không đèn nền: Lên đến 180 giờ", "Phần mềm": "Keychron Launcher", "Kích thước": "354.21 x 124.18 mm", "Trọng lượng": "1158g"}',
            'Khám phá sự kết hợp hoàn hảo giữa phong cách, hiệu năng và tính linh hoạt với Bàn phím cơ Keychron K8M-J3 Black Brown Switch. Được thiết kế dành cho những người dùng đòi hỏi cao, K8M-J3 mang đến trải nghiệm gõ phím vượt trội, lý tưởng cho công việc, giải trí và lập trình. Với layout Tenkeyless (TKL) gọn gàng, chiếc bàn phím này tối ưu không gian bàn làm việc mà vẫn giữ lại đầy đủ các phím chức năng cần thiết.\n\nĐiểm nhấn của phiên bản K8M-J3 chính là bộ switch Keychron/Gateron Brown. Loại switch tactile này nổi tiếng với phản hồi xúc giác êm ái, rõ ràng ngay tại điểm kích hoạt, mang lại cảm giác gõ phím \"đã tay\" mà không gây ra tiếng ồn quá lớn – sự cân bằng lý tưởng cho mọi môi trường. Đặc biệt, với tính năng hot-swappable, bạn có thể dễ dàng thay đổi các loại switch khác mà không cần hàn, cho phép tùy chỉnh trải nghiệm gõ phím theo sở thích cá nhân.\n\nBàn phím hỗ trợ kết nối kép linh hoạt: không dây qua Bluetooth 5.1 ổn định (kết nối tối đa 3 thiết bị cùng lúc, chuyển đổi mượt mà giữa các hệ điều hành Mac/Windows/Linux) và có dây qua cổng USB Type-C tiện lợi. Vẻ ngoài màu đen sang trọng cùng với viền nhôm chắc chắn không chỉ tạo nên vẻ ngoài chuyên nghiệp mà còn tăng cường độ bền bỉ. Hệ thống đèn nền RGB rực rỡ với nhiều chế độ chiếu sáng giúp nâng tầm thẩm mỹ và khả năng làm việc trong điều kiện thiếu sáng.\n\nThời lượng pin ấn tượng, keycaps chất lượng cao và khả năng tương thích vượt trội với đa hệ điều hành biến Keychron K8M-J3 thành lựa chọn lý tưởng cho bất kỳ ai đang tìm kiếm một chiếc bàn phím cơ đa năng, hiệu suất cao và cực kỳ đáng tin cậy để nâng tầm trải nghiệm gõ phím của mình.',
            12, 'https://product.hstatic.net/200000722513/product/download__5__ee4ac50aa2c94abda6039338a5e2b8f6.png', '2025-06-17T10:59:58+00:00',1);
        
INSERT INTO product_image (name, product_variant_id, image_url, is_main)
VALUES
    ('Ảnh 1', 215, 'https://product.hstatic.net/200000722513/product/download__5__ee4ac50aa2c94abda6039338a5e2b8f6.png', TRUE);
---
INSERT INTO product (name, seo_name, brand_id, specifications, description, created_by, image_url) 
    VALUES (
        'Bàn phím Keychron K5M-B3 Black Brown Switch', 'ban-phim-keychron-k5m-b3-black-brown-switch', 10,
        '{"Hãng sản xuất": "Keychron", "Model": "K5M-B1 (Gateron Red Switch) / K5M-B3 (Gateron Brown Switch)", "Kết nối": "2.4GHz / Bluetooth 5.1 / Cáp USB Type-C", "Chất liệu phím": "PBT Double-Shot", "Số phím": "108 phím", "Profile": "Low profile", "Đèn nền": "RGB", "Keyswitch": "Gateron Switch Red / Brown", "Độ bền Switch": "50 triệu lần nhấn", "Keyboard Rollover": "N-Key", "Kích thước": "424 x 119 mm", "Trọng lượng": "720 g", "Khả năng tương thích": "macOS / Windows / Linux", "Tính năng": "Foam tiêu âm IXPE / Hỗ trợ QMK & VIA", "Dạng bàn phím": "Fullsize", "Pin": "2000mAh", "Bảo hành": "12 tháng"}',
        'MụcThông tin chi tiếtHãng sản xuấtKeychronModelK5M-B1 (Gateron Red Switch) / K5M-B3 (Gateron Brown Switch)Kết nối2.4GHz / Bluetooth 5.1 / Cáp USB Type-CChất liệu phímPBT Double-ShotSố phím108 phímProfileLow profileĐèn nềnRGBKeyswitchGateron Switch Red / BrownĐộ bền Switch50 triệu lần nhấnKeyboard RolloverN-KeyKích thước424 x 119 mmTrọng lượng720 gKhả năng tương thíchmacOS / Windows / LinuxTính năngFoam tiêu âm IXPE / Hỗ trợ QMK & VIADạng bàn phímFullsizePin2000mAhBảo hành12 tháng',
        1, 'https://product.hstatic.net/200000722513/product/download__4__0c03d83821ce4011b0ee742e1cc87eaa.png'
    );
INSERT INTO product_category (product_id, category_id) VALUES (216, 28);
INSERT INTO product_variant (
        product_id, name, seo_name, supplier_id, price, price_sale, quantity, sku, model, barcode, 
        specifications, description, warranty, image_url, release_at, created_by)
        VALUES ( 216, 'Bàn phím Keychron K5M-B3 Black Brown Switch', 'ban-phim-keychron-k5m-b3-black-brown-switch',
            1, 0, 2690000, 10, 'KB-KEYCHRON-K5M-B3-BLK-BROWN-SW',
            'KB-KEYCHRON-K5M-B3-BLK-BROWN-SW', 'KB-KEYCHRON-K5M-B3-BLK-BROWN-SW',
            '{"Hãng sản xuất": "Keychron", "Model": "K5M-B1 (Gateron Red Switch) / K5M-B3 (Gateron Brown Switch)", "Kết nối": "2.4GHz / Bluetooth 5.1 / Cáp USB Type-C", "Chất liệu phím": "PBT Double-Shot", "Số phím": "108 phím", "Profile": "Low profile", "Đèn nền": "RGB", "Keyswitch": "Gateron Switch Red / Brown", "Độ bền Switch": "50 triệu lần nhấn", "Keyboard Rollover": "N-Key", "Kích thước": "424 x 119 mm", "Trọng lượng": "720 g", "Khả năng tương thích": "macOS / Windows / Linux", "Tính năng": "Foam tiêu âm IXPE / Hỗ trợ QMK & VIA", "Dạng bàn phím": "Fullsize", "Pin": "2000mAh", "Bảo hành": "12 tháng"}',
            'MụcThông tin chi tiếtHãng sản xuấtKeychronModelK5M-B1 (Gateron Red Switch) / K5M-B3 (Gateron Brown Switch)Kết nối2.4GHz / Bluetooth 5.1 / Cáp USB Type-CChất liệu phímPBT Double-ShotSố phím108 phímProfileLow profileĐèn nềnRGBKeyswitchGateron Switch Red / BrownĐộ bền Switch50 triệu lần nhấnKeyboard RolloverN-KeyKích thước424 x 119 mmTrọng lượng720 gKhả năng tương thíchmacOS / Windows / LinuxTính năngFoam tiêu âm IXPE / Hỗ trợ QMK & VIADạng bàn phímFullsizePin2000mAhBảo hành12 tháng',
            12, 'https://product.hstatic.net/200000722513/product/download__4__0c03d83821ce4011b0ee742e1cc87eaa.png', '2025-06-17T10:57:08+00:00',1);
        
INSERT INTO product_image (name, product_variant_id, image_url, is_main)
VALUES
    ('Ảnh 1', 216, 'https://product.hstatic.net/200000722513/product/download__4__0c03d83821ce4011b0ee742e1cc87eaa.png', TRUE);
---
INSERT INTO product (name, seo_name, brand_id, specifications, description, created_by, image_url) 
    VALUES (
        'Bàn phím Keychron K3M-B3 Black Brown Switch', 'ban-phim-keychron-k3m-b3-black-brown-switch', 10,
        '{"Kích thước": "306 x 116 x 22 mm", "Phân loại": "Bàn phím cơ không dây", "Cổng kết nối": "Wireless 2.4 GHz / Bluetooth 5.1 / Type-C", "Hệ điều hành hỗ trợ": "MacOS / Windows / Linux", "Màu sắc": "Đen", "Khối lượng": "525g", "Chiều dài dây": "1.8m", "Bảo hành": "12 tháng", "Chất liệu": "Nhựa PBT", "Dung lượng Pin": "1550 mAh", "Số lượng phím": "84", "Kiểu switch": "Brown Switch", "Đèn bàn phím": "Gateron RGB Backlight"}',
        'Khám phá đỉnh cao của sự tiện lợi và hiệu suất với Bàn Phím Cơ Không Dây Keychron K3M-B3 Low-Profile Black Brown Switch – một biểu tượng của sự kết hợp hoàn hảo giữa thiết kế tinh tế và trải nghiệm gõ phím vượt trội. Được chế tác dành cho những người dùng hiện đại luôn tìm kiếm sự tối ưu, K3M-B3 tự hào với thiết kế siêu mỏng (low-profile) độc đáo, mang lại cảm giác thoải mái tối đa cho cổ tay, đồng thời giữ vững vẻ ngoài thanh lịch và gọn gàng, với gam màu đen sang trọng. Trải nghiệm gõ phím được nâng tầm nhờ các switch quang học Brown độc quyền. Với lực nhấn vừa phải và phản hồi xúc giác (tactile) rõ ràng nhưng không quá ồn ào, mỗi lần gõ phím trên K3M-B3 là một hành trình êm ái, chính xác và đầy cảm hứng, lý tưởng cho cả những buổi làm việc dài, viết lách sáng tạo hay những trận game gay cấn. Với layout 75% nhỏ gọn, bàn phím này tiết kiệm không gian bàn làm việc đáng kể mà vẫn đảm bảo đầy đủ các phím chức năng quan trọng, giúp bạn làm việc hiệu quả hơn. Khả năng kết nối linh hoạt là một điểm cộng lớn: bạn có thể dễ dàng chuyển đổi giữa kết nối không dây Bluetooth 5.1 ổn định với tối đa 3 thiết bị và kết nối có dây USB Type-C tiện lợi để sạc hoặc sử dụng trực tiếp. Không chỉ dừng lại ở hiệu suất, Keychron K3M-B3 còn là một tác phẩm nghệ thuật. Khung nhôm chắc chắn không chỉ tăng độ bền mà còn mang lại cảm giác cao cấp khi chạm vào. Đèn nền RGB rực rỡ với nhiều hiệu ứng tùy chỉnh sẽ thắp sáng không gian làm việc của bạn, tạo nên phong cách riêng biệt. Tương thích hoàn hảo với cả macOS và Windows, đi kèm các keycap và switch chức năng chuyên dụng, K3M-B3 đảm bảo trải nghiệm liền mạch trên mọi hệ điều hành. Hãy nâng cấp không gian làm việc và trải nghiệm gõ phím của bạn với Keychron K3M-B3 Low-Profile Black Brown Switch – chiếc bàn phím sẽ định nghĩa lại sự tiện lợi, phong cách và hiệu suất cho bạn.',
        1, 'https://product.hstatic.net/200000722513/product/download__3__8ba81db5a00c41a29e26334e39c221d2.png'
    );
INSERT INTO product_category (product_id, category_id) VALUES (217, 28);
INSERT INTO product_variant (
        product_id, name, seo_name, supplier_id, price, price_sale, quantity, sku, model, barcode, 
        specifications, description, warranty, image_url, release_at, created_by)
        VALUES ( 217, 'Bàn phím Keychron K3M-B3 Black Brown Switch', 'ban-phim-keychron-k3m-b3-black-brown-switch',
            1, 0, 2590000, 10, 'KB-KEYCHRON-K3M-B3-BLK-BROWN-SW',
            'KB-KEYCHRON-K3M-B3-BLK-BROWN-SW', 'KB-KEYCHRON-K3M-B3-BLK-BROWN-SW',
            '{"Kích thước": "306 x 116 x 22 mm", "Phân loại": "Bàn phím cơ không dây", "Cổng kết nối": "Wireless 2.4 GHz / Bluetooth 5.1 / Type-C", "Hệ điều hành hỗ trợ": "MacOS / Windows / Linux", "Màu sắc": "Đen", "Khối lượng": "525g", "Chiều dài dây": "1.8m", "Bảo hành": "12 tháng", "Chất liệu": "Nhựa PBT", "Dung lượng Pin": "1550 mAh", "Số lượng phím": "84", "Kiểu switch": "Brown Switch", "Đèn bàn phím": "Gateron RGB Backlight"}',
            'Khám phá đỉnh cao của sự tiện lợi và hiệu suất với Bàn Phím Cơ Không Dây Keychron K3M-B3 Low-Profile Black Brown Switch – một biểu tượng của sự kết hợp hoàn hảo giữa thiết kế tinh tế và trải nghiệm gõ phím vượt trội. Được chế tác dành cho những người dùng hiện đại luôn tìm kiếm sự tối ưu, K3M-B3 tự hào với thiết kế siêu mỏng (low-profile) độc đáo, mang lại cảm giác thoải mái tối đa cho cổ tay, đồng thời giữ vững vẻ ngoài thanh lịch và gọn gàng, với gam màu đen sang trọng. Trải nghiệm gõ phím được nâng tầm nhờ các switch quang học Brown độc quyền. Với lực nhấn vừa phải và phản hồi xúc giác (tactile) rõ ràng nhưng không quá ồn ào, mỗi lần gõ phím trên K3M-B3 là một hành trình êm ái, chính xác và đầy cảm hứng, lý tưởng cho cả những buổi làm việc dài, viết lách sáng tạo hay những trận game gay cấn. Với layout 75% nhỏ gọn, bàn phím này tiết kiệm không gian bàn làm việc đáng kể mà vẫn đảm bảo đầy đủ các phím chức năng quan trọng, giúp bạn làm việc hiệu quả hơn. Khả năng kết nối linh hoạt là một điểm cộng lớn: bạn có thể dễ dàng chuyển đổi giữa kết nối không dây Bluetooth 5.1 ổn định với tối đa 3 thiết bị và kết nối có dây USB Type-C tiện lợi để sạc hoặc sử dụng trực tiếp. Không chỉ dừng lại ở hiệu suất, Keychron K3M-B3 còn là một tác phẩm nghệ thuật. Khung nhôm chắc chắn không chỉ tăng độ bền mà còn mang lại cảm giác cao cấp khi chạm vào. Đèn nền RGB rực rỡ với nhiều hiệu ứng tùy chỉnh sẽ thắp sáng không gian làm việc của bạn, tạo nên phong cách riêng biệt. Tương thích hoàn hảo với cả macOS và Windows, đi kèm các keycap và switch chức năng chuyên dụng, K3M-B3 đảm bảo trải nghiệm liền mạch trên mọi hệ điều hành. Hãy nâng cấp không gian làm việc và trải nghiệm gõ phím của bạn với Keychron K3M-B3 Low-Profile Black Brown Switch – chiếc bàn phím sẽ định nghĩa lại sự tiện lợi, phong cách và hiệu suất cho bạn.',
            12, 'https://product.hstatic.net/200000722513/product/download__3__8ba81db5a00c41a29e26334e39c221d2.png', '2025-06-17T10:55:43+00:00',1);
        
INSERT INTO product_image (name, product_variant_id, image_url, is_main)
VALUES
    ('Ảnh 1', 217, 'https://product.hstatic.net/200000722513/product/download__3__8ba81db5a00c41a29e26334e39c221d2.png', TRUE);
---
INSERT INTO product (name, seo_name, brand_id, specifications, description, created_by, image_url) 
    VALUES (
        'Bàn phím Keychron V3M-D3 Carbon Black Brown Switch', 'ban-phim-keychron-v3m-d3-carbon-black-brown-switch', 10,
        '{"Kích thước": "367.8 x 149 x 32.5 mm", "Phân loại": "Bàn phím cơ không dây", "Cổng kết nối": "Wireless 2.4 GHz / Bluetooth 5.1 / Type-C", "Hệ điều hành hỗ trợ": "MacOS / Windows / Linux", "Màu sắc": "Đen", "Khối lượng": "895 ± 10 g", "Chiều dài dây": "1.8m", "Bảo hành": "12 tháng", "Chất liệu": "Nhựa ABS + PC", "Dung lượng Pin": "4000 mAh", "Số lượng phím": "88", "Kiểu switch": "Brown Switch", "Đèn bàn phím": "LED RGB"}',
        'Đắm mình vào trải nghiệm gõ phím đỉnh cao với Bàn phím Keychron V3M-D3 Carbon Black Brown Switch – sự kết hợp hoàn hảo giữa hiệu suất vượt trội, khả năng tùy chỉnh không giới hạn và phong cách tinh tế. Được thiết kế dành cho những người dùng khó tính nhất, V3M-D3 tự hào với nền tảng cơ khí vững chắc và hỗ trợ QMK/VIA đầy đủ, cho phép bạn lập trình lại mọi phím, tạo macro phức tạp và điều chỉnh hiệu ứng ánh sáng RGB rực rỡ theo ý muốn, biến chiếc bàn phím này thành công cụ làm việc và giải trí thực sự của riêng bạn. Phiên bản Carbon Black khoác lên mình vẻ ngoài sang trọng, mạnh mẽ và chuyên nghiệp, dễ dàng hòa nhập vào bất kỳ không gian làm việc hay setup gaming nào, đồng thời toát lên sự đẳng cấp và bền bỉ. Trung tâm của trải nghiệm gõ phím tuyệt vời này là các Brown Switch xúc giác (tactile) trứ danh. Với lực nhấn vừa phải và một cú nhấp nhẹ nhàng, tinh tế khi kích hoạt, Brown Switch mang lại phản hồi xúc giác rõ ràng mà không quá ồn ào, lý tưởng cho những phiên làm việc dài cần sự tập trung cao độ, hay những trận gaming cần độ chính xác mà vẫn giữ được sự yên tĩnh. Đây là lựa chọn hoàn hảo cho những ai tìm kiếm sự cân bằng giữa tốc độ, độ chính xác và cảm giác gõ êm ái, dễ chịu. Keychron V3M-D3 Carbon Black Brown Switch không chỉ là một chiếc bàn phím, mà là một khoản đầu tư vào năng suất và niềm đam mê. Nó đại diện cho sự tự do tùy chỉnh, chất lượng bền bỉ và một thiết kế không lỗi thời, sẵn sàng nâng tầm trải nghiệm gõ phím của bạn lên một tầm cao mới. Hãy sẵn sàng để khám phá sự khác biệt!',
        1, 'https://product.hstatic.net/200000722513/product/download__2__20de7c57205b42a682a6b25fe55322bf.png'
    );
INSERT INTO product_category (product_id, category_id) VALUES (218, 28);
INSERT INTO product_variant (
        product_id, name, seo_name, supplier_id, price, price_sale, quantity, sku, model, barcode, 
        specifications, description, warranty, image_url, release_at, created_by)
        VALUES ( 218, 'Bàn phím Keychron V3M-D3 Carbon Black Brown Switch', 'ban-phim-keychron-v3m-d3-carbon-black-brown-switch',
            1, 0, 2390000, 10, 'KB-KEYCHRON-V3M-D3-CARBON-BLK-BROWN-SW',
            'KB-KEYCHRON-V3M-D3-CARBON-BLK-BROWN-SW', 'KB-KEYCHRON-V3M-D3-CARBON-BLK-BROWN-SW',
            '{"Kích thước": "367.8 x 149 x 32.5 mm", "Phân loại": "Bàn phím cơ không dây", "Cổng kết nối": "Wireless 2.4 GHz / Bluetooth 5.1 / Type-C", "Hệ điều hành hỗ trợ": "MacOS / Windows / Linux", "Màu sắc": "Đen", "Khối lượng": "895 ± 10 g", "Chiều dài dây": "1.8m", "Bảo hành": "12 tháng", "Chất liệu": "Nhựa ABS + PC", "Dung lượng Pin": "4000 mAh", "Số lượng phím": "88", "Kiểu switch": "Brown Switch", "Đèn bàn phím": "LED RGB"}',
            'Đắm mình vào trải nghiệm gõ phím đỉnh cao với Bàn phím Keychron V3M-D3 Carbon Black Brown Switch – sự kết hợp hoàn hảo giữa hiệu suất vượt trội, khả năng tùy chỉnh không giới hạn và phong cách tinh tế. Được thiết kế dành cho những người dùng khó tính nhất, V3M-D3 tự hào với nền tảng cơ khí vững chắc và hỗ trợ QMK/VIA đầy đủ, cho phép bạn lập trình lại mọi phím, tạo macro phức tạp và điều chỉnh hiệu ứng ánh sáng RGB rực rỡ theo ý muốn, biến chiếc bàn phím này thành công cụ làm việc và giải trí thực sự của riêng bạn. Phiên bản Carbon Black khoác lên mình vẻ ngoài sang trọng, mạnh mẽ và chuyên nghiệp, dễ dàng hòa nhập vào bất kỳ không gian làm việc hay setup gaming nào, đồng thời toát lên sự đẳng cấp và bền bỉ. Trung tâm của trải nghiệm gõ phím tuyệt vời này là các Brown Switch xúc giác (tactile) trứ danh. Với lực nhấn vừa phải và một cú nhấp nhẹ nhàng, tinh tế khi kích hoạt, Brown Switch mang lại phản hồi xúc giác rõ ràng mà không quá ồn ào, lý tưởng cho những phiên làm việc dài cần sự tập trung cao độ, hay những trận gaming cần độ chính xác mà vẫn giữ được sự yên tĩnh. Đây là lựa chọn hoàn hảo cho những ai tìm kiếm sự cân bằng giữa tốc độ, độ chính xác và cảm giác gõ êm ái, dễ chịu. Keychron V3M-D3 Carbon Black Brown Switch không chỉ là một chiếc bàn phím, mà là một khoản đầu tư vào năng suất và niềm đam mê. Nó đại diện cho sự tự do tùy chỉnh, chất lượng bền bỉ và một thiết kế không lỗi thời, sẵn sàng nâng tầm trải nghiệm gõ phím của bạn lên một tầm cao mới. Hãy sẵn sàng để khám phá sự khác biệt!',
            12, 'https://product.hstatic.net/200000722513/product/download__2__20de7c57205b42a682a6b25fe55322bf.png', '2025-06-17T10:53:19+00:00',1);
        
INSERT INTO product_image (name, product_variant_id, image_url, is_main)
VALUES
    ('Ảnh 1', 218, 'https://product.hstatic.net/200000722513/product/download__2__20de7c57205b42a682a6b25fe55322bf.png', TRUE);
---
INSERT INTO product (name, seo_name, brand_id, specifications, description, created_by, image_url) 
    VALUES (
        'Bàn phím Keychron Q5M-M4 Carbon Black Banana Switch', 'ban-phim-keychron-q5m-m4-carbon-black-banana-switch', 10,
        '{"Kích thước": "408 x 145 x 35.8 mm", "Phân loại": "Bàn phím cơ không dây", "Cổng kết nối": "Wireless 2.4 GHz / Bluetooth 5.1 / Type-C", "Hệ điều hành hỗ trợ": "MacOS / Windows / Linux", "Màu sắc": "Đen", "Khối lượng": "2215 g ± 10 g", "Chiều dài dây": "1.8m", "Bảo hành": "12 tháng", "Chất liệu": "Nhựa PC + Nhôm", "Dung lượng Pin": "4000 mAh", "Số lượng phím": "102", "Kiểu switch": "Banana Switch", "Đèn bàn phím": "LED RGB"}',
        'MụcMô Tả Chi TiếtKích thước408 x 145 x 35.8 mmPhân loạiBàn phím cơ không dâyCổng kết nốiWireless 2.4 GHz / Bluetooth 5.1 / Type-CHệ điều hành hỗ trợMacOS / Windows / LinuxMàu sắcĐenKhối lượng2215 g ± 10 gChiều dài dây1.8mBảo hành12 thángChất liệuNhựa PC + NhômDung lượng Pin4000 mAhSố lượng phím102Kiểu switchBanana SwitchĐèn bàn phímLED RGB',
        1, 'https://product.hstatic.net/200000722513/product/download__1__e816d568975d4181aaafb88f3afa21dc.png'
    );
INSERT INTO product_category (product_id, category_id) VALUES (219, 28);
INSERT INTO product_variant (
        product_id, name, seo_name, supplier_id, price, price_sale, quantity, sku, model, barcode, 
        specifications, description, warranty, image_url, release_at, created_by)
        VALUES ( 219, 'Bàn phím Keychron Q5M-M4 Carbon Black Banana Switch', 'ban-phim-keychron-q5m-m4-carbon-black-banana-switch',
            1, 0, 5490000, 10, 'KB-KEYCHRON-Q5M-M4-CARBON-BLK-BANANA-SW',
            'KB-KEYCHRON-Q5M-M4-CARBON-BLK-BANANA-SW', 'KB-KEYCHRON-Q5M-M4-CARBON-BLK-BANANA-SW',
            '{"Kích thước": "408 x 145 x 35.8 mm", "Phân loại": "Bàn phím cơ không dây", "Cổng kết nối": "Wireless 2.4 GHz / Bluetooth 5.1 / Type-C", "Hệ điều hành hỗ trợ": "MacOS / Windows / Linux", "Màu sắc": "Đen", "Khối lượng": "2215 g ± 10 g", "Chiều dài dây": "1.8m", "Bảo hành": "12 tháng", "Chất liệu": "Nhựa PC + Nhôm", "Dung lượng Pin": "4000 mAh", "Số lượng phím": "102", "Kiểu switch": "Banana Switch", "Đèn bàn phím": "LED RGB"}',
            'MụcMô Tả Chi TiếtKích thước408 x 145 x 35.8 mmPhân loạiBàn phím cơ không dâyCổng kết nốiWireless 2.4 GHz / Bluetooth 5.1 / Type-CHệ điều hành hỗ trợMacOS / Windows / LinuxMàu sắcĐenKhối lượng2215 g ± 10 gChiều dài dây1.8mBảo hành12 thángChất liệuNhựa PC + NhômDung lượng Pin4000 mAhSố lượng phím102Kiểu switchBanana SwitchĐèn bàn phímLED RGB',
            12, 'https://product.hstatic.net/200000722513/product/download__1__e816d568975d4181aaafb88f3afa21dc.png', '2025-06-17T10:51:44+00:00',1);
        
INSERT INTO product_image (name, product_variant_id, image_url, is_main)
VALUES
    ('Ảnh 1', 219, 'https://product.hstatic.net/200000722513/product/download__1__e816d568975d4181aaafb88f3afa21dc.png', TRUE);
---
INSERT INTO product (name, seo_name, brand_id, specifications, description, created_by, image_url) 
    VALUES (
        'Bàn phím Keychron Q3M-P3 Shell White Brown Switch', 'ban-phim-keychron-q3m-p3-shell-white-brown-switch', 10,
        '{"Kích thước": "365 x 137 x 32.6 mm", "Phân loại": "Bàn phím cơ không dây", "Cổng kết nối": "Wireless 2.4 GHz / Bluetooth 5.1 / Type-C", "Hệ điều hành hỗ trợ": "MacOS / Windows / Linux", "Màu sắc": "Trắng", "Khối lượng": "1770g ± 10g", "Chiều dài dây": "1.8m", "Bảo hành": "12 tháng", "Chất liệu": "Nhựa PC + Nhôm", "Dung lượng Pin": "4000 mAh", "Số lượng phím": "88", "Kiểu switch": "Brown Switch", "Đèn bàn phím": "LED RGB"}',
        'MụcMô Tả Chi TiếtKích thước365 x 137 x 32.6 mmPhân loạiBàn phím cơ không dâyCổng kết nốiWireless 2.4 GHz / Bluetooth 5.1 / Type-CHệ điều hành hỗ trợMacOS / Windows / LinuxMàu sắcTrắngKhối lượng1770g ± 10gChiều dài dây1.8mBảo hành12 thángChất liệuNhựa PC + NhômDung lượng Pin4000 mAhSố lượng phím88Kiểu switchBrown SwitchĐèn bàn phímLED RGB',
        1, 'https://product.hstatic.net/200000722513/product/download_b2d91e7ef7ba4452bf909d5fedaa3566.png'
    );
INSERT INTO product_category (product_id, category_id) VALUES (220, 28);
INSERT INTO product_variant (
        product_id, name, seo_name, supplier_id, price, price_sale, quantity, sku, model, barcode, 
        specifications, description, warranty, image_url, release_at, created_by)
        VALUES ( 220, 'Bàn phím Keychron Q3M-P3 Shell White Brown Switch', 'ban-phim-keychron-q3m-p3-shell-white-brown-switch',
            1, 0, 5390000, 10, 'KB-KEYCHRON-Q3M-P3-SHELL-WHI-BROWN-SW',
            'KB-KEYCHRON-Q3M-P3-SHELL-WHI-BROWN-SW', 'KB-KEYCHRON-Q3M-P3-SHELL-WHI-BROWN-SW',
            '{"Kích thước": "365 x 137 x 32.6 mm", "Phân loại": "Bàn phím cơ không dây", "Cổng kết nối": "Wireless 2.4 GHz / Bluetooth 5.1 / Type-C", "Hệ điều hành hỗ trợ": "MacOS / Windows / Linux", "Màu sắc": "Trắng", "Khối lượng": "1770g ± 10g", "Chiều dài dây": "1.8m", "Bảo hành": "12 tháng", "Chất liệu": "Nhựa PC + Nhôm", "Dung lượng Pin": "4000 mAh", "Số lượng phím": "88", "Kiểu switch": "Brown Switch", "Đèn bàn phím": "LED RGB"}',
            'MụcMô Tả Chi TiếtKích thước365 x 137 x 32.6 mmPhân loạiBàn phím cơ không dâyCổng kết nốiWireless 2.4 GHz / Bluetooth 5.1 / Type-CHệ điều hành hỗ trợMacOS / Windows / LinuxMàu sắcTrắngKhối lượng1770g ± 10gChiều dài dây1.8mBảo hành12 thángChất liệuNhựa PC + NhômDung lượng Pin4000 mAhSố lượng phím88Kiểu switchBrown SwitchĐèn bàn phímLED RGB',
            12, 'https://product.hstatic.net/200000722513/product/download_b2d91e7ef7ba4452bf909d5fedaa3566.png', '2025-06-17T10:42:23+00:00',1);
        
INSERT INTO product_image (name, product_variant_id, image_url, is_main)
VALUES
    ('Ảnh 1', 220, 'https://product.hstatic.net/200000722513/product/download_b2d91e7ef7ba4452bf909d5fedaa3566.png', TRUE);
---
INSERT INTO product (name, seo_name, brand_id, specifications, description, created_by, image_url) 
    VALUES (
        'Bàn phím Keychron Q1M-V1 Purple Red Switch', 'ban-phim-keychron-q1m-v1-purple-red-switch', 10,
        '{"Kích thước": "327.5 x 145 x 35.8 mm", "Phân loại": "Bàn phím cơ không dây", "Cổng kết nối": "Wireless 2.4 GHz / Bluetooth 5.1 / Type-C", "Hệ điều hành hỗ trợ": "MacOS / Windows / Linux", "Màu sắc": "Tím", "Khối lượng": "1724 g ± 10 g", "Chiều dài dây": "1.8m", "Bảo hành": "12 tháng", "Chất liệu": "Nhựa PC + Nhôm", "Dung lượng Pin": "4000 mAh", "Số lượng phím": "82", "Kiểu switch": "Red Switch", "Đèn bàn phím": "RGB LED"}',
        'MụcMô Tả Chi TiếtKích thước327.5 x 145 x 35.8 mmPhân loạiBàn phím cơ không dâyCổng kết nốiWireless 2.4 GHz / Bluetooth 5.1 / Type-CHệ điều hành hỗ trợMacOS / Windows / LinuxMàu sắcTímKhối lượng1724 g ± 10 gChiều dài dây1.8mBảo hành12 thángChất liệuNhựa PC + NhômDung lượng Pin4000 mAhSố lượng phím82Kiểu switchRed SwitchĐèn bàn phímRGB LED',
        1, 'https://product.hstatic.net/200000722513/product/ban-phim-co-keychron-q1m-v1-q1-max-red-switch-purple-photoroom_2454295edb4a4bd2a281dc5ec23f2b28.png'
    );
INSERT INTO product_category (product_id, category_id) VALUES (221, 28);
INSERT INTO product_variant (
        product_id, name, seo_name, supplier_id, price, price_sale, quantity, sku, model, barcode, 
        specifications, description, warranty, image_url, release_at, created_by)
        VALUES ( 221, 'Bàn phím Keychron Q1M-V1 Purple Red Switch', 'ban-phim-keychron-q1m-v1-purple-red-switch',
            1, 0, 5290000, 10, 'KB-KEYCHRON-Q1M-V1-PUR-RED-SW',
            'KB-KEYCHRON-Q1M-V1-PUR-RED-SW', 'KB-KEYCHRON-Q1M-V1-PUR-RED-SW',
            '{"Kích thước": "327.5 x 145 x 35.8 mm", "Phân loại": "Bàn phím cơ không dây", "Cổng kết nối": "Wireless 2.4 GHz / Bluetooth 5.1 / Type-C", "Hệ điều hành hỗ trợ": "MacOS / Windows / Linux", "Màu sắc": "Tím", "Khối lượng": "1724 g ± 10 g", "Chiều dài dây": "1.8m", "Bảo hành": "12 tháng", "Chất liệu": "Nhựa PC + Nhôm", "Dung lượng Pin": "4000 mAh", "Số lượng phím": "82", "Kiểu switch": "Red Switch", "Đèn bàn phím": "RGB LED"}',
            'MụcMô Tả Chi TiếtKích thước327.5 x 145 x 35.8 mmPhân loạiBàn phím cơ không dâyCổng kết nốiWireless 2.4 GHz / Bluetooth 5.1 / Type-CHệ điều hành hỗ trợMacOS / Windows / LinuxMàu sắcTímKhối lượng1724 g ± 10 gChiều dài dây1.8mBảo hành12 thángChất liệuNhựa PC + NhômDung lượng Pin4000 mAhSố lượng phím82Kiểu switchRed SwitchĐèn bàn phímRGB LED',
            12, 'https://product.hstatic.net/200000722513/product/ban-phim-co-keychron-q1m-v1-q1-max-red-switch-purple-photoroom_2454295edb4a4bd2a281dc5ec23f2b28.png', '2025-06-17T10:37:06+00:00',1);
        
INSERT INTO product_image (name, product_variant_id, image_url, is_main)
VALUES
    ('Ảnh 1', 221, 'https://product.hstatic.net/200000722513/product/ban-phim-co-keychron-q1m-v1-q1-max-red-switch-purple-photoroom_2454295edb4a4bd2a281dc5ec23f2b28.png', TRUE);
---
INSERT INTO product (name, seo_name, brand_id, specifications, description, created_by, image_url) 
    VALUES (
        'Bàn phím Keychron Q1H-P1 White Magnetic Switch', 'ban-phim-keychron-q1h-p1-white-magnetic-switch', 10,
        '{"Loại bàn phím": "Bàn phím cơ không dây", "Layout bàn phím": "75%", "Số phím bấm": "82 phím", "Chuẩn kết nối": "Detachable Wired USB-C / Bluetooth / Wireless 2.4GHz", "Chất liệu bàn phím": "Khung: Nhôm CNC Plate: Nhôm", "Keycaps": "PBT Doubleshot, OSA Profile", "Đèn nền": "LED RGB", "N-Key Rollover": "Có", "Onboard Memory": "Không rõ", "Loại pin": "Pin sạc", "Dung lượng pin": "4000 mAh", "Thời lượng pin": "Có đèn nền: Lên đến 100 giờ", "Phần mềm": "Keychron Launcher", "Kích thước": "327.5 x 145 mm", "Trọng lượng": "1735 ± 10 g", "Màu sắc": "Shell White", "Hệ điều hành hỗ trợ": "Windows 10/11, MacOS, Linux, iOS/iPadOS, Android"}',
        'Nâng tầm trải nghiệm của bạn với Bàn phím Keychron Q1H-P1 White Magnetic Switch – tuyệt tác kết hợp giữa công nghệ tiên tiến và thiết kế tinh xảo. Được chế tạo đặc biệt cho những game thủ và người đam mê gõ phím đòi hỏi sự hoàn hảo, Q1H-P1 không chỉ là một bàn phím mà còn là một công cụ giúp bạn chinh phục mọi thử thách.\n\nĐiểm nhấn làm nên sự khác biệt của Q1H-P1 chính là công tắc từ tính (Magnetic Switch) màu trắng độc quyền. Với công nghệ Rapid Trigger siêu nhạy, mỗi lần nhấn phím đều được ghi nhận ngay lập tức, cho phép bạn thực hiện các thao tác lặp lại với tốc độ chóng mặt. Đặc biệt, bạn có thể dễ dàng điều chỉnh điểm kích hoạt (Actuation Point) của từng phím theo từng milimet, tùy biến độ nhạy để phù hợp tuyệt đối với phong cách chơi game tốc độ cao hoặc gõ phím chính xác của bạn.\n\nKeychron Q1H-P1 kế thừa trọn vẹn sự cao cấp từ dòng Q series với khung nhôm nguyên khối chắc chắn, lớp hoàn thiện màu trắng trang nhã, tạo nên vẻ đẹp vượt thời gian. Cấu trúc Gasket Mount danh tiếng không chỉ mang lại cảm giác gõ êm ái, đàn hồi mà còn giảm thiểu tiếng ồn, biến mỗi lần chạm phím thành một trải nghiệm thoải mái và dễ chịu.\n\nVới khả năng tương thích QMK/VIA mạnh mẽ, mọi phím bấm đều nằm trong tầm kiểm soát của bạn. Tùy chỉnh macro, gán lại chức năng, hoặc thiết lập hiệu ứng đèn nền RGB rực rỡ – tất cả đều được thực hiện một cách dễ dàng. Trải nghiệm gõ phím mượt mà, độ trễ cực thấp và khả năng tùy biến vô hạn biến Keychron Q1H-P1 trở thành lựa chọn hàng đầu cho những ai tìm kiếm hiệu suất vượt trội và sự độc đáo. Hãy sẵn sàng cho một kỷ nguyên mới của sự chính xác và tốc độ!',
        1, 'https://product.hstatic.net/200000722513/product/download__11__0bdd4e376f49442299eaf0a28303022b.png'
    );
INSERT INTO product_category (product_id, category_id) VALUES (222, 28);
INSERT INTO product_variant (
        product_id, name, seo_name, supplier_id, price, price_sale, quantity, sku, model, barcode, 
        specifications, description, warranty, image_url, release_at, created_by)
        VALUES ( 222, 'Bàn phím Keychron Q1H-P1 White Magnetic Switch', 'ban-phim-keychron-q1h-p1-white-magnetic-switch',
            1, 0, 5490000, 10, 'KB-KEYCHRON-Q1H-P1-WHI-MAG-SW',
            'KB-KEYCHRON-Q1H-P1-WHI-MAG-SW', 'KB-KEYCHRON-Q1H-P1-WHI-MAG-SW',
            '{"Loại bàn phím": "Bàn phím cơ không dây", "Layout bàn phím": "75%", "Số phím bấm": "82 phím", "Chuẩn kết nối": "Detachable Wired USB-C / Bluetooth / Wireless 2.4GHz", "Chất liệu bàn phím": "Khung: Nhôm CNC Plate: Nhôm", "Keycaps": "PBT Doubleshot, OSA Profile", "Đèn nền": "LED RGB", "N-Key Rollover": "Có", "Onboard Memory": "Không rõ", "Loại pin": "Pin sạc", "Dung lượng pin": "4000 mAh", "Thời lượng pin": "Có đèn nền: Lên đến 100 giờ", "Phần mềm": "Keychron Launcher", "Kích thước": "327.5 x 145 mm", "Trọng lượng": "1735 ± 10 g", "Màu sắc": "Shell White", "Hệ điều hành hỗ trợ": "Windows 10/11, MacOS, Linux, iOS/iPadOS, Android"}',
            'Nâng tầm trải nghiệm của bạn với Bàn phím Keychron Q1H-P1 White Magnetic Switch – tuyệt tác kết hợp giữa công nghệ tiên tiến và thiết kế tinh xảo. Được chế tạo đặc biệt cho những game thủ và người đam mê gõ phím đòi hỏi sự hoàn hảo, Q1H-P1 không chỉ là một bàn phím mà còn là một công cụ giúp bạn chinh phục mọi thử thách.\n\nĐiểm nhấn làm nên sự khác biệt của Q1H-P1 chính là công tắc từ tính (Magnetic Switch) màu trắng độc quyền. Với công nghệ Rapid Trigger siêu nhạy, mỗi lần nhấn phím đều được ghi nhận ngay lập tức, cho phép bạn thực hiện các thao tác lặp lại với tốc độ chóng mặt. Đặc biệt, bạn có thể dễ dàng điều chỉnh điểm kích hoạt (Actuation Point) của từng phím theo từng milimet, tùy biến độ nhạy để phù hợp tuyệt đối với phong cách chơi game tốc độ cao hoặc gõ phím chính xác của bạn.\n\nKeychron Q1H-P1 kế thừa trọn vẹn sự cao cấp từ dòng Q series với khung nhôm nguyên khối chắc chắn, lớp hoàn thiện màu trắng trang nhã, tạo nên vẻ đẹp vượt thời gian. Cấu trúc Gasket Mount danh tiếng không chỉ mang lại cảm giác gõ êm ái, đàn hồi mà còn giảm thiểu tiếng ồn, biến mỗi lần chạm phím thành một trải nghiệm thoải mái và dễ chịu.\n\nVới khả năng tương thích QMK/VIA mạnh mẽ, mọi phím bấm đều nằm trong tầm kiểm soát của bạn. Tùy chỉnh macro, gán lại chức năng, hoặc thiết lập hiệu ứng đèn nền RGB rực rỡ – tất cả đều được thực hiện một cách dễ dàng. Trải nghiệm gõ phím mượt mà, độ trễ cực thấp và khả năng tùy biến vô hạn biến Keychron Q1H-P1 trở thành lựa chọn hàng đầu cho những ai tìm kiếm hiệu suất vượt trội và sự độc đáo. Hãy sẵn sàng cho một kỷ nguyên mới của sự chính xác và tốc độ!',
            12, 'https://product.hstatic.net/200000722513/product/download__11__0bdd4e376f49442299eaf0a28303022b.png', '2025-06-17T11:16:48+00:00',1);
        
INSERT INTO product_image (name, product_variant_id, image_url, is_main)
VALUES
    ('Ảnh 1', 222, 'https://product.hstatic.net/200000722513/product/download__11__0bdd4e376f49442299eaf0a28303022b.png', TRUE);
---
INSERT INTO product (name, seo_name, brand_id, specifications, description, created_by, image_url) 
    VALUES (
        'Bàn phím Keychron K2H-F1 Black Magnetic Switch', 'ban-phim-keychron-k2h-f1-black-magnetic-switch', 10,
        '{"Thiết kế": "Bố cục 75%", "Kích thước": "Dài: 320.5 mm - Rộng: 126.7 mm", "Trọng lượng": "~965g", "Chất liệu khung": "Nhôm + Gỗ", "Chất liệu vỏ đáy": "Nhựa ABS", "Keycaps": "PBT hai lớp OSA, không bóng", "Kết nối": "Wireless 2.4GHz / Bluetooth 5.2 / Wired Type-C", "Cáp đi kèm": "Type-A to Type-C", "Pin": "Li-polymer 4000 mAh (sạc được)", "Thời lượng pin": "Lên đến 110 giờ (không dây, tắt đèn nền)", "N-Key Rollover": "Có (cả không dây và có dây)", "Action Keys": "Có, 4-in-1", "Hot-swappable": "Có", "Tần số phản hồi (Polling)": "1000Hz (có dây và 2.4GHz) 125Hz (Bluetooth)"}',
        'Keychron K2 HE Special Edition RGB Hotswap Aluminum (Magnetic Sw) là chiếc bàn phím không dây 75% đầu tiên sử dụng switch từ tính Gateron Double-Rail Magnetic, cho phép người dùng tùy chỉnh điểm nhận phím từ 0.2mm đến 3.8mm. Công nghệ Rapid Trigger và Dynamic Keystroke (DKS) giúp thực thi nhiều thao tác trên một phím theo độ sâu nhấn – tối ưu hóa tốc độ và độ phản hồi trong các tựa game FPS hoặc thao tác chuyên sâu.\\n\\n **Tích hợp Analog Mode – Biến bàn phím thành tay cầm chơi game chính xác**\\nAnalog Mode trên Keychron K2 HE mô phỏng cách hoạt động của tay cầm chơi game, nhận diện lực nhấn để điều chỉnh tốc độ và cường độ trong game, giúp người dùng điều hướng nhân vật mượt mà hơn trong các trò chơi đua xe, thể thao hoặc hành động mô phỏng. Đây là tính năng rất hiếm xuất hiện trên các bàn phím không dây truyền thống.\\n\\n**Thiết kế sang trọng – Khung nhôm viền gỗ, switch hot-swap, keycap PBT cao cấp**\\nKeychron K2 HE Special Edition có khung nhôm nguyên khối kết hợp viền gỗ tự nhiên, cho cảm giác chắc chắn và đẳng cấp. Bộ keycap Double-shot PBT profile OSA, chống bóng dầu, bền màu và tăng cảm giác gõ. Bàn phím hỗ trợ hot-swap với switch từ tính (Hall Effect), dễ dàng thay đổi switch theo sở thích mà không cần hàn lại mạch.\\n\\n**Kết nối 3 chế độ – Bluetooth 5.2, 2.4GHz và USB-C với polling rate 1000Hz**\\nHỗ trợ Bluetooth 5.2, 2.4GHz không dây (1000Hz) và USB-C có dây, K2 HE cho khả năng kết nối cực nhanh, chuyển đổi mượt giữa tối đa 3 thiết bị. Tương thích tốt với Mac, Windows, và đi kèm keycap riêng cho từng hệ điều hành, đồng thời có thể lưu 2 layout tùy chỉnh cho mỗi nền tảng.\\n![Ảnh](https://bizweb.dktcdn.net/100/329/122/files/ban-phim-co-khong-day-keychron-k2-he-special-edition-rgb-hotswap-aluminum-magnetic-sw-04.jpg?v=1748257090613)\\n\\n**Cá nhân hóa toàn diện với Launcher Web Configurator & QMK/VIA**\\nBàn phím hỗ trợ phần mềm Keychron Launcher (Web Configurator) và firmware QMK/VIA, giúp người dùng tùy biến từng phím, macro, đèn RGB, và điểm nhận phím theo ý muốn. Ngoài ra, bàn phím tích hợp đèn RGB north-facing với hơn 22 hiệu ứng ánh sáng tùy chỉnh trong phần mềm mà không cần cài thêm driver.\\n\\n**Cấu trúc âm học cải tiến – Gõ êm, \\\"thock\\\" nhẹ, trải nghiệm đỉnh cao**\\nBên trong Keychron K2 HE là hệ thống tiêu âm gồm EVA foam, EPDM foam, silicone acoustic pad, cùng switch đã được pre-lubed sẵn. Thiết kế này tạo nên tiếng gõ êm ái, “thocky” và mềm mại, mang đến trải nghiệm gõ thoải mái suốt nhiều giờ liền. Pin 4000mAh cho thời lượng sử dụng đến 110 giờ khi tắt đèn nền.\\n![Ảnh](https://bizweb.dktcdn.net/100/329/122/files/ban-phim-co-khong-day-keychron-k2-he-special-edition-rgb-hotswap-aluminum-magnetic-sw-06.jpg?v=1748257090707)',
        1, 'https://product.hstatic.net/200000722513/product/download__10__61c98425dc764440b74a393e8ff23ee2.png'
    );
INSERT INTO product_category (product_id, category_id) VALUES (223, 28);
INSERT INTO product_variant (
        product_id, name, seo_name, supplier_id, price, price_sale, quantity, sku, model, barcode, 
        specifications, description, warranty, image_url, release_at, created_by)
        VALUES ( 223, 'Bàn phím Keychron K2H-F1 Black Magnetic Switch', 'ban-phim-keychron-k2h-f1-black-magnetic-switch',
            1, 0, 3490000, 10, 'KB-KEYCHRON-K2H-F-BLK-MAG-SW',
            'KB-KEYCHRON-K2H-F-BLK-MAG-SW', 'KB-KEYCHRON-K2H-F-BLK-MAG-SW',
            '{"Thiết kế": "Bố cục 75%", "Kích thước": "Dài: 320.5 mm - Rộng: 126.7 mm", "Trọng lượng": "~965g", "Chất liệu khung": "Nhôm + Gỗ", "Chất liệu vỏ đáy": "Nhựa ABS", "Keycaps": "PBT hai lớp OSA, không bóng", "Kết nối": "Wireless 2.4GHz / Bluetooth 5.2 / Wired Type-C", "Cáp đi kèm": "Type-A to Type-C", "Pin": "Li-polymer 4000 mAh (sạc được)", "Thời lượng pin": "Lên đến 110 giờ (không dây, tắt đèn nền)", "N-Key Rollover": "Có (cả không dây và có dây)", "Action Keys": "Có, 4-in-1", "Hot-swappable": "Có", "Tần số phản hồi (Polling)": "1000Hz (có dây và 2.4GHz) 125Hz (Bluetooth)"}',
            'Keychron K2 HE Special Edition RGB Hotswap Aluminum (Magnetic Sw) là chiếc bàn phím không dây 75% đầu tiên sử dụng switch từ tính Gateron Double-Rail Magnetic, cho phép người dùng tùy chỉnh điểm nhận phím từ 0.2mm đến 3.8mm. Công nghệ Rapid Trigger và Dynamic Keystroke (DKS) giúp thực thi nhiều thao tác trên một phím theo độ sâu nhấn – tối ưu hóa tốc độ và độ phản hồi trong các tựa game FPS hoặc thao tác chuyên sâu.\\n\\n **Tích hợp Analog Mode – Biến bàn phím thành tay cầm chơi game chính xác**\\nAnalog Mode trên Keychron K2 HE mô phỏng cách hoạt động của tay cầm chơi game, nhận diện lực nhấn để điều chỉnh tốc độ và cường độ trong game, giúp người dùng điều hướng nhân vật mượt mà hơn trong các trò chơi đua xe, thể thao hoặc hành động mô phỏng. Đây là tính năng rất hiếm xuất hiện trên các bàn phím không dây truyền thống.\\n\\n**Thiết kế sang trọng – Khung nhôm viền gỗ, switch hot-swap, keycap PBT cao cấp**\\nKeychron K2 HE Special Edition có khung nhôm nguyên khối kết hợp viền gỗ tự nhiên, cho cảm giác chắc chắn và đẳng cấp. Bộ keycap Double-shot PBT profile OSA, chống bóng dầu, bền màu và tăng cảm giác gõ. Bàn phím hỗ trợ hot-swap với switch từ tính (Hall Effect), dễ dàng thay đổi switch theo sở thích mà không cần hàn lại mạch.\\n\\n**Kết nối 3 chế độ – Bluetooth 5.2, 2.4GHz và USB-C với polling rate 1000Hz**\\nHỗ trợ Bluetooth 5.2, 2.4GHz không dây (1000Hz) và USB-C có dây, K2 HE cho khả năng kết nối cực nhanh, chuyển đổi mượt giữa tối đa 3 thiết bị. Tương thích tốt với Mac, Windows, và đi kèm keycap riêng cho từng hệ điều hành, đồng thời có thể lưu 2 layout tùy chỉnh cho mỗi nền tảng.\\n![Ảnh](https://bizweb.dktcdn.net/100/329/122/files/ban-phim-co-khong-day-keychron-k2-he-special-edition-rgb-hotswap-aluminum-magnetic-sw-04.jpg?v=1748257090613)\\n\\n**Cá nhân hóa toàn diện với Launcher Web Configurator & QMK/VIA**\\nBàn phím hỗ trợ phần mềm Keychron Launcher (Web Configurator) và firmware QMK/VIA, giúp người dùng tùy biến từng phím, macro, đèn RGB, và điểm nhận phím theo ý muốn. Ngoài ra, bàn phím tích hợp đèn RGB north-facing với hơn 22 hiệu ứng ánh sáng tùy chỉnh trong phần mềm mà không cần cài thêm driver.\\n\\n**Cấu trúc âm học cải tiến – Gõ êm, \\\"thock\\\" nhẹ, trải nghiệm đỉnh cao**\\nBên trong Keychron K2 HE là hệ thống tiêu âm gồm EVA foam, EPDM foam, silicone acoustic pad, cùng switch đã được pre-lubed sẵn. Thiết kế này tạo nên tiếng gõ êm ái, “thocky” và mềm mại, mang đến trải nghiệm gõ thoải mái suốt nhiều giờ liền. Pin 4000mAh cho thời lượng sử dụng đến 110 giờ khi tắt đèn nền.\\n![Ảnh](https://bizweb.dktcdn.net/100/329/122/files/ban-phim-co-khong-day-keychron-k2-he-special-edition-rgb-hotswap-aluminum-magnetic-sw-06.jpg?v=1748257090707)',
            12, 'https://product.hstatic.net/200000722513/product/download__10__61c98425dc764440b74a393e8ff23ee2.png', '2025-06-17T11:14:21+00:00',1);
        
INSERT INTO product_image (name, product_variant_id, image_url, is_main)
VALUES
    ('Ảnh 1', 223, 'https://product.hstatic.net/200000722513/product/download__10__61c98425dc764440b74a393e8ff23ee2.png', TRUE);
---
INSERT INTO product (name, seo_name, brand_id, specifications, description, created_by, image_url) 
    VALUES (
        'Bàn phím AULA F68 TM (Xanh lá/ Ice Crystal switch ) F68G', 'ban-phim-aula-f68-tm-xanh-la-ice-crystal-switch-f68g', 22,
        '{"- Bảo hành": "24 tháng", "- Độ bền phím": "60 triệu lần bấm- Thời gian sử dụng sau khi sạc đầy pin: ≧28 giờ (hiệu ứng ánh sáng mặc định); ≧140 giờ (tắt đèn nền)- Kết nối: 3 mode có dây Type-C & không dây 2.4G & BT- Màu sắc: 4 màu hồng trong suốt, tím trong suốt, trắng trong suốt, đen trong suốt- Đèn nền: LED RGB- Loại switch: ICE crystal switch- Hiệu ứng âm thanh khi gõ phím: Linear- Hot swap- Gasket Mount- Số lượng phím: 68 phím- Chất liệu keycap: Nhựa PC- Điện áp định mức: DC 3.7V (đầy đủ 4.2V)- Dòng điện định mức: ≦100mA @3.7V (hiệu ứng ánh sáng mặc định); ≦20 mA (tắt đèn nền)- Dung lượng pin: Pin lithium có thể sạc lại 2800mAH- Giao diện sạc: Giao diện Type-C- Kích thước bàn phím (L x W x H): 330,20 × 120,67 × 45,25 ±0,5 mm- Hệ điều hành tương thích: WIN XP/WIN7/WIN8/WIN10/Android/IOS/MAC- Có phần mềm- Phụ kiện kèm theo: Sách hướng dẫn sử dụng + Dây USB type-C + Dụng cụ thay keycap và switch 2 trong 1 + bộ khăn lau và chổi vệ sinh bàn phím"}',
        'Đắm chìm vào thế giới của hiệu suất đỉnh cao và phong cách độc đáo với Bàn phím cơ AULA F68 TM (Xanh lá) F68G. Không chỉ là một công cụ gõ phím, đây còn là một tuyên ngôn cá tính với sắc xanh lá tươi mát, tràn đầy năng lượng, mang lại vẻ ngoài nổi bật và cuốn hút cho mọi không gian làm việc hay giải trí của bạn. Điểm nhấn làm nên sự khác biệt chính là bộ switch Ice Crystal độc quyền. Từng phím gõ sẽ là một trải nghiệm mượt mà, phản hồi cực kỳ nhanh nhạy, cùng với âm thanh trong trẻo, rõ ràng và êm tai, tạo cảm giác ''giòn tan'' đầy phấn khích. Dù bạn là game thủ chuyên nghiệp tìm kiếm tốc độ và độ chính xác, hay một người làm việc cần sự thoải mái và hiệu quả, Ice Crystal switch đều sẽ đáp ứng hoàn hảo. Với thiết kế 65% nhỏ gọn, AULA F68 TM tối ưu hóa không gian trên bàn làm việc mà vẫn giữ lại đầy đủ các phím chức năng cần thiết thông qua các lớp phím FN tiện lợi. Điều này không chỉ giúp bàn làm việc của bạn gọn gàng hơn mà còn tăng tính di động cho bàn phím. Chất liệu cao cấp cùng kết cấu vững chắc đảm bảo độ bền vượt thời gian, đồng hành cùng bạn trên mọi hành trình từ công việc đến giải trí. Hãy nâng tầm trải nghiệm gõ phím của bạn lên một đẳng cấp mới với AULA F68 TM (Xanh lá) F68G – sự kết hợp hoàn hảo giữa thẩm mỹ tinh tế và hiệu năng mạnh mẽ.',
        1, 'https://product.hstatic.net/200000722513/product/f68__1__c7f29fe0095b485d83c00a188b2e7e3e.png'
    );
INSERT INTO product_category (product_id, category_id) VALUES (224, 28);
INSERT INTO product_variant (
        product_id, name, seo_name, supplier_id, price, price_sale, quantity, sku, model, barcode, 
        specifications, description, warranty, image_url, release_at, created_by)
        VALUES ( 224, 'Bàn phím AULA F68 TM (Xanh lá/ Ice Crystal switch ) F68G', 'ban-phim-aula-f68-tm-xanh-la-ice-crystal-switch-f68g',
            1, 2490000, 1490000, 10, 'KB-AULA-F68-TM-GREEN-ICE-SW-F68G',
            'KB-AULA-F68-TM-GREEN-ICE-SW-F68G', 'KB-AULA-F68-TM-GREEN-ICE-SW-F68G',
            '{"- Bảo hành": "24 tháng", "- Độ bền phím": "60 triệu lần bấm- Thời gian sử dụng sau khi sạc đầy pin: ≧28 giờ (hiệu ứng ánh sáng mặc định); ≧140 giờ (tắt đèn nền)- Kết nối: 3 mode có dây Type-C & không dây 2.4G & BT- Màu sắc: 4 màu hồng trong suốt, tím trong suốt, trắng trong suốt, đen trong suốt- Đèn nền: LED RGB- Loại switch: ICE crystal switch- Hiệu ứng âm thanh khi gõ phím: Linear- Hot swap- Gasket Mount- Số lượng phím: 68 phím- Chất liệu keycap: Nhựa PC- Điện áp định mức: DC 3.7V (đầy đủ 4.2V)- Dòng điện định mức: ≦100mA @3.7V (hiệu ứng ánh sáng mặc định); ≦20 mA (tắt đèn nền)- Dung lượng pin: Pin lithium có thể sạc lại 2800mAH- Giao diện sạc: Giao diện Type-C- Kích thước bàn phím (L x W x H): 330,20 × 120,67 × 45,25 ±0,5 mm- Hệ điều hành tương thích: WIN XP/WIN7/WIN8/WIN10/Android/IOS/MAC- Có phần mềm- Phụ kiện kèm theo: Sách hướng dẫn sử dụng + Dây USB type-C + Dụng cụ thay keycap và switch 2 trong 1 + bộ khăn lau và chổi vệ sinh bàn phím"}',
            'Đắm chìm vào thế giới của hiệu suất đỉnh cao và phong cách độc đáo với Bàn phím cơ AULA F68 TM (Xanh lá) F68G. Không chỉ là một công cụ gõ phím, đây còn là một tuyên ngôn cá tính với sắc xanh lá tươi mát, tràn đầy năng lượng, mang lại vẻ ngoài nổi bật và cuốn hút cho mọi không gian làm việc hay giải trí của bạn. Điểm nhấn làm nên sự khác biệt chính là bộ switch Ice Crystal độc quyền. Từng phím gõ sẽ là một trải nghiệm mượt mà, phản hồi cực kỳ nhanh nhạy, cùng với âm thanh trong trẻo, rõ ràng và êm tai, tạo cảm giác ''giòn tan'' đầy phấn khích. Dù bạn là game thủ chuyên nghiệp tìm kiếm tốc độ và độ chính xác, hay một người làm việc cần sự thoải mái và hiệu quả, Ice Crystal switch đều sẽ đáp ứng hoàn hảo. Với thiết kế 65% nhỏ gọn, AULA F68 TM tối ưu hóa không gian trên bàn làm việc mà vẫn giữ lại đầy đủ các phím chức năng cần thiết thông qua các lớp phím FN tiện lợi. Điều này không chỉ giúp bàn làm việc của bạn gọn gàng hơn mà còn tăng tính di động cho bàn phím. Chất liệu cao cấp cùng kết cấu vững chắc đảm bảo độ bền vượt thời gian, đồng hành cùng bạn trên mọi hành trình từ công việc đến giải trí. Hãy nâng tầm trải nghiệm gõ phím của bạn lên một đẳng cấp mới với AULA F68 TM (Xanh lá) F68G – sự kết hợp hoàn hảo giữa thẩm mỹ tinh tế và hiệu năng mạnh mẽ.',
            24, 'https://product.hstatic.net/200000722513/product/f68__1__c7f29fe0095b485d83c00a188b2e7e3e.png', '2025-06-11T04:33:47+00:00',1);
        
INSERT INTO product_image (name, product_variant_id, image_url, is_main)
VALUES
    ('Ảnh 1', 224, 'https://product.hstatic.net/200000722513/product/f68__1__c7f29fe0095b485d83c00a188b2e7e3e.png', TRUE);
---
INSERT INTO product (name, seo_name, brand_id, specifications, description, created_by, image_url) 
    VALUES (
        'Bàn phím AULA F68 TM (Trắng/ Ice Crystal switch ) F68W', 'ban-phim-aula-f68-tm-trang-ice-crystal-switch-f68w', 22,
        '{"- Bảo hành": "24 tháng", "- Độ bền phím": "60 triệu lần bấm- Thời gian sử dụng sau khi sạc đầy pin: ≧28 giờ (hiệu ứng ánh sáng mặc định); ≧140 giờ (tắt đèn nền)- Kết nối: 3 mode có dây Type-C & không dây 2.4G & BT- Màu sắc: 4 màu hồng trong suốt, tím trong suốt, trắng trong suốt, đen trong suốt- Đèn nền: LED RGB- Loại switch: ICE crystal switch- Hiệu ứng âm thanh khi gõ phím: Linear- Hot swap- Gasket Mount- Số lượng phím: 68 phím- Chất liệu keycap: Nhựa PC- Điện áp định mức: DC 3.7V (đầy đủ 4.2V)- Dòng điện định mức: ≦100mA @3.7V (hiệu ứng ánh sáng mặc định); ≦20 mA (tắt đèn nền)- Dung lượng pin: Pin lithium có thể sạc lại 2800mAH- Giao diện sạc: Giao diện Type-C- Kích thước bàn phím (L x W x H): 330,20 × 120,67 × 45,25 ±0,5 mm- Hệ điều hành tương thích: WIN XP/WIN7/WIN8/WIN10/Android/IOS/MAC- Có phần mềm- Phụ kiện kèm theo: Sách hướng dẫn sử dụng + Dây USB type-C + Dụng cụ thay keycap và switch 2 trong 1 + bộ khăn lau và chổi vệ sinh bàn phím"}',
        'Bàn phím cơ AULA F68 TM (Trắng/ Ice Crystal switch ) F68W không chỉ là một công cụ, mà còn là một tác phẩm nghệ thuật trên bàn làm việc của bạn. Với thiết kế nhỏ gọn 68 phím tối ưu, F68W mang đến sự cân bằng hoàn hảo giữa tính năng đầy đủ và không gian tiết kiệm, lý tưởng cho cả chơi game và công việc hàng ngày. Nổi bật với tông màu trắng tinh khôi và sang trọng, F68W dễ dàng hòa hợp với mọi không gian làm việc, tạo nên vẻ đẹp thanh lịch và hiện đại. Điểm nhấn thực sự nằm ở bộ switch Ice Crystal độc đáo. Được chế tạo với độ chính xác cao, mỗi phím bấm mang lại cảm giác gõ mượt mà, nhẹ nhàng và phản hồi nhanh nhạy, cùng âm thanh trong trẻo, êm tai như những viên pha lê va vào nhau. Đây là trải nghiệm gõ phím mà bất kỳ tín đồ bàn phím cơ nào cũng sẽ say mê. AULA F68 TM còn được trang bị những tính năng tiên tiến, đảm bảo hiệu suất và độ bền bỉ vượt trội. Dù bạn là game thủ chuyên nghiệp đòi hỏi tốc độ và độ chính xác, hay nhân viên văn phòng cần sự thoải mái và yên tĩnh, F68W đều đáp ứng xuất sắc. Hãy nâng tầm không gian làm việc và trải nghiệm gõ phím của bạn với AULA F68 TM (Trắng/ Ice Crystal switch) F68W – sự kết hợp hoàn hảo giữa phong cách, hiệu năng và cảm giác.',
        1, 'https://product.hstatic.net/200000722513/product/f68__2__8577b3856fea4966903097ca9bd38f70.png'
    );
INSERT INTO product_category (product_id, category_id) VALUES (225, 28);
INSERT INTO product_variant (
        product_id, name, seo_name, supplier_id, price, price_sale, quantity, sku, model, barcode, 
        specifications, description, warranty, image_url, release_at, created_by)
        VALUES ( 225, 'Bàn phím AULA F68 TM (Trắng/ Ice Crystal switch ) F68W', 'ban-phim-aula-f68-tm-trang-ice-crystal-switch-f68w',
            1, 2270000, 2270000, 10, 'KB-AULA-F68-TM-WHI-ICE-SW-F68W',
            'KB-AULA-F68-TM-WHI-ICE-SW-F68W', 'KB-AULA-F68-TM-WHI-ICE-SW-F68W',
            '{"- Bảo hành": "24 tháng", "- Độ bền phím": "60 triệu lần bấm- Thời gian sử dụng sau khi sạc đầy pin: ≧28 giờ (hiệu ứng ánh sáng mặc định); ≧140 giờ (tắt đèn nền)- Kết nối: 3 mode có dây Type-C & không dây 2.4G & BT- Màu sắc: 4 màu hồng trong suốt, tím trong suốt, trắng trong suốt, đen trong suốt- Đèn nền: LED RGB- Loại switch: ICE crystal switch- Hiệu ứng âm thanh khi gõ phím: Linear- Hot swap- Gasket Mount- Số lượng phím: 68 phím- Chất liệu keycap: Nhựa PC- Điện áp định mức: DC 3.7V (đầy đủ 4.2V)- Dòng điện định mức: ≦100mA @3.7V (hiệu ứng ánh sáng mặc định); ≦20 mA (tắt đèn nền)- Dung lượng pin: Pin lithium có thể sạc lại 2800mAH- Giao diện sạc: Giao diện Type-C- Kích thước bàn phím (L x W x H): 330,20 × 120,67 × 45,25 ±0,5 mm- Hệ điều hành tương thích: WIN XP/WIN7/WIN8/WIN10/Android/IOS/MAC- Có phần mềm- Phụ kiện kèm theo: Sách hướng dẫn sử dụng + Dây USB type-C + Dụng cụ thay keycap và switch 2 trong 1 + bộ khăn lau và chổi vệ sinh bàn phím"}',
            'Bàn phím cơ AULA F68 TM (Trắng/ Ice Crystal switch ) F68W không chỉ là một công cụ, mà còn là một tác phẩm nghệ thuật trên bàn làm việc của bạn. Với thiết kế nhỏ gọn 68 phím tối ưu, F68W mang đến sự cân bằng hoàn hảo giữa tính năng đầy đủ và không gian tiết kiệm, lý tưởng cho cả chơi game và công việc hàng ngày. Nổi bật với tông màu trắng tinh khôi và sang trọng, F68W dễ dàng hòa hợp với mọi không gian làm việc, tạo nên vẻ đẹp thanh lịch và hiện đại. Điểm nhấn thực sự nằm ở bộ switch Ice Crystal độc đáo. Được chế tạo với độ chính xác cao, mỗi phím bấm mang lại cảm giác gõ mượt mà, nhẹ nhàng và phản hồi nhanh nhạy, cùng âm thanh trong trẻo, êm tai như những viên pha lê va vào nhau. Đây là trải nghiệm gõ phím mà bất kỳ tín đồ bàn phím cơ nào cũng sẽ say mê. AULA F68 TM còn được trang bị những tính năng tiên tiến, đảm bảo hiệu suất và độ bền bỉ vượt trội. Dù bạn là game thủ chuyên nghiệp đòi hỏi tốc độ và độ chính xác, hay nhân viên văn phòng cần sự thoải mái và yên tĩnh, F68W đều đáp ứng xuất sắc. Hãy nâng tầm không gian làm việc và trải nghiệm gõ phím của bạn với AULA F68 TM (Trắng/ Ice Crystal switch) F68W – sự kết hợp hoàn hảo giữa phong cách, hiệu năng và cảm giác.',
            24, 'https://product.hstatic.net/200000722513/product/f68__2__8577b3856fea4966903097ca9bd38f70.png', '2025-06-11T04:33:45+00:00',1);
        
INSERT INTO product_image (name, product_variant_id, image_url, is_main)
VALUES
    ('Ảnh 1', 225, 'https://product.hstatic.net/200000722513/product/f68__2__8577b3856fea4966903097ca9bd38f70.png', TRUE);
---
INSERT INTO product (name, seo_name, brand_id, specifications, description, created_by, image_url) 
    VALUES (
        'Bàn phím AULA F68 TM (Tím/ Ice Crystal switch ) F68V', 'ban-phim-aula-f68-tm-tim-ice-crystal-switch-f68v', 22,
        '{"- Bảo hành": "24 tháng"}',
        'Bàn phím AULA F68 TM (Tím/ Ice Crystal switch) F68Vlà một trong những mẫu bàn phím được yêu thích trong cộng đồng gamer. Với thiết kế hiện đại và nhiều tính năng nổi bật, sản phẩm này hứa hẹn mang đến trải nghiệm gõ phím tuyệt vời cho người dùng. Hãy cùng khám phá những đặc điểm nổi bật của chiếcbàn phím máy tínhnày trong bài đánh giá chi tiết dưới đây.',
        1, 'https://product.hstatic.net/200000722513/product/f68__15__6a2c4e3f753d4ccd9b9fb84906d15c87.png'
    );
INSERT INTO product_category (product_id, category_id) VALUES (226, 28);
INSERT INTO product_variant (
        product_id, name, seo_name, supplier_id, price, price_sale, quantity, sku, model, barcode, 
        specifications, description, warranty, image_url, release_at, created_by)
        VALUES ( 226, 'Bàn phím AULA F68 TM (Tím/ Ice Crystal switch ) F68V', 'ban-phim-aula-f68-tm-tim-ice-crystal-switch-f68v',
            1, 0, 2270000, 10, 'KB-AULA-F68-TM-PUR-ICE-SW-F68V',
            'KB-AULA-F68-TM-PUR-ICE-SW-F68V', 'KB-AULA-F68-TM-PUR-ICE-SW-F68V',
            '{"- Bảo hành": "24 tháng"}',
            'Bàn phím AULA F68 TM (Tím/ Ice Crystal switch) F68Vlà một trong những mẫu bàn phím được yêu thích trong cộng đồng gamer. Với thiết kế hiện đại và nhiều tính năng nổi bật, sản phẩm này hứa hẹn mang đến trải nghiệm gõ phím tuyệt vời cho người dùng. Hãy cùng khám phá những đặc điểm nổi bật của chiếcbàn phím máy tínhnày trong bài đánh giá chi tiết dưới đây.',
            24, 'https://product.hstatic.net/200000722513/product/f68__15__6a2c4e3f753d4ccd9b9fb84906d15c87.png', '2025-05-30T10:47:18+00:00',1);
        
INSERT INTO product_image (name, product_variant_id, image_url, is_main)
VALUES
    ('Ảnh 1', 226, 'https://product.hstatic.net/200000722513/product/f68__15__6a2c4e3f753d4ccd9b9fb84906d15c87.png', TRUE);
---
INSERT INTO product (name, seo_name, brand_id, specifications, description, created_by, image_url) 
    VALUES (
        'Bàn phím AULA F68 TM (Hồng/ Ice Crystal switch ) F68P', 'ban-phim-aula-f68-tm-hong-ice-crystal-switch-f68p', 22,
        '{"- Bảo hành": "24 tháng"}',
        'Bước vào thế giới của sự tinh tế và hiệu suất vượt trội với Bàn phím cơ AULA F68 TM (F68P) phiên bản Hồng ngọt ngào. Đây không chỉ là một chiếc bàn phím, mà còn là một tuyên ngôn phong cách, dành riêng cho những ai yêu thích sự kết hợp hoàn hảo giữa vẻ đẹp thẩm mỹ và trải nghiệm gõ phím đỉnh cao.\n\nKhoác lên mình sắc hồng thanh lịch, AULA F68 TM dễ dàng biến góc làm việc hay giải trí của bạn thành một không gian đầy cảm hứng và cá tính. Điểm nhấn làm nên sự khác biệt chính là bộ switch Ice Crystal độc quyền. Với cảm giác gõ mượt mà, phản hồi nhanh nhạy và âm thanh trong trẻo, êm tai như tiếng pha lê va vào nhau, mỗi lần chạm phím sẽ là một trải nghiệm thư giãn và đầy hứng thú. Bạn sẽ cảm nhận được độ chính xác tuyệt vời, dù là khi nhập liệu, soạn thảo văn bản dài hay thực hiện những pha xử lý game thần tốc.\n\nThiết kế 68 phím nhỏ gọn (F68) tối ưu hóa không gian làm việc, nhưng vẫn đảm bảo đầy đủ các chức năng cần thiết. Độ bền vượt trội cùng khả năng tương thích cao biến AULA F68 TM (Hồng/ Ice Crystal switch) trở thành người bạn đồng hành lý tưởng cho mọi tác vụ, từ công việc văn phòng đòi hỏi sự tập trung đến những trận game gay cấn.\n\nHãy để AULA F68 TM (F68P) không chỉ là công cụ, mà còn là nguồn cảm hứng bất tận, giúp bạn thể hiện phong cách riêng và nâng tầm mọi trải nghiệm số của mình.',
        1, 'https://product.hstatic.net/200000722513/product/download-photoroom_ddd7612e601d49e18fdecee1938f1dae.png'
    );
INSERT INTO product_category (product_id, category_id) VALUES (227, 28);
INSERT INTO product_variant (
        product_id, name, seo_name, supplier_id, price, price_sale, quantity, sku, model, barcode, 
        specifications, description, warranty, image_url, release_at, created_by)
        VALUES ( 227, 'Bàn phím AULA F68 TM (Hồng/ Ice Crystal switch ) F68P', 'ban-phim-aula-f68-tm-hong-ice-crystal-switch-f68p',
            1, 2270000, 2270000, 10, 'KB-AULA-F68-TM-PINK-ICE-SW-F68P',
            'KB-AULA-F68-TM-PINK-ICE-SW-F68P', 'KB-AULA-F68-TM-PINK-ICE-SW-F68P',
            '{"- Bảo hành": "24 tháng"}',
            'Bước vào thế giới của sự tinh tế và hiệu suất vượt trội với Bàn phím cơ AULA F68 TM (F68P) phiên bản Hồng ngọt ngào. Đây không chỉ là một chiếc bàn phím, mà còn là một tuyên ngôn phong cách, dành riêng cho những ai yêu thích sự kết hợp hoàn hảo giữa vẻ đẹp thẩm mỹ và trải nghiệm gõ phím đỉnh cao.\n\nKhoác lên mình sắc hồng thanh lịch, AULA F68 TM dễ dàng biến góc làm việc hay giải trí của bạn thành một không gian đầy cảm hứng và cá tính. Điểm nhấn làm nên sự khác biệt chính là bộ switch Ice Crystal độc quyền. Với cảm giác gõ mượt mà, phản hồi nhanh nhạy và âm thanh trong trẻo, êm tai như tiếng pha lê va vào nhau, mỗi lần chạm phím sẽ là một trải nghiệm thư giãn và đầy hứng thú. Bạn sẽ cảm nhận được độ chính xác tuyệt vời, dù là khi nhập liệu, soạn thảo văn bản dài hay thực hiện những pha xử lý game thần tốc.\n\nThiết kế 68 phím nhỏ gọn (F68) tối ưu hóa không gian làm việc, nhưng vẫn đảm bảo đầy đủ các chức năng cần thiết. Độ bền vượt trội cùng khả năng tương thích cao biến AULA F68 TM (Hồng/ Ice Crystal switch) trở thành người bạn đồng hành lý tưởng cho mọi tác vụ, từ công việc văn phòng đòi hỏi sự tập trung đến những trận game gay cấn.\n\nHãy để AULA F68 TM (F68P) không chỉ là công cụ, mà còn là nguồn cảm hứng bất tận, giúp bạn thể hiện phong cách riêng và nâng tầm mọi trải nghiệm số của mình.',
            24, 'https://product.hstatic.net/200000722513/product/download-photoroom_ddd7612e601d49e18fdecee1938f1dae.png', '2025-06-11T04:33:42+00:00',1);
        
INSERT INTO product_image (name, product_variant_id, image_url, is_main)
VALUES
    ('Ảnh 1', 227, 'https://product.hstatic.net/200000722513/product/download-photoroom_ddd7612e601d49e18fdecee1938f1dae.png', TRUE);
---
INSERT INTO product (name, seo_name, brand_id, specifications, description, created_by, image_url) 
    VALUES (
        'Bàn phím Leobog AMG65 TM (Tím đen/ Jadeite switch) AMG6501', 'ban-phim-leobog-amg65-tm-tim-den-jadeite-switch-amg6501', 21,
        '{"- Bảo hành": "24 tháng", "- Độ bền": "60 triệu lần bấm- Kết nối: 3 mode có dây Type-C & không dây 2.4G & BT- Màu sắc: Đen tím", "- Keycap PBT Double-Shot- Đèn nền": "LED RGB- Loại switch: Jadeite switch- Hiệu ứng âm thanh khi gõ phím: Linear- Màn Dot Matrix với hiệu ứng LED sống động, có thể tháo rời- Màn TFT 1,14 inch hiển thị thông tin và hình ảnh- Hot-Swap 5 pin- Gasket mount- Mạch xuôi- Số lượng phím: 67 phím- Điện áp/ Dòng điện định mức: DC3.7V 200mA- Điện áp/ Dòng điện sạc: DC 5V/ <=1200mA, sạc khoảng 12 giờ- Dung lượng pin: Pin lithium 8000mAh- Thời gian sử dụng khi sạc đầy pin: Khoảng 40 giờ (hiệu ứng ánh sáng mặc định) và khoảng 106 giờ (tắt led)- Kích thước bàn phím (L x W x H): 325.18 x 143.38 x 44.28 mm- Trọng lượng: Khoảng 1020g (không bao gồm dây/ đầu thu)- Hệ điều hành tương thích: Tất cả các hệ điều hành Windows WINXP, WIN7, WIN8, WIN10 (Win95, Win98 có thể cần có trình điều khiển)- Phụ kiện kèm theo: Sách hướng dẫn sử dụng + Dây USB type-C + Dụng cụ thay switch + Switch tặng kèm (1-4 chiếc)"}',
        'Đắm chìm vào thế giới của hiệu suất và phong cách với Bàn phím Leobog AMG65 TM (Tím đen/ Jadeite switch) AMG6501. Không chỉ là một công cụ, đây là một tuyên ngôn cá tính trên bàn làm việc của bạn, mang đến sự kết hợp hoàn hảo giữa vẻ đẹp tinh tế và trải nghiệm gõ phím đỉnh cao.\n\n**Thiết kế Độc đáo & Nổi bật:** Với gam màu Tím Đen huyền bí và tinh tế, AMG65 TM thu hút mọi ánh nhìn, mang đến vẻ ngoài sang trọng nhưng không kém phần cá tính. Layout 65% nhỏ gọn tối ưu hóa không gian, giữ lại các phím chức năng quan trọng mà vẫn đảm bảo tính di động và thẩm mỹ. Mỗi chi tiết đều được chăm chút tỉ mỉ, tạo nên một tổng thể hài hòa và cuốn hút.\n\n**Trải nghiệm Gõ phím Hoàn hảo với Jadeite Switch:** Điểm nhấn chính là bộ switch Jadeite độc quyền. Được tinh chỉnh để mang lại cảm giác gõ mượt mà, phản hồi nhanh nhạy và âm thanh trong trẻo, Jadeite switch biến mỗi lần nhấn phím thành một trải nghiệm đầy thỏa mãn. Cho dù bạn là game thủ chuyên nghiệp đòi hỏi tốc độ và độ chính xác cao hay dân văn phòng cần sự êm ái và hiệu suất ổn định, Jadeite switch đều đáp ứng vượt trội, giảm thiểu mệt mỏi và tăng cường năng suất.\n\n**Cấu trúc Vững chắc & Bền bỉ:** Leobog AMG65 TM được chế tạo với vật liệu cao cấp, mang lại độ bền vượt thời gian. Keycaps chất lượng cao không chỉ đẹp mắt mà còn chống mài mòn, đảm bảo các ký tự luôn sắc nét qua hàng triệu lần gõ. Công nghệ chống ghosting toàn bộ phím (N-key rollover) giúp mọi lệnh đều được ghi nhận chính xác, ngay cả trong những pha hành động căng thẳng nhất, mang lại lợi thế quyết định cho người dùng.\n\n**Nâng tầm không gian làm việc và giải trí:** Với sự kết hợp hoàn hảo giữa hiệu năng đỉnh cao, thiết kế cuốn hút và cảm giác gõ phím tuyệt vời, Leobog AMG65 TM (Tím đen/ Jadeite switch) AMG6501 không chỉ là một chiếc bàn phím, mà là một tác phẩm nghệ thuật, sẵn sàng nâng tầm mọi trải nghiệm của bạn từ công việc đến giải trí. Hãy để AMG65 TM là nguồn cảm hứng cho sự sáng tạo và chiến thắng của bạn.',
        1, 'https://product.hstatic.net/200000722513/product/amg65_35afdddaaabb46ed8523e52013d5fffd.png'
    );
INSERT INTO product_category (product_id, category_id) VALUES (228, 28);
INSERT INTO product_variant (
        product_id, name, seo_name, supplier_id, price, price_sale, quantity, sku, model, barcode, 
        specifications, description, warranty, image_url, release_at, created_by)
        VALUES ( 228, 'Bàn phím Leobog AMG65 TM (Tím đen/ Jadeite switch) AMG6501', 'ban-phim-leobog-amg65-tm-tim-den-jadeite-switch-amg6501',
            1, 2689000, 2090000, 10, 'KB-LEOBO-AMG65-TM-PUR-JADEITE-SW-AMG6501',
            'KB-LEOBO-AMG65-TM-PUR-JADEITE-SW-AMG6501', 'KB-LEOBO-AMG65-TM-PUR-JADEITE-SW-AMG6501',
            '{"- Bảo hành": "24 tháng", "- Độ bền": "60 triệu lần bấm- Kết nối: 3 mode có dây Type-C & không dây 2.4G & BT- Màu sắc: Đen tím", "- Keycap PBT Double-Shot- Đèn nền": "LED RGB- Loại switch: Jadeite switch- Hiệu ứng âm thanh khi gõ phím: Linear- Màn Dot Matrix với hiệu ứng LED sống động, có thể tháo rời- Màn TFT 1,14 inch hiển thị thông tin và hình ảnh- Hot-Swap 5 pin- Gasket mount- Mạch xuôi- Số lượng phím: 67 phím- Điện áp/ Dòng điện định mức: DC3.7V 200mA- Điện áp/ Dòng điện sạc: DC 5V/ <=1200mA, sạc khoảng 12 giờ- Dung lượng pin: Pin lithium 8000mAh- Thời gian sử dụng khi sạc đầy pin: Khoảng 40 giờ (hiệu ứng ánh sáng mặc định) và khoảng 106 giờ (tắt led)- Kích thước bàn phím (L x W x H): 325.18 x 143.38 x 44.28 mm- Trọng lượng: Khoảng 1020g (không bao gồm dây/ đầu thu)- Hệ điều hành tương thích: Tất cả các hệ điều hành Windows WINXP, WIN7, WIN8, WIN10 (Win95, Win98 có thể cần có trình điều khiển)- Phụ kiện kèm theo: Sách hướng dẫn sử dụng + Dây USB type-C + Dụng cụ thay switch + Switch tặng kèm (1-4 chiếc)"}',
            'Đắm chìm vào thế giới của hiệu suất và phong cách với Bàn phím Leobog AMG65 TM (Tím đen/ Jadeite switch) AMG6501. Không chỉ là một công cụ, đây là một tuyên ngôn cá tính trên bàn làm việc của bạn, mang đến sự kết hợp hoàn hảo giữa vẻ đẹp tinh tế và trải nghiệm gõ phím đỉnh cao.\n\n**Thiết kế Độc đáo & Nổi bật:** Với gam màu Tím Đen huyền bí và tinh tế, AMG65 TM thu hút mọi ánh nhìn, mang đến vẻ ngoài sang trọng nhưng không kém phần cá tính. Layout 65% nhỏ gọn tối ưu hóa không gian, giữ lại các phím chức năng quan trọng mà vẫn đảm bảo tính di động và thẩm mỹ. Mỗi chi tiết đều được chăm chút tỉ mỉ, tạo nên một tổng thể hài hòa và cuốn hút.\n\n**Trải nghiệm Gõ phím Hoàn hảo với Jadeite Switch:** Điểm nhấn chính là bộ switch Jadeite độc quyền. Được tinh chỉnh để mang lại cảm giác gõ mượt mà, phản hồi nhanh nhạy và âm thanh trong trẻo, Jadeite switch biến mỗi lần nhấn phím thành một trải nghiệm đầy thỏa mãn. Cho dù bạn là game thủ chuyên nghiệp đòi hỏi tốc độ và độ chính xác cao hay dân văn phòng cần sự êm ái và hiệu suất ổn định, Jadeite switch đều đáp ứng vượt trội, giảm thiểu mệt mỏi và tăng cường năng suất.\n\n**Cấu trúc Vững chắc & Bền bỉ:** Leobog AMG65 TM được chế tạo với vật liệu cao cấp, mang lại độ bền vượt thời gian. Keycaps chất lượng cao không chỉ đẹp mắt mà còn chống mài mòn, đảm bảo các ký tự luôn sắc nét qua hàng triệu lần gõ. Công nghệ chống ghosting toàn bộ phím (N-key rollover) giúp mọi lệnh đều được ghi nhận chính xác, ngay cả trong những pha hành động căng thẳng nhất, mang lại lợi thế quyết định cho người dùng.\n\n**Nâng tầm không gian làm việc và giải trí:** Với sự kết hợp hoàn hảo giữa hiệu năng đỉnh cao, thiết kế cuốn hút và cảm giác gõ phím tuyệt vời, Leobog AMG65 TM (Tím đen/ Jadeite switch) AMG6501 không chỉ là một chiếc bàn phím, mà là một tác phẩm nghệ thuật, sẵn sàng nâng tầm mọi trải nghiệm của bạn từ công việc đến giải trí. Hãy để AMG65 TM là nguồn cảm hứng cho sự sáng tạo và chiến thắng của bạn.',
            24, 'https://product.hstatic.net/200000722513/product/amg65_35afdddaaabb46ed8523e52013d5fffd.png', '2025-05-30T10:45:41+00:00',1);
        
INSERT INTO product_image (name, product_variant_id, image_url, is_main)
VALUES
    ('Ảnh 1', 228, 'https://product.hstatic.net/200000722513/product/amg65_35afdddaaabb46ed8523e52013d5fffd.png', TRUE);
---
INSERT INTO product (name, seo_name, brand_id, specifications, description, created_by, image_url) 
    VALUES (
        'Bàn phím cơ DareU EK75 Pro Triple Mode Black Golden Cloud switch', 'ban-phim-co-dareu-ek75-pro-triple-mode-black-golden-cloud-switch', 25,
        '{}',
        'Đắm chìm vào trải nghiệm gõ phím đỉnh cao cùng Bàn phím cơ DareU EK75 Pro Triple Mode Black Golden Cloud switch – sự kết hợp hoàn hảo giữa công nghệ tiên tiến, hiệu suất vượt trội và thiết kế đẳng cấp. Với khả năng kết nối ba chế độ linh hoạt (USB-C có dây, Bluetooth 5.1 và 2.4GHz không dây), EK75 Pro mang đến sự tự do tối đa, cho phép bạn dễ dàng chuyển đổi giữa các thiết bị, từ máy tính để bàn, laptop đến tablet mà không gặp bất kỳ trở ngại nào. Tận hưởng kết nối ổn định, độ trễ cực thấp dù bạn đang làm việc hay chiến game. Điểm nhấn đặc biệt của chiếc bàn phím này chính là ''Cloud switch'' độc quyền. Được tinh chỉnh để mang lại cảm giác gõ êm ái, mượt mà như lướt trên mây, cùng với âm thanh gõ trầm ấm, dễ chịu, Cloud switch sẽ biến mỗi lần chạm phím thành một trải nghiệm thú vị, đáp ứng xuất sắc mọi nhu cầu từ gõ nhanh đến cần độ chính xác cao. Khoác lên mình tông màu Đen - Vàng (Black Golden) sang trọng, EK75 Pro không chỉ là một công cụ làm việc mà còn là một tác phẩm nghệ thuật trên bàn làm việc của bạn. Layout 75% tối ưu giúp tiết kiệm không gian mà vẫn giữ lại đầy đủ các phím chức năng quan trọng và cụm phím mũi tên, lý tưởng cho cả chơi game và gõ văn bản. Keycaps PBT Doubleshot chất lượng cao đảm bảo độ bền vượt trội, chống bóng mờ theo thời gian và mang lại cảm giác gõ chắc chắn. Ngoài ra, EK75 Pro còn được trang bị khả năng Hot-swappable, cho phép bạn tùy chỉnh switch yêu thích mà không cần hàn. Hệ thống LED RGB rực rỡ với nhiều chế độ chiếu sáng khác nhau sẽ thắp sáng không gian làm việc của bạn, thể hiện cá tính riêng. Cùng với cấu trúc Gasket Mount, bàn phím này mang lại cảm giác gõ đàn hồi, giảm chấn động và tiếng ồn hiệu quả, nâng tầm trải nghiệm lên một đẳng cấp mới. DareU EK75 Pro Triple Mode Black Golden Cloud switch không chỉ là một chiếc bàn phím, mà là một khoản đầu tư vào hiệu suất, phong cách và sự thoải mái. Nâng tầm không gian làm việc và trải nghiệm chơi game của bạn ngay hôm nay!',
        1, 'https://product.hstatic.net/200000722513/product/download__2__8212092b7bf74608ba37d25630cae5e0.png'
    );
INSERT INTO product_category (product_id, category_id) VALUES (229, 28);
INSERT INTO product_variant (
        product_id, name, seo_name, supplier_id, price, price_sale, quantity, sku, model, barcode, 
        specifications, description, warranty, image_url, release_at, created_by)
        VALUES ( 229, 'Bàn phím cơ DareU EK75 Pro Triple Mode Black Golden Cloud switch', 'ban-phim-co-dareu-ek75-pro-triple-mode-black-golden-cloud-switch',
            1, 1290000, 990000, 10, 'KB-DAREU-EK75-PRO-TM-BG-CLOUD-SW',
            'KB-DAREU-EK75-PRO-TM-BG-CLOUD-SW', 'KB-DAREU-EK75-PRO-TM-BG-CLOUD-SW',
            '{}',
            'Đắm chìm vào trải nghiệm gõ phím đỉnh cao cùng Bàn phím cơ DareU EK75 Pro Triple Mode Black Golden Cloud switch – sự kết hợp hoàn hảo giữa công nghệ tiên tiến, hiệu suất vượt trội và thiết kế đẳng cấp. Với khả năng kết nối ba chế độ linh hoạt (USB-C có dây, Bluetooth 5.1 và 2.4GHz không dây), EK75 Pro mang đến sự tự do tối đa, cho phép bạn dễ dàng chuyển đổi giữa các thiết bị, từ máy tính để bàn, laptop đến tablet mà không gặp bất kỳ trở ngại nào. Tận hưởng kết nối ổn định, độ trễ cực thấp dù bạn đang làm việc hay chiến game. Điểm nhấn đặc biệt của chiếc bàn phím này chính là ''Cloud switch'' độc quyền. Được tinh chỉnh để mang lại cảm giác gõ êm ái, mượt mà như lướt trên mây, cùng với âm thanh gõ trầm ấm, dễ chịu, Cloud switch sẽ biến mỗi lần chạm phím thành một trải nghiệm thú vị, đáp ứng xuất sắc mọi nhu cầu từ gõ nhanh đến cần độ chính xác cao. Khoác lên mình tông màu Đen - Vàng (Black Golden) sang trọng, EK75 Pro không chỉ là một công cụ làm việc mà còn là một tác phẩm nghệ thuật trên bàn làm việc của bạn. Layout 75% tối ưu giúp tiết kiệm không gian mà vẫn giữ lại đầy đủ các phím chức năng quan trọng và cụm phím mũi tên, lý tưởng cho cả chơi game và gõ văn bản. Keycaps PBT Doubleshot chất lượng cao đảm bảo độ bền vượt trội, chống bóng mờ theo thời gian và mang lại cảm giác gõ chắc chắn. Ngoài ra, EK75 Pro còn được trang bị khả năng Hot-swappable, cho phép bạn tùy chỉnh switch yêu thích mà không cần hàn. Hệ thống LED RGB rực rỡ với nhiều chế độ chiếu sáng khác nhau sẽ thắp sáng không gian làm việc của bạn, thể hiện cá tính riêng. Cùng với cấu trúc Gasket Mount, bàn phím này mang lại cảm giác gõ đàn hồi, giảm chấn động và tiếng ồn hiệu quả, nâng tầm trải nghiệm lên một đẳng cấp mới. DareU EK75 Pro Triple Mode Black Golden Cloud switch không chỉ là một chiếc bàn phím, mà là một khoản đầu tư vào hiệu suất, phong cách và sự thoải mái. Nâng tầm không gian làm việc và trải nghiệm chơi game của bạn ngay hôm nay!',
            24, 'https://product.hstatic.net/200000722513/product/download__2__8212092b7bf74608ba37d25630cae5e0.png', '2025-05-22T03:03:36+00:00',1);
        
INSERT INTO product_image (name, product_variant_id, image_url, is_main)
VALUES
    ('Ảnh 1', 229, 'https://product.hstatic.net/200000722513/product/download__2__8212092b7bf74608ba37d25630cae5e0.png', TRUE),
    ('Ảnh 2', 229, 'https://product.hstatic.net/200000722513/product/download__5__3ababa19642f42ef8c4b89f43c7df94e.png', FALSE),
    ('Ảnh 3', 229, 'https://product.hstatic.net/200000722513/product/download__4__7466bc167e9e4991a77f26fe2b68ff6e.png', FALSE),
    ('Ảnh 4', 229, 'https://product.hstatic.net/200000722513/product/download__6__e5d4ededa6a64ef4b4d44230ba24a9b2.png', FALSE),
    ('Ảnh 5', 229, 'https://product.hstatic.net/200000722513/product/download__3__ccf52dd691fe4b3598ddf14f1f5bfbc4.png', FALSE);
---
INSERT INTO product (name, seo_name, brand_id, specifications, description, created_by, image_url) 
    VALUES (
        'Bàn phím Leobog AMG65 TM (Trắng/ Jadeite switch) AMG6502', 'ban-phim-leobog-amg65-tm-trang-jadeite-switch-amg6502', 21,
        '{}',
        'Đánh giá chi tiết&nbsp;bàn phím Leobog AMG65 TM (Trắng/ Jadeite switch) AMG6502Leobog, một thương hiệu bàn phím vô cùng thân thuộc với cộng động yêu thích bàn phím custom ngoài ra còn là những bộ kit bàn phím, switch hay keycap chất lượng. Và nay thương hiệu đến từ Trung Quốc đã xuất hiện tại thị trường Việt Nam với chiếc bàn phím được gia công từ chính dây chuyền sản xuất của mình. Sau đây, GEARVN sẽ cùng bạn đánh giá về chiếcbàn phím LeobogAMG65 TM.Ngoại hình đẹp mắt với những gam màu độc đáoLeobog AMG65 TMđặt ngay vào mắt chúng ta là một ngoại hình vô cùng bắt mắt. Đó là sự hòa quyện giữa màu trắng và đen, kèm theo là những nét vẽ vô cùng trẻ trung trên những chiếc keycap. Nhắc đến keycap thì chiếcbàn phím cơtừ Leobog đem đến cho chúng ta font chữ và hình ảnh vô cùng tinh nghịch.Keycap bắt mắt tạo nên từ chất liệu cao cấpTừng chiếckeycaptrên Leobog AMG65 TM được thương hiệu tỉ mỉ làm từ chất liệu nhựa PBT cứng cáp. Các kí tự trên keycap được khắc theo công nghệ Doubleshot nhằm tạo nên sự bền bỉ trong quá trình sử dụng, hạn chế tối đa tình trạng bị mờ hoặc bị mất ký tự sau thời gian dài sử dụng.Switch Jadeite trầm ấm với hot-swap 5 pinLeobog AMG65 TM sẽ không làm bạn thất vọng với kinh nghiệm chinh chiến qua rất nhiều sản phẩm bàn phím cơ hay switch chất lượng trên thị trường. Để mang đến “chiến binh” mạnh mẽ nhất thì nhà Leobog đã trang bị cho chiếc bàn phím của mình switch Jadeite đem lại chất âm vô cùng ấm với chiếc switch linear. Chất âm thocky từ Leobog AMG65 TM đem lại vô cùng phù hợp cho môi trường văn phòng, đặc biệt là nhu cầu gõ văn bản thường xuyênHot-swap 5 pin trên Leobog AMG65 TM cho phép người dùng thoải mái tùy biến chiếc bàn phím với những chiếc switch trên thị trường để phù hợp với nhu cầu sử dụng và đôi tay của người dùng. Qua đó, bạn có thể tạo nên một chiếc bàn phím tốt nhất và phù hợp nhất dành cho nhu cầu sử dụng của mình.',
        1, 'https://product.hstatic.net/200000722513/product/amg65_a6a5e42ac0e84a1db2ce578bfce839e5.png'
    );
INSERT INTO product_category (product_id, category_id) VALUES (230, 28);
INSERT INTO product_variant (
        product_id, name, seo_name, supplier_id, price, price_sale, quantity, sku, model, barcode, 
        specifications, description, warranty, image_url, release_at, created_by)
        VALUES ( 230, 'Bàn phím Leobog AMG65 TM (Trắng/ Jadeite switch) AMG6502', 'ban-phim-leobog-amg65-tm-trang-jadeite-switch-amg6502',
            1, 2689000, 2090000, 10, 'KB-LEOBO-AMG65-TM-WHI-JADEITE-SW',
            'KB-LEOBO-AMG65-TM-WHI-JADEITE-SW', 'KB-LEOBO-AMG65-TM-WHI-JADEITE-SW',
            '{}',
            'Đánh giá chi tiết&nbsp;bàn phím Leobog AMG65 TM (Trắng/ Jadeite switch) AMG6502Leobog, một thương hiệu bàn phím vô cùng thân thuộc với cộng động yêu thích bàn phím custom ngoài ra còn là những bộ kit bàn phím, switch hay keycap chất lượng. Và nay thương hiệu đến từ Trung Quốc đã xuất hiện tại thị trường Việt Nam với chiếc bàn phím được gia công từ chính dây chuyền sản xuất của mình. Sau đây, GEARVN sẽ cùng bạn đánh giá về chiếcbàn phím LeobogAMG65 TM.Ngoại hình đẹp mắt với những gam màu độc đáoLeobog AMG65 TMđặt ngay vào mắt chúng ta là một ngoại hình vô cùng bắt mắt. Đó là sự hòa quyện giữa màu trắng và đen, kèm theo là những nét vẽ vô cùng trẻ trung trên những chiếc keycap. Nhắc đến keycap thì chiếcbàn phím cơtừ Leobog đem đến cho chúng ta font chữ và hình ảnh vô cùng tinh nghịch.Keycap bắt mắt tạo nên từ chất liệu cao cấpTừng chiếckeycaptrên Leobog AMG65 TM được thương hiệu tỉ mỉ làm từ chất liệu nhựa PBT cứng cáp. Các kí tự trên keycap được khắc theo công nghệ Doubleshot nhằm tạo nên sự bền bỉ trong quá trình sử dụng, hạn chế tối đa tình trạng bị mờ hoặc bị mất ký tự sau thời gian dài sử dụng.Switch Jadeite trầm ấm với hot-swap 5 pinLeobog AMG65 TM sẽ không làm bạn thất vọng với kinh nghiệm chinh chiến qua rất nhiều sản phẩm bàn phím cơ hay switch chất lượng trên thị trường. Để mang đến “chiến binh” mạnh mẽ nhất thì nhà Leobog đã trang bị cho chiếc bàn phím của mình switch Jadeite đem lại chất âm vô cùng ấm với chiếc switch linear. Chất âm thocky từ Leobog AMG65 TM đem lại vô cùng phù hợp cho môi trường văn phòng, đặc biệt là nhu cầu gõ văn bản thường xuyênHot-swap 5 pin trên Leobog AMG65 TM cho phép người dùng thoải mái tùy biến chiếc bàn phím với những chiếc switch trên thị trường để phù hợp với nhu cầu sử dụng và đôi tay của người dùng. Qua đó, bạn có thể tạo nên một chiếc bàn phím tốt nhất và phù hợp nhất dành cho nhu cầu sử dụng của mình.',
            24, 'https://product.hstatic.net/200000722513/product/amg65_a6a5e42ac0e84a1db2ce578bfce839e5.png', '2025-05-22T03:09:49+00:00',1);
        
INSERT INTO product_image (name, product_variant_id, image_url, is_main)
VALUES
    ('Ảnh 1', 230, 'https://product.hstatic.net/200000722513/product/amg65_a6a5e42ac0e84a1db2ce578bfce839e5.png', TRUE);
---
INSERT INTO product (name, seo_name, brand_id, specifications, description, created_by, image_url) 
    VALUES (
        'Bàn phím Leobog Hi86 TM (Đen hồng/ Star Vector switch) HI8601', 'ban-phim-leobog-hi86-tm-den-hong-star-vector-switch', 21,
        '{"Bàn phím Leobog Hi86 TM (Đen hồng/ Star Vector Switch) HI8601 là một trong những sản phẩm nổi bật củaLeobog, phục vụ cho cả nhu cầu chơi game và làm việc văn phòng. Sản phẩm này không chỉ gây ấn tượng với thiết kế màu sắc độc đáo mà còn nổi bật với các tính năng ưu việt. Hãy cùng chúng tôi khám phá chi tiết về sản phẩm này.Thiết kế đẹp mắt và màu sắc nổi bậtBàn phím Leobog Hi86 được thiết kế với màu sắc đen hồng thời thượng, mang lại sự phá cách đầy cá tính. Mặt phím phủ một lớp nhựa ABS bền bỉ, đảm bảo độ chắc chắn và khả năng chống trầy xước. Thiết kế tinh tế cùng với các phím có độ nảy tốt giúp người dùng có những trải nghiệmgõ phím thoải máivà hiệu quả.Switch Star Vector cho trải nghiệm gõ tuyệt vờiMột trong những điểm mạnh nổi bật của bàn phím Leobog Hi86 chính là việc sử dụng switch Star Vector. Loại switch này mang lại cảm giác gõ nhẹ nhàng, độ phản hồi nhanh và âm thanh phát ra êm ái, thích hợp cho cả nhu cầu chơi game và gõ văn bản. Với star vector, bạn sẽ không còn phải lo lắng về độ trễ khi chơi game hay sự ồn ào trong không gian làm việc.Chế độ kết nối linh hoạtBàn phím Leobog Hi86 hỗ trợ ba chế độ kết nối": "có dây, Bluetooth và 2.4GHz. Điều này mang lại sự linh hoạt tối ưu cho người dùng, cho phép bạn dễ dàng chuyển đổi giữa các thiết bị mà không cần phải sử dụng nhiều bàn phím khác nhau. Chỉ với một vài bước đơn giản, bạn có thể kết nối bàn phím vớimáy tính,laptop, hay thậm chí là tablet di động.Đèn led RGB cá tínhBàn phím Leobog Hi86 được trang bị đèn LED RGB với nhiều chế độ màu sắc khác nhau, cho phép người dùng tùy chỉnh theo ý thích. Bạn có thể dễ dàng tạo ra không gian làm việc hoặc chơi game sinh động hơn với ánh sáng đa dạng và bắt mắt. Việc điều chỉnh đèn led cũng rất dễ dàng thông qua các phím tắt trực tiếp trênbàn phím.Hệ thống chiếu sáng thông minhKhông chỉ có ánh sáng đẹp mắt, bàn phím Leobog Hi86 còn được trang bị hệ thống chiếu sáng thông minh. Khi đang chơi game, đèn LED sẽ tự động thay đổi màu sắc dựa trên các thông số hoạt động của máy. Điều này không chỉ giúp tăng cường không khí chơi game mà còn tạo thêm cảm hứng sáng tạo trong công việc.Phụ kiện đi kèm và hỗ trợ người dùngKhi mua bàn phím Leobog Hi86, người dùng sẽ nhận được một dây USB-C chất lượng, hướng dẫn sử dụng và chính sách bảo hành hấp dẫn.Bàn phím Leobog Hi86 TM (Đen hồng/ Star Vector Switch) HI8601 chính là lựa chọn hoàn hảo cho những ai yêu thích sự đổi mới tạo ra bởi thiết kế đẹp và tính năng vượt trội. Với hệ thống kết nối linh hoạt, cảm giác gõ tuyệt vời cùng thiết kế ánh sáng RGB bắt mắt, sản phẩm này không chỉ đáp ứng nhu cầu của game thủ mà còn phù hợp với những người làm việc văn phòng. Hãy trải nghiệm ngay hôm nay để cảm nhận sự khác biệt từ bàn phím Leobog Hi86!", "Bàn phím Leobog Hi86 hỗ trợ ba chế độ kết nối": "có dây, Bluetooth và 2.4GHz. Điều này mang lại sự linh hoạt tối ưu cho người dùng, cho phép bạn dễ dàng chuyển đổi giữa các thiết bị mà không cần phải sử dụng nhiều bàn phím khác nhau. Chỉ với một vài bước đơn giản, bạn có thể kết nối bàn phím vớimáy tính,laptop, hay thậm chí là tablet di động."}',
        'Bàn phím Leobog Hi86 TM (Đen hồng/ Star Vector Switch) HI8601 là một trong những sản phẩm nổi bật củaLeobog, phục vụ cho cả nhu cầu chơi game và làm việc văn phòng. Sản phẩm này không chỉ gây ấn tượng với thiết kế màu sắc độc đáo mà còn nổi bật với các tính năng ưu việt. Hãy cùng chúng tôi khám phá chi tiết về sản phẩm này.',
        1, 'https://product.hstatic.net/200000722513/product/1_edb0eaf8b2994509bbee55e64ea275c0.png'
    );
INSERT INTO product_category (product_id, category_id) VALUES (231, 28);
INSERT INTO product_variant (
        product_id, name, seo_name, supplier_id, price, price_sale, quantity, sku, model, barcode, 
        specifications, description, warranty, image_url, release_at, created_by)
        VALUES ( 231, 'Bàn phím Leobog Hi86 TM (Đen hồng/ Star Vector switch) HI8601', 'ban-phim-leobog-hi86-tm-den-hong-star-vector-switch',
            1, 2242000, 2190000, 10, 'KB-LEOBOG-HI86-TM-BLK-PINK-STAR-VECTOR-SW',
            'KB-LEOBOG-HI86-TM-BLK-PINK-STAR-VECTOR-SW', 'KB-LEOBOG-HI86-TM-BLK-PINK-STAR-VECTOR-SW',
            '{"Bàn phím Leobog Hi86 TM (Đen hồng/ Star Vector Switch) HI8601 là một trong những sản phẩm nổi bật củaLeobog, phục vụ cho cả nhu cầu chơi game và làm việc văn phòng. Sản phẩm này không chỉ gây ấn tượng với thiết kế màu sắc độc đáo mà còn nổi bật với các tính năng ưu việt. Hãy cùng chúng tôi khám phá chi tiết về sản phẩm này.Thiết kế đẹp mắt và màu sắc nổi bậtBàn phím Leobog Hi86 được thiết kế với màu sắc đen hồng thời thượng, mang lại sự phá cách đầy cá tính. Mặt phím phủ một lớp nhựa ABS bền bỉ, đảm bảo độ chắc chắn và khả năng chống trầy xước. Thiết kế tinh tế cùng với các phím có độ nảy tốt giúp người dùng có những trải nghiệmgõ phím thoải máivà hiệu quả.Switch Star Vector cho trải nghiệm gõ tuyệt vờiMột trong những điểm mạnh nổi bật của bàn phím Leobog Hi86 chính là việc sử dụng switch Star Vector. Loại switch này mang lại cảm giác gõ nhẹ nhàng, độ phản hồi nhanh và âm thanh phát ra êm ái, thích hợp cho cả nhu cầu chơi game và gõ văn bản. Với star vector, bạn sẽ không còn phải lo lắng về độ trễ khi chơi game hay sự ồn ào trong không gian làm việc.Chế độ kết nối linh hoạtBàn phím Leobog Hi86 hỗ trợ ba chế độ kết nối": "có dây, Bluetooth và 2.4GHz. Điều này mang lại sự linh hoạt tối ưu cho người dùng, cho phép bạn dễ dàng chuyển đổi giữa các thiết bị mà không cần phải sử dụng nhiều bàn phím khác nhau. Chỉ với một vài bước đơn giản, bạn có thể kết nối bàn phím vớimáy tính,laptop, hay thậm chí là tablet di động.Đèn led RGB cá tínhBàn phím Leobog Hi86 được trang bị đèn LED RGB với nhiều chế độ màu sắc khác nhau, cho phép người dùng tùy chỉnh theo ý thích. Bạn có thể dễ dàng tạo ra không gian làm việc hoặc chơi game sinh động hơn với ánh sáng đa dạng và bắt mắt. Việc điều chỉnh đèn led cũng rất dễ dàng thông qua các phím tắt trực tiếp trênbàn phím.Hệ thống chiếu sáng thông minhKhông chỉ có ánh sáng đẹp mắt, bàn phím Leobog Hi86 còn được trang bị hệ thống chiếu sáng thông minh. Khi đang chơi game, đèn LED sẽ tự động thay đổi màu sắc dựa trên các thông số hoạt động của máy. Điều này không chỉ giúp tăng cường không khí chơi game mà còn tạo thêm cảm hứng sáng tạo trong công việc.Phụ kiện đi kèm và hỗ trợ người dùngKhi mua bàn phím Leobog Hi86, người dùng sẽ nhận được một dây USB-C chất lượng, hướng dẫn sử dụng và chính sách bảo hành hấp dẫn.Bàn phím Leobog Hi86 TM (Đen hồng/ Star Vector Switch) HI8601 chính là lựa chọn hoàn hảo cho những ai yêu thích sự đổi mới tạo ra bởi thiết kế đẹp và tính năng vượt trội. Với hệ thống kết nối linh hoạt, cảm giác gõ tuyệt vời cùng thiết kế ánh sáng RGB bắt mắt, sản phẩm này không chỉ đáp ứng nhu cầu của game thủ mà còn phù hợp với những người làm việc văn phòng. Hãy trải nghiệm ngay hôm nay để cảm nhận sự khác biệt từ bàn phím Leobog Hi86!", "Bàn phím Leobog Hi86 hỗ trợ ba chế độ kết nối": "có dây, Bluetooth và 2.4GHz. Điều này mang lại sự linh hoạt tối ưu cho người dùng, cho phép bạn dễ dàng chuyển đổi giữa các thiết bị mà không cần phải sử dụng nhiều bàn phím khác nhau. Chỉ với một vài bước đơn giản, bạn có thể kết nối bàn phím vớimáy tính,laptop, hay thậm chí là tablet di động."}',
            'Bàn phím Leobog Hi86 TM (Đen hồng/ Star Vector Switch) HI8601 là một trong những sản phẩm nổi bật củaLeobog, phục vụ cho cả nhu cầu chơi game và làm việc văn phòng. Sản phẩm này không chỉ gây ấn tượng với thiết kế màu sắc độc đáo mà còn nổi bật với các tính năng ưu việt. Hãy cùng chúng tôi khám phá chi tiết về sản phẩm này.',
            24, 'https://product.hstatic.net/200000722513/product/1_edb0eaf8b2994509bbee55e64ea275c0.png', '2025-05-16T08:14:40+00:00',1);
        
INSERT INTO product_image (name, product_variant_id, image_url, is_main)
VALUES
    ('Ảnh 1', 231, 'https://product.hstatic.net/200000722513/product/1_edb0eaf8b2994509bbee55e64ea275c0.png', TRUE),
    ('Ảnh 2', 231, 'https://product.hstatic.net/200000722513/product/2_5c3dbbec9a0e40609eb032c22da9ac67.png', FALSE),
    ('Ảnh 3', 231, 'https://product.hstatic.net/200000722513/product/3_15f6bdb08e634727b24cc05b7447eae1.png', FALSE),
    ('Ảnh 4', 231, 'https://product.hstatic.net/200000722513/product/4_c64059bd02bd4ec5a4cfb61654357fd7.png', FALSE);
---
INSERT INTO product (name, seo_name, brand_id, specifications, description, created_by, image_url) 
    VALUES (
        'Bàn phím Leobog Hi86 TM (Đen+Xanh dương+Trắng/ Nimbus V3 switch) HI8603', 'ban-phim-leobog-hi86-tm-den-xanh-duong-trang-nimbus-v3-switch', 21,
        '{"- Bảo hành": "24 tháng", "- Độ bền phím": "60 triệu lần bấm- Kết nối: 3 mode có dây Type-C & không dây 2.4G & BT- Màu sắc: Trắng đen- Keycap PBT Double-Shot- Case hợp kim nhôm- Đèn nền: LED RGB 16 hiệu ứng- Loại switch: Nimbus V3 switch- Hiệu ứng âm thanh khi gõ phím: Linear- Hot-swap 5 pin- Gasket mount- Có chức năng custom núm xoay (Bàn phím không kèm núm)- Mạch xuôi- Số lượng phím: 86 phím- Điện áp/dòng sạc: DC 5V/ 1.2A, sạc khoảng 11 tiếng- Điện áp/ dòng điện định mức: DC 3.7V - 230mA (sạc đầy 4,2V)- Dung lượng pin: Pin Li-ion có thể sạc lại 8000mAh- Thời gian sử dụng khi sạc đầy pin: Khoảng 44 giờ (hiệu ứng ánh sáng mặc định); khoảng 500 giờ (tắt tất cả đèn)- Trọng lượng: Khoảng 1832g (không bao gồm dây)- Kích thước (L x W x H): 347,75 × 137,75 × 47,95 ± 1mm- Hệ điều hành tương thích: WIN XP7/8/10/Android/IOS/MAC- Phụ kiện kèm theo: Sách hướng dẫn sử dụng + 2 Switch tặng kèm + Dây USB type-C + Dụng cụ thay keycap"}',
        'Khám phá đỉnh cao của trải nghiệm gõ phím với Bàn phím Leobog Hi86 TM – một tuyệt tác kết hợp hoàn hảo giữa công năng và thẩm mỹ. Với mã sản phẩm HI8603, chiếc bàn phím này gây ấn tượng mạnh mẽ ngay từ cái nhìn đầu tiên bởi phối màu độc đáo: Đen, Xanh dương và Trắng tinh tế, mang đến một vẻ ngoài hiện đại, cá tính nhưng không kém phần sang trọng cho không gian làm việc hay giải trí của bạn.\n\nTrung tâm của Hi86 TM là bộ công tắc Nimbus V3 cao cấp, được chế tạo để mang lại cảm giác gõ mượt mà khó cưỡng, độ phản hồi nhanh nhạy và âm thanh trong trẻo, êm ái đến bất ngờ. Mỗi lần nhấn phím đều là một trải nghiệm xúc giác tuyệt vời, giảm thiểu tiếng ồn và mang lại sự ổn định vượt trội, lý tưởng cho những phiên làm việc dài hay những trận game căng thẳng.\n\nVới layout 86 phím tối ưu, Leobog Hi86 TM giữ lại đầy đủ các phím chức năng thiết yếu mà vẫn đảm bảo sự nhỏ gọn, tiết kiệm không gian trên bàn làm việc. Thiết kế vững chắc, thường có khung hợp kim nhôm cao cấp, cùng với công nghệ gasket mount tiên tiến giúp giảm rung chấn, nâng cao cảm giác gõ và âm thanh. Khả năng hot-swap cũng cho phép bạn dễ dàng thay đổi switch mà không cần hàn, mở ra vô vàn tùy chỉnh cá nhân.\n\nLeobog Hi86 TM không chỉ là một công cụ, mà còn là một tuyên ngôn phong cách, dành cho những ai khao khát sự hoàn hảo trong từng cú chạm. Hãy sẵn sàng đắm chìm vào thế giới của hiệu suất đỉnh cao và trải nghiệm gõ phím đầy cảm hứng!',
        1, 'https://product.hstatic.net/200000722513/product/download_ef5ab7dfd6554e418e5982ec9f4dd5fb.png'
    );
INSERT INTO product_category (product_id, category_id) VALUES (232, 28);
INSERT INTO product_variant (
        product_id, name, seo_name, supplier_id, price, price_sale, quantity, sku, model, barcode, 
        specifications, description, warranty, image_url, release_at, created_by)
        VALUES ( 232, 'Bàn phím Leobog Hi86 TM (Đen+Xanh dương+Trắng/ Nimbus V3 switch) HI8603', 'ban-phim-leobog-hi86-tm-den-xanh-duong-trang-nimbus-v3-switch',
            1, 2393000, 2242000, 10, 'KB-LEOBOG-HI86-TM-BLK-WHI-BLUE-NIMBUS-V3-SW',
            'KB-LEOBOG-HI86-TM-BLK-WHI-BLUE-NIMBUS-V3-SW', 'KB-LEOBOG-HI86-TM-BLK-WHI-BLUE-NIMBUS-V3-SW',
            '{"- Bảo hành": "24 tháng", "- Độ bền phím": "60 triệu lần bấm- Kết nối: 3 mode có dây Type-C & không dây 2.4G & BT- Màu sắc: Trắng đen- Keycap PBT Double-Shot- Case hợp kim nhôm- Đèn nền: LED RGB 16 hiệu ứng- Loại switch: Nimbus V3 switch- Hiệu ứng âm thanh khi gõ phím: Linear- Hot-swap 5 pin- Gasket mount- Có chức năng custom núm xoay (Bàn phím không kèm núm)- Mạch xuôi- Số lượng phím: 86 phím- Điện áp/dòng sạc: DC 5V/ 1.2A, sạc khoảng 11 tiếng- Điện áp/ dòng điện định mức: DC 3.7V - 230mA (sạc đầy 4,2V)- Dung lượng pin: Pin Li-ion có thể sạc lại 8000mAh- Thời gian sử dụng khi sạc đầy pin: Khoảng 44 giờ (hiệu ứng ánh sáng mặc định); khoảng 500 giờ (tắt tất cả đèn)- Trọng lượng: Khoảng 1832g (không bao gồm dây)- Kích thước (L x W x H): 347,75 × 137,75 × 47,95 ± 1mm- Hệ điều hành tương thích: WIN XP7/8/10/Android/IOS/MAC- Phụ kiện kèm theo: Sách hướng dẫn sử dụng + 2 Switch tặng kèm + Dây USB type-C + Dụng cụ thay keycap"}',
            'Khám phá đỉnh cao của trải nghiệm gõ phím với Bàn phím Leobog Hi86 TM – một tuyệt tác kết hợp hoàn hảo giữa công năng và thẩm mỹ. Với mã sản phẩm HI8603, chiếc bàn phím này gây ấn tượng mạnh mẽ ngay từ cái nhìn đầu tiên bởi phối màu độc đáo: Đen, Xanh dương và Trắng tinh tế, mang đến một vẻ ngoài hiện đại, cá tính nhưng không kém phần sang trọng cho không gian làm việc hay giải trí của bạn.\n\nTrung tâm của Hi86 TM là bộ công tắc Nimbus V3 cao cấp, được chế tạo để mang lại cảm giác gõ mượt mà khó cưỡng, độ phản hồi nhanh nhạy và âm thanh trong trẻo, êm ái đến bất ngờ. Mỗi lần nhấn phím đều là một trải nghiệm xúc giác tuyệt vời, giảm thiểu tiếng ồn và mang lại sự ổn định vượt trội, lý tưởng cho những phiên làm việc dài hay những trận game căng thẳng.\n\nVới layout 86 phím tối ưu, Leobog Hi86 TM giữ lại đầy đủ các phím chức năng thiết yếu mà vẫn đảm bảo sự nhỏ gọn, tiết kiệm không gian trên bàn làm việc. Thiết kế vững chắc, thường có khung hợp kim nhôm cao cấp, cùng với công nghệ gasket mount tiên tiến giúp giảm rung chấn, nâng cao cảm giác gõ và âm thanh. Khả năng hot-swap cũng cho phép bạn dễ dàng thay đổi switch mà không cần hàn, mở ra vô vàn tùy chỉnh cá nhân.\n\nLeobog Hi86 TM không chỉ là một công cụ, mà còn là một tuyên ngôn phong cách, dành cho những ai khao khát sự hoàn hảo trong từng cú chạm. Hãy sẵn sàng đắm chìm vào thế giới của hiệu suất đỉnh cao và trải nghiệm gõ phím đầy cảm hứng!',
            24, 'https://product.hstatic.net/200000722513/product/download_ef5ab7dfd6554e418e5982ec9f4dd5fb.png', '2025-06-26T04:54:37+00:00',1);
        
INSERT INTO product_image (name, product_variant_id, image_url, is_main)
VALUES
    ('Ảnh 1', 232, 'https://product.hstatic.net/200000722513/product/download_ef5ab7dfd6554e418e5982ec9f4dd5fb.png', TRUE),
    ('Ảnh 2', 232, 'https://product.hstatic.net/200000722513/product/download__2__31391dc74e0f491fa0007f3b9d82b99f.png', FALSE),
    ('Ảnh 3', 232, 'https://product.hstatic.net/200000722513/product/download__1__d87db9cdc4554018a8e6a586987f993b.png', FALSE),
    ('Ảnh 4', 232, 'https://product.hstatic.net/200000722513/product/download__3__e8dc76debcdc459cb7d9895e510b1e59.png', FALSE);
---
INSERT INTO product (name, seo_name, brand_id, specifications, description, created_by, image_url) 
    VALUES (
        'Bàn phím Leobog Hi86 TM (Trắng đen/ Nimbus V3 switch) HI8602', 'ban-phim-leobog-hi86-tm-trang-den-nimbus-v3-switch', 21,
        '{}',
        'Bàn phím Leobog Hi86 TM là một sản phẩm nổi bật trong dòngbàn phím cơ gamingvới thiết kế hiện đại và nhiều tính năng ưu việt. Với phiên bản màu trắng đen kết hợp với Nimbus V3 switch, sản phẩm này không chỉ thu hút ánh nhìn mà còn hỗ trợ người dùng một cách tối ưu nhất trong quá trình trải nghiệm game cũng như làm việc. Dưới đây, chúng ta sẽ cùng khám phá những đặc tính và tính năng nổi bật của Bàn phím Leobog Hi86 TM.',
        1, 'https://product.hstatic.net/200000722513/product/1_a7d3d7cf71f84a21becb1331e6053aab.png'
    );
INSERT INTO product_category (product_id, category_id) VALUES (233, 28);
INSERT INTO product_variant (
        product_id, name, seo_name, supplier_id, price, price_sale, quantity, sku, model, barcode, 
        specifications, description, warranty, image_url, release_at, created_by)
        VALUES ( 233, 'Bàn phím Leobog Hi86 TM (Trắng đen/ Nimbus V3 switch) HI8602', 'ban-phim-leobog-hi86-tm-trang-den-nimbus-v3-switch',
            1, 2393000, 2242000, 10, 'KB-LEOBOG-HI86-TM-BLK-WHI-NIMBUS-V3-SW',
            'KB-LEOBOG-HI86-TM-BLK-WHI-NIMBUS-V3-SW', 'KB-LEOBOG-HI86-TM-BLK-WHI-NIMBUS-V3-SW',
            '{}',
            'Bàn phím Leobog Hi86 TM là một sản phẩm nổi bật trong dòngbàn phím cơ gamingvới thiết kế hiện đại và nhiều tính năng ưu việt. Với phiên bản màu trắng đen kết hợp với Nimbus V3 switch, sản phẩm này không chỉ thu hút ánh nhìn mà còn hỗ trợ người dùng một cách tối ưu nhất trong quá trình trải nghiệm game cũng như làm việc. Dưới đây, chúng ta sẽ cùng khám phá những đặc tính và tính năng nổi bật của Bàn phím Leobog Hi86 TM.',
            24, 'https://product.hstatic.net/200000722513/product/1_a7d3d7cf71f84a21becb1331e6053aab.png', '2025-05-09T09:25:51+00:00',1);
        
INSERT INTO product_image (name, product_variant_id, image_url, is_main)
VALUES
    ('Ảnh 1', 233, 'https://product.hstatic.net/200000722513/product/1_a7d3d7cf71f84a21becb1331e6053aab.png', TRUE),
    ('Ảnh 2', 233, 'https://product.hstatic.net/200000722513/product/3_2c81c9bc6ea44f60b7149cb6a5d1b8f7.png', FALSE),
    ('Ảnh 3', 233, 'https://product.hstatic.net/200000722513/product/2_0a426f662d6c41f0b32aec7ca1e2daf9.png', FALSE),
    ('Ảnh 4', 233, 'https://product.hstatic.net/200000722513/product/4_6e6c716b70eb4aab9e75ac340c787761.png', FALSE);
---
INSERT INTO product (name, seo_name, brand_id, specifications, description, created_by, image_url) 
    VALUES (
        'Bàn phím Leobog A75 TM (Moon Cat trắng/ Rambo switch) A7504', 'ban-phim-leobog-a75-tm-moon-cat-trang-rambo-switch', 21,
        '{"Bàn phím Leobog A75 TM (Moon Cat trắng/ Rambo switch) đã nhanh chóng trở thành một trong những mẫubàn phím cơnổi bật trong cộng đồng game thủ và những người yêu thích công nghệ. Với thiết kế hấp dẫn và nhiều tính năng nổi bật, sản phẩm này hứa hẹn mang đến trải nghiệm sử dụng tuyệt vời cho người dùng. Dưới đây là những đặc điểm nổi bật của sản phẩm.Thiết kế tinh tế và hấp dẫnBàn phím Leobog A75 TM thu hút ánh nhìn ngay từ lần đầu tiên nhờ vào thiết kế Moon Cat trắng đầy sang trọng. Vỏ ngoài chắc chắn với các phím có độ bền cao, màu trắng lấp lánh tạo ra cảm giác hiện đại, phù hợp với nhiều không gian làm việc và chơi game.Công nghệ Switch Rambo cho cảm giác gõ tuyệt vờiLeobog A75 TM trang bị Rambo switch, mang đến cảm giác gõ êm ái và phản hồi nhanh chóng. Loại switch này giúp người dùng dễ dàng thực hiện các thao tác nhanh trong game mà không lo bị nhầm lẫn, đồng thời phù hợp cho cả người dùng làm việc văn phòng.Khả năng kết nối linh hoạtBàn phímhỗ trợ 3 chế độ kết nối": "USB, Bluetooth và 2.4GHz, giúp người dùng có thể dễ dàng chuyển đổi giữa các thiết bị khác nhau. Tính năng này cực kỳ tiện lợi cho những người sử dụng nhiều thiết bị hoặc di chuyển thường xuyên.Tính năng tùy chỉnh đa dạngLeobog A75 TM cho phép người dùng tùy chỉnh các phím chức năng quaphần mềmđi kèm. Bạn có thểlập trình macro, thay đổi ánh sáng LED và thiết lập chế độ sử dụng cho phù hợp với nhu cầu cá nhân. Điều này giúp bàn phím trở nên độc đáo và phù hợp với phong cách riêng của bạn.Độ bền và tuổi thọ caoChất liệu cao cấp cùng với quy trình sản xuất nghiêm ngặt giúp Leobog A75 TM có độ bền cao hơn so với nhiều sản phẩm khác trên thị trường. Các phím bấm được kiểm tra chất lượng trước khi xuất xưởng, đảm bảo sản phẩm có tuổi thọ tốt và có thể chịu được áp lực sử dụng cao.Hệ thống LED RGB sống độngNgoài thiết kế hấp dẫn, bàn phím còn sở hữu hệ thống đènLED RGBđẹp mắt với nhiều chế độ ánh sáng khác nhau. Người dùng có thể tùy chỉnh màu sắc theo sở thích và thiết lập hiệu ứng sáng để tạo nên không gian làm việc hoặc chơi game sống động hơn.Âm thanh gõ đầy cảm hứngĐặc biệt,bàn phím LeobogA75 TM còn mang đến âm thanh gõ rất dễ chịu, không quá ồn ào, giúp người dùng cảm thấy thư giãn hơn trong những giờ làm việc hay chơi game kéo dài. Đây là điểm cộng lớn dành cho những ai yêu thích sự yên tĩnh trong quá trình sử dụng.Bàn phím Leobog A75 TM (Moon Cat trắng/ Rambo switch) là một lựa chọn tuyệt vời cho những ai đang tìm kiếm một sản phẩm bàn phím cơ chất lượng cao với thiết kế hiện đại, nhiều tính năng hữu ích và độ bền cao. Với những đánh giá tích cực từ người dùng, đây chắc chắn sẽ là một sản phẩm đáng để bạn cân nhắc khi muốn nâng cấp bộ setup của mình.", "Bàn phímhỗ trợ 3 chế độ kết nối": "USB, Bluetooth và 2.4GHz, giúp người dùng có thể dễ dàng chuyển đổi giữa các thiết bị khác nhau. Tính năng này cực kỳ tiện lợi cho những người sử dụng nhiều thiết bị hoặc di chuyển thường xuyên."}',
        'Bàn phím Leobog A75 TM (Moon Cat trắng/ Rambo switch) đã nhanh chóng trở thành một trong những mẫubàn phím cơnổi bật trong cộng đồng game thủ và những người yêu thích công nghệ. Với thiết kế hấp dẫn và nhiều tính năng nổi bật, sản phẩm này hứa hẹn mang đến trải nghiệm sử dụng tuyệt vời cho người dùng. Dưới đây là những đặc điểm nổi bật của sản phẩm.',
        1, 'https://product.hstatic.net/200000722513/product/a75__2__dc0221772d8b4238a7c17c17207f1273.png'
    );
INSERT INTO product_category (product_id, category_id) VALUES (234, 28);
INSERT INTO product_variant (
        product_id, name, seo_name, supplier_id, price, price_sale, quantity, sku, model, barcode, 
        specifications, description, warranty, image_url, release_at, created_by)
        VALUES ( 234, 'Bàn phím Leobog A75 TM (Moon Cat trắng/ Rambo switch) A7504', 'ban-phim-leobog-a75-tm-moon-cat-trang-rambo-switch',
            1, 2526000, 2190000, 10, 'KB-LEOBOG-A75-TM-MOON-CAT-WHI-RAMBO-SW',
            'KB-LEOBOG-A75-TM-MOON-CAT-WHI-RAMBO-SW', 'KB-LEOBOG-A75-TM-MOON-CAT-WHI-RAMBO-SW',
            '{"Bàn phím Leobog A75 TM (Moon Cat trắng/ Rambo switch) đã nhanh chóng trở thành một trong những mẫubàn phím cơnổi bật trong cộng đồng game thủ và những người yêu thích công nghệ. Với thiết kế hấp dẫn và nhiều tính năng nổi bật, sản phẩm này hứa hẹn mang đến trải nghiệm sử dụng tuyệt vời cho người dùng. Dưới đây là những đặc điểm nổi bật của sản phẩm.Thiết kế tinh tế và hấp dẫnBàn phím Leobog A75 TM thu hút ánh nhìn ngay từ lần đầu tiên nhờ vào thiết kế Moon Cat trắng đầy sang trọng. Vỏ ngoài chắc chắn với các phím có độ bền cao, màu trắng lấp lánh tạo ra cảm giác hiện đại, phù hợp với nhiều không gian làm việc và chơi game.Công nghệ Switch Rambo cho cảm giác gõ tuyệt vờiLeobog A75 TM trang bị Rambo switch, mang đến cảm giác gõ êm ái và phản hồi nhanh chóng. Loại switch này giúp người dùng dễ dàng thực hiện các thao tác nhanh trong game mà không lo bị nhầm lẫn, đồng thời phù hợp cho cả người dùng làm việc văn phòng.Khả năng kết nối linh hoạtBàn phímhỗ trợ 3 chế độ kết nối": "USB, Bluetooth và 2.4GHz, giúp người dùng có thể dễ dàng chuyển đổi giữa các thiết bị khác nhau. Tính năng này cực kỳ tiện lợi cho những người sử dụng nhiều thiết bị hoặc di chuyển thường xuyên.Tính năng tùy chỉnh đa dạngLeobog A75 TM cho phép người dùng tùy chỉnh các phím chức năng quaphần mềmđi kèm. Bạn có thểlập trình macro, thay đổi ánh sáng LED và thiết lập chế độ sử dụng cho phù hợp với nhu cầu cá nhân. Điều này giúp bàn phím trở nên độc đáo và phù hợp với phong cách riêng của bạn.Độ bền và tuổi thọ caoChất liệu cao cấp cùng với quy trình sản xuất nghiêm ngặt giúp Leobog A75 TM có độ bền cao hơn so với nhiều sản phẩm khác trên thị trường. Các phím bấm được kiểm tra chất lượng trước khi xuất xưởng, đảm bảo sản phẩm có tuổi thọ tốt và có thể chịu được áp lực sử dụng cao.Hệ thống LED RGB sống độngNgoài thiết kế hấp dẫn, bàn phím còn sở hữu hệ thống đènLED RGBđẹp mắt với nhiều chế độ ánh sáng khác nhau. Người dùng có thể tùy chỉnh màu sắc theo sở thích và thiết lập hiệu ứng sáng để tạo nên không gian làm việc hoặc chơi game sống động hơn.Âm thanh gõ đầy cảm hứngĐặc biệt,bàn phím LeobogA75 TM còn mang đến âm thanh gõ rất dễ chịu, không quá ồn ào, giúp người dùng cảm thấy thư giãn hơn trong những giờ làm việc hay chơi game kéo dài. Đây là điểm cộng lớn dành cho những ai yêu thích sự yên tĩnh trong quá trình sử dụng.Bàn phím Leobog A75 TM (Moon Cat trắng/ Rambo switch) là một lựa chọn tuyệt vời cho những ai đang tìm kiếm một sản phẩm bàn phím cơ chất lượng cao với thiết kế hiện đại, nhiều tính năng hữu ích và độ bền cao. Với những đánh giá tích cực từ người dùng, đây chắc chắn sẽ là một sản phẩm đáng để bạn cân nhắc khi muốn nâng cấp bộ setup của mình.", "Bàn phímhỗ trợ 3 chế độ kết nối": "USB, Bluetooth và 2.4GHz, giúp người dùng có thể dễ dàng chuyển đổi giữa các thiết bị khác nhau. Tính năng này cực kỳ tiện lợi cho những người sử dụng nhiều thiết bị hoặc di chuyển thường xuyên."}',
            'Bàn phím Leobog A75 TM (Moon Cat trắng/ Rambo switch) đã nhanh chóng trở thành một trong những mẫubàn phím cơnổi bật trong cộng đồng game thủ và những người yêu thích công nghệ. Với thiết kế hấp dẫn và nhiều tính năng nổi bật, sản phẩm này hứa hẹn mang đến trải nghiệm sử dụng tuyệt vời cho người dùng. Dưới đây là những đặc điểm nổi bật của sản phẩm.',
            24, 'https://product.hstatic.net/200000722513/product/a75__2__dc0221772d8b4238a7c17c17207f1273.png', '2025-04-27T09:51:36+00:00',1);
        
INSERT INTO product_image (name, product_variant_id, image_url, is_main)
VALUES
    ('Ảnh 1', 234, 'https://product.hstatic.net/200000722513/product/a75__2__dc0221772d8b4238a7c17c17207f1273.png', TRUE),
    ('Ảnh 2', 234, 'https://product.hstatic.net/200000722513/product/a75__3__e6c89ddd5dbf4ed0b2fe50b9ab223dd6.png', FALSE),
    ('Ảnh 3', 234, 'https://product.hstatic.net/200000722513/product/a75__4__d68d41d3446345cebb603f6f5aa00dfc.png', FALSE),
    ('Ảnh 4', 234, 'https://product.hstatic.net/200000722513/product/a75__1__8704e0c8b10b4188adc424d1617b1e74.png', FALSE),
    ('Ảnh 5', 234, 'https://product.hstatic.net/200000722513/product/a75__5__b0d912e4da03400d85cc3a129927cc64.png', FALSE),
    ('Ảnh 6', 234, 'https://product.hstatic.net/200000722513/product/a75__6__a2c1f1dcafa84812854968b4a2cc06b1.png', FALSE);
---
INSERT INTO product (name, seo_name, brand_id, specifications, description, created_by, image_url) 
    VALUES (
        'Bàn phím Leobog A75 TM (Moon Cat hồng/ Rambo switch) A7503', 'ban-phim-leobog-a75-tm-moon-cat-hong-rambo-switch', 21,
        '{}',
        'Bàn phím cơ Leobog A75 TM là một sản phẩm nổi bật trong dòng bàn phím gaming với thiết kế độc đáo và tính năng vượt trội. Đặc biệt, phiên bản tháng Mười “Moon Cat hồng” với switch Rambo đã thu hút sự chú ý của những ai yêu thích công nghệ và trò chơi điện tử. Trong bài viết này, chúng ta sẽ cùng khám phá những đặc điểm và tính năng nổi bật của sản phẩm này.Bàn phím Leobog A75 TM không chỉ gây ấn tượng bởi vẻ ngoài bắt mắt mà còn mang lại trải nghiệm gõ phím êm ái và chính xác. Với khả năng tùy chỉnh đa dạng và công nghệkết nối không dâytiên tiến, sản phẩm này hoàn toàn đáp ứng nhu cầu của người dùng.Thiết kế độc đáo và phong cáchThiết kế của Leobog A75 TM mang đậm phong cách hiện đại với màu sắc dễ thương của phiên bản “Moon Cat hồng”.Bàn phímđược thiết kế với cáckeycapcó độ cao vừa phải, cho cảm giác gõ thoải mái. Hơn nữa, thiết kế nhỏ gọn giúp tiết kiệm không gian làm việc hoặc chơi game của bạn.Tính năng switch RamboBàn phím Leobog A75 TM sử dụng switch Rambo, một loại switch được ưa chuộng trong cộng đồng game thủ. Switch này mang lại cảm giác đầm tay và phản hồi nhanh chóng, giúp người dùng có thể chơi game trong thời gian dài mà không bị mỏi tay. Ngoài ra, độ bền của switch Rambo cũng rất cao, lên đến 50 triệu lần nhấn, đảm bảo cho bạn sử dụng lâu dài.Kết nối đa dạngBàn phím hỗ trợ kết nối Bluetooth5.0, USB-C và 2.4GHz, giúp bạn dễ dàng kết nối với các thiết bị khác nhau nhưmáy tính,laptop, smartphone và tablet. Điều này đặc biệt hữu ích trong việc linh hoạt sử dụng bàn phím ở nhiều môi trường khác nhau.Đèn nền RGB tùy chỉnhBàn phím Leobog A75 TM được trang bị hệ thống đèn LED RGB với nhiều chế độ ánh sáng khác nhau. Bạn có thể tùy chỉnh đèn nền theo ý thích với nhiều màu sắc và hiệu ứng ánh sáng đẹp mắt, tạo nên không gian chơi game sinh động và thú vị.Pin dung lượng caoVới pin dung lượng lớn,bàn phím LeobogA75 TM có thể sử dụng liên tục trong nhiều giờ mà không cần sạc lại. Điều này rất thuận lợi cho những người thường xuyên di chuyển hoặc thích chơi game ở những nơi không có nguồn điện.Phần mềm tùy chỉnh mạnh mẽSản phẩm đi kèm với phần mềm tùy chỉnh, cho phép người dùng thay đổi cấu hình phím,thiết lập macrovà điều chỉnh các chế độ ánh sáng theo ý muốn. Điều này giúp tối ưu hóa trải nghiệm người sử dụng, phù hợp với từng nhu cầu cá nhân.Bàn phím Leobog A75 TM (Moon Cat hồng/ Rambo switch) A7503 là lựa chọn lý tưởng cho những ai đang tìm kiếm mộtbàn phím cơ gamingđẹp mắt, nhiều tính năng và hiệu suất cao. Với thiết kế bắt mắt, switch chất lượng và những tính năng vượt trội, sản phẩm này chắc chắn sẽ mang lại trải nghiệm tuyệt vời cho người dùng.',
        1, 'https://product.hstatic.net/200000722513/product/a75__2__dad7ea9ef5ad416e8d347bd66dc56a82.png'
    );
INSERT INTO product_category (product_id, category_id) VALUES (235, 28);
INSERT INTO product_variant (
        product_id, name, seo_name, supplier_id, price, price_sale, quantity, sku, model, barcode, 
        specifications, description, warranty, image_url, release_at, created_by)
        VALUES ( 235, 'Bàn phím Leobog A75 TM (Moon Cat hồng/ Rambo switch) A7503', 'ban-phim-leobog-a75-tm-moon-cat-hong-rambo-switch',
            1, 2526000, 2190000, 10, 'KB-LEOBOG-A75-TM-MOON-CAT-PINK-RAMBO-SW',
            'KB-LEOBOG-A75-TM-MOON-CAT-PINK-RAMBO-SW', 'KB-LEOBOG-A75-TM-MOON-CAT-PINK-RAMBO-SW',
            '{}',
            'Bàn phím cơ Leobog A75 TM là một sản phẩm nổi bật trong dòng bàn phím gaming với thiết kế độc đáo và tính năng vượt trội. Đặc biệt, phiên bản tháng Mười “Moon Cat hồng” với switch Rambo đã thu hút sự chú ý của những ai yêu thích công nghệ và trò chơi điện tử. Trong bài viết này, chúng ta sẽ cùng khám phá những đặc điểm và tính năng nổi bật của sản phẩm này.Bàn phím Leobog A75 TM không chỉ gây ấn tượng bởi vẻ ngoài bắt mắt mà còn mang lại trải nghiệm gõ phím êm ái và chính xác. Với khả năng tùy chỉnh đa dạng và công nghệkết nối không dâytiên tiến, sản phẩm này hoàn toàn đáp ứng nhu cầu của người dùng.Thiết kế độc đáo và phong cáchThiết kế của Leobog A75 TM mang đậm phong cách hiện đại với màu sắc dễ thương của phiên bản “Moon Cat hồng”.Bàn phímđược thiết kế với cáckeycapcó độ cao vừa phải, cho cảm giác gõ thoải mái. Hơn nữa, thiết kế nhỏ gọn giúp tiết kiệm không gian làm việc hoặc chơi game của bạn.Tính năng switch RamboBàn phím Leobog A75 TM sử dụng switch Rambo, một loại switch được ưa chuộng trong cộng đồng game thủ. Switch này mang lại cảm giác đầm tay và phản hồi nhanh chóng, giúp người dùng có thể chơi game trong thời gian dài mà không bị mỏi tay. Ngoài ra, độ bền của switch Rambo cũng rất cao, lên đến 50 triệu lần nhấn, đảm bảo cho bạn sử dụng lâu dài.Kết nối đa dạngBàn phím hỗ trợ kết nối Bluetooth5.0, USB-C và 2.4GHz, giúp bạn dễ dàng kết nối với các thiết bị khác nhau nhưmáy tính,laptop, smartphone và tablet. Điều này đặc biệt hữu ích trong việc linh hoạt sử dụng bàn phím ở nhiều môi trường khác nhau.Đèn nền RGB tùy chỉnhBàn phím Leobog A75 TM được trang bị hệ thống đèn LED RGB với nhiều chế độ ánh sáng khác nhau. Bạn có thể tùy chỉnh đèn nền theo ý thích với nhiều màu sắc và hiệu ứng ánh sáng đẹp mắt, tạo nên không gian chơi game sinh động và thú vị.Pin dung lượng caoVới pin dung lượng lớn,bàn phím LeobogA75 TM có thể sử dụng liên tục trong nhiều giờ mà không cần sạc lại. Điều này rất thuận lợi cho những người thường xuyên di chuyển hoặc thích chơi game ở những nơi không có nguồn điện.Phần mềm tùy chỉnh mạnh mẽSản phẩm đi kèm với phần mềm tùy chỉnh, cho phép người dùng thay đổi cấu hình phím,thiết lập macrovà điều chỉnh các chế độ ánh sáng theo ý muốn. Điều này giúp tối ưu hóa trải nghiệm người sử dụng, phù hợp với từng nhu cầu cá nhân.Bàn phím Leobog A75 TM (Moon Cat hồng/ Rambo switch) A7503 là lựa chọn lý tưởng cho những ai đang tìm kiếm mộtbàn phím cơ gamingđẹp mắt, nhiều tính năng và hiệu suất cao. Với thiết kế bắt mắt, switch chất lượng và những tính năng vượt trội, sản phẩm này chắc chắn sẽ mang lại trải nghiệm tuyệt vời cho người dùng.',
            24, 'https://product.hstatic.net/200000722513/product/a75__2__dad7ea9ef5ad416e8d347bd66dc56a82.png', '2025-04-27T09:50:29+00:00',1);
        
INSERT INTO product_image (name, product_variant_id, image_url, is_main)
VALUES
    ('Ảnh 1', 235, 'https://product.hstatic.net/200000722513/product/a75__2__dad7ea9ef5ad416e8d347bd66dc56a82.png', TRUE),
    ('Ảnh 2', 235, 'https://product.hstatic.net/200000722513/product/a75__4__b4c3a57fbbc140f9aca048975f45a948.png', FALSE),
    ('Ảnh 3', 235, 'https://product.hstatic.net/200000722513/product/a75__3__ba684b23e1ae41e992d8c740b698d6fb.png', FALSE),
    ('Ảnh 4', 235, 'https://product.hstatic.net/200000722513/product/a75__1__8e277484ac4345deb227f3f6db773145.png', FALSE),
    ('Ảnh 5', 235, 'https://product.hstatic.net/200000722513/product/a75__5__03427827a1cb402d82630668e9e7c056.png', FALSE),
    ('Ảnh 6', 235, 'https://product.hstatic.net/200000722513/product/a75__6__2f35b7cabbce4d158e4ec6fbc03cce49.png', FALSE);
---
INSERT INTO product (name, seo_name, brand_id, specifications, description, created_by, image_url) 
    VALUES (
        'Bàn phím Leobog A75 TM (Tím+đen/Rambo Switch) A7505', 'ban-phim-leobog-a75-tm-tim-den-rambo-switch', 21,
        '{"Bàn phím Leobog A75 TM là một trong những lựa chọn phổ biến cho game thủ và những ai yêu thích việc sử dụngbàn phím cơ. Với thiết kế đẹp mắt và tính năng nổi bật, sản phẩm này đang thu hút sự chú ý từ người tiêu dùng. Chúng ta cùng xem nhanh qua mẫu bàn phím này có gì đặc biệt.Thiết kế tinh tế và hiện đạiBàn phím Leobog A75 TM mang đến một thiết kế với sự kết hợp hoàn hảo giữa màu tím và đen, tạo nên sự nổi bật cho không gian làm việc hoặc chơi game. Bề mặt phím được làm từ nhựa ABS cao cấp, giúp tăng độ bền và khả năng chịu lực.Switch Rambo độc quyềnSử dụng Switch Rambo,bàn phím LeobogA75 TM cung cấp cảm giác gõ tuyệt vời với độ nhạy cao. Thiết kế switch này cho phép người sử dụng trải nghiệm gõ nẩy, êm ái hơn, giúp sự tập trung vào từng trận đấu không bị gián đoạn.Tính năng 3 chế độ kết nốiBàn phím Leobog A75 TM hỗ trợ 3 chế độ kết nối": "USB,Bluetoothvà Wireless, tạo sự linh hoạt tối đa cho người dùng. Dù bạn đang làm việc trên máy tính để bàn hay chơi game trênlaptop, việc chuyển đổi giữa các thiết bị diễn ra dễ dàng chỉ với một nút nhấn.Đèn nền RGB tùy chỉnhVới hệ thống đèn nền RGB đa sắc màu, người dùng có thể tùy chỉnh độ sáng và màu sắc theo sở thích cá nhân. Điều này không chỉ mang đến trải nghiệm hình ảnh bắt mắt mà còn giúp cân bằng giữa công việc và giải trí, tạo không gian sống động hơn.Chế độ ghi macroBàn phím Leobog A75 TM tích hợp tính năng ghimacro, cho phép người dùng lưu lại những lệnh phím điều khiển mà mình thường sử dụng. Tính năng này cực kỳ hữu ích cho game thủ khi cần thực hiện các thao tác nhanh chóng trong trò chơi.Tương thích đa nền tảngSản phẩm không chỉ tương thích vớiWindowsmà còn hoạt động tốt trên macOS và các hệ điều hành khác. Nhờ đó, cho phép người dùng dễ dàng chuyển đổi giữa các nền tảng mà không gặp phải vấn đề tương thích.Giá cả hợp lýVới một loạt các tính năng và thiết kế tinh tế, Bàn phím Leobog A75 TM có mức giá rất cạnh tranh, phù hợp với nhiều đối tượng người dùng từ sinh viên cho đến game thủ chuyên nghiệp.Bàn phím Leobog A75 TM (Tím+đen/Rambo Switch) A7505 là sự lựa chọn tuyệt vời cho những ai đang tìm kiếm một sản phẩm vừa đẹp mắt vừa chất lượng. Với thiết kế hiện đại, tính năng đa dạng cùng mức giá hợp lý, sản phẩm này xứng đáng nhận được sự quan tâm từ người tiêu dùng. Nếu bạn đang cần một bàn phím cơ cho công việc và giải trí, hãy thử nghiệm ngay Leobog A75 TM.", "Bàn phím Leobog A75 TM hỗ trợ 3 chế độ kết nối": "USB,Bluetoothvà Wireless, tạo sự linh hoạt tối đa cho người dùng. Dù bạn đang làm việc trên máy tính để bàn hay chơi game trênlaptop, việc chuyển đổi giữa các thiết bị diễn ra dễ dàng chỉ với một nút nhấn."}',
        'Bàn phím Leobog A75 TM là một trong những lựa chọn phổ biến cho game thủ và những ai yêu thích việc sử dụngbàn phím cơ. Với thiết kế đẹp mắt và tính năng nổi bật, sản phẩm này đang thu hút sự chú ý từ người tiêu dùng. Chúng ta cùng xem nhanh qua mẫu bàn phím này có gì đặc biệt.',
        1, 'https://product.hstatic.net/200000722513/product/a75__2__350025bd4d6249fabcdc7961ba0f7991.png'
    );
INSERT INTO product_category (product_id, category_id) VALUES (236, 28);
INSERT INTO product_variant (
        product_id, name, seo_name, supplier_id, price, price_sale, quantity, sku, model, barcode, 
        specifications, description, warranty, image_url, release_at, created_by)
        VALUES ( 236, 'Bàn phím Leobog A75 TM (Tím+đen/Rambo Switch) A7505', 'ban-phim-leobog-a75-tm-tim-den-rambo-switch',
            1, 2090000, 1890000, 10, 'KB-LEOBOG-A75-TM-PUR-BLK-RAMBO-SW',
            'KB-LEOBOG-A75-TM-PUR-BLK-RAMBO-SW', 'KB-LEOBOG-A75-TM-PUR-BLK-RAMBO-SW',
            '{"Bàn phím Leobog A75 TM là một trong những lựa chọn phổ biến cho game thủ và những ai yêu thích việc sử dụngbàn phím cơ. Với thiết kế đẹp mắt và tính năng nổi bật, sản phẩm này đang thu hút sự chú ý từ người tiêu dùng. Chúng ta cùng xem nhanh qua mẫu bàn phím này có gì đặc biệt.Thiết kế tinh tế và hiện đạiBàn phím Leobog A75 TM mang đến một thiết kế với sự kết hợp hoàn hảo giữa màu tím và đen, tạo nên sự nổi bật cho không gian làm việc hoặc chơi game. Bề mặt phím được làm từ nhựa ABS cao cấp, giúp tăng độ bền và khả năng chịu lực.Switch Rambo độc quyềnSử dụng Switch Rambo,bàn phím LeobogA75 TM cung cấp cảm giác gõ tuyệt vời với độ nhạy cao. Thiết kế switch này cho phép người sử dụng trải nghiệm gõ nẩy, êm ái hơn, giúp sự tập trung vào từng trận đấu không bị gián đoạn.Tính năng 3 chế độ kết nốiBàn phím Leobog A75 TM hỗ trợ 3 chế độ kết nối": "USB,Bluetoothvà Wireless, tạo sự linh hoạt tối đa cho người dùng. Dù bạn đang làm việc trên máy tính để bàn hay chơi game trênlaptop, việc chuyển đổi giữa các thiết bị diễn ra dễ dàng chỉ với một nút nhấn.Đèn nền RGB tùy chỉnhVới hệ thống đèn nền RGB đa sắc màu, người dùng có thể tùy chỉnh độ sáng và màu sắc theo sở thích cá nhân. Điều này không chỉ mang đến trải nghiệm hình ảnh bắt mắt mà còn giúp cân bằng giữa công việc và giải trí, tạo không gian sống động hơn.Chế độ ghi macroBàn phím Leobog A75 TM tích hợp tính năng ghimacro, cho phép người dùng lưu lại những lệnh phím điều khiển mà mình thường sử dụng. Tính năng này cực kỳ hữu ích cho game thủ khi cần thực hiện các thao tác nhanh chóng trong trò chơi.Tương thích đa nền tảngSản phẩm không chỉ tương thích vớiWindowsmà còn hoạt động tốt trên macOS và các hệ điều hành khác. Nhờ đó, cho phép người dùng dễ dàng chuyển đổi giữa các nền tảng mà không gặp phải vấn đề tương thích.Giá cả hợp lýVới một loạt các tính năng và thiết kế tinh tế, Bàn phím Leobog A75 TM có mức giá rất cạnh tranh, phù hợp với nhiều đối tượng người dùng từ sinh viên cho đến game thủ chuyên nghiệp.Bàn phím Leobog A75 TM (Tím+đen/Rambo Switch) A7505 là sự lựa chọn tuyệt vời cho những ai đang tìm kiếm một sản phẩm vừa đẹp mắt vừa chất lượng. Với thiết kế hiện đại, tính năng đa dạng cùng mức giá hợp lý, sản phẩm này xứng đáng nhận được sự quan tâm từ người tiêu dùng. Nếu bạn đang cần một bàn phím cơ cho công việc và giải trí, hãy thử nghiệm ngay Leobog A75 TM.", "Bàn phím Leobog A75 TM hỗ trợ 3 chế độ kết nối": "USB,Bluetoothvà Wireless, tạo sự linh hoạt tối đa cho người dùng. Dù bạn đang làm việc trên máy tính để bàn hay chơi game trênlaptop, việc chuyển đổi giữa các thiết bị diễn ra dễ dàng chỉ với một nút nhấn."}',
            'Bàn phím Leobog A75 TM là một trong những lựa chọn phổ biến cho game thủ và những ai yêu thích việc sử dụngbàn phím cơ. Với thiết kế đẹp mắt và tính năng nổi bật, sản phẩm này đang thu hút sự chú ý từ người tiêu dùng. Chúng ta cùng xem nhanh qua mẫu bàn phím này có gì đặc biệt.',
            24, 'https://product.hstatic.net/200000722513/product/a75__2__350025bd4d6249fabcdc7961ba0f7991.png', '2025-04-27T09:48:13+00:00',1);
        
INSERT INTO product_image (name, product_variant_id, image_url, is_main)
VALUES
    ('Ảnh 1', 236, 'https://product.hstatic.net/200000722513/product/a75__2__350025bd4d6249fabcdc7961ba0f7991.png', TRUE),
    ('Ảnh 2', 236, 'https://product.hstatic.net/200000722513/product/a75__4__e44b032a3b0f4149ab23a164c94e9086.png', FALSE),
    ('Ảnh 3', 236, 'https://product.hstatic.net/200000722513/product/a75__3__90dea5ef19b24d189dea7605b3340683.png', FALSE),
    ('Ảnh 4', 236, 'https://product.hstatic.net/200000722513/product/a75__1__3d060fa2c45d46f692ea6de0246c5092.png', FALSE),
    ('Ảnh 5', 236, 'https://product.hstatic.net/200000722513/product/a75__5__bbb5c649dc9549b495d70ee497dcbe1a.png', FALSE),
    ('Ảnh 6', 236, 'https://product.hstatic.net/200000722513/product/a75__6__f0c745dec149426c904a0b9ea9dcf9e0.png', FALSE);
---
INSERT INTO product (name, seo_name, brand_id, specifications, description, created_by, image_url) 
    VALUES (
        'Bàn phím Razer BlackWidow V4 X Green Switch - Minecraft Edition', 'ban-phim-razer-blackwidow-v4-x-green-switch-minecraft-edition', 15,
        '{}',
        'Đánh giá chi tiết Bàn phím Razer BlackWidow V4 X Green Switch - Minecraft EditionBàn phímRazer BlackWidow V4 X Green Switch - Minecraft Edition không chỉ là công cụ hỗ trợ hoàn hảo cho game thủ, mà còn mang đến trải nghiệm phong cách sống động cho những fan hâm mộ Minecraft. Với thiết kế độc đáo và tính năng vượt trội, sản phẩm này hứa hẹn sẽ là lựa chọn hoàn hảo cho cả game thủ lẫn những người yêu thích công nghệ. Cùng đánh giá chi tiết sản phẩm đến từRazernày dưới đây!Thiết kế độc đáo lấy cảm hứng từ MinecraftBàn phím Razer BlackWidow V4 X được thiết kế với hình ảnh và gam màu từ thế giớiMinecraft, mang đến cho người dùng cảm giác như đang sống trong trò chơi yêu thích của mình. Các chi tiết của bàn phím được thiết kế tỉ mỉ với màu sắc sống động, tạo điểm nhấn ấn tượng cho bộ setup không gian chơi game.Switch cơ học Razer Green SwitchBàn phím sử dụng loại switch Razer Green, mang đến phản hồi âm thanh và cảm giác gõ tuyệt vời. Switch này được thiết kế cho độ chính xác cao, giúp người dùng dễ dàng thực hiện các thao tác trong game một cách mượt mà. Với lực nhấn vừa phải và độ bền cao, Razer Green Switch là sự lựa chọn lý tưởng cho những ai thường xuyên phải chơi game.Đèn nền RGB tùy chỉnhMột trong những điểm nổi bật của bàn phím là hệ thống đèn nền RGB với hàng triệu màu sắc và hiệu ứng ánh sáng tùy chỉnh. Người dùng có thể sử dụng phần mềm Razer Synapse để tạo ra các hiệu ứng đẹp mắt hoặc đồng bộ hóa ánh sáng với các thiết bị khác. Điều này không chỉ làm tăng tính thẩm mỹ mà còn giúp tạo ra bầu không khí thích hợp khi chơi game.Chức năng macro thông minhRazer BlackWidow V4 X cho phép người dùng lập trình macro cho từng phím, giúp mở rộng khả năng tương tác trong game. Tính năng này rất hữu ích cho những game cần thao tác nhanh và chính xác, giúp người chơi dễ dàng thực hiện các chiến thuật phức tạp mà không gặp trở ngại.Chất lượng xây dựng bền bỉSản phẩm được làm từ chất liệu cao cấp, đảm bảo độ bền và tuổi thọ lâu dài. Với lớp hoàn thiện chắc chắn và khả năng chống nước, Razer BlackWidow V4 X dễ dàng chịu được tác động từ môi trường và các tình huống sử dụng khắc nghiệt.Tích hợp Razer SynapsePhần mềm Razer Synapse cho phép người dùng tùy chỉnh bàn phím một cách dễ dàng, từ việc thay đổi độ sáng đèn nền đến việc thiết lập các phím tắt và macro. Giao diện người dùng thân thiện giúp người dùng nhanh chóng làm quen và tối ưu hóa trải nghiệm chơi game của mình.Tính năng chống ghosting và anti-ghostingBàn phím này được trang bị công nghệ chống ghosting, cho phép người dùng nhấn nhiều phím cùng một lúc mà không bị mất tín hiệu. Tính năng này rất quan trọng trong các trò chơi yêu cầu thao tác nhanh chóng và chính xác, đảm bảo không có thao tác nào bị bỏ lỡ.Với thiết kế độc đáo, tính năng ưu việt và sự nổi bật trong từng chi tiết,Razer BlackWidow V4 X Green Switch - Minecraft Editionxứng đáng là lựa chọn hàng đầu dành cho game thủ và fan hâm mộ của Minecraft. Hãy nâng cấp trải nghiệm chơi game của bạn với sản phẩm này và khám phá thế giới sáng tạo của Minecraft một cách sống động nhất!',
        1, 'https://product.hstatic.net/200000722513/product/-phim-co-razer-blackwidow-v4-x-minecraft-edition-rz03-04704100-r3m1-04_c0a0aa88e4114e21800587554af7249d.jpg'
    );
INSERT INTO product_category (product_id, category_id) VALUES (237, 28);
INSERT INTO product_variant (
        product_id, name, seo_name, supplier_id, price, price_sale, quantity, sku, model, barcode, 
        specifications, description, warranty, image_url, release_at, created_by)
        VALUES ( 237, 'Bàn phím Razer BlackWidow V4 X Green Switch - Minecraft Edition', 'ban-phim-razer-blackwidow-v4-x-green-switch-minecraft-edition',
            1, 0, 4790000, 10, 'KB-RAZER-BLACKWIDOW-V4X-GREEN-MINECRAFT',
            'KB-RAZER-BLACKWIDOW-V4X-GREEN-MINECRAFT', 'KB-RAZER-BLACKWIDOW-V4X-GREEN-MINECRAFT',
            '{}',
            'Đánh giá chi tiết Bàn phím Razer BlackWidow V4 X Green Switch - Minecraft EditionBàn phímRazer BlackWidow V4 X Green Switch - Minecraft Edition không chỉ là công cụ hỗ trợ hoàn hảo cho game thủ, mà còn mang đến trải nghiệm phong cách sống động cho những fan hâm mộ Minecraft. Với thiết kế độc đáo và tính năng vượt trội, sản phẩm này hứa hẹn sẽ là lựa chọn hoàn hảo cho cả game thủ lẫn những người yêu thích công nghệ. Cùng đánh giá chi tiết sản phẩm đến từRazernày dưới đây!Thiết kế độc đáo lấy cảm hứng từ MinecraftBàn phím Razer BlackWidow V4 X được thiết kế với hình ảnh và gam màu từ thế giớiMinecraft, mang đến cho người dùng cảm giác như đang sống trong trò chơi yêu thích của mình. Các chi tiết của bàn phím được thiết kế tỉ mỉ với màu sắc sống động, tạo điểm nhấn ấn tượng cho bộ setup không gian chơi game.Switch cơ học Razer Green SwitchBàn phím sử dụng loại switch Razer Green, mang đến phản hồi âm thanh và cảm giác gõ tuyệt vời. Switch này được thiết kế cho độ chính xác cao, giúp người dùng dễ dàng thực hiện các thao tác trong game một cách mượt mà. Với lực nhấn vừa phải và độ bền cao, Razer Green Switch là sự lựa chọn lý tưởng cho những ai thường xuyên phải chơi game.Đèn nền RGB tùy chỉnhMột trong những điểm nổi bật của bàn phím là hệ thống đèn nền RGB với hàng triệu màu sắc và hiệu ứng ánh sáng tùy chỉnh. Người dùng có thể sử dụng phần mềm Razer Synapse để tạo ra các hiệu ứng đẹp mắt hoặc đồng bộ hóa ánh sáng với các thiết bị khác. Điều này không chỉ làm tăng tính thẩm mỹ mà còn giúp tạo ra bầu không khí thích hợp khi chơi game.Chức năng macro thông minhRazer BlackWidow V4 X cho phép người dùng lập trình macro cho từng phím, giúp mở rộng khả năng tương tác trong game. Tính năng này rất hữu ích cho những game cần thao tác nhanh và chính xác, giúp người chơi dễ dàng thực hiện các chiến thuật phức tạp mà không gặp trở ngại.Chất lượng xây dựng bền bỉSản phẩm được làm từ chất liệu cao cấp, đảm bảo độ bền và tuổi thọ lâu dài. Với lớp hoàn thiện chắc chắn và khả năng chống nước, Razer BlackWidow V4 X dễ dàng chịu được tác động từ môi trường và các tình huống sử dụng khắc nghiệt.Tích hợp Razer SynapsePhần mềm Razer Synapse cho phép người dùng tùy chỉnh bàn phím một cách dễ dàng, từ việc thay đổi độ sáng đèn nền đến việc thiết lập các phím tắt và macro. Giao diện người dùng thân thiện giúp người dùng nhanh chóng làm quen và tối ưu hóa trải nghiệm chơi game của mình.Tính năng chống ghosting và anti-ghostingBàn phím này được trang bị công nghệ chống ghosting, cho phép người dùng nhấn nhiều phím cùng một lúc mà không bị mất tín hiệu. Tính năng này rất quan trọng trong các trò chơi yêu cầu thao tác nhanh chóng và chính xác, đảm bảo không có thao tác nào bị bỏ lỡ.Với thiết kế độc đáo, tính năng ưu việt và sự nổi bật trong từng chi tiết,Razer BlackWidow V4 X Green Switch - Minecraft Editionxứng đáng là lựa chọn hàng đầu dành cho game thủ và fan hâm mộ của Minecraft. Hãy nâng cấp trải nghiệm chơi game của bạn với sản phẩm này và khám phá thế giới sáng tạo của Minecraft một cách sống động nhất!',
            24, 'https://product.hstatic.net/200000722513/product/-phim-co-razer-blackwidow-v4-x-minecraft-edition-rz03-04704100-r3m1-04_c0a0aa88e4114e21800587554af7249d.jpg', '2025-04-11T11:13:00+00:00',1);
        
INSERT INTO product_image (name, product_variant_id, image_url, is_main)
VALUES
    ('Ảnh 1', 237, 'https://product.hstatic.net/200000722513/product/-phim-co-razer-blackwidow-v4-x-minecraft-edition-rz03-04704100-r3m1-04_c0a0aa88e4114e21800587554af7249d.jpg', TRUE),
    ('Ảnh 2', 237, 'https://product.hstatic.net/200000722513/product/-phim-co-razer-blackwidow-v4-x-minecraft-edition-rz03-04704100-r3m1-02_ad0e9119e8434a8897d60b9d023107df.jpg', FALSE),
    ('Ảnh 3', 237, 'https://product.hstatic.net/200000722513/product/m-co-razer-blackwidow-v4-x-minecraft-edition-rz03-04704100-r3m1-03__1__f53c5e2df3774b3cba98fc468047e1c3.jpg', FALSE);
---
INSERT INTO product (name, seo_name, brand_id, specifications, description, created_by, image_url) 
    VALUES (
        'Bàn phím AULA F75 (Đen +Hồng Gradient/Reaper switch) F7514', 'ban-phim-aula-f75-den-hong-gradient-reaper-switch', 22,
        '{}',
        'Khám phá Bàn phím AULA F75 F7514 – Nơi công nghệ và phong cách hòa quyện một cách ngoạn mục. Với sự kết hợp màu sắc Đen và Hồng Gradient độc đáo, chiếc bàn phím này không chỉ là một công cụ gõ phím mà còn là một tác phẩm nghệ thuật làm bừng sáng không gian làm việc hay giải trí của bạn. Trải nghiệm đỉnh cao cùng Switch Reaper độc quyền. Từng cú nhấn phím đều mang lại cảm giác mượt mà, phản hồi nhanh nhạy và âm thanh gõ đặc trưng, đầy phấn khích – hoàn hảo cho những phiên gaming căng thẳng hay những giờ làm việc đòi hỏi sự chính xác và thoải mái tối đa. AULA F75 F7514 được chế tác với sự tỉ mỉ, tích hợp cấu trúc Gasket Mount tiên tiến giúp tối ưu hóa cảm giác gõ, giảm thiểu tiếng ồn và mang lại sự ổn định vượt trội. Bộ keycap PBT bền bỉ không chỉ chống bóng mờ hiệu quả mà còn giữ màu sắc sống động qua thời gian. Khả năng kết nối đa dạng (có dây, Bluetooth và 2.4Ghz) mang đến sự linh hoạt tuyệt đối, cho phép bạn dễ dàng chuyển đổi giữa các thiết bị. AULA F75 F7514 Đen + Hồng Gradient/Reaper switch không chỉ là một chiếc bàn phím, mà là người bạn đồng hành tin cậy, giúp bạn khẳng định phong cách và chinh phục mọi thử thách với hiệu suất không ngừng nghỉ.',
        1, 'https://product.hstatic.net/200000722513/product/mode-phien-ban-den-hong-gradientreaper-switch_20252251159292-photoroom_9017af59091746b29ecfcae9a773371a.png'
    );
INSERT INTO product_category (product_id, category_id) VALUES (238, 28);
INSERT INTO product_variant (
        product_id, name, seo_name, supplier_id, price, price_sale, quantity, sku, model, barcode, 
        specifications, description, warranty, image_url, release_at, created_by)
        VALUES ( 238, 'Bàn phím AULA F75 (Đen +Hồng Gradient/Reaper switch) F7514', 'ban-phim-aula-f75-den-hong-gradient-reaper-switch',
            1, 1290000, 1190000, 10, 'KB-AULA-F75-BLK-PINK-REAPER-SW',
            'KB-AULA-F75-BLK-PINK-REAPER-SW', 'KB-AULA-F75-BLK-PINK-REAPER-SW',
            '{}',
            'Khám phá Bàn phím AULA F75 F7514 – Nơi công nghệ và phong cách hòa quyện một cách ngoạn mục. Với sự kết hợp màu sắc Đen và Hồng Gradient độc đáo, chiếc bàn phím này không chỉ là một công cụ gõ phím mà còn là một tác phẩm nghệ thuật làm bừng sáng không gian làm việc hay giải trí của bạn. Trải nghiệm đỉnh cao cùng Switch Reaper độc quyền. Từng cú nhấn phím đều mang lại cảm giác mượt mà, phản hồi nhanh nhạy và âm thanh gõ đặc trưng, đầy phấn khích – hoàn hảo cho những phiên gaming căng thẳng hay những giờ làm việc đòi hỏi sự chính xác và thoải mái tối đa. AULA F75 F7514 được chế tác với sự tỉ mỉ, tích hợp cấu trúc Gasket Mount tiên tiến giúp tối ưu hóa cảm giác gõ, giảm thiểu tiếng ồn và mang lại sự ổn định vượt trội. Bộ keycap PBT bền bỉ không chỉ chống bóng mờ hiệu quả mà còn giữ màu sắc sống động qua thời gian. Khả năng kết nối đa dạng (có dây, Bluetooth và 2.4Ghz) mang đến sự linh hoạt tuyệt đối, cho phép bạn dễ dàng chuyển đổi giữa các thiết bị. AULA F75 F7514 Đen + Hồng Gradient/Reaper switch không chỉ là một chiếc bàn phím, mà là người bạn đồng hành tin cậy, giúp bạn khẳng định phong cách và chinh phục mọi thử thách với hiệu suất không ngừng nghỉ.',
            24, 'https://product.hstatic.net/200000722513/product/mode-phien-ban-den-hong-gradientreaper-switch_20252251159292-photoroom_9017af59091746b29ecfcae9a773371a.png', '2025-03-28T07:49:28+00:00',1);
        
INSERT INTO product_image (name, product_variant_id, image_url, is_main)
VALUES
    ('Ảnh 1', 238, 'https://product.hstatic.net/200000722513/product/mode-phien-ban-den-hong-gradientreaper-switch_20252251159292-photoroom_9017af59091746b29ecfcae9a773371a.png', TRUE),
    ('Ảnh 2', 238, 'https://product.hstatic.net/200000722513/product/mode-phien-ban-den-hong-gradientreaper-switch_20252251159295-photoroom_20fe8102b720465cb0f2ae84aae1a4d8.png', FALSE),
    ('Ảnh 3', 238, 'https://product.hstatic.net/200000722513/product/mode-phien-ban-den-hong-gradientreaper-switch_20252251159294-photoroom_b425b525a09249399fc669ca6af37c13.png', FALSE),
    ('Ảnh 4', 238, 'https://product.hstatic.net/200000722513/product/mode-phien-ban-den-hong-gradientreaper-switch_20252251159293-photoroom_c4f82433624f4d37be1b0557500bd4cd.png', FALSE),
    ('Ảnh 5', 238, 'https://product.hstatic.net/200000722513/product/mode-phien-ban-den-hong-gradientreaper-switch_20252251159291-photoroom_ce99f53ef60f48ccab0649c726f99967.png', FALSE);
---
INSERT INTO product (name, seo_name, brand_id, specifications, description, created_by, image_url) 
    VALUES (
        'Bàn phím ROG Strix Scope RX TKL Wireless Deluxe (90MP02J0-BKUA00)', 'ban-phim-rog-strix-scope-rx-tkl-wireless-deluxe-90mp02j0-bkua00', 3,
        '{"Nhà Sản Xuất": "Asus", "Tình Trạng": "Mới 100% - Fullbox"}',
        'Đắm chìm vào thế giới game đỉnh cao với Bàn phím ROG Strix Scope RX TKL Wireless Deluxe – vũ khí tối thượng dành cho mọi game thủ chuyên nghiệp. Được thiết kế để mang lại hiệu suất vượt trội, sự tiện lợi tối đa và phong cách không thể nhầm lẫn, chiếc bàn phím Tenkeyless (TKL) này là sự kết hợp hoàn hảo giữa công nghệ tiên tiến và thiết kế tinh gọn. Trái tim của ROG Strix Scope RX TKL Wireless Deluxe chính là các Switch quang cơ ROG RX độc quyền. Với điểm kích hoạt gần như tức thì, độ bền vượt trội lên đến 100 triệu lần nhấn và hành trình phím mượt mà, nhất quán nhờ cơ chế ổn định chéo, mỗi cú nhấn đều được ghi nhận chính xác và nhanh chóng, mang lại lợi thế quyết định trong mọi trận chiến. Thiết kế TKL nhỏ gọn giải phóng không gian bàn làm việc của bạn, cho phép di chuột rộng hơn và mang lại tư thế chơi game tự nhiên, thoải mái hơn. Đồng thời, khả năng kết nối không dây ba chế độ mang đến sự linh hoạt tuyệt đối: ROG SpeedNova 2.4 GHz cho độ trễ siêu thấp, Bluetooth để dễ dàng ghép nối với nhiều thiết bị, và USB-C có dây để sạc nhanh và chơi game không ngừng nghỉ với hiệu suất tối đa. Với thời lượng pin ấn tượng, bạn có thể chiến game hàng giờ liền mà không lo gián đoạn. Vỏ ngoài được chế tác từ hợp kim nhôm nguyên khối mang lại vẻ ngoài cao cấp, bền bỉ và cứng cáp, chịu được cường độ sử dụng cao. Các tính năng tiện ích như phím Stealth ẩn mọi ứng dụng và tắt âm thanh ngay lập tức, cùng phím chuyển đổi nhanh giữa chức năng và media, tối ưu hóa trải nghiệm sử dụng. Hệ thống đèn RGB Aura Sync sống động, có thể tùy chỉnh không giới hạn, cho phép bạn thể hiện cá tính riêng và đồng bộ hóa với hệ sinh thái ROG của mình. ROG Strix Scope RX TKL Wireless Deluxe không chỉ là một chiếc bàn phím, mà là một tuyên ngôn về hiệu năng và phong cách. Hãy sẵn sàng thống trị mọi đấu trường ảo với công cụ hoàn hảo này trong tay!',
        1, 'https://product.hstatic.net/200000722513/product/h525_299ae775c80b4882b6386797f3aa9b59.png'
    );
INSERT INTO product_category (product_id, category_id) VALUES (239, 28);
INSERT INTO product_variant (
        product_id, name, seo_name, supplier_id, price, price_sale, quantity, sku, model, barcode, 
        specifications, description, warranty, image_url, release_at, created_by)
        VALUES ( 239, 'Bàn phím ROG Strix Scope RX TKL Wireless Deluxe (90MP02J0-BKUA00)', 'ban-phim-rog-strix-scope-rx-tkl-wireless-deluxe-90mp02j0-bkua00',
            1, 0, 3800000, 10, 'KB-ROG-STRIX-SCOPE-RX-TKL-WL-90MP02J0-BKUA00',
            'KB-ROG-STRIX-SCOPE-RX-TKL-WL-90MP02J0-BKUA00', 'KB-ROG-STRIX-SCOPE-RX-TKL-WL-90MP02J0-BKUA00',
            '{"Nhà Sản Xuất": "Asus", "Tình Trạng": "Mới 100% - Fullbox"}',
            'Đắm chìm vào thế giới game đỉnh cao với Bàn phím ROG Strix Scope RX TKL Wireless Deluxe – vũ khí tối thượng dành cho mọi game thủ chuyên nghiệp. Được thiết kế để mang lại hiệu suất vượt trội, sự tiện lợi tối đa và phong cách không thể nhầm lẫn, chiếc bàn phím Tenkeyless (TKL) này là sự kết hợp hoàn hảo giữa công nghệ tiên tiến và thiết kế tinh gọn. Trái tim của ROG Strix Scope RX TKL Wireless Deluxe chính là các Switch quang cơ ROG RX độc quyền. Với điểm kích hoạt gần như tức thì, độ bền vượt trội lên đến 100 triệu lần nhấn và hành trình phím mượt mà, nhất quán nhờ cơ chế ổn định chéo, mỗi cú nhấn đều được ghi nhận chính xác và nhanh chóng, mang lại lợi thế quyết định trong mọi trận chiến. Thiết kế TKL nhỏ gọn giải phóng không gian bàn làm việc của bạn, cho phép di chuột rộng hơn và mang lại tư thế chơi game tự nhiên, thoải mái hơn. Đồng thời, khả năng kết nối không dây ba chế độ mang đến sự linh hoạt tuyệt đối: ROG SpeedNova 2.4 GHz cho độ trễ siêu thấp, Bluetooth để dễ dàng ghép nối với nhiều thiết bị, và USB-C có dây để sạc nhanh và chơi game không ngừng nghỉ với hiệu suất tối đa. Với thời lượng pin ấn tượng, bạn có thể chiến game hàng giờ liền mà không lo gián đoạn. Vỏ ngoài được chế tác từ hợp kim nhôm nguyên khối mang lại vẻ ngoài cao cấp, bền bỉ và cứng cáp, chịu được cường độ sử dụng cao. Các tính năng tiện ích như phím Stealth ẩn mọi ứng dụng và tắt âm thanh ngay lập tức, cùng phím chuyển đổi nhanh giữa chức năng và media, tối ưu hóa trải nghiệm sử dụng. Hệ thống đèn RGB Aura Sync sống động, có thể tùy chỉnh không giới hạn, cho phép bạn thể hiện cá tính riêng và đồng bộ hóa với hệ sinh thái ROG của mình. ROG Strix Scope RX TKL Wireless Deluxe không chỉ là một chiếc bàn phím, mà là một tuyên ngôn về hiệu năng và phong cách. Hãy sẵn sàng thống trị mọi đấu trường ảo với công cụ hoàn hảo này trong tay!',
            0, 'https://product.hstatic.net/200000722513/product/h525_299ae775c80b4882b6386797f3aa9b59.png', '2025-03-26T10:06:36+00:00',1);
        
INSERT INTO product_image (name, product_variant_id, image_url, is_main)
VALUES
    ('Ảnh 1', 239, 'https://product.hstatic.net/200000722513/product/h525_299ae775c80b4882b6386797f3aa9b59.png', TRUE);
---
INSERT INTO product (name, seo_name, brand_id, specifications, description, created_by, image_url) 
    VALUES (
        'Bàn phím AULA F2058 có dây (Đen Red switch) F205802', 'ban-phim-aula-f2058-co-day-den-red-switch', 22,
        '{}',
        'Thành danh với những sản phẩm bàn phím cơ giá rẻ nhưng được đánh giá cao về hiệu năng sử dụng, Aula vẫn tiếp tục và không ngừng cải tiến để mang tới cho chúng ta những sản phẩm chất lượng. Hãy cùng GEARVN tìm hiểu về mẫu bàn phím có dâyAULA F2058ngay sau đây nhé !',
        1, 'https://product.hstatic.net/200000722513/product/f2058__1__e87e0fb268b8421cb0dfb31102f4e714.png'
    );
INSERT INTO product_category (product_id, category_id) VALUES (240, 28);
INSERT INTO product_variant (
        product_id, name, seo_name, supplier_id, price, price_sale, quantity, sku, model, barcode, 
        specifications, description, warranty, image_url, release_at, created_by)
        VALUES ( 240, 'Bàn phím AULA F2058 có dây (Đen Red switch) F205802', 'ban-phim-aula-f2058-co-day-den-red-switch',
            1, 860000, 690000, 10, 'KB-AULA-F2058-BLK-RED-SW',
            'KB-AULA-F2058-BLK-RED-SW', 'KB-AULA-F2058-BLK-RED-SW',
            '{}',
            'Thành danh với những sản phẩm bàn phím cơ giá rẻ nhưng được đánh giá cao về hiệu năng sử dụng, Aula vẫn tiếp tục và không ngừng cải tiến để mang tới cho chúng ta những sản phẩm chất lượng. Hãy cùng GEARVN tìm hiểu về mẫu bàn phím có dâyAULA F2058ngay sau đây nhé !',
            24, 'https://product.hstatic.net/200000722513/product/f2058__1__e87e0fb268b8421cb0dfb31102f4e714.png', '2025-03-19T09:09:33+00:00',1);
        
INSERT INTO product_image (name, product_variant_id, image_url, is_main)
VALUES
    ('Ảnh 1', 240, 'https://product.hstatic.net/200000722513/product/f2058__1__e87e0fb268b8421cb0dfb31102f4e714.png', TRUE),
    ('Ảnh 2', 240, 'https://product.hstatic.net/200000722513/product/f2058__2__34c576547edf49519fdd9176aa39c086.png', FALSE),
    ('Ảnh 3', 240, 'https://product.hstatic.net/200000722513/product/f2058__3__226c34192af0440685cb968142b9409a.png', FALSE),
    ('Ảnh 4', 240, 'https://product.hstatic.net/200000722513/product/f2058__4__5d31344dc39a4b6ea4899b869d30eeae.png', FALSE),
    ('Ảnh 5', 240, 'https://product.hstatic.net/200000722513/product/f2058__5__bef5d343a23c4eba95e4acb3b2cfe899.png', FALSE);
---
INSERT INTO product (name, seo_name, brand_id, specifications, description, created_by, image_url) 
    VALUES (
        'Bàn phím Corsair K70 PRO TKL White', 'ban-phim-corsair-k70-pro-tkl-white', 5,
        '{"Layout": "Tenkeyless (TKL)", "Switch": "Cherry MX Red / Blue / Brown", "Keycap": "PBT Double-shot", "Tốc độ phản hồi": "8000Hz polling rate", "Kết nối": "USB-C có thể tháo rời", "Đèn nền": "RGB tùy chỉnh per-key", "Bộ nhớ onboard": "Lưu nhiều profile", "Chất liệu khung": "Nhôm cao cấp"}',
        'Corsair K70 PRO TKL White - ĐẲNG CẤP HIỆU NĂNG, THIẾT KẾ TINH TẾ',
        1, 'https://product.hstatic.net/200000722513/product/k70_pro_tkl_white_render_01_82b433ed42094c2caf7a805d777ddc5a.png'
    );
INSERT INTO product_category (product_id, category_id) VALUES (241, 28);
INSERT INTO product_variant (
        product_id, name, seo_name, supplier_id, price, price_sale, quantity, sku, model, barcode, 
        specifications, description, warranty, image_url, release_at, created_by)
        VALUES ( 241, 'Bàn phím Corsair K70 PRO TKL White', 'ban-phim-corsair-k70-pro-tkl-white',
            1, 4350000, 4250000, 10, 'KB-CORSAIR-K70-PRO-TKL-WHITE',
            'KB-CORSAIR-K70-PRO-TKL-WHITE', 'KB-CORSAIR-K70-PRO-TKL-WHITE',
            '{"Layout": "Tenkeyless (TKL)", "Switch": "Cherry MX Red / Blue / Brown", "Keycap": "PBT Double-shot", "Tốc độ phản hồi": "8000Hz polling rate", "Kết nối": "USB-C có thể tháo rời", "Đèn nền": "RGB tùy chỉnh per-key", "Bộ nhớ onboard": "Lưu nhiều profile", "Chất liệu khung": "Nhôm cao cấp"}',
            'Corsair K70 PRO TKL White - ĐẲNG CẤP HIỆU NĂNG, THIẾT KẾ TINH TẾ',
            24, 'https://product.hstatic.net/200000722513/product/k70_pro_tkl_white_render_01_82b433ed42094c2caf7a805d777ddc5a.png', '2025-03-18T03:19:54+00:00',1);
        
INSERT INTO product_image (name, product_variant_id, image_url, is_main)
VALUES
    ('Ảnh 1', 241, 'https://product.hstatic.net/200000722513/product/k70_pro_tkl_white_render_01_82b433ed42094c2caf7a805d777ddc5a.png', TRUE),
    ('Ảnh 2', 241, 'https://product.hstatic.net/200000722513/product/k70_pro_tkl_white_render_11_c1150eb0c1544acab460e83fe8a40fe5.png', FALSE),
    ('Ảnh 3', 241, 'https://product.hstatic.net/200000722513/product/k70_pro_tkl_white_render_10_9431cc99790b482bb941b9f7c6c58c85.png', FALSE),
    ('Ảnh 4', 241, 'https://product.hstatic.net/200000722513/product/k70_pro_tkl_white_render_04_b30fe3dd86cc412798f9fd47f13a9c67.png', FALSE),
    ('Ảnh 5', 241, 'https://product.hstatic.net/200000722513/product/k70_pro_tkl_white_render_05_54333915185147e88efb47eb18b8880f.png', FALSE),
    ('Ảnh 6', 241, 'https://product.hstatic.net/200000722513/product/k70_pro_tkl_white_render_02_7b1dc31ed28c43d7ad3a039683ed9fb5.png', FALSE);
---
INSERT INTO product (name, seo_name, brand_id, specifications, description, created_by, image_url) 
    VALUES (
        'Bàn phím cơ gaming DareU EK87 Pro Black Golden Cloud switch', 'ban-phim-co-gaming-dareu-ek87-pro-black-golden-cloud-switch', 25,
        '{}',
        'Bàn phím cơ gaming DareU EK87 Pro Black Golden Cloud Switch là một trong những sản phẩm nổi bật trên thị trường gaming hiện nay. Với thiết kế hiện đại, tính năng ưu việt và độ bền cao, sản phẩm này chắc chắn sẽ là lựa chọn hoàn hảo cho các game thủ hay những ai yêu thích sự tiện lợi trong công việc. Dưới đây là những đánh giá chi tiết về sản phẩm này.',
        1, 'https://product.hstatic.net/200000722513/product/ek87_pro_-_black_golden_-_01_d8d_c75228a9fad643efb207f9044982b319.png'
    );
INSERT INTO product_category (product_id, category_id) VALUES (242, 28);
INSERT INTO product_variant (
        product_id, name, seo_name, supplier_id, price, price_sale, quantity, sku, model, barcode, 
        specifications, description, warranty, image_url, release_at, created_by)
        VALUES ( 242, 'Bàn phím cơ gaming DareU EK87 Pro Black Golden Cloud switch', 'ban-phim-co-gaming-dareu-ek87-pro-black-golden-cloud-switch',
            1, 1490000, 1130000, 10, 'KB-DAREU-EK87-PRO-BLK-GOLDEN-CLOUD-SW',
            'KB-DAREU-EK87-PRO-BLK-GOLDEN-CLOUD-SW', 'KB-DAREU-EK87-PRO-BLK-GOLDEN-CLOUD-SW',
            '{}',
            'Bàn phím cơ gaming DareU EK87 Pro Black Golden Cloud Switch là một trong những sản phẩm nổi bật trên thị trường gaming hiện nay. Với thiết kế hiện đại, tính năng ưu việt và độ bền cao, sản phẩm này chắc chắn sẽ là lựa chọn hoàn hảo cho các game thủ hay những ai yêu thích sự tiện lợi trong công việc. Dưới đây là những đánh giá chi tiết về sản phẩm này.',
            24, 'https://product.hstatic.net/200000722513/product/ek87_pro_-_black_golden_-_01_d8d_c75228a9fad643efb207f9044982b319.png', '2025-03-13T07:43:39+00:00',1);
        
INSERT INTO product_image (name, product_variant_id, image_url, is_main)
VALUES
    ('Ảnh 1', 242, 'https://product.hstatic.net/200000722513/product/ek87_pro_-_black_golden_-_01_d8d_c75228a9fad643efb207f9044982b319.png', TRUE),
    ('Ảnh 2', 242, 'https://product.hstatic.net/200000722513/product/_0002____rgb0000_1834fbb8e397406_65da74742c2742cdbee5bace9fa9ffe5.png', FALSE),
    ('Ảnh 3', 242, 'https://product.hstatic.net/200000722513/product/ek87_pro_-_black_golden_-_03_e81_4b2209326c6b4f31a7cee3954c4ce39c.png', FALSE),
    ('Ảnh 4', 242, 'https://product.hstatic.net/200000722513/product/_0003____rgb0000_34fa20a7739f4ab_e838f75007234b85adf02a7fdbee98b3.png', FALSE),
    ('Ảnh 5', 242, 'https://product.hstatic.net/200000722513/product/_0003____0000_4f6b439c121f494898_2db122023cd941799c8d5e028a5f8a8e.png', FALSE),
    ('Ảnh 6', 242, 'https://product.hstatic.net/200000722513/product/_0002____0000_05c51789626947239c_db006ce2ee0047a0b386f71d94177bfd.png', FALSE),
    ('Ảnh 7', 242, 'https://product.hstatic.net/200000722513/product/_0000____0000_68792631c7324f35aa_c254824c8c5140e18b1294fc379e7d97.png', FALSE);
---
INSERT INTO product (name, seo_name, brand_id, specifications, description, created_by, image_url) 
    VALUES (
        'Bàn phím cơ gaming DareU EK98 Pro Black Golden Cloud switch', 'ban-phim-co-gaming-dareu-ek98-pro-black-golden-cloud-switch', 25,
        '{}',
        'Đánh giá chi tiết Bàn phím cơ gaming DareU EK98 Pro Black Golden Cloud switchBàn phím cơ gaming DareU EK98 Pro Black Golden Cloud switch là một sản phẩm nổi bật trong phân khúc bàn phím cơ, nổi bật với thiết kế tinh tế, tính năng ưu việt và độ bền cao. Hôm nay, chúng ta sẽ cùng khám phá chi tiết về sản phẩm này để xem nó có xứng đáng để bạn đầu tư hay không.Thiết kế và chất liệuBàn phím DareUEK98 Pro gây ấn tượng với thiết kế hiện đại, sự kết hợp màu đen bóng và chi tiết vàng sang trọng biến nó thành một phụ kiện trang trí đẹp mắt. Để đảm bảo tuổi thọ và sự ổn định trong quá trình sử dụng, DareU đã lựa chọn những vật liệu chất lượng cao, trong đó có nhựa ABS chịu va đập tốt cho phần vỏ, mang lại độ bền và sự an tâm cho người dùng.&nbsp;Kích thước của DareU EK98 Pro nhỏ gọn và cơ động, dễ dàng mang theo khi di chuyển. Đặc biệt, việc bố trí các phím cũng chứng minh được tính hợp lý trong việc sử dụng.Tính năng nổi bậtDareU EK98 Pro được trang bị switch Golden Cloud, một loại switch đặc biệt được chế tạo để tối ưu hóa cảm giác gõ phím. Độ mượt mà và độ nảy tốt của switch này đáp ứng hoàn hảo nhu cầu của cả game thủ và người dùng văn phòng. Về mặt thẩm mỹ,bàn phímsở hữu hệ thống đèn nền RGB sống động với nhiều chế độ chiếu sáng khác nhau, cho phép bạn tạo ra một không gian làm việc độc đáo và đầy màu sắc.Tính năng chống ghostingDareU EK98 Pro sở hữu khả năng chống ghosting toàn diện, đảm bảo mọi lệnh nhấn phím đều được ghi nhận một cách chính xác, ngay cả khi bạn thao tác đồng thời nhiều phím. Điều này đặc biệt quan trọng trong các trò chơi đòi hỏi tốc độ phản xạ cao. Ngoài ra, phần mềm chuyên dụng đi kèm cho phép người dùng cá nhân hóa bàn phím bằng cách tùy chỉnh chức năng của các phím và thiết lập các macro chuyên biệt, nâng cao hiệu suất làm việc và giải trí.Kết nối ổn địnhĐể đảm bảo trải nghiệm gaming mượt mà và không gián đoạn, bàn phím cơ gaming DareU EK98 Pro Black Golden Cloud switch được trang bị kết nối USB có dây vô cùng linh hoạt.&nbsp;Kết nối có dây mang đến sự ổn định và độ tin cậy cao, đặc biệt, đối với game thủ, độ trễ là một yếu tố tối quan trọng, và kết nối USB có dây của DareU EK98 Pro đảm bảo thời gian phản hồi gần như tức thì giữa thao tác của bạn và hành động trên màn hình, mang lại lợi thế cạnh tranh trong những trận game căng thẳng.Bàn phím cơ gaming DareU EK98 Pro Black Golden Cloud switch là một sản phẩm đáng giá cho những ai đang tìm kiếm một bàn phím với chất lượng tốt và tính năng ưu việt. Với thiết kế sang trọng, switch Golden Cloud êm ái, cùng nhiều tính năng hữu ích, đây chắc chắn sẽ là lựa chọn phù hợp cho cả game thủ và những người làm việc văn phòng. Hy vọng bài đánh giá này sẽ giúp bạn có cái nhìn tổng quan về sản phẩm. Nếu bạn đang tìm kiếm một bàn phím cơ chất lượng, đừng bỏ qua DareU EK98 Pro!',
        1, 'https://product.hstatic.net/200000722513/product/ek98_pro_black-golden__2__2a64b4_d5dbe79335304f538cc418aee522102a.png'
    );
INSERT INTO product_category (product_id, category_id) VALUES (243, 28);
INSERT INTO product_variant (
        product_id, name, seo_name, supplier_id, price, price_sale, quantity, sku, model, barcode, 
        specifications, description, warranty, image_url, release_at, created_by)
        VALUES ( 243, 'Bàn phím cơ gaming DareU EK98 Pro Black Golden Cloud switch', 'ban-phim-co-gaming-dareu-ek98-pro-black-golden-cloud-switch',
            1, 1690000, 1290000, 10, 'KB-DAREU-EK98-PRO-BLK-GOLDEN-CLOUD-SW',
            'KB-DAREU-EK98-PRO-BLK-GOLDEN-CLOUD-SW', 'KB-DAREU-EK98-PRO-BLK-GOLDEN-CLOUD-SW',
            '{}',
            'Đánh giá chi tiết Bàn phím cơ gaming DareU EK98 Pro Black Golden Cloud switchBàn phím cơ gaming DareU EK98 Pro Black Golden Cloud switch là một sản phẩm nổi bật trong phân khúc bàn phím cơ, nổi bật với thiết kế tinh tế, tính năng ưu việt và độ bền cao. Hôm nay, chúng ta sẽ cùng khám phá chi tiết về sản phẩm này để xem nó có xứng đáng để bạn đầu tư hay không.Thiết kế và chất liệuBàn phím DareUEK98 Pro gây ấn tượng với thiết kế hiện đại, sự kết hợp màu đen bóng và chi tiết vàng sang trọng biến nó thành một phụ kiện trang trí đẹp mắt. Để đảm bảo tuổi thọ và sự ổn định trong quá trình sử dụng, DareU đã lựa chọn những vật liệu chất lượng cao, trong đó có nhựa ABS chịu va đập tốt cho phần vỏ, mang lại độ bền và sự an tâm cho người dùng.&nbsp;Kích thước của DareU EK98 Pro nhỏ gọn và cơ động, dễ dàng mang theo khi di chuyển. Đặc biệt, việc bố trí các phím cũng chứng minh được tính hợp lý trong việc sử dụng.Tính năng nổi bậtDareU EK98 Pro được trang bị switch Golden Cloud, một loại switch đặc biệt được chế tạo để tối ưu hóa cảm giác gõ phím. Độ mượt mà và độ nảy tốt của switch này đáp ứng hoàn hảo nhu cầu của cả game thủ và người dùng văn phòng. Về mặt thẩm mỹ,bàn phímsở hữu hệ thống đèn nền RGB sống động với nhiều chế độ chiếu sáng khác nhau, cho phép bạn tạo ra một không gian làm việc độc đáo và đầy màu sắc.Tính năng chống ghostingDareU EK98 Pro sở hữu khả năng chống ghosting toàn diện, đảm bảo mọi lệnh nhấn phím đều được ghi nhận một cách chính xác, ngay cả khi bạn thao tác đồng thời nhiều phím. Điều này đặc biệt quan trọng trong các trò chơi đòi hỏi tốc độ phản xạ cao. Ngoài ra, phần mềm chuyên dụng đi kèm cho phép người dùng cá nhân hóa bàn phím bằng cách tùy chỉnh chức năng của các phím và thiết lập các macro chuyên biệt, nâng cao hiệu suất làm việc và giải trí.Kết nối ổn địnhĐể đảm bảo trải nghiệm gaming mượt mà và không gián đoạn, bàn phím cơ gaming DareU EK98 Pro Black Golden Cloud switch được trang bị kết nối USB có dây vô cùng linh hoạt.&nbsp;Kết nối có dây mang đến sự ổn định và độ tin cậy cao, đặc biệt, đối với game thủ, độ trễ là một yếu tố tối quan trọng, và kết nối USB có dây của DareU EK98 Pro đảm bảo thời gian phản hồi gần như tức thì giữa thao tác của bạn và hành động trên màn hình, mang lại lợi thế cạnh tranh trong những trận game căng thẳng.Bàn phím cơ gaming DareU EK98 Pro Black Golden Cloud switch là một sản phẩm đáng giá cho những ai đang tìm kiếm một bàn phím với chất lượng tốt và tính năng ưu việt. Với thiết kế sang trọng, switch Golden Cloud êm ái, cùng nhiều tính năng hữu ích, đây chắc chắn sẽ là lựa chọn phù hợp cho cả game thủ và những người làm việc văn phòng. Hy vọng bài đánh giá này sẽ giúp bạn có cái nhìn tổng quan về sản phẩm. Nếu bạn đang tìm kiếm một bàn phím cơ chất lượng, đừng bỏ qua DareU EK98 Pro!',
            24, 'https://product.hstatic.net/200000722513/product/ek98_pro_black-golden__2__2a64b4_d5dbe79335304f538cc418aee522102a.png', '2025-03-13T07:42:10+00:00',1);
        
INSERT INTO product_image (name, product_variant_id, image_url, is_main)
VALUES
    ('Ảnh 1', 243, 'https://product.hstatic.net/200000722513/product/ek98_pro_black-golden__2__2a64b4_d5dbe79335304f538cc418aee522102a.png', TRUE),
    ('Ảnh 2', 243, 'https://product.hstatic.net/200000722513/product/gearvn-ban-phim-khong-day-ek98-p_dbb32786f3f84e239103fd7992c0012b.png', FALSE),
    ('Ảnh 3', 243, 'https://product.hstatic.net/200000722513/product/gearvn-ban-phim-khong-day-ek98-p__1__a8a1d9d96b894a339e2131f6b2a79d62.png', FALSE),
    ('Ảnh 4', 243, 'https://product.hstatic.net/200000722513/product/gearvn-ban-phim-khong-day-ek98-p__2__4c098b8e45464417acf0174ec1b7df46.png', FALSE),
    ('Ảnh 5', 243, 'https://product.hstatic.net/200000722513/product/gearvn-ban-phim-khong-day-ek98-p__5__f5d7502bc84c418a9cf9666f13085b88.png', FALSE),
    ('Ảnh 6', 243, 'https://product.hstatic.net/200000722513/product/gearvn-ban-phim-khong-day-ek98-p__4__c340478a5afa48c6b446dbb30b58b350.png', FALSE),
    ('Ảnh 7', 243, 'https://product.hstatic.net/200000722513/product/gearvn-ban-phim-khong-day-ek98-p__3__1f903322ddfe4338a9ad73d685b193e3.png', FALSE);
---
INSERT INTO product (name, seo_name, brand_id, specifications, description, created_by, image_url) 
    VALUES (
        'Bàn phím cơ gaming DareU EK106 Pro Haze Blue Cloud switch', 'ban-phim-co-gaming-dareu-ek106-pro-haze-blue-cloud-switch', 25,
        '{}',
        'Nâng tầm trải nghiệm gaming và gõ phím của bạn với Bàn phím cơ DareU EK106 Pro Haze Blue Cloud switch – một sự kết hợp hoàn hảo giữa hiệu năng đỉnh cao, thiết kế cuốn hút và cảm giác gõ phím độc đáo. Chiếc bàn phím này không chỉ là một công cụ, mà là một tác phẩm nghệ thuật công nghệ được chế tác tinh xảo dành cho những game thủ và người dùng khó tính nhất.\n\nĐiểm nhấn làm nên sự khác biệt của EK106 Pro chính là bộ **Cloud Switch độc quyền**. Được tinh chỉnh đặc biệt, các switch này mang lại hành trình phím mượt mà như lướt trên mây, với lực nhấn tối ưu và phản hồi cực kỳ nhanh nhạy. Bạn sẽ cảm nhận được sự êm ái đáng kinh ngạc trong mỗi cú gõ, nhưng vẫn giữ được độ chính xác tuyệt đối – yếu tố then chốt giúp bạn làm chủ mọi trận đấu căng thẳng. Âm thanh gõ phím trầm ấm, dễ chịu sẽ mang lại cảm giác thỏa mãn, giảm thiểu tiếng ồn mà vẫn giữ trọn vẹn đặc trưng của bàn phím cơ.\n\nVề mặt thẩm mỹ, phiên bản **Haze Blue** toát lên vẻ đẹp tinh tế, hiện đại với tông màu xanh sương mù độc đáo, tạo điểm nhấn cá tính cho không gian làm việc hay góc gaming của bạn. Thiết kế fullsize công thái học đảm bảo sự thoải mái tối đa ngay cả trong những phiên sử dụng kéo dài. Các keycap PBT doubleshot cao cấp không chỉ chống mòn, chống bóng dầu hiệu quả mà còn mang lại cảm giác chạm tay tuyệt vời, bền bỉ với thời gian.\n\nDareU EK106 Pro được trang bị đầy đủ tính năng dành cho gaming chuyên nghiệp như **Anti-Ghosting và N-Key Rollover**, đảm bảo mọi lệnh của bạn được ghi nhận chính xác, không bỏ lỡ bất kỳ khoảnh khắc nào. Hệ thống đèn nền RGB rực rỡ với nhiều chế độ tùy chỉnh cho phép bạn cá nhân hóa bàn phím, tạo nên không gian gaming sống động và đầy cảm hứng. Khung vỏ chắc chắn, bền bỉ cùng dây cáp bện dù cao cấp đảm bảo tuổi thọ lâu dài và sự ổn định vượt trội.\n\nHãy trải nghiệm sự kết hợp hoàn hảo giữa sự êm ái của Cloud Switch, vẻ đẹp tinh tế của Haze Blue và hiệu năng \"Pro\" của DareU EK106 Pro – người bạn đồng hành đáng tin cậy giúp bạn chinh phục mọi thử thách.',
        1, 'https://product.hstatic.net/200000722513/product/haze_blue__7__e960d40429ad439d84_ec61afe82f0a4add830e2823b8f914b1.png'
    );
INSERT INTO product_category (product_id, category_id) VALUES (244, 28);
INSERT INTO product_variant (
        product_id, name, seo_name, supplier_id, price, price_sale, quantity, sku, model, barcode, 
        specifications, description, warranty, image_url, release_at, created_by)
        VALUES ( 244, 'Bàn phím cơ gaming DareU EK106 Pro Haze Blue Cloud switch', 'ban-phim-co-gaming-dareu-ek106-pro-haze-blue-cloud-switch',
            1, 1690000, 1250000, 10, 'KB-DAREU-EK106-PRO-HAZE-BLUE-CLOUD-SW',
            'KB-DAREU-EK106-PRO-HAZE-BLUE-CLOUD-SW', 'KB-DAREU-EK106-PRO-HAZE-BLUE-CLOUD-SW',
            '{}',
            'Nâng tầm trải nghiệm gaming và gõ phím của bạn với Bàn phím cơ DareU EK106 Pro Haze Blue Cloud switch – một sự kết hợp hoàn hảo giữa hiệu năng đỉnh cao, thiết kế cuốn hút và cảm giác gõ phím độc đáo. Chiếc bàn phím này không chỉ là một công cụ, mà là một tác phẩm nghệ thuật công nghệ được chế tác tinh xảo dành cho những game thủ và người dùng khó tính nhất.\n\nĐiểm nhấn làm nên sự khác biệt của EK106 Pro chính là bộ **Cloud Switch độc quyền**. Được tinh chỉnh đặc biệt, các switch này mang lại hành trình phím mượt mà như lướt trên mây, với lực nhấn tối ưu và phản hồi cực kỳ nhanh nhạy. Bạn sẽ cảm nhận được sự êm ái đáng kinh ngạc trong mỗi cú gõ, nhưng vẫn giữ được độ chính xác tuyệt đối – yếu tố then chốt giúp bạn làm chủ mọi trận đấu căng thẳng. Âm thanh gõ phím trầm ấm, dễ chịu sẽ mang lại cảm giác thỏa mãn, giảm thiểu tiếng ồn mà vẫn giữ trọn vẹn đặc trưng của bàn phím cơ.\n\nVề mặt thẩm mỹ, phiên bản **Haze Blue** toát lên vẻ đẹp tinh tế, hiện đại với tông màu xanh sương mù độc đáo, tạo điểm nhấn cá tính cho không gian làm việc hay góc gaming của bạn. Thiết kế fullsize công thái học đảm bảo sự thoải mái tối đa ngay cả trong những phiên sử dụng kéo dài. Các keycap PBT doubleshot cao cấp không chỉ chống mòn, chống bóng dầu hiệu quả mà còn mang lại cảm giác chạm tay tuyệt vời, bền bỉ với thời gian.\n\nDareU EK106 Pro được trang bị đầy đủ tính năng dành cho gaming chuyên nghiệp như **Anti-Ghosting và N-Key Rollover**, đảm bảo mọi lệnh của bạn được ghi nhận chính xác, không bỏ lỡ bất kỳ khoảnh khắc nào. Hệ thống đèn nền RGB rực rỡ với nhiều chế độ tùy chỉnh cho phép bạn cá nhân hóa bàn phím, tạo nên không gian gaming sống động và đầy cảm hứng. Khung vỏ chắc chắn, bền bỉ cùng dây cáp bện dù cao cấp đảm bảo tuổi thọ lâu dài và sự ổn định vượt trội.\n\nHãy trải nghiệm sự kết hợp hoàn hảo giữa sự êm ái của Cloud Switch, vẻ đẹp tinh tế của Haze Blue và hiệu năng \"Pro\" của DareU EK106 Pro – người bạn đồng hành đáng tin cậy giúp bạn chinh phục mọi thử thách.',
            24, 'https://product.hstatic.net/200000722513/product/haze_blue__7__e960d40429ad439d84_ec61afe82f0a4add830e2823b8f914b1.png', '2025-03-13T02:56:26+00:00',1);
        
INSERT INTO product_image (name, product_variant_id, image_url, is_main)
VALUES
    ('Ảnh 1', 244, 'https://product.hstatic.net/200000722513/product/haze_blue__7__e960d40429ad439d84_ec61afe82f0a4add830e2823b8f914b1.png', TRUE),
    ('Ảnh 2', 244, 'https://product.hstatic.net/200000722513/product/haze_blue__1__3f7dcb1597364a48b3_508de459b7d544458d14025ccbc632d9.png', FALSE),
    ('Ảnh 3', 244, 'https://product.hstatic.net/200000722513/product/haze_blue__6__042d987930f249e8b3_4aae8b906dd74b07a4fdc39dabfc63dc.png', FALSE),
    ('Ảnh 4', 244, 'https://product.hstatic.net/200000722513/product/haze_blue__3__69d7663c7d9744c0ac_224c246d1165473e885e93f6c86199f8.png', FALSE);
---
INSERT INTO product (name, seo_name, brand_id, specifications, description, created_by, image_url) 
    VALUES (
        'Bàn phím cơ gaming DareU EK106 Pro Black Golden Cloud switch', 'ban-phim-co-gaming-dareu-ek106-pro-black-golden-cloud-switch', 25,
        '{}',
        'Đánh giá chi tiết sản phẩm Bàn phím cơ gaming DareU EK106 Pro Black Golden Cloud switchBàn phím cơ gaming DareU EK106 Pro Black Golden Cloud switchlà một trong những sản phẩm nổi bật trong dòngbàn phímgaming hiện nay. Với chất lượng hoàn thiện tốt và những tính năng nổi bật, bàn phím này hứa hẹn sẽ mang lại trải nghiệm tuyệt vời cho game thủ và những người làm việc văn phòng.Đặc tính nổi bật của Bàn phím cơ DareU EK106 ProBàn phím cơDareU EK106 Pro được thiết kế với vẻ ngoài hiện đại và khỏe khoắn. Vỏ ngoài của bàn phím được làm từ nhựa cao cấp, giúp tăng độ bền và khả năng chống trầy xước. Đặc biệt, với công nghệ gia công sắc nét, bàn phím mang lại cảm giác sang trọng và chuyên nghiệp.Một trong những điểm mạnh của sản phẩm chính là việc sử dụng switch Golden Cloud, cho phép cảm giác gõ mượt mà, với độ nảy tốt khi bấm. Hoạt động êm ái của switch này giảm thiểu tiếng ồn, đồng thời cung cấp phản hồi nhanh, phù hợp với nhu cầu chơi game hay làm việc liên tục.LED RGB phong phúDareU EK106 Pro được trang bị hệ thống LED RGB với nhiều chế độ ánh sáng khác nhau. Người dùng có thể tùy chỉnh màu sắc và các hiệu ứng ánh sáng theo phong cách cá nhân, tạo nên không gian chơi game sinh động và ấn tượng hơn với chiếcbàn phím&nbsp;DareUnày.Kết nối USB có dây ổn địnhBàn phím này sử dụng cổng kết nốiUSBcó dây, đảm bảo độ ổn định và tốc độ truyền tải dữ liệu cao. Đây là một yếu tố cực kỳ quan trọng trong môi trường game, khi mà thời gian phản hồi nhanh và không bị gián đoạn là điều cần thiết.Thông số kỹ thuật ấn tượngBàn phím DareU EK106 Pro sở hữu hàng loạt thông số ấn tượng, bao gồm kích thước nhỏ gọn, trọng lượng nhẹ, và thiết kế phím có thể tháo rời. Điều này giúp việc vận chuyển dễ dàng và thuận tiện hơn.Bàn phím DareU EK106 Pro có khả năng tương thích tốt với nhiều hệ điều hành, từWindowsđếnMacOS, giúp người dùng dễ dàng kết nối và sử dụng trên các thiết bị khác nhau mà không gặp bất kỳ rắc rối nào.Tính năng chống tràn nướcMột ưu điểm nổi bật khác của EK106 Pro là tính năng chống tràn nước, giúp bảo vệ bàn phím khỏi những sự cố không mong muốn trong quá trình sử dụng. Điều này mang lại sự an tâm cho người dùng, đặc biệt là trong những buổi chơi game kéo dài.Với tất cả những đặc điểm vượt trội,Bàn phím cơ gaming DareU EK106 Pro Black Golden Cloud switchthực sự là một lựa chọn lý tưởng cho những ai đang tìm kiếm một sản phẩm bàn phím chất lượng cao, giá cả hợp lý. Dù bạn là một game thủ chuyên nghiệp hay chỉ đơn giản là người yêu thích công nghệ, sản phẩm này chắc chắn sẽ không làm bạn thất vọng.Liên hệGEARVNngay để nhận tư vấn chi tiết hơn về sản phẩm cũng như hỗ trợ đặt hàng nhanh nhất!',
        1, 'https://product.hstatic.net/200000722513/product/black_golden__1__b1c67dc2c54c482_75ee9df3ec714b5ca50e189944dff104.png'
    );
INSERT INTO product_category (product_id, category_id) VALUES (245, 28);
INSERT INTO product_variant (
        product_id, name, seo_name, supplier_id, price, price_sale, quantity, sku, model, barcode, 
        specifications, description, warranty, image_url, release_at, created_by)
        VALUES ( 245, 'Bàn phím cơ gaming DareU EK106 Pro Black Golden Cloud switch', 'ban-phim-co-gaming-dareu-ek106-pro-black-golden-cloud-switch',
            1, 1690000, 1250000, 10, 'KB-DAREU-EK106-PRO-BLK-GOLDEN-CLOUD-SW',
            'KB-DAREU-EK106-PRO-BLK-GOLDEN-CLOUD-SW', 'KB-DAREU-EK106-PRO-BLK-GOLDEN-CLOUD-SW',
            '{}',
            'Đánh giá chi tiết sản phẩm Bàn phím cơ gaming DareU EK106 Pro Black Golden Cloud switchBàn phím cơ gaming DareU EK106 Pro Black Golden Cloud switchlà một trong những sản phẩm nổi bật trong dòngbàn phímgaming hiện nay. Với chất lượng hoàn thiện tốt và những tính năng nổi bật, bàn phím này hứa hẹn sẽ mang lại trải nghiệm tuyệt vời cho game thủ và những người làm việc văn phòng.Đặc tính nổi bật của Bàn phím cơ DareU EK106 ProBàn phím cơDareU EK106 Pro được thiết kế với vẻ ngoài hiện đại và khỏe khoắn. Vỏ ngoài của bàn phím được làm từ nhựa cao cấp, giúp tăng độ bền và khả năng chống trầy xước. Đặc biệt, với công nghệ gia công sắc nét, bàn phím mang lại cảm giác sang trọng và chuyên nghiệp.Một trong những điểm mạnh của sản phẩm chính là việc sử dụng switch Golden Cloud, cho phép cảm giác gõ mượt mà, với độ nảy tốt khi bấm. Hoạt động êm ái của switch này giảm thiểu tiếng ồn, đồng thời cung cấp phản hồi nhanh, phù hợp với nhu cầu chơi game hay làm việc liên tục.LED RGB phong phúDareU EK106 Pro được trang bị hệ thống LED RGB với nhiều chế độ ánh sáng khác nhau. Người dùng có thể tùy chỉnh màu sắc và các hiệu ứng ánh sáng theo phong cách cá nhân, tạo nên không gian chơi game sinh động và ấn tượng hơn với chiếcbàn phím&nbsp;DareUnày.Kết nối USB có dây ổn địnhBàn phím này sử dụng cổng kết nốiUSBcó dây, đảm bảo độ ổn định và tốc độ truyền tải dữ liệu cao. Đây là một yếu tố cực kỳ quan trọng trong môi trường game, khi mà thời gian phản hồi nhanh và không bị gián đoạn là điều cần thiết.Thông số kỹ thuật ấn tượngBàn phím DareU EK106 Pro sở hữu hàng loạt thông số ấn tượng, bao gồm kích thước nhỏ gọn, trọng lượng nhẹ, và thiết kế phím có thể tháo rời. Điều này giúp việc vận chuyển dễ dàng và thuận tiện hơn.Bàn phím DareU EK106 Pro có khả năng tương thích tốt với nhiều hệ điều hành, từWindowsđếnMacOS, giúp người dùng dễ dàng kết nối và sử dụng trên các thiết bị khác nhau mà không gặp bất kỳ rắc rối nào.Tính năng chống tràn nướcMột ưu điểm nổi bật khác của EK106 Pro là tính năng chống tràn nước, giúp bảo vệ bàn phím khỏi những sự cố không mong muốn trong quá trình sử dụng. Điều này mang lại sự an tâm cho người dùng, đặc biệt là trong những buổi chơi game kéo dài.Với tất cả những đặc điểm vượt trội,Bàn phím cơ gaming DareU EK106 Pro Black Golden Cloud switchthực sự là một lựa chọn lý tưởng cho những ai đang tìm kiếm một sản phẩm bàn phím chất lượng cao, giá cả hợp lý. Dù bạn là một game thủ chuyên nghiệp hay chỉ đơn giản là người yêu thích công nghệ, sản phẩm này chắc chắn sẽ không làm bạn thất vọng.Liên hệGEARVNngay để nhận tư vấn chi tiết hơn về sản phẩm cũng như hỗ trợ đặt hàng nhanh nhất!',
            24, 'https://product.hstatic.net/200000722513/product/black_golden__1__b1c67dc2c54c482_75ee9df3ec714b5ca50e189944dff104.png', '2025-03-13T02:55:11+00:00',1);
        
INSERT INTO product_image (name, product_variant_id, image_url, is_main)
VALUES
    ('Ảnh 1', 245, 'https://product.hstatic.net/200000722513/product/black_golden__1__b1c67dc2c54c482_75ee9df3ec714b5ca50e189944dff104.png', TRUE),
    ('Ảnh 2', 245, 'https://product.hstatic.net/200000722513/product/black_golden__8__602988f3c92e4f4_9ea81ef8a51745e396c3377c3d817c7c.png', FALSE),
    ('Ảnh 3', 245, 'https://product.hstatic.net/200000722513/product/black_golden__2__a6e44c936a8345b_da1bde2a87cf44a4afc9614a0558e8ed.png', FALSE),
    ('Ảnh 4', 245, 'https://product.hstatic.net/200000722513/product/black_golden__7__e53b04c983124e1_55c78b37f3ba48d68838422855fc4789.png', FALSE),
    ('Ảnh 5', 245, 'https://product.hstatic.net/200000722513/product/black_golden__4__496d62e7e15c4d6_5bb57f4c5e414a87ae83aaf817fb86dd.png', FALSE);
---
INSERT INTO product (name, seo_name, brand_id, specifications, description, created_by, image_url) 
    VALUES (
        'Bàn phím cơ DareU EK98L Grey Black Dream switch', 'ban-phim-co-dareu-ek98l-grey-black-dream-switch', 25,
        '{"Switch DareU Dream": "Switch linear độc quyền củaDareUcho cảm giác gõ êm ái, mượt mà và yên tĩnh. Lực nhấn 55g phù hợp cho cả người làm việc văn phòng&nbsp;và chơi game.", "Layout 98 phím": "Thiết kế đầy đủ các phím chức năng nhưng vẫn gọn gàng, tiết kiệm không gian bàn làm việc.", "Keycap ABS Doubleshot": "Chất liệukeycapbền bỉ, chống mài mòn và cho phép ánh sáng LED xuyên qua đẹp mắt.", "LED RGB": "Đèn LED 7 màu chia theo vùng với nhiều hiệu ứng chiếu sáng khác nhau, tạo điểm nhấn cho bàn phím.", "Núm xoay": "Cho phép điều chỉnh âm lượng nhanh chóng và tiện lợi.", "Stab được lube sẵn": "Giúp các phím dài như Spacebar, Shift, Enter gõ ổn định, không bị rung lắc.", "Giá cả": "So với các bàn phím cơ khác có cùng tính năng, DareU EK98L có mức giá khá cạnh tranh.", "Chất liệu build": "Vì là phân khuc tầm trung&nbsp;EK98L vẫn còn cảm giác nhựa, chưa thực sự cao cấp so với một số sản phẩm khác trong cùng phần khúc lựa chọn.", "Không có phần mềm tùy chỉnh": "các tùy chỉnh LED RGB vàmacrotrên thiết bị và phần mềm của hãng vẫn còn bị hạn chế, khiến người dùng không rành sản phẩm có thể gây khó chịu.", "Font chữ keycap": "Một số người dùng có thể không thích font chữ mặc định của keycap."}',
        'Những ưu điểm vượt trội của mẫu bàn EK98L',
        1, 'https://product.hstatic.net/200000722513/product/ek98l0000_3__c1ae980e2e614aa1918_343b18b370f54375814404852928ae10.png'
    );
INSERT INTO product_category (product_id, category_id) VALUES (246, 28);
INSERT INTO product_variant (
        product_id, name, seo_name, supplier_id, price, price_sale, quantity, sku, model, barcode, 
        specifications, description, warranty, image_url, release_at, created_by)
        VALUES ( 246, 'Bàn phím cơ DareU EK98L Grey Black Dream switch', 'ban-phim-co-dareu-ek98l-grey-black-dream-switch',
            1, 699000, 590000, 10, 'KB-DAREU-EK98L-GREY-BLK-DREAM-SW',
            'KB-DAREU-EK98L-GREY-BLK-DREAM-SW', 'KB-DAREU-EK98L-GREY-BLK-DREAM-SW',
            '{"Switch DareU Dream": "Switch linear độc quyền củaDareUcho cảm giác gõ êm ái, mượt mà và yên tĩnh. Lực nhấn 55g phù hợp cho cả người làm việc văn phòng&nbsp;và chơi game.", "Layout 98 phím": "Thiết kế đầy đủ các phím chức năng nhưng vẫn gọn gàng, tiết kiệm không gian bàn làm việc.", "Keycap ABS Doubleshot": "Chất liệukeycapbền bỉ, chống mài mòn và cho phép ánh sáng LED xuyên qua đẹp mắt.", "LED RGB": "Đèn LED 7 màu chia theo vùng với nhiều hiệu ứng chiếu sáng khác nhau, tạo điểm nhấn cho bàn phím.", "Núm xoay": "Cho phép điều chỉnh âm lượng nhanh chóng và tiện lợi.", "Stab được lube sẵn": "Giúp các phím dài như Spacebar, Shift, Enter gõ ổn định, không bị rung lắc.", "Giá cả": "So với các bàn phím cơ khác có cùng tính năng, DareU EK98L có mức giá khá cạnh tranh.", "Chất liệu build": "Vì là phân khuc tầm trung&nbsp;EK98L vẫn còn cảm giác nhựa, chưa thực sự cao cấp so với một số sản phẩm khác trong cùng phần khúc lựa chọn.", "Không có phần mềm tùy chỉnh": "các tùy chỉnh LED RGB vàmacrotrên thiết bị và phần mềm của hãng vẫn còn bị hạn chế, khiến người dùng không rành sản phẩm có thể gây khó chịu.", "Font chữ keycap": "Một số người dùng có thể không thích font chữ mặc định của keycap."}',
            'Những ưu điểm vượt trội của mẫu bàn EK98L',
            24, 'https://product.hstatic.net/200000722513/product/ek98l0000_3__c1ae980e2e614aa1918_343b18b370f54375814404852928ae10.png', '2025-03-13T02:46:16+00:00',1);
        
INSERT INTO product_image (name, product_variant_id, image_url, is_main)
VALUES
    ('Ảnh 1', 246, 'https://product.hstatic.net/200000722513/product/ek98l0000_3__c1ae980e2e614aa1918_343b18b370f54375814404852928ae10.png', TRUE),
    ('Ảnh 2', 246, 'https://product.hstatic.net/200000722513/product/ek98l00002_ff812f664c824137ae1b5_0cba8700f8a2452aa9fdd669704ddfcf.png', FALSE),
    ('Ảnh 3', 246, 'https://product.hstatic.net/200000722513/product/_0000_ek98l0000_f32fcd4154974226_da9934fee3fe44158a56bbb38956294f.png', FALSE),
    ('Ảnh 4', 246, 'https://product.hstatic.net/200000722513/product/_0003_ek98l0000_f3133c9471b04942_a1efe0366a064ec7afd2d11d1840fd8e.png', FALSE),
    ('Ảnh 5', 246, 'https://product.hstatic.net/200000722513/product/_0002_ek98l0000_2a1237dbf0c64a50_a3a18ea25e4b48d598ef05eb58f92756.png', FALSE);
---
INSERT INTO product (name, seo_name, brand_id, specifications, description, created_by, image_url) 
    VALUES (
        'Bàn phím cơ gaming E-Dra EK375v2 Beta Linear switch', 'ban-phim-co-gaming-e-dra-ek375v2-beta-linear-switch', 23,
        '{"Thương hiệu": "E-Dra", "Bảo hành": "24 tháng"}',
        'Đánh giá chi tiết&nbsp;bàn phím cơ gaming E-Dra EK375v2 Beta Linear switchE-Dra, cái tên quen thuộc với cộng đồng game thủ ở phân khúc học sinh và sinh viên nhờ mức giá hợp lý và chất lượng ổn định từ những sản phẩm mà thương hiệu mang lại. Không để chúng ta chờ thìE-Dra EK375v2 Beta Linear switchchính thức xuất hiện trên thị trường và hi vọng sẽ trở thành một trong những lựa chọn dành cho game thủ. Hãy cùng GEARVN tìm hiểu về chiếc bàn phím cơ này ngay sau đây nhé !Thiết kế tối giản, mạnh mẽ với layout 75%E-Dra EK375v2 Beta sở hữu cho mình ngôn ngữ thiết kế tối giản với tone màu đen chủ đạo toát lên sự huyền bí cùng màu xanh trên keycap tạo nên điểm nhấn cho chiếcbàn phím cơcủa chúng ta. Sở hữu layout 75% đang thịnh hành cùng chiếc núm xoay trendy, chiếcbàn phím E-Drađáp ứng tốt cho nhu cầu làm việc cơ bản và giải trí trênPC Gaminglẫnlaptopvới sự tối ưu tuyệt vời cho không gian sử dụng.Bàn phím cơ E-Dra EK375v2 Beta còn đi kèm với hệ thống đèn LED Rainbow rực rỡ. Qua đó lại càng tô điểm cho chiếc bàn phím gaming giá rẻ của chúng ta trong mọi không gian và dễ dàng trở thành một đồ vật trang trí cho góc chơi game.Trải nghiệm gõ phím mượt màĐến với phiên bản Beta này, E-Dra EK375v2 trang bị switch Linear do chính E-Dra phát triển. Chiếc switch cho cảm giác gõ mượt mà kết hợp cùng phần foam được lót trong case sẽ hạn chế tối đa việc gây ồn ào vì thế mà rất lý tưởng với không gian làm việc yêu cầu sự tập trung và tránh gây ảnh hưởng đến không gian xung quanh.E-Dra trang bị cho EK375v2 Beta bộkeycaplàm từ nhựa ABS với công nghệ in Doubleshot giúp chữ không bị mờ sau thời gian dài sử dụng. Chất liệu phù hợp kết hợp với kiểu in hiện đại giúp cho font chữ sắc nét cùng độ bền vô cùng lý tưởng.',
        1, 'https://product.hstatic.net/200000722513/product/561_beta_3f6a836d604b496c868d3fe33dbfa0f2.png'
    );
INSERT INTO product_category (product_id, category_id) VALUES (247, 28);
INSERT INTO product_variant (
        product_id, name, seo_name, supplier_id, price, price_sale, quantity, sku, model, barcode, 
        specifications, description, warranty, image_url, release_at, created_by)
        VALUES ( 247, 'Bàn phím cơ gaming E-Dra EK375v2 Beta Linear switch', 'ban-phim-co-gaming-e-dra-ek375v2-beta-linear-switch',
            1, 699000, 550000, 10, 'KB-EDRA-375V2-BETA-LINEAR-SW',
            'KB-EDRA-375V2-BETA-LINEAR-SW', 'KB-EDRA-375V2-BETA-LINEAR-SW',
            '{"Thương hiệu": "E-Dra", "Bảo hành": "24 tháng"}',
            'Đánh giá chi tiết&nbsp;bàn phím cơ gaming E-Dra EK375v2 Beta Linear switchE-Dra, cái tên quen thuộc với cộng đồng game thủ ở phân khúc học sinh và sinh viên nhờ mức giá hợp lý và chất lượng ổn định từ những sản phẩm mà thương hiệu mang lại. Không để chúng ta chờ thìE-Dra EK375v2 Beta Linear switchchính thức xuất hiện trên thị trường và hi vọng sẽ trở thành một trong những lựa chọn dành cho game thủ. Hãy cùng GEARVN tìm hiểu về chiếc bàn phím cơ này ngay sau đây nhé !Thiết kế tối giản, mạnh mẽ với layout 75%E-Dra EK375v2 Beta sở hữu cho mình ngôn ngữ thiết kế tối giản với tone màu đen chủ đạo toát lên sự huyền bí cùng màu xanh trên keycap tạo nên điểm nhấn cho chiếcbàn phím cơcủa chúng ta. Sở hữu layout 75% đang thịnh hành cùng chiếc núm xoay trendy, chiếcbàn phím E-Drađáp ứng tốt cho nhu cầu làm việc cơ bản và giải trí trênPC Gaminglẫnlaptopvới sự tối ưu tuyệt vời cho không gian sử dụng.Bàn phím cơ E-Dra EK375v2 Beta còn đi kèm với hệ thống đèn LED Rainbow rực rỡ. Qua đó lại càng tô điểm cho chiếc bàn phím gaming giá rẻ của chúng ta trong mọi không gian và dễ dàng trở thành một đồ vật trang trí cho góc chơi game.Trải nghiệm gõ phím mượt màĐến với phiên bản Beta này, E-Dra EK375v2 trang bị switch Linear do chính E-Dra phát triển. Chiếc switch cho cảm giác gõ mượt mà kết hợp cùng phần foam được lót trong case sẽ hạn chế tối đa việc gây ồn ào vì thế mà rất lý tưởng với không gian làm việc yêu cầu sự tập trung và tránh gây ảnh hưởng đến không gian xung quanh.E-Dra trang bị cho EK375v2 Beta bộkeycaplàm từ nhựa ABS với công nghệ in Doubleshot giúp chữ không bị mờ sau thời gian dài sử dụng. Chất liệu phù hợp kết hợp với kiểu in hiện đại giúp cho font chữ sắc nét cùng độ bền vô cùng lý tưởng.',
            24, 'https://product.hstatic.net/200000722513/product/561_beta_3f6a836d604b496c868d3fe33dbfa0f2.png', '2025-03-12T08:01:04+00:00',1);
        
INSERT INTO product_image (name, product_variant_id, image_url, is_main)
VALUES
    ('Ảnh 1', 247, 'https://product.hstatic.net/200000722513/product/561_beta_3f6a836d604b496c868d3fe33dbfa0f2.png', TRUE);
---
INSERT INTO product (name, seo_name, brand_id, specifications, description, created_by, image_url) 
    VALUES (
        'Bàn phím cơ gaming E-Dra EK375v2 Alpha Linear switch', 'ban-phim-co-gaming-e-dra-ek375v2-alpha-linear-switch', 23,
        '{"Giao diện": "USB", "Số lượng phím": "82 phím", "Cáp bàn phím": "Type-C", "Keycaps": "PBT Doubleshot", "Antighosting": "full antishosting keys", "Tương thích hệ điều hành": "Windows", "Màu sắc": "Case đen, keycap Xanh-Đen", "Switch": "E-DRA Linear Custom Switch", "Bảo hành": "24 tháng"}',
        'Trải nghiệm sức mạnh tối thượng trong từng cú gõ với Bàn phím cơ gaming E-Dra EK375v2 Alpha Linear switch – người bạn đồng hành không thể thiếu cho mọi game thủ chuyên nghiệp và những ai đam mê tốc độ. Điểm nhấn đáng giá nhất chính là bộ switch Linear Alpha được tối ưu hóa đặc biệt, mang đến hành trình phím mượt mà, không khấc và lực nhấn đồng đều, giúp mỗi cú nhấn phím của bạn được ghi nhận tức thì với độ chính xác tuyệt đối. Điều này mang lại lợi thế quyết định trong các trận chiến căng thẳng, nơi tốc độ phản hồi là chìa khóa chiến thắng. E-Dra EK375v2 Alpha được chế tác tỉ mỉ từ những vật liệu cao cấp, đảm bảo độ bền bỉ vượt trội ngay cả trong những phiên làm việc hoặc gaming marathon dài, cùng với công nghệ N-Key Rollover và Anti-Ghosting tiên tiến, đảm bảo mọi tổ hợp phím phức tạp đều được nhận diện chính xác. Không chỉ mạnh mẽ về hiệu năng, EK375v2 Alpha còn là một tác phẩm nghệ thuật trên bàn làm việc của bạn với hệ thống đèn nền RGB rực rỡ, hàng triệu màu sắc và nhiều hiệu ứng tùy chỉnh, cho phép bạn cá nhân hóa không gian gaming theo phong cách riêng. Thiết kế công thái học thông minh còn giúp giảm thiểu mệt mỏi cho cổ tay và ngón tay, duy trì phong độ đỉnh cao trong suốt thời gian dài. Bàn phím cơ gaming E-Dra EK375v2 Alpha Linear switch không chỉ là một công cụ, mà là một vũ khí sắc bén giúp bạn vươn tới đỉnh cao trong mọi tựa game. Hãy sẵn sàng thống trị mọi đấu trường với sự kết hợp hoàn hảo giữa tốc độ, độ chính xác và phong cách!',
        1, 'https://product.hstatic.net/200000722513/product/560_alpha_63bf85285968446788d2ab75ac60fcd3.png'
    );
INSERT INTO product_category (product_id, category_id) VALUES (248, 28);
INSERT INTO product_variant (
        product_id, name, seo_name, supplier_id, price, price_sale, quantity, sku, model, barcode, 
        specifications, description, warranty, image_url, release_at, created_by)
        VALUES ( 248, 'Bàn phím cơ gaming E-Dra EK375v2 Alpha Linear switch', 'ban-phim-co-gaming-e-dra-ek375v2-alpha-linear-switch',
            1, 699000, 550000, 10, 'KB-EDRA-375V2-ALPHA-LINEAR-SW',
            'KB-EDRA-375V2-ALPHA-LINEAR-SW', 'KB-EDRA-375V2-ALPHA-LINEAR-SW',
            '{"Giao diện": "USB", "Số lượng phím": "82 phím", "Cáp bàn phím": "Type-C", "Keycaps": "PBT Doubleshot", "Antighosting": "full antishosting keys", "Tương thích hệ điều hành": "Windows", "Màu sắc": "Case đen, keycap Xanh-Đen", "Switch": "E-DRA Linear Custom Switch", "Bảo hành": "24 tháng"}',
            'Trải nghiệm sức mạnh tối thượng trong từng cú gõ với Bàn phím cơ gaming E-Dra EK375v2 Alpha Linear switch – người bạn đồng hành không thể thiếu cho mọi game thủ chuyên nghiệp và những ai đam mê tốc độ. Điểm nhấn đáng giá nhất chính là bộ switch Linear Alpha được tối ưu hóa đặc biệt, mang đến hành trình phím mượt mà, không khấc và lực nhấn đồng đều, giúp mỗi cú nhấn phím của bạn được ghi nhận tức thì với độ chính xác tuyệt đối. Điều này mang lại lợi thế quyết định trong các trận chiến căng thẳng, nơi tốc độ phản hồi là chìa khóa chiến thắng. E-Dra EK375v2 Alpha được chế tác tỉ mỉ từ những vật liệu cao cấp, đảm bảo độ bền bỉ vượt trội ngay cả trong những phiên làm việc hoặc gaming marathon dài, cùng với công nghệ N-Key Rollover và Anti-Ghosting tiên tiến, đảm bảo mọi tổ hợp phím phức tạp đều được nhận diện chính xác. Không chỉ mạnh mẽ về hiệu năng, EK375v2 Alpha còn là một tác phẩm nghệ thuật trên bàn làm việc của bạn với hệ thống đèn nền RGB rực rỡ, hàng triệu màu sắc và nhiều hiệu ứng tùy chỉnh, cho phép bạn cá nhân hóa không gian gaming theo phong cách riêng. Thiết kế công thái học thông minh còn giúp giảm thiểu mệt mỏi cho cổ tay và ngón tay, duy trì phong độ đỉnh cao trong suốt thời gian dài. Bàn phím cơ gaming E-Dra EK375v2 Alpha Linear switch không chỉ là một công cụ, mà là một vũ khí sắc bén giúp bạn vươn tới đỉnh cao trong mọi tựa game. Hãy sẵn sàng thống trị mọi đấu trường với sự kết hợp hoàn hảo giữa tốc độ, độ chính xác và phong cách!',
            24, 'https://product.hstatic.net/200000722513/product/560_alpha_63bf85285968446788d2ab75ac60fcd3.png', '2025-03-12T07:59:47+00:00',1);
        
INSERT INTO product_image (name, product_variant_id, image_url, is_main)
VALUES
    ('Ảnh 1', 248, 'https://product.hstatic.net/200000722513/product/560_alpha_63bf85285968446788d2ab75ac60fcd3.png', TRUE);
---
INSERT INTO product (name, seo_name, brand_id, specifications, description, created_by, image_url) 
    VALUES (
        'Bàn phím cơ DareU EK75 Grey Black Dream switch', 'ban-phim-co-dareu-ek75-grey-black-dareu-dream-switch', 25,
        '{}',
        'Bàn phím cơ DareU EK75 Grey Black Dream switch sở hữu thiết kế siêu nhỏ gọn với layout 75%, 80 nút bấm hỗ trợ tốt mọi nhu cầu sử dụng ở bất kỳ đâu khi cần. Đặc biệt, nhờ vào phối màu basic trắng đen được kết hợp hài hòa tạo điều kiện thuận lợi khi lựa chọnchuột máy tính, tai nghe gaming để Setup các góc máy làm việc và chơi game đẹp mắt.&nbsp;Hứa hẹn đây sẽ là một trong những mẫu bàn phím DareU&nbsp;rất đáng trải nghiệm.',
        1, 'https://product.hstatic.net/200000722513/product/_____1_4fc057d49b704407a880d3a1818b6429.png'
    );
INSERT INTO product_category (product_id, category_id) VALUES (249, 28);
INSERT INTO product_variant (
        product_id, name, seo_name, supplier_id, price, price_sale, quantity, sku, model, barcode, 
        specifications, description, warranty, image_url, release_at, created_by)
        VALUES ( 249, 'Bàn phím cơ DareU EK75 Grey Black Dream switch', 'ban-phim-co-dareu-ek75-grey-black-dareu-dream-switch',
            1, 699000, 570000, 10, 'KB-DAREU-EK75-GREY-BLACK-DAREU-DREAM-SWITCH',
            'KB-DAREU-EK75-GREY-BLACK-DAREU-DREAM-SWITCH', 'KB-DAREU-EK75-GREY-BLACK-DAREU-DREAM-SWITCH',
            '{}',
            'Bàn phím cơ DareU EK75 Grey Black Dream switch sở hữu thiết kế siêu nhỏ gọn với layout 75%, 80 nút bấm hỗ trợ tốt mọi nhu cầu sử dụng ở bất kỳ đâu khi cần. Đặc biệt, nhờ vào phối màu basic trắng đen được kết hợp hài hòa tạo điều kiện thuận lợi khi lựa chọnchuột máy tính, tai nghe gaming để Setup các góc máy làm việc và chơi game đẹp mắt.&nbsp;Hứa hẹn đây sẽ là một trong những mẫu bàn phím DareU&nbsp;rất đáng trải nghiệm.',
            24, 'https://product.hstatic.net/200000722513/product/_____1_4fc057d49b704407a880d3a1818b6429.png', '2025-03-04T09:11:15+00:00',1);
        
INSERT INTO product_image (name, product_variant_id, image_url, is_main)
VALUES
    ('Ảnh 1', 249, 'https://product.hstatic.net/200000722513/product/_____1_4fc057d49b704407a880d3a1818b6429.png', TRUE),
    ('Ảnh 2', 249, 'https://product.hstatic.net/200000722513/product/_____2_4a18547374bf4c2cb4c1ecda663995bf.png', FALSE),
    ('Ảnh 3', 249, 'https://product.hstatic.net/200000722513/product/_0002___0000_b19f5aeee7fa4262aa8cf100c5e6c80d.png', FALSE),
    ('Ảnh 4', 249, 'https://product.hstatic.net/200000722513/product/_0005_material-id_4a858f1f7831421186e0a346069d3b5c.png', FALSE),
    ('Ảnh 5', 249, 'https://product.hstatic.net/200000722513/product/_0003___0000_fd9005ce4c3c4b34ba23d3333c932054.png', FALSE),
    ('Ảnh 6', 249, 'https://product.hstatic.net/200000722513/product/_0004___0000_0275ab8d342f442cb42a6cd3e800d80a.png', FALSE),
    ('Ảnh 7', 249, 'https://product.hstatic.net/200000722513/product/_0001___0000_bc881d9844814490bb2de9bdd82b1a42.png', FALSE);
---
INSERT INTO product (name, seo_name, brand_id, specifications, description, created_by, image_url) 
    VALUES (
        'Bàn phím AKKO MOD007B-HE PC Santorini Sakura Pink Magnetic Switch', 'ban-phim-akko-mod007b-he-pc-santorini-sakura-pink-magnetic-switch', 4,
        '{}',
        'Dòng sản phẩm MOD007B của AKKO từ lâu đã được biết đến với thiết kế layout 75% nhỏ gọn, hiệu năng ổn định và khả năng tùy biến cao.&nbsp;Lần này đến với bàn phím AKKO MOD007B-HE PC Santorini Sakura Pink Magnetic Switch với tốc độ phản hồi siêu nhanh, độ bền vượt trội cũng như ngoại hình nổi bật chắc chắn sẽ chinh phục mọi ánh nhìn và đáp ứng được mọi nhu cầu của các game thủ.',
        1, 'https://product.hstatic.net/200000722513/product/multi-modes_be8eb87e0df5455580bc0e4650bf273f.png'
    );
INSERT INTO product_category (product_id, category_id) VALUES (250, 28);
INSERT INTO product_variant (
        product_id, name, seo_name, supplier_id, price, price_sale, quantity, sku, model, barcode, 
        specifications, description, warranty, image_url, release_at, created_by)
        VALUES ( 250, 'Bàn phím AKKO MOD007B-HE PC Santorini Sakura Pink Magnetic Switch', 'ban-phim-akko-mod007b-he-pc-santorini-sakura-pink-magnetic-switch',
            1, 2690000, 2390000, 10, 'KB-AKKO-MOD007B-HE-PC-SANTORINI-SAKURA-SW',
            'KB-AKKO-MOD007B-HE-PC-SANTORINI-SAKURA-SW', 'KB-AKKO-MOD007B-HE-PC-SANTORINI-SAKURA-SW',
            '{}',
            'Dòng sản phẩm MOD007B của AKKO từ lâu đã được biết đến với thiết kế layout 75% nhỏ gọn, hiệu năng ổn định và khả năng tùy biến cao.&nbsp;Lần này đến với bàn phím AKKO MOD007B-HE PC Santorini Sakura Pink Magnetic Switch với tốc độ phản hồi siêu nhanh, độ bền vượt trội cũng như ngoại hình nổi bật chắc chắn sẽ chinh phục mọi ánh nhìn và đáp ứng được mọi nhu cầu của các game thủ.',
            12, 'https://product.hstatic.net/200000722513/product/multi-modes_be8eb87e0df5455580bc0e4650bf273f.png', '2025-03-03T10:31:05+00:00',1);
        
INSERT INTO product_image (name, product_variant_id, image_url, is_main)
VALUES
    ('Ảnh 1', 250, 'https://product.hstatic.net/200000722513/product/multi-modes_be8eb87e0df5455580bc0e4650bf273f.png', TRUE),
    ('Ảnh 2', 250, 'https://product.hstatic.net/200000722513/product/__-1_2f27561cd19b47be8847a7bba1982040.png', FALSE),
    ('Ảnh 3', 250, 'https://product.hstatic.net/200000722513/product/__-1_c206852df8794571b621ab057dd5d7d8.png', FALSE),
    ('Ảnh 4', 250, 'https://product.hstatic.net/200000722513/product/__-1_629579114ac845789a78d131ddba4283.png', FALSE),
    ('Ảnh 5', 250, 'https://product.hstatic.net/200000722513/product/__-1-scaled_ab4d3f89088648a4967c54233aba9636.jpg', FALSE),
    ('Ảnh 6', 250, 'https://product.hstatic.net/200000722513/product/__-3-scaled_521521f83d174aa481735ac1b94b4d7e.jpg', FALSE),
    ('Ảnh 7', 250, 'https://product.hstatic.net/200000722513/product/__-2-scaled_a5395d8799784c4f8afd6985c9bcbc70.jpg', FALSE),
    ('Ảnh 8', 250, 'https://product.hstatic.net/200000722513/product/__-4-scaled_b972f89782a84f3f85de08b69856e19a.jpg', FALSE);
---
INSERT INTO product (name, seo_name, brand_id, specifications, description, created_by, image_url) 
    VALUES (
        'Bàn phím cơ AKKO 3098B Plus Black Akko Switch v3 Cream Blue Pro', 'ban-phim-co-akko-3098b-plus-black-akko-switch-v3-cream-blue-pro', 4,
        '{"Hãng sản xuất": "AKKO", "Tình trạng": "Mới", "Bảo hành": "12 tháng", "Switch": "AKKO Switch v3 Cream Blue Pro"}',
        'Bàn phím cơ AKKO 3098B Plus Blacksở hữu cho mình trọng lượng nhẹ nhàng chỉ 1.1kg nhưng lại đầy đủ các phím số bên phải.GearVNsẽ cùng bạn đánh giá qua về bàn phím này của nhà AKKO nhé!',
        1, 'https://product.hstatic.net/200000722513/product/akko-3098b-plus-black-01-510x631_1d2a9706b67e4259b676eaff6bf078a0.png'
    );
INSERT INTO product_category (product_id, category_id) VALUES (251, 28);
INSERT INTO product_variant (
        product_id, name, seo_name, supplier_id, price, price_sale, quantity, sku, model, barcode, 
        specifications, description, warranty, image_url, release_at, created_by)
        VALUES ( 251, 'Bàn phím cơ AKKO 3098B Plus Black Akko Switch v3 Cream Blue Pro', 'ban-phim-co-akko-3098b-plus-black-akko-switch-v3-cream-blue-pro',
            1, 2590000, 1350000, 10, 'KB-AKKO-3098B-PLUS-BLK-CREAM-BLUE-PRO',
            'KB-AKKO-3098B-PLUS-BLK-CREAM-BLUE-PRO', 'KB-AKKO-3098B-PLUS-BLK-CREAM-BLUE-PRO',
            '{"Hãng sản xuất": "AKKO", "Tình trạng": "Mới", "Bảo hành": "12 tháng", "Switch": "AKKO Switch v3 Cream Blue Pro"}',
            'Bàn phím cơ AKKO 3098B Plus Blacksở hữu cho mình trọng lượng nhẹ nhàng chỉ 1.1kg nhưng lại đầy đủ các phím số bên phải.GearVNsẽ cùng bạn đánh giá qua về bàn phím này của nhà AKKO nhé!',
            12, 'https://product.hstatic.net/200000722513/product/akko-3098b-plus-black-01-510x631_1d2a9706b67e4259b676eaff6bf078a0.png', '2025-02-27T09:45:37+00:00',1);
        
INSERT INTO product_image (name, product_variant_id, image_url, is_main)
VALUES
    ('Ảnh 1', 251, 'https://product.hstatic.net/200000722513/product/akko-3098b-plus-black-01-510x631_1d2a9706b67e4259b676eaff6bf078a0.png', TRUE),
    ('Ảnh 2', 251, 'https://product.hstatic.net/200000722513/product/akko-3098b-plus-black-04-510x510_897061b4e27547139b03c7138a5c75e4.png', FALSE),
    ('Ảnh 3', 251, 'https://product.hstatic.net/200000722513/product/akko-3098b-plus-black-06-510x510_2c826fb7f0e14d64b68e807baef4d10c.png', FALSE),
    ('Ảnh 4', 251, 'https://product.hstatic.net/200000722513/product/akko-3098b-plus-black-08-510x510_7e426a216e3c48d780d82c6ffec0d930.png', FALSE),
    ('Ảnh 5', 251, 'https://product.hstatic.net/200000722513/product/akko-3098b-plus-black-09-510x510_0a2238d953074700ade220b4a456c861.png', FALSE),
    ('Ảnh 6', 251, 'https://product.hstatic.net/200000722513/product/akko-3098b-plus-black-05-510x510_99b1b947b9e24c02b6910c56fdde0d54.png', FALSE),
    ('Ảnh 7', 251, 'https://product.hstatic.net/200000722513/product/akko-3098b-plus-black-07-510x510_a7838cd994a24b3f867b801be1113c4e.png', FALSE),
    ('Ảnh 8', 251, 'https://product.hstatic.net/200000722513/product/akko-3098b-plus-black-03-510x510_cb79a9152ee44715b7621b5cf91d0af0.png', FALSE);
---
INSERT INTO product (name, seo_name, brand_id, specifications, description, created_by, image_url) 
    VALUES (
        'Bàn phím AULA F75 có dây (Đen Red switch) F7513', 'ban-phim-aula-f75-co-day-den-red-switch', 22,
        '{}',
        'AULA, một thương hiệu gaming gear không còn xa lạ với cộng đồng game thủ trên toàn thế giới, nổi tiếng với việc mang đến những sản phẩm chất lượng, thiết kế ấn tượng và hiệu năng vượt trội trong tầm giá. Hôm nay, hãy cùng GearVN khám phá sản phẩm vô cùng nổi bật trong thời gian gần đây - Bàn phím cơ gaming có dây AULA F75.',
        1, 'https://product.hstatic.net/200000722513/product/aula-f75-ban-phim-co-gaming-co-d__1_-photoroom_23af324e0d6f4aaba7201af5e1ecf954.png'
    );
INSERT INTO product_category (product_id, category_id) VALUES (252, 28);
INSERT INTO product_variant (
        product_id, name, seo_name, supplier_id, price, price_sale, quantity, sku, model, barcode, 
        specifications, description, warranty, image_url, release_at, created_by)
        VALUES ( 252, 'Bàn phím AULA F75 có dây (Đen Red switch) F7513', 'ban-phim-aula-f75-co-day-den-red-switch',
            1, 785000, 650000, 10, 'KB-AULA-F75-BLK-RED-SW',
            'KB-AULA-F75-BLK-RED-SW', 'KB-AULA-F75-BLK-RED-SW',
            '{}',
            'AULA, một thương hiệu gaming gear không còn xa lạ với cộng đồng game thủ trên toàn thế giới, nổi tiếng với việc mang đến những sản phẩm chất lượng, thiết kế ấn tượng và hiệu năng vượt trội trong tầm giá. Hôm nay, hãy cùng GearVN khám phá sản phẩm vô cùng nổi bật trong thời gian gần đây - Bàn phím cơ gaming có dây AULA F75.',
            24, 'https://product.hstatic.net/200000722513/product/aula-f75-ban-phim-co-gaming-co-d__1_-photoroom_23af324e0d6f4aaba7201af5e1ecf954.png', '2025-03-03T08:13:45+00:00',1);
        
INSERT INTO product_image (name, product_variant_id, image_url, is_main)
VALUES
    ('Ảnh 1', 252, 'https://product.hstatic.net/200000722513/product/aula-f75-ban-phim-co-gaming-co-d__1_-photoroom_23af324e0d6f4aaba7201af5e1ecf954.png', TRUE),
    ('Ảnh 2', 252, 'https://product.hstatic.net/200000722513/product/aula-f75-ban-phim-co-gaming-co-d-photoroom_c4a350bc91f04ff493e29e87c5d58a15.png', FALSE);
---
INSERT INTO product (name, seo_name, brand_id, specifications, description, created_by, image_url) 
    VALUES (
        'Bàn phím AULA F75 có dây (Trắng Red switch) F7512', 'ban-phim-aula-f75-co-day-trang-red-switch', 22,
        '{"- Bàn phím cơ gaming có dây AULA F75- Độ bền": "60 triệu lần bấm- Kết nối: Có dây Type-C- Màu sắc: 2 màu đen và trắng- Đèn nền: Led nhiều màu/ 20 hiệu ứng ánh sáng- Loại switch: Red switch- Hiệu ứng âm thanh khi gõ phím: Linear- Hot-Swap 5 pin- Núm xoay đa chức năng- Mạch ngược- Số lượng phím: 80 phím- Điện áp/dòng điện định mức: DC5V-500mA- Kích thước bàn phím (L x W x H): 322.7 × 143.2 × 43.1 ± 1 mm- Trọng lượng: Khoảng 952g (bao gồm cả cáp)- Tốc độ phản hồi: 1000Hz- Hệ điều hành tương thích: WINXP/WIN7/WIN8/WIN10 (Driver có thể được yêu cầu trên hệ thống Win 95 và Win98)- Phụ kiện kèm theo: Sách hướng dẫn sử dụng + Dây USB type-C"}',
        'Trong thế giới gaming và công việc đòi hỏi sự chính xác và tốc độ, một chiếcbàn phím cơchất lượng là người bạn đồng hành không thể thiếu.AULA F75 (Trắng Red switch)mang đến trải nghiệm gõ phím tuyệt vời, thiết kế tinh tế và hiệu năng ấn tượng. Hãy cùng GEARVN khám phá những điểm nổi bật của chiếcbàn phím máy tínhnày.',
        1, 'https://product.hstatic.net/200000722513/product/aula-f75-ban-phim-co-gaming-co-d-photoroom_6421c2df70924b8ea205533521d5e0d5.png'
    );
INSERT INTO product_category (product_id, category_id) VALUES (253, 28);
INSERT INTO product_variant (
        product_id, name, seo_name, supplier_id, price, price_sale, quantity, sku, model, barcode, 
        specifications, description, warranty, image_url, release_at, created_by)
        VALUES ( 253, 'Bàn phím AULA F75 có dây (Trắng Red switch) F7512', 'ban-phim-aula-f75-co-day-trang-red-switch',
            1, 785000, 650000, 10, 'KB-AULA-F75-WHI-RED-SW',
            'KB-AULA-F75-WHI-RED-SW', 'KB-AULA-F75-WHI-RED-SW',
            '{"- Bàn phím cơ gaming có dây AULA F75- Độ bền": "60 triệu lần bấm- Kết nối: Có dây Type-C- Màu sắc: 2 màu đen và trắng- Đèn nền: Led nhiều màu/ 20 hiệu ứng ánh sáng- Loại switch: Red switch- Hiệu ứng âm thanh khi gõ phím: Linear- Hot-Swap 5 pin- Núm xoay đa chức năng- Mạch ngược- Số lượng phím: 80 phím- Điện áp/dòng điện định mức: DC5V-500mA- Kích thước bàn phím (L x W x H): 322.7 × 143.2 × 43.1 ± 1 mm- Trọng lượng: Khoảng 952g (bao gồm cả cáp)- Tốc độ phản hồi: 1000Hz- Hệ điều hành tương thích: WINXP/WIN7/WIN8/WIN10 (Driver có thể được yêu cầu trên hệ thống Win 95 và Win98)- Phụ kiện kèm theo: Sách hướng dẫn sử dụng + Dây USB type-C"}',
            'Trong thế giới gaming và công việc đòi hỏi sự chính xác và tốc độ, một chiếcbàn phím cơchất lượng là người bạn đồng hành không thể thiếu.AULA F75 (Trắng Red switch)mang đến trải nghiệm gõ phím tuyệt vời, thiết kế tinh tế và hiệu năng ấn tượng. Hãy cùng GEARVN khám phá những điểm nổi bật của chiếcbàn phím máy tínhnày.',
            24, 'https://product.hstatic.net/200000722513/product/aula-f75-ban-phim-co-gaming-co-d-photoroom_6421c2df70924b8ea205533521d5e0d5.png', '2025-03-03T08:13:49+00:00',1);
        
INSERT INTO product_image (name, product_variant_id, image_url, is_main)
VALUES
    ('Ảnh 1', 253, 'https://product.hstatic.net/200000722513/product/aula-f75-ban-phim-co-gaming-co-d-photoroom_6421c2df70924b8ea205533521d5e0d5.png', TRUE),
    ('Ảnh 2', 253, 'https://product.hstatic.net/200000722513/product/aula-f75-ban-phim-co-gaming-co-d__1_-photoroom_e97d3824c82b4ea0b23b552a1b1b1227.png', FALSE);
---
INSERT INTO product (name, seo_name, brand_id, specifications, description, created_by, image_url) 
    VALUES (
        'Bàn phím AULA S98 PRO TM (Xanh lá + Trắng/ Grey Wood V4 switch) S9802', 'ban-phim-aula-s98-pro-tm-xanh-la-trang-grey-wood-v4-switch', 22,
        '{"- Bàn phím cơ gaming 3 mode AULA S98 Pro- Độ bền phím": "60 triệu lần bấm- Kết nối: 3 mode có dây Type-C & không dây 2.4G & BT- Màu sắc: Xanh lá + trắng- Keycap PBT Double-Shot- Đèn nền: LED RGB 19 hiệu ứng ánh sáng- Loại switch: Greywood V4 switch- Hiệu ứng âm thanh khi gõ phím: Linear- Hot-swap 5 pin- Gasket mount- Núm xoay đa chức năng- Màn hình LCD 1,14 inch hiển thị thông tin và hình ảnh- Mạch xuôi- Số lượng phím: 96 phím- Hành trình phím: 4.0mm- Điện áp/dòng sạc: DC 5V/ 1250mA- Điện áp định mức: DC 3.7V (sạc đầy 4,2V)- Dòng điện định mức: ≤245mA @ 3,7V (hiệu ứng ánh sáng mặc định) ; ≤75mA (tắt đèn nền và đèn bên)- Dung lượng pin: Pin Li-ion có thể sạc lại 4000mAh- Thời gian sử dụng khi sạc đầy pin: ≧ 16 giờ (hiệu ứng ánh sáng mặc định); ≧53 giờ (tắt đèn nền và đèn bên)- Trọng lượng: Khoảng 860g (không bao gồm dây)/ 900g (bao gồm cả dây)- Giao diện sạc: Type-C- Kích thước (L x W x H): 406,6 × 137,9 × 45,1 ± 0,2mm- Hệ điều hành tương thích: WIN XP7/8/10/Android/IOS/MAC- Phụ kiện kèm theo: Sách hướng dẫn sử dụng + 4 Switch tặng kèm + Dây USB type-C + Dụng cụ thay keycap + Bộ chổi và khăn vệ sinh bàn phím"}',
        'Đắm chìm vào trải nghiệm gõ phím đỉnh cao với Bàn phím cơ AULA S98 PRO TM (S9802) – một kiệt tác kết hợp hoàn hảo giữa hiệu suất, thẩm mỹ và sự linh hoạt. Với phối màu Xanh lá + Trắng tươi mới và độc đáo, S98 PRO TM không chỉ là một công cụ làm việc mà còn là điểm nhấn tinh tế, tràn đầy năng lượng cho không gian của bạn. Lấy cảm hứng từ sự thanh lịch và hiện đại, phiên bản này mang đến vẻ ngoài bắt mắt, dễ dàng hòa hợp với mọi phong cách setup. Trung tâm của trải nghiệm gõ phím tuyệt vời này là bộ switch Grey Wood V4 – được thiết kế tỉ mỉ để mang lại hành trình phím mượt mà, phản hồi nhanh nhạy và âm thanh gõ êm ái, đầm tai, giảm thiểu tiếng ồn nhưng vẫn giữ trọn vẹn cảm giác gõ phím cơ đặc trưng. Dù bạn là game thủ chuyên nghiệp, lập trình viên hay chỉ đơn giản là người yêu thích cảm giác gõ phím cơ, Grey Wood V4 sẽ không làm bạn thất vọng. Được trang bị khả năng kết nối Triple Mode (TM), AULA S98 PRO TM mang đến sự tự do tuyệt đối, cho phép bạn dễ dàng chuyển đổi giữa chế độ có dây USB Type-C ổn định, kết nối Bluetooth tiện lợi với nhiều thiết bị, và kết nối không dây 2.4G siêu tốc, đảm bảo mọi thao tác của bạn luôn liền mạch và không độ trễ. Không chỉ dừng lại ở hiệu năng, S98 PRO TM còn nổi bật với các tính năng cao cấp như khả năng Hot-swappable, cho phép bạn dễ dàng thay đổi switch mà không cần hàn, tùy biến hoàn toàn cảm giác gõ của mình. Hệ thống đèn nền RGB rực rỡ với hàng loạt hiệu ứng ánh sáng sẽ biến hóa không gian làm việc hay giải trí của bạn thêm phần sống động và cá tính. Với bộ keycap PBT bền bỉ, chống bóng dầu, cùng cấu trúc chắc chắn và đệm tiêu âm tích hợp, AULA S98 PRO TM (S9802) không chỉ là một bàn phím, mà là một khoản đầu tư xứng đáng cho những ai tìm kiếm sự hoàn hảo trong từng cú chạm phím.',
        1, 'https://product.hstatic.net/200000722513/product/1_8e0775f9b61b4fd7862c1ec09fecee30.png'
    );
INSERT INTO product_category (product_id, category_id) VALUES (254, 28);
INSERT INTO product_variant (
        product_id, name, seo_name, supplier_id, price, price_sale, quantity, sku, model, barcode, 
        specifications, description, warranty, image_url, release_at, created_by)
        VALUES ( 254, 'Bàn phím AULA S98 PRO TM (Xanh lá + Trắng/ Grey Wood V4 switch) S9802', 'ban-phim-aula-s98-pro-tm-xanh-la-trang-grey-wood-v4-switch',
            1, 1845000, 1590000, 10, 'KB-AULA-S98-PRO-TM-GREEN-WHI-GREY-WOOD-V4-SW',
            'KB-AULA-S98-PRO-TM-GREEN-WHI-GREY-WOOD-V4-SW', 'KB-AULA-S98-PRO-TM-GREEN-WHI-GREY-WOOD-V4-SW',
            '{"- Bàn phím cơ gaming 3 mode AULA S98 Pro- Độ bền phím": "60 triệu lần bấm- Kết nối: 3 mode có dây Type-C & không dây 2.4G & BT- Màu sắc: Xanh lá + trắng- Keycap PBT Double-Shot- Đèn nền: LED RGB 19 hiệu ứng ánh sáng- Loại switch: Greywood V4 switch- Hiệu ứng âm thanh khi gõ phím: Linear- Hot-swap 5 pin- Gasket mount- Núm xoay đa chức năng- Màn hình LCD 1,14 inch hiển thị thông tin và hình ảnh- Mạch xuôi- Số lượng phím: 96 phím- Hành trình phím: 4.0mm- Điện áp/dòng sạc: DC 5V/ 1250mA- Điện áp định mức: DC 3.7V (sạc đầy 4,2V)- Dòng điện định mức: ≤245mA @ 3,7V (hiệu ứng ánh sáng mặc định) ; ≤75mA (tắt đèn nền và đèn bên)- Dung lượng pin: Pin Li-ion có thể sạc lại 4000mAh- Thời gian sử dụng khi sạc đầy pin: ≧ 16 giờ (hiệu ứng ánh sáng mặc định); ≧53 giờ (tắt đèn nền và đèn bên)- Trọng lượng: Khoảng 860g (không bao gồm dây)/ 900g (bao gồm cả dây)- Giao diện sạc: Type-C- Kích thước (L x W x H): 406,6 × 137,9 × 45,1 ± 0,2mm- Hệ điều hành tương thích: WIN XP7/8/10/Android/IOS/MAC- Phụ kiện kèm theo: Sách hướng dẫn sử dụng + 4 Switch tặng kèm + Dây USB type-C + Dụng cụ thay keycap + Bộ chổi và khăn vệ sinh bàn phím"}',
            'Đắm chìm vào trải nghiệm gõ phím đỉnh cao với Bàn phím cơ AULA S98 PRO TM (S9802) – một kiệt tác kết hợp hoàn hảo giữa hiệu suất, thẩm mỹ và sự linh hoạt. Với phối màu Xanh lá + Trắng tươi mới và độc đáo, S98 PRO TM không chỉ là một công cụ làm việc mà còn là điểm nhấn tinh tế, tràn đầy năng lượng cho không gian của bạn. Lấy cảm hứng từ sự thanh lịch và hiện đại, phiên bản này mang đến vẻ ngoài bắt mắt, dễ dàng hòa hợp với mọi phong cách setup. Trung tâm của trải nghiệm gõ phím tuyệt vời này là bộ switch Grey Wood V4 – được thiết kế tỉ mỉ để mang lại hành trình phím mượt mà, phản hồi nhanh nhạy và âm thanh gõ êm ái, đầm tai, giảm thiểu tiếng ồn nhưng vẫn giữ trọn vẹn cảm giác gõ phím cơ đặc trưng. Dù bạn là game thủ chuyên nghiệp, lập trình viên hay chỉ đơn giản là người yêu thích cảm giác gõ phím cơ, Grey Wood V4 sẽ không làm bạn thất vọng. Được trang bị khả năng kết nối Triple Mode (TM), AULA S98 PRO TM mang đến sự tự do tuyệt đối, cho phép bạn dễ dàng chuyển đổi giữa chế độ có dây USB Type-C ổn định, kết nối Bluetooth tiện lợi với nhiều thiết bị, và kết nối không dây 2.4G siêu tốc, đảm bảo mọi thao tác của bạn luôn liền mạch và không độ trễ. Không chỉ dừng lại ở hiệu năng, S98 PRO TM còn nổi bật với các tính năng cao cấp như khả năng Hot-swappable, cho phép bạn dễ dàng thay đổi switch mà không cần hàn, tùy biến hoàn toàn cảm giác gõ của mình. Hệ thống đèn nền RGB rực rỡ với hàng loạt hiệu ứng ánh sáng sẽ biến hóa không gian làm việc hay giải trí của bạn thêm phần sống động và cá tính. Với bộ keycap PBT bền bỉ, chống bóng dầu, cùng cấu trúc chắc chắn và đệm tiêu âm tích hợp, AULA S98 PRO TM (S9802) không chỉ là một bàn phím, mà là một khoản đầu tư xứng đáng cho những ai tìm kiếm sự hoàn hảo trong từng cú chạm phím.',
            24, 'https://product.hstatic.net/200000722513/product/1_8e0775f9b61b4fd7862c1ec09fecee30.png', '2025-02-24T03:57:26+00:00',1);
        
INSERT INTO product_image (name, product_variant_id, image_url, is_main)
VALUES
    ('Ảnh 1', 254, 'https://product.hstatic.net/200000722513/product/1_8e0775f9b61b4fd7862c1ec09fecee30.png', TRUE),
    ('Ảnh 2', 254, 'https://product.hstatic.net/200000722513/product/2_a12fd5732b53463e818e64c48a7c2b5c.png', FALSE),
    ('Ảnh 3', 254, 'https://product.hstatic.net/200000722513/product/3_41046af953f54120abbd3452d681dbdb.png', FALSE),
    ('Ảnh 4', 254, 'https://product.hstatic.net/200000722513/product/4_7e47aaea224148b28007e9f660bf6d9f.png', FALSE),
    ('Ảnh 5', 254, 'https://product.hstatic.net/200000722513/product/5_9ee5b8eb22d24fca9faf3352a9a1f2c3.png', FALSE);
---
INSERT INTO product (name, seo_name, brand_id, specifications, description, created_by, image_url) 
    VALUES (
        'Bàn phím DareU EK104 RGB Grey Black Dream Switch', 'ban-phim-dareu-ek104-rgb-grey-black-dream-switch', 25,
        '{"Keycaps PBT Doubleshot": "Công nghệ in doubleshot giúp ký tự trên keycaps sắc nét, không bị mờ nhòe ngay cả sau thời gian dài sử dụng. Chất liệu PBT cũng mang lại cảm giác gõ đầm tay và chắc chắn hơn.", "Layout tiêu chuẩn": "Bố cục 104 phím quen thuộc giúp người dùng dễ dàng làm quen và sử dụng, đặc biệt là những người đã quen với bàn phím truyền thống.", "Khung viền chắc chắn": "Khung viền bàn phím được gia công tỉ mỉ, mang lại độ chắc chắn và ổn định khi gõ phím.", "N-Key Rollover": "Tính năng N-Key Rollover cho phép nhận diện tất cả các phím nhấn cùng lúc, đảm bảo không bỏ lỡ bất kỳ thao tác nào trong các tình huống đòi hỏi tốc độ phản ứng cao.", "Tần số phản hồi 1000Hz": "Tần số phản hồi 1000Hz giúp giảm thiểu độ trễ, mang lại trải nghiệm gõ phím và chơi game mượt mà.", "Kết nối có dây ổn định": "Kết nối USB Type-C có dây đảm bảo tín hiệu ổn định, không bị gián đoạn trong quá trình sử dụng."}',
        'DareU EK104 RGB Grey Black Dream Switch xuất hiện như một làn gió mới, mang đến trải nghiệm gõ phím vượt trội, thiết kế tinh tế và khả năng tùy biến ánh sáng RGB ấn tượng, đáp ứng mọi nhu cầu của người dùng, từ game thủ chuyên nghiệp đến người dùng văn phòng. Nếu bạn đang phân vân có nên mua sản phẩm này không, đừng bỏ qua đánh giá chi tiết embàn phím&nbsp;DareUnày trong phần dưới đây để tham khảo!',
        1, 'https://product.hstatic.net/200000722513/product/1_63d1f288ba0b4b70bf3a24101b14f0a3.png'
    );
INSERT INTO product_category (product_id, category_id) VALUES (255, 28);
INSERT INTO product_variant (
        product_id, name, seo_name, supplier_id, price, price_sale, quantity, sku, model, barcode, 
        specifications, description, warranty, image_url, release_at, created_by)
        VALUES ( 255, 'Bàn phím DareU EK104 RGB Grey Black Dream Switch', 'ban-phim-dareu-ek104-rgb-grey-black-dream-switch',
            1, 899000, 700000, 10, 'KB-DAREU-EK104-GREY-BLK-DREAM',
            'KB-DAREU-EK104-GREY-BLK-DREAM', 'KB-DAREU-EK104-GREY-BLK-DREAM',
            '{"Keycaps PBT Doubleshot": "Công nghệ in doubleshot giúp ký tự trên keycaps sắc nét, không bị mờ nhòe ngay cả sau thời gian dài sử dụng. Chất liệu PBT cũng mang lại cảm giác gõ đầm tay và chắc chắn hơn.", "Layout tiêu chuẩn": "Bố cục 104 phím quen thuộc giúp người dùng dễ dàng làm quen và sử dụng, đặc biệt là những người đã quen với bàn phím truyền thống.", "Khung viền chắc chắn": "Khung viền bàn phím được gia công tỉ mỉ, mang lại độ chắc chắn và ổn định khi gõ phím.", "N-Key Rollover": "Tính năng N-Key Rollover cho phép nhận diện tất cả các phím nhấn cùng lúc, đảm bảo không bỏ lỡ bất kỳ thao tác nào trong các tình huống đòi hỏi tốc độ phản ứng cao.", "Tần số phản hồi 1000Hz": "Tần số phản hồi 1000Hz giúp giảm thiểu độ trễ, mang lại trải nghiệm gõ phím và chơi game mượt mà.", "Kết nối có dây ổn định": "Kết nối USB Type-C có dây đảm bảo tín hiệu ổn định, không bị gián đoạn trong quá trình sử dụng."}',
            'DareU EK104 RGB Grey Black Dream Switch xuất hiện như một làn gió mới, mang đến trải nghiệm gõ phím vượt trội, thiết kế tinh tế và khả năng tùy biến ánh sáng RGB ấn tượng, đáp ứng mọi nhu cầu của người dùng, từ game thủ chuyên nghiệp đến người dùng văn phòng. Nếu bạn đang phân vân có nên mua sản phẩm này không, đừng bỏ qua đánh giá chi tiết embàn phím&nbsp;DareUnày trong phần dưới đây để tham khảo!',
            24, 'https://product.hstatic.net/200000722513/product/1_63d1f288ba0b4b70bf3a24101b14f0a3.png', '2025-02-14T09:56:43+00:00',1);
        
INSERT INTO product_image (name, product_variant_id, image_url, is_main)
VALUES
    ('Ảnh 1', 255, 'https://product.hstatic.net/200000722513/product/1_63d1f288ba0b4b70bf3a24101b14f0a3.png', TRUE),
    ('Ảnh 2', 255, 'https://product.hstatic.net/200000722513/product/ek10400002_b12eb201021d4353a89ff_b05978e14787489c99fb9ed422b74a7b.png', FALSE),
    ('Ảnh 3', 255, 'https://product.hstatic.net/200000722513/product/_0000_ek1040036_686c4408bf2a4ee8_4c6c24c30f444c65bb5c51715e4aa29d.png', FALSE),
    ('Ảnh 4', 255, 'https://product.hstatic.net/200000722513/product/_0005_ek1040036_d2a4880015bc494f_463aab4d92574edd9dce741774af1cd4.png', FALSE),
    ('Ảnh 5', 255, 'https://product.hstatic.net/200000722513/product/_0002_ek1040036_64ee6da9512b48fb_72ba2f3161cf40038a94f5dc33667ff1.png', FALSE),
    ('Ảnh 6', 255, 'https://product.hstatic.net/200000722513/product/_0003_ek1040036_b77452a161e84e1b_9219c37cab9e44f1ae6714190cf82a74.png', FALSE);
---
INSERT INTO product (name, seo_name, brand_id, specifications, description, created_by, image_url) 
    VALUES (
        'Bàn phím AULA AU75 TM (Đen + Xám + Cam/ Star Vector Switch) AU7501', 'ban-phim-aula-au75-tm-den-xam-cam-star-vector-switch', 22,
        '{"AULA AU75 TM hỗ trợ 3 chế độ kết nối khác nhau": "USB, Bluetooth và 2.4G Wireless. Điều này mang lại tính linh hoạt cao cho người dùng, cho phép thay đổi cách kết nối dễ dàng tùy thuộc vào nhu cầu sử dụng. Bạn có thể thoải mái chơi game trênPC,laptophoặc thậm chí là điện thoại, mà không gặp phải trở ngại."}',
        'Bàn phím AULA AU75 TM là một sản phẩm nổi bật trong dòngbàn phím gaminghiện nay, không chỉ bởi thiết kế đẹp mắt mà còn bởi nhiều tính năng ưu Việt. Trong bài viết này, chúng ta sẽ cùng nhau khám phá các đặc tính và tính năng nổi bật của sản phẩm này, từ đó giúp bạn có cái nhìn tổng quan và đưa ra quyết định mua sắm hợp lý.',
        1, 'https://product.hstatic.net/200000722513/product/au75__2__fbfc774bb93a4274bde3791d5c35fb69.png'
    );
INSERT INTO product_category (product_id, category_id) VALUES (256, 28);
INSERT INTO product_variant (
        product_id, name, seo_name, supplier_id, price, price_sale, quantity, sku, model, barcode, 
        specifications, description, warranty, image_url, release_at, created_by)
        VALUES ( 256, 'Bàn phím AULA AU75 TM (Đen + Xám + Cam/ Star Vector Switch) AU7501', 'ban-phim-aula-au75-tm-den-xam-cam-star-vector-switch',
            1, 1559000, 1450000, 10, 'KB-AULA-AU75-TM-BLK-GREY-ORA-STAR-VECTOR-SW',
            'KB-AULA-AU75-TM-BLK-GREY-ORA-STAR-VECTOR-SW', 'KB-AULA-AU75-TM-BLK-GREY-ORA-STAR-VECTOR-SW',
            '{"AULA AU75 TM hỗ trợ 3 chế độ kết nối khác nhau": "USB, Bluetooth và 2.4G Wireless. Điều này mang lại tính linh hoạt cao cho người dùng, cho phép thay đổi cách kết nối dễ dàng tùy thuộc vào nhu cầu sử dụng. Bạn có thể thoải mái chơi game trênPC,laptophoặc thậm chí là điện thoại, mà không gặp phải trở ngại."}',
            'Bàn phím AULA AU75 TM là một sản phẩm nổi bật trong dòngbàn phím gaminghiện nay, không chỉ bởi thiết kế đẹp mắt mà còn bởi nhiều tính năng ưu Việt. Trong bài viết này, chúng ta sẽ cùng nhau khám phá các đặc tính và tính năng nổi bật của sản phẩm này, từ đó giúp bạn có cái nhìn tổng quan và đưa ra quyết định mua sắm hợp lý.',
            24, 'https://product.hstatic.net/200000722513/product/au75__2__fbfc774bb93a4274bde3791d5c35fb69.png', '2025-02-10T08:07:48+00:00',1);
        
INSERT INTO product_image (name, product_variant_id, image_url, is_main)
VALUES
    ('Ảnh 1', 256, 'https://product.hstatic.net/200000722513/product/au75__2__fbfc774bb93a4274bde3791d5c35fb69.png', TRUE),
    ('Ảnh 2', 256, 'https://product.hstatic.net/200000722513/product/au75__4__e9cab5d290264a0f80c90a83ec82bf1d.png', FALSE),
    ('Ảnh 3', 256, 'https://product.hstatic.net/200000722513/product/au75__3__a1a238a279474c3fbff00705e785bb35.png', FALSE),
    ('Ảnh 4', 256, 'https://product.hstatic.net/200000722513/product/au75__1__6297a621b766426693883c172f6f8842.png', FALSE);
---
INSERT INTO product (name, seo_name, brand_id, specifications, description, created_by, image_url) 
    VALUES (
        'Bàn phím AULA AU75 TM (Tím + Be + Đỏ/ Star Vector Switch) AU7502', 'ban-phim-aula-au75-tm-tim-be-do-star-vector-switch', 22,
        '{"- Độ bền": "60 triệu lần bấm- Kết nối: 3 mode có dây Type-C & không dây 2.4G & BT- Màu sắc: Tím+Be+Đỏ- Đèn nền: LED RGB 16 hiệu ứng- Loại switch: Star Vector switch- Hiệu ứng âm thanh khi gõ phím: Linear- Hot-Swap 5 pin- Gasket mount- Núm xoay đa chức năng- Mạch xuôi- Số lượng phím: 81- Keycap PBT Double-Shot- Điện áp/dòng sạc: DC 5V/ 800mA- Điện áp định mức: DC 3.7V- Dung lượng pin: 4000mAh- Thời gian sử dụng sau khi sạc đầy pin: Khoảng 22H (hiệu ứng ánh sáng mặc định) Khoảng 266H (tắt tất cả đèn)- Giao diện sạc: Type-C- Kích thước bàn phím (L x W x H): 336.34 × 147.30 × 44.31 ± 1 mm- Trọng lượng: 977.3g (với cáp/bộ thu)- Hệ điều hành tương thích: WIN7/WIN8/WIN10/Android/IOS/MAC- Phụ kiện kèm theo: Sách hướng dẫn sử dụng + Dây USB type-C + Dụng cụ thay switch + 4 switch tặng kèm + Bộ chổi và khăn vệ sinh bàn phím"}',
        'Nâng tầm không gian làm việc và trải nghiệm gõ phím của bạn lên một tầm cao mới với Bàn phím cơ AULA AU75 TM (Tím + Be + Đỏ/ Star Vector Switch) AU7502 – một sự kết hợp hoàn hảo giữa hiệu năng vượt trội, thẩm mỹ độc đáo và sự thoải mái tối đa.\n\nĐiểm nhấn đầu tiên của AU75 TM chính là phối màu ba tông Tím, Be và Đỏ đầy ấn tượng và cá tính, biến chiếc bàn phím không chỉ là một công cụ làm việc mà còn là một tác phẩm nghệ thuật, thể hiện gu thẩm mỹ tinh tế của người dùng. Mỗi chi tiết đều được chăm chút tỉ mỉ, từ màu sắc keycap cho đến tổng thể khung vỏ, tạo nên một diện mạo không thể nhầm lẫn.\n\nTrái tim của chiếc bàn phím này là bộ switch Star Vector cao cấp, được thiết kế để mang lại hành trình phím mượt mà, phản hồi cực kỳ nhanh nhạy và âm thanh gõ đầm chắc, êm ái. Dù bạn là game thủ chuyên nghiệp cần độ chính xác tức thì hay người làm việc văn phòng đòi hỏi sự tập trung cao độ, Star Vector Switch đều đáp ứng xuất sắc, giảm thiểu mỏi tay và tăng cường hiệu suất.\n\nVới cấu trúc Gasket mount tiên tiến, AULA AU75 TM mang lại cảm giác gõ êm ái, ''flex'' tự nhiên, hấp thụ rung động hiệu quả, cho trải nghiệm gõ thoải mái vượt trội. Bộ keycap PBT Doubleshot chất lượng cao không chỉ bền bỉ, chống bóng dầu mà còn giữ nguyên vẻ đẹp của các ký tự theo thời gian, đảm bảo tính thẩm mỹ lâu dài. Tính năng Hot-swappable cho phép bạn dễ dàng thay đổi switch mà không cần hàn, mở ra vô vàn khả năng tùy chỉnh để tìm kiếm cảm giác gõ hoàn hảo của riêng bạn.\n\nThêm vào đó, hệ thống đèn nền RGB rực rỡ với nhiều chế độ hiệu ứng có thể tùy chỉnh sẽ thắp sáng không gian của bạn, tạo nên một không gian làm việc và giải trí đầy cảm hứng. AULA AU75 TM AU7502 không chỉ là một chiếc bàn phím; đó là một tuyên ngôn về phong cách, hiệu suất và cá tính, được sinh ra để nâng tầm mọi khoảnh khắc của bạn.',
        1, 'https://product.hstatic.net/200000722513/product/au75__2__df9e1117706747d891f14952b9b50527.png'
    );
INSERT INTO product_category (product_id, category_id) VALUES (257, 28);
INSERT INTO product_variant (
        product_id, name, seo_name, supplier_id, price, price_sale, quantity, sku, model, barcode, 
        specifications, description, warranty, image_url, release_at, created_by)
        VALUES ( 257, 'Bàn phím AULA AU75 TM (Tím + Be + Đỏ/ Star Vector Switch) AU7502', 'ban-phim-aula-au75-tm-tim-be-do-star-vector-switch',
            1, 1559000, 1450000, 10, 'KB-AULA-AU75-TM-PUR-BEIGE-RED-STAR-VECTOR-SW',
            'KB-AULA-AU75-TM-PUR-BEIGE-RED-STAR-VECTOR-SW', 'KB-AULA-AU75-TM-PUR-BEIGE-RED-STAR-VECTOR-SW',
            '{"- Độ bền": "60 triệu lần bấm- Kết nối: 3 mode có dây Type-C & không dây 2.4G & BT- Màu sắc: Tím+Be+Đỏ- Đèn nền: LED RGB 16 hiệu ứng- Loại switch: Star Vector switch- Hiệu ứng âm thanh khi gõ phím: Linear- Hot-Swap 5 pin- Gasket mount- Núm xoay đa chức năng- Mạch xuôi- Số lượng phím: 81- Keycap PBT Double-Shot- Điện áp/dòng sạc: DC 5V/ 800mA- Điện áp định mức: DC 3.7V- Dung lượng pin: 4000mAh- Thời gian sử dụng sau khi sạc đầy pin: Khoảng 22H (hiệu ứng ánh sáng mặc định) Khoảng 266H (tắt tất cả đèn)- Giao diện sạc: Type-C- Kích thước bàn phím (L x W x H): 336.34 × 147.30 × 44.31 ± 1 mm- Trọng lượng: 977.3g (với cáp/bộ thu)- Hệ điều hành tương thích: WIN7/WIN8/WIN10/Android/IOS/MAC- Phụ kiện kèm theo: Sách hướng dẫn sử dụng + Dây USB type-C + Dụng cụ thay switch + 4 switch tặng kèm + Bộ chổi và khăn vệ sinh bàn phím"}',
            'Nâng tầm không gian làm việc và trải nghiệm gõ phím của bạn lên một tầm cao mới với Bàn phím cơ AULA AU75 TM (Tím + Be + Đỏ/ Star Vector Switch) AU7502 – một sự kết hợp hoàn hảo giữa hiệu năng vượt trội, thẩm mỹ độc đáo và sự thoải mái tối đa.\n\nĐiểm nhấn đầu tiên của AU75 TM chính là phối màu ba tông Tím, Be và Đỏ đầy ấn tượng và cá tính, biến chiếc bàn phím không chỉ là một công cụ làm việc mà còn là một tác phẩm nghệ thuật, thể hiện gu thẩm mỹ tinh tế của người dùng. Mỗi chi tiết đều được chăm chút tỉ mỉ, từ màu sắc keycap cho đến tổng thể khung vỏ, tạo nên một diện mạo không thể nhầm lẫn.\n\nTrái tim của chiếc bàn phím này là bộ switch Star Vector cao cấp, được thiết kế để mang lại hành trình phím mượt mà, phản hồi cực kỳ nhanh nhạy và âm thanh gõ đầm chắc, êm ái. Dù bạn là game thủ chuyên nghiệp cần độ chính xác tức thì hay người làm việc văn phòng đòi hỏi sự tập trung cao độ, Star Vector Switch đều đáp ứng xuất sắc, giảm thiểu mỏi tay và tăng cường hiệu suất.\n\nVới cấu trúc Gasket mount tiên tiến, AULA AU75 TM mang lại cảm giác gõ êm ái, ''flex'' tự nhiên, hấp thụ rung động hiệu quả, cho trải nghiệm gõ thoải mái vượt trội. Bộ keycap PBT Doubleshot chất lượng cao không chỉ bền bỉ, chống bóng dầu mà còn giữ nguyên vẻ đẹp của các ký tự theo thời gian, đảm bảo tính thẩm mỹ lâu dài. Tính năng Hot-swappable cho phép bạn dễ dàng thay đổi switch mà không cần hàn, mở ra vô vàn khả năng tùy chỉnh để tìm kiếm cảm giác gõ hoàn hảo của riêng bạn.\n\nThêm vào đó, hệ thống đèn nền RGB rực rỡ với nhiều chế độ hiệu ứng có thể tùy chỉnh sẽ thắp sáng không gian của bạn, tạo nên một không gian làm việc và giải trí đầy cảm hứng. AULA AU75 TM AU7502 không chỉ là một chiếc bàn phím; đó là một tuyên ngôn về phong cách, hiệu suất và cá tính, được sinh ra để nâng tầm mọi khoảnh khắc của bạn.',
            24, 'https://product.hstatic.net/200000722513/product/au75__2__df9e1117706747d891f14952b9b50527.png', '2025-02-10T08:08:16+00:00',1);
        
INSERT INTO product_image (name, product_variant_id, image_url, is_main)
VALUES
    ('Ảnh 1', 257, 'https://product.hstatic.net/200000722513/product/au75__2__df9e1117706747d891f14952b9b50527.png', TRUE),
    ('Ảnh 2', 257, 'https://product.hstatic.net/200000722513/product/au75__4__d026239fe45d4932b39446a372c9032e.png', FALSE),
    ('Ảnh 3', 257, 'https://product.hstatic.net/200000722513/product/au75__3__090a73e86e134a1bb1fcf1d2cb010c0d.png', FALSE),
    ('Ảnh 4', 257, 'https://product.hstatic.net/200000722513/product/au75__1__31ec43f494e6437baac760775fe937dc.png', FALSE);
---
INSERT INTO product (name, seo_name, brand_id, specifications, description, created_by, image_url) 
    VALUES (
        'Bàn phím AULA S98 PRO TM (Xanh Dương + Trắng + Tím đậm/ Caramel latte switch) S9806', 'ban-phim-aula-s98-pro-tm-xanh-duong-trang-tim-caramel-latte-switch', 22,
        '{"Kết nối đa dạng": "AULA S98 PRO TM hỗ trợ 3 chế độ kết nối: không dây 2.4GHz, Bluetooth và có dây Type-C. Bạn có thể dễ dàng kết nối bàn phím với nhiều thiết bị khác nhau.", "LED RGB": "Bàn phím được trang bị đèn LED RGB với nhiều hiệu ứng ánh sáng đẹp mắt, giúp bạn tạo không gian làm việc hoặc chơi game sống động hơn.", "Keycap PBT": "Keycap của bàn phím được làm bằng chất liệu PBT cao cấp, có độ bền cao, chống mài mòn và không bị phai màu theo thời gian.", "Pin dung lượng lớn": "Bàn phím có pin dung lượng 4000mAh, cho thời gian sử dụng liên tục lên đến 53 giờ (khi tắt đèn nền).", "Tính năngHot-swap": "Bạn có thể dễ dàng thay thế switch mà không cần hàn, giúp bạn tùy chỉnh bàn phím theo sở thích cá nhân."}',
        'Bàn phím cơkhông dây AULA S98 Pro phiên bản màu xanh dương trắng tím đậm sở hữu thiết kế thời trang và thanh lịch với kích thước 40.66 x 13.79 x 4.51 cm. Bàn phím fullsize 96 phím này được trang bị cấu trúc Gasket 5 lớp giúp giảm ồn, tăng độ bền. Cùng GEARVN tìm hiểu chi tiết về chiếc bàn phím này trong phần dưới đây.',
        1, 'https://product.hstatic.net/200000722513/product/1_a2a797d308fd49ec859ac6a05d3911de.png'
    );
INSERT INTO product_category (product_id, category_id) VALUES (258, 28);
INSERT INTO product_variant (
        product_id, name, seo_name, supplier_id, price, price_sale, quantity, sku, model, barcode, 
        specifications, description, warranty, image_url, release_at, created_by)
        VALUES ( 258, 'Bàn phím AULA S98 PRO TM (Xanh Dương + Trắng + Tím đậm/ Caramel latte switch) S9806', 'ban-phim-aula-s98-pro-tm-xanh-duong-trang-tim-caramel-latte-switch',
            1, 1845000, 1590000, 10, 'KB-AULA-S98-PRO-TM-BLUE-WHI-DARK-PUR-CARAMEL-SW',
            'KB-AULA-S98-PRO-TM-BLUE-WHI-DARK-PUR-CARAMEL-SW', 'KB-AULA-S98-PRO-TM-BLUE-WHI-DARK-PUR-CARAMEL-SW',
            '{"Kết nối đa dạng": "AULA S98 PRO TM hỗ trợ 3 chế độ kết nối: không dây 2.4GHz, Bluetooth và có dây Type-C. Bạn có thể dễ dàng kết nối bàn phím với nhiều thiết bị khác nhau.", "LED RGB": "Bàn phím được trang bị đèn LED RGB với nhiều hiệu ứng ánh sáng đẹp mắt, giúp bạn tạo không gian làm việc hoặc chơi game sống động hơn.", "Keycap PBT": "Keycap của bàn phím được làm bằng chất liệu PBT cao cấp, có độ bền cao, chống mài mòn và không bị phai màu theo thời gian.", "Pin dung lượng lớn": "Bàn phím có pin dung lượng 4000mAh, cho thời gian sử dụng liên tục lên đến 53 giờ (khi tắt đèn nền).", "Tính năngHot-swap": "Bạn có thể dễ dàng thay thế switch mà không cần hàn, giúp bạn tùy chỉnh bàn phím theo sở thích cá nhân."}',
            'Bàn phím cơkhông dây AULA S98 Pro phiên bản màu xanh dương trắng tím đậm sở hữu thiết kế thời trang và thanh lịch với kích thước 40.66 x 13.79 x 4.51 cm. Bàn phím fullsize 96 phím này được trang bị cấu trúc Gasket 5 lớp giúp giảm ồn, tăng độ bền. Cùng GEARVN tìm hiểu chi tiết về chiếc bàn phím này trong phần dưới đây.',
            24, 'https://product.hstatic.net/200000722513/product/1_a2a797d308fd49ec859ac6a05d3911de.png', '2025-02-06T09:20:21+00:00',1);
        
INSERT INTO product_image (name, product_variant_id, image_url, is_main)
VALUES
    ('Ảnh 1', 258, 'https://product.hstatic.net/200000722513/product/1_a2a797d308fd49ec859ac6a05d3911de.png', TRUE),
    ('Ảnh 2', 258, 'https://product.hstatic.net/200000722513/product/2_3765f557825d4182835c761d533ff428.png', FALSE),
    ('Ảnh 3', 258, 'https://product.hstatic.net/200000722513/product/3_b948c1357c93469eac79cf786c81b943.png', FALSE),
    ('Ảnh 4', 258, 'https://product.hstatic.net/200000722513/product/4_b371ae5412ed43179c6570eecc154370.png', FALSE),
    ('Ảnh 5', 258, 'https://product.hstatic.net/200000722513/product/5_43584875bf6b4e8ebd3574d7511c1798.png', FALSE);
---
INSERT INTO product (name, seo_name, brand_id, specifications, description, created_by, image_url) 
    VALUES (
        'Bàn phím AULA S98 PRO TM (Xanh Dương + Trắng + Tím/ Paleo Dust switch) S9808', 'ban-phim-aula-s98-pro-tm-xanh-duong-trang-tim-dam-paleo-dust-switch', 22,
        '{"AULA S98 PRO TM gây ấn tượng mạnh mẽ với sự kết hợp hài hòa giữa ba màu sắc": "xanh dương, trắng và tím. Sự pha trộn này không chỉ tạo nên vẻ ngoài tươi mới, trẻ trung mà còn mang đến cảm giác sang trọng, tinh tế. Thiết kế này phù hợp với nhiều không gian làm việc và giải trí khác nhau, từ góc gaming cá tính đến bàn làm việc hiện đại.", "Bàn phím hỗ trợ 3 chế độ kết nối": "có dây Type-C, không dây 2.4G và Bluetooth. Điều này cho phép người dùng dễ dàng chuyển đổi giữa các thiết bị và chế độ kết nối khác nhau, đáp ứng mọi nhu cầu sử dụng."}',
        'Trong thế giới gaming và công nghệ, bàn phím không chỉ là một công cụ hỗ trợ mà còn là một tác phẩm nghệ thuật thể hiện cá tính của người dùng. AULA S98 PRO TM với thiết kế độc đáo và hiệu năng vượt trội, hứa hẹn sẽ là một lựa chọn lý tưởng cho những ai đang tìm kiếm một chiếcbàn phím cơchất lượng cao. Cùng GEARVN đánh giá chi tiết sản phẩmbàn phím AULAnày trong phần dưới đây!',
        1, 'https://product.hstatic.net/200000722513/product/1_40c5a47a0b554afc8c9f3288bfb7a233.png'
    );
INSERT INTO product_category (product_id, category_id) VALUES (259, 28);
INSERT INTO product_variant (
        product_id, name, seo_name, supplier_id, price, price_sale, quantity, sku, model, barcode, 
        specifications, description, warranty, image_url, release_at, created_by)
        VALUES ( 259, 'Bàn phím AULA S98 PRO TM (Xanh Dương + Trắng + Tím/ Paleo Dust switch) S9808', 'ban-phim-aula-s98-pro-tm-xanh-duong-trang-tim-dam-paleo-dust-switch',
            1, 1903000, 1590000, 10, 'KB-AULA-S98-PRO-TM-BLUE-WHI-LIGHT-PUR-PALEO-SW',
            'KB-AULA-S98-PRO-TM-BLUE-WHI-LIGHT-PUR-PALEO-SW', 'KB-AULA-S98-PRO-TM-BLUE-WHI-LIGHT-PUR-PALEO-SW',
            '{"AULA S98 PRO TM gây ấn tượng mạnh mẽ với sự kết hợp hài hòa giữa ba màu sắc": "xanh dương, trắng và tím. Sự pha trộn này không chỉ tạo nên vẻ ngoài tươi mới, trẻ trung mà còn mang đến cảm giác sang trọng, tinh tế. Thiết kế này phù hợp với nhiều không gian làm việc và giải trí khác nhau, từ góc gaming cá tính đến bàn làm việc hiện đại.", "Bàn phím hỗ trợ 3 chế độ kết nối": "có dây Type-C, không dây 2.4G và Bluetooth. Điều này cho phép người dùng dễ dàng chuyển đổi giữa các thiết bị và chế độ kết nối khác nhau, đáp ứng mọi nhu cầu sử dụng."}',
            'Trong thế giới gaming và công nghệ, bàn phím không chỉ là một công cụ hỗ trợ mà còn là một tác phẩm nghệ thuật thể hiện cá tính của người dùng. AULA S98 PRO TM với thiết kế độc đáo và hiệu năng vượt trội, hứa hẹn sẽ là một lựa chọn lý tưởng cho những ai đang tìm kiếm một chiếcbàn phím cơchất lượng cao. Cùng GEARVN đánh giá chi tiết sản phẩmbàn phím AULAnày trong phần dưới đây!',
            24, 'https://product.hstatic.net/200000722513/product/1_40c5a47a0b554afc8c9f3288bfb7a233.png', '2025-02-06T07:45:39+00:00',1);
        
INSERT INTO product_image (name, product_variant_id, image_url, is_main)
VALUES
    ('Ảnh 1', 259, 'https://product.hstatic.net/200000722513/product/1_40c5a47a0b554afc8c9f3288bfb7a233.png', TRUE),
    ('Ảnh 2', 259, 'https://product.hstatic.net/200000722513/product/2_bed69c7226b340dfb73fe6819d77e0a0.png', FALSE),
    ('Ảnh 3', 259, 'https://product.hstatic.net/200000722513/product/3_c7ac160cc2aa4d9ba1dc71b8392a3c08.png', FALSE),
    ('Ảnh 4', 259, 'https://product.hstatic.net/200000722513/product/4_16fcef328c9e45c9aa1ebeb4bd93c54a.png', FALSE),
    ('Ảnh 5', 259, 'https://product.hstatic.net/200000722513/product/5_9b4d80fd06b545d0a004c84ca5ea4aba.png', FALSE);
---
INSERT INTO product (name, seo_name, brand_id, specifications, description, created_by, image_url) 
    VALUES (
        'Bàn phím AULA S98 PRO TM (Xanh Dương + Trắng + Tím/ Caramel Latte switch) S9809', 'ban-phim-aula-s98-pro-tm-xanh-duong-trang-tim-dam-caramel-latte-switch', 22,
        '{"Kết nối đa dạng": "AULA S98 PRO TM hỗ trợ 3 chế độ kết nối: không dây 2.4GHz, Bluetooth và có dây Type-C. Bạn có thể dễ dàng kết nối bàn phím với nhiều thiết bị khác nhau.", "LED RGB": "Bàn phím được trang bị đèn LED RGB với nhiều hiệu ứng ánh sáng đẹp mắt, giúp bạn tạo không gian làm việc hoặc chơi game sống động hơn.", "Keycap PBT": "Keycap của bàn phím được làm bằng chất liệu PBT cao cấp, có độ bền cao, chống mài mòn và không bị phai màu theo thời gian.", "Pin dung lượng lớn": "Bàn phím có pin dung lượng 4000mAh, cho thời gian sử dụng liên tục lên đến 53 giờ (khi tắt đèn nền).", "Tính năngHot-swap": "Bạn có thể dễ dàng thay thế switch mà không cần hàn, giúp bạn tùy chỉnh bàn phím theo sở thích cá nhân."}',
        'Bàn phím cơkhông dây AULA S98 Pro phiên bản màu xanh dương trắng tím sở hữu thiết kế thời trang và thanh lịch với kích thước 40.66 x 13.79 x 4.51 cm. Bàn phím fullsize 96 phím này được trang bị cấu trúc Gasket 5 lớp giúp giảm ồn, tăng độ bền. Cùng GEARVN tìm hiểu chi tiết về chiếc bàn phím này trong phần dưới đây.',
        1, 'https://product.hstatic.net/200000722513/product/1_cfa1e1af81544e51b85ba30c316716be.png'
    );
INSERT INTO product_category (product_id, category_id) VALUES (260, 28);
INSERT INTO product_variant (
        product_id, name, seo_name, supplier_id, price, price_sale, quantity, sku, model, barcode, 
        specifications, description, warranty, image_url, release_at, created_by)
        VALUES ( 260, 'Bàn phím AULA S98 PRO TM (Xanh Dương + Trắng + Tím/ Caramel Latte switch) S9809', 'ban-phim-aula-s98-pro-tm-xanh-duong-trang-tim-dam-caramel-latte-switch',
            1, 1845000, 1590000, 10, 'KB-AULA-S98-PRO-TM-BLUE-WHI-LIGHT-PUR-CARAMEL-SW',
            'KB-AULA-S98-PRO-TM-BLUE-WHI-LIGHT-PUR-CARAMEL-SW', 'KB-AULA-S98-PRO-TM-BLUE-WHI-LIGHT-PUR-CARAMEL-SW',
            '{"Kết nối đa dạng": "AULA S98 PRO TM hỗ trợ 3 chế độ kết nối: không dây 2.4GHz, Bluetooth và có dây Type-C. Bạn có thể dễ dàng kết nối bàn phím với nhiều thiết bị khác nhau.", "LED RGB": "Bàn phím được trang bị đèn LED RGB với nhiều hiệu ứng ánh sáng đẹp mắt, giúp bạn tạo không gian làm việc hoặc chơi game sống động hơn.", "Keycap PBT": "Keycap của bàn phím được làm bằng chất liệu PBT cao cấp, có độ bền cao, chống mài mòn và không bị phai màu theo thời gian.", "Pin dung lượng lớn": "Bàn phím có pin dung lượng 4000mAh, cho thời gian sử dụng liên tục lên đến 53 giờ (khi tắt đèn nền).", "Tính năngHot-swap": "Bạn có thể dễ dàng thay thế switch mà không cần hàn, giúp bạn tùy chỉnh bàn phím theo sở thích cá nhân."}',
            'Bàn phím cơkhông dây AULA S98 Pro phiên bản màu xanh dương trắng tím sở hữu thiết kế thời trang và thanh lịch với kích thước 40.66 x 13.79 x 4.51 cm. Bàn phím fullsize 96 phím này được trang bị cấu trúc Gasket 5 lớp giúp giảm ồn, tăng độ bền. Cùng GEARVN tìm hiểu chi tiết về chiếc bàn phím này trong phần dưới đây.',
            24, 'https://product.hstatic.net/200000722513/product/1_cfa1e1af81544e51b85ba30c316716be.png', '2025-02-06T07:45:47+00:00',1);
        
INSERT INTO product_image (name, product_variant_id, image_url, is_main)
VALUES
    ('Ảnh 1', 260, 'https://product.hstatic.net/200000722513/product/1_cfa1e1af81544e51b85ba30c316716be.png', TRUE),
    ('Ảnh 2', 260, 'https://product.hstatic.net/200000722513/product/2_8279a99ace9a47c1a2e6a061820d0f33.png', FALSE),
    ('Ảnh 3', 260, 'https://product.hstatic.net/200000722513/product/3_c909d0a8e1e44dd3a180e97f8f2f8ee1.png', FALSE),
    ('Ảnh 4', 260, 'https://product.hstatic.net/200000722513/product/4_1ede8393f9a54cdaa5d084494c4e4509.png', FALSE),
    ('Ảnh 5', 260, 'https://product.hstatic.net/200000722513/product/5_a858ff7beed54471a463ee794be0918d.png', FALSE);
---
INSERT INTO product (name, seo_name, brand_id, specifications, description, created_by, image_url) 
    VALUES (
        'Bàn phím cơ AKKO 5075B Plus TM Chicago Piano V3 Pro Switch', 'ban-phim-co-akko-5075b-plus-tm-chicago-piano-v3-pro-switch', 4,
        '{"5075B Plus Chicago": "Layout 75%, có númLED RGB có thể nháy theo nhạc và có cả led viềnGasket mount giúp âm gõ “êm tai”Keycap ASA&nbsp; profile (Trải nghiệm RGB cao cấp)Stab đã được tinh chỉnh sẫn, sử dụng akko switch Piano V3 ProNGHIÊM CẤM SẠC TRỰC TIẾP QUA CỦ SẠCLED nền RGB (16 triệu màu) với nhiều chế độ và có cả LED 2 bên hông phím&nbsp;3 chế độ kết nối: Dây / Bluetooth 5.0 / 2.4Ghz. NSX khuyến cáo chỉ nên cắm USB receiver 2.4ghz vào cổng USB 2.0 để được tín hiệu không dây tốt nhất.Cấu trúc Gasket mount + Plate PC giúp âm gõ đều nhau ở các row.Keycap : ASA profile ( Trải nghiệm RGB cao cấp)Hotswap hỗ trợ switch 5 pin socketLoại switch: AKKO Piano V3 ProHỗ trợ NKRO / Multimedia / Macro / Khóa phím WinTích hợp sẵn foam tiêu âm PCB, foam đáy và IXPE switch padPhụ kiện: 1 sách hướng dẫn sử dụng + 1 dây USB Type-C to USB + 1 USB Receiver 2.4Ghz&nbsp; + 1 Che bụi bàn phím + Keycap tặng kèmPhần mềm:&nbsp; Tích hợp AKKO Cloud Driver (Hỗ trợ Audio Visualizer ở chế độ kết nối 2.4Ghz) có thể keymap và chỉnh LED / MacroBàn phím AKKOkhi kết nối với MacOS: (Ctrl -> Control | Windows -> Command | Alt -> Option, Mojave OS trở lên sẽ điều chỉnh được thứ tự của các phím này)CÁCH CHECK PIN 3098B / 3098N / 3068B / 5087B / PC98B / 5075B /Cách 1:Bạn có thể check pinbàn phím khi kết nối bluetooththông qua mục Bluetooth and others device settings, chế độ 2.4Ghz chỉ check được khi kết nối với AKKO Cloud Driver với cácbàn phímB Plus (kết nối 2.4ghz rồi bật app).Cách 2:Các bàn phím chip B cần update firmware mới nhất trên AKKO Cloud Driver và giữ tổ hợp phím fn + Space (khi đang ở kết nối không dây) sau đó đối chiếu với led ở nút SpaceLED màu đỏ -> pin dưới 30%LED màu cam -> pin ở mức 30% – 50%LED màu tím -> pin ở mức 50% – 70%LED màu vàng -> pin ở mức 70% – 90%LED màu xanh lá -> pin ở mức 90% – 100%Các sản phẩm bàn phím 5075B Plus Transparent (3068B Plus / 3084B Plus / PC75B Plus / PC98B Plus) vẫn sử dụng chip Beken tương tự như 3098B và 3068B trước đó tuy nhiên sẽ có các cải tiến mới với 2.4G:Kết nối được với&nbsp;AKKO&nbsp;Cloud Driver ở chế độ 2.4GhzB Plus sẽ hỗ trợ audio visualizer ở chế độ 2.4GhzNgười dùng có thể tùy chỉnh thời gian nghỉ (sleep time) của phím khi không sử dụng cho chế độ kết nối Bluetooth / 2.4G ở phần mềm AKKO Cloud DriverNgười dùng có thể check lượng pin còn lại trong phần mềm AKKO Cloud DriverNgười dùng có thể tùy chỉnh độ nhạy phímBàn phím khi kết nối không dây sẽ ở chế độ tiết kiệm năng lượng khi người dùng tắt đèn LED nền. Chế độ này sẽ tiêu tốn 12mA / giờ (người dùng bàn phím phiên bản không phải Plus có thể update firmware mới nhất, và giữFn + Shiftphải để vào chế độ tiết kiệm pin)", "LED nền RGB (16 triệu màu) với nhiều chế độ và có cả LED 2 bên hông phím&nbsp;3 chế độ kết nối": "Dây / Bluetooth 5.0 / 2.4Ghz. NSX khuyến cáo chỉ nên cắm USB receiver 2.4ghz vào cổng USB 2.0 để được tín hiệu không dây tốt nhất.Cấu trúc Gasket mount + Plate PC giúp âm gõ đều nhau ở các row.Keycap : ASA profile ( Trải nghiệm RGB cao cấp)Hotswap hỗ trợ switch 5 pin socketLoại switch: AKKO Piano V3 ProHỗ trợ NKRO / Multimedia / Macro / Khóa phím WinTích hợp sẵn foam tiêu âm PCB, foam đáy và IXPE switch padPhụ kiện: 1 sách hướng dẫn sử dụng + 1 dây USB Type-C to USB + 1 USB Receiver 2.4Ghz&nbsp; + 1 Che bụi bàn phím + Keycap tặng kèmPhần mềm:&nbsp; Tích hợp AKKO Cloud Driver (Hỗ trợ Audio Visualizer ở chế độ kết nối 2.4Ghz) có thể keymap và chỉnh LED / MacroBàn phím AKKOkhi kết nối với MacOS: (Ctrl -> Control | Windows -> Command | Alt -> Option, Mojave OS trở lên sẽ điều chỉnh được thứ tự của các phím này)", "Cách 1": "Bạn có thể check pinbàn phím khi kết nối bluetooththông qua mục Bluetooth and others device settings, chế độ 2.4Ghz chỉ check được khi kết nối với AKKO Cloud Driver với cácbàn phímB Plus (kết nối 2.4ghz rồi bật app).", "Cách 2": "Các bàn phím chip B cần update firmware mới nhất trên AKKO Cloud Driver và giữ tổ hợp phím fn + Space (khi đang ở kết nối không dây) sau đó đối chiếu với led ở nút Space"}',
        'CÁCH CHECK PIN 3098B / 3098N / 3068B / 5087B / PC98B / 5075B /',
        1, 'https://product.hstatic.net/200000722513/product/multi-modes-4-1_71918eb58998485a8f37b214ada1caf0.png'
    );
INSERT INTO product_category (product_id, category_id) VALUES (261, 28);
INSERT INTO product_variant (
        product_id, name, seo_name, supplier_id, price, price_sale, quantity, sku, model, barcode, 
        specifications, description, warranty, image_url, release_at, created_by)
        VALUES ( 261, 'Bàn phím cơ AKKO 5075B Plus TM Chicago Piano V3 Pro Switch', 'ban-phim-co-akko-5075b-plus-tm-chicago-piano-v3-pro-switch',
            1, 1990000, 1490000, 10, 'KB-AKKO-5075B-PLUS-TM-CHICAGO-PIANO-V3-PRO-SW',
            'KB-AKKO-5075B-PLUS-TM-CHICAGO-PIANO-V3-PRO-SW', 'KB-AKKO-5075B-PLUS-TM-CHICAGO-PIANO-V3-PRO-SW',
            '{"5075B Plus Chicago": "Layout 75%, có númLED RGB có thể nháy theo nhạc và có cả led viềnGasket mount giúp âm gõ “êm tai”Keycap ASA&nbsp; profile (Trải nghiệm RGB cao cấp)Stab đã được tinh chỉnh sẫn, sử dụng akko switch Piano V3 ProNGHIÊM CẤM SẠC TRỰC TIẾP QUA CỦ SẠCLED nền RGB (16 triệu màu) với nhiều chế độ và có cả LED 2 bên hông phím&nbsp;3 chế độ kết nối: Dây / Bluetooth 5.0 / 2.4Ghz. NSX khuyến cáo chỉ nên cắm USB receiver 2.4ghz vào cổng USB 2.0 để được tín hiệu không dây tốt nhất.Cấu trúc Gasket mount + Plate PC giúp âm gõ đều nhau ở các row.Keycap : ASA profile ( Trải nghiệm RGB cao cấp)Hotswap hỗ trợ switch 5 pin socketLoại switch: AKKO Piano V3 ProHỗ trợ NKRO / Multimedia / Macro / Khóa phím WinTích hợp sẵn foam tiêu âm PCB, foam đáy và IXPE switch padPhụ kiện: 1 sách hướng dẫn sử dụng + 1 dây USB Type-C to USB + 1 USB Receiver 2.4Ghz&nbsp; + 1 Che bụi bàn phím + Keycap tặng kèmPhần mềm:&nbsp; Tích hợp AKKO Cloud Driver (Hỗ trợ Audio Visualizer ở chế độ kết nối 2.4Ghz) có thể keymap và chỉnh LED / MacroBàn phím AKKOkhi kết nối với MacOS: (Ctrl -> Control | Windows -> Command | Alt -> Option, Mojave OS trở lên sẽ điều chỉnh được thứ tự của các phím này)CÁCH CHECK PIN 3098B / 3098N / 3068B / 5087B / PC98B / 5075B /Cách 1:Bạn có thể check pinbàn phím khi kết nối bluetooththông qua mục Bluetooth and others device settings, chế độ 2.4Ghz chỉ check được khi kết nối với AKKO Cloud Driver với cácbàn phímB Plus (kết nối 2.4ghz rồi bật app).Cách 2:Các bàn phím chip B cần update firmware mới nhất trên AKKO Cloud Driver và giữ tổ hợp phím fn + Space (khi đang ở kết nối không dây) sau đó đối chiếu với led ở nút SpaceLED màu đỏ -> pin dưới 30%LED màu cam -> pin ở mức 30% – 50%LED màu tím -> pin ở mức 50% – 70%LED màu vàng -> pin ở mức 70% – 90%LED màu xanh lá -> pin ở mức 90% – 100%Các sản phẩm bàn phím 5075B Plus Transparent (3068B Plus / 3084B Plus / PC75B Plus / PC98B Plus) vẫn sử dụng chip Beken tương tự như 3098B và 3068B trước đó tuy nhiên sẽ có các cải tiến mới với 2.4G:Kết nối được với&nbsp;AKKO&nbsp;Cloud Driver ở chế độ 2.4GhzB Plus sẽ hỗ trợ audio visualizer ở chế độ 2.4GhzNgười dùng có thể tùy chỉnh thời gian nghỉ (sleep time) của phím khi không sử dụng cho chế độ kết nối Bluetooth / 2.4G ở phần mềm AKKO Cloud DriverNgười dùng có thể check lượng pin còn lại trong phần mềm AKKO Cloud DriverNgười dùng có thể tùy chỉnh độ nhạy phímBàn phím khi kết nối không dây sẽ ở chế độ tiết kiệm năng lượng khi người dùng tắt đèn LED nền. Chế độ này sẽ tiêu tốn 12mA / giờ (người dùng bàn phím phiên bản không phải Plus có thể update firmware mới nhất, và giữFn + Shiftphải để vào chế độ tiết kiệm pin)", "LED nền RGB (16 triệu màu) với nhiều chế độ và có cả LED 2 bên hông phím&nbsp;3 chế độ kết nối": "Dây / Bluetooth 5.0 / 2.4Ghz. NSX khuyến cáo chỉ nên cắm USB receiver 2.4ghz vào cổng USB 2.0 để được tín hiệu không dây tốt nhất.Cấu trúc Gasket mount + Plate PC giúp âm gõ đều nhau ở các row.Keycap : ASA profile ( Trải nghiệm RGB cao cấp)Hotswap hỗ trợ switch 5 pin socketLoại switch: AKKO Piano V3 ProHỗ trợ NKRO / Multimedia / Macro / Khóa phím WinTích hợp sẵn foam tiêu âm PCB, foam đáy và IXPE switch padPhụ kiện: 1 sách hướng dẫn sử dụng + 1 dây USB Type-C to USB + 1 USB Receiver 2.4Ghz&nbsp; + 1 Che bụi bàn phím + Keycap tặng kèmPhần mềm:&nbsp; Tích hợp AKKO Cloud Driver (Hỗ trợ Audio Visualizer ở chế độ kết nối 2.4Ghz) có thể keymap và chỉnh LED / MacroBàn phím AKKOkhi kết nối với MacOS: (Ctrl -> Control | Windows -> Command | Alt -> Option, Mojave OS trở lên sẽ điều chỉnh được thứ tự của các phím này)", "Cách 1": "Bạn có thể check pinbàn phím khi kết nối bluetooththông qua mục Bluetooth and others device settings, chế độ 2.4Ghz chỉ check được khi kết nối với AKKO Cloud Driver với cácbàn phímB Plus (kết nối 2.4ghz rồi bật app).", "Cách 2": "Các bàn phím chip B cần update firmware mới nhất trên AKKO Cloud Driver và giữ tổ hợp phím fn + Space (khi đang ở kết nối không dây) sau đó đối chiếu với led ở nút Space"}',
            'CÁCH CHECK PIN 3098B / 3098N / 3068B / 5087B / PC98B / 5075B /',
            12, 'https://product.hstatic.net/200000722513/product/multi-modes-4-1_71918eb58998485a8f37b214ada1caf0.png', '2025-02-10T08:52:50+00:00',1);
        
INSERT INTO product_image (name, product_variant_id, image_url, is_main)
VALUES
    ('Ảnh 1', 261, 'https://product.hstatic.net/200000722513/product/multi-modes-4-1_71918eb58998485a8f37b214ada1caf0.png', TRUE),
    ('Ảnh 2', 261, 'https://product.hstatic.net/200000722513/product/5075b-plus_________rgb__1_9b08a4304e784596825b1588842e6c9a.png', FALSE),
    ('Ảnh 3', 261, 'https://product.hstatic.net/200000722513/product/5075b-plus___________1_77126fcdb8e44e189391019322e7787a.png', FALSE),
    ('Ảnh 4', 261, 'https://product.hstatic.net/200000722513/product/5075b-plus___________1_c08f3cf4b02246599b95c3cb1fe7e13f.png', FALSE),
    ('Ảnh 5', 261, 'https://product.hstatic.net/200000722513/product/5075b-plus___________1_cba7f64fabe04e50ae43fe78c9054fb6.png', FALSE),
    ('Ảnh 6', 261, 'https://product.hstatic.net/200000722513/product/dsc00472__1__cd319d168ada4cd28f548a5c7290adf3.jpg', FALSE),
    ('Ảnh 7', 261, 'https://product.hstatic.net/200000722513/product/dsc00443_d8ca66d07ed540618e2e51ee0fb0e1bd.jpg', FALSE),
    ('Ảnh 8', 261, 'https://product.hstatic.net/200000722513/product/dsc00445_e6454efc10f548dba1b7ca01e1744d2e.jpg', FALSE),
    ('Ảnh 9', 261, 'https://product.hstatic.net/200000722513/product/dsc00481_91b7320275cf4b7c87f3733342562c8f.jpg', FALSE),
    ('Ảnh 10', 261, 'https://product.hstatic.net/200000722513/product/dsc00449_1aadafbe55b34e25bbc6b4a7a961bd76.jpg', FALSE),
    ('Ảnh 11', 261, 'https://product.hstatic.net/200000722513/product/dsc00442_ff689337fe0247bc81d3679303d4a3e2.jpg', FALSE),
    ('Ảnh 12', 261, 'https://product.hstatic.net/200000722513/product/dsc00450_55819dc972b14232a8f01ae8517280af.jpg', FALSE),
    ('Ảnh 13', 261, 'https://product.hstatic.net/200000722513/product/dsc00470_0b79c6e89741480db1cda8f050a041c2.jpg', FALSE),
    ('Ảnh 14', 261, 'https://product.hstatic.net/200000722513/product/dsc00477_b4607c53cee241c0a03ce615913f42df.jpg', FALSE),
    ('Ảnh 15', 261, 'https://product.hstatic.net/200000722513/product/dsc00478_c3910e29c809494eaefe7e585ac7378e.jpg', FALSE),
    ('Ảnh 16', 261, 'https://product.hstatic.net/200000722513/product/dsc00468_2edfa6d213b141089e85e8d97d2ed45d.jpg', FALSE);
---
INSERT INTO product (name, seo_name, brand_id, specifications, description, created_by, image_url) 
    VALUES (
        'Bàn phím AULA S98 PRO TM (Xanh Dương + Trắng + Tím đậm/ Paleo Dust switch) S9805', 'ban-phim-aula-s98-pro-tm-xanh-duong-trang-tim-paleo-dust-switch', 22,
        '{"AULA S98 PRO TM hỗ trợ 3 chế độ kết nối": "có dây Type-C, không dây 2.4G và Bluetooth (BT). Điều này cho phép bạn dễ dàng kết nối bàn phím với nhiều thiết bị khác nhau, từmáy tính để bàn,laptop, đến điện thoại và máy tính bảng."}',
        'Đánh giá chi tiết Bàn phím AULA S98 PRO TM (Xanh Dương + Trắng + Tím đậm/ Paleo Dust switch)',
        1, 'https://product.hstatic.net/200000722513/product/1_d48444dba07a41dd81ed2b2632a68a04.png'
    );
INSERT INTO product_category (product_id, category_id) VALUES (262, 28);
INSERT INTO product_variant (
        product_id, name, seo_name, supplier_id, price, price_sale, quantity, sku, model, barcode, 
        specifications, description, warranty, image_url, release_at, created_by)
        VALUES ( 262, 'Bàn phím AULA S98 PRO TM (Xanh Dương + Trắng + Tím đậm/ Paleo Dust switch) S9805', 'ban-phim-aula-s98-pro-tm-xanh-duong-trang-tim-paleo-dust-switch',
            1, 1903000, 1590000, 10, 'KB-AULA-S98-PRO-TM-BLUE-WHI-DARK-PUR-PALEO-DUST-SW',
            'KB-AULA-S98-PRO-TM-BLUE-WHI-DARK-PUR-PALEO-DUST-SW', 'KB-AULA-S98-PRO-TM-BLUE-WHI-DARK-PUR-PALEO-DUST-SW',
            '{"AULA S98 PRO TM hỗ trợ 3 chế độ kết nối": "có dây Type-C, không dây 2.4G và Bluetooth (BT). Điều này cho phép bạn dễ dàng kết nối bàn phím với nhiều thiết bị khác nhau, từmáy tính để bàn,laptop, đến điện thoại và máy tính bảng."}',
            'Đánh giá chi tiết Bàn phím AULA S98 PRO TM (Xanh Dương + Trắng + Tím đậm/ Paleo Dust switch)',
            24, 'https://product.hstatic.net/200000722513/product/1_d48444dba07a41dd81ed2b2632a68a04.png', '2025-02-06T09:19:49+00:00',1);
        
INSERT INTO product_image (name, product_variant_id, image_url, is_main)
VALUES
    ('Ảnh 1', 262, 'https://product.hstatic.net/200000722513/product/1_d48444dba07a41dd81ed2b2632a68a04.png', TRUE),
    ('Ảnh 2', 262, 'https://product.hstatic.net/200000722513/product/2_5b164f44bfcc4110a6fc37440bd3803c.png', FALSE),
    ('Ảnh 3', 262, 'https://product.hstatic.net/200000722513/product/3_35ad69acbeb44aab8252bd6a84d42178.png', FALSE),
    ('Ảnh 4', 262, 'https://product.hstatic.net/200000722513/product/4_d6bf0a71b5b6410e88e871dd71896baa.png', FALSE),
    ('Ảnh 5', 262, 'https://product.hstatic.net/200000722513/product/5_38bf96e219b4499281c29a1633f0b7e3.png', FALSE);
---
INSERT INTO product (name, seo_name, brand_id, specifications, description, created_by, image_url) 
    VALUES (
        'Bàn phím AULA S98 PRO TM (Xanh Dương + Trắng + Tím đậm/ Nimbus V3 switch) S9804', 'ban-phim-aula-s98-pro-tm-xanh-duong-trang-tim-nimbus-v3-switch', 22,
        '{"Kết nối đa dạng": "AULA S98 PRO TM hỗ trợ 3 chế độ kết nối: không dây 2.4GHz, Bluetooth và có dây Type-C. Bạn có thể dễ dàng kết nối bàn phím với nhiều thiết bị khác nhau.", "LED RGB": "Bàn phím được trang bị đèn LED RGB với nhiều hiệu ứng ánh sáng đẹp mắt, giúp bạn tạo không gian làm việc hoặc chơi game sống động hơn.", "Keycap PBT": "Keycap của bàn phím được làm bằng chất liệu PBT cao cấp, có độ bền cao, chống mài mòn và không bị phai màu theo thời gian.", "Pin dung lượng lớn": "Bàn phím có pin dung lượng 4000mAh, cho thời gian sử dụng liên tục lên đến 53 giờ (khi tắt đèn nền).", "Tính năngHot-swap": "Bạn có thể dễ dàng thay thế switch mà không cần hàn, giúp bạn tùy chỉnh bàn phím theo sở thích cá nhân."}',
        'Trong thế giới gear gaming và làm việc ngày càng đa dạng, việc tìm kiếm một chiếcbàn phímkhông chỉ đáp ứng nhu cầu về hiệu năng mà còn thể hiện cá tính riêng biệt là điều mà nhiều người dùng quan tâm.AULA S98 PRO TMvới phối màu độc đáo và switch Nimbus V3 hứa hẹn mang đến trải nghiệm gõ phím tuyệt vời, đồng thời là một điểm nhấn thẩm mỹ trên bàn làm việc của bạn. Hãy cùng GEARVN&nbsp;khám phá chi tiết về sản phẩm này.',
        1, 'https://product.hstatic.net/200000722513/product/1_5f7c2035c4e143d4913c041b04ff4fbf.png'
    );
INSERT INTO product_category (product_id, category_id) VALUES (263, 28);
INSERT INTO product_variant (
        product_id, name, seo_name, supplier_id, price, price_sale, quantity, sku, model, barcode, 
        specifications, description, warranty, image_url, release_at, created_by)
        VALUES ( 263, 'Bàn phím AULA S98 PRO TM (Xanh Dương + Trắng + Tím đậm/ Nimbus V3 switch) S9804', 'ban-phim-aula-s98-pro-tm-xanh-duong-trang-tim-nimbus-v3-switch',
            1, 1903000, 1590000, 10, 'KB-AULA-S98-PRO-TM-BLUE-WHI-DARK-PUR-NIMBUS-V3-SW',
            'KB-AULA-S98-PRO-TM-BLUE-WHI-DARK-PUR-NIMBUS-V3-SW', 'KB-AULA-S98-PRO-TM-BLUE-WHI-DARK-PUR-NIMBUS-V3-SW',
            '{"Kết nối đa dạng": "AULA S98 PRO TM hỗ trợ 3 chế độ kết nối: không dây 2.4GHz, Bluetooth và có dây Type-C. Bạn có thể dễ dàng kết nối bàn phím với nhiều thiết bị khác nhau.", "LED RGB": "Bàn phím được trang bị đèn LED RGB với nhiều hiệu ứng ánh sáng đẹp mắt, giúp bạn tạo không gian làm việc hoặc chơi game sống động hơn.", "Keycap PBT": "Keycap của bàn phím được làm bằng chất liệu PBT cao cấp, có độ bền cao, chống mài mòn và không bị phai màu theo thời gian.", "Pin dung lượng lớn": "Bàn phím có pin dung lượng 4000mAh, cho thời gian sử dụng liên tục lên đến 53 giờ (khi tắt đèn nền).", "Tính năngHot-swap": "Bạn có thể dễ dàng thay thế switch mà không cần hàn, giúp bạn tùy chỉnh bàn phím theo sở thích cá nhân."}',
            'Trong thế giới gear gaming và làm việc ngày càng đa dạng, việc tìm kiếm một chiếcbàn phímkhông chỉ đáp ứng nhu cầu về hiệu năng mà còn thể hiện cá tính riêng biệt là điều mà nhiều người dùng quan tâm.AULA S98 PRO TMvới phối màu độc đáo và switch Nimbus V3 hứa hẹn mang đến trải nghiệm gõ phím tuyệt vời, đồng thời là một điểm nhấn thẩm mỹ trên bàn làm việc của bạn. Hãy cùng GEARVN&nbsp;khám phá chi tiết về sản phẩm này.',
            24, 'https://product.hstatic.net/200000722513/product/1_5f7c2035c4e143d4913c041b04ff4fbf.png', '2025-02-06T09:20:23+00:00',1);
        
INSERT INTO product_image (name, product_variant_id, image_url, is_main)
VALUES
    ('Ảnh 1', 263, 'https://product.hstatic.net/200000722513/product/1_5f7c2035c4e143d4913c041b04ff4fbf.png', TRUE),
    ('Ảnh 2', 263, 'https://product.hstatic.net/200000722513/product/2_0c210d3caedf46beae4f9d02150d6650.png', FALSE),
    ('Ảnh 3', 263, 'https://product.hstatic.net/200000722513/product/3_1dfa8b4cb0eb4f33bebb5a5a4bcd9e04.png', FALSE),
    ('Ảnh 4', 263, 'https://product.hstatic.net/200000722513/product/4_c43eca56211846bf8557d8012ff232b0.png', FALSE),
    ('Ảnh 5', 263, 'https://product.hstatic.net/200000722513/product/5_85268a599c5d47f8be56b83fa7b8da94.png', FALSE);
---
INSERT INTO product (name, seo_name, brand_id, specifications, description, created_by, image_url) 
    VALUES (
        'Bàn phím AULA S98 PRO TM (Xanh Dương + Trắng + Tím/ Nimbus V3 switch) S9803', 'ban-phim-aula-s98-pro-tm-xanh-duong-trang-tim-dam-nimbus-v3-switch', 22,
        '{"Kết nối đa dạng": "AULA S98 PRO TM hỗ trợ 3 chế độ kết nối: không dây 2.4GHz, Bluetooth và có dây Type-C. Bạn có thể dễ dàng kết nối bàn phím với nhiều thiết bị khác nhau.", "LED RGB": "Bàn phím được trang bị đèn LED RGB với nhiều hiệu ứng ánh sáng đẹp mắt, giúp bạn tạo không gian làm việc hoặc chơi game sống động hơn.", "Keycap PBT": "Keycap của bàn phím được làm bằng chất liệu PBT cao cấp, có độ bền cao, chống mài mòn và không bị phai màu theo thời gian.", "Pin dung lượng lớn": "Bàn phím có pin dung lượng 4000mAh, cho thời gian sử dụng liên tục lên đến 53 giờ (khi tắt đèn nền).", "Tính năngHot-swap": "Bạn có thể dễ dàng thay thế switch mà không cần hàn, giúp bạn tùy chỉnh bàn phím theo sở thích cá nhân."}',
        'Trong thế giới gear gaming và làm việc ngày càng đa dạng, việc tìm kiếm một chiếcbàn phímkhông chỉ đáp ứng nhu cầu về hiệu năng mà còn thể hiện cá tính riêng biệt là điều mà nhiều người dùng quan tâm.AULA S98 PRO TMvới phối màu độc đáo và switch Nimbus V3 hứa hẹn mang đến trải nghiệm gõ phím tuyệt vời, đồng thời là một điểm nhấn thẩm mỹ trên bàn làm việc của bạn. Hãy cùng GEARVN&nbsp;khám phá chi tiết về sản phẩm này.',
        1, 'https://product.hstatic.net/200000722513/product/1_dedbee6c871a426d941204a4e2b2a214.png'
    );
INSERT INTO product_category (product_id, category_id) VALUES (264, 28);
INSERT INTO product_variant (
        product_id, name, seo_name, supplier_id, price, price_sale, quantity, sku, model, barcode, 
        specifications, description, warranty, image_url, release_at, created_by)
        VALUES ( 264, 'Bàn phím AULA S98 PRO TM (Xanh Dương + Trắng + Tím/ Nimbus V3 switch) S9803', 'ban-phim-aula-s98-pro-tm-xanh-duong-trang-tim-dam-nimbus-v3-switch',
            1, 1903000, 1590000, 10, 'KB-AULA-S98-PRO-TM-BLUE-WHI-LIGHT-PUR-NIMBUS-V3-SW',
            'KB-AULA-S98-PRO-TM-BLUE-WHI-LIGHT-PUR-NIMBUS-V3-SW', 'KB-AULA-S98-PRO-TM-BLUE-WHI-LIGHT-PUR-NIMBUS-V3-SW',
            '{"Kết nối đa dạng": "AULA S98 PRO TM hỗ trợ 3 chế độ kết nối: không dây 2.4GHz, Bluetooth và có dây Type-C. Bạn có thể dễ dàng kết nối bàn phím với nhiều thiết bị khác nhau.", "LED RGB": "Bàn phím được trang bị đèn LED RGB với nhiều hiệu ứng ánh sáng đẹp mắt, giúp bạn tạo không gian làm việc hoặc chơi game sống động hơn.", "Keycap PBT": "Keycap của bàn phím được làm bằng chất liệu PBT cao cấp, có độ bền cao, chống mài mòn và không bị phai màu theo thời gian.", "Pin dung lượng lớn": "Bàn phím có pin dung lượng 4000mAh, cho thời gian sử dụng liên tục lên đến 53 giờ (khi tắt đèn nền).", "Tính năngHot-swap": "Bạn có thể dễ dàng thay thế switch mà không cần hàn, giúp bạn tùy chỉnh bàn phím theo sở thích cá nhân."}',
            'Trong thế giới gear gaming và làm việc ngày càng đa dạng, việc tìm kiếm một chiếcbàn phímkhông chỉ đáp ứng nhu cầu về hiệu năng mà còn thể hiện cá tính riêng biệt là điều mà nhiều người dùng quan tâm.AULA S98 PRO TMvới phối màu độc đáo và switch Nimbus V3 hứa hẹn mang đến trải nghiệm gõ phím tuyệt vời, đồng thời là một điểm nhấn thẩm mỹ trên bàn làm việc của bạn. Hãy cùng GEARVN&nbsp;khám phá chi tiết về sản phẩm này.',
            24, 'https://product.hstatic.net/200000722513/product/1_dedbee6c871a426d941204a4e2b2a214.png', '2025-02-06T07:45:41+00:00',1);
        
INSERT INTO product_image (name, product_variant_id, image_url, is_main)
VALUES
    ('Ảnh 1', 264, 'https://product.hstatic.net/200000722513/product/1_dedbee6c871a426d941204a4e2b2a214.png', TRUE),
    ('Ảnh 2', 264, 'https://product.hstatic.net/200000722513/product/2_7ccffbe9eafb4451a620f0c1c0c2d0f7.png', FALSE),
    ('Ảnh 3', 264, 'https://product.hstatic.net/200000722513/product/3_c23eb465cf2f45d183e82d68c4c2f08f.png', FALSE),
    ('Ảnh 4', 264, 'https://product.hstatic.net/200000722513/product/4_28fcd5c60b5941ff9c403c6fe2c34f18.png', FALSE),
    ('Ảnh 5', 264, 'https://product.hstatic.net/200000722513/product/5_b040fecf4caf4ad7853e0f84d267a748.png', FALSE);
---
INSERT INTO product (name, seo_name, brand_id, specifications, description, created_by, image_url) 
    VALUES (
        'Bàn phím AULA S98 PRO TM (Xanh Dương + Trắng + Cam/ Nimbus V3 switch) S9807', 'ban-phim-aula-s98-pro-tm-xanh-duong-trang-cam-nimbus-v3-switch', 22,
        '{"AULA S98 PRO TM không chỉ nổi bật về thiết kế và switch mà còn được trang bị hàng loạt tính năng hiện đại. Bàn phím có 3 chế độ kết nối": "không dây (2.4GHz), Bluetooth và có dây (Type-C), giúp bạn dễ dàng kết nối với nhiều thiết bị khác nhau."}',
        'Bàn phím cơ AULA S98 Pro không dây nổi bật với 3 chế độ kết nối linh hoạt và hệ thống đèn nền RGB 19 hiệu ứng rực rỡ, vừa tiện dụng vừa bắt mắt. Bàn phím sử dụng switch Nimbus V3 êm ái, keycap PBT Double-Shot bền bỉ cùng công nghệhot-swap5 pin, cho phép người dùng dễ dàng thay đổi switch theo sở thích. CùngGEARVNtìm hiểu về chiếcbàn phímnày trong phần nội dung dưới đây.',
        1, 'https://product.hstatic.net/200000722513/product/1_e0d73b1a017d4daeac14223d8d392c6e.png'
    );
INSERT INTO product_category (product_id, category_id) VALUES (265, 28);
INSERT INTO product_variant (
        product_id, name, seo_name, supplier_id, price, price_sale, quantity, sku, model, barcode, 
        specifications, description, warranty, image_url, release_at, created_by)
        VALUES ( 265, 'Bàn phím AULA S98 PRO TM (Xanh Dương + Trắng + Cam/ Nimbus V3 switch) S9807', 'ban-phim-aula-s98-pro-tm-xanh-duong-trang-cam-nimbus-v3-switch',
            1, 1903000, 1590000, 10, 'KB-AULA-S98-PRO-TM-BLUE-WHI-ORA-NIMBUS-V3-SW',
            'KB-AULA-S98-PRO-TM-BLUE-WHI-ORA-NIMBUS-V3-SW', 'KB-AULA-S98-PRO-TM-BLUE-WHI-ORA-NIMBUS-V3-SW',
            '{"AULA S98 PRO TM không chỉ nổi bật về thiết kế và switch mà còn được trang bị hàng loạt tính năng hiện đại. Bàn phím có 3 chế độ kết nối": "không dây (2.4GHz), Bluetooth và có dây (Type-C), giúp bạn dễ dàng kết nối với nhiều thiết bị khác nhau."}',
            'Bàn phím cơ AULA S98 Pro không dây nổi bật với 3 chế độ kết nối linh hoạt và hệ thống đèn nền RGB 19 hiệu ứng rực rỡ, vừa tiện dụng vừa bắt mắt. Bàn phím sử dụng switch Nimbus V3 êm ái, keycap PBT Double-Shot bền bỉ cùng công nghệhot-swap5 pin, cho phép người dùng dễ dàng thay đổi switch theo sở thích. CùngGEARVNtìm hiểu về chiếcbàn phímnày trong phần nội dung dưới đây.',
            24, 'https://product.hstatic.net/200000722513/product/1_e0d73b1a017d4daeac14223d8d392c6e.png', '2025-02-06T07:43:19+00:00',1);
        
INSERT INTO product_image (name, product_variant_id, image_url, is_main)
VALUES
    ('Ảnh 1', 265, 'https://product.hstatic.net/200000722513/product/1_e0d73b1a017d4daeac14223d8d392c6e.png', TRUE),
    ('Ảnh 2', 265, 'https://product.hstatic.net/200000722513/product/2_1310cbe545664471862e58559d80fcdf.png', FALSE),
    ('Ảnh 3', 265, 'https://product.hstatic.net/200000722513/product/3_89709c3e1c4d424c870cda8c3c4aae8b.png', FALSE),
    ('Ảnh 4', 265, 'https://product.hstatic.net/200000722513/product/4_464ab9ff765543468877e9cfbac66012.png', FALSE),
    ('Ảnh 5', 265, 'https://product.hstatic.net/200000722513/product/5_5f9bf9ec598846bd8b46b23a97827c21.png', FALSE);
---
INSERT INTO product (name, seo_name, brand_id, specifications, description, created_by, image_url) 
    VALUES (
        'Bàn phím AULA M75 TM (Xanh + Trắng + Tím/ Purple Fire V2 Switch) M7503', 'ban-phim-aula-m75-tm-xanh-trang-tim-purple-fire-v2-switch', 22,
        '{"- Bàn phím cơ gaming AULA M75- Độ bền": "60 triệu lần bấm- Kết nối: 3 mode có dây Type-C & không dây 2.4G & BT- Màu sắc: Xanh + trắng + tím- Keycap PBT Double-Shot- Case hợp kim nhôm- Plate FR4- Đèn nền: LED RGB 16 hiệu ứng- Loại switch: TTC Purple Fire V2 Switch- Hiệu ứng âm thanh khi gõ phím: Linear- Hot-Swap 5 pin- Gasket mount- Mạch xuôi- Số lượng phím: 81 phím- Hành trình phím: 4.0mm- Phím FN đa chức năng- Kích thước bàn phím (L x W x H): 319,5 × 134,4 × 42.7 ± 1 mm- Điện áp/dòng sạc: DC 5V-700mA- Điện áp định mức: DC 3.7V (đầy đủ 4.2V)- Dòng điện định mức: 230mA @3.7V (hiệu ứng ánh sáng mặc định); 15mA (tắt đèn nền)- Giao diện sạc: Type-C- Dung lượng pin: 8000mAh- Thời gian sử dụng sau khi sạc đầy pin: Khoảng 40 giờ (hiệu ứng ánh sáng mặc định)/ 520 giờ (tất cả đèn tắt)- Trọng lượng: Khoảng 1735g- Hệ điều hành tương thích: WINXP/WIN7/WIN8/WIN10/Android/IOS/MAC- Phụ kiện kèm theo: Sách hướng dẫn sử dụng + Dây USB type-C + Dụng cụ thay switch + 2 switch tặng kèm"}',
        'Khám phá đỉnh cao của sự kết hợp giữa hiệu suất và phong cách với Bàn phím cơ AULA M75 TM (M7503). Được thiết kế để mê hoặc mọi giác quan, chiếc bàn phím này không chỉ là công cụ làm việc mà còn là một tác phẩm nghệ thuật trên bàn làm việc của bạn.\n\n**Thiết Kế Độc Đáo, Nổi Bật:**\nAULA M75 TM thu hút mọi ánh nhìn với phối màu Xanh, Trắng và Tím (Purple Fire V2) độc đáo, mang đến vẻ ngoài cá tính và sống động. Sự kết hợp tinh tế này không chỉ tạo điểm nhấn mà còn phản ánh gu thẩm mỹ đẳng cấp của người sở hữu. Với layout 75% nhỏ gọn nhưng vẫn giữ đủ các phím chức năng quan trọng, M75 TM là sự lựa chọn hoàn hảo cho cả chơi game và làm việc.\n\n**Trải Nghiệm Gõ Phím Tuyệt Hảo:**\nĐược trang bị bộ công tắc Purple Fire V2 Switch độc quyền, AULA M75 TM mang lại cảm giác gõ mượt mà, phản hồi xúc giác rõ ràng và âm thanh êm ái, trầm ấm. Công nghệ Gasket Mount tiên tiến giúp tối ưu hóa độ đàn hồi và giảm thiểu tiếng ồn, biến mỗi cú nhấn phím thành một trải nghiệm đầy thỏa mãn. Cùng với keycap PBT chất lượng cao, chống mòn và chống bóng, đảm bảo độ bền và cảm giác gõ cao cấp theo thời gian.\n\n**Kết Nối Linh Hoạt, Hiệu Năng Vượt Trội:**\nVới khả năng kết nối ba chế độ (Tri-mode): Bluetooth không dây tiện lợi, USB 2.4Ghz tốc độ cao với độ trễ cực thấp cho game thủ, và kết nối USB-C có dây ổn định. Tính năng Hot-swappable cho phép bạn dễ dàng thay đổi các loại switch MX khác nhau mà không cần hàn, tùy chỉnh trải nghiệm gõ theo ý muốn. Hệ thống đèn nền RGB rực rỡ với hàng triệu màu và nhiều hiệu ứng có thể tùy chỉnh qua phần mềm, biến không gian làm việc của bạn thành một bữa tiệc ánh sáng.\n\n**Độ Bền Vượt Thời Gian:**\nKhung bàn phím được chế tác từ hợp kim nhôm nguyên khối không chỉ mang lại vẻ ngoài sang trọng mà còn đảm bảo độ bền bỉ vượt trội. AULA M75 TM (M7503) không chỉ là một bàn phím, mà là người bạn đồng hành đáng tin cậy, nâng tầm mọi trải nghiệm của bạn.',
        1, 'https://product.hstatic.net/200000722513/product/20241023141224-photoroom_a0acf8921d7044dfaf9146258e6cc650.png'
    );
INSERT INTO product_category (product_id, category_id) VALUES (266, 28);
INSERT INTO product_variant (
        product_id, name, seo_name, supplier_id, price, price_sale, quantity, sku, model, barcode, 
        specifications, description, warranty, image_url, release_at, created_by)
        VALUES ( 266, 'Bàn phím AULA M75 TM (Xanh + Trắng + Tím/ Purple Fire V2 Switch) M7503', 'ban-phim-aula-m75-tm-xanh-trang-tim-purple-fire-v2-switch',
            1, 0, 3010000, 10, 'KB-AULA-M75-TM-BLUE-WHI-PUR-PUR-FIRE-V2-SW',
            'KB-AULA-M75-TM-BLUE-WHI-PUR-PUR-FIRE-V2-SW', 'KB-AULA-M75-TM-BLUE-WHI-PUR-PUR-FIRE-V2-SW',
            '{"- Bàn phím cơ gaming AULA M75- Độ bền": "60 triệu lần bấm- Kết nối: 3 mode có dây Type-C & không dây 2.4G & BT- Màu sắc: Xanh + trắng + tím- Keycap PBT Double-Shot- Case hợp kim nhôm- Plate FR4- Đèn nền: LED RGB 16 hiệu ứng- Loại switch: TTC Purple Fire V2 Switch- Hiệu ứng âm thanh khi gõ phím: Linear- Hot-Swap 5 pin- Gasket mount- Mạch xuôi- Số lượng phím: 81 phím- Hành trình phím: 4.0mm- Phím FN đa chức năng- Kích thước bàn phím (L x W x H): 319,5 × 134,4 × 42.7 ± 1 mm- Điện áp/dòng sạc: DC 5V-700mA- Điện áp định mức: DC 3.7V (đầy đủ 4.2V)- Dòng điện định mức: 230mA @3.7V (hiệu ứng ánh sáng mặc định); 15mA (tắt đèn nền)- Giao diện sạc: Type-C- Dung lượng pin: 8000mAh- Thời gian sử dụng sau khi sạc đầy pin: Khoảng 40 giờ (hiệu ứng ánh sáng mặc định)/ 520 giờ (tất cả đèn tắt)- Trọng lượng: Khoảng 1735g- Hệ điều hành tương thích: WINXP/WIN7/WIN8/WIN10/Android/IOS/MAC- Phụ kiện kèm theo: Sách hướng dẫn sử dụng + Dây USB type-C + Dụng cụ thay switch + 2 switch tặng kèm"}',
            'Khám phá đỉnh cao của sự kết hợp giữa hiệu suất và phong cách với Bàn phím cơ AULA M75 TM (M7503). Được thiết kế để mê hoặc mọi giác quan, chiếc bàn phím này không chỉ là công cụ làm việc mà còn là một tác phẩm nghệ thuật trên bàn làm việc của bạn.\n\n**Thiết Kế Độc Đáo, Nổi Bật:**\nAULA M75 TM thu hút mọi ánh nhìn với phối màu Xanh, Trắng và Tím (Purple Fire V2) độc đáo, mang đến vẻ ngoài cá tính và sống động. Sự kết hợp tinh tế này không chỉ tạo điểm nhấn mà còn phản ánh gu thẩm mỹ đẳng cấp của người sở hữu. Với layout 75% nhỏ gọn nhưng vẫn giữ đủ các phím chức năng quan trọng, M75 TM là sự lựa chọn hoàn hảo cho cả chơi game và làm việc.\n\n**Trải Nghiệm Gõ Phím Tuyệt Hảo:**\nĐược trang bị bộ công tắc Purple Fire V2 Switch độc quyền, AULA M75 TM mang lại cảm giác gõ mượt mà, phản hồi xúc giác rõ ràng và âm thanh êm ái, trầm ấm. Công nghệ Gasket Mount tiên tiến giúp tối ưu hóa độ đàn hồi và giảm thiểu tiếng ồn, biến mỗi cú nhấn phím thành một trải nghiệm đầy thỏa mãn. Cùng với keycap PBT chất lượng cao, chống mòn và chống bóng, đảm bảo độ bền và cảm giác gõ cao cấp theo thời gian.\n\n**Kết Nối Linh Hoạt, Hiệu Năng Vượt Trội:**\nVới khả năng kết nối ba chế độ (Tri-mode): Bluetooth không dây tiện lợi, USB 2.4Ghz tốc độ cao với độ trễ cực thấp cho game thủ, và kết nối USB-C có dây ổn định. Tính năng Hot-swappable cho phép bạn dễ dàng thay đổi các loại switch MX khác nhau mà không cần hàn, tùy chỉnh trải nghiệm gõ theo ý muốn. Hệ thống đèn nền RGB rực rỡ với hàng triệu màu và nhiều hiệu ứng có thể tùy chỉnh qua phần mềm, biến không gian làm việc của bạn thành một bữa tiệc ánh sáng.\n\n**Độ Bền Vượt Thời Gian:**\nKhung bàn phím được chế tác từ hợp kim nhôm nguyên khối không chỉ mang lại vẻ ngoài sang trọng mà còn đảm bảo độ bền bỉ vượt trội. AULA M75 TM (M7503) không chỉ là một bàn phím, mà là người bạn đồng hành đáng tin cậy, nâng tầm mọi trải nghiệm của bạn.',
            24, 'https://product.hstatic.net/200000722513/product/20241023141224-photoroom_a0acf8921d7044dfaf9146258e6cc650.png', '2025-02-06T07:31:17+00:00',1);
        
INSERT INTO product_image (name, product_variant_id, image_url, is_main)
VALUES
    ('Ảnh 1', 266, 'https://product.hstatic.net/200000722513/product/20241023141224-photoroom_a0acf8921d7044dfaf9146258e6cc650.png', TRUE);
---
INSERT INTO product (name, seo_name, brand_id, specifications, description, created_by, image_url) 
    VALUES (
        'Bàn phím AULA M75 TM (Xanh + Trắng + Cam/ Purple Fire V2 Switch) M7502', 'ban-phim-aula-m75-tm-xanh-trang-cam-purple-fire-v2-switch', 22,
        '{"Thông tin sản phẩm": "- Độ bền: 60 triệu lần bấm- Kết nối: 3 mode có dây Type-C & không dây 2.4G & BT- Màu sắc: Xanh + trắng + tím- Keycap PBT Double-Shot- Case hợp kim nhôm- Plate FR4- Đèn nền: LED RGB 16 hiệu ứng- Loại switch: TTC Purple Fire V2 Switch- Hiệu ứng âm thanh khi gõ phím: Linear- Hot-Swap 5 pin- Gasket mount- Mạch xuôi- Số lượng phím: 81 phím- Hành trình phím: 4.0mm- Phím FN đa chức năng- Kích thước bàn phím (L x W x H): 319,5 × 134,4 × 42.7 ± 1 mm- Điện áp/dòng sạc: DC 5V-700mA- Điện áp định mức: DC 3.7V (đầy đủ 4.2V)- Dòng điện định mức: 230mA @3.7V (hiệu ứng ánh sáng mặc định); 15mA (tắt đèn nền)- Giao diện sạc: Type-C- Dung lượng pin: 8000mAh- Thời gian sử dụng sau khi sạc đầy pin: Khoảng 40 giờ (hiệu ứng ánh sáng mặc định)/ 520 giờ (tất cả đèn tắt)- Trọng lượng: Khoảng 1735g- Hệ điều hành tương thích: WINXP/WIN7/WIN8/WIN10/Android/IOS/MAC- Phụ kiện kèm theo: Sách hướng dẫn sử dụng + Dây USB type-C + Dụng cụ thay switch + 2 switch tặng kèm", "- Độ bền": "60 triệu lần bấm- Kết nối: 3 mode có dây Type-C & không dây 2.4G & BT- Màu sắc: Xanh + trắng + tím- Keycap PBT Double-Shot- Case hợp kim nhôm- Plate FR4- Đèn nền: LED RGB 16 hiệu ứng- Loại switch: TTC Purple Fire V2 Switch- Hiệu ứng âm thanh khi gõ phím: Linear- Hot-Swap 5 pin- Gasket mount- Mạch xuôi- Số lượng phím: 81 phím- Hành trình phím: 4.0mm- Phím FN đa chức năng- Kích thước bàn phím (L x W x H): 319,5 × 134,4 × 42.7 ± 1 mm- Điện áp/dòng sạc: DC 5V-700mA- Điện áp định mức: DC 3.7V (đầy đủ 4.2V)- Dòng điện định mức: 230mA @3.7V (hiệu ứng ánh sáng mặc định); 15mA (tắt đèn nền)- Giao diện sạc: Type-C- Dung lượng pin: 8000mAh- Thời gian sử dụng sau khi sạc đầy pin: Khoảng 40 giờ (hiệu ứng ánh sáng mặc định)/ 520 giờ (tất cả đèn tắt)- Trọng lượng: Khoảng 1735g- Hệ điều hành tương thích: WINXP/WIN7/WIN8/WIN10/Android/IOS/MAC- Phụ kiện kèm theo: Sách hướng dẫn sử dụng + Dây USB type-C + Dụng cụ thay switch + 2 switch tặng kèm"}',
        'Chào mừng đến với kỷ nguyên gõ phím mới cùng Bàn phím cơ AULA M75 TM M7502 – một kiệt tác kết hợp hoàn hảo giữa hiệu suất vượt trội, thiết kế tinh xảo và trải nghiệm gõ phím đỉnh cao. Với layout 75% nhỏ gọn nhưng đầy đủ chức năng, M7502 tối ưu hóa không gian bàn làm việc mà không làm mất đi sự tiện lợi của các phím chức năng quan trọng.\n\nSự kết hợp màu sắc độc đáo Xanh + Trắng + Cam mang đến vẻ ngoài tươi mới, trẻ trung và đầy phong cách, biến chiếc bàn phím của bạn thành điểm nhấn ấn tượng. Trái tim của M7502 chính là bộ Switch Purple Fire V2 độc quyền – được thiết kế để mang lại cảm giác gõ êm ái, mượt mà đến khó tin, cùng độ phản hồi nhanh nhạy và âm thanh \"thock\" trầm ấm, đã tai, thỏa mãn mọi giác quan từ những cú chạm đầu tiên.\n\nKhông chỉ dừng lại ở cảm giác gõ, AULA M75 TM M7502 còn gây ấn tượng mạnh với khả năng kết nối Tri-mode linh hoạt: chuyển đổi mượt mà giữa kết nối dây USB-C ổn định, không dây 2.4GHz siêu tốc (với dongle) cho trải nghiệm gaming không độ trễ, và Bluetooth 5.0 tiện lợi cho mọi thiết bị. Cấu trúc Gasket Mount tiên tiến kết hợp cùng nhiều lớp foam tiêu âm (Poron/IXPE) mang lại cảm giác gõ đồng nhất, giảm rung chấn và tạo ra âm thanh gõ cực kỳ dễ chịu.\n\nĐược trang bị keycap PBT Doubleshot siêu bền, chống bóng dầu theo thời gian, cùng hệ thống đèn nền RGB sống động với vô vàn hiệu ứng tùy chỉnh, AULA M75 TM M7502 không chỉ đẹp mà còn cực kỳ bền bỉ. Tính năng Hot-swappable cho phép bạn dễ dàng thay đổi switch theo ý muốn mà không cần hàn, mở ra cánh cửa tùy biến vô tận. Dung lượng pin lớn đảm bảo bạn luôn sẵn sàng cho mọi tác vụ, từ làm việc đến giải trí.\n\nAULA M75 TM M7502 không chỉ là một bàn phím – đó là một tuyên ngôn về phong cách, hiệu suất và sự tinh tế dành cho những ai tìm kiếm sự hoàn hảo.',
        1, 'https://product.hstatic.net/200000722513/product/20241023141013-photoroom_868c618ec074460ab1bfb79e199251fe.png'
    );
INSERT INTO product_category (product_id, category_id) VALUES (267, 28);
INSERT INTO product_variant (
        product_id, name, seo_name, supplier_id, price, price_sale, quantity, sku, model, barcode, 
        specifications, description, warranty, image_url, release_at, created_by)
        VALUES ( 267, 'Bàn phím AULA M75 TM (Xanh + Trắng + Cam/ Purple Fire V2 Switch) M7502', 'ban-phim-aula-m75-tm-xanh-trang-cam-purple-fire-v2-switch',
            1, 0, 3010000, 10, 'KB-AULA-M75-TM-BLUE-WHI-ORA-PUR-FIRE-V2-SW',
            'KB-AULA-M75-TM-BLUE-WHI-ORA-PUR-FIRE-V2-SW', 'KB-AULA-M75-TM-BLUE-WHI-ORA-PUR-FIRE-V2-SW',
            '{"Thông tin sản phẩm": "- Độ bền: 60 triệu lần bấm- Kết nối: 3 mode có dây Type-C & không dây 2.4G & BT- Màu sắc: Xanh + trắng + tím- Keycap PBT Double-Shot- Case hợp kim nhôm- Plate FR4- Đèn nền: LED RGB 16 hiệu ứng- Loại switch: TTC Purple Fire V2 Switch- Hiệu ứng âm thanh khi gõ phím: Linear- Hot-Swap 5 pin- Gasket mount- Mạch xuôi- Số lượng phím: 81 phím- Hành trình phím: 4.0mm- Phím FN đa chức năng- Kích thước bàn phím (L x W x H): 319,5 × 134,4 × 42.7 ± 1 mm- Điện áp/dòng sạc: DC 5V-700mA- Điện áp định mức: DC 3.7V (đầy đủ 4.2V)- Dòng điện định mức: 230mA @3.7V (hiệu ứng ánh sáng mặc định); 15mA (tắt đèn nền)- Giao diện sạc: Type-C- Dung lượng pin: 8000mAh- Thời gian sử dụng sau khi sạc đầy pin: Khoảng 40 giờ (hiệu ứng ánh sáng mặc định)/ 520 giờ (tất cả đèn tắt)- Trọng lượng: Khoảng 1735g- Hệ điều hành tương thích: WINXP/WIN7/WIN8/WIN10/Android/IOS/MAC- Phụ kiện kèm theo: Sách hướng dẫn sử dụng + Dây USB type-C + Dụng cụ thay switch + 2 switch tặng kèm", "- Độ bền": "60 triệu lần bấm- Kết nối: 3 mode có dây Type-C & không dây 2.4G & BT- Màu sắc: Xanh + trắng + tím- Keycap PBT Double-Shot- Case hợp kim nhôm- Plate FR4- Đèn nền: LED RGB 16 hiệu ứng- Loại switch: TTC Purple Fire V2 Switch- Hiệu ứng âm thanh khi gõ phím: Linear- Hot-Swap 5 pin- Gasket mount- Mạch xuôi- Số lượng phím: 81 phím- Hành trình phím: 4.0mm- Phím FN đa chức năng- Kích thước bàn phím (L x W x H): 319,5 × 134,4 × 42.7 ± 1 mm- Điện áp/dòng sạc: DC 5V-700mA- Điện áp định mức: DC 3.7V (đầy đủ 4.2V)- Dòng điện định mức: 230mA @3.7V (hiệu ứng ánh sáng mặc định); 15mA (tắt đèn nền)- Giao diện sạc: Type-C- Dung lượng pin: 8000mAh- Thời gian sử dụng sau khi sạc đầy pin: Khoảng 40 giờ (hiệu ứng ánh sáng mặc định)/ 520 giờ (tất cả đèn tắt)- Trọng lượng: Khoảng 1735g- Hệ điều hành tương thích: WINXP/WIN7/WIN8/WIN10/Android/IOS/MAC- Phụ kiện kèm theo: Sách hướng dẫn sử dụng + Dây USB type-C + Dụng cụ thay switch + 2 switch tặng kèm"}',
            'Chào mừng đến với kỷ nguyên gõ phím mới cùng Bàn phím cơ AULA M75 TM M7502 – một kiệt tác kết hợp hoàn hảo giữa hiệu suất vượt trội, thiết kế tinh xảo và trải nghiệm gõ phím đỉnh cao. Với layout 75% nhỏ gọn nhưng đầy đủ chức năng, M7502 tối ưu hóa không gian bàn làm việc mà không làm mất đi sự tiện lợi của các phím chức năng quan trọng.\n\nSự kết hợp màu sắc độc đáo Xanh + Trắng + Cam mang đến vẻ ngoài tươi mới, trẻ trung và đầy phong cách, biến chiếc bàn phím của bạn thành điểm nhấn ấn tượng. Trái tim của M7502 chính là bộ Switch Purple Fire V2 độc quyền – được thiết kế để mang lại cảm giác gõ êm ái, mượt mà đến khó tin, cùng độ phản hồi nhanh nhạy và âm thanh \"thock\" trầm ấm, đã tai, thỏa mãn mọi giác quan từ những cú chạm đầu tiên.\n\nKhông chỉ dừng lại ở cảm giác gõ, AULA M75 TM M7502 còn gây ấn tượng mạnh với khả năng kết nối Tri-mode linh hoạt: chuyển đổi mượt mà giữa kết nối dây USB-C ổn định, không dây 2.4GHz siêu tốc (với dongle) cho trải nghiệm gaming không độ trễ, và Bluetooth 5.0 tiện lợi cho mọi thiết bị. Cấu trúc Gasket Mount tiên tiến kết hợp cùng nhiều lớp foam tiêu âm (Poron/IXPE) mang lại cảm giác gõ đồng nhất, giảm rung chấn và tạo ra âm thanh gõ cực kỳ dễ chịu.\n\nĐược trang bị keycap PBT Doubleshot siêu bền, chống bóng dầu theo thời gian, cùng hệ thống đèn nền RGB sống động với vô vàn hiệu ứng tùy chỉnh, AULA M75 TM M7502 không chỉ đẹp mà còn cực kỳ bền bỉ. Tính năng Hot-swappable cho phép bạn dễ dàng thay đổi switch theo ý muốn mà không cần hàn, mở ra cánh cửa tùy biến vô tận. Dung lượng pin lớn đảm bảo bạn luôn sẵn sàng cho mọi tác vụ, từ làm việc đến giải trí.\n\nAULA M75 TM M7502 không chỉ là một bàn phím – đó là một tuyên ngôn về phong cách, hiệu suất và sự tinh tế dành cho những ai tìm kiếm sự hoàn hảo.',
            24, 'https://product.hstatic.net/200000722513/product/20241023141013-photoroom_868c618ec074460ab1bfb79e199251fe.png', '2025-02-06T07:31:29+00:00',1);
        
INSERT INTO product_image (name, product_variant_id, image_url, is_main)
VALUES
    ('Ảnh 1', 267, 'https://product.hstatic.net/200000722513/product/20241023141013-photoroom_868c618ec074460ab1bfb79e199251fe.png', TRUE);
---
INSERT INTO product (name, seo_name, brand_id, specifications, description, created_by, image_url) 
    VALUES (
        'Bàn phím AULA F98 PRO TM (Trắng/ Ice Crystal Switch) F98PB', 'ban-phim-aula-f98-pro-tm-trang-ice-crystal-switch', 22,
        '{"- Độ bền phím": "60 triệu lần bấm- Kết nối: 3 mode có dây Type-C & không dây 2.4G & BT- Màu sắc: 2 màu đen trong suốt và trắng trong suốt- Keycap: Nhựa PC trong suốt- Đèn nền: LED RGB- 19 hiệu ứng ánh sáng- Loại switch: Ice crystal switch- Hiệu ứng âm thanh khi gõ phím: Linear- Hot-swap 5 pin- Gasket mount- Núm xoay đa chức năng- Màn hình LED hiển thị thông tin và hình ảnh- Mạch ngược- Số lượng phím: 95 phím- Điện áp/dòng sạc: DC 5V/≦600mA- Điện áp định mức: DC 3.7V- Dung lượng pin: Pin Li-ion có thể sạc lại 4000mAh- Thời gian sử dụng khi sạc đầy pin: ≧ 19 giờ (hiệu ứng ánh sáng mặc định); ≧42 giờ (tắt đèn nền và đèn bên)- Trọng lượng: 1060g- Kích thước (L x W x H): 384,98 × 138,20 × 40,68 ± 0,5mm- Hệ điều hành tương thích: WIN XP7/8/10/Android/IOS/MAC- Phụ kiện kèm theo: Sách hướng dẫn sử dụng + 4 Switch tặng kèm + Dây USB type-C + Dụng cụ thay keycap + Bộ chổi và khăn vệ sinh bàn phím"}',
        'Nâng tầm trải nghiệm gõ phím của bạn lên một đẳng cấp mới với Bàn phím AULA F98 PRO TM (Trắng/ Ice Crystal Switch) F98PB – một tuyệt tác kết hợp hoàn hảo giữa phong cách, hiệu suất và cảm giác gõ độc đáo. Với tông màu trắng tinh khôi, chiếc bàn phím này không chỉ là một công cụ mà còn là một điểm nhấn tinh tế cho không gian làm việc hay giải trí của bạn.\n\nĐiểm nhấn cốt lõi của AULA F98 PRO TM chính là hệ thống Ice Crystal Switch độc quyền. Mỗi phím bấm mang lại cảm giác mượt mà, trong trẻo như pha lê, cùng âm thanh gõ êm ái, thanh thoát nhưng vẫn cực kỳ rõ ràng và phản hồi. Đây là trải nghiệm âm thanh và xúc giác mà mọi tín đồ bàn phím cơ đều khao khát, lý tưởng cho cả những phiên làm việc dài cần sự yên tĩnh lẫn những trận đấu game căng thẳng cần độ chính xác cao.\n\nVới bố cục F98 thông minh, bàn phím tối ưu hóa không gian bàn làm việc trong khi vẫn giữ lại đầy đủ các phím chức năng và numpad tiện lợi. Chất lượng hoàn thiện cao cấp, từ khung sườn chắc chắn đến bộ keycaps bền bỉ, chống bóng dầu hiệu quả, đảm bảo độ bền vượt trội và giữ vững vẻ đẹp như mới theo thời gian. Khả năng kết nối Tri-Mode linh hoạt (Bluetooth, 2.4G không dây và USB-C có dây) cho phép bạn dễ dàng chuyển đổi giữa các thiết bị, mang lại sự tiện lợi tối đa.\n\nNgoài ra, AULA F98 PRO TM còn được trang bị đèn nền RGB rực rỡ với nhiều hiệu ứng ánh sáng đa dạng, cùng phần mềm tùy chỉnh mạnh mẽ giúp bạn cá nhân hóa mọi thứ từ ánh sáng đến gán macro, biến chiếc bàn phím thành người bạn đồng hành hoàn hảo, thể hiện cá tính riêng của bạn. Dù bạn là game thủ chuyên nghiệp, lập trình viên hay chỉ đơn giản là người yêu thích sự hoàn hảo, AULA F98 PRO TM (Trắng/ Ice Crystal Switch) F98PB chắc chắn sẽ là sự lựa chọn không thể bỏ qua.',
        1, 'https://product.hstatic.net/200000722513/product/f98_pro__2___1__111acbd8b1484094879b6e4699b1675e.png'
    );
INSERT INTO product_category (product_id, category_id) VALUES (268, 28);
INSERT INTO product_variant (
        product_id, name, seo_name, supplier_id, price, price_sale, quantity, sku, model, barcode, 
        specifications, description, warranty, image_url, release_at, created_by)
        VALUES ( 268, 'Bàn phím AULA F98 PRO TM (Trắng/ Ice Crystal Switch) F98PB', 'ban-phim-aula-f98-pro-tm-trang-ice-crystal-switch',
            1, 0, 2365000, 10, 'KB-AULA-F98-PRO-TM-WHI-ICE-CRYSTAL-SW',
            'KB-AULA-F98-PRO-TM-WHI-ICE-CRYSTAL-SW', 'KB-AULA-F98-PRO-TM-WHI-ICE-CRYSTAL-SW',
            '{"- Độ bền phím": "60 triệu lần bấm- Kết nối: 3 mode có dây Type-C & không dây 2.4G & BT- Màu sắc: 2 màu đen trong suốt và trắng trong suốt- Keycap: Nhựa PC trong suốt- Đèn nền: LED RGB- 19 hiệu ứng ánh sáng- Loại switch: Ice crystal switch- Hiệu ứng âm thanh khi gõ phím: Linear- Hot-swap 5 pin- Gasket mount- Núm xoay đa chức năng- Màn hình LED hiển thị thông tin và hình ảnh- Mạch ngược- Số lượng phím: 95 phím- Điện áp/dòng sạc: DC 5V/≦600mA- Điện áp định mức: DC 3.7V- Dung lượng pin: Pin Li-ion có thể sạc lại 4000mAh- Thời gian sử dụng khi sạc đầy pin: ≧ 19 giờ (hiệu ứng ánh sáng mặc định); ≧42 giờ (tắt đèn nền và đèn bên)- Trọng lượng: 1060g- Kích thước (L x W x H): 384,98 × 138,20 × 40,68 ± 0,5mm- Hệ điều hành tương thích: WIN XP7/8/10/Android/IOS/MAC- Phụ kiện kèm theo: Sách hướng dẫn sử dụng + 4 Switch tặng kèm + Dây USB type-C + Dụng cụ thay keycap + Bộ chổi và khăn vệ sinh bàn phím"}',
            'Nâng tầm trải nghiệm gõ phím của bạn lên một đẳng cấp mới với Bàn phím AULA F98 PRO TM (Trắng/ Ice Crystal Switch) F98PB – một tuyệt tác kết hợp hoàn hảo giữa phong cách, hiệu suất và cảm giác gõ độc đáo. Với tông màu trắng tinh khôi, chiếc bàn phím này không chỉ là một công cụ mà còn là một điểm nhấn tinh tế cho không gian làm việc hay giải trí của bạn.\n\nĐiểm nhấn cốt lõi của AULA F98 PRO TM chính là hệ thống Ice Crystal Switch độc quyền. Mỗi phím bấm mang lại cảm giác mượt mà, trong trẻo như pha lê, cùng âm thanh gõ êm ái, thanh thoát nhưng vẫn cực kỳ rõ ràng và phản hồi. Đây là trải nghiệm âm thanh và xúc giác mà mọi tín đồ bàn phím cơ đều khao khát, lý tưởng cho cả những phiên làm việc dài cần sự yên tĩnh lẫn những trận đấu game căng thẳng cần độ chính xác cao.\n\nVới bố cục F98 thông minh, bàn phím tối ưu hóa không gian bàn làm việc trong khi vẫn giữ lại đầy đủ các phím chức năng và numpad tiện lợi. Chất lượng hoàn thiện cao cấp, từ khung sườn chắc chắn đến bộ keycaps bền bỉ, chống bóng dầu hiệu quả, đảm bảo độ bền vượt trội và giữ vững vẻ đẹp như mới theo thời gian. Khả năng kết nối Tri-Mode linh hoạt (Bluetooth, 2.4G không dây và USB-C có dây) cho phép bạn dễ dàng chuyển đổi giữa các thiết bị, mang lại sự tiện lợi tối đa.\n\nNgoài ra, AULA F98 PRO TM còn được trang bị đèn nền RGB rực rỡ với nhiều hiệu ứng ánh sáng đa dạng, cùng phần mềm tùy chỉnh mạnh mẽ giúp bạn cá nhân hóa mọi thứ từ ánh sáng đến gán macro, biến chiếc bàn phím thành người bạn đồng hành hoàn hảo, thể hiện cá tính riêng của bạn. Dù bạn là game thủ chuyên nghiệp, lập trình viên hay chỉ đơn giản là người yêu thích sự hoàn hảo, AULA F98 PRO TM (Trắng/ Ice Crystal Switch) F98PB chắc chắn sẽ là sự lựa chọn không thể bỏ qua.',
            24, 'https://product.hstatic.net/200000722513/product/f98_pro__2___1__111acbd8b1484094879b6e4699b1675e.png', '2025-02-06T04:00:31+00:00',1);
        
INSERT INTO product_image (name, product_variant_id, image_url, is_main)
VALUES
    ('Ảnh 1', 268, 'https://product.hstatic.net/200000722513/product/f98_pro__2___1__111acbd8b1484094879b6e4699b1675e.png', TRUE),
    ('Ảnh 2', 268, 'https://product.hstatic.net/200000722513/product/f98_pro__2__c2b0df13e0ef46e1a5d2e84e95f0afa0.png', FALSE),
    ('Ảnh 3', 268, 'https://product.hstatic.net/200000722513/product/f98_pro__4__2aebeaa362ec42b1b16c2737136db01c.png', FALSE),
    ('Ảnh 4', 268, 'https://product.hstatic.net/200000722513/product/f98_pro__1__d24cf970f4f94b0581ccc0bc18505d3b.png', FALSE),
    ('Ảnh 5', 268, 'https://product.hstatic.net/200000722513/product/f98_pro__10___1__880422cac6694404b25b8c9563094492.png', FALSE),
    ('Ảnh 6', 268, 'https://product.hstatic.net/200000722513/product/f98_pro__8_-photoroom_a932af462b49452795d4e26c44dbc3a3.png', FALSE);
---
INSERT INTO product (name, seo_name, brand_id, specifications, description, created_by, image_url) 
    VALUES (
        'Bàn phím AULA F98 PRO TM (Đen/ Ice Crystal Switch) F9801', 'ban-phim-aula-f98-pro-tm-den-ice-crystal-switch', 22,
        '{"- Độ bền phím": "60 triệu lần bấm- Kết nối: 3 mode có dây Type-C & không dây 2.4G & BT- Màu sắc: 2 màu đen trong suốt và trắng trong suốt- Keycap: Nhựa PC trong suốt- Đèn nền: LED RGB- 19 hiệu ứng ánh sáng- Loại switch: Ice crystal switch- Hiệu ứng âm thanh khi gõ phím: Linear- Hot-swap 5 pin- Gasket mount- Núm xoay đa chức năng- Màn hình LED hiển thị thông tin và hình ảnh- Mạch ngược- Số lượng phím: 95 phím- Điện áp/dòng sạc: DC 5V/≦600mA- Điện áp định mức: DC 3.7V- Dung lượng pin: Pin Li-ion có thể sạc lại 4000mAh- Thời gian sử dụng khi sạc đầy pin: ≧ 19 giờ (hiệu ứng ánh sáng mặc định); ≧42 giờ (tắt đèn nền và đèn bên)- Trọng lượng: 1060g- Kích thước (L x W x H): 384,98 × 138,20 × 40,68 ± 0,5mm- Hệ điều hành tương thích: WIN XP7/8/10/Android/IOS/MAC- Phụ kiện kèm theo: Sách hướng dẫn sử dụng + 4 Switch tặng kèm + Dây USB type-C + Dụng cụ thay keycap + Bộ chổi và khăn vệ sinh bàn phím"}',
        'Khám phá đỉnh cao của trải nghiệm gõ phím với Bàn phím AULA F98 PRO TM (Đen/ Ice Crystal Switch) F9801 – nơi hiệu suất vượt trội gặp gỡ vẻ đẹp tinh tế. Được thiết kế dành cho những ai tìm kiếm sự hoàn hảo trong từng lần nhấn, F9801 là một tuyệt tác công nghệ và thẩm mỹ.\n\nVới layout F98 (98%) nhỏ gọn nhưng đầy đủ chức năng, chiếc bàn phím này tối ưu hóa không gian bàn làm việc mà vẫn giữ trọn vẹn các phím cần thiết. Màu đen sang trọng kết hợp cùng thiết kế hiện đại mang đến vẻ ngoài chuyên nghiệp, mạnh mẽ.\n\nĐiểm nhấn đặc biệt chính là bộ Switch Ice Crystal độc quyền. Được tinh chỉnh để mang lại cảm giác gõ mượt mà như lướt trên băng, độ phản hồi cực kỳ nhạy bén và âm thanh trong trẻo, êm ái, những chiếc switch này sẽ biến mỗi cú gõ thành một trải nghiệm đầy thỏa mãn, lý tưởng cho cả game thủ yêu cầu tốc độ và người dùng văn phòng cần sự yên tĩnh.\n\nAULA F98 PRO TM đảm bảo sự linh hoạt tối đa với công nghệ kết nối ba chế độ: có dây USB-C tiện lợi, không dây 2.4G tốc độ cao và Bluetooth ổn định, cho phép bạn dễ dàng chuyển đổi giữa các thiết bị. Keycaps PBT Double-shot cao cấp không chỉ bền bỉ, chống bóng mờ mà còn giữ cho ký tự luôn sắc nét, thách thức thời gian.\n\nBên trong, cấu trúc Gasket Mount tân tiến cùng foam tiêu âm đa lớp giúp giảm thiểu tiếng ồn và tạo ra âm thanh gõ trầm ấm, êm ái hơn. Tính năng Hot-swappable cho phép bạn dễ dàng thay đổi switch mà không cần hàn, thỏa sức tùy chỉnh cảm giác gõ theo ý muốn. Hệ thống đèn nền RGB sống động với nhiều chế độ tùy chỉnh sẽ thắp sáng không gian làm việc và giải trí của bạn.\n\nBàn phím AULA F98 PRO TM F9801 không chỉ là một công cụ, mà là một tuyên ngôn về phong cách và hiệu suất cá nhân. Nâng tầm trải nghiệm gõ phím của bạn lên một đẳng cấp mới ngay hôm nay!',
        1, 'https://product.hstatic.net/200000722513/product/f98_pro__1___1__a2d789d51ec243de979b0f0afb963b28.png'
    );
INSERT INTO product_category (product_id, category_id) VALUES (269, 28);
INSERT INTO product_variant (
        product_id, name, seo_name, supplier_id, price, price_sale, quantity, sku, model, barcode, 
        specifications, description, warranty, image_url, release_at, created_by)
        VALUES ( 269, 'Bàn phím AULA F98 PRO TM (Đen/ Ice Crystal Switch) F9801', 'ban-phim-aula-f98-pro-tm-den-ice-crystal-switch',
            1, 0, 2365000, 10, 'KB-AULA-F98-PRO-TM-BLK-ICE-CRYSTAL-SW',
            'KB-AULA-F98-PRO-TM-BLK-ICE-CRYSTAL-SW', 'KB-AULA-F98-PRO-TM-BLK-ICE-CRYSTAL-SW',
            '{"- Độ bền phím": "60 triệu lần bấm- Kết nối: 3 mode có dây Type-C & không dây 2.4G & BT- Màu sắc: 2 màu đen trong suốt và trắng trong suốt- Keycap: Nhựa PC trong suốt- Đèn nền: LED RGB- 19 hiệu ứng ánh sáng- Loại switch: Ice crystal switch- Hiệu ứng âm thanh khi gõ phím: Linear- Hot-swap 5 pin- Gasket mount- Núm xoay đa chức năng- Màn hình LED hiển thị thông tin và hình ảnh- Mạch ngược- Số lượng phím: 95 phím- Điện áp/dòng sạc: DC 5V/≦600mA- Điện áp định mức: DC 3.7V- Dung lượng pin: Pin Li-ion có thể sạc lại 4000mAh- Thời gian sử dụng khi sạc đầy pin: ≧ 19 giờ (hiệu ứng ánh sáng mặc định); ≧42 giờ (tắt đèn nền và đèn bên)- Trọng lượng: 1060g- Kích thước (L x W x H): 384,98 × 138,20 × 40,68 ± 0,5mm- Hệ điều hành tương thích: WIN XP7/8/10/Android/IOS/MAC- Phụ kiện kèm theo: Sách hướng dẫn sử dụng + 4 Switch tặng kèm + Dây USB type-C + Dụng cụ thay keycap + Bộ chổi và khăn vệ sinh bàn phím"}',
            'Khám phá đỉnh cao của trải nghiệm gõ phím với Bàn phím AULA F98 PRO TM (Đen/ Ice Crystal Switch) F9801 – nơi hiệu suất vượt trội gặp gỡ vẻ đẹp tinh tế. Được thiết kế dành cho những ai tìm kiếm sự hoàn hảo trong từng lần nhấn, F9801 là một tuyệt tác công nghệ và thẩm mỹ.\n\nVới layout F98 (98%) nhỏ gọn nhưng đầy đủ chức năng, chiếc bàn phím này tối ưu hóa không gian bàn làm việc mà vẫn giữ trọn vẹn các phím cần thiết. Màu đen sang trọng kết hợp cùng thiết kế hiện đại mang đến vẻ ngoài chuyên nghiệp, mạnh mẽ.\n\nĐiểm nhấn đặc biệt chính là bộ Switch Ice Crystal độc quyền. Được tinh chỉnh để mang lại cảm giác gõ mượt mà như lướt trên băng, độ phản hồi cực kỳ nhạy bén và âm thanh trong trẻo, êm ái, những chiếc switch này sẽ biến mỗi cú gõ thành một trải nghiệm đầy thỏa mãn, lý tưởng cho cả game thủ yêu cầu tốc độ và người dùng văn phòng cần sự yên tĩnh.\n\nAULA F98 PRO TM đảm bảo sự linh hoạt tối đa với công nghệ kết nối ba chế độ: có dây USB-C tiện lợi, không dây 2.4G tốc độ cao và Bluetooth ổn định, cho phép bạn dễ dàng chuyển đổi giữa các thiết bị. Keycaps PBT Double-shot cao cấp không chỉ bền bỉ, chống bóng mờ mà còn giữ cho ký tự luôn sắc nét, thách thức thời gian.\n\nBên trong, cấu trúc Gasket Mount tân tiến cùng foam tiêu âm đa lớp giúp giảm thiểu tiếng ồn và tạo ra âm thanh gõ trầm ấm, êm ái hơn. Tính năng Hot-swappable cho phép bạn dễ dàng thay đổi switch mà không cần hàn, thỏa sức tùy chỉnh cảm giác gõ theo ý muốn. Hệ thống đèn nền RGB sống động với nhiều chế độ tùy chỉnh sẽ thắp sáng không gian làm việc và giải trí của bạn.\n\nBàn phím AULA F98 PRO TM F9801 không chỉ là một công cụ, mà là một tuyên ngôn về phong cách và hiệu suất cá nhân. Nâng tầm trải nghiệm gõ phím của bạn lên một đẳng cấp mới ngay hôm nay!',
            24, 'https://product.hstatic.net/200000722513/product/f98_pro__1___1__a2d789d51ec243de979b0f0afb963b28.png', '2025-02-06T04:00:42+00:00',1);
        
INSERT INTO product_image (name, product_variant_id, image_url, is_main)
VALUES
    ('Ảnh 1', 269, 'https://product.hstatic.net/200000722513/product/f98_pro__1___1__a2d789d51ec243de979b0f0afb963b28.png', TRUE),
    ('Ảnh 2', 269, 'https://product.hstatic.net/200000722513/product/f98_pro__5__a6d19a7a4f0a45c2845dfc0ff7a71525.png', FALSE),
    ('Ảnh 3', 269, 'https://product.hstatic.net/200000722513/product/f98_pro__12__3e62617f59fc435a9755644ce33447f5.png', FALSE),
    ('Ảnh 4', 269, 'https://product.hstatic.net/200000722513/product/f98_pro__8__5f7c9e88f55042db9523d2b172488af0.png', FALSE),
    ('Ảnh 5', 269, 'https://product.hstatic.net/200000722513/product/f98_pro__8_-photoroom_065ff9de3bb94c9ebb5b54a496b25e9d.png', FALSE);
---
INSERT INTO product (name, seo_name, brand_id, specifications, description, created_by, image_url) 
    VALUES (
        'Bàn phím AULA F99 (Xám + Trắng + Xám đậm/ Grey Wood V3 Switch) F99GWG', 'ban-phim-aula-f99-xam-trang-xam-dam-grey-wood-v3-switch', 22,
        '{"Bàn phím được trang bị 3 chế độ kết nối": "USB, Bluetooth và 2.4G wireless. Điều này giúp người dùng dễ dàng tùy chỉnh theo nhu cầu sử dụng, từ việc kết nối vớimáy tínhđể bàn đến các thiết bị di động khác nhau."}',
        'Bàn phím AULA F99 là một sản phẩm nổi bật trong dòngbàn phím cơgaming, mang đến cho người dùng nhiều công nghệ hiện đại và thiết kế tinh tế. Với màu sắc xám, trắng và xám đậm, cùng với switch Grey Wood, AULA F99 không chỉ nổi bật về ngoại hình mà còn về chất lượng và hiệu suất. Dưới đây là những đặc điểm nổi bật mà sản phẩm này mang lại cho người dùng.',
        1, 'https://product.hstatic.net/200000722513/product/aula-f99-ban-phim-co-gaming-phie__4__ed871a5fa0c14f11b2e95504781e2c8f.png'
    );
INSERT INTO product_category (product_id, category_id) VALUES (270, 28);
INSERT INTO product_variant (
        product_id, name, seo_name, supplier_id, price, price_sale, quantity, sku, model, barcode, 
        specifications, description, warranty, image_url, release_at, created_by)
        VALUES ( 270, 'Bàn phím AULA F99 (Xám + Trắng + Xám đậm/ Grey Wood V3 Switch) F99GWG', 'ban-phim-aula-f99-xam-trang-xam-dam-grey-wood-v3-switch',
            1, 2150000, 1490000, 10, 'KB-AULA-F99-GREY-WHI-GREY-WOOD-V3-SW',
            'KB-AULA-F99-GREY-WHI-GREY-WOOD-V3-SW', 'KB-AULA-F99-GREY-WHI-GREY-WOOD-V3-SW',
            '{"Bàn phím được trang bị 3 chế độ kết nối": "USB, Bluetooth và 2.4G wireless. Điều này giúp người dùng dễ dàng tùy chỉnh theo nhu cầu sử dụng, từ việc kết nối vớimáy tínhđể bàn đến các thiết bị di động khác nhau."}',
            'Bàn phím AULA F99 là một sản phẩm nổi bật trong dòngbàn phím cơgaming, mang đến cho người dùng nhiều công nghệ hiện đại và thiết kế tinh tế. Với màu sắc xám, trắng và xám đậm, cùng với switch Grey Wood, AULA F99 không chỉ nổi bật về ngoại hình mà còn về chất lượng và hiệu suất. Dưới đây là những đặc điểm nổi bật mà sản phẩm này mang lại cho người dùng.',
            24, 'https://product.hstatic.net/200000722513/product/aula-f99-ban-phim-co-gaming-phie__4__ed871a5fa0c14f11b2e95504781e2c8f.png', '2025-02-04T09:39:02+00:00',1);
        
INSERT INTO product_image (name, product_variant_id, image_url, is_main)
VALUES
    ('Ảnh 1', 270, 'https://product.hstatic.net/200000722513/product/aula-f99-ban-phim-co-gaming-phie__4__ed871a5fa0c14f11b2e95504781e2c8f.png', TRUE),
    ('Ảnh 2', 270, 'https://product.hstatic.net/200000722513/product/aula-f99-ban-phim-co-gaming-phie__7__9f2fc1d750344a028ab81989e97ccace.png', FALSE),
    ('Ảnh 3', 270, 'https://product.hstatic.net/200000722513/product/aula-f99-ban-phim-co-gaming-phie__5__a3bc010a510a4006b582829c3a1126fd.png', FALSE),
    ('Ảnh 4', 270, 'https://product.hstatic.net/200000722513/product/aula-f99-ban-phim-co-gaming-phie__6__1e2e503476ea46a2acf07eccf2fcfbcf.png', FALSE);
---
INSERT INTO product (name, seo_name, brand_id, specifications, description, created_by, image_url) 
    VALUES (
        'Bàn phím AKKO MOD007B-HE PC Tokyo Sakura Pink Magnetic Switch', 'ban-phim-akko-mod007b-he-pc-tokyo-sakura-pink-magnetic-switch', 4,
        '{}',
        'Bàn phím AKKO MOD007B-HE PC Tokyo Sakura Cream Yellow Magnetic Switch là một trong những sản phẩm nổi bật nhất củaAKKO, được thiết kế đặc biệt phù hợp với nhu cầu của người dùng yêu thích sự tinh tế và công nghệ tiên tiến trong việc sử dụng bàn phím. Hãy cùng tìm hiểu chi tiết hơn về sản phẩm này qua bài đánh giá phía dưới.Bàn phím AKKO MOD007B-HE không chỉ thu hút người dùng bởi thiết kế đẹp mắt mà còn bởi những tính năng tiên tiến. Với công nghệ switch từ tính, sản phẩm hứa hẹn sẽ mang đến trải nghiệm gõ phím mượt mà và êm ái. Mỗi chi tiết trênbàn phímđược chăm chút tỉ mỉ, từ keycap đến khung bàn phím, mang đến không chỉ tính thẩm mỹ mà còn chức năng tối ưu nhất cho người dùng.Công nghệ Switch từ tínhBàn phím AKKO MOD007B-HE được trang bịswitchtừ tính, một trong những tính năng nổi bật giúp tăng cường phần cảm giác gõ. Công nghệ này không chỉ mang đến độ bền cao mà còn giúp giảm thiểu tiếng ồn khi gõ, làm cho nó trở thành sự lựa chọn lý tưởng cho cả văn phòng lẫn gaming.Thiết kế tinh tế và sang trọngVới tông màu Cream Yellow cùng họa tiết Tokyo Sakura độc đáo, bàn phím này không chỉ đơn thuần là một công cụ mà còn là một món đồ trang trí ấn tượng cho bàn làm việc của bạn. Thiết kế nhỏ gọn, hiện đại giúp dễ dàng mang theo khi di chuyển.Keycap chất lượng caoKeycap của AKKO MOD007B-HE được làm từchất liệu PBT cao cấp, cho cảm giác thoải mái khi gõ và độ bền vượt trội. Bề mặtkeycapđược xử lý chống mài mòn, giữ cho độ sáng bóng lâu dài và hạn chế bám dấu vân tay.Tùy chỉnh đèn LED RGBBàn phím hỗ trợ hệ thống đèn LED RGB tùy chỉnh, cho phép người dùng dễ dàng chọn lựa các hiệu ứng ánh sáng phù hợp với sở thích cá nhân. Điều này không chỉ giúp tạo ra không gian làm việc vui vẻ hơn mà còn tăng cường trải nghiệm chơi game.Hỗ trợ gõ nhiều ngôn ngữVới khả năng hỗ trợ gõ nhiều ngôn ngữ, AKKO MOD007B-HE rất phù hợp cho những người làm việc trong môi trường đa quốc gia hoặc cần sử dụng ngôn ngữ khác nhau trong công việc hàng ngày.Bàn phím AKKO MOD007B-HE PC Tokyo Sakura Cream Yellow Magnetic Switch là một lựa chọn tuyệt vời cho những ai tìm kiếm sự kết hợp giữa tính năng, thiết kế và trải nghiệm người dùng. Với những đặc tính nổi bật như công nghệ switch từ tính, thiết kế tính tế, chất liệu keycap cao cấp và tính năng tùy chỉnh phong phú, sản phẩm này hứa hẹn sẽ không làm bạn thất vọng. Hãy trải nghiệm sản phẩm và cảm nhận sự khác biệt mà nó mang lại cho công việc và sở thích của bạn!',
        1, 'https://product.hstatic.net/200000722513/product/multi-modes-3-1_573bbaf7ab224d90ae0e03cba1e0dc1f.png'
    );
INSERT INTO product_category (product_id, category_id) VALUES (271, 28);
INSERT INTO product_variant (
        product_id, name, seo_name, supplier_id, price, price_sale, quantity, sku, model, barcode, 
        specifications, description, warranty, image_url, release_at, created_by)
        VALUES ( 271, 'Bàn phím AKKO MOD007B-HE PC Tokyo Sakura Pink Magnetic Switch', 'ban-phim-akko-mod007b-he-pc-tokyo-sakura-pink-magnetic-switch',
            1, 3490000, 2390000, 10, 'KB-AKKO-MOD007B-HE-PC-TOKYO-SAKURA-PINK-MAG-SW',
            'KB-AKKO-MOD007B-HE-PC-TOKYO-SAKURA-PINK-MAG-SW', 'KB-AKKO-MOD007B-HE-PC-TOKYO-SAKURA-PINK-MAG-SW',
            '{}',
            'Bàn phím AKKO MOD007B-HE PC Tokyo Sakura Cream Yellow Magnetic Switch là một trong những sản phẩm nổi bật nhất củaAKKO, được thiết kế đặc biệt phù hợp với nhu cầu của người dùng yêu thích sự tinh tế và công nghệ tiên tiến trong việc sử dụng bàn phím. Hãy cùng tìm hiểu chi tiết hơn về sản phẩm này qua bài đánh giá phía dưới.Bàn phím AKKO MOD007B-HE không chỉ thu hút người dùng bởi thiết kế đẹp mắt mà còn bởi những tính năng tiên tiến. Với công nghệ switch từ tính, sản phẩm hứa hẹn sẽ mang đến trải nghiệm gõ phím mượt mà và êm ái. Mỗi chi tiết trênbàn phímđược chăm chút tỉ mỉ, từ keycap đến khung bàn phím, mang đến không chỉ tính thẩm mỹ mà còn chức năng tối ưu nhất cho người dùng.Công nghệ Switch từ tínhBàn phím AKKO MOD007B-HE được trang bịswitchtừ tính, một trong những tính năng nổi bật giúp tăng cường phần cảm giác gõ. Công nghệ này không chỉ mang đến độ bền cao mà còn giúp giảm thiểu tiếng ồn khi gõ, làm cho nó trở thành sự lựa chọn lý tưởng cho cả văn phòng lẫn gaming.Thiết kế tinh tế và sang trọngVới tông màu Cream Yellow cùng họa tiết Tokyo Sakura độc đáo, bàn phím này không chỉ đơn thuần là một công cụ mà còn là một món đồ trang trí ấn tượng cho bàn làm việc của bạn. Thiết kế nhỏ gọn, hiện đại giúp dễ dàng mang theo khi di chuyển.Keycap chất lượng caoKeycap của AKKO MOD007B-HE được làm từchất liệu PBT cao cấp, cho cảm giác thoải mái khi gõ và độ bền vượt trội. Bề mặtkeycapđược xử lý chống mài mòn, giữ cho độ sáng bóng lâu dài và hạn chế bám dấu vân tay.Tùy chỉnh đèn LED RGBBàn phím hỗ trợ hệ thống đèn LED RGB tùy chỉnh, cho phép người dùng dễ dàng chọn lựa các hiệu ứng ánh sáng phù hợp với sở thích cá nhân. Điều này không chỉ giúp tạo ra không gian làm việc vui vẻ hơn mà còn tăng cường trải nghiệm chơi game.Hỗ trợ gõ nhiều ngôn ngữVới khả năng hỗ trợ gõ nhiều ngôn ngữ, AKKO MOD007B-HE rất phù hợp cho những người làm việc trong môi trường đa quốc gia hoặc cần sử dụng ngôn ngữ khác nhau trong công việc hàng ngày.Bàn phím AKKO MOD007B-HE PC Tokyo Sakura Cream Yellow Magnetic Switch là một lựa chọn tuyệt vời cho những ai tìm kiếm sự kết hợp giữa tính năng, thiết kế và trải nghiệm người dùng. Với những đặc tính nổi bật như công nghệ switch từ tính, thiết kế tính tế, chất liệu keycap cao cấp và tính năng tùy chỉnh phong phú, sản phẩm này hứa hẹn sẽ không làm bạn thất vọng. Hãy trải nghiệm sản phẩm và cảm nhận sự khác biệt mà nó mang lại cho công việc và sở thích của bạn!',
            12, 'https://product.hstatic.net/200000722513/product/multi-modes-3-1_573bbaf7ab224d90ae0e03cba1e0dc1f.png', '2025-01-21T06:44:18+00:00',1);
        
INSERT INTO product_image (name, product_variant_id, image_url, is_main)
VALUES
    ('Ảnh 1', 271, 'https://product.hstatic.net/200000722513/product/multi-modes-3-1_573bbaf7ab224d90ae0e03cba1e0dc1f.png', TRUE),
    ('Ảnh 2', 271, 'https://product.hstatic.net/200000722513/product/__-1_3a8c5ee67fc34b69b016e7a8c2f0abb1.png', FALSE),
    ('Ảnh 3', 271, 'https://product.hstatic.net/200000722513/product/__-1_69cf960a0e254dfdaee5e6c1f3221371.png', FALSE),
    ('Ảnh 4', 271, 'https://product.hstatic.net/200000722513/product/__-1_4cfed342bcbd43cc8fa0bfafe52ba250.png', FALSE);
---
INSERT INTO product (name, seo_name, brand_id, specifications, description, created_by, image_url) 
    VALUES (
        'Bàn phím AULA F99 (Xanh dương + Trắng + Tím / Grey Wood V3 switch) F99BWP', 'ban-phim-aula-f99-xanh-duong-trang-tim-grey-wood-v3-switch-1', 22,
        '{"Bàn phím cơ Aula F99 không chỉ gây ấn tượng với thiết kế và trải nghiệm gõ phím, mà còn vượt trội về đa dạng các kết nối, mang đến sự tiện lợi cho mọi nhu cầu. Sản phẩm&nbsp;được trang bị ba phương thức kết nối linh hoạt và tiện lợi": "Kết nối có dây (Wired), Bluetooth và Kết nối 2.4GHz. Nhờ ba chế độ kết nối linh hoạt này, bàn phím AULA F99 giúp người dùng có thể thích ứng trong mọi tình huống."}',
        'Việc tìm kiếm một sản phẩm vừa có thiết kế đẹp mắt, vừa mang lại trải nghiệm gõ phím tốt và giá cả phải chăng trong thế giới bàn phím cơ đa dạng là điều khá khó khăn. Tuy nhiên hôm nay, GearVN muốn gợi ý cho bạn bàn phím AULA F99 với phiên bản phối màu Xanh dương + Trắng + Tím và switch Grey Wood V3, chắc chắn sẽ đáp ứng được các mong muốn của bạn.',
        1, 'https://product.hstatic.net/200000722513/product/aula-f99-ban-phim-co-gaming-phie-photoroom_e74045273f9a4e278c966611fc132659.png'
    );
INSERT INTO product_category (product_id, category_id) VALUES (272, 28);
INSERT INTO product_variant (
        product_id, name, seo_name, supplier_id, price, price_sale, quantity, sku, model, barcode, 
        specifications, description, warranty, image_url, release_at, created_by)
        VALUES ( 272, 'Bàn phím AULA F99 (Xanh dương + Trắng + Tím / Grey Wood V3 switch) F99BWP', 'ban-phim-aula-f99-xanh-duong-trang-tim-grey-wood-v3-switch-1',
            1, 2150000, 1490000, 10, 'KB-AULA-F99-BLUE-WHI-GREY-WOOD-V3-SW',
            'KB-AULA-F99-BLUE-WHI-GREY-WOOD-V3-SW', 'KB-AULA-F99-BLUE-WHI-GREY-WOOD-V3-SW',
            '{"Bàn phím cơ Aula F99 không chỉ gây ấn tượng với thiết kế và trải nghiệm gõ phím, mà còn vượt trội về đa dạng các kết nối, mang đến sự tiện lợi cho mọi nhu cầu. Sản phẩm&nbsp;được trang bị ba phương thức kết nối linh hoạt và tiện lợi": "Kết nối có dây (Wired), Bluetooth và Kết nối 2.4GHz. Nhờ ba chế độ kết nối linh hoạt này, bàn phím AULA F99 giúp người dùng có thể thích ứng trong mọi tình huống."}',
            'Việc tìm kiếm một sản phẩm vừa có thiết kế đẹp mắt, vừa mang lại trải nghiệm gõ phím tốt và giá cả phải chăng trong thế giới bàn phím cơ đa dạng là điều khá khó khăn. Tuy nhiên hôm nay, GearVN muốn gợi ý cho bạn bàn phím AULA F99 với phiên bản phối màu Xanh dương + Trắng + Tím và switch Grey Wood V3, chắc chắn sẽ đáp ứng được các mong muốn của bạn.',
            24, 'https://product.hstatic.net/200000722513/product/aula-f99-ban-phim-co-gaming-phie-photoroom_e74045273f9a4e278c966611fc132659.png', '2025-01-15T09:38:22+00:00',1);
        
INSERT INTO product_image (name, product_variant_id, image_url, is_main)
VALUES
    ('Ảnh 1', 272, 'https://product.hstatic.net/200000722513/product/aula-f99-ban-phim-co-gaming-phie-photoroom_e74045273f9a4e278c966611fc132659.png', TRUE),
    ('Ảnh 2', 272, 'https://product.hstatic.net/200000722513/product/aula-f99-ban-phim-co-gaming-phie__2_-photoroom_0a45b951cf7b48d0b1be9df69bd41831.png', FALSE),
    ('Ảnh 3', 272, 'https://product.hstatic.net/200000722513/product/aula-f99-ban-phim-co-gaming-phie__1_-photoroom_41fb0f9bad4140c6a1198109469dbb01.png', FALSE),
    ('Ảnh 4', 272, 'https://product.hstatic.net/200000722513/product/aula-f99-ban-phim-co-gaming-phie__3_-photoroom_74fc8206add8475597249d649cbed718.png', FALSE);
---
INSERT INTO product (name, seo_name, brand_id, specifications, description, created_by, image_url) 
    VALUES (
        'Bàn phím cơ Mountain Everest MAX Xám MX Brown Switch', 'ban-phim-co-mountain-everest-max-xam-mx-brown-switch-1', 39,
        '{}',
        'Khi công nghệ và thiết kế gặp nhau, kết quả là Everest Max - một kiệt tác của sự sáng tạo và tùy biến. Đây không chỉ là một bàn phím cơ thông thường, đây là một trải nghiệm cá nhân đỉnh cao, nơi mỗi chi tiết đều được thiết kế để phản ánh phong cách và nhu cầu của bạn. Cùng GEARVN khám phá từng khía cạnh từ thiết kế đến những chức năng đỉnh cao và xem thế nào mà Everest Max có thể nâng cấp không gian làm việc của bạn.',
        1, 'https://product.hstatic.net/200000722513/product/71105_ban_phim_gaming_mountain_everest_max_gray_1__1__ef75e9a656184ab19f263ab9eebfad4b.jpg'
    );
INSERT INTO product_category (product_id, category_id) VALUES (273, 28);
INSERT INTO product_variant (
        product_id, name, seo_name, supplier_id, price, price_sale, quantity, sku, model, barcode, 
        specifications, description, warranty, image_url, release_at, created_by)
        VALUES ( 273, 'Bàn phím cơ Mountain Everest MAX Xám MX Brown Switch', 'ban-phim-co-mountain-everest-max-xam-mx-brown-switch-1',
            1, 7990000, 2290000, 10, 'KB-MOUNTAIN-EVER-MAX-GREY-BROWN',
            'KB-MOUNTAIN-EVER-MAX-GREY-BROWN', 'KB-MOUNTAIN-EVER-MAX-GREY-BROWN',
            '{}',
            'Khi công nghệ và thiết kế gặp nhau, kết quả là Everest Max - một kiệt tác của sự sáng tạo và tùy biến. Đây không chỉ là một bàn phím cơ thông thường, đây là một trải nghiệm cá nhân đỉnh cao, nơi mỗi chi tiết đều được thiết kế để phản ánh phong cách và nhu cầu của bạn. Cùng GEARVN khám phá từng khía cạnh từ thiết kế đến những chức năng đỉnh cao và xem thế nào mà Everest Max có thể nâng cấp không gian làm việc của bạn.',
            12, 'https://product.hstatic.net/200000722513/product/71105_ban_phim_gaming_mountain_everest_max_gray_1__1__ef75e9a656184ab19f263ab9eebfad4b.jpg', '2025-01-09T13:15:39+00:00',1);
        
INSERT INTO product_image (name, product_variant_id, image_url, is_main)
VALUES
    ('Ảnh 1', 273, 'https://product.hstatic.net/200000722513/product/71105_ban_phim_gaming_mountain_everest_max_gray_1__1__ef75e9a656184ab19f263ab9eebfad4b.jpg', TRUE),
    ('Ảnh 2', 273, 'https://product.hstatic.net/200000722513/product/71105_ban_phim_gaming_mountain_everest_max_gray_3_1f5a723e40844b33a6522cf49e17560c.jpg', FALSE),
    ('Ảnh 3', 273, 'https://product.hstatic.net/200000722513/product/71105_ban_phim_gaming_mountain_everest_max_gray_4_d74deb017199413cb7f9973b5482c9c8.jpg', FALSE),
    ('Ảnh 4', 273, 'https://product.hstatic.net/200000722513/product/71105_ban_phim_gaming_mountain_everest_max_gray_2_24cc12c093d0462dbdf3a25f4f4d4e51.jpg', FALSE);
---
INSERT INTO product (name, seo_name, brand_id, specifications, description, created_by, image_url) 
    VALUES (
        'Bàn phím AULA F99 PRO (Xám + Đen Gradient/ Star Vector switch) F9911', 'ban-phim-aula-f99-pro-xam-den-gradient-star-vector-switch', 22,
        '{"- Độ bền": "60 triệu lần bấm- Kết nối: 3 mode có dây Type-C & không dây 2.4G & BT- Màu sắc: Xám + đen gradient- Keycap PBT Double-Shot- Đèn nền: LED RGB 16,8 triệu màu- Loại switch: Star Vector switch- Hiệu ứng âm thanh khi gõ phím: Linear- Hot-Swap 5 pin- Gasket mount- Núm xoay đa chức năng- Mạch xuôi- Số lượng phím: 99 phím- Hành trình phím: 4.0mm- Điện áp/dòng sạc: DC 5V-1250mA- Điện áp định mức: DC 3.7V (đầy đủ 4.2V)- Dòng điện định mức: 250mA @3.7V (hiệu ứng ánh sáng mặc định); 20mA (tắt đèn nền)- Dung lượng pin: Pin lithium 8000mAh có thể sạc lại (2x4000mAh)- Thời gian sử dụng sau khi sạc đầy pin: Khoảng 32H (hiệu ứng ánh sáng mặc định) Khoảng 400H (tắt tất cả đèn)- Tốc độ phản hồi: Chế độ có dây 1000Hz, chế độ 2.4G 1000Hz, chế độ Bluetooth 125Hz.- Giao diện sạc: Type-C- Kích thước bàn phím (L x W x H): 406.76 × 139.31 × 43.28 ± 0.1 mm- Trọng lượng: Khoảng 1205g (không có cáp/bộ thu)/ 1254g (với cáp/bộ thu)- Phím FN đa chức năng- Hệ điều hành tương thích: WINXP/WIN7/WIN8/WIN10/Android/IOS/MAC- - Phụ kiện kèm theo: Sách hướng dẫn sử dụng + Dây USB type-C + Dụng cụ thay switch + Switch tặng kèm (1-4 chiếc)"}',
        'Nâng tầm không gian làm việc và giải trí của bạn với Bàn phím AULA F99 PRO F9911, một kiệt tác của sự kết hợp giữa hiệu năng đỉnh cao và thiết kế tinh tế. Với phối màu Xám + Đen Gradient độc đáo, F99 PRO không chỉ là một công cụ, mà còn là một tuyên ngôn phong cách, mang đến vẻ ngoài sang trọng và hiện đại cho mọi setup. Trái tim của F99 PRO chính là hệ thống Star Vector switch độc quyền, được thiết kế để mang lại trải nghiệm gõ phím mượt mà, phản hồi nhanh nhạy và độ chính xác vượt trội. Dù bạn là một game thủ chuyên nghiệp tìm kiếm lợi thế trong từng pha hành động, hay một người dùng văn phòng yêu thích cảm giác gõ êm ái, Star Vector switch sẽ không làm bạn thất vọng. Mỗi lần chạm phím là một trải nghiệm tuyệt vời, giảm thiểu mệt mỏi và tăng cường hiệu suất. Không chỉ dừng lại ở hiệu năng, AULA F99 PRO còn gây ấn tượng với chất lượng hoàn thiện cao cấp, vỏ bàn phím chắc chắn và các tính năng tiện ích như kết nối đa dạng (Bluetooth, 2.4GHz không dây và USB-C có dây), cùng khả năng tùy chỉnh đèn nền RGB rực rỡ. Layout 99 phím được tối ưu hóa, giữ lại đầy đủ chức năng của bàn phím full-size nhưng lại gọn gàng hơn, giúp bạn có thêm không gian trên bàn làm việc. Với AULA F99 PRO F9911 (Xám + Đen Gradient / Star Vector switch), bạn không chỉ sở hữu một chiếc bàn phím, mà còn sở hữu một người bạn đồng hành đáng tin cậy, sẵn sàng cùng bạn chinh phục mọi thử thách, từ những trận chiến game căng thẳng đến những dự án công việc đòi hỏi sự tập trung cao độ. Hãy cảm nhận sự khác biệt ngay hôm nay!',
        1, 'https://product.hstatic.net/200000722513/product/aula-f99-pro-ban-phim-co-gaming__8_-photoroom_83a2864b087e4407ad719c2bd451ae8a.png'
    );
INSERT INTO product_category (product_id, category_id) VALUES (274, 28);
INSERT INTO product_variant (
        product_id, name, seo_name, supplier_id, price, price_sale, quantity, sku, model, barcode, 
        specifications, description, warranty, image_url, release_at, created_by)
        VALUES ( 274, 'Bàn phím AULA F99 PRO (Xám + Đen Gradient/ Star Vector switch) F9911', 'ban-phim-aula-f99-pro-xam-den-gradient-star-vector-switch',
            1, 1808000, 1490000, 10, 'KB-AULA-F99-GREY-BLK-STAR-VECTOR-SW',
            'KB-AULA-F99-GREY-BLK-STAR-VECTOR-SW', 'KB-AULA-F99-GREY-BLK-STAR-VECTOR-SW',
            '{"- Độ bền": "60 triệu lần bấm- Kết nối: 3 mode có dây Type-C & không dây 2.4G & BT- Màu sắc: Xám + đen gradient- Keycap PBT Double-Shot- Đèn nền: LED RGB 16,8 triệu màu- Loại switch: Star Vector switch- Hiệu ứng âm thanh khi gõ phím: Linear- Hot-Swap 5 pin- Gasket mount- Núm xoay đa chức năng- Mạch xuôi- Số lượng phím: 99 phím- Hành trình phím: 4.0mm- Điện áp/dòng sạc: DC 5V-1250mA- Điện áp định mức: DC 3.7V (đầy đủ 4.2V)- Dòng điện định mức: 250mA @3.7V (hiệu ứng ánh sáng mặc định); 20mA (tắt đèn nền)- Dung lượng pin: Pin lithium 8000mAh có thể sạc lại (2x4000mAh)- Thời gian sử dụng sau khi sạc đầy pin: Khoảng 32H (hiệu ứng ánh sáng mặc định) Khoảng 400H (tắt tất cả đèn)- Tốc độ phản hồi: Chế độ có dây 1000Hz, chế độ 2.4G 1000Hz, chế độ Bluetooth 125Hz.- Giao diện sạc: Type-C- Kích thước bàn phím (L x W x H): 406.76 × 139.31 × 43.28 ± 0.1 mm- Trọng lượng: Khoảng 1205g (không có cáp/bộ thu)/ 1254g (với cáp/bộ thu)- Phím FN đa chức năng- Hệ điều hành tương thích: WINXP/WIN7/WIN8/WIN10/Android/IOS/MAC- - Phụ kiện kèm theo: Sách hướng dẫn sử dụng + Dây USB type-C + Dụng cụ thay switch + Switch tặng kèm (1-4 chiếc)"}',
            'Nâng tầm không gian làm việc và giải trí của bạn với Bàn phím AULA F99 PRO F9911, một kiệt tác của sự kết hợp giữa hiệu năng đỉnh cao và thiết kế tinh tế. Với phối màu Xám + Đen Gradient độc đáo, F99 PRO không chỉ là một công cụ, mà còn là một tuyên ngôn phong cách, mang đến vẻ ngoài sang trọng và hiện đại cho mọi setup. Trái tim của F99 PRO chính là hệ thống Star Vector switch độc quyền, được thiết kế để mang lại trải nghiệm gõ phím mượt mà, phản hồi nhanh nhạy và độ chính xác vượt trội. Dù bạn là một game thủ chuyên nghiệp tìm kiếm lợi thế trong từng pha hành động, hay một người dùng văn phòng yêu thích cảm giác gõ êm ái, Star Vector switch sẽ không làm bạn thất vọng. Mỗi lần chạm phím là một trải nghiệm tuyệt vời, giảm thiểu mệt mỏi và tăng cường hiệu suất. Không chỉ dừng lại ở hiệu năng, AULA F99 PRO còn gây ấn tượng với chất lượng hoàn thiện cao cấp, vỏ bàn phím chắc chắn và các tính năng tiện ích như kết nối đa dạng (Bluetooth, 2.4GHz không dây và USB-C có dây), cùng khả năng tùy chỉnh đèn nền RGB rực rỡ. Layout 99 phím được tối ưu hóa, giữ lại đầy đủ chức năng của bàn phím full-size nhưng lại gọn gàng hơn, giúp bạn có thêm không gian trên bàn làm việc. Với AULA F99 PRO F9911 (Xám + Đen Gradient / Star Vector switch), bạn không chỉ sở hữu một chiếc bàn phím, mà còn sở hữu một người bạn đồng hành đáng tin cậy, sẵn sàng cùng bạn chinh phục mọi thử thách, từ những trận chiến game căng thẳng đến những dự án công việc đòi hỏi sự tập trung cao độ. Hãy cảm nhận sự khác biệt ngay hôm nay!',
            24, 'https://product.hstatic.net/200000722513/product/aula-f99-pro-ban-phim-co-gaming__8_-photoroom_83a2864b087e4407ad719c2bd451ae8a.png', '2025-01-11T04:09:46+00:00',1);
        
INSERT INTO product_image (name, product_variant_id, image_url, is_main)
VALUES
    ('Ảnh 1', 274, 'https://product.hstatic.net/200000722513/product/aula-f99-pro-ban-phim-co-gaming__8_-photoroom_83a2864b087e4407ad719c2bd451ae8a.png', TRUE),
    ('Ảnh 2', 274, 'https://product.hstatic.net/200000722513/product/6_adabfc485aaa4db49b988edf0ce0faac.png', FALSE),
    ('Ảnh 3', 274, 'https://product.hstatic.net/200000722513/product/aula-f99-pro-ban-phim-co-gaming__9_-photoroom_5b6afbdc85dc419ca4423bf6cf545967.png', FALSE),
    ('Ảnh 4', 274, 'https://product.hstatic.net/200000722513/product/aula-f99-pro-ban-phim-co-gaming__10_-photoroom_909f8ff3beb5474faf2dabdafcc36c82.png', FALSE);
---
INSERT INTO product (name, seo_name, brand_id, specifications, description, created_by, image_url) 
    VALUES (
        'Bàn phím AULA F99 PRO (Xám + Đen Gradient/ Nimbus V3 switch) F9906', 'ban-phim-aula-f99-pro-xam-den-gradient-nimbus-v3-switch', 22,
        '{"- Bàn phím cơ gaming 3 mode AULA F99 Pro- Độ bền": "60 triệu lần bấm- Kết nối: 3 mode có dây Type-C & không dây 2.4G & BT- Màu sắc: Xám + đen gradient- Keycap PBT Double-Shot- Đèn nền: LED RGB 16,8 triệu màu- Loại switch: Nimbus V3 switch- Hiệu ứng âm thanh khi gõ phím: Linear- Hot-Swap 5 pin- Gasket mount- Núm xoay đa chức năng- Mạch xuôi- Số lượng phím: 99 phím- Hành trình phím: 4.0mm- Điện áp/dòng sạc: DC 5V-1250mA- Điện áp định mức: DC 3.7V (đầy đủ 4.2V)- Dòng điện định mức: 250mA @3.7V (hiệu ứng ánh sáng mặc định); 20mA (tắt đèn nền)- Dung lượng pin: Pin lithium 8000mAh có thể sạc lại (2x4000mAh)- Thời gian sử dụng sau khi sạc đầy pin: Khoảng 32H (hiệu ứng ánh sáng mặc định) Khoảng 400H (tắt tất cả đèn)- Tốc độ phản hồi: Chế độ có dây 1000Hz, chế độ 2.4G 1000Hz, chế độ Bluetooth 125Hz.- Giao diện sạc: Type-C- Kích thước bàn phím (L x W x H): 406.76 × 139.31 × 43.28 ± 0.1 mm- Trọng lượng: Khoảng 1205g (không có cáp/bộ thu)/ 1254g (với cáp/bộ thu)- Phím FN đa chức năng- Hệ điều hành tương thích: WINXP/WIN7/WIN8/WIN10/Android/IOS/MAC- Phụ kiện kèm theo: Sách hướng dẫn sử dụng + Dây USB type-C + Dụng cụ thay switch + 4 switch tặng kèm"}',
        'Nâng tầm trải nghiệm gõ phím của bạn với Bàn phím AULA F99 PRO F9906 – một tuyệt tác kết hợp hoàn hảo giữa hiệu năng vượt trội và thẩm mỹ đỉnh cao. Khoác lên mình tông màu gradient Xám + Đen tinh tế, chiếc bàn phím này không chỉ là công cụ làm việc mà còn là điểm nhấn sang trọng cho mọi không gian làm việc hay giải trí. Trái tim của F99 PRO chính là bộ switch Nimbus V3 độc quyền, được tinh chỉnh để mang lại cảm giác gõ mượt mà, phản hồi nhanh nhạy và âm thanh trầm ấm, êm ái đến bất ngờ. Dù bạn là một game thủ chuyên nghiệp đòi hỏi tốc độ hay một người làm việc cần sự thoải mái trong hàng giờ liền, Nimbus V3 sẽ không làm bạn thất vọng. Với layout 99 phím tối ưu, AULA F99 PRO F9906 vẫn giữ lại các phím chức năng quan trọng và numpad tiện lợi, nhưng vẫn đảm bảo kích thước gọn gàng, tiết kiệm không gian. Cấu trúc gasket mount mang đến độ đàn hồi tuyệt vời, giảm tiếng ồn và tạo cảm giác gõ êm ái như đang lướt trên mây. Keycaps PBT cao cấp không chỉ bền bỉ, chống bóng mờ theo thời gian mà còn mang lại cảm giác chạm tuyệt vời. Bên cạnh đó, bàn phím còn hỗ trợ kết nối đa dạng (Bluetooth, 2.4GHz, USB-C) cho phép bạn linh hoạt sử dụng trên nhiều thiết bị. Hệ thống đèn nền RGB rực rỡ với nhiều chế độ tùy chỉnh sẽ thổi hồn vào không gian làm việc của bạn. AULA F99 PRO F9906 không chỉ là một chiếc bàn phím, mà là một tuyên ngôn phong cách, một người bạn đồng hành đáng tin cậy giúp bạn chinh phục mọi thử thách, từ những trận game nảy lửa đến những deadline gấp gáp.',
        1, 'https://product.hstatic.net/200000722513/product/aula-f99-pro-ban-phim-co-gaming__8_-photoroom_0be7f92694484a0dbe0853651c9cb61a.png'
    );
INSERT INTO product_category (product_id, category_id) VALUES (275, 28);
INSERT INTO product_variant (
        product_id, name, seo_name, supplier_id, price, price_sale, quantity, sku, model, barcode, 
        specifications, description, warranty, image_url, release_at, created_by)
        VALUES ( 275, 'Bàn phím AULA F99 PRO (Xám + Đen Gradient/ Nimbus V3 switch) F9906', 'ban-phim-aula-f99-pro-xam-den-gradient-nimbus-v3-switch',
            1, 2174000, 1590000, 10, 'KB-AULA-F99-GREY-BLK-NIMBUS-SW',
            'KB-AULA-F99-GREY-BLK-NIMBUS-SW', 'KB-AULA-F99-GREY-BLK-NIMBUS-SW',
            '{"- Bàn phím cơ gaming 3 mode AULA F99 Pro- Độ bền": "60 triệu lần bấm- Kết nối: 3 mode có dây Type-C & không dây 2.4G & BT- Màu sắc: Xám + đen gradient- Keycap PBT Double-Shot- Đèn nền: LED RGB 16,8 triệu màu- Loại switch: Nimbus V3 switch- Hiệu ứng âm thanh khi gõ phím: Linear- Hot-Swap 5 pin- Gasket mount- Núm xoay đa chức năng- Mạch xuôi- Số lượng phím: 99 phím- Hành trình phím: 4.0mm- Điện áp/dòng sạc: DC 5V-1250mA- Điện áp định mức: DC 3.7V (đầy đủ 4.2V)- Dòng điện định mức: 250mA @3.7V (hiệu ứng ánh sáng mặc định); 20mA (tắt đèn nền)- Dung lượng pin: Pin lithium 8000mAh có thể sạc lại (2x4000mAh)- Thời gian sử dụng sau khi sạc đầy pin: Khoảng 32H (hiệu ứng ánh sáng mặc định) Khoảng 400H (tắt tất cả đèn)- Tốc độ phản hồi: Chế độ có dây 1000Hz, chế độ 2.4G 1000Hz, chế độ Bluetooth 125Hz.- Giao diện sạc: Type-C- Kích thước bàn phím (L x W x H): 406.76 × 139.31 × 43.28 ± 0.1 mm- Trọng lượng: Khoảng 1205g (không có cáp/bộ thu)/ 1254g (với cáp/bộ thu)- Phím FN đa chức năng- Hệ điều hành tương thích: WINXP/WIN7/WIN8/WIN10/Android/IOS/MAC- Phụ kiện kèm theo: Sách hướng dẫn sử dụng + Dây USB type-C + Dụng cụ thay switch + 4 switch tặng kèm"}',
            'Nâng tầm trải nghiệm gõ phím của bạn với Bàn phím AULA F99 PRO F9906 – một tuyệt tác kết hợp hoàn hảo giữa hiệu năng vượt trội và thẩm mỹ đỉnh cao. Khoác lên mình tông màu gradient Xám + Đen tinh tế, chiếc bàn phím này không chỉ là công cụ làm việc mà còn là điểm nhấn sang trọng cho mọi không gian làm việc hay giải trí. Trái tim của F99 PRO chính là bộ switch Nimbus V3 độc quyền, được tinh chỉnh để mang lại cảm giác gõ mượt mà, phản hồi nhanh nhạy và âm thanh trầm ấm, êm ái đến bất ngờ. Dù bạn là một game thủ chuyên nghiệp đòi hỏi tốc độ hay một người làm việc cần sự thoải mái trong hàng giờ liền, Nimbus V3 sẽ không làm bạn thất vọng. Với layout 99 phím tối ưu, AULA F99 PRO F9906 vẫn giữ lại các phím chức năng quan trọng và numpad tiện lợi, nhưng vẫn đảm bảo kích thước gọn gàng, tiết kiệm không gian. Cấu trúc gasket mount mang đến độ đàn hồi tuyệt vời, giảm tiếng ồn và tạo cảm giác gõ êm ái như đang lướt trên mây. Keycaps PBT cao cấp không chỉ bền bỉ, chống bóng mờ theo thời gian mà còn mang lại cảm giác chạm tuyệt vời. Bên cạnh đó, bàn phím còn hỗ trợ kết nối đa dạng (Bluetooth, 2.4GHz, USB-C) cho phép bạn linh hoạt sử dụng trên nhiều thiết bị. Hệ thống đèn nền RGB rực rỡ với nhiều chế độ tùy chỉnh sẽ thổi hồn vào không gian làm việc của bạn. AULA F99 PRO F9906 không chỉ là một chiếc bàn phím, mà là một tuyên ngôn phong cách, một người bạn đồng hành đáng tin cậy giúp bạn chinh phục mọi thử thách, từ những trận game nảy lửa đến những deadline gấp gáp.',
            24, 'https://product.hstatic.net/200000722513/product/aula-f99-pro-ban-phim-co-gaming__8_-photoroom_0be7f92694484a0dbe0853651c9cb61a.png', '2025-01-11T04:09:46+00:00',1);
        
INSERT INTO product_image (name, product_variant_id, image_url, is_main)
VALUES
    ('Ảnh 1', 275, 'https://product.hstatic.net/200000722513/product/aula-f99-pro-ban-phim-co-gaming__8_-photoroom_0be7f92694484a0dbe0853651c9cb61a.png', TRUE),
    ('Ảnh 2', 275, 'https://product.hstatic.net/200000722513/product/6_56444e95de3441bf815cfe1475809a57.png', FALSE),
    ('Ảnh 3', 275, 'https://product.hstatic.net/200000722513/product/aula-f99-pro-ban-phim-co-gaming__9_-photoroom_7b053844d803470eb77aa6863ab68a61.png', FALSE),
    ('Ảnh 4', 275, 'https://product.hstatic.net/200000722513/product/aula-f99-pro-ban-phim-co-gaming__10_-photoroom_433344c8a4aa49f0855fbe46d11b324d.png', FALSE);
---
INSERT INTO product (name, seo_name, brand_id, specifications, description, created_by, image_url) 
    VALUES (
        'Bàn phím AULA F99 PRO (Xám + Đen Gradient/ Grey Wood V3 switch) F9904', 'ban-phim-aula-f99-pro-xam-den-gradient-grey-wood-v3-switch', 22,
        '{"- Bàn phím cơ gaming 3 mode AULA F99 Pro- Độ bền": "60 triệu lần bấm- Kết nối: 3 mode có dây Type-C & không dây 2.4G & BT- Màu sắc: Xám + đen gradient- Keycap PBT Double-Shot- Đèn nền: LED RGB 16,8 triệu màu- Loại switch: Greywood V3 switch- Hiệu ứng âm thanh khi gõ phím: Linear- Hot-Swap 5 pin- Gasket mount- Mạch xuôi- Số lượng phím: 99 phím- Hành trình phím: 4.0mm- Điện áp/dòng sạc: DC 5V/ 830mA- Điện áp định mức: DC 3.7V- Dung lượng pin: Pin lithium 8000mAh có thể sạc lại (2x4000mAh)- Thời gian sử dụng sau khi sạc đầy pin: Khoảng 32H (hiệu ứng ánh sáng mặc định) Khoảng 400H (tắt tất cả đèn)- Giao diện sạc: Type-C- Kích thước bàn phím (L x W x H): 390.63 × 146.78 × 43.57 ± 0.1 mm- Trọng lượng: 1183g- Hệ điều hành tương thích: WINXP/WIN7/WIN8/WIN10/Android/IOS/MAC- Phụ kiện kèm theo: Sách hướng dẫn sử dụng + Dây USB type-C + Dụng cụ thay switch + 2 switch tặng kèm"}',
        'Nâng tầm không gian làm việc và trải nghiệm gõ phím của bạn với Bàn phím AULA F99 PRO F9904 – một kiệt tác của sự tinh tế và hiệu suất. Chiếc bàn phím cơ này nổi bật với thiết kế Xám + Đen Gradient độc đáo, tạo nên một vẻ ngoài hiện đại, sang trọng và đầy cá tính, thu hút mọi ánh nhìn ngay từ cái chạm đầu tiên. Điểm nhấn đặc biệt của AULA F99 PRO chính là bộ switch Grey Wood V3 cao cấp. Được chế tạo tỉ mỉ, những switch này mang lại hành trình phím mượt mà đến khó tin, độ nhạy bén vượt trội và một âm thanh gõ trầm ấm, êm tai, tạo cảm giác cực kỳ thỏa mãn cho mỗi lần nhấn. Cho dù bạn là game thủ cần tốc độ và độ chính xác tuyệt đối, hay một người làm việc văn phòng đòi hỏi sự thoải mái và bền bỉ, Grey Wood V3 sẽ nâng cao hiệu suất của bạn lên một tầm cao mới. Không chỉ dừng lại ở hiệu suất, AULA F99 PRO F9904 còn được trang bị những tính năng ''PRO'' đẳng cấp. Với khả năng kết nối đa chế độ (thường bao gồm Bluetooth, Wireless 2.4G và USB-C), bạn có thể linh hoạt chuyển đổi giữa các thiết bị một cách dễ dàng. Thiết kế công thái học thông minh giúp giảm thiểu mỏi tay khi sử dụng trong thời gian dài, cùng với cấu trúc chắc chắn đảm bảo độ bền vượt trội. Tận hưởng thế giới ánh sáng RGB rực rỡ để cá nhân hóa không gian của riêng bạn. AULA F99 PRO F9904 không chỉ là một chiếc bàn phím, mà là một tuyên ngôn phong cách và công cụ tối ưu cho mọi tác vụ. Khám phá sự khác biệt, sự kết hợp hoàn hảo giữa vẻ đẹp thẩm mỹ và hiệu năng đỉnh cao ngay hôm nay!',
        1, 'https://product.hstatic.net/200000722513/product/aula-f99-pro-ban-phim-co-gaming__3_-photoroom_3de4eaaf8bdf42e3bfa1ae30d5d2ce57.png'
    );
INSERT INTO product_category (product_id, category_id) VALUES (276, 28);
INSERT INTO product_variant (
        product_id, name, seo_name, supplier_id, price, price_sale, quantity, sku, model, barcode, 
        specifications, description, warranty, image_url, release_at, created_by)
        VALUES ( 276, 'Bàn phím AULA F99 PRO (Xám + Đen Gradient/ Grey Wood V3 switch) F9904', 'ban-phim-aula-f99-pro-xam-den-gradient-grey-wood-v3-switch',
            1, 2150000, 1490000, 10, 'KB-AULA-F99-PRO-GREY-BLK-GREY-WOOD-V3-SW',
            'KB-AULA-F99-PRO-GREY-BLK-GREY-WOOD-V3-SW', 'KB-AULA-F99-PRO-GREY-BLK-GREY-WOOD-V3-SW',
            '{"- Bàn phím cơ gaming 3 mode AULA F99 Pro- Độ bền": "60 triệu lần bấm- Kết nối: 3 mode có dây Type-C & không dây 2.4G & BT- Màu sắc: Xám + đen gradient- Keycap PBT Double-Shot- Đèn nền: LED RGB 16,8 triệu màu- Loại switch: Greywood V3 switch- Hiệu ứng âm thanh khi gõ phím: Linear- Hot-Swap 5 pin- Gasket mount- Mạch xuôi- Số lượng phím: 99 phím- Hành trình phím: 4.0mm- Điện áp/dòng sạc: DC 5V/ 830mA- Điện áp định mức: DC 3.7V- Dung lượng pin: Pin lithium 8000mAh có thể sạc lại (2x4000mAh)- Thời gian sử dụng sau khi sạc đầy pin: Khoảng 32H (hiệu ứng ánh sáng mặc định) Khoảng 400H (tắt tất cả đèn)- Giao diện sạc: Type-C- Kích thước bàn phím (L x W x H): 390.63 × 146.78 × 43.57 ± 0.1 mm- Trọng lượng: 1183g- Hệ điều hành tương thích: WINXP/WIN7/WIN8/WIN10/Android/IOS/MAC- Phụ kiện kèm theo: Sách hướng dẫn sử dụng + Dây USB type-C + Dụng cụ thay switch + 2 switch tặng kèm"}',
            'Nâng tầm không gian làm việc và trải nghiệm gõ phím của bạn với Bàn phím AULA F99 PRO F9904 – một kiệt tác của sự tinh tế và hiệu suất. Chiếc bàn phím cơ này nổi bật với thiết kế Xám + Đen Gradient độc đáo, tạo nên một vẻ ngoài hiện đại, sang trọng và đầy cá tính, thu hút mọi ánh nhìn ngay từ cái chạm đầu tiên. Điểm nhấn đặc biệt của AULA F99 PRO chính là bộ switch Grey Wood V3 cao cấp. Được chế tạo tỉ mỉ, những switch này mang lại hành trình phím mượt mà đến khó tin, độ nhạy bén vượt trội và một âm thanh gõ trầm ấm, êm tai, tạo cảm giác cực kỳ thỏa mãn cho mỗi lần nhấn. Cho dù bạn là game thủ cần tốc độ và độ chính xác tuyệt đối, hay một người làm việc văn phòng đòi hỏi sự thoải mái và bền bỉ, Grey Wood V3 sẽ nâng cao hiệu suất của bạn lên một tầm cao mới. Không chỉ dừng lại ở hiệu suất, AULA F99 PRO F9904 còn được trang bị những tính năng ''PRO'' đẳng cấp. Với khả năng kết nối đa chế độ (thường bao gồm Bluetooth, Wireless 2.4G và USB-C), bạn có thể linh hoạt chuyển đổi giữa các thiết bị một cách dễ dàng. Thiết kế công thái học thông minh giúp giảm thiểu mỏi tay khi sử dụng trong thời gian dài, cùng với cấu trúc chắc chắn đảm bảo độ bền vượt trội. Tận hưởng thế giới ánh sáng RGB rực rỡ để cá nhân hóa không gian của riêng bạn. AULA F99 PRO F9904 không chỉ là một chiếc bàn phím, mà là một tuyên ngôn phong cách và công cụ tối ưu cho mọi tác vụ. Khám phá sự khác biệt, sự kết hợp hoàn hảo giữa vẻ đẹp thẩm mỹ và hiệu năng đỉnh cao ngay hôm nay!',
            24, 'https://product.hstatic.net/200000722513/product/aula-f99-pro-ban-phim-co-gaming__3_-photoroom_3de4eaaf8bdf42e3bfa1ae30d5d2ce57.png', '2025-01-11T04:09:46+00:00',1);
        
INSERT INTO product_image (name, product_variant_id, image_url, is_main)
VALUES
    ('Ảnh 1', 276, 'https://product.hstatic.net/200000722513/product/aula-f99-pro-ban-phim-co-gaming__3_-photoroom_3de4eaaf8bdf42e3bfa1ae30d5d2ce57.png', TRUE),
    ('Ảnh 2', 276, 'https://product.hstatic.net/200000722513/product/aula-f99-pro-ban-phim-co-gaming__5_-photoroom_d6e7e5d7cc73414d91c861c317afbaf5.png', FALSE),
    ('Ảnh 3', 276, 'https://product.hstatic.net/200000722513/product/aula-f99-pro-ban-phim-co-gaming__4_-photoroom_27567b0026bf42a3a3262f0fa23dfa5b.png', FALSE),
    ('Ảnh 4', 276, 'https://product.hstatic.net/200000722513/product/aula-f99-pro-ban-phim-co-gaming__7_-photoroom_1bc84c93cbbf4cbdaf97ac429e8bb8a8.png', FALSE),
    ('Ảnh 5', 276, 'https://product.hstatic.net/200000722513/product/aula-f99-pro-ban-phim-co-gaming__6_-photoroom_4755c0c940a04f85bcefd56d762320bf.png', FALSE);
---
INSERT INTO product (name, seo_name, brand_id, specifications, description, created_by, image_url) 
    VALUES (
        'Bàn phím AULA F99 PRO (Đen + Xám + Xanh lá/ Grey Wood V3 switch) F9910', 'ban-phim-aula-f99-pro-den-xam-xanh-la-grey-wood-v3-switch', 22,
        '{"- Bàn phím cơ gaming AULA F99 Pro- Độ bền": "60 triệu lần bấm- Kết nối: 3 mode có dây Type-C & không dây 2.4G & BT- Màu sắc: Đen + Trắng + Xanh lá- Keycap PBT Double-Shot- Đèn nền: LED RGB 16,8 triệu màu- Loại switch: Greywood V3 switch- Hiệu ứng âm thanh khi gõ phím: Linear- Hot-Swap 5 pin- Gasket mount- Núm xoay đa chức năng- Mạch xuôi- Số lượng phím: 99 phím- Hành trình phím: 4.0mm- Điện áp/dòng sạc: DC 5V-1250mA- Điện áp định mức: DC 3.7V (đầy đủ 4.2V)- Dòng điện định mức: 250mA @3.7V (hiệu ứng ánh sáng mặc định); 20mA (tắt đèn nền)- Dung lượng pin: Pin lithium 8000mAh có thể sạc lại (2x4000mAh)- Thời gian sử dụng sau khi sạc đầy pin: Khoảng 32H (hiệu ứng ánh sáng mặc định) Khoảng 400H (tắt tất cả đèn)- Tốc độ phản hồi: Chế độ có dây 1000Hz, chế độ 2.4G 1000Hz, chế độ Bluetooth 125Hz.- Giao diện sạc: Type-C- Kích thước bàn phím (L x W x H): 406.76 × 139.31 × 43.28 ± 0.1 mm- Trọng lượng: Khoảng 1205g (không có cáp/bộ thu)/ 1254g (với cáp/bộ thu)- Phím FN đa chức năng- Hệ điều hành tương thích: WINXP/WIN7/WIN8/WIN10/Android/IOS/MAC- Phụ kiện kèm theo: Sách hướng dẫn sử dụng + Dây USB type-C + Dụng cụ thay switch + Switch tặng kèm (1-4 chiếc)"}',
        'Khám phá sự hoàn hảo trong từng cú chạm với Bàn phím cơ AULA F99 PRO F9910 – một kiệt tác của công nghệ và thiết kế. Với phối màu Đen, Xám và Xanh lá độc đáo, phiên bản này không chỉ là một công cụ nhập liệu mà còn là điểm nhấn thẩm mỹ đầy tinh tế trên không gian làm việc của bạn, mang đến vẻ ngoài hiện đại và sang trọng. \n\nTrung tâm của trải nghiệm gõ phím đỉnh cao là bộ switch Grey Wood V3 độc quyền, được chế tạo để mang lại cảm giác gõ mượt mà, êm ái và phản hồi xúc giác tuyệt vời. Mỗi phím bấm đều là một hành trình thú vị, với âm thanh dịu nhẹ, không gây khó chịu, lý tưởng cho cả những buổi làm việc dài hay các trận game căng thẳng. \n\nAULA F99 PRO F9910 nâng tầm sự thoải mái với cấu trúc Gasket Mount tiên tiến, giúp giảm thiểu rung động và tiếng ồn, đồng thời tạo ra một cảm giác gõ mềm mại, \"nhún nhảy\" đặc trưng. Cùng với đó, keycap PBT Doubleshot chất lượng cao đảm bảo độ bền vượt trội, chống bóng dầu và giữ cho các ký tự sắc nét không phai mờ theo thời gian. \n\nKhông chỉ dừng lại ở cảm giác gõ, bàn phím còn sở hữu tính năng Hot-swappable, cho phép bạn dễ dàng thay đổi switch theo ý muốn mà không cần hàn, mở ra cánh cửa tùy chỉnh vô tận. Khả năng kết nối ba chế độ linh hoạt (Type-C có dây, 2.4G Wireless tốc độ cao và Bluetooth 5.0) đảm bảo bạn luôn sẵn sàng kết nối với mọi thiết bị, từ PC, laptop đến tablet, điện thoại mà không lo gián đoạn. \n\nThêm vào đó, hệ thống đèn nền RGB rực rỡ với nhiều hiệu ứng có thể tùy chỉnh, biến không gian của bạn trở nên sống động và cá tính hơn. Pin dung lượng cao đảm bảo thời gian sử dụng không dây kéo dài, cho phép bạn tập trung tối đa mà không lo hết pin. \n\nAULA F99 PRO F9910 không chỉ là bàn phím, đó là tuyên ngôn về phong cách và hiệu suất. Lựa chọn lý tưởng cho những ai tìm kiếm sự kết hợp hoàn hảo giữa công năng mạnh mẽ, trải nghiệm gõ phím tuyệt vời và thiết kế đẳng cấp.',
        1, 'https://product.hstatic.net/200000722513/product/20241220155625-photoroom_805cddb5a13a4d928b9dce6ec9c63582.png'
    );
INSERT INTO product_category (product_id, category_id) VALUES (277, 28);
INSERT INTO product_variant (
        product_id, name, seo_name, supplier_id, price, price_sale, quantity, sku, model, barcode, 
        specifications, description, warranty, image_url, release_at, created_by)
        VALUES ( 277, 'Bàn phím AULA F99 PRO (Đen + Xám + Xanh lá/ Grey Wood V3 switch) F9910', 'ban-phim-aula-f99-pro-den-xam-xanh-la-grey-wood-v3-switch',
            1, 1808000, 1490000, 10, 'KB-AULA-F99-PRO-BLK-GREY-GREEN-GREY-WOOD-V3-SW',
            'KB-AULA-F99-PRO-BLK-GREY-GREEN-GREY-WOOD-V3-SW', 'KB-AULA-F99-PRO-BLK-GREY-GREEN-GREY-WOOD-V3-SW',
            '{"- Bàn phím cơ gaming AULA F99 Pro- Độ bền": "60 triệu lần bấm- Kết nối: 3 mode có dây Type-C & không dây 2.4G & BT- Màu sắc: Đen + Trắng + Xanh lá- Keycap PBT Double-Shot- Đèn nền: LED RGB 16,8 triệu màu- Loại switch: Greywood V3 switch- Hiệu ứng âm thanh khi gõ phím: Linear- Hot-Swap 5 pin- Gasket mount- Núm xoay đa chức năng- Mạch xuôi- Số lượng phím: 99 phím- Hành trình phím: 4.0mm- Điện áp/dòng sạc: DC 5V-1250mA- Điện áp định mức: DC 3.7V (đầy đủ 4.2V)- Dòng điện định mức: 250mA @3.7V (hiệu ứng ánh sáng mặc định); 20mA (tắt đèn nền)- Dung lượng pin: Pin lithium 8000mAh có thể sạc lại (2x4000mAh)- Thời gian sử dụng sau khi sạc đầy pin: Khoảng 32H (hiệu ứng ánh sáng mặc định) Khoảng 400H (tắt tất cả đèn)- Tốc độ phản hồi: Chế độ có dây 1000Hz, chế độ 2.4G 1000Hz, chế độ Bluetooth 125Hz.- Giao diện sạc: Type-C- Kích thước bàn phím (L x W x H): 406.76 × 139.31 × 43.28 ± 0.1 mm- Trọng lượng: Khoảng 1205g (không có cáp/bộ thu)/ 1254g (với cáp/bộ thu)- Phím FN đa chức năng- Hệ điều hành tương thích: WINXP/WIN7/WIN8/WIN10/Android/IOS/MAC- Phụ kiện kèm theo: Sách hướng dẫn sử dụng + Dây USB type-C + Dụng cụ thay switch + Switch tặng kèm (1-4 chiếc)"}',
            'Khám phá sự hoàn hảo trong từng cú chạm với Bàn phím cơ AULA F99 PRO F9910 – một kiệt tác của công nghệ và thiết kế. Với phối màu Đen, Xám và Xanh lá độc đáo, phiên bản này không chỉ là một công cụ nhập liệu mà còn là điểm nhấn thẩm mỹ đầy tinh tế trên không gian làm việc của bạn, mang đến vẻ ngoài hiện đại và sang trọng. \n\nTrung tâm của trải nghiệm gõ phím đỉnh cao là bộ switch Grey Wood V3 độc quyền, được chế tạo để mang lại cảm giác gõ mượt mà, êm ái và phản hồi xúc giác tuyệt vời. Mỗi phím bấm đều là một hành trình thú vị, với âm thanh dịu nhẹ, không gây khó chịu, lý tưởng cho cả những buổi làm việc dài hay các trận game căng thẳng. \n\nAULA F99 PRO F9910 nâng tầm sự thoải mái với cấu trúc Gasket Mount tiên tiến, giúp giảm thiểu rung động và tiếng ồn, đồng thời tạo ra một cảm giác gõ mềm mại, \"nhún nhảy\" đặc trưng. Cùng với đó, keycap PBT Doubleshot chất lượng cao đảm bảo độ bền vượt trội, chống bóng dầu và giữ cho các ký tự sắc nét không phai mờ theo thời gian. \n\nKhông chỉ dừng lại ở cảm giác gõ, bàn phím còn sở hữu tính năng Hot-swappable, cho phép bạn dễ dàng thay đổi switch theo ý muốn mà không cần hàn, mở ra cánh cửa tùy chỉnh vô tận. Khả năng kết nối ba chế độ linh hoạt (Type-C có dây, 2.4G Wireless tốc độ cao và Bluetooth 5.0) đảm bảo bạn luôn sẵn sàng kết nối với mọi thiết bị, từ PC, laptop đến tablet, điện thoại mà không lo gián đoạn. \n\nThêm vào đó, hệ thống đèn nền RGB rực rỡ với nhiều hiệu ứng có thể tùy chỉnh, biến không gian của bạn trở nên sống động và cá tính hơn. Pin dung lượng cao đảm bảo thời gian sử dụng không dây kéo dài, cho phép bạn tập trung tối đa mà không lo hết pin. \n\nAULA F99 PRO F9910 không chỉ là bàn phím, đó là tuyên ngôn về phong cách và hiệu suất. Lựa chọn lý tưởng cho những ai tìm kiếm sự kết hợp hoàn hảo giữa công năng mạnh mẽ, trải nghiệm gõ phím tuyệt vời và thiết kế đẳng cấp.',
            24, 'https://product.hstatic.net/200000722513/product/20241220155625-photoroom_805cddb5a13a4d928b9dce6ec9c63582.png', '2025-01-11T04:09:46+00:00',1);
        
INSERT INTO product_image (name, product_variant_id, image_url, is_main)
VALUES
    ('Ảnh 1', 277, 'https://product.hstatic.net/200000722513/product/20241220155625-photoroom_805cddb5a13a4d928b9dce6ec9c63582.png', TRUE);
---
INSERT INTO product (name, seo_name, brand_id, specifications, description, created_by, image_url) 
    VALUES (
        'Bàn phím AULA F99 PRO (Xanh dương + Trắng + Tím đậm/ Star Vector switch) F9905', 'ban-phim-aula-f99-pro-xanh-duong-trang-tim-dam-star-vector-switch', 22,
        '{"- Bàn phím cơ gaming 3 mode AULA F99 Pro- Độ bền": "60 triệu lần bấm- Kết nối: 3 mode có dây Type-C & không dây 2.4G & BT- Màu sắc: Xanh dương+trắng+tím đậm- Keycap PBT Double-Shot- Đèn nền: LED RGB 16,8 triệu màu- Loại switch: Star Vector switch- Hiệu ứng âm thanh khi gõ phím: Linear- Hot-Swap 5 pin- Gasket mount- Núm xoay đa chức năng- Mạch xuôi- Số lượng phím: 99 phím- Hành trình phím: 4.0mm- Điện áp/dòng sạc: DC 5V-1250mA- Điện áp định mức: DC 3.7V (đầy đủ 4.2V)- Dòng điện định mức: 250mA @3.7V (hiệu ứng ánh sáng mặc định); 20mA (tắt đèn nền)- Dung lượng pin: Pin lithium 8000mAh có thể sạc lại (2x4000mAh)- Thời gian sử dụng sau khi sạc đầy pin: Khoảng 32H (hiệu ứng ánh sáng mặc định) Khoảng 400H (tắt tất cả đèn)- Tốc độ phản hồi: Chế độ có dây 1000Hz, chế độ 2.4G 1000Hz, chế độ Bluetooth 125Hz.- Giao diện sạc: Type-C- Kích thước bàn phím (L x W x H): 406.76 × 139.31 × 43.28 ± 0.1 mm- Trọng lượng: Khoảng 1205g (không có cáp/bộ thu)/ 1254g (với cáp/bộ thu)- Phím FN đa chức năng- Hệ điều hành tương thích: WINXP/WIN7/WIN8/WIN10/Android/IOS/MAC- Phụ kiện kèm theo: Sách hướng dẫn sử dụng + Dây USB type-C + Dụng cụ thay switch + 4 switch tặng kèm"}',
        'Chào mừng bạn đến với kỷ nguyên gõ phím đỉnh cao cùng Bàn phím cơ AULA F99 PRO F9905 – một tuyệt tác công thái học và thẩm mỹ, nâng tầm trải nghiệm làm việc và giải trí của bạn.\n\nVới thiết kế phối màu độc đáo ''Xanh dương + Trắng + Tím đậm'' (Star Vector), F99 PRO F9905 không chỉ là một công cụ, mà còn là một tuyên ngôn phong cách trên bàn làm việc của bạn. Sự kết hợp hài hòa này mang đến vẻ ngoài tươi mới, hiện đại và vô cùng cuốn hút, biến mỗi góc làm việc thành một không gian đầy cảm hứng.\n\nTrái tim của chiếc bàn phím này là bộ switch Star Vector cao cấp, được tinh chỉnh để mang lại hành trình phím mượt mà, phản hồi nhanh nhạy và âm thanh gõ phím êm ái, đắm chìm. Dù bạn là game thủ chuyên nghiệp đòi hỏi tốc độ chớp nhoáng hay một nhà văn miệt mài với hàng ngàn từ ngữ, Star Vector sẽ đồng hành cùng bạn với độ chính xác và thoải mái tối ưu, giảm thiểu mệt mỏi trong những phiên làm việc dài.\n\nKhông chỉ dừng lại ở vẻ đẹp và cảm giác gõ, AULA F99 PRO F9905 còn sở hữu hàng loạt tính năng ưu việt:\n*   **Kết nối đa dạng:** Tận hưởng sự linh hoạt tối đa với kết nối 3 chế độ (Bluetooth 5.0, 2.4G không dây và USB-C có dây), cho phép bạn chuyển đổi liền mạch giữa PC, laptop, máy tính bảng và điện thoại thông minh.\n*   **Hot-swappable:** Tùy chỉnh trải nghiệm gõ phím của bạn không giới hạn với khả năng thay nóng switch, tương thích với hầu hết các loại switch 3-pin và 5-pin, dễ dàng thay đổi cảm giác gõ mà không cần hàn.\n*   **Keycap PBT Double-shot cao cấp:** Bền bỉ theo thời gian, chống bóng mòn và phai màu, mang lại cảm giác gõ chắc chắn, sang trọng và giữ cho bàn phím luôn như mới.\n*   **Cấu trúc Gasket Mount:** Đảm bảo âm thanh gõ phím trong trẻo, êm dịu và giảm thiểu rung động, tạo nên trải nghiệm gõ phím tuyệt vời, ''thocky'' và thoải mái.\n*   **LED RGB sống động:** Tùy chỉnh hàng triệu màu sắc và hiệu ứng ánh sáng thông qua phần mềm chuyên dụng, biến bàn phím của bạn thành một bữa tiệc ánh sáng đầy mê hoặc, phù hợp với mọi tâm trạng và không gian.\n*   **Layout 99 phím tối ưu:** Giữ lại đầy đủ các phím chức năng và NumPad cần thiết trong một form factor gọn gàng, tiết kiệm không gian bàn làm việc mà vẫn đảm bảo hiệu suất.\n\nAULA F99 PRO F9905 không chỉ là một bàn phím, mà là người bạn đồng hành tin cậy, giúp bạn chinh phục mọi thử thách, biến mỗi cú chạm phím thành một trải nghiệm nghệ thuật.',
        1, 'https://product.hstatic.net/200000722513/product/aula-f99-pro-ban-phim-co-gaming-photoroom_8a122f23306243719637da58057c715c.png'
    );
INSERT INTO product_category (product_id, category_id) VALUES (278, 28);
INSERT INTO product_variant (
        product_id, name, seo_name, supplier_id, price, price_sale, quantity, sku, model, barcode, 
        specifications, description, warranty, image_url, release_at, created_by)
        VALUES ( 278, 'Bàn phím AULA F99 PRO (Xanh dương + Trắng + Tím đậm/ Star Vector switch) F9905', 'ban-phim-aula-f99-pro-xanh-duong-trang-tim-dam-star-vector-switch',
            1, 1908000, 1490000, 10, 'KB-AULA-F99-PRO-BLUE-WHI-PUR-STAR-VECTOR-SW',
            'KB-AULA-F99-PRO-BLUE-WHI-PUR-STAR-VECTOR-SW', 'KB-AULA-F99-PRO-BLUE-WHI-PUR-STAR-VECTOR-SW',
            '{"- Bàn phím cơ gaming 3 mode AULA F99 Pro- Độ bền": "60 triệu lần bấm- Kết nối: 3 mode có dây Type-C & không dây 2.4G & BT- Màu sắc: Xanh dương+trắng+tím đậm- Keycap PBT Double-Shot- Đèn nền: LED RGB 16,8 triệu màu- Loại switch: Star Vector switch- Hiệu ứng âm thanh khi gõ phím: Linear- Hot-Swap 5 pin- Gasket mount- Núm xoay đa chức năng- Mạch xuôi- Số lượng phím: 99 phím- Hành trình phím: 4.0mm- Điện áp/dòng sạc: DC 5V-1250mA- Điện áp định mức: DC 3.7V (đầy đủ 4.2V)- Dòng điện định mức: 250mA @3.7V (hiệu ứng ánh sáng mặc định); 20mA (tắt đèn nền)- Dung lượng pin: Pin lithium 8000mAh có thể sạc lại (2x4000mAh)- Thời gian sử dụng sau khi sạc đầy pin: Khoảng 32H (hiệu ứng ánh sáng mặc định) Khoảng 400H (tắt tất cả đèn)- Tốc độ phản hồi: Chế độ có dây 1000Hz, chế độ 2.4G 1000Hz, chế độ Bluetooth 125Hz.- Giao diện sạc: Type-C- Kích thước bàn phím (L x W x H): 406.76 × 139.31 × 43.28 ± 0.1 mm- Trọng lượng: Khoảng 1205g (không có cáp/bộ thu)/ 1254g (với cáp/bộ thu)- Phím FN đa chức năng- Hệ điều hành tương thích: WINXP/WIN7/WIN8/WIN10/Android/IOS/MAC- Phụ kiện kèm theo: Sách hướng dẫn sử dụng + Dây USB type-C + Dụng cụ thay switch + 4 switch tặng kèm"}',
            'Chào mừng bạn đến với kỷ nguyên gõ phím đỉnh cao cùng Bàn phím cơ AULA F99 PRO F9905 – một tuyệt tác công thái học và thẩm mỹ, nâng tầm trải nghiệm làm việc và giải trí của bạn.\n\nVới thiết kế phối màu độc đáo ''Xanh dương + Trắng + Tím đậm'' (Star Vector), F99 PRO F9905 không chỉ là một công cụ, mà còn là một tuyên ngôn phong cách trên bàn làm việc của bạn. Sự kết hợp hài hòa này mang đến vẻ ngoài tươi mới, hiện đại và vô cùng cuốn hút, biến mỗi góc làm việc thành một không gian đầy cảm hứng.\n\nTrái tim của chiếc bàn phím này là bộ switch Star Vector cao cấp, được tinh chỉnh để mang lại hành trình phím mượt mà, phản hồi nhanh nhạy và âm thanh gõ phím êm ái, đắm chìm. Dù bạn là game thủ chuyên nghiệp đòi hỏi tốc độ chớp nhoáng hay một nhà văn miệt mài với hàng ngàn từ ngữ, Star Vector sẽ đồng hành cùng bạn với độ chính xác và thoải mái tối ưu, giảm thiểu mệt mỏi trong những phiên làm việc dài.\n\nKhông chỉ dừng lại ở vẻ đẹp và cảm giác gõ, AULA F99 PRO F9905 còn sở hữu hàng loạt tính năng ưu việt:\n*   **Kết nối đa dạng:** Tận hưởng sự linh hoạt tối đa với kết nối 3 chế độ (Bluetooth 5.0, 2.4G không dây và USB-C có dây), cho phép bạn chuyển đổi liền mạch giữa PC, laptop, máy tính bảng và điện thoại thông minh.\n*   **Hot-swappable:** Tùy chỉnh trải nghiệm gõ phím của bạn không giới hạn với khả năng thay nóng switch, tương thích với hầu hết các loại switch 3-pin và 5-pin, dễ dàng thay đổi cảm giác gõ mà không cần hàn.\n*   **Keycap PBT Double-shot cao cấp:** Bền bỉ theo thời gian, chống bóng mòn và phai màu, mang lại cảm giác gõ chắc chắn, sang trọng và giữ cho bàn phím luôn như mới.\n*   **Cấu trúc Gasket Mount:** Đảm bảo âm thanh gõ phím trong trẻo, êm dịu và giảm thiểu rung động, tạo nên trải nghiệm gõ phím tuyệt vời, ''thocky'' và thoải mái.\n*   **LED RGB sống động:** Tùy chỉnh hàng triệu màu sắc và hiệu ứng ánh sáng thông qua phần mềm chuyên dụng, biến bàn phím của bạn thành một bữa tiệc ánh sáng đầy mê hoặc, phù hợp với mọi tâm trạng và không gian.\n*   **Layout 99 phím tối ưu:** Giữ lại đầy đủ các phím chức năng và NumPad cần thiết trong một form factor gọn gàng, tiết kiệm không gian bàn làm việc mà vẫn đảm bảo hiệu suất.\n\nAULA F99 PRO F9905 không chỉ là một bàn phím, mà là người bạn đồng hành tin cậy, giúp bạn chinh phục mọi thử thách, biến mỗi cú chạm phím thành một trải nghiệm nghệ thuật.',
            24, 'https://product.hstatic.net/200000722513/product/aula-f99-pro-ban-phim-co-gaming-photoroom_8a122f23306243719637da58057c715c.png', '2025-01-11T04:09:46+00:00',1);
        
INSERT INTO product_image (name, product_variant_id, image_url, is_main)
VALUES
    ('Ảnh 1', 278, 'https://product.hstatic.net/200000722513/product/aula-f99-pro-ban-phim-co-gaming-photoroom_8a122f23306243719637da58057c715c.png', TRUE),
    ('Ảnh 2', 278, 'https://product.hstatic.net/200000722513/product/aula-f99-pro-ban-phim-co-gaming__2_-photoroom_530bcfbb9d2b49c8affd868866fdbbaf.png', FALSE),
    ('Ảnh 3', 278, 'https://product.hstatic.net/200000722513/product/aula-f99-pro-ban-phim-co-gaming__1_-photoroom_73c35e407f1248a0b771bb2b508c58f5.png', FALSE);
---
INSERT INTO product (name, seo_name, brand_id, specifications, description, created_by, image_url) 
    VALUES (
        'Bàn phím AULA F99 (Đen + Trắng + Xanh lá/ Whale Sea switch) F9909', 'ban-phim-aula-f99-den-trang-xanh-la-whale-sea-switch', 22,
        '{}',
        'Trong thế giới gaming và công việc hiện đại,bàn phím máy tínhkhông chỉ là công cụ nhập liệu mà còn là người bạn đồng hành, thể hiện cá tính và nâng cao hiệu suất. Bàn phím AULA F99 (Đen + Trắng + Xanh lá/ Whale Sea switch) xuất hiện như một làn gió mới, kết hợp giữa thiết kế tinh tế, tính năng đa dạng và trải nghiệm gõ phím tuyệt vời. Hãy cùng GEARVN khám phá chi tiết \"người bạn đồng hành\" đáng tin cậy này trong phần dưới đây.',
        1, 'https://product.hstatic.net/200000722513/product/aula-f99-ban-phim-co-gaming-3-mo__13_-photoroom_74f8a62f1ebe4de0b3fc62395f75069b.png'
    );
INSERT INTO product_category (product_id, category_id) VALUES (279, 28);
INSERT INTO product_variant (
        product_id, name, seo_name, supplier_id, price, price_sale, quantity, sku, model, barcode, 
        specifications, description, warranty, image_url, release_at, created_by)
        VALUES ( 279, 'Bàn phím AULA F99 (Đen + Trắng + Xanh lá/ Whale Sea switch) F9909', 'ban-phim-aula-f99-den-trang-xanh-la-whale-sea-switch',
            1, 2240000, 1590000, 10, 'KB-AULA-F99-BLK-WHI-GREEN-WHALE-SEA-SW',
            'KB-AULA-F99-BLK-WHI-GREEN-WHALE-SEA-SW', 'KB-AULA-F99-BLK-WHI-GREEN-WHALE-SEA-SW',
            '{}',
            'Trong thế giới gaming và công việc hiện đại,bàn phím máy tínhkhông chỉ là công cụ nhập liệu mà còn là người bạn đồng hành, thể hiện cá tính và nâng cao hiệu suất. Bàn phím AULA F99 (Đen + Trắng + Xanh lá/ Whale Sea switch) xuất hiện như một làn gió mới, kết hợp giữa thiết kế tinh tế, tính năng đa dạng và trải nghiệm gõ phím tuyệt vời. Hãy cùng GEARVN khám phá chi tiết \"người bạn đồng hành\" đáng tin cậy này trong phần dưới đây.',
            24, 'https://product.hstatic.net/200000722513/product/aula-f99-ban-phim-co-gaming-3-mo__13_-photoroom_74f8a62f1ebe4de0b3fc62395f75069b.png', '2025-01-11T04:09:46+00:00',1);
        
INSERT INTO product_image (name, product_variant_id, image_url, is_main)
VALUES
    ('Ảnh 1', 279, 'https://product.hstatic.net/200000722513/product/aula-f99-ban-phim-co-gaming-3-mo__13_-photoroom_74f8a62f1ebe4de0b3fc62395f75069b.png', TRUE),
    ('Ảnh 2', 279, 'https://product.hstatic.net/200000722513/product/aula-f99-ban-phim-co-gaming-3-mo__12_-photoroom_7048eecbea5043c1b22f91074d599031.png', FALSE),
    ('Ảnh 3', 279, 'https://product.hstatic.net/200000722513/product/aula-f99-ban-phim-co-gaming-3-mo__14_-photoroom_1433667423e44f9087c22edc5707f2b0.png', FALSE),
    ('Ảnh 4', 279, 'https://product.hstatic.net/200000722513/product/aula-f99-ban-phim-co-gaming-3-mo__19_-photoroom_1d9ba8a116cf4677ad514c60d771d5a1.png', FALSE),
    ('Ảnh 5', 279, 'https://product.hstatic.net/200000722513/product/aula-f99-ban-phim-co-gaming-3-mo__18_-photoroom_3ff84abc838349a99a7082de672438b7.png', FALSE),
    ('Ảnh 6', 279, 'https://product.hstatic.net/200000722513/product/aula-f99-ban-phim-co-gaming-3-mo__17_-photoroom_1a4fcbf15c59425bb0ba3f7d9267d368.png', FALSE);
---
INSERT INTO product (name, seo_name, brand_id, specifications, description, created_by, image_url) 
    VALUES (
        'Bàn phím AULA F99 (Đen + Trắng + Xanh dương/ Star Vector switch) F9907', 'ban-phim-aula-f99-den-trang-xanh-duong-star-vector-switch', 22,
        '{}',
        'Trong thế giới gaming và công việc hiện đại,bàn phím máy tínhkhông chỉ là công cụ nhập liệu mà còn là người bạn đồng hành, thể hiện cá tính và nâng cao hiệu suất. AULA F99 (Đen + Trắng + Xanh dương/ Star Vector switch) xuất hiện như một làn gió mới, kết hợp giữa thiết kế tinh tế, tính năng đa dạng và trải nghiệm gõ phím tuyệt vời. Hãy cùng GEARVN khám phá chi tiết \"người bạn đồng hành\" đáng tin cậy này trong phần dưới đây.',
        1, 'https://product.hstatic.net/200000722513/product/aula-f99-ban-phim-co-gaming-3-mo__7_-photoroom_28b84fa749134684bd301294f1f68bd2.png'
    );
INSERT INTO product_category (product_id, category_id) VALUES (280, 28);
INSERT INTO product_variant (
        product_id, name, seo_name, supplier_id, price, price_sale, quantity, sku, model, barcode, 
        specifications, description, warranty, image_url, release_at, created_by)
        VALUES ( 280, 'Bàn phím AULA F99 (Đen + Trắng + Xanh dương/ Star Vector switch) F9907', 'ban-phim-aula-f99-den-trang-xanh-duong-star-vector-switch',
            1, 1929000, 1490000, 10, 'KB-AULA-F99-BLK-WHI-BLUE-STAR-VECTOR-SW',
            'KB-AULA-F99-BLK-WHI-BLUE-STAR-VECTOR-SW', 'KB-AULA-F99-BLK-WHI-BLUE-STAR-VECTOR-SW',
            '{}',
            'Trong thế giới gaming và công việc hiện đại,bàn phím máy tínhkhông chỉ là công cụ nhập liệu mà còn là người bạn đồng hành, thể hiện cá tính và nâng cao hiệu suất. AULA F99 (Đen + Trắng + Xanh dương/ Star Vector switch) xuất hiện như một làn gió mới, kết hợp giữa thiết kế tinh tế, tính năng đa dạng và trải nghiệm gõ phím tuyệt vời. Hãy cùng GEARVN khám phá chi tiết \"người bạn đồng hành\" đáng tin cậy này trong phần dưới đây.',
            24, 'https://product.hstatic.net/200000722513/product/aula-f99-ban-phim-co-gaming-3-mo__7_-photoroom_28b84fa749134684bd301294f1f68bd2.png', '2025-01-11T04:09:46+00:00',1);
        
INSERT INTO product_image (name, product_variant_id, image_url, is_main)
VALUES
    ('Ảnh 1', 280, 'https://product.hstatic.net/200000722513/product/aula-f99-ban-phim-co-gaming-3-mo__7_-photoroom_28b84fa749134684bd301294f1f68bd2.png', TRUE),
    ('Ảnh 2', 280, 'https://product.hstatic.net/200000722513/product/aula-f99-ban-phim-co-gaming-3-mo__9_-photoroom_dd757374c479470f9e97b2d7400f3d58.png', FALSE),
    ('Ảnh 3', 280, 'https://product.hstatic.net/200000722513/product/aula-f99-ban-phim-co-gaming-3-mo__8_-photoroom_39f3bd77ed9249319e053cd5627c089f.png', FALSE),
    ('Ảnh 4', 280, 'https://product.hstatic.net/200000722513/product/aula-f99-ban-phim-co-gaming-3-mo__11_-photoroom_5af6d18413ea488fa7649d31294adc80.png', FALSE),
    ('Ảnh 5', 280, 'https://product.hstatic.net/200000722513/product/aula-f99-ban-phim-co-gaming-3-mo__10_-photoroom_51a2b0531d014d9a9718f4da0fe53b89.png', FALSE);
---
INSERT INTO product (name, seo_name, brand_id, specifications, description, created_by, image_url) 
    VALUES (
        'Bàn phím AULA F99 (Xanh dương + Trắng + Tím đậm/ Reaper switch) F9901', 'ban-phim-aula-f99-xanh-duong-trang-tim-dam-reaper-switch', 22,
        '{"Bàn phím cơ Aula F99 không chỉ gây ấn tượng với thiết kế và trải nghiệm gõ phím, mà còn vượt trội về đa dạng các kết nối, mang đến sự tiện lợi cho mọi nhu cầu. Sản phẩm&nbsp;được trang bị ba phương thức kết nối linh hoạt và tiện lợi": "Kết nối có dây (Wired), Bluetooth và Kết nối 2.4GHz. Nhờ ba chế độ kết nối linh hoạt này, bàn phím AULA F99 giúp người dùng có thể thích ứng trong mọi tình huống."}',
        'Việc tìm kiếm một sản phẩm vừa có thiết kế đẹp mắt, vừa mang lại trải nghiệm gõ phím tốt và giá cả phải chăng trong thế giới bàn phím cơ đa dạng là điều khá khó khăn. Tuy nhiên hôm nay, GearVN muốn gợi ý cho bạn bàn phím AULA F99 với phiên bản phối màu Xanh dương + Trắng + Tím đậm&nbsp;và Reaper switch, chắc chắn sẽ đáp ứng được các mong muốn của bạn.',
        1, 'https://product.hstatic.net/200000722513/product/aula-f99-ban-phim-co-gaming-3-mo-photoroom_fee433e8b64e4841ab726c26679e1c6e.png'
    );
INSERT INTO product_category (product_id, category_id) VALUES (281, 28);
INSERT INTO product_variant (
        product_id, name, seo_name, supplier_id, price, price_sale, quantity, sku, model, barcode, 
        specifications, description, warranty, image_url, release_at, created_by)
        VALUES ( 281, 'Bàn phím AULA F99 (Xanh dương + Trắng + Tím đậm/ Reaper switch) F9901', 'ban-phim-aula-f99-xanh-duong-trang-tim-dam-reaper-switch',
            1, 2150000, 1490000, 10, 'KB-AULA-F99-BLUE-WHI-PUR-REAPER-SW',
            'KB-AULA-F99-BLUE-WHI-PUR-REAPER-SW', 'KB-AULA-F99-BLUE-WHI-PUR-REAPER-SW',
            '{"Bàn phím cơ Aula F99 không chỉ gây ấn tượng với thiết kế và trải nghiệm gõ phím, mà còn vượt trội về đa dạng các kết nối, mang đến sự tiện lợi cho mọi nhu cầu. Sản phẩm&nbsp;được trang bị ba phương thức kết nối linh hoạt và tiện lợi": "Kết nối có dây (Wired), Bluetooth và Kết nối 2.4GHz. Nhờ ba chế độ kết nối linh hoạt này, bàn phím AULA F99 giúp người dùng có thể thích ứng trong mọi tình huống."}',
            'Việc tìm kiếm một sản phẩm vừa có thiết kế đẹp mắt, vừa mang lại trải nghiệm gõ phím tốt và giá cả phải chăng trong thế giới bàn phím cơ đa dạng là điều khá khó khăn. Tuy nhiên hôm nay, GearVN muốn gợi ý cho bạn bàn phím AULA F99 với phiên bản phối màu Xanh dương + Trắng + Tím đậm&nbsp;và Reaper switch, chắc chắn sẽ đáp ứng được các mong muốn của bạn.',
            24, 'https://product.hstatic.net/200000722513/product/aula-f99-ban-phim-co-gaming-3-mo-photoroom_fee433e8b64e4841ab726c26679e1c6e.png', '2025-01-11T04:09:46+00:00',1);
        
INSERT INTO product_image (name, product_variant_id, image_url, is_main)
VALUES
    ('Ảnh 1', 281, 'https://product.hstatic.net/200000722513/product/aula-f99-ban-phim-co-gaming-3-mo-photoroom_fee433e8b64e4841ab726c26679e1c6e.png', TRUE),
    ('Ảnh 2', 281, 'https://product.hstatic.net/200000722513/product/aula-f99-ban-phim-co-gaming-3-mo__2_-photoroom_51548524339540cca4efb95ed02491a5.png', FALSE),
    ('Ảnh 3', 281, 'https://product.hstatic.net/200000722513/product/aula-f99-ban-phim-co-gaming-3-mo__1_-photoroom_2dc2e367dc254bcc81e2aaaad989b50c.png', FALSE),
    ('Ảnh 4', 281, 'https://product.hstatic.net/200000722513/product/aula-f99-ban-phim-co-gaming-phie__2_-photoroom_078616f8a3e94c218e9185b7a8f9394a.png', FALSE),
    ('Ảnh 5', 281, 'https://product.hstatic.net/200000722513/product/aula-f99-ban-phim-co-gaming-phie__3_-photoroom_a9385fbbbc7b4687a077009c24f2b0cc.png', FALSE);
---
INSERT INTO product (name, seo_name, brand_id, specifications, description, created_by, image_url) 
    VALUES (
        'Bàn phím AULA F99 (Đen + Trắng + Hồng/ Grey Wood V3 switch) F99LWP', 'ban-phim-aula-f99-den-trang-hong-grey-wood-v3-switch', 22,
        '{"Bàn phím cơ Aula F99 không chỉ gây ấn tượng với thiết kế và trải nghiệm gõ phím, mà còn vượt trội về đa dạng các kết nối, mang đến sự tiện lợi cho mọi nhu cầu. Sản phẩm&nbsp;được trang bị ba phương thức kết nối linh hoạt và tiện lợi": "Kết nối có dây (Wired), Bluetooth và Kết nối 2.4GHz. Nhờ ba chế độ kết nối linh hoạt này, bàn phím AULA F99 giúp người dùng có thể thích ứng trong mọi tình huống."}',
        'Việc tìm kiếm một sản phẩm vừa có thiết kế đẹp mắt, vừa mang lại trải nghiệm gõ phím tốt và giá cả phải chăng trong thế giới bàn phím cơ đa dạng là điều khá khó khăn. Tuy nhiên hôm nay, GearVN muốn gợi ý cho bạn bàn phím AULA F99 với phiên bản phối màu Đen + Trắng + Hồng&nbsp;và switch Grey Wood V3, chắc chắn sẽ đáp ứng được các mong muốn của bạn.',
        1, 'https://product.hstatic.net/200000722513/product/aula-f99-ban-phim-co-gaming-phie__4_-photoroom_813848302de148d5b38f8bc3484d64e4.png'
    );
INSERT INTO product_category (product_id, category_id) VALUES (282, 28);
INSERT INTO product_variant (
        product_id, name, seo_name, supplier_id, price, price_sale, quantity, sku, model, barcode, 
        specifications, description, warranty, image_url, release_at, created_by)
        VALUES ( 282, 'Bàn phím AULA F99 (Đen + Trắng + Hồng/ Grey Wood V3 switch) F99LWP', 'ban-phim-aula-f99-den-trang-hong-grey-wood-v3-switch',
            1, 2150000, 1490000, 10, 'KB-AULA-F99-BLK-WHI-PINK-GREY-WOOD-V3-SW',
            'KB-AULA-F99-BLK-WHI-PINK-GREY-WOOD-V3-SW', 'KB-AULA-F99-BLK-WHI-PINK-GREY-WOOD-V3-SW',
            '{"Bàn phím cơ Aula F99 không chỉ gây ấn tượng với thiết kế và trải nghiệm gõ phím, mà còn vượt trội về đa dạng các kết nối, mang đến sự tiện lợi cho mọi nhu cầu. Sản phẩm&nbsp;được trang bị ba phương thức kết nối linh hoạt và tiện lợi": "Kết nối có dây (Wired), Bluetooth và Kết nối 2.4GHz. Nhờ ba chế độ kết nối linh hoạt này, bàn phím AULA F99 giúp người dùng có thể thích ứng trong mọi tình huống."}',
            'Việc tìm kiếm một sản phẩm vừa có thiết kế đẹp mắt, vừa mang lại trải nghiệm gõ phím tốt và giá cả phải chăng trong thế giới bàn phím cơ đa dạng là điều khá khó khăn. Tuy nhiên hôm nay, GearVN muốn gợi ý cho bạn bàn phím AULA F99 với phiên bản phối màu Đen + Trắng + Hồng&nbsp;và switch Grey Wood V3, chắc chắn sẽ đáp ứng được các mong muốn của bạn.',
            24, 'https://product.hstatic.net/200000722513/product/aula-f99-ban-phim-co-gaming-phie__4_-photoroom_813848302de148d5b38f8bc3484d64e4.png', '2025-01-11T04:09:46+00:00',1);
        
INSERT INTO product_image (name, product_variant_id, image_url, is_main)
VALUES
    ('Ảnh 1', 282, 'https://product.hstatic.net/200000722513/product/aula-f99-ban-phim-co-gaming-phie__4_-photoroom_813848302de148d5b38f8bc3484d64e4.png', TRUE),
    ('Ảnh 2', 282, 'https://product.hstatic.net/200000722513/product/aula-f99-ban-phim-co-gaming-phie__6_-photoroom_1490f1cbb5a44d3ea8b01bd18e0dd5e3.png', FALSE),
    ('Ảnh 3', 282, 'https://product.hstatic.net/200000722513/product/aula-f99-ban-phim-co-gaming-phie__5_-photoroom_b15336379ae24c07b4523b0800063e68.png', FALSE),
    ('Ảnh 4', 282, 'https://product.hstatic.net/200000722513/product/aula-f99-ban-phim-co-gaming-phie__9_-photoroom_44a69f314b9345c68c023778bd4081b5.png', FALSE),
    ('Ảnh 5', 282, 'https://product.hstatic.net/200000722513/product/aula-f99-ban-phim-co-gaming-phie__8_-photoroom_160012a717e6470895a73d21ba7864bf.png', FALSE),
    ('Ảnh 6', 282, 'https://product.hstatic.net/200000722513/product/aula-f99-ban-phim-co-gaming-phie__7_-photoroom_5050364a06e048608761b189330e6ca6.png', FALSE);
---
INSERT INTO product (name, seo_name, brand_id, specifications, description, created_by, image_url) 
    VALUES (
        'Bàn phím AULA F99 (Xanh dương + Trắng + Tím đậm/ Grey Wood V3 switch) F9908', 'ban-phim-aula-f99-xanh-duong-trang-tim-grey-wood-v3-switch', 22,
        '{"Bàn phím cơ Aula F99 không chỉ gây ấn tượng với thiết kế và trải nghiệm gõ phím, mà còn vượt trội về đa dạng các kết nối, mang đến sự tiện lợi cho mọi nhu cầu. Sản phẩm&nbsp;được trang bị ba phương thức kết nối linh hoạt và tiện lợi": "Kết nối có dây (Wired), Bluetooth và Kết nối 2.4GHz. Nhờ ba chế độ kết nối linh hoạt này, bàn phím AULA F99 giúp người dùng có thể thích ứng trong mọi tình huống."}',
        'Việc tìm kiếm một sản phẩm vừa có thiết kế đẹp mắt, vừa mang lại trải nghiệm gõ phím tốt và giá cả phải chăng trong thế giới bàn phím cơ đa dạng là điều khá khó khăn. Tuy nhiên hôm nay, GearVN muốn gợi ý cho bạn bàn phím AULA F99 với phiên bản phối màu Xanh dương + Trắng + Tím đậm&nbsp;và switch Grey Wood V3, chắc chắn sẽ đáp ứng được các mong muốn của bạn.',
        1, 'https://product.hstatic.net/200000722513/product/aula-f99-ban-phim-co-gaming-3-mo-photoroom_93d6f88d65494534bc7c665595977486.png'
    );
INSERT INTO product_category (product_id, category_id) VALUES (283, 28);
INSERT INTO product_variant (
        product_id, name, seo_name, supplier_id, price, price_sale, quantity, sku, model, barcode, 
        specifications, description, warranty, image_url, release_at, created_by)
        VALUES ( 283, 'Bàn phím AULA F99 (Xanh dương + Trắng + Tím đậm/ Grey Wood V3 switch) F9908', 'ban-phim-aula-f99-xanh-duong-trang-tim-grey-wood-v3-switch',
            1, 1900000, 1490000, 10, 'KB-AULA-F99-BLUE-WHI-PUR-GREY-WOOD-V3-SW',
            'KB-AULA-F99-BLUE-WHI-PUR-GREY-WOOD-V3-SW', 'KB-AULA-F99-BLUE-WHI-PUR-GREY-WOOD-V3-SW',
            '{"Bàn phím cơ Aula F99 không chỉ gây ấn tượng với thiết kế và trải nghiệm gõ phím, mà còn vượt trội về đa dạng các kết nối, mang đến sự tiện lợi cho mọi nhu cầu. Sản phẩm&nbsp;được trang bị ba phương thức kết nối linh hoạt và tiện lợi": "Kết nối có dây (Wired), Bluetooth và Kết nối 2.4GHz. Nhờ ba chế độ kết nối linh hoạt này, bàn phím AULA F99 giúp người dùng có thể thích ứng trong mọi tình huống."}',
            'Việc tìm kiếm một sản phẩm vừa có thiết kế đẹp mắt, vừa mang lại trải nghiệm gõ phím tốt và giá cả phải chăng trong thế giới bàn phím cơ đa dạng là điều khá khó khăn. Tuy nhiên hôm nay, GearVN muốn gợi ý cho bạn bàn phím AULA F99 với phiên bản phối màu Xanh dương + Trắng + Tím đậm&nbsp;và switch Grey Wood V3, chắc chắn sẽ đáp ứng được các mong muốn của bạn.',
            24, 'https://product.hstatic.net/200000722513/product/aula-f99-ban-phim-co-gaming-3-mo-photoroom_93d6f88d65494534bc7c665595977486.png', '2025-01-11T04:09:46+00:00',1);
        
INSERT INTO product_image (name, product_variant_id, image_url, is_main)
VALUES
    ('Ảnh 1', 283, 'https://product.hstatic.net/200000722513/product/aula-f99-ban-phim-co-gaming-3-mo-photoroom_93d6f88d65494534bc7c665595977486.png', TRUE),
    ('Ảnh 2', 283, 'https://product.hstatic.net/200000722513/product/aula-f99-ban-phim-co-gaming-3-mo__2_-photoroom_0c0fc220984443feba10b1b70b317cfe.png', FALSE),
    ('Ảnh 3', 283, 'https://product.hstatic.net/200000722513/product/aula-f99-ban-phim-co-gaming-3-mo__1_-photoroom_079f5b8849c74cd99344936f55562f3e.png', FALSE),
    ('Ảnh 4', 283, 'https://product.hstatic.net/200000722513/product/aula-f99-ban-phim-co-gaming-3-mo__5_-photoroom_6b6a2185aa0145a4ac76eaf1ad85cf08.png', FALSE),
    ('Ảnh 5', 283, 'https://product.hstatic.net/200000722513/product/aula-f99-ban-phim-co-gaming-3-mo__4_-photoroom_78fa1b4a6add40eda1ce0b8e5dacbb17.png', FALSE),
    ('Ảnh 6', 283, 'https://product.hstatic.net/200000722513/product/aula-f99-ban-phim-co-gaming-3-mo__3_-photoroom_b516a9c585f54a6ba58df69e3cec48e3.png', FALSE),
    ('Ảnh 7', 283, 'https://product.hstatic.net/200000722513/product/aula-f99-ban-phim-co-gaming-3-mo__6_-photoroom_c3fe5d2ffdd140bea2ff60af8209611c.png', FALSE);
---
INSERT INTO product (name, seo_name, brand_id, specifications, description, created_by, image_url) 
    VALUES (
        'Bàn phím AULA F75 PRO (Trắng + Xanh Dương Gradient - Seiya/Star Vector switch) F7503', 'ban-phim-aula-f75-pro-trang-xanh-duong-gradient-seiya-star-vector-switch', 22,
        '{}',
        'Bàn phím AULA F75 PRO là một trong những sản phẩm được yêu thích trong cộng đồng game thủ nhờ thiết kế bắt mắt và hiệu suất vượt trội. Với sự kết hợp giữa màu sắc hiện đại và công nghệ tiên tiến, sản phẩm này hứa hẹn sẽ mang lại trải nghiệm người dùng tuyệt vời. Dưới đây là những đánh giá chi tiết về sản phẩm này.Thiết kế ấn tượng và chất liệu cao cấpBàn phím AULA F75 PRO được thiết kế với màu trắng kết hợp xanh dương gradient, mang đến vẻ ngoài thời thượng và đầy cá tính. Vỏbàn phímđược làm từ chất liệu nhựa cao cấp, không chỉ bền bỉ mà còn dễ dàng vệ sinh. Hệ thống đèn LED RGB phát sáng mạnh mẽ và có thể tùy chỉnh, tạo nên không gian gaming sống động.Switch Seiya/Star VectorMột trong những điểm nổi bật của AULA F75 PRO chính là hệ thống switch Seiya/Star Vector. Switch này có độ nhạy cao, phản hồi nhanh và cho phép người dùng điều chỉnh lực nhấn theo sở thích. Điều này không chỉ hỗ trợ trong việc chơi game mà còn mang lại cảm giác gõ thoải mái khi làm việc.Tính năng kết nối linh hoạtBàn phím AULA F75 PRO hỗ trợ chế độ kết nối đa dạng như có dây và không dây, mang đến sự linh hoạt cho người dùng. Bạn có thể dễ dàng kết nối với nhiều thiết bị khác nhau mà không lo về độ trễ trong quá trình sử dụng. Tính năng này rất tiện lợi cho những ai thường xuyên di chuyển hoặc sử dụng bàn phím với nhiều thiết bị khác nhau.Đèn LED RGB tùy chỉnhHệ thống đèn LED RGB trên AULA F75 PRO không chỉ đẹp mắt mà còn cho phép người dùng tùy chỉnh theo sở thích cá nhân. Bạn có thể thay đổi màu sắc, hiệu ứng ánh sáng và thậm chí là tạo ra các bộ sưu tập riêng cho mình. Điều này giúp gia tăng sự thú vị trong quá trình trải nghiệm gaming và tạo ra một không gian làm việc đầy cảm hứng.Chế độ Anti-Ghosting và N-key RolloverAULA F75 PRO được trang bị công nghệ Anti-Ghosting và N-key rollover, đảm bảo rằng mọi thao tác của bạn đều được ghi nhận chính xác ngay cả khi thực hiện nhiều phím cùng lúc. Tính năng này đặc biệt quan trọng đối với những game thủ yêu cầu cao về tốc độ và độ chính xác.Bàn phím có phần mềm tùy chỉnhAULA F75 PRO đi kèm với phần mềm tùy chỉnh, cho phép người sử dụng điều chỉnh các thiết lập nhưmacro, ánh sáng, và các thông số khác của bàn phím. Điều này giúp người dùng tối ưu hóa trải nghiệm sử dụng và phù hợp với nhu cầu cá nhân của từng người.Với thiết kế đẹp mắt, tính năng độc đáo và hiệu suất vượt trội, bàn phímAULA F75PRO (Trắng + Xanh Dương Gradient - Seiya/Star Vector switch) là sự lựa chọn lý tưởng cho bất kỳ game thủ nào. Dù bạn là một gamer chuyên nghiệp hay chỉ là người yêu thích chơi game giải trí, sản phẩm này đều sẽ không làm bạn thất vọng. Hãy trải nghiệm ngay để cảm nhận sự khác biệt mà AULA F75 PRO mang lại!',
        1, 'https://product.hstatic.net/200000722513/product/aula-f75-pro-ban-phim-co-gaming__5_-photoroom_b48bd747e619402299dea4d876c9a20b.png'
    );
INSERT INTO product_category (product_id, category_id) VALUES (284, 28);
INSERT INTO product_variant (
        product_id, name, seo_name, supplier_id, price, price_sale, quantity, sku, model, barcode, 
        specifications, description, warranty, image_url, release_at, created_by)
        VALUES ( 284, 'Bàn phím AULA F75 PRO (Trắng + Xanh Dương Gradient - Seiya/Star Vector switch) F7503', 'ban-phim-aula-f75-pro-trang-xanh-duong-gradient-seiya-star-vector-switch',
            1, 1860000, 1299000, 10, 'KB-AULA-F75-PRO-WHI-BLUE-SEIYA-STAR-VECTOR-SW',
            'KB-AULA-F75-PRO-WHI-BLUE-SEIYA-STAR-VECTOR-SW', 'KB-AULA-F75-PRO-WHI-BLUE-SEIYA-STAR-VECTOR-SW',
            '{}',
            'Bàn phím AULA F75 PRO là một trong những sản phẩm được yêu thích trong cộng đồng game thủ nhờ thiết kế bắt mắt và hiệu suất vượt trội. Với sự kết hợp giữa màu sắc hiện đại và công nghệ tiên tiến, sản phẩm này hứa hẹn sẽ mang lại trải nghiệm người dùng tuyệt vời. Dưới đây là những đánh giá chi tiết về sản phẩm này.Thiết kế ấn tượng và chất liệu cao cấpBàn phím AULA F75 PRO được thiết kế với màu trắng kết hợp xanh dương gradient, mang đến vẻ ngoài thời thượng và đầy cá tính. Vỏbàn phímđược làm từ chất liệu nhựa cao cấp, không chỉ bền bỉ mà còn dễ dàng vệ sinh. Hệ thống đèn LED RGB phát sáng mạnh mẽ và có thể tùy chỉnh, tạo nên không gian gaming sống động.Switch Seiya/Star VectorMột trong những điểm nổi bật của AULA F75 PRO chính là hệ thống switch Seiya/Star Vector. Switch này có độ nhạy cao, phản hồi nhanh và cho phép người dùng điều chỉnh lực nhấn theo sở thích. Điều này không chỉ hỗ trợ trong việc chơi game mà còn mang lại cảm giác gõ thoải mái khi làm việc.Tính năng kết nối linh hoạtBàn phím AULA F75 PRO hỗ trợ chế độ kết nối đa dạng như có dây và không dây, mang đến sự linh hoạt cho người dùng. Bạn có thể dễ dàng kết nối với nhiều thiết bị khác nhau mà không lo về độ trễ trong quá trình sử dụng. Tính năng này rất tiện lợi cho những ai thường xuyên di chuyển hoặc sử dụng bàn phím với nhiều thiết bị khác nhau.Đèn LED RGB tùy chỉnhHệ thống đèn LED RGB trên AULA F75 PRO không chỉ đẹp mắt mà còn cho phép người dùng tùy chỉnh theo sở thích cá nhân. Bạn có thể thay đổi màu sắc, hiệu ứng ánh sáng và thậm chí là tạo ra các bộ sưu tập riêng cho mình. Điều này giúp gia tăng sự thú vị trong quá trình trải nghiệm gaming và tạo ra một không gian làm việc đầy cảm hứng.Chế độ Anti-Ghosting và N-key RolloverAULA F75 PRO được trang bị công nghệ Anti-Ghosting và N-key rollover, đảm bảo rằng mọi thao tác của bạn đều được ghi nhận chính xác ngay cả khi thực hiện nhiều phím cùng lúc. Tính năng này đặc biệt quan trọng đối với những game thủ yêu cầu cao về tốc độ và độ chính xác.Bàn phím có phần mềm tùy chỉnhAULA F75 PRO đi kèm với phần mềm tùy chỉnh, cho phép người sử dụng điều chỉnh các thiết lập nhưmacro, ánh sáng, và các thông số khác của bàn phím. Điều này giúp người dùng tối ưu hóa trải nghiệm sử dụng và phù hợp với nhu cầu cá nhân của từng người.Với thiết kế đẹp mắt, tính năng độc đáo và hiệu suất vượt trội, bàn phímAULA F75PRO (Trắng + Xanh Dương Gradient - Seiya/Star Vector switch) là sự lựa chọn lý tưởng cho bất kỳ game thủ nào. Dù bạn là một gamer chuyên nghiệp hay chỉ là người yêu thích chơi game giải trí, sản phẩm này đều sẽ không làm bạn thất vọng. Hãy trải nghiệm ngay để cảm nhận sự khác biệt mà AULA F75 PRO mang lại!',
            24, 'https://product.hstatic.net/200000722513/product/aula-f75-pro-ban-phim-co-gaming__5_-photoroom_b48bd747e619402299dea4d876c9a20b.png', '2025-01-11T04:09:46+00:00',1);
        
INSERT INTO product_image (name, product_variant_id, image_url, is_main)
VALUES
    ('Ảnh 1', 284, 'https://product.hstatic.net/200000722513/product/aula-f75-pro-ban-phim-co-gaming__5_-photoroom_b48bd747e619402299dea4d876c9a20b.png', TRUE),
    ('Ảnh 2', 284, 'https://product.hstatic.net/200000722513/product/aula-f75-pro-ban-phim-co-gaming__6_-photoroom_db0aab408ca7406f93687f222a759f9c.png', FALSE),
    ('Ảnh 3', 284, 'https://product.hstatic.net/200000722513/product/aula-f75-pro-ban-phim-co-gaming__7_-photoroom_474094c13a70423a92a1e3f8203599d8.png', FALSE),
    ('Ảnh 4', 284, 'https://product.hstatic.net/200000722513/product/aula-f75-pro-ban-phim-co-gaming__9_-photoroom_d29fe239a3b349f1bc6cee5244b8cc6f.png', FALSE),
    ('Ảnh 5', 284, 'https://product.hstatic.net/200000722513/product/aula-f75-pro-ban-phim-co-gaming__8_-photoroom_5433144a128141b5bf57db3c87688cb5.png', FALSE);
---
INSERT INTO product (name, seo_name, brand_id, specifications, description, created_by, image_url) 
    VALUES (
        'Bàn phím AULA F75 PRO (Trắng + Tím Gradient - Seiya/ Star Vector switch) F7502', 'ban-phim-aula-f75-pro-trang-tim-gradient-seiya-star-vector-switch', 22,
        '{}',
        'Bàn phím AULA F75 PRO là một sự lựa chọn hấp dẫn cho những người yêu thích game và làm việc văn phòng. Với thiết kế màu sắc gradient tinh tế cùng công nghệ switch hiện đại, sản phẩm này hứa hẹn mang đến trải nghiệm tuyệt vời cho người sử dụng. Dưới đây là cái nhìn chi tiết về các đặc tính, tính năng nổi bật của chiếcbàn phímnày.',
        1, 'https://product.hstatic.net/200000722513/product/aula-f75-pro-ban-phim-co-gaming-photoroom_2e4dae0a4a324f5ab4b8f81e586fcb0b.png'
    );
INSERT INTO product_category (product_id, category_id) VALUES (285, 28);
INSERT INTO product_variant (
        product_id, name, seo_name, supplier_id, price, price_sale, quantity, sku, model, barcode, 
        specifications, description, warranty, image_url, release_at, created_by)
        VALUES ( 285, 'Bàn phím AULA F75 PRO (Trắng + Tím Gradient - Seiya/ Star Vector switch) F7502', 'ban-phim-aula-f75-pro-trang-tim-gradient-seiya-star-vector-switch',
            1, 1860000, 1299000, 10, 'KB-AULA-F75-PRO-WHI-PUR-SEIYA-STAR-VECTOR-SW',
            'KB-AULA-F75-PRO-WHI-PUR-SEIYA-STAR-VECTOR-SW', 'KB-AULA-F75-PRO-WHI-PUR-SEIYA-STAR-VECTOR-SW',
            '{}',
            'Bàn phím AULA F75 PRO là một sự lựa chọn hấp dẫn cho những người yêu thích game và làm việc văn phòng. Với thiết kế màu sắc gradient tinh tế cùng công nghệ switch hiện đại, sản phẩm này hứa hẹn mang đến trải nghiệm tuyệt vời cho người sử dụng. Dưới đây là cái nhìn chi tiết về các đặc tính, tính năng nổi bật của chiếcbàn phímnày.',
            24, 'https://product.hstatic.net/200000722513/product/aula-f75-pro-ban-phim-co-gaming-photoroom_2e4dae0a4a324f5ab4b8f81e586fcb0b.png', '2025-01-11T04:09:46+00:00',1);
        
INSERT INTO product_image (name, product_variant_id, image_url, is_main)
VALUES
    ('Ảnh 1', 285, 'https://product.hstatic.net/200000722513/product/aula-f75-pro-ban-phim-co-gaming-photoroom_2e4dae0a4a324f5ab4b8f81e586fcb0b.png', TRUE),
    ('Ảnh 2', 285, 'https://product.hstatic.net/200000722513/product/aula-f75-pro-ban-phim-co-gaming__1_-photoroom_0d7f022d3c7f48ee9277424308f5e3b2.png', FALSE),
    ('Ảnh 3', 285, 'https://product.hstatic.net/200000722513/product/aula-f75-pro-ban-phim-co-gaming__2_-photoroom_a20d3e1e9fca492695f3b00e9ffcd5e9.png', FALSE),
    ('Ảnh 4', 285, 'https://product.hstatic.net/200000722513/product/aula-f75-pro-ban-phim-co-gaming__4_-photoroom_3a2621ad12d547babb720f821d1aadb0.png', FALSE),
    ('Ảnh 5', 285, 'https://product.hstatic.net/200000722513/product/aula-f75-pro-ban-phim-co-gaming__3_-photoroom_b394d5c1f4b04ba68c2757b5a96a266c.png', FALSE);
---
INSERT INTO product (name, seo_name, brand_id, specifications, description, created_by, image_url) 
    VALUES (
        'Bàn phím AULA F75 (Xám + Đen Gradient/ Reaper switch) F7505', 'ban-phim-aula-f75-xam-den-gradient-reaper-switch', 22,
        '{}',
        'Bàn phím AULA F75 là một trong những sản phẩm nổi bật trong dòngbàn phím gaminghiện nay. Với thiết kế độc đáo và tính năng tối ưu cho việc chơi game cũng như làm việc, AULA F75 đã thu hút sự chú ý của nhiều game thủ và người dùng công nghệ. Dưới đây là những đánh giá chi tiết về sản phẩm này.Thiết kế tinh tế và hiện đạiBàn phím AULAF75 được thiết kế với phong cách xám + đen gradient, mang đến vẻ ngoài cực kỳ hiện đại và thời thượng. Sự kết hợp màu sắc này không chỉ tạo điểm nhấn mà còn dễ dàng hòa hợp với môi trường làm việc hay không gian gaming của bạn. Kích thước bàn phím hợp lý, phù hợp với các game thủ cần sự di chuyển nhanh chóng và linh hoạt.Switch Reaper độc quyềnMột trong những điểm nổi bật của AULA F75 chính là hệ thống switch Reaper độc quyền. Đây là loại switch cơ học mang lại cảm giác gõ tuyệt vời với độ phản hồi cực nhạy. Người dùng sẽ cảm nhận được sự chính xác trong từng cú nhấn, đem lại lợi thế trong các trận đấu căng thẳng. Switch Reaper còn được thiết kế để có độ bền cao, giúpbàn phímhoạt động ổn định trong thời gian dài.Chế độ kết nối đa dạngBàn phímAULA F75hỗ trợ nhiều chế độ kết nối, bao gồm kết nối có dây và không dây. Điều này mang lại sự linh hoạt cho người dùng khi có thể chọn cách kết nối phù hợp với nhu cầu sử dụng. Kết nối không dây tiện lợi giúp giảm thiểu sự rối rắm của dây cáp, cho phép bạn tận hưởng trải nghiệm chơi game mà không bị gò bó.Đèn nền RGB tùy chỉnhAULA F75 được trang bị hệ thống đèn nền RGB có thể tùy chỉnh theo nhiều chế độ khác nhau. Bạn có thể thay đổi màu sắc và hiệu ứng ánh sáng dễ dàng, tạo nên không gian gaming sống động và đầy màu sắc. Tính năng này không chỉ làm cho bàn phím trở nên nổi bật hơn mà còn giúp bạn dễ dàng sử dụng trong điều kiện ánh sáng yếu.Tính năng chống khối phímMột ưu điểm không thể bỏ qua của AULA F75 là tính năng chống khối phím (N-Key Rollover). Điều này cho phép bạn nhấn nhiều phím cùng một lúc mà không gặp phải vấn đề về phản hồi. Tính năng này cực kỳ hữu ích trong các trò chơi đòi hỏi sự phối hợp phím nhanh chóng và chính xác.Tính năng hỗ trợ đa dạngBàn phím AULA F75 cũng được trang bị những tính năng hỗ trợ đa dạng khác như khả năng lập trìnhmacro, giúp bạn dễ dàng tạo ra các phím tắt cho các chức năng mà bạn thường xuyên sử dụng. Điều này không chỉ giúp tăng hiệu suất làm việc mà còn đem lại cảm giác thoải mái hơn khi chơi game.Tổng kết lại, bàn phím AULA F75 là một sản phẩm đáng để sở hữu đối với bất kỳ game thủ hay người dùng công nghệ nào. Với thiết kế tinh tế, switch Reaper độc quyền, chế độ kết nối đa dạng cùng nhiều tính năng nổi bật khác, AULA F75 mang đến một trải nghiệm sử dụng tuyệt vời. Đây chính là một sự đầu tư tuyệt vời cho không gian chơi game và làm việc của bạn.',
        1, 'https://product.hstatic.net/200000722513/product/aula-f75-ban-phim-co-gaming-3-mo__16_-photoroom_b9bf3a52b87e4c7f9e7af2d262b472f7.png'
    );
INSERT INTO product_category (product_id, category_id) VALUES (286, 28);
INSERT INTO product_variant (
        product_id, name, seo_name, supplier_id, price, price_sale, quantity, sku, model, barcode, 
        specifications, description, warranty, image_url, release_at, created_by)
        VALUES ( 286, 'Bàn phím AULA F75 (Xám + Đen Gradient/ Reaper switch) F7505', 'ban-phim-aula-f75-xam-den-gradient-reaper-switch',
            1, 1516000, 1189000, 10, 'KB-AULA-F75-GREY-BLK-REAPER-SW',
            'KB-AULA-F75-GREY-BLK-REAPER-SW', 'KB-AULA-F75-GREY-BLK-REAPER-SW',
            '{}',
            'Bàn phím AULA F75 là một trong những sản phẩm nổi bật trong dòngbàn phím gaminghiện nay. Với thiết kế độc đáo và tính năng tối ưu cho việc chơi game cũng như làm việc, AULA F75 đã thu hút sự chú ý của nhiều game thủ và người dùng công nghệ. Dưới đây là những đánh giá chi tiết về sản phẩm này.Thiết kế tinh tế và hiện đạiBàn phím AULAF75 được thiết kế với phong cách xám + đen gradient, mang đến vẻ ngoài cực kỳ hiện đại và thời thượng. Sự kết hợp màu sắc này không chỉ tạo điểm nhấn mà còn dễ dàng hòa hợp với môi trường làm việc hay không gian gaming của bạn. Kích thước bàn phím hợp lý, phù hợp với các game thủ cần sự di chuyển nhanh chóng và linh hoạt.Switch Reaper độc quyềnMột trong những điểm nổi bật của AULA F75 chính là hệ thống switch Reaper độc quyền. Đây là loại switch cơ học mang lại cảm giác gõ tuyệt vời với độ phản hồi cực nhạy. Người dùng sẽ cảm nhận được sự chính xác trong từng cú nhấn, đem lại lợi thế trong các trận đấu căng thẳng. Switch Reaper còn được thiết kế để có độ bền cao, giúpbàn phímhoạt động ổn định trong thời gian dài.Chế độ kết nối đa dạngBàn phímAULA F75hỗ trợ nhiều chế độ kết nối, bao gồm kết nối có dây và không dây. Điều này mang lại sự linh hoạt cho người dùng khi có thể chọn cách kết nối phù hợp với nhu cầu sử dụng. Kết nối không dây tiện lợi giúp giảm thiểu sự rối rắm của dây cáp, cho phép bạn tận hưởng trải nghiệm chơi game mà không bị gò bó.Đèn nền RGB tùy chỉnhAULA F75 được trang bị hệ thống đèn nền RGB có thể tùy chỉnh theo nhiều chế độ khác nhau. Bạn có thể thay đổi màu sắc và hiệu ứng ánh sáng dễ dàng, tạo nên không gian gaming sống động và đầy màu sắc. Tính năng này không chỉ làm cho bàn phím trở nên nổi bật hơn mà còn giúp bạn dễ dàng sử dụng trong điều kiện ánh sáng yếu.Tính năng chống khối phímMột ưu điểm không thể bỏ qua của AULA F75 là tính năng chống khối phím (N-Key Rollover). Điều này cho phép bạn nhấn nhiều phím cùng một lúc mà không gặp phải vấn đề về phản hồi. Tính năng này cực kỳ hữu ích trong các trò chơi đòi hỏi sự phối hợp phím nhanh chóng và chính xác.Tính năng hỗ trợ đa dạngBàn phím AULA F75 cũng được trang bị những tính năng hỗ trợ đa dạng khác như khả năng lập trìnhmacro, giúp bạn dễ dàng tạo ra các phím tắt cho các chức năng mà bạn thường xuyên sử dụng. Điều này không chỉ giúp tăng hiệu suất làm việc mà còn đem lại cảm giác thoải mái hơn khi chơi game.Tổng kết lại, bàn phím AULA F75 là một sản phẩm đáng để sở hữu đối với bất kỳ game thủ hay người dùng công nghệ nào. Với thiết kế tinh tế, switch Reaper độc quyền, chế độ kết nối đa dạng cùng nhiều tính năng nổi bật khác, AULA F75 mang đến một trải nghiệm sử dụng tuyệt vời. Đây chính là một sự đầu tư tuyệt vời cho không gian chơi game và làm việc của bạn.',
            24, 'https://product.hstatic.net/200000722513/product/aula-f75-ban-phim-co-gaming-3-mo__16_-photoroom_b9bf3a52b87e4c7f9e7af2d262b472f7.png', '2025-01-11T04:09:46+00:00',1);
        
INSERT INTO product_image (name, product_variant_id, image_url, is_main)
VALUES
    ('Ảnh 1', 286, 'https://product.hstatic.net/200000722513/product/aula-f75-ban-phim-co-gaming-3-mo__16_-photoroom_b9bf3a52b87e4c7f9e7af2d262b472f7.png', TRUE),
    ('Ảnh 2', 286, 'https://product.hstatic.net/200000722513/product/aula-f75-ban-phim-co-gaming-3-mo__17_-photoroom_0027e59851654e01ba91534f6a90497f.png', FALSE),
    ('Ảnh 3', 286, 'https://product.hstatic.net/200000722513/product/aula-f75-ban-phim-co-gaming-3-mo__18_-photoroom_bf06ae5cd52046d59c6a1e8fcca98e90.png', FALSE),
    ('Ảnh 4', 286, 'https://product.hstatic.net/200000722513/product/aula-f75-ban-phim-co-gaming-3-mo__20_-photoroom_6652123a2727401fbccef3d72eff9d2f.png', FALSE),
    ('Ảnh 5', 286, 'https://product.hstatic.net/200000722513/product/aula-f75-ban-phim-co-gaming-3-mo__19_-photoroom_3c318604b02e460f8a6668e43fde155c.png', FALSE),
    ('Ảnh 6', 286, 'https://product.hstatic.net/200000722513/product/aula-f75-ban-phim-co-gaming-3-mo__21_-photoroom_28adf02e3fc14ac4b7c08ba4c86598d5.png', FALSE);
---
INSERT INTO product (name, seo_name, brand_id, specifications, description, created_by, image_url) 
    VALUES (
        'Bàn phím AULA F75 (Xanh dương + Trắng + Tím/ Star Vector Switch) F7508', 'ban-phim-aula-f75-xanh-duong-trang-tim-star-vector-switch', 22,
        '{}',
        'Là một trong những thương hiệubàn phím cơđang được rất nhiều các reviewer hay người dùng chú ý, AULA đang từng bước đi vào thị trường Việt Nam với những sản phẩm có thể gọi là “hack” điểm số P/P.&nbsp; Trong đó, chúng ta có thể đề cập đến cái tênAULA F75hiện đang là một trong những lựa chọn hàng đầu cho game thủ và người dùng cơ bản. Vì đâu mà model này lại được chú ý đến vậy? Hãy cùng GEARVN có cho mình đánh giá chi tiết ngay sau đây nhé !',
        1, 'https://product.hstatic.net/200000722513/product/aula-f75-ban-phim-co-gaming-3-mo__12_-photoroom_bc22019b71884da1b053826b0bc076de.png'
    );
INSERT INTO product_category (product_id, category_id) VALUES (287, 28);
INSERT INTO product_variant (
        product_id, name, seo_name, supplier_id, price, price_sale, quantity, sku, model, barcode, 
        specifications, description, warranty, image_url, release_at, created_by)
        VALUES ( 287, 'Bàn phím AULA F75 (Xanh dương + Trắng + Tím/ Star Vector Switch) F7508', 'ban-phim-aula-f75-xanh-duong-trang-tim-star-vector-switch',
            1, 1354000, 1069000, 10, 'KB-AULA-F75-BLUE-WHI-PUR-STAR-VECTOR-SW',
            'KB-AULA-F75-BLUE-WHI-PUR-STAR-VECTOR-SW', 'KB-AULA-F75-BLUE-WHI-PUR-STAR-VECTOR-SW',
            '{}',
            'Là một trong những thương hiệubàn phím cơđang được rất nhiều các reviewer hay người dùng chú ý, AULA đang từng bước đi vào thị trường Việt Nam với những sản phẩm có thể gọi là “hack” điểm số P/P.&nbsp; Trong đó, chúng ta có thể đề cập đến cái tênAULA F75hiện đang là một trong những lựa chọn hàng đầu cho game thủ và người dùng cơ bản. Vì đâu mà model này lại được chú ý đến vậy? Hãy cùng GEARVN có cho mình đánh giá chi tiết ngay sau đây nhé !',
            24, 'https://product.hstatic.net/200000722513/product/aula-f75-ban-phim-co-gaming-3-mo__12_-photoroom_bc22019b71884da1b053826b0bc076de.png', '2025-01-11T04:09:46+00:00',1);
        
INSERT INTO product_image (name, product_variant_id, image_url, is_main)
VALUES
    ('Ảnh 1', 287, 'https://product.hstatic.net/200000722513/product/aula-f75-ban-phim-co-gaming-3-mo__12_-photoroom_bc22019b71884da1b053826b0bc076de.png', TRUE),
    ('Ảnh 2', 287, 'https://product.hstatic.net/200000722513/product/aula-f75-ban-phim-co-gaming-3-mo__14_-photoroom_efb1953d75bc4e00b194df2e24961906.png', FALSE),
    ('Ảnh 3', 287, 'https://product.hstatic.net/200000722513/product/aula-f75-ban-phim-co-gaming-3-mo__13_-photoroom_685277bb8e114c179c5fd8132d95a2fb.png', FALSE),
    ('Ảnh 4', 287, 'https://product.hstatic.net/200000722513/product/aula-f75-ban-phim-co-gaming-3-mo__15_-photoroom_aca5e27f9d954a5a8e195b4ad8a55030.png', FALSE);
---
INSERT INTO product (name, seo_name, brand_id, specifications, description, created_by, image_url) 
    VALUES (
        'Bàn phím AULA F75 (Đen + Xanh đậm + Cam/ Grey Wood V3 Switch) F75BBG', 'ban-phim-aula-f75-den-xanh-dam-cam-grey-wood-v3-switch', 22,
        '{"Bàn phím AULA F75 đã và đang thu hút sự chú ý của nhiều game thủ và những tín đồ công nghệ nhờ thiết kế ấn tượng và hiệu năng vượt trội. Sản phẩm không chỉ phù hợp cho việc chơi game mà còn phục vụ tốt cho nhu cầu làm việc hàng ngày. Hãy cùng tìm hiểu chi tiết vềbàn phímnày qua bài đánh giá dưới đây.Thiết kế ấn tượng với màu sắc độc đáoBàn phím AULA F75 được trang bị màu sắc đen kết hợp với xanh đậm và cam, tạo nên vẻ đẹp hiện đại và thể thao. Màu sắc này không chỉ thu hút ánh nhìn mà còn mang lại cảm giác mới mẻ cho không gian làm việc hoặc giải trí của bạn.Chất liệu và độ bềnVới chất liệu cao cấp, Bàn phím AULA F75 có độ bền cao và khả năng chống mài mòn tốt. Các phím bấm được thiết kế chắc chắn, đảm bảo bạn có thể sử dụng lâu dài mà không lo bị hư hỏng.Công nghệ Switch Grey Wood V3Bàn phím AULA F75 sử dụng Switch Grey Wood V3, mang lại cảm giác gõ tuyệt vời cùng độ nhạy cao. Công nghệ này không chỉ giúp bạn gõ nhanh hơn mà còn tạo cảm giác thoải mái khi sử dụng trong thời gian dài, giảm thiểu tình trạng mệt mỏi cho các game thủ.Chế độ kết nối linh hoạtMột trong những điểm nổi bật của sản phẩm là khả năng kết nối đa dạng với 3 chế độ": "có dây,BluetoothvàWireless. Điều này mang lại cho người dùng sự tiện lợi tối đa, cho phép bạn dễ dàng chuyển đổi giữa các thiết bị khác nhau mà không gặp rắc rối.Hệ thống đèn LED RGBBàn phím AULA F75 được trang bị hệ thống đèn LED RGB với nhiều hiệu ứng ánh sáng phong phú. Bạn có thể tùy chỉnh màu sắc và hiệu ứng ánh sáng theo sở thích cá nhân, làm nổi bật không gian chơi game hoặc làm việc của mình.Thiết kế bàn phím cơVới thiết kế bàn phím cơ,AULA F75cung cấp trải nghiệm gõ phím tuyệt vời với độ phản hồi tốt. Điều này giúp nâng cao hiệu suất trong các trò chơi, đặc biệt là những tựa game yêu cầu tốc độ và độ chính xác cao.Tính năng chống nướcBàn phím AULA F75 còn gây ấn tượng với tính năng chống nước, giúp bảo vệ thiết bị khỏi các sự cố không mong muốn khi bạn vô tình làm đổ nước lên bàn phím. Từ đó, bạn có thể yên tâm sử dụng mà không sợ hư hỏng.Bàn phím AULA F75 là sự lựa chọn hoàn hảo cho những ai tìm kiếm một sản phẩm bàn phím có tính năng vượt trội, thiết kế đẹp mắt và độ bền cao. Với nhiều tính năng hữu ích như công nghệ Switch Grey Wood V3, hệ thống đèn LED RGB và chế độ kết nối đa dạng, sản phẩm này xứng đáng được đầu tư cho cả nhu cầu làm việc và giải trí. Nếu bạn đang tìm kiếm mộtbàn phím cơchất lượng, AULA F75 chắc chắn sẽ không làm bạn thất vọng.", "Một trong những điểm nổi bật của sản phẩm là khả năng kết nối đa dạng với 3 chế độ": "có dây,BluetoothvàWireless. Điều này mang lại cho người dùng sự tiện lợi tối đa, cho phép bạn dễ dàng chuyển đổi giữa các thiết bị khác nhau mà không gặp rắc rối."}',
        'Bàn phím AULA F75 đã và đang thu hút sự chú ý của nhiều game thủ và những tín đồ công nghệ nhờ thiết kế ấn tượng và hiệu năng vượt trội. Sản phẩm không chỉ phù hợp cho việc chơi game mà còn phục vụ tốt cho nhu cầu làm việc hàng ngày. Hãy cùng tìm hiểu chi tiết vềbàn phímnày qua bài đánh giá dưới đây.',
        1, 'https://product.hstatic.net/200000722513/product/aula-f75-ban-phim-co-gaming-3-mo__6_-photoroom_795c0d3e670a44a2aad0c3b66c9d4d17.png'
    );
INSERT INTO product_category (product_id, category_id) VALUES (288, 28);
INSERT INTO product_variant (
        product_id, name, seo_name, supplier_id, price, price_sale, quantity, sku, model, barcode, 
        specifications, description, warranty, image_url, release_at, created_by)
        VALUES ( 288, 'Bàn phím AULA F75 (Đen + Xanh đậm + Cam/ Grey Wood V3 Switch) F75BBG', 'ban-phim-aula-f75-den-xanh-dam-cam-grey-wood-v3-switch',
            1, 1790000, 1189000, 10, 'KB-AULA-F75-BLK-BLUE-ORANGE-GREY-WOOD-V3-SW',
            'KB-AULA-F75-BLK-BLUE-ORANGE-GREY-WOOD-V3-SW', 'KB-AULA-F75-BLK-BLUE-ORANGE-GREY-WOOD-V3-SW',
            '{"Bàn phím AULA F75 đã và đang thu hút sự chú ý của nhiều game thủ và những tín đồ công nghệ nhờ thiết kế ấn tượng và hiệu năng vượt trội. Sản phẩm không chỉ phù hợp cho việc chơi game mà còn phục vụ tốt cho nhu cầu làm việc hàng ngày. Hãy cùng tìm hiểu chi tiết vềbàn phímnày qua bài đánh giá dưới đây.Thiết kế ấn tượng với màu sắc độc đáoBàn phím AULA F75 được trang bị màu sắc đen kết hợp với xanh đậm và cam, tạo nên vẻ đẹp hiện đại và thể thao. Màu sắc này không chỉ thu hút ánh nhìn mà còn mang lại cảm giác mới mẻ cho không gian làm việc hoặc giải trí của bạn.Chất liệu và độ bềnVới chất liệu cao cấp, Bàn phím AULA F75 có độ bền cao và khả năng chống mài mòn tốt. Các phím bấm được thiết kế chắc chắn, đảm bảo bạn có thể sử dụng lâu dài mà không lo bị hư hỏng.Công nghệ Switch Grey Wood V3Bàn phím AULA F75 sử dụng Switch Grey Wood V3, mang lại cảm giác gõ tuyệt vời cùng độ nhạy cao. Công nghệ này không chỉ giúp bạn gõ nhanh hơn mà còn tạo cảm giác thoải mái khi sử dụng trong thời gian dài, giảm thiểu tình trạng mệt mỏi cho các game thủ.Chế độ kết nối linh hoạtMột trong những điểm nổi bật của sản phẩm là khả năng kết nối đa dạng với 3 chế độ": "có dây,BluetoothvàWireless. Điều này mang lại cho người dùng sự tiện lợi tối đa, cho phép bạn dễ dàng chuyển đổi giữa các thiết bị khác nhau mà không gặp rắc rối.Hệ thống đèn LED RGBBàn phím AULA F75 được trang bị hệ thống đèn LED RGB với nhiều hiệu ứng ánh sáng phong phú. Bạn có thể tùy chỉnh màu sắc và hiệu ứng ánh sáng theo sở thích cá nhân, làm nổi bật không gian chơi game hoặc làm việc của mình.Thiết kế bàn phím cơVới thiết kế bàn phím cơ,AULA F75cung cấp trải nghiệm gõ phím tuyệt vời với độ phản hồi tốt. Điều này giúp nâng cao hiệu suất trong các trò chơi, đặc biệt là những tựa game yêu cầu tốc độ và độ chính xác cao.Tính năng chống nướcBàn phím AULA F75 còn gây ấn tượng với tính năng chống nước, giúp bảo vệ thiết bị khỏi các sự cố không mong muốn khi bạn vô tình làm đổ nước lên bàn phím. Từ đó, bạn có thể yên tâm sử dụng mà không sợ hư hỏng.Bàn phím AULA F75 là sự lựa chọn hoàn hảo cho những ai tìm kiếm một sản phẩm bàn phím có tính năng vượt trội, thiết kế đẹp mắt và độ bền cao. Với nhiều tính năng hữu ích như công nghệ Switch Grey Wood V3, hệ thống đèn LED RGB và chế độ kết nối đa dạng, sản phẩm này xứng đáng được đầu tư cho cả nhu cầu làm việc và giải trí. Nếu bạn đang tìm kiếm mộtbàn phím cơchất lượng, AULA F75 chắc chắn sẽ không làm bạn thất vọng.", "Một trong những điểm nổi bật của sản phẩm là khả năng kết nối đa dạng với 3 chế độ": "có dây,BluetoothvàWireless. Điều này mang lại cho người dùng sự tiện lợi tối đa, cho phép bạn dễ dàng chuyển đổi giữa các thiết bị khác nhau mà không gặp rắc rối."}',
            'Bàn phím AULA F75 đã và đang thu hút sự chú ý của nhiều game thủ và những tín đồ công nghệ nhờ thiết kế ấn tượng và hiệu năng vượt trội. Sản phẩm không chỉ phù hợp cho việc chơi game mà còn phục vụ tốt cho nhu cầu làm việc hàng ngày. Hãy cùng tìm hiểu chi tiết vềbàn phímnày qua bài đánh giá dưới đây.',
            24, 'https://product.hstatic.net/200000722513/product/aula-f75-ban-phim-co-gaming-3-mo__6_-photoroom_795c0d3e670a44a2aad0c3b66c9d4d17.png', '2025-01-11T04:10:01+00:00',1);
        
INSERT INTO product_image (name, product_variant_id, image_url, is_main)
VALUES
    ('Ảnh 1', 288, 'https://product.hstatic.net/200000722513/product/aula-f75-ban-phim-co-gaming-3-mo__6_-photoroom_795c0d3e670a44a2aad0c3b66c9d4d17.png', TRUE),
    ('Ảnh 2', 288, 'https://product.hstatic.net/200000722513/product/aula-f75-ban-phim-co-gaming-3-mo__7_-photoroom_96215cb8a8604ed6adc760e05b598974.png', FALSE),
    ('Ảnh 3', 288, 'https://product.hstatic.net/200000722513/product/aula-f75-ban-phim-co-gaming-3-mo__9_-photoroom_f687310114b14bf3a5dff98f28090e95.png', FALSE),
    ('Ảnh 4', 288, 'https://product.hstatic.net/200000722513/product/aula-f75-ban-phim-co-gaming-3-mo__8_-photoroom_bf8c5d6e3be940708072a7308c1262cf.png', FALSE),
    ('Ảnh 5', 288, 'https://product.hstatic.net/200000722513/product/aula-f75-ban-phim-co-gaming-3-mo__11_-photoroom_adae211e7876425e881bce64d7c0774f.png', FALSE),
    ('Ảnh 6', 288, 'https://product.hstatic.net/200000722513/product/aula-f75-ban-phim-co-gaming-3-mo__10_-photoroom_75a7356d062143fa86e9a6eeeea434f5.png', FALSE);
---
INSERT INTO product (name, seo_name, brand_id, specifications, description, created_by, image_url) 
    VALUES (
        'Bàn phím AULA F75  (Xanh nhạt + Trắng + Xanh đậm/ Grey Wood V3 Switch) F75BWG', 'ban-phim-aula-f75-xanh-nhat-trang-xanh-dam-grey-wood-v3-switch', 22,
        '{"Bàn phím AULA F75 là một trong những sản phẩm nổi bật trong dòngbàn phím gaming, kết hợp giữa thiết kế tinh tế và hiệu suất ấn tượng. Với màu sắc xanh nhạt, trắng và xanh đậm, cùng với switch Grey Wood V3, sản phẩm không chỉ mang đến trải nghiệm chơi game mà còn thể hiện phong cách cá nhân của người sử dụng. Dưới đây là chi tiết về các đặc tính và tính năng nổi bật củabàn phím AULA F75.Thiết kế ấn tượng và chất liệu cao cấpBàn phím AULA F75 được thiết kế với bộ khung chắc chắn, tạo cảm giác vững chãi khi sử dụng. Các phím bấm được làm từ chất liệu ABS chất lượng cao, đem lại cảm giác bền bỉ và chắc chắn. Màu sắc phối hợp hài hòa giữa xanh nhạt, trắng và xanh đậm tạo nên vẻ đẹp thời thượng, thu hút ánh nhìn ngay từ lần đầu tiên.Tính năng chuyển đổi chế độ 3 trong 1Một trong những tính năng nổi bật nhất của bàn phím AULA F75 là khả năng chuyển đổi giữa 3 chế độ kết nối": "USB,Bluetoothvà Wireless 2.4G. Điều này mang lại sự tiện lợi cao cho người dùng, cho phép dễ dàng kết nối bàn phím với nhiều thiết bị khác nhau như máy tính cá nhân,laptop, hoặc thậm chí là các thiết bị game console.Công nghệ switch Grey Wood V3 cho cảm giác gõ tuyệt vờiBàn phím AULA F75 sử dụng switch Grey Wood V3, nổi bật với khả năng phản hồi nhanh và cảm giác gõ dễ chịu. Các phím bấm được thiết kế với hành trình ngắn, giúp giảm thiểu mệt mỏi khi gõ lâu dài. Công nghệ này còn giúp tăng độ chính xác trong từng cú bấm, là một lợi thế lớn trong các trận đấu game đòi hỏi sự chính xác tuyệt đối.Đèn nền LED RGB tùy chỉnhVới hệ thống đèn LED RGB, người dùng có thể tùy chỉnh màu sắc và hiệu ứng ánh sáng theo ý thích. Điều này không chỉ giúp bàn phím AULA F75 trở nên bắt mắt hơn mà còn tạo ra không gian chơi game sống động, cho phép người dùng lựa chọn theo phong cách riêng của mình. Hệ thống ánh sáng còn giúp dễ dàng sử dụng trong điều kiện ánh sáng yếu.Bề mặt chống trơn trượt và các phím chức năng thông minhBàn phím AULA F75 được thiết kế với bề mặt chống trơn trượt, giúp ổn định trong suốt quá trình sử dụng. Ngoài ra, các phím chức năng thông minh cho phép người dùng truy cập nhanh đến các tính năng như chỉnh âm lượng, chuyển chế độ đèn nền, và cácmacro phím, giúp tối ưu hóa trải nghiệm chơi game.Bàn phím AULA F75 (Xanh nhạt + Trắng + Xanh đậm/ Grey Wood V3 Switch) là sự lựa chọn hoàn hảo cho những người đam mê game và cần một sản phẩm chất lượng cao với thiết kế nổi bật. Với tính năng chuyển đổi chế độ đa dạng, công nghệ switch tiên tiến, và các tính năng thông minh, AULA F75 không chỉ đáp ứng nhu cầu chơi game mà còn đáp ứng nhu cầu thẩm mỹ cho góc làm việc của bạn. Hãy trải nghiệm ngay hôm nay để cảm nhận sự khác biệt mà sản phẩm mang lại!", "Một trong những tính năng nổi bật nhất của bàn phím AULA F75 là khả năng chuyển đổi giữa 3 chế độ kết nối": "USB,Bluetoothvà Wireless 2.4G. Điều này mang lại sự tiện lợi cao cho người dùng, cho phép dễ dàng kết nối bàn phím với nhiều thiết bị khác nhau như máy tính cá nhân,laptop, hoặc thậm chí là các thiết bị game console."}',
        'Bàn phím AULA F75 là một trong những sản phẩm nổi bật trong dòngbàn phím gaming, kết hợp giữa thiết kế tinh tế và hiệu suất ấn tượng. Với màu sắc xanh nhạt, trắng và xanh đậm, cùng với switch Grey Wood V3, sản phẩm không chỉ mang đến trải nghiệm chơi game mà còn thể hiện phong cách cá nhân của người sử dụng. Dưới đây là chi tiết về các đặc tính và tính năng nổi bật củabàn phím AULA F75.',
        1, 'https://product.hstatic.net/200000722513/product/aula-f75-ban-phim-co-gaming-3-mo-photoroom_7494ea07e0244db7841ccf6e003ee374.png'
    );
INSERT INTO product_category (product_id, category_id) VALUES (289, 28);
INSERT INTO product_variant (
        product_id, name, seo_name, supplier_id, price, price_sale, quantity, sku, model, barcode, 
        specifications, description, warranty, image_url, release_at, created_by)
        VALUES ( 289, 'Bàn phím AULA F75  (Xanh nhạt + Trắng + Xanh đậm/ Grey Wood V3 Switch) F75BWG', 'ban-phim-aula-f75-xanh-nhat-trang-xanh-dam-grey-wood-v3-switch',
            1, 1790000, 1189000, 10, 'KB-AULA-F75-BLUE-WHI-GREY-WOOD-V3-SW',
            'KB-AULA-F75-BLUE-WHI-GREY-WOOD-V3-SW', 'KB-AULA-F75-BLUE-WHI-GREY-WOOD-V3-SW',
            '{"Bàn phím AULA F75 là một trong những sản phẩm nổi bật trong dòngbàn phím gaming, kết hợp giữa thiết kế tinh tế và hiệu suất ấn tượng. Với màu sắc xanh nhạt, trắng và xanh đậm, cùng với switch Grey Wood V3, sản phẩm không chỉ mang đến trải nghiệm chơi game mà còn thể hiện phong cách cá nhân của người sử dụng. Dưới đây là chi tiết về các đặc tính và tính năng nổi bật củabàn phím AULA F75.Thiết kế ấn tượng và chất liệu cao cấpBàn phím AULA F75 được thiết kế với bộ khung chắc chắn, tạo cảm giác vững chãi khi sử dụng. Các phím bấm được làm từ chất liệu ABS chất lượng cao, đem lại cảm giác bền bỉ và chắc chắn. Màu sắc phối hợp hài hòa giữa xanh nhạt, trắng và xanh đậm tạo nên vẻ đẹp thời thượng, thu hút ánh nhìn ngay từ lần đầu tiên.Tính năng chuyển đổi chế độ 3 trong 1Một trong những tính năng nổi bật nhất của bàn phím AULA F75 là khả năng chuyển đổi giữa 3 chế độ kết nối": "USB,Bluetoothvà Wireless 2.4G. Điều này mang lại sự tiện lợi cao cho người dùng, cho phép dễ dàng kết nối bàn phím với nhiều thiết bị khác nhau như máy tính cá nhân,laptop, hoặc thậm chí là các thiết bị game console.Công nghệ switch Grey Wood V3 cho cảm giác gõ tuyệt vờiBàn phím AULA F75 sử dụng switch Grey Wood V3, nổi bật với khả năng phản hồi nhanh và cảm giác gõ dễ chịu. Các phím bấm được thiết kế với hành trình ngắn, giúp giảm thiểu mệt mỏi khi gõ lâu dài. Công nghệ này còn giúp tăng độ chính xác trong từng cú bấm, là một lợi thế lớn trong các trận đấu game đòi hỏi sự chính xác tuyệt đối.Đèn nền LED RGB tùy chỉnhVới hệ thống đèn LED RGB, người dùng có thể tùy chỉnh màu sắc và hiệu ứng ánh sáng theo ý thích. Điều này không chỉ giúp bàn phím AULA F75 trở nên bắt mắt hơn mà còn tạo ra không gian chơi game sống động, cho phép người dùng lựa chọn theo phong cách riêng của mình. Hệ thống ánh sáng còn giúp dễ dàng sử dụng trong điều kiện ánh sáng yếu.Bề mặt chống trơn trượt và các phím chức năng thông minhBàn phím AULA F75 được thiết kế với bề mặt chống trơn trượt, giúp ổn định trong suốt quá trình sử dụng. Ngoài ra, các phím chức năng thông minh cho phép người dùng truy cập nhanh đến các tính năng như chỉnh âm lượng, chuyển chế độ đèn nền, và cácmacro phím, giúp tối ưu hóa trải nghiệm chơi game.Bàn phím AULA F75 (Xanh nhạt + Trắng + Xanh đậm/ Grey Wood V3 Switch) là sự lựa chọn hoàn hảo cho những người đam mê game và cần một sản phẩm chất lượng cao với thiết kế nổi bật. Với tính năng chuyển đổi chế độ đa dạng, công nghệ switch tiên tiến, và các tính năng thông minh, AULA F75 không chỉ đáp ứng nhu cầu chơi game mà còn đáp ứng nhu cầu thẩm mỹ cho góc làm việc của bạn. Hãy trải nghiệm ngay hôm nay để cảm nhận sự khác biệt mà sản phẩm mang lại!", "Một trong những tính năng nổi bật nhất của bàn phím AULA F75 là khả năng chuyển đổi giữa 3 chế độ kết nối": "USB,Bluetoothvà Wireless 2.4G. Điều này mang lại sự tiện lợi cao cho người dùng, cho phép dễ dàng kết nối bàn phím với nhiều thiết bị khác nhau như máy tính cá nhân,laptop, hoặc thậm chí là các thiết bị game console."}',
            'Bàn phím AULA F75 là một trong những sản phẩm nổi bật trong dòngbàn phím gaming, kết hợp giữa thiết kế tinh tế và hiệu suất ấn tượng. Với màu sắc xanh nhạt, trắng và xanh đậm, cùng với switch Grey Wood V3, sản phẩm không chỉ mang đến trải nghiệm chơi game mà còn thể hiện phong cách cá nhân của người sử dụng. Dưới đây là chi tiết về các đặc tính và tính năng nổi bật củabàn phím AULA F75.',
            24, 'https://product.hstatic.net/200000722513/product/aula-f75-ban-phim-co-gaming-3-mo-photoroom_7494ea07e0244db7841ccf6e003ee374.png', '2025-01-11T04:10:01+00:00',1);
        
INSERT INTO product_image (name, product_variant_id, image_url, is_main)
VALUES
    ('Ảnh 1', 289, 'https://product.hstatic.net/200000722513/product/aula-f75-ban-phim-co-gaming-3-mo-photoroom_7494ea07e0244db7841ccf6e003ee374.png', TRUE),
    ('Ảnh 2', 289, 'https://product.hstatic.net/200000722513/product/aula-f75-ban-phim-co-gaming-3-mo__3_-photoroom_e3584415c3f84369b3a29b3f343291db.png', FALSE),
    ('Ảnh 3', 289, 'https://product.hstatic.net/200000722513/product/aula-f75-ban-phim-co-gaming-3-mo__2_-photoroom_498c66504a5043399792356ffd37ab92.png', FALSE),
    ('Ảnh 4', 289, 'https://product.hstatic.net/200000722513/product/aula-f75-ban-phim-co-gaming-3-mo__1_-photoroom_5743a0c9cf8246af9e9414b1a2934044.png', FALSE),
    ('Ảnh 5', 289, 'https://product.hstatic.net/200000722513/product/aula-f75-ban-phim-co-gaming-3-mo__5_-photoroom_ed3d373ca1d44d25a7977a74d64eec2b.png', FALSE),
    ('Ảnh 6', 289, 'https://product.hstatic.net/200000722513/product/aula-f75-ban-phim-co-gaming-3-mo__4_-photoroom_d70b8dd53e924443b4a38a3fffecacb1.png', FALSE);
---
INSERT INTO product (name, seo_name, brand_id, specifications, description, created_by, image_url) 
    VALUES (
        'Bàn phím AULA F75 (Tím nhạt + Be + Xanh lá/ Grey Wood V3 Switch) F75PBG', 'ban-phim-aula-f75-tim-nhat-be-xanh-la-grey-wood-v3-switch', 22,
        '{}',
        'Bàn phím AULA F75 là một sản phẩm nổi bật trong dòngbàn phím cơgaming, được thiết kế tinh tế với màu sắc bắt mắt và tính năng vượt trội. Trong bài đánh giá này, chúng ta sẽ đi sâu vào các đặc tính và tính năng nổi bật của sản phẩm, giúp bạn có cái nhìn rõ ràng hơn trước khi đưa ra quyết định mua sắm.',
        1, 'https://product.hstatic.net/200000722513/product/aula-f75-ban-phim-co-gaming-phie__12_-photoroom_f9e953e9599d4c8098334e9a2c0079bc.png'
    );
INSERT INTO product_category (product_id, category_id) VALUES (290, 28);
INSERT INTO product_variant (
        product_id, name, seo_name, supplier_id, price, price_sale, quantity, sku, model, barcode, 
        specifications, description, warranty, image_url, release_at, created_by)
        VALUES ( 290, 'Bàn phím AULA F75 (Tím nhạt + Be + Xanh lá/ Grey Wood V3 Switch) F75PBG', 'ban-phim-aula-f75-tim-nhat-be-xanh-la-grey-wood-v3-switch',
            1, 1790000, 1189000, 10, 'KB-AULA-F75-PUR-BEIGE-GREEN-GREY-WOOD-V3-SW',
            'KB-AULA-F75-PUR-BEIGE-GREEN-GREY-WOOD-V3-SW', 'KB-AULA-F75-PUR-BEIGE-GREEN-GREY-WOOD-V3-SW',
            '{}',
            'Bàn phím AULA F75 là một sản phẩm nổi bật trong dòngbàn phím cơgaming, được thiết kế tinh tế với màu sắc bắt mắt và tính năng vượt trội. Trong bài đánh giá này, chúng ta sẽ đi sâu vào các đặc tính và tính năng nổi bật của sản phẩm, giúp bạn có cái nhìn rõ ràng hơn trước khi đưa ra quyết định mua sắm.',
            24, 'https://product.hstatic.net/200000722513/product/aula-f75-ban-phim-co-gaming-phie__12_-photoroom_f9e953e9599d4c8098334e9a2c0079bc.png', '2025-01-11T04:10:01+00:00',1);
        
INSERT INTO product_image (name, product_variant_id, image_url, is_main)
VALUES
    ('Ảnh 1', 290, 'https://product.hstatic.net/200000722513/product/aula-f75-ban-phim-co-gaming-phie__12_-photoroom_f9e953e9599d4c8098334e9a2c0079bc.png', TRUE),
    ('Ảnh 2', 290, 'https://product.hstatic.net/200000722513/product/aula-f75-ban-phim-co-gaming-phie__13_-photoroom_8c371a65fbe14dd298a8c0b6da3d1986.png', FALSE),
    ('Ảnh 3', 290, 'https://product.hstatic.net/200000722513/product/aula-f75-ban-phim-co-gaming-phie__14_-photoroom_a943211aae48452faeb245764c2e2dd7.png', FALSE),
    ('Ảnh 4', 290, 'https://product.hstatic.net/200000722513/product/aula-f75-ban-phim-co-gaming-phie__16_-photoroom_e26764e580c34115bea49f8bf9a29422.png', FALSE),
    ('Ảnh 5', 290, 'https://product.hstatic.net/200000722513/product/aula-f75-ban-phim-co-gaming-phie__15_-photoroom_d6b57e16a85244b6922e1ef1d355b6f0.png', FALSE),
    ('Ảnh 6', 290, 'https://product.hstatic.net/200000722513/product/aula-f75-ban-phim-co-gaming-phie__11_-photoroom_9d5accf60467472f9b2185699a1d1286.png', FALSE);
---
INSERT INTO product (name, seo_name, brand_id, specifications, description, created_by, image_url) 
    VALUES (
        'Bàn phím AULA F75 Ice Blue (Xanh nhạt + Trắng + Tím đậm /Reaper switch) F75IBR', 'ban-phim-aula-f75-ice-blue-xanh-nhat-trang-xanh-dam-reaper-switch', 22,
        '{"AULA F75 Ice Blue hỗ trợ ba chế độ kết nối bao gồm": "USB có dây, Bluetooth và 2.4G không dây. Điều này giúp người dùng dễ dàng kết nối với nhiều thiết bị khác nhau, từmáy tínhđể bàn đếnlaptophay các thiết bị di động. Chế độ không dây giúp người dùng thoải mái hơn trong việc bố trí không gian làm việc hay chơi game mà không bị ràng buộc bởi dây cáp."}',
        'Trong thế giới gaming,bàn phímlà một trong những thiết bị quan trọng giúp người chơi tăng cường trải nghiệm. Bàn phím AULA F75 Ice Blue là một lựa chọn tuyệt vời cho những game thủ và người dùng yêu thích sự tinh tế trong thiết kế. Bài viết này sẽ đánh giá chi tiết về sản phẩm, từ thiết kế cho đến hiệu suất hoạt động.',
        1, 'https://product.hstatic.net/200000722513/product/aula-f75-ban-phim-co-gaming-phie__6_-photoroom_e66c69cde6314422b016d99ea6fe466d.png'
    );
INSERT INTO product_category (product_id, category_id) VALUES (291, 28);
INSERT INTO product_variant (
        product_id, name, seo_name, supplier_id, price, price_sale, quantity, sku, model, barcode, 
        specifications, description, warranty, image_url, release_at, created_by)
        VALUES ( 291, 'Bàn phím AULA F75 Ice Blue (Xanh nhạt + Trắng + Tím đậm /Reaper switch) F75IBR', 'ban-phim-aula-f75-ice-blue-xanh-nhat-trang-xanh-dam-reaper-switch',
            1, 1790000, 1189000, 10, 'KB-AULA-F75-ICE-BLUE-REAPER-SW',
            'KB-AULA-F75-ICE-BLUE-REAPER-SW', 'KB-AULA-F75-ICE-BLUE-REAPER-SW',
            '{"AULA F75 Ice Blue hỗ trợ ba chế độ kết nối bao gồm": "USB có dây, Bluetooth và 2.4G không dây. Điều này giúp người dùng dễ dàng kết nối với nhiều thiết bị khác nhau, từmáy tínhđể bàn đếnlaptophay các thiết bị di động. Chế độ không dây giúp người dùng thoải mái hơn trong việc bố trí không gian làm việc hay chơi game mà không bị ràng buộc bởi dây cáp."}',
            'Trong thế giới gaming,bàn phímlà một trong những thiết bị quan trọng giúp người chơi tăng cường trải nghiệm. Bàn phím AULA F75 Ice Blue là một lựa chọn tuyệt vời cho những game thủ và người dùng yêu thích sự tinh tế trong thiết kế. Bài viết này sẽ đánh giá chi tiết về sản phẩm, từ thiết kế cho đến hiệu suất hoạt động.',
            24, 'https://product.hstatic.net/200000722513/product/aula-f75-ban-phim-co-gaming-phie__6_-photoroom_e66c69cde6314422b016d99ea6fe466d.png', '2025-01-11T04:10:01+00:00',1);
        
INSERT INTO product_image (name, product_variant_id, image_url, is_main)
VALUES
    ('Ảnh 1', 291, 'https://product.hstatic.net/200000722513/product/aula-f75-ban-phim-co-gaming-phie__6_-photoroom_e66c69cde6314422b016d99ea6fe466d.png', TRUE),
    ('Ảnh 2', 291, 'https://product.hstatic.net/200000722513/product/aula-f75-ban-phim-co-gaming-phie__8_-photoroom_02023270f3af4da889fa8b056faa1640.png', FALSE),
    ('Ảnh 3', 291, 'https://product.hstatic.net/200000722513/product/aula-f75-ban-phim-co-gaming-phie__7_-photoroom_4141997834f24fc8be39c6e3c845ccd9.png', FALSE),
    ('Ảnh 4', 291, 'https://product.hstatic.net/200000722513/product/aula-f75-ban-phim-co-gaming-phie__10_-photoroom_b24972c95ee74508a531d7e73ea3d7f6.png', FALSE),
    ('Ảnh 5', 291, 'https://product.hstatic.net/200000722513/product/aula-f75-ban-phim-co-gaming-phie__9_-photoroom_3210a523c7234be4abdfd08edd1feb9d.png', FALSE),
    ('Ảnh 6', 291, 'https://product.hstatic.net/200000722513/product/aula-f75-ban-phim-co-gaming-phie__11_-photoroom_8c11438aebe8489ca50ab8cee638bada.png', FALSE);
---
INSERT INTO product (name, seo_name, brand_id, specifications, description, created_by, image_url) 
    VALUES (
        'Bàn phím AULA F75 Ice Blue (Xanh nhạt + Trắng + Tím đậm /Ice Vein Switch) F75IBI', 'ban-phim-aula-f75-ice-blue-xanh-nhat-trang-xanh-dam-ice-vein-switch', 22,
        '{"Tóm lại, bàn phím AULA F75 Ice Blue là một sản phẩm xuất sắc hội tụ đầy đủ những yếu tố cần thiết cho mộtbàn phím gaminghoàn hảo": "từ thiết kế đẹp, tính năng đa dạng cho đến cảm giác bấm êm ái. Đây thực sự là lựa chọn lý tưởng cho những ai đam mê công nghệ và chơi game. Nếu bạn đang tìm kiếm một bàn phím có tính năng vượt trội và thiết kế tinh tế, AULA F75 chính là sự lựa chọn không thể bỏ lỡ."}',
        'Bàn phím AULA F75 Ice Blue (Xanh nhạt + Trắng + Tím đậm / Ice Vein Switch) là một sản phẩm mang đến cho người dùng trải nghiệm gõ phím tuyệt vời không chỉ nhờ thiết kế đẹp mắt mà còn do tính năng vượt trội. Với lối thiết kế tinh tế, ánh sáng RGB độc đáo và nhiều chế độ kết nối linh hoạt, đây được xem là một trong những sản phẩm không thể thiếu cho những game thủ và người yêu công nghệ hiện đại.',
        1, 'https://product.hstatic.net/200000722513/product/aula-f75-ban-phim-co-gaming-phie__6_-photoroom_6d6bb2efd7174f3abb6bbd219083cea4.png'
    );
INSERT INTO product_category (product_id, category_id) VALUES (292, 28);
INSERT INTO product_variant (
        product_id, name, seo_name, supplier_id, price, price_sale, quantity, sku, model, barcode, 
        specifications, description, warranty, image_url, release_at, created_by)
        VALUES ( 292, 'Bàn phím AULA F75 Ice Blue (Xanh nhạt + Trắng + Tím đậm /Ice Vein Switch) F75IBI', 'ban-phim-aula-f75-ice-blue-xanh-nhat-trang-xanh-dam-ice-vein-switch',
            1, 1790000, 1189000, 10, 'KB-AULA-F75-ICE-BLUE-ICE-VEIN-SW',
            'KB-AULA-F75-ICE-BLUE-ICE-VEIN-SW', 'KB-AULA-F75-ICE-BLUE-ICE-VEIN-SW',
            '{"Tóm lại, bàn phím AULA F75 Ice Blue là một sản phẩm xuất sắc hội tụ đầy đủ những yếu tố cần thiết cho mộtbàn phím gaminghoàn hảo": "từ thiết kế đẹp, tính năng đa dạng cho đến cảm giác bấm êm ái. Đây thực sự là lựa chọn lý tưởng cho những ai đam mê công nghệ và chơi game. Nếu bạn đang tìm kiếm một bàn phím có tính năng vượt trội và thiết kế tinh tế, AULA F75 chính là sự lựa chọn không thể bỏ lỡ."}',
            'Bàn phím AULA F75 Ice Blue (Xanh nhạt + Trắng + Tím đậm / Ice Vein Switch) là một sản phẩm mang đến cho người dùng trải nghiệm gõ phím tuyệt vời không chỉ nhờ thiết kế đẹp mắt mà còn do tính năng vượt trội. Với lối thiết kế tinh tế, ánh sáng RGB độc đáo và nhiều chế độ kết nối linh hoạt, đây được xem là một trong những sản phẩm không thể thiếu cho những game thủ và người yêu công nghệ hiện đại.',
            24, 'https://product.hstatic.net/200000722513/product/aula-f75-ban-phim-co-gaming-phie__6_-photoroom_6d6bb2efd7174f3abb6bbd219083cea4.png', '2025-01-11T04:10:01+00:00',1);
        
INSERT INTO product_image (name, product_variant_id, image_url, is_main)
VALUES
    ('Ảnh 1', 292, 'https://product.hstatic.net/200000722513/product/aula-f75-ban-phim-co-gaming-phie__6_-photoroom_6d6bb2efd7174f3abb6bbd219083cea4.png', TRUE),
    ('Ảnh 2', 292, 'https://product.hstatic.net/200000722513/product/aula-f75-ban-phim-co-gaming-phie__8_-photoroom_31dbfaf6ad8c40baa18dddfc889016c5.png', FALSE),
    ('Ảnh 3', 292, 'https://product.hstatic.net/200000722513/product/aula-f75-ban-phim-co-gaming-phie__7_-photoroom_2c528f4256d641e6b7a0d084c27d3b6e.png', FALSE),
    ('Ảnh 4', 292, 'https://product.hstatic.net/200000722513/product/aula-f75-ban-phim-co-gaming-phie__10_-photoroom_c9d13c45eadb4a0ab29f9a0b69933daf.png', FALSE),
    ('Ảnh 5', 292, 'https://product.hstatic.net/200000722513/product/aula-f75-ban-phim-co-gaming-phie__9_-photoroom_0e0f554701a942e8b2f25724831813ff.png', FALSE),
    ('Ảnh 6', 292, 'https://product.hstatic.net/200000722513/product/aula-f75-ban-phim-co-gaming-phie__11_-photoroom_4d76e5f0769b428f8edb40f0dca9200f.png', FALSE);
---
INSERT INTO product (name, seo_name, brand_id, specifications, description, created_by, image_url) 
    VALUES (
        'Bàn phím AULA F75 Ice Green (Tím nhạt + Be + Xanh lá /Reaper Switch) F75IGR', 'ban-phim-aula-f75-ice-green-tim-nhat-be-xanh-la-reaper-switch', 22,
        '{"Sản phẩm hỗ trợ ba chế độ kết nối": "Wired, Wireless (Bluetooth), và USB dongle, giúp người dùng dễ dàng chuyển đổi giữa các thiết bị một cách thuận tiện. Đặc biệt, khả năng kết nối không dây mang đến sự linh hoạt tối đa, cho phép bạn trải nghiệm game mọi lúc mọi nơi mà không cần phải lo lắng về dây cáp."}',
        'Bàn phím AULA F75 Ice Green là một trong những sản phẩm nổi bật trong thế giớibàn phím gaming. Với thiết kế độc đáo và tính năng ưu việt, sản phẩm này hứa hẹn sẽ mang đến trải nghiệm sử dụng hoàn hảo cho game thủ và những người đam mê công nghệ. Dưới đây là bài đánh giá chi tiết về sản phẩm hấp dẫn này.',
        1, 'https://product.hstatic.net/200000722513/product/aula-f75-ban-phim-co-gaming-phie-photoroom_e3f393e8208b4424835a62a018c6e3e0.png'
    );
INSERT INTO product_category (product_id, category_id) VALUES (293, 28);
INSERT INTO product_variant (
        product_id, name, seo_name, supplier_id, price, price_sale, quantity, sku, model, barcode, 
        specifications, description, warranty, image_url, release_at, created_by)
        VALUES ( 293, 'Bàn phím AULA F75 Ice Green (Tím nhạt + Be + Xanh lá /Reaper Switch) F75IGR', 'ban-phim-aula-f75-ice-green-tim-nhat-be-xanh-la-reaper-switch',
            1, 1790000, 1189000, 10, 'KB-AULA-F75-ICE-GREEN-PUR-BEIGE-GREEN-REAPER-SW',
            'KB-AULA-F75-ICE-GREEN-PUR-BEIGE-GREEN-REAPER-SW', 'KB-AULA-F75-ICE-GREEN-PUR-BEIGE-GREEN-REAPER-SW',
            '{"Sản phẩm hỗ trợ ba chế độ kết nối": "Wired, Wireless (Bluetooth), và USB dongle, giúp người dùng dễ dàng chuyển đổi giữa các thiết bị một cách thuận tiện. Đặc biệt, khả năng kết nối không dây mang đến sự linh hoạt tối đa, cho phép bạn trải nghiệm game mọi lúc mọi nơi mà không cần phải lo lắng về dây cáp."}',
            'Bàn phím AULA F75 Ice Green là một trong những sản phẩm nổi bật trong thế giớibàn phím gaming. Với thiết kế độc đáo và tính năng ưu việt, sản phẩm này hứa hẹn sẽ mang đến trải nghiệm sử dụng hoàn hảo cho game thủ và những người đam mê công nghệ. Dưới đây là bài đánh giá chi tiết về sản phẩm hấp dẫn này.',
            24, 'https://product.hstatic.net/200000722513/product/aula-f75-ban-phim-co-gaming-phie-photoroom_e3f393e8208b4424835a62a018c6e3e0.png', '2025-01-11T04:10:01+00:00',1);
        
INSERT INTO product_image (name, product_variant_id, image_url, is_main)
VALUES
    ('Ảnh 1', 293, 'https://product.hstatic.net/200000722513/product/aula-f75-ban-phim-co-gaming-phie-photoroom_e3f393e8208b4424835a62a018c6e3e0.png', TRUE),
    ('Ảnh 2', 293, 'https://product.hstatic.net/200000722513/product/aula-f75-ban-phim-co-gaming-phie__1_-photoroom_1c104a36fd524f3c8c3b5d36ea3f757c.png', FALSE),
    ('Ảnh 3', 293, 'https://product.hstatic.net/200000722513/product/aula-f75-ban-phim-co-gaming-phie__2_-photoroom_111ac5bb709645489b832cf658646999.png', FALSE),
    ('Ảnh 4', 293, 'https://product.hstatic.net/200000722513/product/aula-f75-ban-phim-co-gaming-phie__4_-photoroom_84b0aaa3019f4de2867e58b1584e1aca.png', FALSE),
    ('Ảnh 5', 293, 'https://product.hstatic.net/200000722513/product/aula-f75-ban-phim-co-gaming-phie__3_-photoroom_120c083bf42549b8b1d7ac4357cb9899.png', FALSE),
    ('Ảnh 6', 293, 'https://product.hstatic.net/200000722513/product/aula-f75-ban-phim-co-gaming-phie__5_-photoroom_ca46a8ec8cfc4171b3363d397670f2f5.png', FALSE);
---
INSERT INTO product (name, seo_name, brand_id, specifications, description, created_by, image_url) 
    VALUES (
        'Bàn phím AULA F87 PRO Black Gradient Grey Wood V4 Switch F8701', 'ban-phim-aula-f87-pro-black-gradient-grey-wood-v4-switch', 22,
        '{}',
        'Bàn phím cơAULAF87 PRO Black Gradient Grey Wood V4 Switch là bàn phím cơ gần như là toàn diện, đáp ứng cả tính các tính năng từ&nbsp;thẩm mỹ đến các&nbsp;chức năng trong thời gian sử dụng.&nbsp;Thiết kế nhỏ gọn, bền bỉ, trải nghiệm gõ phím thoải mái và các tính năng đa dạng khiến nó trở thành đối thủ mạnh trong cùng loại.Hãy cùng GEARVN tìm hiểu chi tiết về sản phẩmbàn phím cơnày qua bài đánh giá dưới đây.',
        1, 'https://product.hstatic.net/200000722513/product/aula-f87-pro-ban-phim-co-gaming-photoroom_a3b3b04fa0b74ad79a305e0b2e055979.png'
    );
INSERT INTO product_category (product_id, category_id) VALUES (294, 28);
INSERT INTO product_variant (
        product_id, name, seo_name, supplier_id, price, price_sale, quantity, sku, model, barcode, 
        specifications, description, warranty, image_url, release_at, created_by)
        VALUES ( 294, 'Bàn phím AULA F87 PRO Black Gradient Grey Wood V4 Switch F8701', 'ban-phim-aula-f87-pro-black-gradient-grey-wood-v4-switch',
            1, 1835000, 1249000, 10, 'KB-AULA-F87-PRO-BLK-GRADIENT-GREY-WOOD-V4-SW',
            'KB-AULA-F87-PRO-BLK-GRADIENT-GREY-WOOD-V4-SW', 'KB-AULA-F87-PRO-BLK-GRADIENT-GREY-WOOD-V4-SW',
            '{}',
            'Bàn phím cơAULAF87 PRO Black Gradient Grey Wood V4 Switch là bàn phím cơ gần như là toàn diện, đáp ứng cả tính các tính năng từ&nbsp;thẩm mỹ đến các&nbsp;chức năng trong thời gian sử dụng.&nbsp;Thiết kế nhỏ gọn, bền bỉ, trải nghiệm gõ phím thoải mái và các tính năng đa dạng khiến nó trở thành đối thủ mạnh trong cùng loại.Hãy cùng GEARVN tìm hiểu chi tiết về sản phẩmbàn phím cơnày qua bài đánh giá dưới đây.',
            24, 'https://product.hstatic.net/200000722513/product/aula-f87-pro-ban-phim-co-gaming-photoroom_a3b3b04fa0b74ad79a305e0b2e055979.png', '2025-01-11T04:09:46+00:00',1);
        
INSERT INTO product_image (name, product_variant_id, image_url, is_main)
VALUES
    ('Ảnh 1', 294, 'https://product.hstatic.net/200000722513/product/aula-f87-pro-ban-phim-co-gaming-photoroom_a3b3b04fa0b74ad79a305e0b2e055979.png', TRUE),
    ('Ảnh 2', 294, 'https://product.hstatic.net/200000722513/product/aula-f87-pro-ban-phim-co-gaming__1_-photoroom_c270a87ed4374531a3db6152a48d381e.png', FALSE),
    ('Ảnh 3', 294, 'https://product.hstatic.net/200000722513/product/aula-f87-pro-ban-phim-co-gaming__3_-photoroom_0a00e553b18e41a9b4eb3aa364a65cd4.png', FALSE),
    ('Ảnh 4', 294, 'https://product.hstatic.net/200000722513/product/aula-f87-pro-ban-phim-co-gaming__5_-photoroom_b1341ab7c6544492a0c4b9de70021185.png', FALSE),
    ('Ảnh 5', 294, 'https://product.hstatic.net/200000722513/product/aula-f87-pro-ban-phim-co-gaming__4_-photoroom_ab84678a640542b9b5d36ccefe026433.png', FALSE);
---
INSERT INTO product (name, seo_name, brand_id, specifications, description, created_by, image_url) 
    VALUES (
        'Bàn phím AULA F87 PRO (Xanh đậm + Đen + Xanh cổ vịt /Grey Wood V4 Switch) F8702', 'ban-phim-aula-f87-pro-xanh-dam-den-xanh-co-vit-grey-wood-v4-switch', 22,
        '{"Bảo hành": "&nbsp;24 tháng", "- Bàn phím cơ gaming 3 mode AULA F87/ F87 Pro- Độ bền phím": "60 triệu lần bấm- Kết nối: 3 mode có dây Type-C, không dây 2.4G & BT- Màu sắc: Xanh đậm+đen+xanh cổ vịt- Keycap: PBT Double-Shot- Đèn nền: LED RGB- 16 loại hiệu ứng ánh sáng- Loại switch: Greywood V4 Switch- Hiệu ứng âm thanh khi gõ phím: Linear- Hot-Swap 5 pin- Gasket mount- Mạch ngược- Số lượng phím: 87 phím- Hành trình phím: 4.0mm- Điện áp/dòng sạc: DC5V/ 600mA- Điện áp định mức: DC 3.7V (đầy đủ 4.2V)- Dòng điện định mức: 210mA @3.7V (hiệu ứng ánh sáng mặc định)/15mA (tắt tất cả đèn)- Dung lượng pin: 4000mAh- Thời gian sử dụng sau khi sạc đầy pin: Khoảng 22H (hiệu ứng ánh sáng mặc định) Khoảng 266H (tắt tất cả đèn)- Giao diện sạc: Giao diện Type-C- Tốc độ phản hồi: Chế độ có dây 1000Hz, chế độ 2.4G 1000Hz, chế độ Bluetooth 125Hz.- Trọng lượng: Khoảng 916g (không bao gồm dây/bộ thu) Khoảng 935g (bao gồm dây/bộ thu)- Kích thước bàn phím (L x W x H): 365,70×138,90×42,70±1mm- Phụ kiện kèm theo: Sách hướng dẫn sử dụng + 2 Switch tặng kèm + Dây USB type-C + Dụng cụ thay keycap"}',
        'Đắm mình vào thế giới của sự chính xác và phong cách với Bàn phím cơ AULA F87 PRO F8702 – một kiệt tác công nghệ được thiết kế để nâng tầm mọi trải nghiệm gõ phím của bạn. Mang trên mình phối màu Xanh đậm, Đen và Xanh cổ vịt (Teal) đầy mê hoặc, chiếc bàn phím này không chỉ là một công cụ, mà là một tuyên ngôn cá tính, một điểm nhấn nghệ thuật trên bàn làm việc của bạn.\n\nTrái tim của AULA F87 PRO F8702 là những Switch Grey Wood V4 độc quyền. Được tinh chỉnh để mang lại hành trình phím mượt mà, độ phản hồi cực nhạy và âm thanh gõ êm ái, những switch này sẽ biến mỗi lần nhấn phím thành một trải nghiệm đầy thỏa mãn. Dù bạn đang say sưa với những dòng code, chinh phục đối thủ trong game, hay đơn giản là trò chuyện cùng bạn bè, cảm giác gõ phím chắc chắn và thoải mái sẽ đồng hành cùng bạn. Thiết kế Tenkeyless (87 phím) không chỉ gọn gàng, tiết kiệm không gian mà còn tối ưu hóa công thái học, giúp bạn dễ dàng di chuyển chuột và duy trì tư thế thoải mái trong thời gian dài.\n\nAULA F87 PRO F8702 còn vượt trội với khả năng kết nối ba chế độ linh hoạt: không dây 2.4Ghz tốc độ cao cho gaming, Bluetooth 5.0 ổn định cho đa thiết bị và kết nối Type-C có dây đáng tin cậy. Đặc biệt, tính năng hot-swappable cho phép bạn dễ dàng thay đổi bất kỳ switch nào mà không cần hàn, mở ra vô vàn tùy biến để bạn khám phá cảm giác gõ yêu thích. Hệ thống đèn nền RGB rực rỡ với hàng loạt hiệu ứng tùy chỉnh sẽ thắp sáng không gian của bạn, tạo nên một không khí làm việc và giải trí đầy hứng khởi.\n\nNếu bạn khao khát một chiếc bàn phím cơ không chỉ sở hữu hiệu năng mạnh mẽ, độ bền vượt trội mà còn thể hiện phong cách độc đáo của riêng mình, AULA F87 PRO F8702 chính là sự lựa chọn không thể bỏ qua. Hãy để AULA F87 PRO F8702 định nghĩa lại trải nghiệm gõ phím của bạn!',
        1, 'https://product.hstatic.net/200000722513/product/aula-f87-f87-pro-ban-phim-co-gam-photoroom_c015d9e6f13948a5b927f6dc88413746.png'
    );
INSERT INTO product_category (product_id, category_id) VALUES (295, 28);
INSERT INTO product_variant (
        product_id, name, seo_name, supplier_id, price, price_sale, quantity, sku, model, barcode, 
        specifications, description, warranty, image_url, release_at, created_by)
        VALUES ( 295, 'Bàn phím AULA F87 PRO (Xanh đậm + Đen + Xanh cổ vịt /Grey Wood V4 Switch) F8702', 'ban-phim-aula-f87-pro-xanh-dam-den-xanh-co-vit-grey-wood-v4-switch',
            1, 1574000, 1249000, 10, 'KB-AULA-F87-PRO-BLUE-BLK-GREY-WOOD-V4-SW',
            'KB-AULA-F87-PRO-BLUE-BLK-GREY-WOOD-V4-SW', 'KB-AULA-F87-PRO-BLUE-BLK-GREY-WOOD-V4-SW',
            '{"Bảo hành": "&nbsp;24 tháng", "- Bàn phím cơ gaming 3 mode AULA F87/ F87 Pro- Độ bền phím": "60 triệu lần bấm- Kết nối: 3 mode có dây Type-C, không dây 2.4G & BT- Màu sắc: Xanh đậm+đen+xanh cổ vịt- Keycap: PBT Double-Shot- Đèn nền: LED RGB- 16 loại hiệu ứng ánh sáng- Loại switch: Greywood V4 Switch- Hiệu ứng âm thanh khi gõ phím: Linear- Hot-Swap 5 pin- Gasket mount- Mạch ngược- Số lượng phím: 87 phím- Hành trình phím: 4.0mm- Điện áp/dòng sạc: DC5V/ 600mA- Điện áp định mức: DC 3.7V (đầy đủ 4.2V)- Dòng điện định mức: 210mA @3.7V (hiệu ứng ánh sáng mặc định)/15mA (tắt tất cả đèn)- Dung lượng pin: 4000mAh- Thời gian sử dụng sau khi sạc đầy pin: Khoảng 22H (hiệu ứng ánh sáng mặc định) Khoảng 266H (tắt tất cả đèn)- Giao diện sạc: Giao diện Type-C- Tốc độ phản hồi: Chế độ có dây 1000Hz, chế độ 2.4G 1000Hz, chế độ Bluetooth 125Hz.- Trọng lượng: Khoảng 916g (không bao gồm dây/bộ thu) Khoảng 935g (bao gồm dây/bộ thu)- Kích thước bàn phím (L x W x H): 365,70×138,90×42,70±1mm- Phụ kiện kèm theo: Sách hướng dẫn sử dụng + 2 Switch tặng kèm + Dây USB type-C + Dụng cụ thay keycap"}',
            'Đắm mình vào thế giới của sự chính xác và phong cách với Bàn phím cơ AULA F87 PRO F8702 – một kiệt tác công nghệ được thiết kế để nâng tầm mọi trải nghiệm gõ phím của bạn. Mang trên mình phối màu Xanh đậm, Đen và Xanh cổ vịt (Teal) đầy mê hoặc, chiếc bàn phím này không chỉ là một công cụ, mà là một tuyên ngôn cá tính, một điểm nhấn nghệ thuật trên bàn làm việc của bạn.\n\nTrái tim của AULA F87 PRO F8702 là những Switch Grey Wood V4 độc quyền. Được tinh chỉnh để mang lại hành trình phím mượt mà, độ phản hồi cực nhạy và âm thanh gõ êm ái, những switch này sẽ biến mỗi lần nhấn phím thành một trải nghiệm đầy thỏa mãn. Dù bạn đang say sưa với những dòng code, chinh phục đối thủ trong game, hay đơn giản là trò chuyện cùng bạn bè, cảm giác gõ phím chắc chắn và thoải mái sẽ đồng hành cùng bạn. Thiết kế Tenkeyless (87 phím) không chỉ gọn gàng, tiết kiệm không gian mà còn tối ưu hóa công thái học, giúp bạn dễ dàng di chuyển chuột và duy trì tư thế thoải mái trong thời gian dài.\n\nAULA F87 PRO F8702 còn vượt trội với khả năng kết nối ba chế độ linh hoạt: không dây 2.4Ghz tốc độ cao cho gaming, Bluetooth 5.0 ổn định cho đa thiết bị và kết nối Type-C có dây đáng tin cậy. Đặc biệt, tính năng hot-swappable cho phép bạn dễ dàng thay đổi bất kỳ switch nào mà không cần hàn, mở ra vô vàn tùy biến để bạn khám phá cảm giác gõ yêu thích. Hệ thống đèn nền RGB rực rỡ với hàng loạt hiệu ứng tùy chỉnh sẽ thắp sáng không gian của bạn, tạo nên một không khí làm việc và giải trí đầy hứng khởi.\n\nNếu bạn khao khát một chiếc bàn phím cơ không chỉ sở hữu hiệu năng mạnh mẽ, độ bền vượt trội mà còn thể hiện phong cách độc đáo của riêng mình, AULA F87 PRO F8702 chính là sự lựa chọn không thể bỏ qua. Hãy để AULA F87 PRO F8702 định nghĩa lại trải nghiệm gõ phím của bạn!',
            24, 'https://product.hstatic.net/200000722513/product/aula-f87-f87-pro-ban-phim-co-gam-photoroom_c015d9e6f13948a5b927f6dc88413746.png', '2025-01-11T04:10:01+00:00',1);
        
INSERT INTO product_image (name, product_variant_id, image_url, is_main)
VALUES
    ('Ảnh 1', 295, 'https://product.hstatic.net/200000722513/product/aula-f87-f87-pro-ban-phim-co-gam-photoroom_c015d9e6f13948a5b927f6dc88413746.png', TRUE),
    ('Ảnh 2', 295, 'https://product.hstatic.net/200000722513/product/aula-f87-f87-pro-ban-phim-co-gam__1_-photoroom_d29bff9c5a5a407193ae3561c001c6dd.png', FALSE),
    ('Ảnh 3', 295, 'https://product.hstatic.net/200000722513/product/aula-f87-f87-pro-ban-phim-co-gam__2_-photoroom_2ed73d15243541c49e7b38eb341c2513.png', FALSE),
    ('Ảnh 4', 295, 'https://product.hstatic.net/200000722513/product/aula-f87-f87-pro-ban-phim-co-gam__5_-photoroom_8a8ba9d2eddd4e44b30f183a67bc8647.png', FALSE),
    ('Ảnh 5', 295, 'https://product.hstatic.net/200000722513/product/aula-f87-f87-pro-ban-phim-co-gam__4_-photoroom_d49a0131232349edb773c57f81961f39.png', FALSE),
    ('Ảnh 6', 295, 'https://product.hstatic.net/200000722513/product/aula-f87-f87-pro-ban-phim-co-gam__3_-photoroom_7c50ebbb9dc242c8b865d6e4688c4768.png', FALSE);
---
INSERT INTO product (name, seo_name, brand_id, specifications, description, created_by, image_url) 
    VALUES (
        'Bàn phím AULA F87 TM (Đen + Xanh đậm + Cam/ Grey Wood V3 Switch) F8703', 'ban-phim-aula-f87-tm-den-xanh-dam-cam-grey-wood-v3-switch', 22,
        '{"- Bàn phím cơ gaming AULA F87- Độ bền phím": "60 triệu lần bấm- Kết nối: 3 mode có dây Type-C, không dây 2.4G & BT- Màu sắc: Đen+Xanh đậm+Cam- Keycap: PBT Double-Shot- Đèn nền: LED RGB- 16 loại hiệu ứng ánh sáng- Loại switch: Greywood V3 Switch- Hiệu ứng âm thanh khi gõ phím: Linear- Hot-Swap 5 pin- Gasket mount- Mạch xuôi- Số lượng phím: 87 phím- Hành trình phím: 4.0mm- Điện áp/dòng sạc: DC5V/ 600mA- Điện áp định mức: DC 3.7V (đầy đủ 4.2V)- Dòng điện định mức: 180mA @3.7V (hiệu ứng ánh sáng mặc định)/15mA (tắt tất cả đèn)- Dung lượng pin: 4000mAh- Thời gian sử dụng sau khi sạc đầy pin: Khoảng 22H (hiệu ứng ánh sáng mặc định) Khoảng 266H (tắt tất cả đèn)- Giao diện sạc: Giao diện Type-C- Tốc độ phản hồi: Chế độ có dây 1000Hz, chế độ 2.4G 1000Hz, chế độ Bluetooth 125Hz.- Trọng lượng: Khoảng 916g (không bao gồm dây/bộ thu) Khoảng 935g (bao gồm dây/bộ thu)- Kích thước bàn phím (L x W x H): 365,90×139,00×41,10±1mm- Phụ kiện kèm theo: Sách hướng dẫn sử dụng + 2 Switch tặng kèm + Dây USB type-C + Dụng cụ thay keycap"}',
        'Khám phá sự kết hợp hoàn hảo giữa hiệu suất vượt trội và phong cách cá nhân với Bàn phím cơ AULA F87 TM (Đen + Xanh đậm + Cam/ Grey Wood V3 Switch) F8703. Chiếc bàn phím này không chỉ là một công cụ làm việc hay giải trí, mà còn là một tuyên ngôn phong cách mạnh mẽ trên bàn làm việc của bạn.\n\nNổi bật với phối màu độc đáo và đầy cá tính – sự kết hợp tinh tế giữa Đen cơ bản, Xanh đậm sâu lắng và điểm nhấn Cam rực rỡ – AULA F87 TM thu hút mọi ánh nhìn. Thiết kế Tenkeyless (TKL) 87 phím tối ưu không gian, mang lại sự gọn gàng, tiện lợi cho cả game thủ và những người dùng yêu thích sự tối giản mà vẫn cần đầy đủ chức năng.\n\nTrái tim của F87 TM là bộ switch cơ học Grey Wood V3 cao cấp. Với trải nghiệm gõ mượt mà, độ phản hồi nhanh nhạy và âm thanh êm ái đặc trưng, Grey Wood V3 đảm bảo mỗi lần gõ phím đều là một trải nghiệm tuyệt vời, dù là khi nhập liệu tốc độ cao hay trong những trận chiến gaming kịch tính.\n\nNgoài ra, AULA F87 TM F8703 còn được trang bị những tính năng hàng đầu: khả năng kết nối đa chế độ (thường là USB-C, Bluetooth và 2.4GHz) cho sự linh hoạt tối đa, tính năng hotswap cho phép bạn dễ dàng thay đổi switch theo ý muốn, và keycaps PBT bền bỉ cùng hệ thống đèn nền RGB rực rỡ (nếu có) với nhiều chế độ tùy chỉnh, mang đến trải nghiệm thị giác sống động.\n\nChọn AULA F87 TM F8703 là chọn một người bạn đồng hành đáng tin cậy, thể hiện đẳng cấp và gu thẩm mỹ tinh tế của bạn trong mọi tác vụ.',
        1, 'https://product.hstatic.net/200000722513/product/20241114135548-photoroom_71ca6a840fd3400887d12b321a911e55.png'
    );
INSERT INTO product_category (product_id, category_id) VALUES (296, 28);
INSERT INTO product_variant (
        product_id, name, seo_name, supplier_id, price, price_sale, quantity, sku, model, barcode, 
        specifications, description, warranty, image_url, release_at, created_by)
        VALUES ( 296, 'Bàn phím AULA F87 TM (Đen + Xanh đậm + Cam/ Grey Wood V3 Switch) F8703', 'ban-phim-aula-f87-tm-den-xanh-dam-cam-grey-wood-v3-switch',
            1, 1456000, 1190000, 10, 'KB-AULA-F87-TM-BLK-BLUE-ORANGE-GREY-WOOD-V3-SW',
            'KB-AULA-F87-TM-BLK-BLUE-ORANGE-GREY-WOOD-V3-SW', 'KB-AULA-F87-TM-BLK-BLUE-ORANGE-GREY-WOOD-V3-SW',
            '{"- Bàn phím cơ gaming AULA F87- Độ bền phím": "60 triệu lần bấm- Kết nối: 3 mode có dây Type-C, không dây 2.4G & BT- Màu sắc: Đen+Xanh đậm+Cam- Keycap: PBT Double-Shot- Đèn nền: LED RGB- 16 loại hiệu ứng ánh sáng- Loại switch: Greywood V3 Switch- Hiệu ứng âm thanh khi gõ phím: Linear- Hot-Swap 5 pin- Gasket mount- Mạch xuôi- Số lượng phím: 87 phím- Hành trình phím: 4.0mm- Điện áp/dòng sạc: DC5V/ 600mA- Điện áp định mức: DC 3.7V (đầy đủ 4.2V)- Dòng điện định mức: 180mA @3.7V (hiệu ứng ánh sáng mặc định)/15mA (tắt tất cả đèn)- Dung lượng pin: 4000mAh- Thời gian sử dụng sau khi sạc đầy pin: Khoảng 22H (hiệu ứng ánh sáng mặc định) Khoảng 266H (tắt tất cả đèn)- Giao diện sạc: Giao diện Type-C- Tốc độ phản hồi: Chế độ có dây 1000Hz, chế độ 2.4G 1000Hz, chế độ Bluetooth 125Hz.- Trọng lượng: Khoảng 916g (không bao gồm dây/bộ thu) Khoảng 935g (bao gồm dây/bộ thu)- Kích thước bàn phím (L x W x H): 365,90×139,00×41,10±1mm- Phụ kiện kèm theo: Sách hướng dẫn sử dụng + 2 Switch tặng kèm + Dây USB type-C + Dụng cụ thay keycap"}',
            'Khám phá sự kết hợp hoàn hảo giữa hiệu suất vượt trội và phong cách cá nhân với Bàn phím cơ AULA F87 TM (Đen + Xanh đậm + Cam/ Grey Wood V3 Switch) F8703. Chiếc bàn phím này không chỉ là một công cụ làm việc hay giải trí, mà còn là một tuyên ngôn phong cách mạnh mẽ trên bàn làm việc của bạn.\n\nNổi bật với phối màu độc đáo và đầy cá tính – sự kết hợp tinh tế giữa Đen cơ bản, Xanh đậm sâu lắng và điểm nhấn Cam rực rỡ – AULA F87 TM thu hút mọi ánh nhìn. Thiết kế Tenkeyless (TKL) 87 phím tối ưu không gian, mang lại sự gọn gàng, tiện lợi cho cả game thủ và những người dùng yêu thích sự tối giản mà vẫn cần đầy đủ chức năng.\n\nTrái tim của F87 TM là bộ switch cơ học Grey Wood V3 cao cấp. Với trải nghiệm gõ mượt mà, độ phản hồi nhanh nhạy và âm thanh êm ái đặc trưng, Grey Wood V3 đảm bảo mỗi lần gõ phím đều là một trải nghiệm tuyệt vời, dù là khi nhập liệu tốc độ cao hay trong những trận chiến gaming kịch tính.\n\nNgoài ra, AULA F87 TM F8703 còn được trang bị những tính năng hàng đầu: khả năng kết nối đa chế độ (thường là USB-C, Bluetooth và 2.4GHz) cho sự linh hoạt tối đa, tính năng hotswap cho phép bạn dễ dàng thay đổi switch theo ý muốn, và keycaps PBT bền bỉ cùng hệ thống đèn nền RGB rực rỡ (nếu có) với nhiều chế độ tùy chỉnh, mang đến trải nghiệm thị giác sống động.\n\nChọn AULA F87 TM F8703 là chọn một người bạn đồng hành đáng tin cậy, thể hiện đẳng cấp và gu thẩm mỹ tinh tế của bạn trong mọi tác vụ.',
            24, 'https://product.hstatic.net/200000722513/product/20241114135548-photoroom_71ca6a840fd3400887d12b321a911e55.png', '2025-01-11T04:09:46+00:00',1);
        
INSERT INTO product_image (name, product_variant_id, image_url, is_main)
VALUES
    ('Ảnh 1', 296, 'https://product.hstatic.net/200000722513/product/20241114135548-photoroom_71ca6a840fd3400887d12b321a911e55.png', TRUE);
---
INSERT INTO product (name, seo_name, brand_id, specifications, description, created_by, image_url) 
    VALUES (
        'Bàn phím AULA F87 TM (Đen + Trắng + Xanh Lá /Grey Wood V4 Switch) F8734', 'ban-phim-aula-f87-tm-den-trang-xanh-la-grey-wood-v4-switch', 22,
        '{"- Độ bền phím": "60 triệu lần bấm- Thời gian sử dụng sau khi sạc đầy pin: Khoảng 22 giờ (hiệu ứng ánh sáng mặc định)/ 266 giờ (khi tắt đèn)- Kết nối: 3 mode có dây Type-C, không dây 2.4G & BT- Màu sắc: đen + trắng + xanh lá- Đèn nền: LED RGB- 16 loại hiệu ứng ánh sáng- Loại switch: Grey Wood V4 Switch- Hiệu ứng âm thanh khi gõ phím: Linear- Hot-Swap- Gasket mount- Mạch ngược- Số lượng phím: 87 phím- Hành trình phím: 4.0mm- Điện áp/dòng sạc: DC5V 600mA- Điện áp định mức: DC 3.7V (đầy đủ 4.2V)- Định mức dòng điện: 180mA @37V (hiệu ứng ánh sáng mặc định)/15 mA (tắt tất cả đèn)- Trọng lượng: Xấp xỉ 916g (không có cáp/bộ thu), 935g (với cáp/bộ thu)- Kích thước bàn phím (L x W x H): 365,90 x 139,00 x 41,10 +1 mm- Phụ kiện kèm theo: Sách hướng dẫn sử dụng + 2 Switch tặng kèm + Dây USB type-C + Dụng cụ thay keycap"}',
        'Nâng tầm trải nghiệm gõ phím của bạn với Bàn phím cơ AULA F87 TM – một tuyệt tác của công nghệ và thiết kế, mang đến sự kết hợp hoàn hảo giữa hiệu suất vượt trội và phong cách tinh tế. Với mã sản phẩm F8734, phiên bản này nổi bật với sự phối hợp màu sắc độc đáo Đen, Trắng và Xanh Lá, tạo nên một diện mạo đầy cá tính nhưng không kém phần sang trọng, dễ dàng hòa mình vào mọi không gian làm việc hay giải trí. Điểm nhấn làm nên sự khác biệt của AULA F87 TM chính là công tắc cơ học độc quyền Grey Wood V4 Switch. Được thiết kế tỉ mỉ, những công tắc này mang lại cảm giác gõ mượt mà, ổn định với phản hồi xúc giác tinh tế và âm thanh trầm ấm, dễ chịu – trải nghiệm gõ phím không chỉ chính xác mà còn cực kỳ thỏa mãn, lý tưởng cho cả game thủ đòi hỏi tốc độ lẫn dân văn phòng cần sự yên tĩnh và thoải mái. Với layout TKL (Tenkeyless) 87 phím nhỏ gọn, AULA F87 TM giải phóng không gian bàn làm việc, tối ưu cho việc di chuyển chuột và dễ dàng mang theo. Bàn phím còn được trang bị đầy đủ các tính năng cao cấp như kết nối đa chế độ (có dây, Bluetooth, 2.4G không dây), keycap PBT bền bỉ chống bóng mờ, đèn nền RGB sống động với nhiều hiệu ứng tùy chỉnh, và khả năng hot-swap cho phép bạn dễ dàng thay đổi switch mà không cần hàn. AULA F87 TM không chỉ là một công cụ, mà là một tuyên ngôn phong cách, một người bạn đồng hành đáng tin cậy giúp bạn đạt hiệu suất tối đa trong mọi tác vụ. Khám phá sự khác biệt mà AULA F87 TM mang lại ngay hôm nay!',
        1, 'https://product.hstatic.net/200000722513/product/aula-f87-ban-phim-co-gaming-3-mo__9_-photoroom_12bfeb55d3dc4afd8c40993cdc4ca091.png'
    );
INSERT INTO product_category (product_id, category_id) VALUES (297, 28);
INSERT INTO product_variant (
        product_id, name, seo_name, supplier_id, price, price_sale, quantity, sku, model, barcode, 
        specifications, description, warranty, image_url, release_at, created_by)
        VALUES ( 297, 'Bàn phím AULA F87 TM (Đen + Trắng + Xanh Lá /Grey Wood V4 Switch) F8734', 'ban-phim-aula-f87-tm-den-trang-xanh-la-grey-wood-v4-switch',
            1, 1695000, 1190000, 10, 'KB-AULA-F87-TM-BLK-WHI-GREEN-GREY-WOOD-V4-SW',
            'KB-AULA-F87-TM-BLK-WHI-GREEN-GREY-WOOD-V4-SW', 'KB-AULA-F87-TM-BLK-WHI-GREEN-GREY-WOOD-V4-SW',
            '{"- Độ bền phím": "60 triệu lần bấm- Thời gian sử dụng sau khi sạc đầy pin: Khoảng 22 giờ (hiệu ứng ánh sáng mặc định)/ 266 giờ (khi tắt đèn)- Kết nối: 3 mode có dây Type-C, không dây 2.4G & BT- Màu sắc: đen + trắng + xanh lá- Đèn nền: LED RGB- 16 loại hiệu ứng ánh sáng- Loại switch: Grey Wood V4 Switch- Hiệu ứng âm thanh khi gõ phím: Linear- Hot-Swap- Gasket mount- Mạch ngược- Số lượng phím: 87 phím- Hành trình phím: 4.0mm- Điện áp/dòng sạc: DC5V 600mA- Điện áp định mức: DC 3.7V (đầy đủ 4.2V)- Định mức dòng điện: 180mA @37V (hiệu ứng ánh sáng mặc định)/15 mA (tắt tất cả đèn)- Trọng lượng: Xấp xỉ 916g (không có cáp/bộ thu), 935g (với cáp/bộ thu)- Kích thước bàn phím (L x W x H): 365,90 x 139,00 x 41,10 +1 mm- Phụ kiện kèm theo: Sách hướng dẫn sử dụng + 2 Switch tặng kèm + Dây USB type-C + Dụng cụ thay keycap"}',
            'Nâng tầm trải nghiệm gõ phím của bạn với Bàn phím cơ AULA F87 TM – một tuyệt tác của công nghệ và thiết kế, mang đến sự kết hợp hoàn hảo giữa hiệu suất vượt trội và phong cách tinh tế. Với mã sản phẩm F8734, phiên bản này nổi bật với sự phối hợp màu sắc độc đáo Đen, Trắng và Xanh Lá, tạo nên một diện mạo đầy cá tính nhưng không kém phần sang trọng, dễ dàng hòa mình vào mọi không gian làm việc hay giải trí. Điểm nhấn làm nên sự khác biệt của AULA F87 TM chính là công tắc cơ học độc quyền Grey Wood V4 Switch. Được thiết kế tỉ mỉ, những công tắc này mang lại cảm giác gõ mượt mà, ổn định với phản hồi xúc giác tinh tế và âm thanh trầm ấm, dễ chịu – trải nghiệm gõ phím không chỉ chính xác mà còn cực kỳ thỏa mãn, lý tưởng cho cả game thủ đòi hỏi tốc độ lẫn dân văn phòng cần sự yên tĩnh và thoải mái. Với layout TKL (Tenkeyless) 87 phím nhỏ gọn, AULA F87 TM giải phóng không gian bàn làm việc, tối ưu cho việc di chuyển chuột và dễ dàng mang theo. Bàn phím còn được trang bị đầy đủ các tính năng cao cấp như kết nối đa chế độ (có dây, Bluetooth, 2.4G không dây), keycap PBT bền bỉ chống bóng mờ, đèn nền RGB sống động với nhiều hiệu ứng tùy chỉnh, và khả năng hot-swap cho phép bạn dễ dàng thay đổi switch mà không cần hàn. AULA F87 TM không chỉ là một công cụ, mà là một tuyên ngôn phong cách, một người bạn đồng hành đáng tin cậy giúp bạn đạt hiệu suất tối đa trong mọi tác vụ. Khám phá sự khác biệt mà AULA F87 TM mang lại ngay hôm nay!',
            24, 'https://product.hstatic.net/200000722513/product/aula-f87-ban-phim-co-gaming-3-mo__9_-photoroom_12bfeb55d3dc4afd8c40993cdc4ca091.png', '2025-01-11T04:09:46+00:00',1);
        
INSERT INTO product_image (name, product_variant_id, image_url, is_main)
VALUES
    ('Ảnh 1', 297, 'https://product.hstatic.net/200000722513/product/aula-f87-ban-phim-co-gaming-3-mo__9_-photoroom_12bfeb55d3dc4afd8c40993cdc4ca091.png', TRUE),
    ('Ảnh 2', 297, 'https://product.hstatic.net/200000722513/product/aula-f87-ban-phim-co-gaming-3-mo__10_-photoroom_219b9d755aad481eb6bb1b64d0ab668b.png', FALSE),
    ('Ảnh 3', 297, 'https://product.hstatic.net/200000722513/product/aula-f87-ban-phim-co-gaming-3-mo__11_-photoroom_40203273569b493a9c2ec9e91c3ca2cd.png', FALSE),
    ('Ảnh 4', 297, 'https://product.hstatic.net/200000722513/product/aula-f87-ban-phim-co-gaming-3-mo__14_-photoroom_6a05705e2f12490e9cba5f96d2550476.png', FALSE),
    ('Ảnh 5', 297, 'https://product.hstatic.net/200000722513/product/aula-f87-ban-phim-co-gaming-3-mo__12_-photoroom_03641f746cd440e9bd08451eea07b26a.png', FALSE);
---
INSERT INTO product (name, seo_name, brand_id, specifications, description, created_by, image_url) 
    VALUES (
        'Bàn phím AULA F87 TM (Đen + Trắng + Xanh Lá /Grey Wood V3 Switch) F8733', 'ban-phim-aula-f87-tm-den-trang-xanh-la-grey-wood-v3-switch', 22,
        '{"Bảo hành": "&nbsp;24 tháng", "- Độ bền phím": "60 triệu lần bấm- Thời gian sử dụng sau khi sạc đầy pin: Khoảng 22 giờ (hiệu ứng ánh sáng mặc định)/ 266 giờ (khi tắt đèn)- Kết nối: 3 mode có dây Type-C, không dây 2.4G & BT- Màu sắc: đen + trắng + xanh lá- Đèn nền: LED RGB- 16 loại hiệu ứng ánh sáng- Loại switch: Grey Wood V3 Switch- Hiệu ứng âm thanh khi gõ phím: Linear- Hot-Swap- Gasket mount- Mạch ngược- Số lượng phím: 87 phím- Hành trình phím: 4.0mm- Điện áp/dòng sạc: DC5V 600mA- Điện áp định mức: DC 3.7V (đầy đủ 4.2V)- Định mức dòng điện: 180mA @37V (hiệu ứng ánh sáng mặc định)/15 mA (tắt tất cả đèn)- Trọng lượng: Xấp xỉ 916g (không có cáp/bộ thu), 935g (với cáp/bộ thu)- Kích thước bàn phím (L x W x H): 365,90 x 139,00 x 41,10 +1 mm- Phụ kiện kèm theo: Sách hướng dẫn sử dụng + 2 Switch tặng kèm + Dây USB type-C + Dụng cụ thay keycap"}',
        'Nâng tầm trải nghiệm gõ phím và khẳng định phong cách cá nhân với Bàn phím cơ AULA F87 TM (Đen + Trắng + Xanh Lá / Grey Wood V3 Switch) F8733. Đây không chỉ là một chiếc bàn phím, mà là một tác phẩm nghệ thuật công thái học, hòa quyện hoàn hảo giữa hiệu suất vượt trội và thiết kế độc đáo.\n\n**Thiết kế Đột phá & Phối màu Cuốn hút:** Với sự kết hợp tinh tế của các tông màu Đen, Trắng và Xanh Lá, AULA F87 TM F8733 tạo nên một diện mạo đầy cá tính và trẻ trung. Phối màu này không chỉ làm nổi bật bàn phím trên mọi không gian làm việc hay gaming setup, mà còn phản ánh gu thẩm mỹ hiện đại, mang đến nguồn cảm hứng bất tận mỗi khi bạn thao tác.\n\n**Trải nghiệm Gõ phím Hoàn hảo với Grey Wood V3 Switch:** Trái tim của AULA F87 TM là bộ công tắc Grey Wood V3 Switch độc quyền, được tinh chỉnh để mang lại cảm giác gõ mượt mà, phản hồi rõ ràng nhưng vẫn giữ được âm thanh êm ái, dễ chịu. Dù bạn là một game thủ cần tốc độ và độ chính xác tuyệt đối, hay một người làm việc văn phòng đòi hỏi sự thoải mái và ít tiếng ồn, loại switch này sẽ đáp ứng mọi kỳ vọng. Độ bền bỉ vượt trội của Grey Wood V3 Switch đảm bảo hiệu suất ổn định theo thời gian.\n\n**Thiết kế Tenkeyless (TKL) Tối ưu:** Với layout 87 phím TKL, AULA F87 TM F8733 giữ lại đầy đủ các chức năng cần thiết mà vẫn duy trì kích thước nhỏ gọn. Điều này giúp tiết kiệm không gian bàn làm việc, tạo điều kiện thuận lợi cho việc di chuyển chuột và cải thiện công thái học tổng thể, giảm thiểu mỏi tay khi sử dụng trong thời gian dài.\n\n**Chất lượng Hoàn thiện Cao cấp:** Khung bàn phím chắc chắn, được chế tạo từ vật liệu cao cấp, mang lại độ bền bỉ và cảm giác đầm tay vượt trội. Mỗi chi tiết đều được chăm chút tỉ mỉ, khẳng định đẳng cấp và sự tin cậy của thương hiệu AULA.\n\nAULA F87 TM (F8733) không chỉ là một công cụ, mà là một người bạn đồng hành đáng tin cậy, giúp bạn hoàn thành mọi tác vụ với hiệu quả cao nhất và phong cách ấn tượng nhất.',
        1, 'https://product.hstatic.net/200000722513/product/aula-f87-ban-phim-co-gaming-3-mo__9_-photoroom_5258dfaaa1144b8997b7b04d09d3b5b6.png'
    );
INSERT INTO product_category (product_id, category_id) VALUES (298, 28);
INSERT INTO product_variant (
        product_id, name, seo_name, supplier_id, price, price_sale, quantity, sku, model, barcode, 
        specifications, description, warranty, image_url, release_at, created_by)
        VALUES ( 298, 'Bàn phím AULA F87 TM (Đen + Trắng + Xanh Lá /Grey Wood V3 Switch) F8733', 'ban-phim-aula-f87-tm-den-trang-xanh-la-grey-wood-v3-switch',
            1, 1695000, 1190000, 10, 'KB-AULA-F87-TM-BLK-WHI-GREEN-GREY-WOOD-V3-SW',
            'KB-AULA-F87-TM-BLK-WHI-GREEN-GREY-WOOD-V3-SW', 'KB-AULA-F87-TM-BLK-WHI-GREEN-GREY-WOOD-V3-SW',
            '{"Bảo hành": "&nbsp;24 tháng", "- Độ bền phím": "60 triệu lần bấm- Thời gian sử dụng sau khi sạc đầy pin: Khoảng 22 giờ (hiệu ứng ánh sáng mặc định)/ 266 giờ (khi tắt đèn)- Kết nối: 3 mode có dây Type-C, không dây 2.4G & BT- Màu sắc: đen + trắng + xanh lá- Đèn nền: LED RGB- 16 loại hiệu ứng ánh sáng- Loại switch: Grey Wood V3 Switch- Hiệu ứng âm thanh khi gõ phím: Linear- Hot-Swap- Gasket mount- Mạch ngược- Số lượng phím: 87 phím- Hành trình phím: 4.0mm- Điện áp/dòng sạc: DC5V 600mA- Điện áp định mức: DC 3.7V (đầy đủ 4.2V)- Định mức dòng điện: 180mA @37V (hiệu ứng ánh sáng mặc định)/15 mA (tắt tất cả đèn)- Trọng lượng: Xấp xỉ 916g (không có cáp/bộ thu), 935g (với cáp/bộ thu)- Kích thước bàn phím (L x W x H): 365,90 x 139,00 x 41,10 +1 mm- Phụ kiện kèm theo: Sách hướng dẫn sử dụng + 2 Switch tặng kèm + Dây USB type-C + Dụng cụ thay keycap"}',
            'Nâng tầm trải nghiệm gõ phím và khẳng định phong cách cá nhân với Bàn phím cơ AULA F87 TM (Đen + Trắng + Xanh Lá / Grey Wood V3 Switch) F8733. Đây không chỉ là một chiếc bàn phím, mà là một tác phẩm nghệ thuật công thái học, hòa quyện hoàn hảo giữa hiệu suất vượt trội và thiết kế độc đáo.\n\n**Thiết kế Đột phá & Phối màu Cuốn hút:** Với sự kết hợp tinh tế của các tông màu Đen, Trắng và Xanh Lá, AULA F87 TM F8733 tạo nên một diện mạo đầy cá tính và trẻ trung. Phối màu này không chỉ làm nổi bật bàn phím trên mọi không gian làm việc hay gaming setup, mà còn phản ánh gu thẩm mỹ hiện đại, mang đến nguồn cảm hứng bất tận mỗi khi bạn thao tác.\n\n**Trải nghiệm Gõ phím Hoàn hảo với Grey Wood V3 Switch:** Trái tim của AULA F87 TM là bộ công tắc Grey Wood V3 Switch độc quyền, được tinh chỉnh để mang lại cảm giác gõ mượt mà, phản hồi rõ ràng nhưng vẫn giữ được âm thanh êm ái, dễ chịu. Dù bạn là một game thủ cần tốc độ và độ chính xác tuyệt đối, hay một người làm việc văn phòng đòi hỏi sự thoải mái và ít tiếng ồn, loại switch này sẽ đáp ứng mọi kỳ vọng. Độ bền bỉ vượt trội của Grey Wood V3 Switch đảm bảo hiệu suất ổn định theo thời gian.\n\n**Thiết kế Tenkeyless (TKL) Tối ưu:** Với layout 87 phím TKL, AULA F87 TM F8733 giữ lại đầy đủ các chức năng cần thiết mà vẫn duy trì kích thước nhỏ gọn. Điều này giúp tiết kiệm không gian bàn làm việc, tạo điều kiện thuận lợi cho việc di chuyển chuột và cải thiện công thái học tổng thể, giảm thiểu mỏi tay khi sử dụng trong thời gian dài.\n\n**Chất lượng Hoàn thiện Cao cấp:** Khung bàn phím chắc chắn, được chế tạo từ vật liệu cao cấp, mang lại độ bền bỉ và cảm giác đầm tay vượt trội. Mỗi chi tiết đều được chăm chút tỉ mỉ, khẳng định đẳng cấp và sự tin cậy của thương hiệu AULA.\n\nAULA F87 TM (F8733) không chỉ là một công cụ, mà là một người bạn đồng hành đáng tin cậy, giúp bạn hoàn thành mọi tác vụ với hiệu quả cao nhất và phong cách ấn tượng nhất.',
            24, 'https://product.hstatic.net/200000722513/product/aula-f87-ban-phim-co-gaming-3-mo__9_-photoroom_5258dfaaa1144b8997b7b04d09d3b5b6.png', '2025-01-11T04:09:46+00:00',1);
        
INSERT INTO product_image (name, product_variant_id, image_url, is_main)
VALUES
    ('Ảnh 1', 298, 'https://product.hstatic.net/200000722513/product/aula-f87-ban-phim-co-gaming-3-mo__9_-photoroom_5258dfaaa1144b8997b7b04d09d3b5b6.png', TRUE),
    ('Ảnh 2', 298, 'https://product.hstatic.net/200000722513/product/aula-f87-ban-phim-co-gaming-3-mo__10_-photoroom_516026f5f76946ceb10660ebbdeba4d2.png', FALSE),
    ('Ảnh 3', 298, 'https://product.hstatic.net/200000722513/product/aula-f87-ban-phim-co-gaming-3-mo__11_-photoroom_a8eab2fcf68346009cdd7d9b6b237d2b.png', FALSE),
    ('Ảnh 4', 298, 'https://product.hstatic.net/200000722513/product/aula-f87-ban-phim-co-gaming-3-mo__14_-photoroom_ff91d60b626c4c5db161d0251b50c615.png', FALSE),
    ('Ảnh 5', 298, 'https://product.hstatic.net/200000722513/product/aula-f87-ban-phim-co-gaming-3-mo__13_-photoroom_79a3f5c778cc4faaae8a8516fe95d6f0.png', FALSE),
    ('Ảnh 6', 298, 'https://product.hstatic.net/200000722513/product/aula-f87-ban-phim-co-gaming-3-mo__12_-photoroom_dee5d6155aba434d816ec2602ed6cb92.png', FALSE);
---
INSERT INTO product (name, seo_name, brand_id, specifications, description, created_by, image_url) 
    VALUES (
        'Bàn phím AULA F87 TM (Đen + Trắng + Xanh Dương /Grey Wood V3 Switch) F8732', 'ban-phim-aula-f87-tm-den-trang-xanh-duong-grey-wood-v3-switch', 22,
        '{"Bảo hành": "&nbsp;24 tháng", "- Độ bền phím": "60 triệu lần bấm- Thời gian sử dụng sau khi sạc đầy pin: Khoảng 22 giờ (hiệu ứng ánh sáng mặc định)/ 266 giờ (khi tắt đèn)- Kết nối: 3 mode có dây Type-C, không dây 2.4G & BT- Màu sắc: đen + trắng + xanh dương- Đèn nền: LED RGB- 16 loại hiệu ứng ánh sáng- Loại switch: Grey Wood V3 Switch- Hiệu ứng âm thanh khi gõ phím: Linear- Hot-Swap- Gasket mount- Mạch ngược- Số lượng phím: 87 phím- Hành trình phím: 4.0mm- Điện áp/dòng sạc: DC5V 600mA- Điện áp định mức: DC 3.7V (đầy đủ 4.2V)- Định mức dòng điện: 180mA @37V (hiệu ứng ánh sáng mặc định)/15 mA (tắt tất cả đèn)- Trọng lượng: Xấp xỉ 916g (không có cáp/bộ thu), 935g (với cáp/bộ thu)- Kích thước bàn phím (L x W x H): 365,90 x 139,00 x 41,10 +1 mm- Phụ kiện kèm theo: Sách hướng dẫn sử dụng + 2 Switch tặng kèm + Dây USB type-C + Dụng cụ thay keycap"}',
        'Khám phá sự kết hợp hoàn hảo giữa phong cách, hiệu năng và trải nghiệm gõ phím đỉnh cao với Bàn phím cơ AULA F87 TM (F8732). Với phối màu độc đáo Đen, Trắng và Xanh Dương đầy cá tính, chiếc bàn phím này không chỉ là một công cụ mà còn là một tuyên ngôn phong cách trên bàn làm việc của bạn. Thiết kế 87 phím (TKL) tối ưu không gian, mang lại vẻ ngoài gọn gàng nhưng vẫn đảm bảo đầy đủ chức năng cần thiết cho mọi tác vụ, từ những trận game căng thẳng đến công việc sáng tạo hàng ngày. Trái tim của AULA F87 TM chính là bộ switch Grey Wood V3 độc quyền – được thiết kế tỉ mỉ để mang lại cảm giác gõ mượt mà, ổn định và phản hồi chính xác đáng kinh ngạc. Mỗi lần nhấn phím đều là một trải nghiệm êm ái, giảm thiểu mệt mỏi và tăng cường hiệu suất rõ rệt. AULA F87 TM F8732 là lựa chọn lý tưởng cho game thủ, lập trình viên, nhà sáng tạo nội dung hay bất kỳ ai tìm kiếm một chiếc bàn phím cơ không chỉ đẹp mắt mà còn cực kỳ đáng tin cậy và bền bỉ. Nâng tầm không gian làm việc và trải nghiệm gõ phím của bạn ngay hôm nay!',
        1, 'https://product.hstatic.net/200000722513/product/aula-f87-ban-phim-co-gaming-3-mo__3_-photoroom_22a5fdbc783e4dad8cafc5498ed00d79.png'
    );
INSERT INTO product_category (product_id, category_id) VALUES (299, 28);
INSERT INTO product_variant (
        product_id, name, seo_name, supplier_id, price, price_sale, quantity, sku, model, barcode, 
        specifications, description, warranty, image_url, release_at, created_by)
        VALUES ( 299, 'Bàn phím AULA F87 TM (Đen + Trắng + Xanh Dương /Grey Wood V3 Switch) F8732', 'ban-phim-aula-f87-tm-den-trang-xanh-duong-grey-wood-v3-switch',
            1, 1695000, 1190000, 10, 'KB-AULA-F87-TM-BLK-WHI-BLUE-GREY-WOOD-V3-SW',
            'KB-AULA-F87-TM-BLK-WHI-BLUE-GREY-WOOD-V3-SW', 'KB-AULA-F87-TM-BLK-WHI-BLUE-GREY-WOOD-V3-SW',
            '{"Bảo hành": "&nbsp;24 tháng", "- Độ bền phím": "60 triệu lần bấm- Thời gian sử dụng sau khi sạc đầy pin: Khoảng 22 giờ (hiệu ứng ánh sáng mặc định)/ 266 giờ (khi tắt đèn)- Kết nối: 3 mode có dây Type-C, không dây 2.4G & BT- Màu sắc: đen + trắng + xanh dương- Đèn nền: LED RGB- 16 loại hiệu ứng ánh sáng- Loại switch: Grey Wood V3 Switch- Hiệu ứng âm thanh khi gõ phím: Linear- Hot-Swap- Gasket mount- Mạch ngược- Số lượng phím: 87 phím- Hành trình phím: 4.0mm- Điện áp/dòng sạc: DC5V 600mA- Điện áp định mức: DC 3.7V (đầy đủ 4.2V)- Định mức dòng điện: 180mA @37V (hiệu ứng ánh sáng mặc định)/15 mA (tắt tất cả đèn)- Trọng lượng: Xấp xỉ 916g (không có cáp/bộ thu), 935g (với cáp/bộ thu)- Kích thước bàn phím (L x W x H): 365,90 x 139,00 x 41,10 +1 mm- Phụ kiện kèm theo: Sách hướng dẫn sử dụng + 2 Switch tặng kèm + Dây USB type-C + Dụng cụ thay keycap"}',
            'Khám phá sự kết hợp hoàn hảo giữa phong cách, hiệu năng và trải nghiệm gõ phím đỉnh cao với Bàn phím cơ AULA F87 TM (F8732). Với phối màu độc đáo Đen, Trắng và Xanh Dương đầy cá tính, chiếc bàn phím này không chỉ là một công cụ mà còn là một tuyên ngôn phong cách trên bàn làm việc của bạn. Thiết kế 87 phím (TKL) tối ưu không gian, mang lại vẻ ngoài gọn gàng nhưng vẫn đảm bảo đầy đủ chức năng cần thiết cho mọi tác vụ, từ những trận game căng thẳng đến công việc sáng tạo hàng ngày. Trái tim của AULA F87 TM chính là bộ switch Grey Wood V3 độc quyền – được thiết kế tỉ mỉ để mang lại cảm giác gõ mượt mà, ổn định và phản hồi chính xác đáng kinh ngạc. Mỗi lần nhấn phím đều là một trải nghiệm êm ái, giảm thiểu mệt mỏi và tăng cường hiệu suất rõ rệt. AULA F87 TM F8732 là lựa chọn lý tưởng cho game thủ, lập trình viên, nhà sáng tạo nội dung hay bất kỳ ai tìm kiếm một chiếc bàn phím cơ không chỉ đẹp mắt mà còn cực kỳ đáng tin cậy và bền bỉ. Nâng tầm không gian làm việc và trải nghiệm gõ phím của bạn ngay hôm nay!',
            24, 'https://product.hstatic.net/200000722513/product/aula-f87-ban-phim-co-gaming-3-mo__3_-photoroom_22a5fdbc783e4dad8cafc5498ed00d79.png', '2025-01-11T04:09:46+00:00',1);
        
INSERT INTO product_image (name, product_variant_id, image_url, is_main)
VALUES
    ('Ảnh 1', 299, 'https://product.hstatic.net/200000722513/product/aula-f87-ban-phim-co-gaming-3-mo__3_-photoroom_22a5fdbc783e4dad8cafc5498ed00d79.png', TRUE),
    ('Ảnh 2', 299, 'https://product.hstatic.net/200000722513/product/aula-f87-ban-phim-co-gaming-3-mo__4_-photoroom_e4bc56115afd46da95e7cf40f19335cc.png', FALSE),
    ('Ảnh 3', 299, 'https://product.hstatic.net/200000722513/product/aula-f87-ban-phim-co-gaming-3-mo__5_-photoroom_cd98413d3c594d3bad617c92f9ee81a1.png', FALSE),
    ('Ảnh 4', 299, 'https://product.hstatic.net/200000722513/product/aula-f87-ban-phim-co-gaming-3-mo__7_-photoroom_34ff463e06f94695bf225df80c09ccf2.png', FALSE),
    ('Ảnh 5', 299, 'https://product.hstatic.net/200000722513/product/aula-f87-ban-phim-co-gaming-3-mo__8_-photoroom_42477486e33d49e691c2b79b8bc7c0d0.png', FALSE),
    ('Ảnh 6', 299, 'https://product.hstatic.net/200000722513/product/aula-f87-ban-phim-co-gaming-3-mo__6_-photoroom_3e880f146c4348c9a75446827f248ab8.png', FALSE);
---
INSERT INTO product (name, seo_name, brand_id, specifications, description, created_by, image_url) 
    VALUES (
        'Bàn phím AULA F87 TM (Xám + Trắng + Xám đậm /Grey Wood Switch) F873W', 'ban-phim-aula-f87-tm-xam-trang-xam-dam-grey-wood-switch', 22,
        '{"- Độ bền phím": "60 triệu lần bấm- Thời gian sử dụng sau khi sạc đầy pin: Khoảng 22 giờ (hiệu ứng ánh sáng mặc định)/ 266 giờ (khi tắt đèn)- Kết nối: 3 mode có dây Type-C, không dây 2.4G & BT- Màu sắc: Xám đậm trắng xám- Đèn nền: LED RGB- 16 loại hiệu ứng ánh sáng- Loại switch: Grey wood switch- Hiệu ứng âm thanh khi gõ phím: Linear- Hot swap- Gasket mount- Mạch ngược- Số lượng phím: 87 phím- Hành trình phím: 4.0mm- Điện áp/dòng sạc: DC5V 600mA- Điện áp định mức: DC 3.7V (đầy đủ 4.2V)- Định mức dòng điện: 180mA @37V (hiệu ứng ánh sáng mặc định)/15 mA (tắt tất cả đèn)- Trọng lượng: Xấp xỉ 916g (không có cáp/bộ thu), 935g (với cáp/bộ thu)- Kích thước bàn phím (L x W x H): 365,90 x 139,00 x 41,10 +1 mm- Phụ kiện kèm theo: Sách hướng dẫn sử dụng + 2 Switch tặng kèm + Dây USB type-C + Dụng cụ thay keycap"}',
        'Chào mừng bạn đến với trải nghiệm gõ phím đỉnh cao cùng Bàn phím cơ AULA F87 TM F873W – một sự kết hợp hoàn hảo giữa công nghệ tiên tiến, thiết kế tinh tế và cảm giác gõ phím không tưởng. Được chế tác dành cho những người dùng khó tính nhất, AULA F87 TM F873W không chỉ là một công cụ, mà còn là một tuyên ngôn phong cách trên bàn làm việc của bạn.\n\nĐiểm nhấn đầu tiên chính là phối màu độc đáo và đầy cuốn hút: Xám thanh lịch, Trắng tinh khôi và Xám đậm cá tính. Sự pha trộn hài hòa này tạo nên một vẻ ngoài hiện đại, sang trọng, dễ dàng nâng tầm mọi không gian. Với layout 87 phím (Tenkeyless - TKL), bàn phím giữ được sự nhỏ gọn, tiết kiệm diện tích mà vẫn đảm bảo đầy đủ các phím chức năng cần thiết, mang lại sự tiện lợi tối đa cho cả công việc và giải trí.\n\nTrải nghiệm gõ phím của AULA F87 TM F873W được định hình bởi cụm switch Grey Wood độc quyền. Đây là loại switch được thiết kế để mang lại hành trình phím mượt mà, độ phản hồi nhanh nhạy và âm thanh gõ trầm ấm, êm ái, giảm thiểu tiếng ồn nhưng vẫn giữ được sự \"thocky\" đầy thỏa mãn. Dù bạn là người gõ văn bản chuyên nghiệp hay game thủ hardcore, Grey Wood Switch sẽ biến mỗi lần chạm phím thành một niềm vui.\n\nKhông chỉ dừng lại ở switch, bàn phím còn được trang bị keycap PBT Doubleshot chất lượng cao, chống bóng dầu, chống mài mòn và phai mờ ký tự hiệu quả, đảm bảo vẻ đẹp và độ bền vượt thời gian. Khả năng kết nối đa dạng với ba chế độ (có dây USB-C, không dây 2.4G và Bluetooth) mang lại sự linh hoạt tối đa, cho phép bạn dễ dàng chuyển đổi giữa các thiết bị mà không gặp bất kỳ trở ngại nào.\n\nAULA F87 TM F873W là sự lựa chọn lý tưởng cho những ai tìm kiếm một chiếc bàn phím cơ không chỉ đẹp mắt, mà còn mạnh mẽ về hiệu năng, bền bỉ và mang lại trải nghiệm gõ phím tuyệt vời nhất. Nâng tầm không gian làm việc và trải nghiệm chơi game của bạn ngay hôm nay với AULA F87 TM F873W!',
        1, 'https://product.hstatic.net/200000722513/product/aula-f87-ban-phim-co-gaming-3-mo-photoroom_73603a00e94546f9a7d9017912c8381e.png'
    );
INSERT INTO product_category (product_id, category_id) VALUES (300, 28);
INSERT INTO product_variant (
        product_id, name, seo_name, supplier_id, price, price_sale, quantity, sku, model, barcode, 
        specifications, description, warranty, image_url, release_at, created_by)
        VALUES ( 300, 'Bàn phím AULA F87 TM (Xám + Trắng + Xám đậm /Grey Wood Switch) F873W', 'ban-phim-aula-f87-tm-xam-trang-xam-dam-grey-wood-switch',
            1, 1695000, 1190000, 10, 'KB-AULA-F87-TM-GREY-WHI-GREY-WOOD-SW',
            'KB-AULA-F87-TM-GREY-WHI-GREY-WOOD-SW', 'KB-AULA-F87-TM-GREY-WHI-GREY-WOOD-SW',
            '{"- Độ bền phím": "60 triệu lần bấm- Thời gian sử dụng sau khi sạc đầy pin: Khoảng 22 giờ (hiệu ứng ánh sáng mặc định)/ 266 giờ (khi tắt đèn)- Kết nối: 3 mode có dây Type-C, không dây 2.4G & BT- Màu sắc: Xám đậm trắng xám- Đèn nền: LED RGB- 16 loại hiệu ứng ánh sáng- Loại switch: Grey wood switch- Hiệu ứng âm thanh khi gõ phím: Linear- Hot swap- Gasket mount- Mạch ngược- Số lượng phím: 87 phím- Hành trình phím: 4.0mm- Điện áp/dòng sạc: DC5V 600mA- Điện áp định mức: DC 3.7V (đầy đủ 4.2V)- Định mức dòng điện: 180mA @37V (hiệu ứng ánh sáng mặc định)/15 mA (tắt tất cả đèn)- Trọng lượng: Xấp xỉ 916g (không có cáp/bộ thu), 935g (với cáp/bộ thu)- Kích thước bàn phím (L x W x H): 365,90 x 139,00 x 41,10 +1 mm- Phụ kiện kèm theo: Sách hướng dẫn sử dụng + 2 Switch tặng kèm + Dây USB type-C + Dụng cụ thay keycap"}',
            'Chào mừng bạn đến với trải nghiệm gõ phím đỉnh cao cùng Bàn phím cơ AULA F87 TM F873W – một sự kết hợp hoàn hảo giữa công nghệ tiên tiến, thiết kế tinh tế và cảm giác gõ phím không tưởng. Được chế tác dành cho những người dùng khó tính nhất, AULA F87 TM F873W không chỉ là một công cụ, mà còn là một tuyên ngôn phong cách trên bàn làm việc của bạn.\n\nĐiểm nhấn đầu tiên chính là phối màu độc đáo và đầy cuốn hút: Xám thanh lịch, Trắng tinh khôi và Xám đậm cá tính. Sự pha trộn hài hòa này tạo nên một vẻ ngoài hiện đại, sang trọng, dễ dàng nâng tầm mọi không gian. Với layout 87 phím (Tenkeyless - TKL), bàn phím giữ được sự nhỏ gọn, tiết kiệm diện tích mà vẫn đảm bảo đầy đủ các phím chức năng cần thiết, mang lại sự tiện lợi tối đa cho cả công việc và giải trí.\n\nTrải nghiệm gõ phím của AULA F87 TM F873W được định hình bởi cụm switch Grey Wood độc quyền. Đây là loại switch được thiết kế để mang lại hành trình phím mượt mà, độ phản hồi nhanh nhạy và âm thanh gõ trầm ấm, êm ái, giảm thiểu tiếng ồn nhưng vẫn giữ được sự \"thocky\" đầy thỏa mãn. Dù bạn là người gõ văn bản chuyên nghiệp hay game thủ hardcore, Grey Wood Switch sẽ biến mỗi lần chạm phím thành một niềm vui.\n\nKhông chỉ dừng lại ở switch, bàn phím còn được trang bị keycap PBT Doubleshot chất lượng cao, chống bóng dầu, chống mài mòn và phai mờ ký tự hiệu quả, đảm bảo vẻ đẹp và độ bền vượt thời gian. Khả năng kết nối đa dạng với ba chế độ (có dây USB-C, không dây 2.4G và Bluetooth) mang lại sự linh hoạt tối đa, cho phép bạn dễ dàng chuyển đổi giữa các thiết bị mà không gặp bất kỳ trở ngại nào.\n\nAULA F87 TM F873W là sự lựa chọn lý tưởng cho những ai tìm kiếm một chiếc bàn phím cơ không chỉ đẹp mắt, mà còn mạnh mẽ về hiệu năng, bền bỉ và mang lại trải nghiệm gõ phím tuyệt vời nhất. Nâng tầm không gian làm việc và trải nghiệm chơi game của bạn ngay hôm nay với AULA F87 TM F873W!',
            24, 'https://product.hstatic.net/200000722513/product/aula-f87-ban-phim-co-gaming-3-mo-photoroom_73603a00e94546f9a7d9017912c8381e.png', '2025-01-11T04:10:00+00:00',1);
        
INSERT INTO product_image (name, product_variant_id, image_url, is_main)
VALUES
    ('Ảnh 1', 300, 'https://product.hstatic.net/200000722513/product/aula-f87-ban-phim-co-gaming-3-mo-photoroom_73603a00e94546f9a7d9017912c8381e.png', TRUE),
    ('Ảnh 2', 300, 'https://product.hstatic.net/200000722513/product/aula-f87-ban-phim-co-gaming-3-mo__2_-photoroom_554d79ac429043c598659b88fba3d52d.png', FALSE),
    ('Ảnh 3', 300, 'https://product.hstatic.net/200000722513/product/aula-f87-ban-phim-co-gaming-3-mo__1_-photoroom_30f3b93f0fd44a6cbe6b181954b91b9c.png', FALSE);
---
INSERT INTO product (name, seo_name, brand_id, specifications, description, created_by, image_url) 
    VALUES (
        'Bàn phím Logitech PRO X TKL RAPID Black', 'ban-phim-logitech-pro-x-tkl-rapid-black-1', 13,
        '{}',
        'Bàn phím Logitech PRO X TKL RAPID Black là một trong những sản phẩm được đánh giá cao trong dòng sản phẩmbàn phím chơi gamecủa Logitech. Với thiết kế nhỏ gọn, tính năng vượt trội cùng khả năng tùy chỉnh đặc biệt, sản phẩm này đã nhanh chóng thu hút được sự chú ý của game thủ chuyên nghiệp cũng như người dùng thông thường. Dưới đây, chúng ta sẽ cùng tìm hiểu rõ hơn về các đặc tính và tính năng nổi bật của bàn phím này.Thiết kế cơ học nhỏ gọnBàn phím LogitechPRO X TKL RAPID có thiết kế Tenkeyless (TKL), tức là không có phần phím số bên phải, giúp tiết kiệm diện tích và dễ dàng mang theo. Thiết kế này mang lại sự thoải mái tối đa cho người dùng, đặc biệt là khi sử dụng trên những không gian nhỏ hẹp. Các phím được bố trí hợp lý, giúp người dùng dễ dàng thao tác mà không gặp khó khăn.Switch có thể thay thếMột trong những tính năng nổi bật của bàn phím Logitech PRO X TKL RAPID Black là hệ thống switch có thể thay thế. Người dùng có thể tùy chọn giữa các loại switch như GX Blue, Brown hoặc Red tùy theo sở thích và nhu cầu của mình. Điều này không chỉ cho phép người dùng tùy chỉnh trải nghiệm gõ mà còn giúp kéo dài tuổi thọ củabàn phímkhi thay thế dễ dàng.Đèn nền RGB tùy chỉnhBàn phím này được trang bị đèn nền RGB đầy màu sắc với khả năng tùy chỉnh cao. Người dùng có thể thiết lập nhiều hiệu ứng ánh sáng khác nhau thông qua phần mềm Logitech G HUB. Tính năng này không chỉ giúp tăng thêm phần hấp dẫn cho bàn phím mà còn hỗ trợ trong việc nhận diện các phím trong điều kiện ánh sáng yếu.Khả năng lập trình phímLogitech PRO X TKL RAPID Black cho phép người dùng tùy chỉnh các phím thông qua phần mềmLogitech G HUB. Người dùng có thể lập trình lại các phím chức năng, tạo các macro phím để tối ưu hơn trong việc sử dụng. Điều này giúp game thủ có những trải nghiệm cực kỳ mượt mà và hiệu quả trong các trận đấu căng thẳng.Công nghệ LIGHTSYNCBàn phím Logitech PRO X TKL RAPID Black tích hợp công nghệ LIGHTSYNC, cho phép đồng bộ hóa ánh sáng với các thiết bị Logitech hỗ trợ khác. Điều này mang đến trải nghiệm hình ảnh đồng bộ và ấn tượng, tạo cảm giác sống động hơn khi chơi game.Thương hiệu nổi tiếng và độ tin cậy caoLogitechlà một trong những thương hiệu hàng đầu trong ngành sản xuất thiết bị ngoại vi cho game thủ. Với hơn 30 năm kinh nghiệm, Logitech luôn đảm bảo chất lượng sản phẩm và dịch vụ khách hàng tốt nhất. Bàn phím Logitech PRO X TKL RAPID Black cũng không ngoại lệ, được sản xuất với tiêu chuẩn cao và có độ bền ấn tượng.Bàn phím Logitech PRO X TKL RAPID Black là sự lựa chọn tối ưu cho những ai tìm kiếm một sản phẩm bàn phím chơi game mạnh mẽ, thiết kế nhỏ gọn và dễ dàng tùy chỉnh. Với những đặc điểm nổi bật như thiết kế Tenkeyless, hệ thốngswitchcó thể thay thế, đèn nền RGB, khả năng lập trình phím, công nghệ LIGHTSYNC và thương hiệu uy tín, sản phẩm này thực sự xứng đáng để đầu tư. Nếu bạn là người yêu thích game và đang tìm kiếm một bàn phím chất lượng, Logitech PRO X TKL RAPID Black chắc chắn sẽ không làm bạn thất vọng.',
        1, 'https://product.hstatic.net/200000722513/product/high_resolution_png-pro_x_tkl_ra_9bf40e3a51fb4a7ea8a6a5794279350f.png'
    );
INSERT INTO product_category (product_id, category_id) VALUES (301, 28);
INSERT INTO product_variant (
        product_id, name, seo_name, supplier_id, price, price_sale, quantity, sku, model, barcode, 
        specifications, description, warranty, image_url, release_at, created_by)
        VALUES ( 301, 'Bàn phím Logitech PRO X TKL RAPID Black', 'ban-phim-logitech-pro-x-tkl-rapid-black-1',
            1, 0, 4690000, 10, 'KB-LOGITECH-PRO-X-TKL-RAPID-BLK',
            'KB-LOGITECH-PRO-X-TKL-RAPID-BLK', 'KB-LOGITECH-PRO-X-TKL-RAPID-BLK',
            '{}',
            'Bàn phím Logitech PRO X TKL RAPID Black là một trong những sản phẩm được đánh giá cao trong dòng sản phẩmbàn phím chơi gamecủa Logitech. Với thiết kế nhỏ gọn, tính năng vượt trội cùng khả năng tùy chỉnh đặc biệt, sản phẩm này đã nhanh chóng thu hút được sự chú ý của game thủ chuyên nghiệp cũng như người dùng thông thường. Dưới đây, chúng ta sẽ cùng tìm hiểu rõ hơn về các đặc tính và tính năng nổi bật của bàn phím này.Thiết kế cơ học nhỏ gọnBàn phím LogitechPRO X TKL RAPID có thiết kế Tenkeyless (TKL), tức là không có phần phím số bên phải, giúp tiết kiệm diện tích và dễ dàng mang theo. Thiết kế này mang lại sự thoải mái tối đa cho người dùng, đặc biệt là khi sử dụng trên những không gian nhỏ hẹp. Các phím được bố trí hợp lý, giúp người dùng dễ dàng thao tác mà không gặp khó khăn.Switch có thể thay thếMột trong những tính năng nổi bật của bàn phím Logitech PRO X TKL RAPID Black là hệ thống switch có thể thay thế. Người dùng có thể tùy chọn giữa các loại switch như GX Blue, Brown hoặc Red tùy theo sở thích và nhu cầu của mình. Điều này không chỉ cho phép người dùng tùy chỉnh trải nghiệm gõ mà còn giúp kéo dài tuổi thọ củabàn phímkhi thay thế dễ dàng.Đèn nền RGB tùy chỉnhBàn phím này được trang bị đèn nền RGB đầy màu sắc với khả năng tùy chỉnh cao. Người dùng có thể thiết lập nhiều hiệu ứng ánh sáng khác nhau thông qua phần mềm Logitech G HUB. Tính năng này không chỉ giúp tăng thêm phần hấp dẫn cho bàn phím mà còn hỗ trợ trong việc nhận diện các phím trong điều kiện ánh sáng yếu.Khả năng lập trình phímLogitech PRO X TKL RAPID Black cho phép người dùng tùy chỉnh các phím thông qua phần mềmLogitech G HUB. Người dùng có thể lập trình lại các phím chức năng, tạo các macro phím để tối ưu hơn trong việc sử dụng. Điều này giúp game thủ có những trải nghiệm cực kỳ mượt mà và hiệu quả trong các trận đấu căng thẳng.Công nghệ LIGHTSYNCBàn phím Logitech PRO X TKL RAPID Black tích hợp công nghệ LIGHTSYNC, cho phép đồng bộ hóa ánh sáng với các thiết bị Logitech hỗ trợ khác. Điều này mang đến trải nghiệm hình ảnh đồng bộ và ấn tượng, tạo cảm giác sống động hơn khi chơi game.Thương hiệu nổi tiếng và độ tin cậy caoLogitechlà một trong những thương hiệu hàng đầu trong ngành sản xuất thiết bị ngoại vi cho game thủ. Với hơn 30 năm kinh nghiệm, Logitech luôn đảm bảo chất lượng sản phẩm và dịch vụ khách hàng tốt nhất. Bàn phím Logitech PRO X TKL RAPID Black cũng không ngoại lệ, được sản xuất với tiêu chuẩn cao và có độ bền ấn tượng.Bàn phím Logitech PRO X TKL RAPID Black là sự lựa chọn tối ưu cho những ai tìm kiếm một sản phẩm bàn phím chơi game mạnh mẽ, thiết kế nhỏ gọn và dễ dàng tùy chỉnh. Với những đặc điểm nổi bật như thiết kế Tenkeyless, hệ thốngswitchcó thể thay thế, đèn nền RGB, khả năng lập trình phím, công nghệ LIGHTSYNC và thương hiệu uy tín, sản phẩm này thực sự xứng đáng để đầu tư. Nếu bạn là người yêu thích game và đang tìm kiếm một bàn phím chất lượng, Logitech PRO X TKL RAPID Black chắc chắn sẽ không làm bạn thất vọng.',
            24, 'https://product.hstatic.net/200000722513/product/high_resolution_png-pro_x_tkl_ra_9bf40e3a51fb4a7ea8a6a5794279350f.png', '2024-12-23T10:34:39+00:00',1);
        
INSERT INTO product_image (name, product_variant_id, image_url, is_main)
VALUES
    ('Ảnh 1', 301, 'https://product.hstatic.net/200000722513/product/high_resolution_png-pro_x_tkl_ra_9bf40e3a51fb4a7ea8a6a5794279350f.png', TRUE),
    ('Ảnh 2', 301, 'https://product.hstatic.net/200000722513/product/high_resolution_png-pro_x_tkl_ra__1__d451373762ef480a9e15b85852b5f972.png', FALSE),
    ('Ảnh 3', 301, 'https://product.hstatic.net/200000722513/product/high_resolution_png-pro_x_tkl_ra__4__6bdd3be2b4334d91bbf7573f600ae03d.png', FALSE),
    ('Ảnh 4', 301, 'https://product.hstatic.net/200000722513/product/high_resolution_png-pro_x_tkl_ra__2__cfc07a016aa441069fb4753eb5dfb773.png', FALSE),
    ('Ảnh 5', 301, 'https://product.hstatic.net/200000722513/product/high_resolution_png-pro_x_tkl_ra__3__ae20d170b082451aa93350d3c9cf8373.png', FALSE),
    ('Ảnh 6', 301, 'https://product.hstatic.net/200000722513/product/high_resolution_png-pro_x_tkl_ra__6__9e23a48d5dd74a92ae01f5100bd66b53.png', FALSE),
    ('Ảnh 7', 301, 'https://product.hstatic.net/200000722513/product/high_resolution_png-pro_x_tkl_ra__7__f9b6a6ccff454cddb6100f7d35a7d284.png', FALSE),
    ('Ảnh 8', 301, 'https://product.hstatic.net/200000722513/product/high_resolution_png-pro_x_tkl_ra__5__a6e063256c634fa4abe86a4ef08a9f2c.png', FALSE),
    ('Ảnh 9', 301, 'https://product.hstatic.net/200000722513/product/high_resolution_png-pro_x_tkl_ra__8__95a68425a82e454b943368eadce15614.png', FALSE);
---
INSERT INTO product (name, seo_name, brand_id, specifications, description, created_by, image_url) 
    VALUES (
        'Bàn phím AKKO MU02 Autumn Rosewood', 'ban-phim-akko-mu02-autumn-rosewood', 4,
        '{}',
        'Bàn phím AKKO MU02 Autumn Rosewood là một trong những sản phẩm mới nhất đến từ thương hiệuAKKO. Với thiết kế đẹp mắt, tính năng tính năng tuyệt vời và khả năng tùy chỉnh cao, AKKO MU02 Autumn Rosewood này đã nhanh chóng thu hút sự chú ý của những tín đồ yêu thích bàn phím cơ. Hãy cùng khám phá những đặc điểm nổi bật của AKKO MU02 Autumn Rosewood.',
        1, 'https://product.hstatic.net/200000722513/product/thiet-ke-chua-co-ten-3_919aa98d49b64a39b33d8972fe06490f.png'
    );
INSERT INTO product_category (product_id, category_id) VALUES (302, 28);
INSERT INTO product_variant (
        product_id, name, seo_name, supplier_id, price, price_sale, quantity, sku, model, barcode, 
        specifications, description, warranty, image_url, release_at, created_by)
        VALUES ( 302, 'Bàn phím AKKO MU02 Autumn Rosewood', 'ban-phim-akko-mu02-autumn-rosewood',
            1, 0, 3690000, 10, 'KB-AKKO-MU02-AUTUMN-ROSEWOOD',
            'KB-AKKO-MU02-AUTUMN-ROSEWOOD', 'KB-AKKO-MU02-AUTUMN-ROSEWOOD',
            '{}',
            'Bàn phím AKKO MU02 Autumn Rosewood là một trong những sản phẩm mới nhất đến từ thương hiệuAKKO. Với thiết kế đẹp mắt, tính năng tính năng tuyệt vời và khả năng tùy chỉnh cao, AKKO MU02 Autumn Rosewood này đã nhanh chóng thu hút sự chú ý của những tín đồ yêu thích bàn phím cơ. Hãy cùng khám phá những đặc điểm nổi bật của AKKO MU02 Autumn Rosewood.',
            12, 'https://product.hstatic.net/200000722513/product/thiet-ke-chua-co-ten-3_919aa98d49b64a39b33d8972fe06490f.png', '2024-12-03T08:48:39+00:00',1);
        
INSERT INTO product_image (name, product_variant_id, image_url, is_main)
VALUES
    ('Ảnh 1', 302, 'https://product.hstatic.net/200000722513/product/thiet-ke-chua-co-ten-3_919aa98d49b64a39b33d8972fe06490f.png', TRUE),
    ('Ảnh 2', 302, 'https://product.hstatic.net/200000722513/product/mu_02_moa__________1-510x510_85aaa42ab71343c9a8fe36e3f31ad5c5.png', FALSE),
    ('Ảnh 3', 302, 'https://product.hstatic.net/200000722513/product/mu_02_moa_________2_1-510x510_74c9ac0407b44079b718654e57d7117f.png', FALSE),
    ('Ảnh 4', 302, 'https://product.hstatic.net/200000722513/product/mu_02_moa___________1-510x510_5d85555148ea4422bf3d85bcd8333ebd.png', FALSE),
    ('Ảnh 5', 302, 'https://product.hstatic.net/200000722513/product/mu_02_moa_________-510x510_1b34098bf0a94b36830f5cbcc6391fea.png', FALSE),
    ('Ảnh 6', 302, 'https://product.hstatic.net/200000722513/product/mu_02_moa_________-510x765_c2da0c5277664a2d9de33f8068a3329b.png', FALSE),
    ('Ảnh 7', 302, 'https://product.hstatic.net/200000722513/product/mu02-q-xq-cc-510x368_507708c5d4c548f68894c77ed2720317.png', FALSE);
---
INSERT INTO product (name, seo_name, brand_id, specifications, description, created_by, image_url) 
    VALUES (
        'Bàn phím AKKO MU02 Mountain Seclusion Rosewood', 'ban-phim-akko-mu02-mountain-seclusion-rosewood', 4,
        '{}',
        'Bàn phím AKKO MU02 Mountain Seclusion Rosewood là một trong những mẫu bàn phím được thiết kế rất tinh tế và mang tính thẩm mỹ cao. Sản phẩm này không chỉ thu hút người dùng bởi vẻ ngoài độc đáo mà còn nhờ vào các tính năng nổi bật tích hợp sẵn. Dưới đây là bài đánh giá chi tiết về sản phẩm.',
        1, 'https://product.hstatic.net/200000722513/product/thiet-ke-chua-co-ten-4_207903a705464d37afbf96351422f285.png'
    );
INSERT INTO product_category (product_id, category_id) VALUES (303, 28);
INSERT INTO product_variant (
        product_id, name, seo_name, supplier_id, price, price_sale, quantity, sku, model, barcode, 
        specifications, description, warranty, image_url, release_at, created_by)
        VALUES ( 303, 'Bàn phím AKKO MU02 Mountain Seclusion Rosewood', 'ban-phim-akko-mu02-mountain-seclusion-rosewood',
            1, 0, 3890000, 10, 'KB-AKKO-MU02-MOUNTAIN-SECLUSION-ROSEWOOD',
            'KB-AKKO-MU02-MOUNTAIN-SECLUSION-ROSEWOOD', 'KB-AKKO-MU02-MOUNTAIN-SECLUSION-ROSEWOOD',
            '{}',
            'Bàn phím AKKO MU02 Mountain Seclusion Rosewood là một trong những mẫu bàn phím được thiết kế rất tinh tế và mang tính thẩm mỹ cao. Sản phẩm này không chỉ thu hút người dùng bởi vẻ ngoài độc đáo mà còn nhờ vào các tính năng nổi bật tích hợp sẵn. Dưới đây là bài đánh giá chi tiết về sản phẩm.',
            12, 'https://product.hstatic.net/200000722513/product/thiet-ke-chua-co-ten-4_207903a705464d37afbf96351422f285.png', '2024-12-03T08:46:29+00:00',1);
        
INSERT INTO product_image (name, product_variant_id, image_url, is_main)
VALUES
    ('Ảnh 1', 303, 'https://product.hstatic.net/200000722513/product/thiet-ke-chua-co-ten-4_207903a705464d37afbf96351422f285.png', TRUE),
    ('Ảnh 2', 303, 'https://product.hstatic.net/200000722513/product/mu02-mountain-seclusion-3-510x51_0a1c21dd802c4e72b1303a0d916c1a9e.png', FALSE),
    ('Ảnh 3', 303, 'https://product.hstatic.net/200000722513/product/mu_02_moa_____________1-510x510_caef51849c5444bda27df72b05d47c8d.png', FALSE),
    ('Ảnh 4', 303, 'https://product.hstatic.net/200000722513/product/mu_02_moa____________1_1-510x510_c84682b95fc448d6a0c06d623d5b5a2c.png', FALSE),
    ('Ảnh 5', 303, 'https://product.hstatic.net/200000722513/product/mu_02_moa______________1-510x510_5d4cbfac4dda44a39d978655e29dd306.png', FALSE),
    ('Ảnh 6', 303, 'https://product.hstatic.net/200000722513/product/mu_02_moa____________-510x765_eac5e868e27947eab1d93bec81c32be5.png', FALSE),
    ('Ảnh 7', 303, 'https://product.hstatic.net/200000722513/product/mu_02_moa____________-510x510_e84fceecb89d4f14ba916ac2861c5d6a.png', FALSE),
    ('Ảnh 8', 303, 'https://product.hstatic.net/200000722513/product/mu_02_moa_____________-510x510_215944d1d5124954900901269b840ab1.png', FALSE),
    ('Ảnh 9', 303, 'https://product.hstatic.net/200000722513/product/mu02-walnut-wood-xq-q-1-510x287_f5f18202c1be42cca2cc72e39714848f.png', FALSE);
---
INSERT INTO product (name, seo_name, brand_id, specifications, description, created_by, image_url) 
    VALUES (
        'Bàn phím MonsGeek M1 V5-SP Contour Black V3 Piano Pro switch', 'ban-phim-monsgeek-m1-v5-sp-contour-black-v3-piano-pro-switch', 4,
        '{"Bật RGB": "có thể sử dụng lên đến 86 giờ"}',
        'Bàn phím MonsGeek M1 V5-SP Contour Black V3 Piano Pro switch mẫu bàn phím cao cấp từ nhàAKKOhứa hẹn mang lại những trải nghiệm thoải mái, ấn tượng cho các gamer và người dùng văn phòng, mẫu bàn phím với thiết kế layout tinh gọn này không chỉ giúp cho không gian của bạn trở lên gọn gàng mà tinh giảm các chức năng của mình.',
        1, 'https://product.hstatic.net/200000722513/product/9_08a2a4e441774086ab6fc521ddeb35f6.png'
    );
INSERT INTO product_category (product_id, category_id) VALUES (304, 28);
INSERT INTO product_variant (
        product_id, name, seo_name, supplier_id, price, price_sale, quantity, sku, model, barcode, 
        specifications, description, warranty, image_url, release_at, created_by)
        VALUES ( 304, 'Bàn phím MonsGeek M1 V5-SP Contour Black V3 Piano Pro switch', 'ban-phim-monsgeek-m1-v5-sp-contour-black-v3-piano-pro-switch',
            1, 0, 2690000, 10, 'KB-MONSGEEK-M1-V5-SP-CONTOUR-BLACK-V3-PIANO-PRO-SW',
            'KB-MONSGEEK-M1-V5-SP-CONTOUR-BLACK-V3-PIANO-PRO-SW', 'KB-MONSGEEK-M1-V5-SP-CONTOUR-BLACK-V3-PIANO-PRO-SW',
            '{"Bật RGB": "có thể sử dụng lên đến 86 giờ"}',
            'Bàn phím MonsGeek M1 V5-SP Contour Black V3 Piano Pro switch mẫu bàn phím cao cấp từ nhàAKKOhứa hẹn mang lại những trải nghiệm thoải mái, ấn tượng cho các gamer và người dùng văn phòng, mẫu bàn phím với thiết kế layout tinh gọn này không chỉ giúp cho không gian của bạn trở lên gọn gàng mà tinh giảm các chức năng của mình.',
            12, 'https://product.hstatic.net/200000722513/product/9_08a2a4e441774086ab6fc521ddeb35f6.png', '2024-12-03T08:43:05+00:00',1);
        
INSERT INTO product_image (name, product_variant_id, image_url, is_main)
VALUES
    ('Ảnh 1', 304, 'https://product.hstatic.net/200000722513/product/9_08a2a4e441774086ab6fc521ddeb35f6.png', TRUE),
    ('Ảnh 2', 304, 'https://product.hstatic.net/200000722513/product/m1-v5_____________1_1_0882acedd05244b5bcf57229380eefec.png', FALSE),
    ('Ảnh 3', 304, 'https://product.hstatic.net/200000722513/product/m1-v5_____________1_1_c596a71ea0f34d67b84b1c19f873b1d2.png', FALSE),
    ('Ảnh 4', 304, 'https://product.hstatic.net/200000722513/product/m1-v5_____________1_1_7d2bb1e4b5da4b0994d9303d967abd0b.png', FALSE),
    ('Ảnh 5', 304, 'https://product.hstatic.net/200000722513/product/m1-v5_____________1_1_a0c176e0dac54da1a7b2088644415354.png', FALSE),
    ('Ảnh 6', 304, 'https://product.hstatic.net/200000722513/product/m1-v5_____________1_9669d8d2fcc54d0193539973e73d16ee.png', FALSE);
---
INSERT INTO product (name, seo_name, brand_id, specifications, description, created_by, image_url) 
    VALUES (
        'Bàn phím MonsGeek M1 V5-SP Contour White V3 Piano Pro switch', 'ban-phim-monsgeek-m1-v5-sp-contour-white-v3-piano-pro-switch', 4,
        '{"Bật RGB": "có thể sử dụng lên đến 86 giờ"}',
        'Bàn phím MonsGeek M1 V5-SP Contour White V3 Piano Pro switch mẫu bàn phím cao cấp từ nhàAKKOhứa hẹn mang lại những trải nghiệm thoải mái, ấn tượng cho các gamer và người dùng văn phòng, mẫu bàn phím với thiết kế layout tinh gọn này không chỉ giúp cho không gian của bạn trở lên gọn gàng mà tinh giảm các chức năng của mình.',
        1, 'https://product.hstatic.net/200000722513/product/8_d96db811903644969bed4004e2aa61e6.png'
    );
INSERT INTO product_category (product_id, category_id) VALUES (305, 28);
INSERT INTO product_variant (
        product_id, name, seo_name, supplier_id, price, price_sale, quantity, sku, model, barcode, 
        specifications, description, warranty, image_url, release_at, created_by)
        VALUES ( 305, 'Bàn phím MonsGeek M1 V5-SP Contour White V3 Piano Pro switch', 'ban-phim-monsgeek-m1-v5-sp-contour-white-v3-piano-pro-switch',
            1, 0, 2690000, 10, 'KB-MONSGEEK-M1-V5-SP-CONTOUR-WHITE-V3-PIANO-PRO-SW',
            'KB-MONSGEEK-M1-V5-SP-CONTOUR-WHITE-V3-PIANO-PRO-SW', 'KB-MONSGEEK-M1-V5-SP-CONTOUR-WHITE-V3-PIANO-PRO-SW',
            '{"Bật RGB": "có thể sử dụng lên đến 86 giờ"}',
            'Bàn phím MonsGeek M1 V5-SP Contour White V3 Piano Pro switch mẫu bàn phím cao cấp từ nhàAKKOhứa hẹn mang lại những trải nghiệm thoải mái, ấn tượng cho các gamer và người dùng văn phòng, mẫu bàn phím với thiết kế layout tinh gọn này không chỉ giúp cho không gian của bạn trở lên gọn gàng mà tinh giảm các chức năng của mình.',
            12, 'https://product.hstatic.net/200000722513/product/8_d96db811903644969bed4004e2aa61e6.png', '2024-12-03T08:40:47+00:00',1);
        
INSERT INTO product_image (name, product_variant_id, image_url, is_main)
VALUES
    ('Ảnh 1', 305, 'https://product.hstatic.net/200000722513/product/8_d96db811903644969bed4004e2aa61e6.png', TRUE),
    ('Ảnh 2', 305, 'https://product.hstatic.net/200000722513/product/m1-v5_____________1_1_c31c73ea6e864019bbdd65839ea5d530.png', FALSE),
    ('Ảnh 3', 305, 'https://product.hstatic.net/200000722513/product/m1-v5_____________1_1_67f5029be26d4669b77ace3285037eba.png', FALSE),
    ('Ảnh 4', 305, 'https://product.hstatic.net/200000722513/product/m1-v5_____________1_1_cbfa52dff3f349899e688812e7f4f091.png', FALSE),
    ('Ảnh 5', 305, 'https://product.hstatic.net/200000722513/product/m1-v5_____________2_1_b30da3d519e849fcb2dcd451824f3a3c.png', FALSE),
    ('Ảnh 6', 305, 'https://product.hstatic.net/200000722513/product/m1-v5_____________1_1_aee27c27b846494e94f9ef49b22f0c2c.png', FALSE),
    ('Ảnh 7', 305, 'https://product.hstatic.net/200000722513/product/m1-v5_____________1_1_c98a7ce580ea41028dc9f02bf5c43d26.png', FALSE),
    ('Ảnh 8', 305, 'https://product.hstatic.net/200000722513/product/m1-v5_____________1_1_0e07132ae250440bbbb252f4038b140a.png', FALSE);
---
INSERT INTO product (name, seo_name, brand_id, specifications, description, created_by, image_url) 
    VALUES (
        'Bàn phím MonsGeek MG108B Watermelon V3 Piano Pro switch', 'ban-phim-monsgeek-mg108b-watermelon-v3-piano-pro-switch', 4,
        '{"Thông Tin": "Chi Tiết", "Model": "MonsGeek MG108B Watermelon.", "Cấu Trúc": "Tray Mount", "Vỏ + Phím": "PBT Keycaps + ABS Case", "Màu sắc": "Watermelon.", "Kết Nối": "Bluetooth5.0 / 2.4GHz / USB Type-C", "LED": "North-facing RGB", "Switches": "Akko V3 Piano Pro", "Polling Rate": "1000Hz In wired and 2.4G mode, 125Hz in Bluetooth mode", "Hot Swappable": "3-Pin / 5-Pin Support", "N-Key Rollover": "Yes", "Keycaps": "MOG Profile", "Trình điều khiển": "MonsGeek Driver", "Pin": "3000mAh", "Kích Thước": "44.55cm*13.9cm*4.2cm", "Trọng lượng": "1.18Kg", "Phụ Kiện": "Bàn phím, HDSD, Cáp,Keycap Puller, Switch Puller, Nắp chống bụi"}',
        'Bàn phím, HDSD, Cáp,Keycap Puller, Switch Puller, Nắp chống bụi',
        1, 'https://product.hstatic.net/200000722513/product/mg108b-watermelon-510x510_8434e3709abb44739bf29e65b5189ae4.png'
    );
INSERT INTO product_category (product_id, category_id) VALUES (306, 28);
INSERT INTO product_variant (
        product_id, name, seo_name, supplier_id, price, price_sale, quantity, sku, model, barcode, 
        specifications, description, warranty, image_url, release_at, created_by)
        VALUES ( 306, 'Bàn phím MonsGeek MG108B Watermelon V3 Piano Pro switch', 'ban-phim-monsgeek-mg108b-watermelon-v3-piano-pro-switch',
            1, 0, 2190000, 10, 'KB-MONSGEEK-MG108B-WATERMELON-V3-PIANO-PRO-SW',
            'KB-MONSGEEK-MG108B-WATERMELON-V3-PIANO-PRO-SW', 'KB-MONSGEEK-MG108B-WATERMELON-V3-PIANO-PRO-SW',
            '{"Thông Tin": "Chi Tiết", "Model": "MonsGeek MG108B Watermelon.", "Cấu Trúc": "Tray Mount", "Vỏ + Phím": "PBT Keycaps + ABS Case", "Màu sắc": "Watermelon.", "Kết Nối": "Bluetooth5.0 / 2.4GHz / USB Type-C", "LED": "North-facing RGB", "Switches": "Akko V3 Piano Pro", "Polling Rate": "1000Hz In wired and 2.4G mode, 125Hz in Bluetooth mode", "Hot Swappable": "3-Pin / 5-Pin Support", "N-Key Rollover": "Yes", "Keycaps": "MOG Profile", "Trình điều khiển": "MonsGeek Driver", "Pin": "3000mAh", "Kích Thước": "44.55cm*13.9cm*4.2cm", "Trọng lượng": "1.18Kg", "Phụ Kiện": "Bàn phím, HDSD, Cáp,Keycap Puller, Switch Puller, Nắp chống bụi"}',
            'Bàn phím, HDSD, Cáp,Keycap Puller, Switch Puller, Nắp chống bụi',
            12, 'https://product.hstatic.net/200000722513/product/mg108b-watermelon-510x510_8434e3709abb44739bf29e65b5189ae4.png', '2024-12-03T08:37:25+00:00',1);
        
INSERT INTO product_image (name, product_variant_id, image_url, is_main)
VALUES
    ('Ảnh 1', 306, 'https://product.hstatic.net/200000722513/product/mg108b-watermelon-510x510_8434e3709abb44739bf29e65b5189ae4.png', TRUE),
    ('Ảnh 2', 306, 'https://product.hstatic.net/200000722513/product/mg108b-watermelon-2-510x510_c2b29b1f72344820bea215466d421904.png', FALSE),
    ('Ảnh 3', 306, 'https://product.hstatic.net/200000722513/product/mg108b-watermelon-3-510x510_90faf9643b8f4f70abc20b8ae4093cfc.png', FALSE);
---
INSERT INTO product (name, seo_name, brand_id, specifications, description, created_by, image_url) 
    VALUES (
        'Bàn phím AKKO 5098B Prunus Lannesiana V3 Piano Pro switch', 'ban-phim-akko-5098b-prunus-lannesiana-v3-piano-pro-switch', 4,
        '{}',
        'Bàn phím AKKO 5098B Prunus Lannesiana V3 được nhiều người dùng chú ý với ngoại hình nổi bật với hai tone màu chủ đạo là trắng và hồng. Bàn phím có kích thước khoảng&nbsp;409 x 138.4 x 32.3 mm và trọng lượng chỉ 1.02kg. Với thiết kế này, người dùng sẽ dễ dàng mang bàn phím đi mọi nơi để thuận tiện làm việc.',
        1, 'https://product.hstatic.net/200000722513/product/thiet-ke-chua-co-ten-3-1_ac503e6d449947ccbab641f27a4fda02.png'
    );
INSERT INTO product_category (product_id, category_id) VALUES (307, 28);
INSERT INTO product_variant (
        product_id, name, seo_name, supplier_id, price, price_sale, quantity, sku, model, barcode, 
        specifications, description, warranty, image_url, release_at, created_by)
        VALUES ( 307, 'Bàn phím AKKO 5098B Prunus Lannesiana V3 Piano Pro switch', 'ban-phim-akko-5098b-prunus-lannesiana-v3-piano-pro-switch',
            1, 2799000, 2490000, 10, 'KB-AKKO-5098B-PRUNUS-LANNESIANA-V3-PIANO-PRO-SW',
            'KB-AKKO-5098B-PRUNUS-LANNESIANA-V3-PIANO-PRO-SW', 'KB-AKKO-5098B-PRUNUS-LANNESIANA-V3-PIANO-PRO-SW',
            '{}',
            'Bàn phím AKKO 5098B Prunus Lannesiana V3 được nhiều người dùng chú ý với ngoại hình nổi bật với hai tone màu chủ đạo là trắng và hồng. Bàn phím có kích thước khoảng&nbsp;409 x 138.4 x 32.3 mm và trọng lượng chỉ 1.02kg. Với thiết kế này, người dùng sẽ dễ dàng mang bàn phím đi mọi nơi để thuận tiện làm việc.',
            12, 'https://product.hstatic.net/200000722513/product/thiet-ke-chua-co-ten-3-1_ac503e6d449947ccbab641f27a4fda02.png', '2024-12-03T08:35:20+00:00',1);
        
INSERT INTO product_image (name, product_variant_id, image_url, is_main)
VALUES
    ('Ảnh 1', 307, 'https://product.hstatic.net/200000722513/product/thiet-ke-chua-co-ten-3-1_ac503e6d449947ccbab641f27a4fda02.png', TRUE),
    ('Ảnh 2', 307, 'https://product.hstatic.net/200000722513/product/5098_asa__1__b77f75fbbb6f4d189ee223caeabf36e7.png', FALSE),
    ('Ảnh 3', 307, 'https://product.hstatic.net/200000722513/product/5098_asa__2__dca5119a7191472794a691e1910f8ded.png', FALSE),
    ('Ảnh 4', 307, 'https://product.hstatic.net/200000722513/product/5098_asa__________1_dc261eaf38a64c1e926b4d9445da2774.png', FALSE),
    ('Ảnh 5', 307, 'https://product.hstatic.net/200000722513/product/5098_asa__________2_1_ffad0f875a684bde8bf0fbe9ba4ea2c5.png', FALSE),
    ('Ảnh 6', 307, 'https://product.hstatic.net/200000722513/product/5098_asa__3__4bd20f3854d44a9aa9ae9bcb90d3be63.png', FALSE);
---
INSERT INTO product (name, seo_name, brand_id, specifications, description, created_by, image_url) 
    VALUES (
        'Bàn phím AKKO 5098B Black & Gold V3 Piano Pro switch', 'ban-phim-akko-5098b-black-gold-v3-piano-pro-switch', 4,
        '{}',
        'Trên tay cầm chiếc bàn phím gaming nổi bật của hãng AKKO bạn sẽ có rất nhiều bất ngờ với thiết kế, layout đảm bảo sẽ mang lại cho bạn những trải nghiệm mà không phải bất kỳ mẫu bàn phím nào trước đó của AKKO đã từng có. Phải với&nbsp;mẫubàn phím cơAKKO 5098B Black & Gold V3 Piano Pro switch đảm bảo hiệu năng, cấu trúc sẽ để lại cho bạn rất nhiều ấn tượng.',
        1, 'https://product.hstatic.net/200000722513/product/black-gold_5a5951f10b0c4ebfaf066e45f625f25d.png'
    );
INSERT INTO product_category (product_id, category_id) VALUES (308, 28);
INSERT INTO product_variant (
        product_id, name, seo_name, supplier_id, price, price_sale, quantity, sku, model, barcode, 
        specifications, description, warranty, image_url, release_at, created_by)
        VALUES ( 308, 'Bàn phím AKKO 5098B Black & Gold V3 Piano Pro switch', 'ban-phim-akko-5098b-black-gold-v3-piano-pro-switch',
            1, 2799000, 2490000, 10, 'KB-AKKO-5098B-BLACK-GOLD-V3-PIANO-PRO-SW',
            'KB-AKKO-5098B-BLACK-GOLD-V3-PIANO-PRO-SW', 'KB-AKKO-5098B-BLACK-GOLD-V3-PIANO-PRO-SW',
            '{}',
            'Trên tay cầm chiếc bàn phím gaming nổi bật của hãng AKKO bạn sẽ có rất nhiều bất ngờ với thiết kế, layout đảm bảo sẽ mang lại cho bạn những trải nghiệm mà không phải bất kỳ mẫu bàn phím nào trước đó của AKKO đã từng có. Phải với&nbsp;mẫubàn phím cơAKKO 5098B Black & Gold V3 Piano Pro switch đảm bảo hiệu năng, cấu trúc sẽ để lại cho bạn rất nhiều ấn tượng.',
            12, 'https://product.hstatic.net/200000722513/product/black-gold_5a5951f10b0c4ebfaf066e45f625f25d.png', '2024-12-03T08:33:04+00:00',1);
        
INSERT INTO product_image (name, product_variant_id, image_url, is_main)
VALUES
    ('Ảnh 1', 308, 'https://product.hstatic.net/200000722513/product/black-gold_5a5951f10b0c4ebfaf066e45f625f25d.png', TRUE),
    ('Ảnh 2', 308, 'https://product.hstatic.net/200000722513/product/5098_asa___________1_8af253928b164bb79c136fc7b8f7165b.png', FALSE),
    ('Ảnh 3', 308, 'https://product.hstatic.net/200000722513/product/5098_asa___________1_d36cea593d384363b5a1c78608caaa8e.png', FALSE),
    ('Ảnh 4', 308, 'https://product.hstatic.net/200000722513/product/5098_asa_300bd650f0424adc8be3f3d97cddcc18.png', FALSE),
    ('Ảnh 5', 308, 'https://product.hstatic.net/200000722513/product/5098_asa__________1_1_a699f2146aed446baeb4151b12c9d4e0.png', FALSE),
    ('Ảnh 6', 308, 'https://product.hstatic.net/200000722513/product/5098_asa__________2_1_765f4f6341b34343923f47b55128e22a.png', FALSE);
---
INSERT INTO product (name, seo_name, brand_id, specifications, description, created_by, image_url) 
    VALUES (
        'Bàn phím AKKO 5098B Santorini V3 Piano Pro switch', 'ban-phim-akko-5098b-santorini-v3-piano-pro-switch', 4,
        '{}',
        'Bàn phím AKKO 5098B Santorini V3 Piano Pro switch nhất định&nbsp;để lại cho người dùng ấn tượng mạnh kể từ lần đầu bởi thiết kế lạ mắt, sáng tạo. Trên bàn phím còn được tích hợp màn hình LCD khéo léo. Với ngoại hình ấn tượng, hiệu năng nổi bật, đây chắc chắn là một sản phẩm được nhiều người săn đón.',
        1, 'https://product.hstatic.net/200000722513/product/sto-1_32651b25ecaf4578ab1a93f82639d12c.png'
    );
INSERT INTO product_category (product_id, category_id) VALUES (309, 28);
INSERT INTO product_variant (
        product_id, name, seo_name, supplier_id, price, price_sale, quantity, sku, model, barcode, 
        specifications, description, warranty, image_url, release_at, created_by)
        VALUES ( 309, 'Bàn phím AKKO 5098B Santorini V3 Piano Pro switch', 'ban-phim-akko-5098b-santorini-v3-piano-pro-switch',
            1, 2890000, 2590000, 10, 'KB-AKKO-5098B-SANTORINI-V3-PIANO-PRO-SW',
            'KB-AKKO-5098B-SANTORINI-V3-PIANO-PRO-SW', 'KB-AKKO-5098B-SANTORINI-V3-PIANO-PRO-SW',
            '{}',
            'Bàn phím AKKO 5098B Santorini V3 Piano Pro switch nhất định&nbsp;để lại cho người dùng ấn tượng mạnh kể từ lần đầu bởi thiết kế lạ mắt, sáng tạo. Trên bàn phím còn được tích hợp màn hình LCD khéo léo. Với ngoại hình ấn tượng, hiệu năng nổi bật, đây chắc chắn là một sản phẩm được nhiều người săn đón.',
            12, 'https://product.hstatic.net/200000722513/product/sto-1_32651b25ecaf4578ab1a93f82639d12c.png', '2024-12-03T08:26:35+00:00',1);
        
INSERT INTO product_image (name, product_variant_id, image_url, is_main)
VALUES
    ('Ảnh 1', 309, 'https://product.hstatic.net/200000722513/product/sto-1_32651b25ecaf4578ab1a93f82639d12c.png', TRUE),
    ('Ảnh 2', 309, 'https://product.hstatic.net/200000722513/product/5098________________1_dec6821acd7e48758862aa238fc0deb4.png', FALSE),
    ('Ảnh 3', 309, 'https://product.hstatic.net/200000722513/product/5098________________1_17621e4bca074241bc0af30588e8d7af.png', FALSE),
    ('Ảnh 4', 309, 'https://product.hstatic.net/200000722513/product/5098________________1_7ea713707a964aeeae11483357286592.png', FALSE),
    ('Ảnh 5', 309, 'https://product.hstatic.net/200000722513/product/5098_______________1_1_63d4b06571bb4357bc2bb3dd62f94528.png', FALSE),
    ('Ảnh 6', 309, 'https://product.hstatic.net/200000722513/product/5098_______________3_c3b057b141ea4d48b5e3f20adb6135ae.png', FALSE),
    ('Ảnh 7', 309, 'https://product.hstatic.net/200000722513/product/5098_______________2_1_2cbb7647d68c476481c919b6b869800c.png', FALSE),
    ('Ảnh 8', 309, 'https://product.hstatic.net/200000722513/product/5098__9__98b11eddf1dd44e9bbfbb2cf7eea1867.png', FALSE),
    ('Ảnh 9', 309, 'https://product.hstatic.net/200000722513/product/5098__10__3f0c120bcceb4c98bea26d2bc3f84dae.png', FALSE);
---
INSERT INTO product (name, seo_name, brand_id, specifications, description, created_by, image_url) 
    VALUES (
        'Bàn phím AKKO 5098B Wasteland Survival V3 Piano Pro switch', 'ban-phim-akko-5098b-wasteland-survival-v3-piano-pro-switch', 4,
        '{"AKKO 5098B Wasteland Survival hỗ trợ 3 chế độ kết nối": "Bluetooth 5.0, Wireless 2.4GHz và USB Type-C. Kết nối Bluetooth 5.0 cho phép kết nối không dây ổn định với nhiều thiết bị. Kết nối Wireless 2.4GHz với độ trễ thấp phù hợp cho việc chơi game. Kết nốiUSBType-C đảm bảo tốc độ truyền tải dữ liệu nhanh chóng và ổn định."}',
        'Trong thế giớibàn phím cơngày càng đa dạng,AKKOnổi lên như một thương hiệu được nhiều người yêu thích bởi chất lượng và thiết kế độc đáo.Bàn phím AKKO 5098B Wasteland Survival với switch V3 Piano Prolà một ví dụ điển hình, mang đến trải nghiệm gõ phím tuyệt vời cùng vẻ ngoài ấn tượng. Bài viết này GEARVN&nbsp;đánh giá chi tiết những điểm nổi bật của sản phẩm này, bạn có thể tham khảo.',
        1, 'https://product.hstatic.net/200000722513/product/thiet-ke-chua-co-ten-5_64d4effa6b234296b868b9f29699334c.png'
    );
INSERT INTO product_category (product_id, category_id) VALUES (310, 28);
INSERT INTO product_variant (
        product_id, name, seo_name, supplier_id, price, price_sale, quantity, sku, model, barcode, 
        specifications, description, warranty, image_url, release_at, created_by)
        VALUES ( 310, 'Bàn phím AKKO 5098B Wasteland Survival V3 Piano Pro switch', 'ban-phim-akko-5098b-wasteland-survival-v3-piano-pro-switch',
            1, 2890000, 2490000, 10, 'KB-AKKO-5098B-WASTELAND-SURVIVAL-V3-PIANO-PRO-SW',
            'KB-AKKO-5098B-WASTELAND-SURVIVAL-V3-PIANO-PRO-SW', 'KB-AKKO-5098B-WASTELAND-SURVIVAL-V3-PIANO-PRO-SW',
            '{"AKKO 5098B Wasteland Survival hỗ trợ 3 chế độ kết nối": "Bluetooth 5.0, Wireless 2.4GHz và USB Type-C. Kết nối Bluetooth 5.0 cho phép kết nối không dây ổn định với nhiều thiết bị. Kết nối Wireless 2.4GHz với độ trễ thấp phù hợp cho việc chơi game. Kết nốiUSBType-C đảm bảo tốc độ truyền tải dữ liệu nhanh chóng và ổn định."}',
            'Trong thế giớibàn phím cơngày càng đa dạng,AKKOnổi lên như một thương hiệu được nhiều người yêu thích bởi chất lượng và thiết kế độc đáo.Bàn phím AKKO 5098B Wasteland Survival với switch V3 Piano Prolà một ví dụ điển hình, mang đến trải nghiệm gõ phím tuyệt vời cùng vẻ ngoài ấn tượng. Bài viết này GEARVN&nbsp;đánh giá chi tiết những điểm nổi bật của sản phẩm này, bạn có thể tham khảo.',
            12, 'https://product.hstatic.net/200000722513/product/thiet-ke-chua-co-ten-5_64d4effa6b234296b868b9f29699334c.png', '2024-12-03T08:13:53+00:00',1);
        
INSERT INTO product_image (name, product_variant_id, image_url, is_main)
VALUES
    ('Ảnh 1', 310, 'https://product.hstatic.net/200000722513/product/thiet-ke-chua-co-ten-5_64d4effa6b234296b868b9f29699334c.png', TRUE),
    ('Ảnh 2', 310, 'https://product.hstatic.net/200000722513/product/5098_8f060c9ab0f545e0bedd487a2f53a10f.png', FALSE),
    ('Ảnh 3', 310, 'https://product.hstatic.net/200000722513/product/5098__1__218d14d977eb4439b6cc39c86a3fe48f.png', FALSE),
    ('Ảnh 4', 310, 'https://product.hstatic.net/200000722513/product/5098_______________1_43a0d08491e84b4fad92d73df6ed0b2e.png', FALSE),
    ('Ảnh 5', 310, 'https://product.hstatic.net/200000722513/product/5098_____________2_1_36549b10cb4f416d8be73e3c6e1edff6.png', FALSE),
    ('Ảnh 6', 310, 'https://product.hstatic.net/200000722513/product/5098__3__2e99d6dea95643c48094fa5a1cc4de7d.png', FALSE),
    ('Ảnh 7', 310, 'https://product.hstatic.net/200000722513/product/5098__2__04dbbdb0a4e6478090c4ae5edc8af923.png', FALSE),
    ('Ảnh 8', 310, 'https://product.hstatic.net/200000722513/product/5098__4__2a8fa0c7bc7a4906a1ba9af63a9b1658.png', FALSE);
---
INSERT INTO product (name, seo_name, brand_id, specifications, description, created_by, image_url) 
    VALUES (
        'Bàn phím cơ Asus ROG Azoth NX Brown Switch', 'ban-phim-co-asus-rog-azoth-nx-brown-switch', 3,
        '{"Kết nối": "USB 2.0 (TypeC sang TypeA)Bluetooth 5.1RF 2.4GHz", "Hệ thống đèn": "RGB trên mỗi phím", "AURA Sync": "Có", "Bàn phím Anti-Ghosting": "Chuyển đổi phím N", "Phím Macro": "Tất cả các phím có thể lập trình", "Phím macro": "Tất cả phím có thể lập trình", "Hệ điều hành": "macOS®10.11 hoặc mới hơn", "Phần mềm": "Armoury Crate", "Kích thước": "326 x 136 x 40 mm", "Trọng lượng": "Keycaps PBT 1186g không có cáp", "Dung tích": "1 x ROG Azoth1 x Dụng cụ mở switch ROG1 x Bộ kéo keycap ROG1 x Bộ kéo switch ROG1 x lube station1 x lube brush1 x lube3 x ROG NX Switch8 x mat ổn định1 x khóa USB1 x USB extender1 x cáp USB1 x ROG sticker1 x hướng dẫn sử dụng1 x sổ bảo hành"}',
        'Tất cả các phím có thể lập trình',
        1, 'https://product.hstatic.net/200000722513/product/ban_phim_asus_rog_azoth_-_7_7e28c0d9678c42ebaa43fd59b6af4098.png'
    );
INSERT INTO product_category (product_id, category_id) VALUES (311, 28);
INSERT INTO product_variant (
        product_id, name, seo_name, supplier_id, price, price_sale, quantity, sku, model, barcode, 
        specifications, description, warranty, image_url, release_at, created_by)
        VALUES ( 311, 'Bàn phím cơ Asus ROG Azoth NX Brown Switch', 'ban-phim-co-asus-rog-azoth-nx-brown-switch',
            1, 0, 6990000, 10, 'KB-ASUS-ROG-AZOTH-BROWN',
            'KB-ASUS-ROG-AZOTH-BROWN', 'KB-ASUS-ROG-AZOTH-BROWN',
            '{"Kết nối": "USB 2.0 (TypeC sang TypeA)Bluetooth 5.1RF 2.4GHz", "Hệ thống đèn": "RGB trên mỗi phím", "AURA Sync": "Có", "Bàn phím Anti-Ghosting": "Chuyển đổi phím N", "Phím Macro": "Tất cả các phím có thể lập trình", "Phím macro": "Tất cả phím có thể lập trình", "Hệ điều hành": "macOS®10.11 hoặc mới hơn", "Phần mềm": "Armoury Crate", "Kích thước": "326 x 136 x 40 mm", "Trọng lượng": "Keycaps PBT 1186g không có cáp", "Dung tích": "1 x ROG Azoth1 x Dụng cụ mở switch ROG1 x Bộ kéo keycap ROG1 x Bộ kéo switch ROG1 x lube station1 x lube brush1 x lube3 x ROG NX Switch8 x mat ổn định1 x khóa USB1 x USB extender1 x cáp USB1 x ROG sticker1 x hướng dẫn sử dụng1 x sổ bảo hành"}',
            'Tất cả các phím có thể lập trình',
            24, 'https://product.hstatic.net/200000722513/product/ban_phim_asus_rog_azoth_-_7_7e28c0d9678c42ebaa43fd59b6af4098.png', '2024-11-25T07:45:53+00:00',1);
        
INSERT INTO product_image (name, product_variant_id, image_url, is_main)
VALUES
    ('Ảnh 1', 311, 'https://product.hstatic.net/200000722513/product/ban_phim_asus_rog_azoth_-_7_7e28c0d9678c42ebaa43fd59b6af4098.png', TRUE),
    ('Ảnh 2', 311, 'https://product.hstatic.net/200000722513/product/ban_phim_asus_rog_azoth_-_5_6f3aea86fa75463e81ccac147f047772.png', FALSE),
    ('Ảnh 3', 311, 'https://product.hstatic.net/200000722513/product/ban_phim_asus_rog_azoth_-_8_e6acd994a9104c7aad4daa32f1a88785.png', FALSE),
    ('Ảnh 4', 311, 'https://product.hstatic.net/200000722513/product/ban_phim_asus_rog_azoth_-_9_d535dcd644654e9394f77a021a5fe031.png', FALSE),
    ('Ảnh 5', 311, 'https://product.hstatic.net/200000722513/product/ban_phim_asus_rog_azoth_-_11_25986565de5945b190f57272eec09ba1.png', FALSE),
    ('Ảnh 6', 311, 'https://product.hstatic.net/200000722513/product/ban_phim_asus_rog_azoth_-_12_2f68e66a07fd45f59324d187705ab7c2.png', FALSE);
---
INSERT INTO product (name, seo_name, brand_id, specifications, description, created_by, image_url) 
    VALUES (
        'Bàn phím Corsair K70 PRO TKL', 'ban-phim-corsair-k70-pro-tkl', 5,
        '{}',
        'Bàn phímCorsair K70 PRO TKLlàm một trong nhữngbàn phímhiệu suất cao chuyên giành cho các game thủ, nổi bật với khả năng xử lý nhanh chóng linh động giúp người dùng thoái mái trong các pha chiến game mà không lo lắng bị chậm hay bị dựt như các bàn phím thông thường khác.',
        1, 'https://product.hstatic.net/200000722513/product/ban_phim_corsair_k70_pro_tkl_-_7_a6120ccfed004ef6a3ad11eee6842189.png'
    );
INSERT INTO product_category (product_id, category_id) VALUES (312, 28);
INSERT INTO product_variant (
        product_id, name, seo_name, supplier_id, price, price_sale, quantity, sku, model, barcode, 
        specifications, description, warranty, image_url, release_at, created_by)
        VALUES ( 312, 'Bàn phím Corsair K70 PRO TKL', 'ban-phim-corsair-k70-pro-tkl',
            1, 0, 4250000, 10, 'KB-CORSAIR-K70-PRO-TKL',
            'KB-CORSAIR-K70-PRO-TKL', 'KB-CORSAIR-K70-PRO-TKL',
            '{}',
            'Bàn phímCorsair K70 PRO TKLlàm một trong nhữngbàn phímhiệu suất cao chuyên giành cho các game thủ, nổi bật với khả năng xử lý nhanh chóng linh động giúp người dùng thoái mái trong các pha chiến game mà không lo lắng bị chậm hay bị dựt như các bàn phím thông thường khác.',
            24, 'https://product.hstatic.net/200000722513/product/ban_phim_corsair_k70_pro_tkl_-_7_a6120ccfed004ef6a3ad11eee6842189.png', '2024-11-26T03:36:56+00:00',1);
        
INSERT INTO product_image (name, product_variant_id, image_url, is_main)
VALUES
    ('Ảnh 1', 312, 'https://product.hstatic.net/200000722513/product/ban_phim_corsair_k70_pro_tkl_-_7_a6120ccfed004ef6a3ad11eee6842189.png', TRUE),
    ('Ảnh 2', 312, 'https://product.hstatic.net/200000722513/product/gearvn-ban-phim-corsair-k70-pro-tkl-1_b4e4b2af19e64d88b092fd8f43b80b96.jpg', FALSE),
    ('Ảnh 3', 312, 'https://product.hstatic.net/200000722513/product/gearvn-ban-phim-corsair-k70-pro-tkl-2_9877c68e541841b2856275329ba918c1.jpg', FALSE),
    ('Ảnh 4', 312, 'https://product.hstatic.net/200000722513/product/gearvn-ban-phim-corsair-k70-pro-tkl-3_b571c436d23b4165b4597516d93588f7.jpg', FALSE),
    ('Ảnh 5', 312, 'https://product.hstatic.net/200000722513/product/gearvn-ban-phim-corsair-k70-pro-tkl-4_6966510200ec402bb76c823d2067ac54.jpg', FALSE),
    ('Ảnh 6', 312, 'https://product.hstatic.net/200000722513/product/gearvn-ban-phim-corsair-k70-pro-tkl-5_c2132bef12704cfc9378b91b90b168e6.jpg', FALSE),
    ('Ảnh 7', 312, 'https://product.hstatic.net/200000722513/product/gearvn-ban-phim-corsair-k70-pro-tkl-6_ad374592212c42a5821b64ea3cb964b3.jpg', FALSE),
    ('Ảnh 8', 312, 'https://product.hstatic.net/200000722513/product/gearvn-ban-phim-corsair-k70-pro-tkl-7_85d7b3e2e98549979de45db65f85d8a5.jpg', FALSE);
---
INSERT INTO product (name, seo_name, brand_id, specifications, description, created_by, image_url) 
    VALUES (
        'Bàn phím cơ DareU A98 Pro TM Red Wave Dream switch', 'ban-phim-co-dareu-a98-pro-tm-red-wave-dream-switch', 25,
        '{}',
        'DareU A98 Pro TM Red Wave Dream switch một trong những sản phẩm nổi bật trong phân khúcbàn phímcơ gaming tầm trung được nhà DareU giới thiệu đến người dùng, đặc biệt với thiết kế bề ngoài rất thu hút sự chú ý của các gamer và những ai yêu thích custom theo sở thích của mình thì có thể lựa&nbsp;DareU A98 Pro TM Red Wave Dream switch để có được những trải nghiệm rất ưng ý nhé.',
        1, 'https://product.hstatic.net/200000722513/product/co-khong-day-dareu-a98-pro-red-w_ef02dd033db849d5bc85ff4f9b70463a.png'
    );
INSERT INTO product_category (product_id, category_id) VALUES (313, 28);
INSERT INTO product_variant (
        product_id, name, seo_name, supplier_id, price, price_sale, quantity, sku, model, barcode, 
        specifications, description, warranty, image_url, release_at, created_by)
        VALUES ( 313, 'Bàn phím cơ DareU A98 Pro TM Red Wave Dream switch', 'ban-phim-co-dareu-a98-pro-tm-red-wave-dream-switch',
            1, 2350000, 1390000, 10, 'KB-DAREU-A98-PRO-TM-RED-WAVE-DREAM-SW',
            'KB-DAREU-A98-PRO-TM-RED-WAVE-DREAM-SW', 'KB-DAREU-A98-PRO-TM-RED-WAVE-DREAM-SW',
            '{}',
            'DareU A98 Pro TM Red Wave Dream switch một trong những sản phẩm nổi bật trong phân khúcbàn phímcơ gaming tầm trung được nhà DareU giới thiệu đến người dùng, đặc biệt với thiết kế bề ngoài rất thu hút sự chú ý của các gamer và những ai yêu thích custom theo sở thích của mình thì có thể lựa&nbsp;DareU A98 Pro TM Red Wave Dream switch để có được những trải nghiệm rất ưng ý nhé.',
            24, 'https://product.hstatic.net/200000722513/product/co-khong-day-dareu-a98-pro-red-w_ef02dd033db849d5bc85ff4f9b70463a.png', '2024-11-15T07:02:01+00:00',1);
        
INSERT INTO product_image (name, product_variant_id, image_url, is_main)
VALUES
    ('Ảnh 1', 313, 'https://product.hstatic.net/200000722513/product/co-khong-day-dareu-a98-pro-red-w_ef02dd033db849d5bc85ff4f9b70463a.png', TRUE),
    ('Ảnh 2', 313, 'https://product.hstatic.net/200000722513/product/co-khong-day-dareu-a98-pro-red-w__1__f0cc55c4c43241e0b008b31949fd61cb.png', FALSE),
    ('Ảnh 3', 313, 'https://product.hstatic.net/200000722513/product/co-khong-day-dareu-a98-pro-red-w__2__828ab1eb944249bcaa57efb5f6482420.png', FALSE);
---
INSERT INTO product (name, seo_name, brand_id, specifications, description, created_by, image_url) 
    VALUES (
        'Bàn phím cơ DareU A98 Pro TM Clear Water Dream switch', 'ban-phim-co-dareu-a98-pro-tm-clear-water-dream-switch', 25,
        '{}',
        'DareU A98 Pro TM Clear Water Dream switch một trong những sản phẩm nổi bật trong phân khúcbàn phímcơ gaming tầm trung được nhà DareU giới thiệu đến người dùng, đặc biệt với thiết kế bề ngoài rất thu hút sự chú ý của các gamer và những ai yêu thích custom theo sở thích của mình thì có thể lựa&nbsp;DareU A98 Pro TM Clear Water Dream switch để có được những trải nghiệm rất ưng ý nhé.',
        1, 'https://product.hstatic.net/200000722513/product/a98___3840-2160____24_8_02_15_23_3907a81c48a3429caeff603f478f33f1.png'
    );
INSERT INTO product_category (product_id, category_id) VALUES (314, 28);
INSERT INTO product_variant (
        product_id, name, seo_name, supplier_id, price, price_sale, quantity, sku, model, barcode, 
        specifications, description, warranty, image_url, release_at, created_by)
        VALUES ( 314, 'Bàn phím cơ DareU A98 Pro TM Clear Water Dream switch', 'ban-phim-co-dareu-a98-pro-tm-clear-water-dream-switch',
            1, 2350000, 1390000, 10, 'KB-DAREU-A98-PRO-TM-CLEAR-WATER-DREAM-SW',
            'KB-DAREU-A98-PRO-TM-CLEAR-WATER-DREAM-SW', 'KB-DAREU-A98-PRO-TM-CLEAR-WATER-DREAM-SW',
            '{}',
            'DareU A98 Pro TM Clear Water Dream switch một trong những sản phẩm nổi bật trong phân khúcbàn phímcơ gaming tầm trung được nhà DareU giới thiệu đến người dùng, đặc biệt với thiết kế bề ngoài rất thu hút sự chú ý của các gamer và những ai yêu thích custom theo sở thích của mình thì có thể lựa&nbsp;DareU A98 Pro TM Clear Water Dream switch để có được những trải nghiệm rất ưng ý nhé.',
            24, 'https://product.hstatic.net/200000722513/product/a98___3840-2160____24_8_02_15_23_3907a81c48a3429caeff603f478f33f1.png', '2024-11-26T03:31:49+00:00',1);
        
INSERT INTO product_image (name, product_variant_id, image_url, is_main)
VALUES
    ('Ảnh 1', 314, 'https://product.hstatic.net/200000722513/product/a98___3840-2160____24_8_02_15_23_3907a81c48a3429caeff603f478f33f1.png', TRUE),
    ('Ảnh 2', 314, 'https://product.hstatic.net/200000722513/product/a98___3840-2160____25_7_02_15_23_de11389161ef4618bd9e926bd42f94c0.png', FALSE),
    ('Ảnh 3', 314, 'https://product.hstatic.net/200000722513/product/a98___3840-2160____31_10_02_15_23_09753371a6484dc7b2fbea9ca59f02c0.png', FALSE),
    ('Ảnh 4', 314, 'https://product.hstatic.net/200000722513/product/a98___3840-3072____27_11_02_16_23_700b22739d3b47dcb42f83ef0dc8b1d5.png', FALSE),
    ('Ảnh 5', 314, 'https://product.hstatic.net/200000722513/product/a98___3840-2160____27_9_02_15_23_9e35174ccb97448aa2c3dc6cbf9a65ef.png', FALSE);
---
INSERT INTO product (name, seo_name, brand_id, specifications, description, created_by, image_url) 
    VALUES (
        'Bàn phím cơ DareU EK75 Pro Sakura Pink Dream switch', 'ban-phim-co-dareu-ek75-pro-sakura-pink-dream-switch', 25,
        '{}',
        'Nếu bạn đang tìm kiếm cho mình một mẫubàn phímvừa giải trí vừa làm việc những thiết kế phải thực sự bắt mắt thì đúng thật mẫu bàn phím cơ DareU EK75 Pro Sakura Pink Dream switch này sinh ra là để giành cho bạn. Với layout này chỉ cần được đặt vào đúng nơi đúng chỗ hứa hẹn góc làm việc của bạn sẽ rất ấn tượng đấy.',
        1, 'https://product.hstatic.net/200000722513/product/2dbc5514ac26e90937471fb1c400c79_a6fbdb9923724da68adae2315cfdaf59.png'
    );
INSERT INTO product_category (product_id, category_id) VALUES (315, 28);
INSERT INTO product_variant (
        product_id, name, seo_name, supplier_id, price, price_sale, quantity, sku, model, barcode, 
        specifications, description, warranty, image_url, release_at, created_by)
        VALUES ( 315, 'Bàn phím cơ DareU EK75 Pro Sakura Pink Dream switch', 'ban-phim-co-dareu-ek75-pro-sakura-pink-dream-switch',
            1, 1690000, 1490000, 10, 'KB-DAREU-EK75-PRO-SAKURA-PINK-DREAM-SW',
            'KB-DAREU-EK75-PRO-SAKURA-PINK-DREAM-SW', 'KB-DAREU-EK75-PRO-SAKURA-PINK-DREAM-SW',
            '{}',
            'Nếu bạn đang tìm kiếm cho mình một mẫubàn phímvừa giải trí vừa làm việc những thiết kế phải thực sự bắt mắt thì đúng thật mẫu bàn phím cơ DareU EK75 Pro Sakura Pink Dream switch này sinh ra là để giành cho bạn. Với layout này chỉ cần được đặt vào đúng nơi đúng chỗ hứa hẹn góc làm việc của bạn sẽ rất ấn tượng đấy.',
            24, 'https://product.hstatic.net/200000722513/product/2dbc5514ac26e90937471fb1c400c79_a6fbdb9923724da68adae2315cfdaf59.png', '2024-12-23T09:37:36+00:00',1);
        
INSERT INTO product_image (name, product_variant_id, image_url, is_main)
VALUES
    ('Ảnh 1', 315, 'https://product.hstatic.net/200000722513/product/2dbc5514ac26e90937471fb1c400c79_a6fbdb9923724da68adae2315cfdaf59.png', TRUE),
    ('Ảnh 2', 315, 'https://product.hstatic.net/200000722513/product/_0008_material-id_fa0ed5e029fe4d8f977f19f736a4ef70.png', FALSE),
    ('Ảnh 3', 315, 'https://product.hstatic.net/200000722513/product/_0006_ek75pro_____0000_9d28dfbc593d45f38d2d47bdd26316a1.png', FALSE),
    ('Ảnh 4', 315, 'https://product.hstatic.net/200000722513/product/_0001_ek75pro_____0000_464097157b424769b3755bb585d91f4a.png', FALSE),
    ('Ảnh 5', 315, 'https://product.hstatic.net/200000722513/product/8039f44e81de98b5a0495045c9a1ff2_5de7148f51094d9e97c7f3665657bdae.png', FALSE),
    ('Ảnh 6', 315, 'https://product.hstatic.net/200000722513/product/_0004_ek75pro_____0000_732169c0f571491f9b7f38333aa0110a.png', FALSE),
    ('Ảnh 7', 315, 'https://product.hstatic.net/200000722513/product/_0000_ek75pro_____0000_d65b03e7af0a4a18a9a5f92395103512.png', FALSE),
    ('Ảnh 8', 315, 'https://product.hstatic.net/200000722513/product/_0002_ek75pro_____0000_59fdaae0bfca42ceb3da165dfb42473f.png', FALSE);
---
INSERT INTO product (name, seo_name, brand_id, specifications, description, created_by, image_url) 
    VALUES (
        'Bàn phím Durgod MK 75 White Red Switch', 'ban-phim-durgod-mk-75-white-red-switch', 26,
        '{"Hệ thống hỗ trợ Bluetooth": "Win 8 trở lên, hệ thống MacOS, hệ thống Android", "Hệ thống hỗ trợ không dây 2.4G": "Win XP trở lên, hệ thống MacOS, (cần cổng USB)", "Cáp USB": "Cáp A đến C.", "Phụ kiện bổ sung bao gồm": "Dụng cụ tháo lắp công tắc và nắp phím 2-trong-1. Bộ thu 2.4G."}',
        'Khám phábàn phím cơMK75, được thiết kế dành cho cả người dùng văn phòng và game thủ với bố cục 75% linh hoạt, nâng cao năng suất làm việc và trải nghiệm chơi game. Nút điều chỉnh âm lượng tích hợp mang đến sự tiện lợi, cho phép bạn điều chỉnh âm thanh dễ dàng.',
        1, 'https://product.hstatic.net/200000722513/product/ban_phim_durgod_mk75_white_-_5_ff3000c3feb448aab003753c39c38c2f.png'
    );
INSERT INTO product_category (product_id, category_id) VALUES (316, 28);
INSERT INTO product_variant (
        product_id, name, seo_name, supplier_id, price, price_sale, quantity, sku, model, barcode, 
        specifications, description, warranty, image_url, release_at, created_by)
        VALUES ( 316, 'Bàn phím Durgod MK 75 White Red Switch', 'ban-phim-durgod-mk-75-white-red-switch',
            1, 1870000, 690000, 10, 'KB-DURGOD-MK75-WHITE-RED-SW',
            'KB-DURGOD-MK75-WHITE-RED-SW', 'KB-DURGOD-MK75-WHITE-RED-SW',
            '{"Hệ thống hỗ trợ Bluetooth": "Win 8 trở lên, hệ thống MacOS, hệ thống Android", "Hệ thống hỗ trợ không dây 2.4G": "Win XP trở lên, hệ thống MacOS, (cần cổng USB)", "Cáp USB": "Cáp A đến C.", "Phụ kiện bổ sung bao gồm": "Dụng cụ tháo lắp công tắc và nắp phím 2-trong-1. Bộ thu 2.4G."}',
            'Khám phábàn phím cơMK75, được thiết kế dành cho cả người dùng văn phòng và game thủ với bố cục 75% linh hoạt, nâng cao năng suất làm việc và trải nghiệm chơi game. Nút điều chỉnh âm lượng tích hợp mang đến sự tiện lợi, cho phép bạn điều chỉnh âm thanh dễ dàng.',
            12, 'https://product.hstatic.net/200000722513/product/ban_phim_durgod_mk75_white_-_5_ff3000c3feb448aab003753c39c38c2f.png', '2024-11-01T08:20:58+00:00',1);
        
INSERT INTO product_image (name, product_variant_id, image_url, is_main)
VALUES
    ('Ảnh 1', 316, 'https://product.hstatic.net/200000722513/product/ban_phim_durgod_mk75_white_-_5_ff3000c3feb448aab003753c39c38c2f.png', TRUE),
    ('Ảnh 2', 316, 'https://product.hstatic.net/200000722513/product/n-phim-durgod-mk-75-white-2_4ada98ca7534427c9721d11fdb7819f3_1024x1024_47431ea41a18427cb186a75cc7b5102e.jpg', FALSE),
    ('Ảnh 3', 316, 'https://product.hstatic.net/200000722513/product/n-phim-durgod-mk-75-white-3_4b534d324daf4416ade8b5e9045e7c0b_1024x1024_2c60cb54739444bc82bfc2bd22f04c92.jpg', FALSE),
    ('Ảnh 4', 316, 'https://product.hstatic.net/200000722513/product/n-phim-durgod-mk-75-white-4_2bb705cd547d44d084044cba0e0c9f99_1024x1024_d43e4d2f5e9c47b192d0e3d48c072db0.jpg', FALSE),
    ('Ảnh 5', 316, 'https://product.hstatic.net/200000722513/product/n-phim-durgod-mk-75-white-5_3e152452170c4344bd1b3706a70f63fa_1024x1024_0196f70fef2f43d1bf6b489052fe4a6f.jpg', FALSE),
    ('Ảnh 6', 316, 'https://product.hstatic.net/200000722513/product/n-phim-durgod-mk-75-white-6_3f662b3d102142a894a7c60b05fb0355_1024x1024_6a8d6be207c94bc39440e2d60c0f9862.jpg', FALSE),
    ('Ảnh 7', 316, 'https://product.hstatic.net/200000722513/product/n-phim-durgod-mk-75-white-7_0c589d93f2a840e2af31c35a9abab29e_1024x1024_2687857cc2eb410a87dd80760b8309b7.jpg', FALSE);
---
INSERT INTO product (name, seo_name, brand_id, specifications, description, created_by, image_url) 
    VALUES (
        'Bàn phím Durgod MK 75 White Blue Switch', 'ban-phim-durgod-mk-75-white-blue-switch', 26,
        '{"Hệ thống hỗ trợ Bluetooth": "Win 8 trở lên, hệ thống MacOS, hệ thống Android", "Hệ thống hỗ trợ không dây 2.4G": "Win XP trở lên, hệ thống MacOS, (cần cổng USB)", "Cáp USB": "Cáp A đến C.", "Phụ kiện bổ sung bao gồm": "Dụng cụ tháo lắp công tắc và nắp phím 2-trong-1. Bộ thu 2.4G."}',
        'Khám phábàn phím cơMK75, được thiết kế dành cho cả người dùng văn phòng và game thủ với bố cục 75% linh hoạt, nâng cao năng suất làm việc và trải nghiệm chơi game. Nút điều chỉnh âm lượng tích hợp mang đến sự tiện lợi, cho phép bạn điều chỉnh âm thanh dễ dàng.',
        1, 'https://product.hstatic.net/200000722513/product/ban_phim_durgod_mk75_white_-_5_34c7f18df71a457eac8a07263235d924.png'
    );
INSERT INTO product_category (product_id, category_id) VALUES (317, 28);
INSERT INTO product_variant (
        product_id, name, seo_name, supplier_id, price, price_sale, quantity, sku, model, barcode, 
        specifications, description, warranty, image_url, release_at, created_by)
        VALUES ( 317, 'Bàn phím Durgod MK 75 White Blue Switch', 'ban-phim-durgod-mk-75-white-blue-switch',
            1, 1870000, 690000, 10, 'KB-DURGOD-MK75-WHITE-BLUE-SW',
            'KB-DURGOD-MK75-WHITE-BLUE-SW', 'KB-DURGOD-MK75-WHITE-BLUE-SW',
            '{"Hệ thống hỗ trợ Bluetooth": "Win 8 trở lên, hệ thống MacOS, hệ thống Android", "Hệ thống hỗ trợ không dây 2.4G": "Win XP trở lên, hệ thống MacOS, (cần cổng USB)", "Cáp USB": "Cáp A đến C.", "Phụ kiện bổ sung bao gồm": "Dụng cụ tháo lắp công tắc và nắp phím 2-trong-1. Bộ thu 2.4G."}',
            'Khám phábàn phím cơMK75, được thiết kế dành cho cả người dùng văn phòng và game thủ với bố cục 75% linh hoạt, nâng cao năng suất làm việc và trải nghiệm chơi game. Nút điều chỉnh âm lượng tích hợp mang đến sự tiện lợi, cho phép bạn điều chỉnh âm thanh dễ dàng.',
            12, 'https://product.hstatic.net/200000722513/product/ban_phim_durgod_mk75_white_-_5_34c7f18df71a457eac8a07263235d924.png', '2024-11-01T08:20:49+00:00',1);
        
INSERT INTO product_image (name, product_variant_id, image_url, is_main)
VALUES
    ('Ảnh 1', 317, 'https://product.hstatic.net/200000722513/product/ban_phim_durgod_mk75_white_-_5_34c7f18df71a457eac8a07263235d924.png', TRUE),
    ('Ảnh 2', 317, 'https://product.hstatic.net/200000722513/product/gearvn-ban-phim-durgod-mk-75-white-1_01bc0f384e5d4708a7964389332c26d6.jpg', FALSE),
    ('Ảnh 3', 317, 'https://product.hstatic.net/200000722513/product/gearvn-ban-phim-durgod-mk-75-white-2_4ada98ca7534427c9721d11fdb7819f3.jpg', FALSE),
    ('Ảnh 4', 317, 'https://product.hstatic.net/200000722513/product/gearvn-ban-phim-durgod-mk-75-white-3_4b534d324daf4416ade8b5e9045e7c0b.jpg', FALSE),
    ('Ảnh 5', 317, 'https://product.hstatic.net/200000722513/product/gearvn-ban-phim-durgod-mk-75-white-4_2bb705cd547d44d084044cba0e0c9f99.jpg', FALSE),
    ('Ảnh 6', 317, 'https://product.hstatic.net/200000722513/product/gearvn-ban-phim-durgod-mk-75-white-5_3e152452170c4344bd1b3706a70f63fa.jpg', FALSE),
    ('Ảnh 7', 317, 'https://product.hstatic.net/200000722513/product/gearvn-ban-phim-durgod-mk-75-white-6_3f662b3d102142a894a7c60b05fb0355.jpg', FALSE),
    ('Ảnh 8', 317, 'https://product.hstatic.net/200000722513/product/gearvn-ban-phim-durgod-mk-75-white-7_0c589d93f2a840e2af31c35a9abab29e.jpg', FALSE);
---
INSERT INTO product (name, seo_name, brand_id, specifications, description, created_by, image_url) 
    VALUES (
        'Bàn phím Durgod MK 75 White Brown Switch', 'ban-phim-durgod-mk-75-white-brown-switch', 26,
        '{"Hệ thống hỗ trợ Bluetooth": "Win 8 trở lên, hệ thống MacOS, hệ thống Android", "Hệ thống hỗ trợ không dây 2.4G": "Win XP trở lên, hệ thống MacOS, (cần cổng USB)", "Cáp USB": "Cáp A đến C.", "Phụ kiện bổ sung bao gồm": "Dụng cụ tháo lắp công tắc và nắp phím 2-trong-1. Bộ thu 2.4G."}',
        'Khám phábàn phím cơMK75, được thiết kế dành cho cả người dùng văn phòng và game thủ với bố cục 75% linh hoạt, nâng cao năng suất làm việc và trải nghiệm chơi game. Nút điều chỉnh âm lượng tích hợp mang đến sự tiện lợi, cho phép bạn điều chỉnh âm thanh dễ dàng.',
        1, 'https://product.hstatic.net/200000722513/product/ban_phim_durgod_mk75_white_-_5_3d516d7d24f146d0acda23a8997e4392.png'
    );
INSERT INTO product_category (product_id, category_id) VALUES (318, 28);
INSERT INTO product_variant (
        product_id, name, seo_name, supplier_id, price, price_sale, quantity, sku, model, barcode, 
        specifications, description, warranty, image_url, release_at, created_by)
        VALUES ( 318, 'Bàn phím Durgod MK 75 White Brown Switch', 'ban-phim-durgod-mk-75-white-brown-switch',
            1, 1870000, 690000, 10, 'KB-DURGOD-MK75-WHITE-BROWN-SW',
            'KB-DURGOD-MK75-WHITE-BROWN-SW', 'KB-DURGOD-MK75-WHITE-BROWN-SW',
            '{"Hệ thống hỗ trợ Bluetooth": "Win 8 trở lên, hệ thống MacOS, hệ thống Android", "Hệ thống hỗ trợ không dây 2.4G": "Win XP trở lên, hệ thống MacOS, (cần cổng USB)", "Cáp USB": "Cáp A đến C.", "Phụ kiện bổ sung bao gồm": "Dụng cụ tháo lắp công tắc và nắp phím 2-trong-1. Bộ thu 2.4G."}',
            'Khám phábàn phím cơMK75, được thiết kế dành cho cả người dùng văn phòng và game thủ với bố cục 75% linh hoạt, nâng cao năng suất làm việc và trải nghiệm chơi game. Nút điều chỉnh âm lượng tích hợp mang đến sự tiện lợi, cho phép bạn điều chỉnh âm thanh dễ dàng.',
            12, 'https://product.hstatic.net/200000722513/product/ban_phim_durgod_mk75_white_-_5_3d516d7d24f146d0acda23a8997e4392.png', '2024-11-01T08:19:18+00:00',1);
        
INSERT INTO product_image (name, product_variant_id, image_url, is_main)
VALUES
    ('Ảnh 1', 318, 'https://product.hstatic.net/200000722513/product/ban_phim_durgod_mk75_white_-_5_3d516d7d24f146d0acda23a8997e4392.png', TRUE),
    ('Ảnh 2', 318, 'https://product.hstatic.net/200000722513/product/n-phim-durgod-mk-75-white-1_01bc0f384e5d4708a7964389332c26d6_1024x1024_cd3192c40990439fb18e58fcd9e3fcc7.jpg', FALSE),
    ('Ảnh 3', 318, 'https://product.hstatic.net/200000722513/product/n-phim-durgod-mk-75-white-2_4ada98ca7534427c9721d11fdb7819f3_1024x1024_31dff68a25da4aa282ff733b37d430a7.jpg', FALSE),
    ('Ảnh 4', 318, 'https://product.hstatic.net/200000722513/product/n-phim-durgod-mk-75-white-3_4b534d324daf4416ade8b5e9045e7c0b_1024x1024_205c0862412e450eac40442849081a1c.jpg', FALSE),
    ('Ảnh 5', 318, 'https://product.hstatic.net/200000722513/product/n-phim-durgod-mk-75-white-4_2bb705cd547d44d084044cba0e0c9f99_1024x1024_cedbd8bb7ec64600a3c11db497c4b187.jpg', FALSE),
    ('Ảnh 6', 318, 'https://product.hstatic.net/200000722513/product/n-phim-durgod-mk-75-white-5_3e152452170c4344bd1b3706a70f63fa_1024x1024_53b47a31f58447089117612d55af1bef.jpg', FALSE),
    ('Ảnh 7', 318, 'https://product.hstatic.net/200000722513/product/n-phim-durgod-mk-75-white-6_3f662b3d102142a894a7c60b05fb0355_1024x1024_3fa2814587054bbabf452d875a2dad9c.jpg', FALSE),
    ('Ảnh 8', 318, 'https://product.hstatic.net/200000722513/product/n-phim-durgod-mk-75-white-7_0c589d93f2a840e2af31c35a9abab29e_1024x1024_85793b9263954b049ca60c008e20b6f3.jpg', FALSE);
---
INSERT INTO product (name, seo_name, brand_id, specifications, description, created_by, image_url) 
    VALUES (
        'Bàn phím Durgod MK 75 Black Red Switch', 'ban-phim-durgod-mk-75-black-red-switch', 26,
        '{"Chế độ không dây hỗ trợ lưu trữ kết nối cho ba nhóm thiết bị (2 nhóm thiết bị Bluetooth, 1 nhóm thiết bị không dây 2.4G) và phím tắt để chuyển đổi nhanh chóng Hệ thống hỗ trợ Bluetooth": "Win 8 trở lên, hệ thống MacOS, hệ thống Android Hệ thống hỗ trợ không dây 2.4G: Win XP trở lên, hệ thống MacOS, (cần cổng USB)."}',
        'Khám phábàn phím cơMK75, được thiết kế dành cho cả người dùng văn phòng và game thủ với bố cục 75% linh hoạt, nâng cao năng suất làm việc và trải nghiệm chơi game. Nút điều chỉnh âm lượng tích hợp mang đến sự tiện lợi, cho phép bạn điều chỉnh âm thanh dễ dàng. Với thanh đèn nền RGB hai bên và đèn nền RGB sống động, bàn phím này thêm một nét tinh tế cho thiết lập của bạn, biến mỗi lần nhấn phím thành một trải nghiệm sống động. Dù là để làm việc hay chơi game, MK75 là người bạn đồng hành hoàn hảo của bạn.',
        1, 'https://product.hstatic.net/200000722513/product/ban_phim_durgod_mk75_black_-_4_6faffbf6480e4d76b6b03908129d55b1.png'
    );
INSERT INTO product_category (product_id, category_id) VALUES (319, 28);
INSERT INTO product_variant (
        product_id, name, seo_name, supplier_id, price, price_sale, quantity, sku, model, barcode, 
        specifications, description, warranty, image_url, release_at, created_by)
        VALUES ( 319, 'Bàn phím Durgod MK 75 Black Red Switch', 'ban-phim-durgod-mk-75-black-red-switch',
            1, 1870000, 690000, 10, 'KB-DURGOD-MK75-BLACK-RED-SW',
            'KB-DURGOD-MK75-BLACK-RED-SW', 'KB-DURGOD-MK75-BLACK-RED-SW',
            '{"Chế độ không dây hỗ trợ lưu trữ kết nối cho ba nhóm thiết bị (2 nhóm thiết bị Bluetooth, 1 nhóm thiết bị không dây 2.4G) và phím tắt để chuyển đổi nhanh chóng Hệ thống hỗ trợ Bluetooth": "Win 8 trở lên, hệ thống MacOS, hệ thống Android Hệ thống hỗ trợ không dây 2.4G: Win XP trở lên, hệ thống MacOS, (cần cổng USB)."}',
            'Khám phábàn phím cơMK75, được thiết kế dành cho cả người dùng văn phòng và game thủ với bố cục 75% linh hoạt, nâng cao năng suất làm việc và trải nghiệm chơi game. Nút điều chỉnh âm lượng tích hợp mang đến sự tiện lợi, cho phép bạn điều chỉnh âm thanh dễ dàng. Với thanh đèn nền RGB hai bên và đèn nền RGB sống động, bàn phím này thêm một nét tinh tế cho thiết lập của bạn, biến mỗi lần nhấn phím thành một trải nghiệm sống động. Dù là để làm việc hay chơi game, MK75 là người bạn đồng hành hoàn hảo của bạn.',
            12, 'https://product.hstatic.net/200000722513/product/ban_phim_durgod_mk75_black_-_4_6faffbf6480e4d76b6b03908129d55b1.png', '2024-11-01T08:15:49+00:00',1);
        
INSERT INTO product_image (name, product_variant_id, image_url, is_main)
VALUES
    ('Ảnh 1', 319, 'https://product.hstatic.net/200000722513/product/ban_phim_durgod_mk75_black_-_4_6faffbf6480e4d76b6b03908129d55b1.png', TRUE),
    ('Ảnh 2', 319, 'https://product.hstatic.net/200000722513/product/n-phim-durgod-mk-75-black-2_65e88f2ef2fa44d89af983181ae2c3a5_1024x1024_ef73573b930641e8a2b2a0a87f70edc3.jpg', FALSE),
    ('Ảnh 3', 319, 'https://product.hstatic.net/200000722513/product/n-phim-durgod-mk-75-black-3_632b2851da5c4cefa780cd51e48b3b73_1024x1024_c1a08e53163d4bb3915ad87b4d37fa45.jpg', FALSE),
    ('Ảnh 4', 319, 'https://product.hstatic.net/200000722513/product/n-phim-durgod-mk-75-black-4_a2ce7b0923f4489aa0279d33f7e029b6_1024x1024_7cdca0b12e4d47c1b04d44077b4fa378.jpg', FALSE),
    ('Ảnh 5', 319, 'https://product.hstatic.net/200000722513/product/n-phim-durgod-mk-75-black-5_e9e5f0fd993345e39b7c4783b5878b49_1024x1024_1eb3506840df4e9a843ecf31d7453659.jpg', FALSE),
    ('Ảnh 6', 319, 'https://product.hstatic.net/200000722513/product/n-phim-durgod-mk-75-black-6_fd8e4392fede4d9496dc0fe81fe47ef1_1024x1024_0515a1ee0dab46c4a08119a10a7499de.jpg', FALSE),
    ('Ảnh 7', 319, 'https://product.hstatic.net/200000722513/product/n-phim-durgod-mk-75-black-7_f1fbb355f70143578e609750cdd01790_1024x1024_0f26415f34874485b0f98fc41dd68842.jpg', FALSE);
---
INSERT INTO product (name, seo_name, brand_id, specifications, description, created_by, image_url) 
    VALUES (
        'Bàn phím Durgod MK 75 Black Blue Switch', 'ban-phim-durgod-mk-75-black-blue-switch', 26,
        '{"Chế độ không dây hỗ trợ lưu trữ kết nối cho ba nhóm thiết bị (2 nhóm thiết bị Bluetooth, 1 nhóm thiết bị không dây 2.4G) và phím tắt để chuyển đổi nhanh chóng Hệ thống hỗ trợ Bluetooth": "Win 8 trở lên, hệ thống MacOS, hệ thống Android Hệ thống hỗ trợ không dây 2.4G: Win XP trở lên, hệ thống MacOS, (cần cổng USB)."}',
        'Khám phábàn phím cơMK75, được thiết kế dành cho cả người dùng văn phòng và game thủ với bố cục 75% linh hoạt, nâng cao năng suất làm việc và trải nghiệm chơi game. Nút điều chỉnh âm lượng tích hợp mang đến sự tiện lợi, cho phép bạn điều chỉnh âm thanh dễ dàng. Với thanh đèn nền RGB hai bên và đèn nền RGB sống động, bàn phím này thêm một nét tinh tế cho thiết lập của bạn, biến mỗi lần nhấn phím thành một trải nghiệm sống động. Dù là để làm việc hay chơi game, MK75 là người bạn đồng hành hoàn hảo của bạn.',
        1, 'https://product.hstatic.net/200000722513/product/ban_phim_durgod_mk75_black_-_4_56a953e2fb9b4e788d5fce9d0e7c30a2.png'
    );
INSERT INTO product_category (product_id, category_id) VALUES (320, 28);
INSERT INTO product_variant (
        product_id, name, seo_name, supplier_id, price, price_sale, quantity, sku, model, barcode, 
        specifications, description, warranty, image_url, release_at, created_by)
        VALUES ( 320, 'Bàn phím Durgod MK 75 Black Blue Switch', 'ban-phim-durgod-mk-75-black-blue-switch',
            1, 1870000, 690000, 10, 'KB-DURGOD-MK75-BLACK-BLUE-SW',
            'KB-DURGOD-MK75-BLACK-BLUE-SW', 'KB-DURGOD-MK75-BLACK-BLUE-SW',
            '{"Chế độ không dây hỗ trợ lưu trữ kết nối cho ba nhóm thiết bị (2 nhóm thiết bị Bluetooth, 1 nhóm thiết bị không dây 2.4G) và phím tắt để chuyển đổi nhanh chóng Hệ thống hỗ trợ Bluetooth": "Win 8 trở lên, hệ thống MacOS, hệ thống Android Hệ thống hỗ trợ không dây 2.4G: Win XP trở lên, hệ thống MacOS, (cần cổng USB)."}',
            'Khám phábàn phím cơMK75, được thiết kế dành cho cả người dùng văn phòng và game thủ với bố cục 75% linh hoạt, nâng cao năng suất làm việc và trải nghiệm chơi game. Nút điều chỉnh âm lượng tích hợp mang đến sự tiện lợi, cho phép bạn điều chỉnh âm thanh dễ dàng. Với thanh đèn nền RGB hai bên và đèn nền RGB sống động, bàn phím này thêm một nét tinh tế cho thiết lập của bạn, biến mỗi lần nhấn phím thành một trải nghiệm sống động. Dù là để làm việc hay chơi game, MK75 là người bạn đồng hành hoàn hảo của bạn.',
            12, 'https://product.hstatic.net/200000722513/product/ban_phim_durgod_mk75_black_-_4_56a953e2fb9b4e788d5fce9d0e7c30a2.png', '2024-11-01T08:16:50+00:00',1);
        
INSERT INTO product_image (name, product_variant_id, image_url, is_main)
VALUES
    ('Ảnh 1', 320, 'https://product.hstatic.net/200000722513/product/ban_phim_durgod_mk75_black_-_4_56a953e2fb9b4e788d5fce9d0e7c30a2.png', TRUE),
    ('Ảnh 2', 320, 'https://product.hstatic.net/200000722513/product/gearvn-ban-phim-durgod-mk-75-black-1_54037d1075fd4c488bfb1966e783e1e6.jpg', FALSE),
    ('Ảnh 3', 320, 'https://product.hstatic.net/200000722513/product/gearvn-ban-phim-durgod-mk-75-black-2_65e88f2ef2fa44d89af983181ae2c3a5.jpg', FALSE),
    ('Ảnh 4', 320, 'https://product.hstatic.net/200000722513/product/gearvn-ban-phim-durgod-mk-75-black-3_632b2851da5c4cefa780cd51e48b3b73.jpg', FALSE),
    ('Ảnh 5', 320, 'https://product.hstatic.net/200000722513/product/gearvn-ban-phim-durgod-mk-75-black-4_a2ce7b0923f4489aa0279d33f7e029b6.jpg', FALSE),
    ('Ảnh 6', 320, 'https://product.hstatic.net/200000722513/product/gearvn-ban-phim-durgod-mk-75-black-5_e9e5f0fd993345e39b7c4783b5878b49.jpg', FALSE),
    ('Ảnh 7', 320, 'https://product.hstatic.net/200000722513/product/gearvn-ban-phim-durgod-mk-75-black-6_fd8e4392fede4d9496dc0fe81fe47ef1.jpg', FALSE),
    ('Ảnh 8', 320, 'https://product.hstatic.net/200000722513/product/gearvn-ban-phim-durgod-mk-75-black-7_f1fbb355f70143578e609750cdd01790.jpg', FALSE);
---
INSERT INTO product (name, seo_name, brand_id, specifications, description, created_by, image_url) 
    VALUES (
        'Bàn phím Durgod MK 75 Black Brown Switch', 'ban-phim-durgod-mk-75-black-brown-switch', 26,
        '{"Chế độ không dây hỗ trợ lưu trữ kết nối cho ba nhóm thiết bị (2 nhóm thiết bị Bluetooth, 1 nhóm thiết bị không dây 2.4G) và phím tắt để chuyển đổi nhanh chóng Hệ thống hỗ trợ Bluetooth": "Win 8 trở lên, hệ thống MacOS, hệ thống Android Hệ thống hỗ trợ không dây 2.4G: Win XP trở lên, hệ thống MacOS, (cần cổng USB)."}',
        'Khám phábàn phím cơMK75, được thiết kế dành cho cả người dùng văn phòng và game thủ với bố cục 75% linh hoạt, nâng cao năng suất làm việc và trải nghiệm chơi game. Nút điều chỉnh âm lượng tích hợp mang đến sự tiện lợi, cho phép bạn điều chỉnh âm thanh dễ dàng. Với thanh đèn nền RGB hai bên và đèn nền RGB sống động, bàn phím này thêm một nét tinh tế cho thiết lập của bạn, biến mỗi lần nhấn phím thành một trải nghiệm sống động. Dù là để làm việc hay chơi game, MK75 là người bạn đồng hành hoàn hảo của bạn.',
        1, 'https://product.hstatic.net/200000722513/product/ban_phim_durgod_mk75_black_-_4_e61841d9669b4356b2b1e6bc5bcc3740.png'
    );
INSERT INTO product_category (product_id, category_id) VALUES (321, 28);
INSERT INTO product_variant (
        product_id, name, seo_name, supplier_id, price, price_sale, quantity, sku, model, barcode, 
        specifications, description, warranty, image_url, release_at, created_by)
        VALUES ( 321, 'Bàn phím Durgod MK 75 Black Brown Switch', 'ban-phim-durgod-mk-75-black-brown-switch',
            1, 1870000, 690000, 10, 'KB-DURGOD-MK75-BLACK-BROWN-SW',
            'KB-DURGOD-MK75-BLACK-BROWN-SW', 'KB-DURGOD-MK75-BLACK-BROWN-SW',
            '{"Chế độ không dây hỗ trợ lưu trữ kết nối cho ba nhóm thiết bị (2 nhóm thiết bị Bluetooth, 1 nhóm thiết bị không dây 2.4G) và phím tắt để chuyển đổi nhanh chóng Hệ thống hỗ trợ Bluetooth": "Win 8 trở lên, hệ thống MacOS, hệ thống Android Hệ thống hỗ trợ không dây 2.4G: Win XP trở lên, hệ thống MacOS, (cần cổng USB)."}',
            'Khám phábàn phím cơMK75, được thiết kế dành cho cả người dùng văn phòng và game thủ với bố cục 75% linh hoạt, nâng cao năng suất làm việc và trải nghiệm chơi game. Nút điều chỉnh âm lượng tích hợp mang đến sự tiện lợi, cho phép bạn điều chỉnh âm thanh dễ dàng. Với thanh đèn nền RGB hai bên và đèn nền RGB sống động, bàn phím này thêm một nét tinh tế cho thiết lập của bạn, biến mỗi lần nhấn phím thành một trải nghiệm sống động. Dù là để làm việc hay chơi game, MK75 là người bạn đồng hành hoàn hảo của bạn.',
            12, 'https://product.hstatic.net/200000722513/product/ban_phim_durgod_mk75_black_-_4_e61841d9669b4356b2b1e6bc5bcc3740.png', '2024-11-01T08:15:28+00:00',1);
        
INSERT INTO product_image (name, product_variant_id, image_url, is_main)
VALUES
    ('Ảnh 1', 321, 'https://product.hstatic.net/200000722513/product/ban_phim_durgod_mk75_black_-_4_e61841d9669b4356b2b1e6bc5bcc3740.png', TRUE),
    ('Ảnh 2', 321, 'https://product.hstatic.net/200000722513/product/n-phim-durgod-mk-75-black-1_54037d1075fd4c488bfb1966e783e1e6_1024x1024_604aa63ffccf45daa84b3a6afe339d88.jpg', FALSE),
    ('Ảnh 3', 321, 'https://product.hstatic.net/200000722513/product/n-phim-durgod-mk-75-black-2_65e88f2ef2fa44d89af983181ae2c3a5_1024x1024_d75e7d55105f4c61869a44f8561231f4.jpg', FALSE),
    ('Ảnh 4', 321, 'https://product.hstatic.net/200000722513/product/n-phim-durgod-mk-75-black-3_632b2851da5c4cefa780cd51e48b3b73_1024x1024_7547835cd9a5457ca85ccef89395a002.jpg', FALSE),
    ('Ảnh 5', 321, 'https://product.hstatic.net/200000722513/product/n-phim-durgod-mk-75-black-4_a2ce7b0923f4489aa0279d33f7e029b6_1024x1024_d81621d037154258961e1a1855dde31f.jpg', FALSE),
    ('Ảnh 6', 321, 'https://product.hstatic.net/200000722513/product/n-phim-durgod-mk-75-black-5_e9e5f0fd993345e39b7c4783b5878b49_1024x1024_c297f6b4dc6047489b36a4a2c0eb4819.jpg', FALSE),
    ('Ảnh 7', 321, 'https://product.hstatic.net/200000722513/product/n-phim-durgod-mk-75-black-6_fd8e4392fede4d9496dc0fe81fe47ef1_1024x1024_114b1efe1c1e468197c91c2d42bf441d.jpg', FALSE),
    ('Ảnh 8', 321, 'https://product.hstatic.net/200000722513/product/n-phim-durgod-mk-75-black-7_f1fbb355f70143578e609750cdd01790_1024x1024_ba1600988f6e490b92e5eedcf5a37fe7.jpg', FALSE);
---
INSERT INTO product (name, seo_name, brand_id, specifications, description, created_by, image_url) 
    VALUES (
        'Bàn phím E-Dra EK312 Beta Brown Switch', 'ban-phim-e-dra-ek312-beta-brown-switch', 23,
        '{}',
        'Thế giới của sự đam mê và hiệu suất với bàn phím chơi game cơ E-DRA EK312 - BETA. Một trải nghiệm&nbsp;hoàn toàn mới đối với các game thủ đích thực đòi hỏi độ chính xác cao và thời gian phản ứng nhanh nhạy. Lựa chọn &nbsp;Hãy cùngGEARVNkhám phá&nbsp;Bàn phím E-Dra&nbsp;- công nghệ tiên tiến mang đến sự phản ứng tối ưu, giúp bạn chinh phục mọi thách thức trong thế giới game.',
        1, 'https://product.hstatic.net/200000722513/product/478_z4737225268402_8c6b931cc6bc7_8038c8fd189c46569d08719cb0073477.png'
    );
INSERT INTO product_category (product_id, category_id) VALUES (322, 28);
INSERT INTO product_variant (
        product_id, name, seo_name, supplier_id, price, price_sale, quantity, sku, model, barcode, 
        specifications, description, warranty, image_url, release_at, created_by)
        VALUES ( 322, 'Bàn phím E-Dra EK312 Beta Brown Switch', 'ban-phim-e-dra-ek312-beta-brown-switch',
            1, 890000, 579000, 10, 'KB-EDRA-EK312-BETA-BROWN',
            'KB-EDRA-EK312-BETA-BROWN', 'KB-EDRA-EK312-BETA-BROWN',
            '{}',
            'Thế giới của sự đam mê và hiệu suất với bàn phím chơi game cơ E-DRA EK312 - BETA. Một trải nghiệm&nbsp;hoàn toàn mới đối với các game thủ đích thực đòi hỏi độ chính xác cao và thời gian phản ứng nhanh nhạy. Lựa chọn &nbsp;Hãy cùngGEARVNkhám phá&nbsp;Bàn phím E-Dra&nbsp;- công nghệ tiên tiến mang đến sự phản ứng tối ưu, giúp bạn chinh phục mọi thách thức trong thế giới game.',
            24, 'https://product.hstatic.net/200000722513/product/478_z4737225268402_8c6b931cc6bc7_8038c8fd189c46569d08719cb0073477.png', '2024-10-28T10:12:49+00:00',1);
        
INSERT INTO product_image (name, product_variant_id, image_url, is_main)
VALUES
    ('Ảnh 1', 322, 'https://product.hstatic.net/200000722513/product/478_z4737225268402_8c6b931cc6bc7_8038c8fd189c46569d08719cb0073477.png', TRUE),
    ('Ảnh 2', 322, 'https://product.hstatic.net/200000722513/product/478_z4737225302566_50a04454547c3_3b4d636b43b2424da0fe411364b5667b.png', FALSE);
---
INSERT INTO product (name, seo_name, brand_id, specifications, description, created_by, image_url) 
    VALUES (
        'Bàn phím Logitech Pop Icon Keys Wireless Purple', 'ban-phim-logitech-pop-icon-keys-wireless-purple', 13,
        '{}',
        'Logitech chắc hẳn là thương hiệu thiết bị công nghệ không còn quá xa lạ với các gamer, thương hiệu nổi tiếng với chất lượng sản phẩm tốt, đa dạng.',
        1, 'https://product.hstatic.net/200000722513/product/pop-icon-keys-lilac-off-white-ga_4e0787de613f40b18af851a1f3f2ab0a.png'
    );
INSERT INTO product_category (product_id, category_id) VALUES (323, 28);
INSERT INTO product_variant (
        product_id, name, seo_name, supplier_id, price, price_sale, quantity, sku, model, barcode, 
        specifications, description, warranty, image_url, release_at, created_by)
        VALUES ( 323, 'Bàn phím Logitech Pop Icon Keys Wireless Purple', 'ban-phim-logitech-pop-icon-keys-wireless-purple',
            1, 1790000, 1490000, 10, 'KB-LOGITECH-POP-ICON-KEYS-WL-PURPLE',
            'KB-LOGITECH-POP-ICON-KEYS-WL-PURPLE', 'KB-LOGITECH-POP-ICON-KEYS-WL-PURPLE',
            '{}',
            'Logitech chắc hẳn là thương hiệu thiết bị công nghệ không còn quá xa lạ với các gamer, thương hiệu nổi tiếng với chất lượng sản phẩm tốt, đa dạng.',
            12, 'https://product.hstatic.net/200000722513/product/pop-icon-keys-lilac-off-white-ga_4e0787de613f40b18af851a1f3f2ab0a.png', '2024-12-09T03:45:55+00:00',1);
        
INSERT INTO product_image (name, product_variant_id, image_url, is_main)
VALUES
    ('Ảnh 1', 323, 'https://product.hstatic.net/200000722513/product/pop-icon-keys-lilac-off-white-ga_4e0787de613f40b18af851a1f3f2ab0a.png', TRUE),
    ('Ảnh 2', 323, 'https://product.hstatic.net/200000722513/product/pop-icon-keys-lilac-off-white-ga__1__a67c660477e149f0b1042353a83187c6.png', FALSE),
    ('Ảnh 3', 323, 'https://product.hstatic.net/200000722513/product/pop-icon-keys-lilac-off-white-ga__2__8fabdeb92100426e8cc3ee379d6704e6.png', FALSE),
    ('Ảnh 4', 323, 'https://product.hstatic.net/200000722513/product/pop-icon-keys-lilac-off-white-ga__3__554f3d157d8440b1a664f02bed231314.png', FALSE),
    ('Ảnh 5', 323, 'https://product.hstatic.net/200000722513/product/pop-icon-keys-lilac-off-white-ga__4__8c177ad021f0409c8791990b3a5de274.png', FALSE);
---
INSERT INTO product (name, seo_name, brand_id, specifications, description, created_by, image_url) 
    VALUES (
        'Bàn phím Logitech Pop Icon Keys Wireless Pink', 'ban-phim-logitech-pop-icon-keys-wireless-pink', 13,
        '{}',
        'Logitech chắc hẳn là thương hiệu thiết bị công nghệ không còn quá xa lạ với các gamer, thương hiệu nổi tiếng với chất lượng sản phẩm tốt, đa dạng.',
        1, 'https://product.hstatic.net/200000722513/product/pop-icon-keys-rose-off-white-gal_2baf5ce8467c4aeb86a9019da02d0c75.png'
    );
INSERT INTO product_category (product_id, category_id) VALUES (324, 28);
INSERT INTO product_variant (
        product_id, name, seo_name, supplier_id, price, price_sale, quantity, sku, model, barcode, 
        specifications, description, warranty, image_url, release_at, created_by)
        VALUES ( 324, 'Bàn phím Logitech Pop Icon Keys Wireless Pink', 'ban-phim-logitech-pop-icon-keys-wireless-pink',
            1, 1790000, 1490000, 10, 'KB-LOGITECH-POP-ICON-KEYS-WL-PINK',
            'KB-LOGITECH-POP-ICON-KEYS-WL-PINK', 'KB-LOGITECH-POP-ICON-KEYS-WL-PINK',
            '{}',
            'Logitech chắc hẳn là thương hiệu thiết bị công nghệ không còn quá xa lạ với các gamer, thương hiệu nổi tiếng với chất lượng sản phẩm tốt, đa dạng.',
            12, 'https://product.hstatic.net/200000722513/product/pop-icon-keys-rose-off-white-gal_2baf5ce8467c4aeb86a9019da02d0c75.png', '2024-12-09T03:45:57+00:00',1);
        
INSERT INTO product_image (name, product_variant_id, image_url, is_main)
VALUES
    ('Ảnh 1', 324, 'https://product.hstatic.net/200000722513/product/pop-icon-keys-rose-off-white-gal_2baf5ce8467c4aeb86a9019da02d0c75.png', TRUE),
    ('Ảnh 2', 324, 'https://product.hstatic.net/200000722513/product/pop-icon-keys-rose-off-white-gal__1__738107fb176441b4bfd87f0a5fa3f034.png', FALSE),
    ('Ảnh 3', 324, 'https://product.hstatic.net/200000722513/product/pop-icon-keys-rose-off-white-gal__2__79a4ff09a1274ef89b4163ace8215f77.png', FALSE),
    ('Ảnh 4', 324, 'https://product.hstatic.net/200000722513/product/pop-icon-keys-rose-off-white-gal__3__5da2641585124dcf82140f7c1a5e4852.png', FALSE),
    ('Ảnh 5', 324, 'https://product.hstatic.net/200000722513/product/pop-icon-keys-rose-off-white-gal__4__eda292ede6a34fab9fc0c88183c53a78.png', FALSE);
---
INSERT INTO product (name, seo_name, brand_id, specifications, description, created_by, image_url) 
    VALUES (
        'Bàn phím Logitech Pop Icon Keys Wireless White', 'ban-phim-logitech-pop-icon-keys-wireless-white', 13,
        '{}',
        'Hôm nay, Logitech đem đến cho người dùng một sản phẩm bàn phím nhỏ gọn, tiện lợi đem theo mọi lúc mọi nơi, ngoại hình bắt mắt cùng thời lượng pin lớn. Sản phẩm đó chính là&nbsp;Bàn phím Logitech Pop Icon Keys Wireless White, cùng tìm hiểu chi tiết về sản phẩm này qua bài viết dưới đây.',
        1, 'https://product.hstatic.net/200000722513/product/pop-icon-keys-off-white-orange-g_b20e1eb27d114a72b31a781a163227a5.png'
    );
INSERT INTO product_category (product_id, category_id) VALUES (325, 28);
INSERT INTO product_variant (
        product_id, name, seo_name, supplier_id, price, price_sale, quantity, sku, model, barcode, 
        specifications, description, warranty, image_url, release_at, created_by)
        VALUES ( 325, 'Bàn phím Logitech Pop Icon Keys Wireless White', 'ban-phim-logitech-pop-icon-keys-wireless-white',
            1, 1790000, 1490000, 10, 'KB-LOGITECH-POP-ICON-KEYS-WL-WHITE',
            'KB-LOGITECH-POP-ICON-KEYS-WL-WHITE', 'KB-LOGITECH-POP-ICON-KEYS-WL-WHITE',
            '{}',
            'Hôm nay, Logitech đem đến cho người dùng một sản phẩm bàn phím nhỏ gọn, tiện lợi đem theo mọi lúc mọi nơi, ngoại hình bắt mắt cùng thời lượng pin lớn. Sản phẩm đó chính là&nbsp;Bàn phím Logitech Pop Icon Keys Wireless White, cùng tìm hiểu chi tiết về sản phẩm này qua bài viết dưới đây.',
            12, 'https://product.hstatic.net/200000722513/product/pop-icon-keys-off-white-orange-g_b20e1eb27d114a72b31a781a163227a5.png', '2024-11-14T07:08:36+00:00',1);
        
INSERT INTO product_image (name, product_variant_id, image_url, is_main)
VALUES
    ('Ảnh 1', 325, 'https://product.hstatic.net/200000722513/product/pop-icon-keys-off-white-orange-g_b20e1eb27d114a72b31a781a163227a5.png', TRUE),
    ('Ảnh 2', 325, 'https://product.hstatic.net/200000722513/product/pop-icon-keys-off-white-orange-g__1__2823e98036d044858b1c9abed9964d28.png', FALSE),
    ('Ảnh 3', 325, 'https://product.hstatic.net/200000722513/product/pop-icon-keys-off-white-orange-g__2__139b0100e4174f9c9ae70443d3415bf0.png', FALSE),
    ('Ảnh 4', 325, 'https://product.hstatic.net/200000722513/product/pop-icon-keys-off-white-orange-g__3__6e9410bcc0cf4762a9c8efdb634be420.png', FALSE),
    ('Ảnh 5', 325, 'https://product.hstatic.net/200000722513/product/pop-icon-keys-off-white-orange-g__4__69ed8a6f5fc642bc836ac42a80898bb1.png', FALSE);
---
INSERT INTO product (name, seo_name, brand_id, specifications, description, created_by, image_url) 
    VALUES (
        'Bàn phím DAREU EK98 PRO Proto Dream switch', 'ban-phim-dareu-ek98-pro-proto-dream-switch', 25,
        '{}',
        'Nếu bạn đang tìm kiếm một bàn phím máy tính chất lượng cao để nâng cấpbàn làm việccủa mình, thìbàn phím DareUkhông dây DAREU EK98 PRO Proto Dream switch này chính là sự lựa chọn hoàn hảo.',
        1, 'https://product.hstatic.net/200000722513/product/ek98_pro_proto__5__a05b4255ca454_bdf91c5567f5439384cad85937b61a86.png'
    );
INSERT INTO product_category (product_id, category_id) VALUES (326, 28);
INSERT INTO product_variant (
        product_id, name, seo_name, supplier_id, price, price_sale, quantity, sku, model, barcode, 
        specifications, description, warranty, image_url, release_at, created_by)
        VALUES ( 326, 'Bàn phím DAREU EK98 PRO Proto Dream switch', 'ban-phim-dareu-ek98-pro-proto-dream-switch',
            1, 1399000, 1090000, 10, 'KB-DAREU-EK98-PRO-PROTO-DREAM-SW',
            'KB-DAREU-EK98-PRO-PROTO-DREAM-SW', 'KB-DAREU-EK98-PRO-PROTO-DREAM-SW',
            '{}',
            'Nếu bạn đang tìm kiếm một bàn phím máy tính chất lượng cao để nâng cấpbàn làm việccủa mình, thìbàn phím DareUkhông dây DAREU EK98 PRO Proto Dream switch này chính là sự lựa chọn hoàn hảo.',
            24, 'https://product.hstatic.net/200000722513/product/ek98_pro_proto__5__a05b4255ca454_bdf91c5567f5439384cad85937b61a86.png', '2024-10-23T08:59:17+00:00',1);
        
INSERT INTO product_image (name, product_variant_id, image_url, is_main)
VALUES
    ('Ảnh 1', 326, 'https://product.hstatic.net/200000722513/product/ek98_pro_proto__5__a05b4255ca454_bdf91c5567f5439384cad85937b61a86.png', TRUE),
    ('Ảnh 2', 326, 'https://product.hstatic.net/200000722513/product/gearvn-ban-phim-khong-day-ek98-p__2__71e04fb8a9cc48a29b4ea84d11618e1d.png', FALSE),
    ('Ảnh 3', 326, 'https://product.hstatic.net/200000722513/product/gearvn-ban-phim-khong-day-ek98-p__1__9a58f6351d2d48179ad2ad383cbc4e8d.png', FALSE),
    ('Ảnh 4', 326, 'https://product.hstatic.net/200000722513/product/gearvn-ban-phim-khong-day-ek98-p_79a42ec2c2c14c8bb7abba4e7e13f196.png', FALSE),
    ('Ảnh 5', 326, 'https://product.hstatic.net/200000722513/product/gearvn-ban-phim-khong-day-ek98-p__3__93f6796e3f0b4d2291d2f81a40b94d3c.png', FALSE),
    ('Ảnh 6', 326, 'https://product.hstatic.net/200000722513/product/gearvn-ban-phim-khong-day-ek98-p__4__bc88c81bf3fe44d88de91d059c14e652.png', FALSE),
    ('Ảnh 7', 326, 'https://product.hstatic.net/200000722513/product/gearvn-ban-phim-khong-day-ek98-p__5__876e2cca6361414ebdaad925f218b784.png', FALSE),
    ('Ảnh 8', 326, 'https://product.hstatic.net/200000722513/product/gearvn-ban-phim-khong-day-ek98-p__6__4de2ef69138b417c8947b7bfe265da5e.png', FALSE),
    ('Ảnh 9', 326, 'https://product.hstatic.net/200000722513/product/gearvn-ban-phim-khong-day-ek98-p__7__637a341791bd48cea1222229e3bf640e.png', FALSE),
    ('Ảnh 10', 326, 'https://product.hstatic.net/200000722513/product/post-01_e81322d0620448cdb76365c80f9e5baa.jpg', FALSE),
    ('Ảnh 11', 326, 'https://product.hstatic.net/200000722513/product/post-09_32af592e8cd243d4aaa9ff100f1b4a48.jpg', FALSE),
    ('Ảnh 12', 326, 'https://product.hstatic.net/200000722513/product/post-06_88f419d3103d42afb2cc4e6c7cd29684.jpg', FALSE),
    ('Ảnh 13', 326, 'https://product.hstatic.net/200000722513/product/post-15_a00f164d88cb49aca01f31e719a2f79f.jpg', FALSE),
    ('Ảnh 14', 326, 'https://product.hstatic.net/200000722513/product/post-12_17a801343be743a4a31da0bc40f981a9.jpg', FALSE),
    ('Ảnh 15', 326, 'https://product.hstatic.net/200000722513/product/post-17_fb8aff6dd36a4a709c02da43ec58e050.jpg', FALSE),
    ('Ảnh 16', 326, 'https://product.hstatic.net/200000722513/product/post-02_0a0e669d1a6646b0ace76e2e17eede1a.jpg', FALSE);
---
INSERT INTO product (name, seo_name, brand_id, specifications, description, created_by, image_url) 
    VALUES (
        'Bàn phím cơ DareU EK65s White Black PBT Dream Switch', 'ban-phim-co-dareu-ek65s-white-black-pbt-dream-switch', 25,
        '{}',
        'Đánh giá bàn phím cơ DareU EK65s White Black PBT Dream switchBạn đang tìm kiếm một bàn phím cơ vừa đẹp, vừa chất lượng để nâng tầm trải nghiệm gõ phím?DareU EK65s White Black PBT Dream Switchlà lựa chọn hoàn hảo dành cho bạn! Với thiết kế đơn giản, tinh tế, kết hợp cùng switch Dream độc đáo mang đến cảm giác gõ êm ái, phản hồi nhanh, EK65s sẽ khiến bạn say mê ngay từ lần chạm đầu tiên. CùngGEARVNkhám phá chi tiết hơn về bàn phím cơ tuyệt vời này trong bài đánh giá sau đây!Thiết kế nhỏ gọn, tinh tế, phù hợp với mọi không gianDareU EK65s White Black PBT Dream Switch sở hữu thiết kế 68 phím nhỏ gọn, tiện lợi cho việc di chuyển và phù hợp với nhiều không gian sử dụng khác nhau. Với layout hiện đại, EK65s mang đến sự gọn gàng, tối ưu hóa diện tích bàn làm việc của bạn. Màu sắc trắng đen củabàn phímmang đến vẻ đẹp tinh tế, phù hợp với mọi phong cách nội thất.Trải nghiệm gõ phím ấn tượng với switch DareU DreamDareU EK65s White Black PBT Dream Switch được trang bị switch DareU Dream - một trong những loại switch phổ biến, được đánh giá cao về độ bền và độ phản hồi. Switch linear mang đến cảm giác gõ êm ái, mượt mà, không có tiếng click hay tiếng cộp, rất phù hợp với những người yêu thích sự nhẹ nhàng và êm ái khi gõ phim.Keycaps PBT Double Shot - Độ bền cao, chống bám vân tayDareU EK65s White Black PBT Dream Switch sử dụngkeycapsPBT Double-shot, mang đến độ bền cao, chống bám vân tay và chống phai màu trong thời gian dài sử dụng. Chất liệu PBT cho cảm giác gõ bền bỉ, mịn màng và thoáng khí, giúp bàn tay luôn thoải mái khi gõ phim trong thời gian dài.Lựa chọn hoàn hảo cho game thủ và dân văn phòngDareU EK65s White Black PBT Dream Switch là lựa chọn hoàn hảo dành cho những người yêu thích sự đơn giản, tinh tế, tìm kiếmbàn phím cơchất lượng, mang đến trải nghiệm gõ phím êm ái, thoải mái. EK65s phù hợp với cả game thủ và dân văn phòng, hỗ trợ bạn hoàn thành công việc một cách hiệu quả, tăng cường trải nghiệm giải trí và thoả mãn đam mê chơi game.',
        1, 'https://product.hstatic.net/200000722513/product/ek65s__1__fc88e487086b434bb1e00f_ae5f290b5c754084afd20ded50db0397.png'
    );
INSERT INTO product_category (product_id, category_id) VALUES (327, 28);
INSERT INTO product_variant (
        product_id, name, seo_name, supplier_id, price, price_sale, quantity, sku, model, barcode, 
        specifications, description, warranty, image_url, release_at, created_by)
        VALUES ( 327, 'Bàn phím cơ DareU EK65s White Black PBT Dream Switch', 'ban-phim-co-dareu-ek65s-white-black-pbt-dream-switch',
            1, 899000, 650000, 10, 'KB-DAREU-EK65S-WHITE-BLACK-PBT-DREAM-SW',
            'KB-DAREU-EK65S-WHITE-BLACK-PBT-DREAM-SW', 'KB-DAREU-EK65S-WHITE-BLACK-PBT-DREAM-SW',
            '{}',
            'Đánh giá bàn phím cơ DareU EK65s White Black PBT Dream switchBạn đang tìm kiếm một bàn phím cơ vừa đẹp, vừa chất lượng để nâng tầm trải nghiệm gõ phím?DareU EK65s White Black PBT Dream Switchlà lựa chọn hoàn hảo dành cho bạn! Với thiết kế đơn giản, tinh tế, kết hợp cùng switch Dream độc đáo mang đến cảm giác gõ êm ái, phản hồi nhanh, EK65s sẽ khiến bạn say mê ngay từ lần chạm đầu tiên. CùngGEARVNkhám phá chi tiết hơn về bàn phím cơ tuyệt vời này trong bài đánh giá sau đây!Thiết kế nhỏ gọn, tinh tế, phù hợp với mọi không gianDareU EK65s White Black PBT Dream Switch sở hữu thiết kế 68 phím nhỏ gọn, tiện lợi cho việc di chuyển và phù hợp với nhiều không gian sử dụng khác nhau. Với layout hiện đại, EK65s mang đến sự gọn gàng, tối ưu hóa diện tích bàn làm việc của bạn. Màu sắc trắng đen củabàn phímmang đến vẻ đẹp tinh tế, phù hợp với mọi phong cách nội thất.Trải nghiệm gõ phím ấn tượng với switch DareU DreamDareU EK65s White Black PBT Dream Switch được trang bị switch DareU Dream - một trong những loại switch phổ biến, được đánh giá cao về độ bền và độ phản hồi. Switch linear mang đến cảm giác gõ êm ái, mượt mà, không có tiếng click hay tiếng cộp, rất phù hợp với những người yêu thích sự nhẹ nhàng và êm ái khi gõ phim.Keycaps PBT Double Shot - Độ bền cao, chống bám vân tayDareU EK65s White Black PBT Dream Switch sử dụngkeycapsPBT Double-shot, mang đến độ bền cao, chống bám vân tay và chống phai màu trong thời gian dài sử dụng. Chất liệu PBT cho cảm giác gõ bền bỉ, mịn màng và thoáng khí, giúp bàn tay luôn thoải mái khi gõ phim trong thời gian dài.Lựa chọn hoàn hảo cho game thủ và dân văn phòngDareU EK65s White Black PBT Dream Switch là lựa chọn hoàn hảo dành cho những người yêu thích sự đơn giản, tinh tế, tìm kiếmbàn phím cơchất lượng, mang đến trải nghiệm gõ phím êm ái, thoải mái. EK65s phù hợp với cả game thủ và dân văn phòng, hỗ trợ bạn hoàn thành công việc một cách hiệu quả, tăng cường trải nghiệm giải trí và thoả mãn đam mê chơi game.',
            24, 'https://product.hstatic.net/200000722513/product/ek65s__1__fc88e487086b434bb1e00f_ae5f290b5c754084afd20ded50db0397.png', '2024-10-17T08:27:55+00:00',1);
        
INSERT INTO product_image (name, product_variant_id, image_url, is_main)
VALUES
    ('Ảnh 1', 327, 'https://product.hstatic.net/200000722513/product/ek65s__1__fc88e487086b434bb1e00f_ae5f290b5c754084afd20ded50db0397.png', TRUE),
    ('Ảnh 2', 327, 'https://product.hstatic.net/200000722513/product/gearvn-ban-phim-co-dareu-ek65s-white-black-pbt-dream-switch-1_59d2da43023247dab352b12390bf09a0.jpg', FALSE),
    ('Ảnh 3', 327, 'https://product.hstatic.net/200000722513/product/gearvn-ban-phim-co-dareu-ek65s-white-black-pbt-dream-switch-2_5c1b54c0d2f94c80becffa96ee74e731.jpg', FALSE),
    ('Ảnh 4', 327, 'https://product.hstatic.net/200000722513/product/gearvn-ban-phim-co-dareu-ek65s-white-black-pbt-dream-switch-3_2448ca520ac146f181da4e4bf3246039.jpg', FALSE),
    ('Ảnh 5', 327, 'https://product.hstatic.net/200000722513/product/gearvn-ban-phim-co-dareu-ek65s-white-black-pbt-dream-switch-4_53c09dfd6f2b44679ea4bf3781a4df81.jpg', FALSE),
    ('Ảnh 6', 327, 'https://product.hstatic.net/200000722513/product/gearvn-ban-phim-co-dareu-ek65s-white-black-pbt-dream-switch-5_0c9ade72bc7b4c7b879228ca4739c9e2.jpg', FALSE),
    ('Ảnh 7', 327, 'https://product.hstatic.net/200000722513/product/gearvn-ban-phim-co-dareu-ek65s-white-black-pbt-dream-switch-6_159f6b8116ce412a92aa3f9404876749.jpg', FALSE),
    ('Ảnh 8', 327, 'https://product.hstatic.net/200000722513/product/gearvn-ban-phim-co-dareu-ek65s-white-black-pbt-dream-switch-7_d6973bd90ae84e5a9858d4905f3e80a3.jpg', FALSE);
---
