INSERT INTO product (name, seo_name, brand_id, specifications, description, created_by, image_url) 
    VALUES (
        'Ổ cứng di dộng SSD ASUS TUF Gaming AS1000, 1 TB, USB-C 3.2 Gen2, 1250 MB/s', 'o-cung-di-dong-asus-tuf-gaming-as1000', 3,
        '{"Giao thức kết nối": "USB-C 3.2 Gen 2", "Dung lượng": "1TB", "Kích thước": "125 x 54 x 13 mm", "Trọng lượng": "157 gam", "Tốc độ": "Lên tới 1.250MB/s (10Gbps)", "Chứng nhận bảo vệ": "IP68MIL-STD-810H 516.8 Drop Test", "Phụ kiện": "Hướng dẫn cài đặt nhanhCáp USB-C sang USB-CHướng dẫn sử dụng"}',
        'Bước vào thế giới của tốc độ không giới hạn và độ bền vượt trội với Ổ cứng di động SSD ASUS TUF Gaming AS1000 1 TB. Được thiết kế dành riêng cho những game thủ, nhà sáng tạo nội dung và người dùng chuyên nghiệp đòi hỏi hiệu suất tối đa, AS1000 là sự kết hợp hoàn hảo giữa sức mạnh và sự bền bỉ. Với giao tiếp USB-C 3.2 Gen2 tiên tiến, AS1000 mang đến tốc độ đọc/ghi đáng kinh ngạc lên đến 1250 MB/s. Điều này có nghĩa là bạn có thể tải game siêu nhanh, chỉnh sửa video 4K mượt mà, hoặc truyền tải các tập tin dung lượng lớn chỉ trong tích tắc, giúp tối ưu hóa mọi công việc và giải trí. Được thừa hưởng DNA của dòng TUF Gaming, ổ cứng này không chỉ mạnh mẽ về tốc độ mà còn cực kỳ kiên cố. Nó được chế tạo để chịu đựng những điều kiện khắc nghiệt nhất, với khả năng chống sốc vượt trội, bảo vệ dữ liệu quý giá của bạn khỏi va đập và rung lắc. Dù bạn đang di chuyển đến các giải đấu, làm việc tại quán cà phê hay khám phá những vùng đất mới, AS1000 luôn sẵn sàng đồng hành cùng bạn một cách an toàn. Dung lượng 1 TB cung cấp không gian lưu trữ rộng rãi cho toàn bộ thư viện game, dự án sáng tạo, phim ảnh và tài liệu quan trọng của bạn. Thiết kế nhỏ gọn, chắc chắn với vỏ ngoài đậm chất gaming không chỉ dễ dàng bỏ vào túi mà còn tạo nên phong cách riêng. Ổ cứng di động SSD ASUS TUF Gaming AS1000 1 TB là lựa chọn lý tưởng cho bất kỳ ai cần một giải pháp lưu trữ di động siêu nhanh, siêu bền và đáng tin cậy. Nâng tầm trải nghiệm lưu trữ của bạn ngay hôm nay!',
        1, 'https://product.hstatic.net/200000722513/product/fwebp__9__06afa03f7dde434a90ad64cbdc10e6d8.png'
    );
INSERT INTO product_category (product_id, category_id) VALUES (535, 36);
INSERT INTO product_variant (
        product_id, name, seo_name, supplier_id, price, price_sale, quantity, sku, model, barcode, 
        specifications, description, warranty, image_url, release_at, created_by)
        VALUES ( 535, 'Ổ cứng di dộng SSD ASUS TUF Gaming AS1000, 1 TB, USB-C 3.2 Gen2, 1250 MB/s', 'o-cung-di-dong-asus-tuf-gaming-as1000',
            1, 2990000, 2490000, 10, 'SSD-DD-ASUS-AS1000',
            'SSD-DD-ASUS-AS1000', 'SSD-DD-ASUS-AS1000',
            '{"Giao thức kết nối": "USB-C 3.2 Gen 2", "Dung lượng": "1TB", "Kích thước": "125 x 54 x 13 mm", "Trọng lượng": "157 gam", "Tốc độ": "Lên tới 1.250MB/s (10Gbps)", "Chứng nhận bảo vệ": "IP68MIL-STD-810H 516.8 Drop Test", "Phụ kiện": "Hướng dẫn cài đặt nhanhCáp USB-C sang USB-CHướng dẫn sử dụng"}',
            'Bước vào thế giới của tốc độ không giới hạn và độ bền vượt trội với Ổ cứng di động SSD ASUS TUF Gaming AS1000 1 TB. Được thiết kế dành riêng cho những game thủ, nhà sáng tạo nội dung và người dùng chuyên nghiệp đòi hỏi hiệu suất tối đa, AS1000 là sự kết hợp hoàn hảo giữa sức mạnh và sự bền bỉ. Với giao tiếp USB-C 3.2 Gen2 tiên tiến, AS1000 mang đến tốc độ đọc/ghi đáng kinh ngạc lên đến 1250 MB/s. Điều này có nghĩa là bạn có thể tải game siêu nhanh, chỉnh sửa video 4K mượt mà, hoặc truyền tải các tập tin dung lượng lớn chỉ trong tích tắc, giúp tối ưu hóa mọi công việc và giải trí. Được thừa hưởng DNA của dòng TUF Gaming, ổ cứng này không chỉ mạnh mẽ về tốc độ mà còn cực kỳ kiên cố. Nó được chế tạo để chịu đựng những điều kiện khắc nghiệt nhất, với khả năng chống sốc vượt trội, bảo vệ dữ liệu quý giá của bạn khỏi va đập và rung lắc. Dù bạn đang di chuyển đến các giải đấu, làm việc tại quán cà phê hay khám phá những vùng đất mới, AS1000 luôn sẵn sàng đồng hành cùng bạn một cách an toàn. Dung lượng 1 TB cung cấp không gian lưu trữ rộng rãi cho toàn bộ thư viện game, dự án sáng tạo, phim ảnh và tài liệu quan trọng của bạn. Thiết kế nhỏ gọn, chắc chắn với vỏ ngoài đậm chất gaming không chỉ dễ dàng bỏ vào túi mà còn tạo nên phong cách riêng. Ổ cứng di động SSD ASUS TUF Gaming AS1000 1 TB là lựa chọn lý tưởng cho bất kỳ ai cần một giải pháp lưu trữ di động siêu nhanh, siêu bền và đáng tin cậy. Nâng tầm trải nghiệm lưu trữ của bạn ngay hôm nay!',
            36, 'https://product.hstatic.net/200000722513/product/fwebp__9__06afa03f7dde434a90ad64cbdc10e6d8.png', '2024-08-21T09:09:07+00:00',1);
        
INSERT INTO product_image (name, product_variant_id, image_url, is_main)
VALUES
    ('Ảnh 1', 535, 'https://product.hstatic.net/200000722513/product/fwebp__9__06afa03f7dde434a90ad64cbdc10e6d8.png', TRUE),
    ('Ảnh 2', 535, 'https://product.hstatic.net/200000722513/product/fwebp__8__2aa295e72ca34547b10b4309809e64c8.png', FALSE),
    ('Ảnh 3', 535, 'https://product.hstatic.net/200000722513/product/fwebp_5d514ce4260b4cc29b7046d5cc02a8eb.png', FALSE),
    ('Ảnh 4', 535, 'https://product.hstatic.net/200000722513/product/fwebp__1__54b3a39467984ed9bb2aff2bb129739f.png', FALSE),
    ('Ảnh 5', 535, 'https://product.hstatic.net/200000722513/product/fwebp__2__dcde113b021c4fe5aee43baa771391a4.png', FALSE),
    ('Ảnh 6', 535, 'https://product.hstatic.net/200000722513/product/fwebp__3__9637eb4ef6c843f1adb3432317bf25a1.png', FALSE),
    ('Ảnh 7', 535, 'https://product.hstatic.net/200000722513/product/fwebp__4__a2e709ca897b41dd8ce65e7035ce1b9c.png', FALSE),
    ('Ảnh 8', 535, 'https://product.hstatic.net/200000722513/product/fwebp__5__7c42dbb5952a483b802407308a103935.png', FALSE),
    ('Ảnh 9', 535, 'https://product.hstatic.net/200000722513/product/fwebp__6__a871f892afda461ab8d02bdf37392815.png', FALSE),
    ('Ảnh 10', 535, 'https://product.hstatic.net/200000722513/product/fwebp__7__ef70229f4e444901b4f5bc37b25a45e7.png', FALSE);
---
INSERT INTO product (name, seo_name, brand_id, specifications, description, created_by, image_url) 
    VALUES (
        'Ổ cứng di dộng SSD Kingston XS1000 1TB, USB 3.2 Gen2, 1050MB/s', 'o-cung-di-dong-ssd-1tb-kingston-xs1000', 41,
        '{}',
        'Tương thích với cả thiết bị USB Type-C®3&nbsp;và USB Type-A nhờ cáp và bộ chuyển đổi đi kèm4&nbsp;để mang đến tính tiện lợi vô song và khả năng lưu trữ ấn tượng, XS1000 chính là người bạn đồng hành đáng tin cậy giúp bạn dễ dàng sao lưu tập tin, cũng như truy cập vào tài liệu, tập tin phương tiện và những kỷ niệm mình trân quý. Hãy chia tay giải pháp cồng kềnh và tận hưởng hiệu suất lưu trữ với thiết kế hợp lý cùng ổ SSD di động XS1000. Hiện có màu đen hoặc đỏ.Tiện lợi khi di chuyểnVới thiết kế nhỏ gọn và nặng chưa đến 29 gam,ổ SSDkiểu dáng đẹp này có sẵn màu đen hoặc đỏ và có thể nằm gọn trong lòng bàn tay bạn, giúp bạn dễ dàng mang theo tập tin bên mình mọi lúc, mọi nơi.Phương tiện sao lưu đáng tin cậyHỗ trợ USB 3.2 Gen 2Đạt tốc độ đọc/ghi tối đa 1.050 MB/giây1cùng với khả năng tương thích ngược với USB 3.2 Gen 1 giúp đảm bảo dễ dàng kết nối với thiết bị cũ.',
        1, 'https://product.hstatic.net/200000722513/product/sxs1000_1000gb_pkg-zm-lg_94add45c17cc4b16a63e857cbf7b66ae.jpg'
    );
INSERT INTO product_category (product_id, category_id) VALUES (536, 36);
INSERT INTO product_variant (
        product_id, name, seo_name, supplier_id, price, price_sale, quantity, sku, model, barcode, 
        specifications, description, warranty, image_url, release_at, created_by)
        VALUES ( 536, 'Ổ cứng di dộng SSD Kingston XS1000 1TB, USB 3.2 Gen2, 1050MB/s', 'o-cung-di-dong-ssd-1tb-kingston-xs1000',
            1, 2990000, 2090000, 10, 'SSD-DD-KINGSTON-XS1000',
            'SSD-DD-KINGSTON-XS1000', 'SSD-DD-KINGSTON-XS1000',
            '{}',
            'Tương thích với cả thiết bị USB Type-C®3&nbsp;và USB Type-A nhờ cáp và bộ chuyển đổi đi kèm4&nbsp;để mang đến tính tiện lợi vô song và khả năng lưu trữ ấn tượng, XS1000 chính là người bạn đồng hành đáng tin cậy giúp bạn dễ dàng sao lưu tập tin, cũng như truy cập vào tài liệu, tập tin phương tiện và những kỷ niệm mình trân quý. Hãy chia tay giải pháp cồng kềnh và tận hưởng hiệu suất lưu trữ với thiết kế hợp lý cùng ổ SSD di động XS1000. Hiện có màu đen hoặc đỏ.Tiện lợi khi di chuyểnVới thiết kế nhỏ gọn và nặng chưa đến 29 gam,ổ SSDkiểu dáng đẹp này có sẵn màu đen hoặc đỏ và có thể nằm gọn trong lòng bàn tay bạn, giúp bạn dễ dàng mang theo tập tin bên mình mọi lúc, mọi nơi.Phương tiện sao lưu đáng tin cậyHỗ trợ USB 3.2 Gen 2Đạt tốc độ đọc/ghi tối đa 1.050 MB/giây1cùng với khả năng tương thích ngược với USB 3.2 Gen 1 giúp đảm bảo dễ dàng kết nối với thiết bị cũ.',
            60, 'https://product.hstatic.net/200000722513/product/sxs1000_1000gb_pkg-zm-lg_94add45c17cc4b16a63e857cbf7b66ae.jpg', '2024-08-21T08:56:07+00:00',1);
        
INSERT INTO product_image (name, product_variant_id, image_url, is_main)
VALUES
    ('Ảnh 1', 536, 'https://product.hstatic.net/200000722513/product/sxs1000_1000gb_pkg-zm-lg_94add45c17cc4b16a63e857cbf7b66ae.jpg', TRUE),
    ('Ảnh 2', 536, 'https://product.hstatic.net/200000722513/product/sxs1000_1000gb-angle-zm-lg_240eef2ce39946f5b1bb6a1da8f0eeab.jpg', FALSE),
    ('Ảnh 3', 536, 'https://product.hstatic.net/200000722513/product/sxs1000_1000gb-zm-lg_795321f16c994f649612bb83038e30f5.jpg', FALSE);
---
INSERT INTO product (name, seo_name, brand_id, specifications, description, created_by, image_url) 
    VALUES (
        'Ổ cứng di dộng SSD Kingston XS1000 1TB, USB 3.2 Gen2, 1050MB/s, màu đỏ', 'o-cung-di-dong-ssd-kingston-xs1000-1tb-red', 41,
        '{}',
        'Tương thích với cả thiết bị USB Type-C®3&nbsp;và USB Type-A nhờ cáp và bộ chuyển đổi đi kèm4&nbsp;để mang đến tính tiện lợi vô song và khả năng lưu trữ ấn tượng, XS1000 chính là người bạn đồng hành đáng tin cậy giúp bạn dễ dàng sao lưu tập tin, cũng như truy cập vào tài liệu, tập tin phương tiện và những kỷ niệm mình trân quý. Hãy chia tay giải pháp cồng kềnh và tận hưởng hiệu suất lưu trữ với thiết kế hợp lý cùng ổ SSD di động XS1000. Hiện có màu đen hoặc đỏ.Tiện lợi khi di chuyểnVới thiết kế nhỏ gọn và nặng chưa đến 29 gam,ổ SSDkiểu dáng đẹp này có sẵn màu đen hoặc đỏ và có thể nằm gọn trong lòng bàn tay bạn, giúp bạn dễ dàng mang theo tập tin bên mình mọi lúc, mọi nơi.Phương tiện sao lưu đáng tin cậyHỗ trợ USB 3.2 Gen 2Đạt tốc độ đọc/ghi tối đa 1.050 MB/giây1cùng với khả năng tương thích ngược với USB 3.2 Gen 1 giúp đảm bảo dễ dàng kết nối với thiết bị cũ.',
        1, 'https://product.hstatic.net/200000722513/product/o-cung-di-dong-ssd-1tb-kingston_dfab8b67f2e248309c921fa474af8e37.png'
    );
INSERT INTO product_category (product_id, category_id) VALUES (537, 36);
INSERT INTO product_variant (
        product_id, name, seo_name, supplier_id, price, price_sale, quantity, sku, model, barcode, 
        specifications, description, warranty, image_url, release_at, created_by)
        VALUES ( 537, 'Ổ cứng di dộng SSD Kingston XS1000 1TB, USB 3.2 Gen2, 1050MB/s, màu đỏ', 'o-cung-di-dong-ssd-kingston-xs1000-1tb-red',
            1, 2990000, 2090000, 10, 'SSD-DD-KINGSTON-XS1000-RED',
            'SSD-DD-KINGSTON-XS1000-RED', 'SSD-DD-KINGSTON-XS1000-RED',
            '{}',
            'Tương thích với cả thiết bị USB Type-C®3&nbsp;và USB Type-A nhờ cáp và bộ chuyển đổi đi kèm4&nbsp;để mang đến tính tiện lợi vô song và khả năng lưu trữ ấn tượng, XS1000 chính là người bạn đồng hành đáng tin cậy giúp bạn dễ dàng sao lưu tập tin, cũng như truy cập vào tài liệu, tập tin phương tiện và những kỷ niệm mình trân quý. Hãy chia tay giải pháp cồng kềnh và tận hưởng hiệu suất lưu trữ với thiết kế hợp lý cùng ổ SSD di động XS1000. Hiện có màu đen hoặc đỏ.Tiện lợi khi di chuyểnVới thiết kế nhỏ gọn và nặng chưa đến 29 gam,ổ SSDkiểu dáng đẹp này có sẵn màu đen hoặc đỏ và có thể nằm gọn trong lòng bàn tay bạn, giúp bạn dễ dàng mang theo tập tin bên mình mọi lúc, mọi nơi.Phương tiện sao lưu đáng tin cậyHỗ trợ USB 3.2 Gen 2Đạt tốc độ đọc/ghi tối đa 1.050 MB/giây1cùng với khả năng tương thích ngược với USB 3.2 Gen 1 giúp đảm bảo dễ dàng kết nối với thiết bị cũ.',
            60, 'https://product.hstatic.net/200000722513/product/o-cung-di-dong-ssd-1tb-kingston_dfab8b67f2e248309c921fa474af8e37.png', '2024-10-14T06:39:01+00:00',1);
        
INSERT INTO product_image (name, product_variant_id, image_url, is_main)
VALUES
    ('Ảnh 1', 537, 'https://product.hstatic.net/200000722513/product/o-cung-di-dong-ssd-1tb-kingston_dfab8b67f2e248309c921fa474af8e37.png', TRUE),
    ('Ảnh 2', 537, 'https://product.hstatic.net/200000722513/product/kingston-xs1000-1tb-hinh-1_2f87774ad72f4bd9ae2efd62da025faa.png', FALSE);
---
INSERT INTO product (name, seo_name, brand_id, specifications, description, created_by, image_url) 
    VALUES (
        'Ổ cứng di dộng SSD SamSung T5 EVO 2TB, USB 3.2 Gen1, Đen (MU-PH2T0S/WW)', 'o-cung-di-dong-ssd-samsung-t5-evo-2tb-mu-ph2t0s-ww', 16,
        '{"Thương hiệu": "Samsung", "Tên sản phẩm": "Ổ cứng di động SamSung T5 EVO 2TB, USB 3.2 Gen1", "Bảo hành": "36 Tháng", "Giao thức kết nối": "USB 3.2 Gen 1 (5 Gbps)", "Dung lượng": "2TB", "Kích thước": "40 x 95 x 17 mm", "Trọng lượng": "102g", "Tốc độ": "Đọc: Lên đến 460 MB/sGhi:&nbsp;Lên đến 460 MB/s"}',
        'Khám phá sức mạnh và sự tiện lợi tối ưu với Ổ cứng di động SSD Samsung T5 EVO 2TB, một thiết bị lưu trữ đỉnh cao được thiết kế để đáp ứng mọi nhu cầu của bạn. Với dung lượng khổng lồ 2TB, T5 EVO cung cấp không gian rộng rãi để bạn lưu trữ hàng ngàn bức ảnh chất lượng cao, video 4K sắc nét, bộ sưu tập game đồ sộ, và tất cả các tệp công việc quan trọng của mình mà không cần lo lắng về không gian. Được trang bị giao diện USB 3.2 Gen1, T5 EVO mang đến tốc độ truyền dữ liệu cực nhanh, cho phép bạn di chuyển các tệp lớn chỉ trong chớp mắt. Hãy quên đi thời gian chờ đợi và tận hưởng hiệu suất làm việc liền mạch, dù bạn đang sao lưu dữ liệu, chỉnh sửa video trực tiếp từ ổ đĩa hay chạy các ứng dụng nặng. Với thiết kế nhỏ gọn, bền bỉ và màu đen sang trọng (MU-PH2T0S/WW), T5 EVO không chỉ là một công cụ lưu trữ mà còn là một phụ kiện công nghệ đẳng cấp. Vỏ ngoài chắc chắn bảo vệ dữ liệu của bạn khỏi những va đập không mong muốn, trong khi kích thước tiện lợi cho phép bạn dễ dàng mang theo bên mình mọi lúc mọi nơi – từ văn phòng đến những chuyến du lịch xa. Samsung T5 EVO 2TB là lựa chọn hoàn hảo cho các nhiếp ảnh gia, nhà quay phim, game thủ, và bất kỳ ai cần một giải pháp lưu trữ di động đáng tin cậy, tốc độ cao và dung lượng lớn. Tận hưởng sự an tâm với công nghệ SSD tiên tiến của Samsung, đảm bảo dữ liệu của bạn luôn an toàn và sẵn sàng mọi lúc.',
        1, 'https://product.hstatic.net/200000722513/product/vn-portable-ssd-t5-evo-mu-ph2t0s_8007858882c04bde80db2e9a9f820f82.png'
    );
INSERT INTO product_category (product_id, category_id) VALUES (538, 36);
INSERT INTO product_variant (
        product_id, name, seo_name, supplier_id, price, price_sale, quantity, sku, model, barcode, 
        specifications, description, warranty, image_url, release_at, created_by)
        VALUES ( 538, 'Ổ cứng di dộng SSD SamSung T5 EVO 2TB, USB 3.2 Gen1, Đen (MU-PH2T0S/WW)', 'o-cung-di-dong-ssd-samsung-t5-evo-2tb-mu-ph2t0s-ww',
            1, 0, 2990000, 10, 'SSD-SS-T5-EVO-2TB-BLA-MU-PH2T0S-WW',
            'SSD-SS-T5-EVO-2TB-BLA-MU-PH2T0S-WW', 'SSD-SS-T5-EVO-2TB-BLA-MU-PH2T0S-WW',
            '{"Thương hiệu": "Samsung", "Tên sản phẩm": "Ổ cứng di động SamSung T5 EVO 2TB, USB 3.2 Gen1", "Bảo hành": "36 Tháng", "Giao thức kết nối": "USB 3.2 Gen 1 (5 Gbps)", "Dung lượng": "2TB", "Kích thước": "40 x 95 x 17 mm", "Trọng lượng": "102g", "Tốc độ": "Đọc: Lên đến 460 MB/sGhi:&nbsp;Lên đến 460 MB/s"}',
            'Khám phá sức mạnh và sự tiện lợi tối ưu với Ổ cứng di động SSD Samsung T5 EVO 2TB, một thiết bị lưu trữ đỉnh cao được thiết kế để đáp ứng mọi nhu cầu của bạn. Với dung lượng khổng lồ 2TB, T5 EVO cung cấp không gian rộng rãi để bạn lưu trữ hàng ngàn bức ảnh chất lượng cao, video 4K sắc nét, bộ sưu tập game đồ sộ, và tất cả các tệp công việc quan trọng của mình mà không cần lo lắng về không gian. Được trang bị giao diện USB 3.2 Gen1, T5 EVO mang đến tốc độ truyền dữ liệu cực nhanh, cho phép bạn di chuyển các tệp lớn chỉ trong chớp mắt. Hãy quên đi thời gian chờ đợi và tận hưởng hiệu suất làm việc liền mạch, dù bạn đang sao lưu dữ liệu, chỉnh sửa video trực tiếp từ ổ đĩa hay chạy các ứng dụng nặng. Với thiết kế nhỏ gọn, bền bỉ và màu đen sang trọng (MU-PH2T0S/WW), T5 EVO không chỉ là một công cụ lưu trữ mà còn là một phụ kiện công nghệ đẳng cấp. Vỏ ngoài chắc chắn bảo vệ dữ liệu của bạn khỏi những va đập không mong muốn, trong khi kích thước tiện lợi cho phép bạn dễ dàng mang theo bên mình mọi lúc mọi nơi – từ văn phòng đến những chuyến du lịch xa. Samsung T5 EVO 2TB là lựa chọn hoàn hảo cho các nhiếp ảnh gia, nhà quay phim, game thủ, và bất kỳ ai cần một giải pháp lưu trữ di động đáng tin cậy, tốc độ cao và dung lượng lớn. Tận hưởng sự an tâm với công nghệ SSD tiên tiến của Samsung, đảm bảo dữ liệu của bạn luôn an toàn và sẵn sàng mọi lúc.',
            36, 'https://product.hstatic.net/200000722513/product/vn-portable-ssd-t5-evo-mu-ph2t0s_8007858882c04bde80db2e9a9f820f82.png', '2024-09-10T03:30:19+00:00',1);
        
INSERT INTO product_image (name, product_variant_id, image_url, is_main)
VALUES
    ('Ảnh 1', 538, 'https://product.hstatic.net/200000722513/product/vn-portable-ssd-t5-evo-mu-ph2t0s_8007858882c04bde80db2e9a9f820f82.png', TRUE),
    ('Ảnh 2', 538, 'https://product.hstatic.net/200000722513/product/vn-portable-ssd-t5-evo-mu-ph2t0s__2__787d6773c33647368b2283d3a4a060ca.png', FALSE),
    ('Ảnh 3', 538, 'https://product.hstatic.net/200000722513/product/vn-portable-ssd-t5-evo-mu-ph2t0s__3__b1df93a03ccb4b3b8266b19d4604e101.png', FALSE),
    ('Ảnh 4', 538, 'https://product.hstatic.net/200000722513/product/vn-portable-ssd-t5-evo-mu-ph2t0s__4__28e5a46185b04ec9b40b336d16880275.png', FALSE),
    ('Ảnh 5', 538, 'https://product.hstatic.net/200000722513/product/vn-portable-ssd-t5-evo-mu-ph4t0s_8f8dcc7c3de548cdb2651dfefb215f70.png', FALSE),
    ('Ảnh 6', 538, 'https://product.hstatic.net/200000722513/product/vn-portable-ssd-t5-evo-mu-ph4t0s_6b77fe2f68fd4115a65acbab2d542ad8.png', FALSE),
    ('Ảnh 7', 538, 'https://product.hstatic.net/200000722513/product/vn-portable-ssd-t5-evo-mu-ph4t0s__1__810212d5880342e8bb0ca7e89be72791.png', FALSE),
    ('Ảnh 8', 538, 'https://product.hstatic.net/200000722513/product/vn-portable-ssd-t5-evo-mu-ph4t0s__3__5144bfec62ec49f3870ca53d2662b509.png', FALSE),
    ('Ảnh 9', 538, 'https://product.hstatic.net/200000722513/product/vn-portable-ssd-t5-evo-mu-ph4t0s__4__43fce2983a94479ea2024293195b9a0d.png', FALSE),
    ('Ảnh 10', 538, 'https://product.hstatic.net/200000722513/product/vn-portable-ssd-t5-evo-mu-ph4t0s__5__f5514049908745b29835b724b007cd5e.png', FALSE),
    ('Ảnh 11', 538, 'https://product.hstatic.net/200000722513/product/vn-portable-ssd-t5-evo-mu-ph4t0s__6__8dacd892f8874a28af8d575d9773b3f4.png', FALSE),
    ('Ảnh 12', 538, 'https://product.hstatic.net/200000722513/product/vn-portable-ssd-t5-evo-mu-ph4t0s__7__b54a151fc78445cf848cecf02a65a33a.png', FALSE),
    ('Ảnh 13', 538, 'https://product.hstatic.net/200000722513/product/vn-portable-ssd-t5-evo-mu-ph2t0s__1__03df5f0bdc404b0d818fda22b8fdb981.png', FALSE);
---
INSERT INTO product (name, seo_name, brand_id, specifications, description, created_by, image_url) 
    VALUES (
        'Ổ cứng di dộng SSD SamSung T5 EVO 4TB, USB 3.2 Gen 1, Đen (MU-PH4T0S/WW)', 'o-cung-di-dong-ssd-samsung-t5-evo-4tb-mu-ph4t0s-ww', 16,
        '{"Thương hiệu": "Samsung", "Tên sản phẩm": "Ổ cứng di động SamSung T5 EVO 4TB, USB 3.2 Gen1", "Bảo hành": "36 Tháng", "Giao thức kết nối": "USB 3.2 Gen 1 (5 Gbps)", "Dung lượng": "4TB", "Kích thước": "40 x 95 x 17 mm", "Trọng lượng": "102g", "Tốc độ": "Đọc: Lên đến 460 MB/sGhi:&nbsp;Lên đến 460 MB/s"}',
        'Bạn đang tìm kiếm một giải pháp lưu trữ di động mạnh mẽ, đáng tin cậy và siêu nhanh cho mọi dữ liệu quý giá của mình? Hãy khám phá Ổ cứng di động SSD Samsung T5 EVO 4TB, chiếc ổ cứng được thiết kế để vượt qua mọi giới hạn về không gian và tốc độ!\n\nVới dung lượng khổng lồ 4TB, T5 EVO mang đến không gian lưu trữ gần như vô tận cho hàng ngàn bức ảnh RAW, video 4K sắc nét, bộ sưu tập game đồ sộ, hay toàn bộ tài liệu công việc quan trọng của bạn. Không còn lo lắng về việc hết dung lượng hay phải xóa bớt những kỷ niệm đáng giá.\n\nSức mạnh thực sự của T5 EVO nằm ở công nghệ SSD tiên tiến. Tạm biệt thời gian chờ đợi! Với giao tiếp USB 3.2 Gen 1 (tương thích ngược với USB 3.0 và USB 2.0), ổ cứng này mang lại tốc độ truyền dữ liệu cực nhanh, cho phép bạn sao lưu, chỉnh sửa và truy cập các tệp lớn chỉ trong tích tắc. Trải nghiệm hiệu suất mượt mà, không gián đoạn, lý tưởng cho các nhà sáng tạo nội dung, game thủ và những người làm việc với dữ liệu nặng.\n\nThiết kế nhỏ gọn, trọng lượng nhẹ và lớp vỏ màu đen sang trọng không chỉ giúp T5 EVO dễ dàng nằm gọn trong lòng bàn tay hay túi xách của bạn mà còn mang lại sự bền bỉ đáng kinh ngạc. Khác với ổ cứng HDD truyền thống, SSD không có bộ phận chuyển động, giúp nó chống sốc tốt hơn, bảo vệ dữ liệu của bạn an toàn ngay cả khi bị va đập nhẹ.\n\nDù bạn đang sử dụng PC, Mac, thiết bị Android hay thậm chí là máy chơi game, T5 EVO đều sẵn sàng hoạt động ngay lập tức với khả năng tương thích rộng rãi. Chỉ cần cắm vào và trải nghiệm sự tiện lợi vượt trội.\n\nỔ cứng di động SSD Samsung T5 EVO 4TB không chỉ là một thiết bị lưu trữ, mà còn là người bạn đồng hành tin cậy, giúp bạn mang theo cả thế giới kỹ thuật số của mình mọi lúc mọi nơi, với tốc độ chóng mặt và độ bền vượt trội. Nâng tầm trải nghiệm lưu trữ của bạn ngay hôm nay!',
        1, 'https://product.hstatic.net/200000722513/product/vn-portable-ssd-t5-evo-mu-ph4t0s__8__cc6c6005fe5a41f791b56ee8cf676c8a.png'
    );
INSERT INTO product_category (product_id, category_id) VALUES (539, 36);
INSERT INTO product_variant (
        product_id, name, seo_name, supplier_id, price, price_sale, quantity, sku, model, barcode, 
        specifications, description, warranty, image_url, release_at, created_by)
        VALUES ( 539, 'Ổ cứng di dộng SSD SamSung T5 EVO 4TB, USB 3.2 Gen 1, Đen (MU-PH4T0S/WW)', 'o-cung-di-dong-ssd-samsung-t5-evo-4tb-mu-ph4t0s-ww',
            1, 0, 5990000, 10, 'SSD-SS-T5-EVO-4TB-BLA-MU-PH4T0S-WW',
            'SSD-SS-T5-EVO-4TB-BLA-MU-PH4T0S-WW', 'SSD-SS-T5-EVO-4TB-BLA-MU-PH4T0S-WW',
            '{"Thương hiệu": "Samsung", "Tên sản phẩm": "Ổ cứng di động SamSung T5 EVO 4TB, USB 3.2 Gen1", "Bảo hành": "36 Tháng", "Giao thức kết nối": "USB 3.2 Gen 1 (5 Gbps)", "Dung lượng": "4TB", "Kích thước": "40 x 95 x 17 mm", "Trọng lượng": "102g", "Tốc độ": "Đọc: Lên đến 460 MB/sGhi:&nbsp;Lên đến 460 MB/s"}',
            'Bạn đang tìm kiếm một giải pháp lưu trữ di động mạnh mẽ, đáng tin cậy và siêu nhanh cho mọi dữ liệu quý giá của mình? Hãy khám phá Ổ cứng di động SSD Samsung T5 EVO 4TB, chiếc ổ cứng được thiết kế để vượt qua mọi giới hạn về không gian và tốc độ!\n\nVới dung lượng khổng lồ 4TB, T5 EVO mang đến không gian lưu trữ gần như vô tận cho hàng ngàn bức ảnh RAW, video 4K sắc nét, bộ sưu tập game đồ sộ, hay toàn bộ tài liệu công việc quan trọng của bạn. Không còn lo lắng về việc hết dung lượng hay phải xóa bớt những kỷ niệm đáng giá.\n\nSức mạnh thực sự của T5 EVO nằm ở công nghệ SSD tiên tiến. Tạm biệt thời gian chờ đợi! Với giao tiếp USB 3.2 Gen 1 (tương thích ngược với USB 3.0 và USB 2.0), ổ cứng này mang lại tốc độ truyền dữ liệu cực nhanh, cho phép bạn sao lưu, chỉnh sửa và truy cập các tệp lớn chỉ trong tích tắc. Trải nghiệm hiệu suất mượt mà, không gián đoạn, lý tưởng cho các nhà sáng tạo nội dung, game thủ và những người làm việc với dữ liệu nặng.\n\nThiết kế nhỏ gọn, trọng lượng nhẹ và lớp vỏ màu đen sang trọng không chỉ giúp T5 EVO dễ dàng nằm gọn trong lòng bàn tay hay túi xách của bạn mà còn mang lại sự bền bỉ đáng kinh ngạc. Khác với ổ cứng HDD truyền thống, SSD không có bộ phận chuyển động, giúp nó chống sốc tốt hơn, bảo vệ dữ liệu của bạn an toàn ngay cả khi bị va đập nhẹ.\n\nDù bạn đang sử dụng PC, Mac, thiết bị Android hay thậm chí là máy chơi game, T5 EVO đều sẵn sàng hoạt động ngay lập tức với khả năng tương thích rộng rãi. Chỉ cần cắm vào và trải nghiệm sự tiện lợi vượt trội.\n\nỔ cứng di động SSD Samsung T5 EVO 4TB không chỉ là một thiết bị lưu trữ, mà còn là người bạn đồng hành tin cậy, giúp bạn mang theo cả thế giới kỹ thuật số của mình mọi lúc mọi nơi, với tốc độ chóng mặt và độ bền vượt trội. Nâng tầm trải nghiệm lưu trữ của bạn ngay hôm nay!',
            36, 'https://product.hstatic.net/200000722513/product/vn-portable-ssd-t5-evo-mu-ph4t0s__8__cc6c6005fe5a41f791b56ee8cf676c8a.png', '2024-09-10T03:28:13+00:00',1);
        
INSERT INTO product_image (name, product_variant_id, image_url, is_main)
VALUES
    ('Ảnh 1', 539, 'https://product.hstatic.net/200000722513/product/vn-portable-ssd-t5-evo-mu-ph4t0s__8__cc6c6005fe5a41f791b56ee8cf676c8a.png', TRUE),
    ('Ảnh 2', 539, 'https://product.hstatic.net/200000722513/product/vn-portable-ssd-t5-evo-mu-ph4t0s__10__398208620c2b4f368171a79e014229de.png', FALSE),
    ('Ảnh 3', 539, 'https://product.hstatic.net/200000722513/product/vn-portable-ssd-t5-evo-mu-ph4t0s__11__fde6b4f1aa724b94bd05d5310a4cc3b1.png', FALSE),
    ('Ảnh 4', 539, 'https://product.hstatic.net/200000722513/product/vn-portable-ssd-t5-evo-mu-ph4t0s__12__cb6d3ca311434a78b191d1e7f496d7ec.png', FALSE),
    ('Ảnh 5', 539, 'https://product.hstatic.net/200000722513/product/vn-portable-ssd-t5-evo-mu-ph4t0s_5283b4bad20e4c86878df9cd3a9e600f.png', FALSE),
    ('Ảnh 6', 539, 'https://product.hstatic.net/200000722513/product/vn-portable-ssd-t5-evo-mu-ph4t0s_9040b2276da54b1990754525c4eadf61.png', FALSE),
    ('Ảnh 7', 539, 'https://product.hstatic.net/200000722513/product/vn-portable-ssd-t5-evo-mu-ph4t0s__1__b9f00e01716a41deb7f256c75e64f846.png', FALSE),
    ('Ảnh 8', 539, 'https://product.hstatic.net/200000722513/product/vn-portable-ssd-t5-evo-mu-ph4t0s__2__8969b41f7dcc4281ab9006a4466ecd3e.png', FALSE),
    ('Ảnh 9', 539, 'https://product.hstatic.net/200000722513/product/vn-portable-ssd-t5-evo-mu-ph4t0s__3__0fdf12be61c544c585ef3c0355d3f8ef.png', FALSE),
    ('Ảnh 10', 539, 'https://product.hstatic.net/200000722513/product/vn-portable-ssd-t5-evo-mu-ph4t0s__4__615bb1eac7d0414fa0e0f125dd35b7e4.png', FALSE),
    ('Ảnh 11', 539, 'https://product.hstatic.net/200000722513/product/vn-portable-ssd-t5-evo-mu-ph4t0s__5__3b04c9a03320438e9cfe7367666235b5.png', FALSE),
    ('Ảnh 12', 539, 'https://product.hstatic.net/200000722513/product/vn-portable-ssd-t5-evo-mu-ph4t0s__6__e98945b47f3e4b2c9752abf32dd7dc50.png', FALSE),
    ('Ảnh 13', 539, 'https://product.hstatic.net/200000722513/product/vn-portable-ssd-t5-evo-mu-ph4t0s__9__456124f74aa349218af3c33b890475b7.png', FALSE);
---
INSERT INTO product (name, seo_name, brand_id, specifications, description, created_by, image_url) 
    VALUES (
        'Ổ cứng di dộng SSD SamSung T7 Portable 1TB, 2.5 inch, USB TypeC 3.2, Xám (MU-PC1T0T/WW)', 'o-cung-di-dong-ssd-samsung-t7-portable-1tb-mu-pc1t0t-ww', 16,
        '{"Thương hiệu": "Samsung", "Tên sản phẩm": "Ổ cứng di động SSD T7 USB 3.2 Gen 2 1TB", "Bảo hành": "36 Tháng", "Giao thức kết nối": "USB 3.2 Gen.2 (10Gbps)", "Dung lượng": "1TB", "Kích thước": "85 x 57 x 8 mm", "Trọng lượng": "58g", "Tốc độ": "Đọc: Lên tới 1.050MB/s *Ghi:&nbsp;Lên tới 1.000MB/s **Hiệu suất có thể thay đổi tùy vào môi trường hệ thống ngay cả với giao diện USB 3.2 với hỗ trợ UASP)"}',
        'Khám phá đỉnh cao của hiệu suất và tính di động với Ổ cứng di động SSD Samsung T7 Portable 1TB (MU-PC1T0T/WW) màu Xám thanh lịch. Được thiết kế dành cho những người dùng yêu cầu tốc độ vượt trội, độ bền bỉ đáng kinh ngạc và khả năng bảo mật tối ưu, T7 chính là giải pháp lưu trữ hoàn hảo cho mọi nhu cầu của bạn.\n\nVới công nghệ SSD tiên tiến và giao diện USB Type-C 3.2 Gen 2 siêu tốc, ổ cứng T7 mang đến tốc độ đọc/ghi dữ liệu ấn tượng lên đến 1.050 MB/s và 1.000 MB/s tương ứng. Điều này có nghĩa là bạn có thể di chuyển các tập tin lớn, video 4K hay các dự án phức tạp chỉ trong tích tắc, tiết kiệm thời gian quý báu cho công việc và giải trí.\n\nDung lượng 1TB rộng rãi cho phép bạn lưu trữ hàng ngàn bức ảnh, video, tài liệu và các ứng dụng quan trọng mà không cần lo lắng về không gian. Với kích thước cực kỳ nhỏ gọn, nhẹ như một chiếc thẻ tín dụng và trọng lượng chỉ khoảng 58 gram, T7 dễ dàng nằm gọn trong lòng bàn tay hoặc túi áo, biến nó thành người bạn đồng hành lý tưởng cho mọi chuyến đi.\n\nSamsung T7 không chỉ nhanh mà còn cực kỳ bền bỉ. Vỏ kim loại nguyên khối chắc chắn cùng thiết kế không có bộ phận chuyển động giúp nó chịu được va đập từ độ cao lên tới 2 mét, bảo vệ dữ liệu quý giá của bạn khỏi những rủi ro không mong muốn. Thêm vào đó, tính năng bảo mật bằng mật khẩu với mã hóa phần cứng AES 256-bit đảm bảo rằng mọi thông tin cá nhân và dữ liệu nhạy cảm của bạn luôn được an toàn tuyệt đối.\n\nTương thích rộng rãi với máy tính cá nhân (PC), Mac, thiết bị Android và cả các máy chơi game, Samsung T7 Portable SSD 1TB là lựa chọn lý tưởng cho các nhiếp ảnh gia, nhà quay phim, sinh viên hay bất kỳ ai cần một giải pháp lưu trữ nhanh chóng, an toàn và cực kỳ tiện lợi trên mọi hành trình.',
        1, 'https://product.hstatic.net/200000722513/product/vn-portable-ssd-t7-mu-pc1t0t-ww__7__6ee3aeca2a4a4ff29da97a9c8e25cd7f.png'
    );
INSERT INTO product_category (product_id, category_id) VALUES (540, 36);
INSERT INTO product_variant (
        product_id, name, seo_name, supplier_id, price, price_sale, quantity, sku, model, barcode, 
        specifications, description, warranty, image_url, release_at, created_by)
        VALUES ( 540, 'Ổ cứng di dộng SSD SamSung T7 Portable 1TB, 2.5 inch, USB TypeC 3.2, Xám (MU-PC1T0T/WW)', 'o-cung-di-dong-ssd-samsung-t7-portable-1tb-mu-pc1t0t-ww',
            1, 3490000, 2990000, 10, 'SSD-SS-T7-POR-1TB-GREY-MU-PC1T0T-WW',
            'SSD-SS-T7-POR-1TB-GREY-MU-PC1T0T-WW', 'SSD-SS-T7-POR-1TB-GREY-MU-PC1T0T-WW',
            '{"Thương hiệu": "Samsung", "Tên sản phẩm": "Ổ cứng di động SSD T7 USB 3.2 Gen 2 1TB", "Bảo hành": "36 Tháng", "Giao thức kết nối": "USB 3.2 Gen.2 (10Gbps)", "Dung lượng": "1TB", "Kích thước": "85 x 57 x 8 mm", "Trọng lượng": "58g", "Tốc độ": "Đọc: Lên tới 1.050MB/s *Ghi:&nbsp;Lên tới 1.000MB/s **Hiệu suất có thể thay đổi tùy vào môi trường hệ thống ngay cả với giao diện USB 3.2 với hỗ trợ UASP)"}',
            'Khám phá đỉnh cao của hiệu suất và tính di động với Ổ cứng di động SSD Samsung T7 Portable 1TB (MU-PC1T0T/WW) màu Xám thanh lịch. Được thiết kế dành cho những người dùng yêu cầu tốc độ vượt trội, độ bền bỉ đáng kinh ngạc và khả năng bảo mật tối ưu, T7 chính là giải pháp lưu trữ hoàn hảo cho mọi nhu cầu của bạn.\n\nVới công nghệ SSD tiên tiến và giao diện USB Type-C 3.2 Gen 2 siêu tốc, ổ cứng T7 mang đến tốc độ đọc/ghi dữ liệu ấn tượng lên đến 1.050 MB/s và 1.000 MB/s tương ứng. Điều này có nghĩa là bạn có thể di chuyển các tập tin lớn, video 4K hay các dự án phức tạp chỉ trong tích tắc, tiết kiệm thời gian quý báu cho công việc và giải trí.\n\nDung lượng 1TB rộng rãi cho phép bạn lưu trữ hàng ngàn bức ảnh, video, tài liệu và các ứng dụng quan trọng mà không cần lo lắng về không gian. Với kích thước cực kỳ nhỏ gọn, nhẹ như một chiếc thẻ tín dụng và trọng lượng chỉ khoảng 58 gram, T7 dễ dàng nằm gọn trong lòng bàn tay hoặc túi áo, biến nó thành người bạn đồng hành lý tưởng cho mọi chuyến đi.\n\nSamsung T7 không chỉ nhanh mà còn cực kỳ bền bỉ. Vỏ kim loại nguyên khối chắc chắn cùng thiết kế không có bộ phận chuyển động giúp nó chịu được va đập từ độ cao lên tới 2 mét, bảo vệ dữ liệu quý giá của bạn khỏi những rủi ro không mong muốn. Thêm vào đó, tính năng bảo mật bằng mật khẩu với mã hóa phần cứng AES 256-bit đảm bảo rằng mọi thông tin cá nhân và dữ liệu nhạy cảm của bạn luôn được an toàn tuyệt đối.\n\nTương thích rộng rãi với máy tính cá nhân (PC), Mac, thiết bị Android và cả các máy chơi game, Samsung T7 Portable SSD 1TB là lựa chọn lý tưởng cho các nhiếp ảnh gia, nhà quay phim, sinh viên hay bất kỳ ai cần một giải pháp lưu trữ nhanh chóng, an toàn và cực kỳ tiện lợi trên mọi hành trình.',
            36, 'https://product.hstatic.net/200000722513/product/vn-portable-ssd-t7-mu-pc1t0t-ww__7__6ee3aeca2a4a4ff29da97a9c8e25cd7f.png', '2024-07-09T06:51:03+00:00',1);
        
INSERT INTO product_image (name, product_variant_id, image_url, is_main)
VALUES
    ('Ảnh 1', 540, 'https://product.hstatic.net/200000722513/product/vn-portable-ssd-t7-mu-pc1t0t-ww__7__6ee3aeca2a4a4ff29da97a9c8e25cd7f.png', TRUE),
    ('Ảnh 2', 540, 'https://product.hstatic.net/200000722513/product/vn-portable-ssd-t7-mu-pc1t0t-ww__9__f17188ec545e4bf39b0a179c3e3802e2.png', FALSE),
    ('Ảnh 3', 540, 'https://product.hstatic.net/200000722513/product/vn-portable-ssd-t7-mu-pc1t0t-ww__10__5e3460c58a87469e97a8dea1439cb955.png', FALSE),
    ('Ảnh 4', 540, 'https://product.hstatic.net/200000722513/product/vn-portable-ssd-t7-mu-pc1t0t-ww__8__7d4a5b11fb6e4d16928b0428adcd9806.png', FALSE),
    ('Ảnh 5', 540, 'https://product.hstatic.net/200000722513/product/vn-portable-ssd-t7-mu-pc1t0t-ww__11__9407e0352fe143fbb381efe83be7d1c4.png', FALSE),
    ('Ảnh 6', 540, 'https://product.hstatic.net/200000722513/product/vn-portable-ssd-t7-mu-pc1t0t-ww_2f1b7b0ed11e4ba0852a52f861011d96.png', FALSE),
    ('Ảnh 7', 540, 'https://product.hstatic.net/200000722513/product/vn-portable-ssd-t7-mu-pc1t0t-ww__1__f489ec7b07e142e498c55148aceb0b3e.png', FALSE),
    ('Ảnh 8', 540, 'https://product.hstatic.net/200000722513/product/vn-portable-ssd-t7-mu-pc1t0t-ww__2__2daa8f2652b4447a9c81daa3b37b536f.png', FALSE),
    ('Ảnh 9', 540, 'https://product.hstatic.net/200000722513/product/vn-portable-ssd-t7-mu-pc1t0t-ww__3__c8516f8ae0e24ed8a53ddb54d600b633.png', FALSE),
    ('Ảnh 10', 540, 'https://product.hstatic.net/200000722513/product/vn-portable-ssd-t7-mu-pc1t0t-ww__4__861f7362c78348268cae624035ad57e2.png', FALSE),
    ('Ảnh 11', 540, 'https://product.hstatic.net/200000722513/product/vn-portable-ssd-t7-mu-pc1t0t-ww__5__cfac5f95d7464db8b734be83385efb73.png', FALSE),
    ('Ảnh 12', 540, 'https://product.hstatic.net/200000722513/product/vn-portable-ssd-t7-mu-pc1t0t-ww__6__94b0d67f352c4e1181eb39b770b856f8.png', FALSE);
---
INSERT INTO product (name, seo_name, brand_id, specifications, description, created_by, image_url) 
    VALUES (
        'Ổ cứng di dộng SSD SamSung T7 Portable 500GB, 2.5 inch, USB TypeC 3.2, Xanh (MU-PC500H/WW)', 'o-cung-di-dong-ssd-samsung-t7-portable-500gb-mu-pc500h-ww', 16,
        '{"Thương hiệu": "Samsung", "Tên sản phẩm": "Ổ cứng di động SSD T7 USB 3.2 Gen 2 500GB", "Bảo hành": "36 Tháng", "Giao thức kết nối": "USB 3.2 Gen.2 (10Gbps)", "Dung lượng": "500GB", "Kích thước": "85 x 57 x 8 mm", "Trọng lượng": "58g", "Tốc độ": "Đọc: Lên tới 1.050MB/s *Ghi:&nbsp;Lên tới 1.000MB/s **Hiệu suất có thể thay đổi tùy vào môi trường hệ thống ngay cả với giao diện USB 3.2 với hỗ trợ UASP)"}',
        'Khám phá sức mạnh và sự tiện lợi tối ưu với Ổ cứng di động SSD Samsung T7 Portable 500GB màu Xanh (MU-PC500H/WW) – giải pháp lưu trữ lý tưởng cho mọi nhu cầu di chuyển của bạn. Được thiết kế để đáp ứng tốc độ và độ bền vượt trội, T7 không chỉ là một thiết bị lưu trữ, mà còn là người bạn đồng hành đáng tin cậy cho dữ liệu quý giá của bạn.\n\nVới công nghệ SSD tiên tiến, Samsung T7 mang lại tốc độ truyền dữ liệu đáng kinh ngạc: lên đến 1.050 MB/s cho tốc độ đọc và 1.000 MB/s cho tốc độ ghi. Điều này có nghĩa là bạn có thể di chuyển các tệp tin lớn, video 4K hay ảnh RAW dung lượng cao chỉ trong tích tắc, tiết kiệm thời gian quý báu của mình cho công việc hoặc giải trí.\n\nDung lượng 500GB là không gian hoàn hảo để bạn lưu trữ hàng ngàn tài liệu, ảnh, video và ứng dụng mà không cần lo lắng về việc hết chỗ. Kết nối USB Type-C 3.2 Gen 2 đảm bảo khả năng tương thích rộng rãi với PC, Mac, thiết bị Android, máy chơi game và hơn thế nữa, đồng thời tối ưu hóa hiệu suất truyền dữ liệu một cách hiệu quả nhất.\n\nT7 nổi bật với thiết kế siêu nhỏ gọn, chỉ bằng một chiếc thẻ tín dụng và cực kỳ mỏng nhẹ, dễ dàng nằm gọn trong túi áo hoặc túi xách. Vỏ nhôm nguyên khối bền bỉ, tông màu Xanh trẻ trung, sang trọng không chỉ chống sốc hiệu quả khi rơi từ độ cao lên đến 2 mét, mà còn tản nhiệt tối ưu, giữ cho ổ đĩa hoạt động ổn định và bền bỉ theo thời gian.\n\nBảo mật dữ liệu của bạn là ưu tiên hàng đầu. Samsung T7 được trang bị tính năng bảo mật bằng mật khẩu với mã hóa phần cứng AES 256-bit, giúp bảo vệ thông tin cá nhân và dữ liệu quan trọng của bạn khỏi những truy cập trái phép, mang lại sự an tâm tuyệt đối.\n\nDù bạn là một nhiếp ảnh gia, nhà quay phim chuyên nghiệp, sinh viên cần mang theo tài liệu, hay đơn giản chỉ cần một giải pháp lưu trữ nhanh chóng và an toàn, Samsung T7 Portable 500GB màu Xanh chính là lựa chọn hoàn hảo. Nâng tầm trải nghiệm lưu trữ của bạn ngay hôm nay với sự kết hợp hoàn hảo giữa hiệu năng, độ bền và phong cách!',
        1, 'https://product.hstatic.net/200000722513/product/vn-portable-ssd-t7-mu-pc500h-ww__7__98d79726fa7c45b5a0cfd5cb0a39700a.png'
    );
INSERT INTO product_category (product_id, category_id) VALUES (541, 36);
INSERT INTO product_variant (
        product_id, name, seo_name, supplier_id, price, price_sale, quantity, sku, model, barcode, 
        specifications, description, warranty, image_url, release_at, created_by)
        VALUES ( 541, 'Ổ cứng di dộng SSD SamSung T7 Portable 500GB, 2.5 inch, USB TypeC 3.2, Xanh (MU-PC500H/WW)', 'o-cung-di-dong-ssd-samsung-t7-portable-500gb-mu-pc500h-ww',
            1, 0, 2190000, 10, 'SSD-SS-T7-POR-500GB-BLU-MU-PC500H-WW',
            'SSD-SS-T7-POR-500GB-BLU-MU-PC500H-WW', 'SSD-SS-T7-POR-500GB-BLU-MU-PC500H-WW',
            '{"Thương hiệu": "Samsung", "Tên sản phẩm": "Ổ cứng di động SSD T7 USB 3.2 Gen 2 500GB", "Bảo hành": "36 Tháng", "Giao thức kết nối": "USB 3.2 Gen.2 (10Gbps)", "Dung lượng": "500GB", "Kích thước": "85 x 57 x 8 mm", "Trọng lượng": "58g", "Tốc độ": "Đọc: Lên tới 1.050MB/s *Ghi:&nbsp;Lên tới 1.000MB/s **Hiệu suất có thể thay đổi tùy vào môi trường hệ thống ngay cả với giao diện USB 3.2 với hỗ trợ UASP)"}',
            'Khám phá sức mạnh và sự tiện lợi tối ưu với Ổ cứng di động SSD Samsung T7 Portable 500GB màu Xanh (MU-PC500H/WW) – giải pháp lưu trữ lý tưởng cho mọi nhu cầu di chuyển của bạn. Được thiết kế để đáp ứng tốc độ và độ bền vượt trội, T7 không chỉ là một thiết bị lưu trữ, mà còn là người bạn đồng hành đáng tin cậy cho dữ liệu quý giá của bạn.\n\nVới công nghệ SSD tiên tiến, Samsung T7 mang lại tốc độ truyền dữ liệu đáng kinh ngạc: lên đến 1.050 MB/s cho tốc độ đọc và 1.000 MB/s cho tốc độ ghi. Điều này có nghĩa là bạn có thể di chuyển các tệp tin lớn, video 4K hay ảnh RAW dung lượng cao chỉ trong tích tắc, tiết kiệm thời gian quý báu của mình cho công việc hoặc giải trí.\n\nDung lượng 500GB là không gian hoàn hảo để bạn lưu trữ hàng ngàn tài liệu, ảnh, video và ứng dụng mà không cần lo lắng về việc hết chỗ. Kết nối USB Type-C 3.2 Gen 2 đảm bảo khả năng tương thích rộng rãi với PC, Mac, thiết bị Android, máy chơi game và hơn thế nữa, đồng thời tối ưu hóa hiệu suất truyền dữ liệu một cách hiệu quả nhất.\n\nT7 nổi bật với thiết kế siêu nhỏ gọn, chỉ bằng một chiếc thẻ tín dụng và cực kỳ mỏng nhẹ, dễ dàng nằm gọn trong túi áo hoặc túi xách. Vỏ nhôm nguyên khối bền bỉ, tông màu Xanh trẻ trung, sang trọng không chỉ chống sốc hiệu quả khi rơi từ độ cao lên đến 2 mét, mà còn tản nhiệt tối ưu, giữ cho ổ đĩa hoạt động ổn định và bền bỉ theo thời gian.\n\nBảo mật dữ liệu của bạn là ưu tiên hàng đầu. Samsung T7 được trang bị tính năng bảo mật bằng mật khẩu với mã hóa phần cứng AES 256-bit, giúp bảo vệ thông tin cá nhân và dữ liệu quan trọng của bạn khỏi những truy cập trái phép, mang lại sự an tâm tuyệt đối.\n\nDù bạn là một nhiếp ảnh gia, nhà quay phim chuyên nghiệp, sinh viên cần mang theo tài liệu, hay đơn giản chỉ cần một giải pháp lưu trữ nhanh chóng và an toàn, Samsung T7 Portable 500GB màu Xanh chính là lựa chọn hoàn hảo. Nâng tầm trải nghiệm lưu trữ của bạn ngay hôm nay với sự kết hợp hoàn hảo giữa hiệu năng, độ bền và phong cách!',
            36, 'https://product.hstatic.net/200000722513/product/vn-portable-ssd-t7-mu-pc500h-ww__7__98d79726fa7c45b5a0cfd5cb0a39700a.png', '2024-07-09T06:43:09+00:00',1);
        
INSERT INTO product_image (name, product_variant_id, image_url, is_main)
VALUES
    ('Ảnh 1', 541, 'https://product.hstatic.net/200000722513/product/vn-portable-ssd-t7-mu-pc500h-ww__7__98d79726fa7c45b5a0cfd5cb0a39700a.png', TRUE),
    ('Ảnh 2', 541, 'https://product.hstatic.net/200000722513/product/vn-portable-ssd-t7-mu-pc500h-ww__9__f8f0f88ffc224a7697d7188a4904e77e.png', FALSE),
    ('Ảnh 3', 541, 'https://product.hstatic.net/200000722513/product/vn-portable-ssd-t7-mu-pc500h-ww__10__fb93c47836424fdb9c13fd304979f22f.png', FALSE),
    ('Ảnh 4', 541, 'https://product.hstatic.net/200000722513/product/vn-portable-ssd-t7-mu-pc500h-ww__8__ad173af9758b412393b1b14bdb77f098.png', FALSE),
    ('Ảnh 5', 541, 'https://product.hstatic.net/200000722513/product/vn-portable-ssd-t7-mu-pc500h-ww__11__7998480c7a3941df813dbab625460bff.png', FALSE),
    ('Ảnh 6', 541, 'https://product.hstatic.net/200000722513/product/vn-portable-ssd-t7-mu-pc500h-ww_3a19414db0d348fa907dd5deb43f7613.png', FALSE),
    ('Ảnh 7', 541, 'https://product.hstatic.net/200000722513/product/vn-portable-ssd-t7-mu-pc500h-ww__1__6b6d7237a7dd46c0adfc4c46e3e5deaa.png', FALSE),
    ('Ảnh 8', 541, 'https://product.hstatic.net/200000722513/product/vn-portable-ssd-t7-mu-pc500h-ww__2__691715bc35284dc7b51ee6d083d0d6f7.png', FALSE),
    ('Ảnh 9', 541, 'https://product.hstatic.net/200000722513/product/vn-portable-ssd-t7-mu-pc500h-ww__3__0a93eaef7bbb48fea49921d4f2dcb3be.png', FALSE),
    ('Ảnh 10', 541, 'https://product.hstatic.net/200000722513/product/vn-portable-ssd-t7-mu-pc500h-ww__4__ee4a16d65bb94c388b23c504511cc112.png', FALSE),
    ('Ảnh 11', 541, 'https://product.hstatic.net/200000722513/product/vn-portable-ssd-t7-mu-pc500h-ww__5__e746b8bc23bf46479964d985a88f692b.png', FALSE),
    ('Ảnh 12', 541, 'https://product.hstatic.net/200000722513/product/vn-portable-ssd-t7-mu-pc500h-ww__6__0bd18bd4fd2e4ecdb108cf552d0f16a7.png', FALSE);
---
INSERT INTO product (name, seo_name, brand_id, specifications, description, created_by, image_url) 
    VALUES (
        'Ổ cứng di dộng SSD SamSung T7 Portable SHIELD 1TB, 2.5 inch, USB TypeC 3.2, Đen (MU-PE1T0S/WW)', 'o-cung-di-dong-ssd-samsung-t7-portable-shield-1tb-mu-pe1t0s-ww', 16,
        '{"Thương hiệu": "Samsung", "Tên sản phẩm": "Ổ cứng di động SSD T7 Shield USB 3.2 Gen 2 1TB", "Bảo hành": "36 Tháng", "Giao thức kết nối": "USB 3.2 Gen.2 (10Gbps)", "Dung lượng": "1TB", "Kích thước": "59 x 88 x 13mm", "Trọng lượng": "98g", "Tốc độ": "Đọc: Lên tới 1.050MB/s *Ghi:&nbsp;Lên tới 1.000MB/s **Hiệu suất có thể thay đổi tùy vào môi trường hệ thống ngay cả với giao diện USB 3.2 với hỗ trợ UASP)"}',
        'Khám phá sức mạnh và sự bền bỉ vượt trội cùng Ổ cứng di động SSD Samsung T7 Portable SHIELD 1TB (MU-PE1T0S/WW) màu đen – giải pháp lưu trữ hoàn hảo dành cho những ai đòi hỏi tốc độ, an toàn và độ tin cậy tối đa.\n\nVới dung lượng 1TB rộng rãi, T7 Portable SHIELD cung cấp không gian lưu trữ khổng lồ cho mọi nhu cầu: từ bộ sưu tập ảnh và video 4K/8K chất lượng cao, các dự án đồ họa chuyên nghiệp, đến thư viện game đồ sộ. Mọi dữ liệu quý giá của bạn sẽ được cất giữ an toàn trong một thiết bị nhỏ gọn nhưng đầy uy lực.\n\nĐiểm nhấn làm nên tên tuổi \"SHIELD\" chính là khả năng bảo vệ dữ liệu chưa từng có. Được thiết kế để vượt qua mọi thử thách, ổ cứng này sở hữu vỏ ngoài cực kỳ bền bỉ, chống chịu va đập, rơi rớt từ độ cao lên đến 3 mét, và đạt chuẩn kháng nước, bụi IP65. Giờ đây, bạn có thể yên tâm mang theo dữ liệu của mình đến bất cứ đâu, từ công trường đến những chuyến phiêu lưu mạo hiểm, mà không lo lắng về các sự cố bất ngờ.\n\nVề hiệu năng, Samsung T7 Portable SHIELD đạt tốc độ đọc/ghi siêu tốc lên đến 1.050 MB/s và 1.000 MB/s tương ứng, nhờ vào giao tiếp USB 3.2 Gen 2 Type-C tiên tiến. Điều này có nghĩa là việc truyền tải các tệp tin lớn sẽ chỉ mất vài giây, giúp tối ưu hóa quy trình làm việc và giải trí của bạn. Công nghệ mã hóa phần cứng AES 256-bit cũng được tích hợp, đảm bảo an toàn tuyệt đối cho dữ liệu nhạy cảm của bạn khỏi sự truy cập trái phép.\n\nVới thiết kế siêu nhỏ gọn, chỉ bằng một chiếc thẻ tín dụng và trọng lượng nhẹ, T7 Portable SHIELD dễ dàng nằm gọn trong túi áo hoặc túi xách, sẵn sàng đồng hành cùng bạn mọi lúc mọi nơi. Khả năng tương thích đa dạng với PC, Mac, Android, và các hệ máy console qua cổng USB Type-C giúp nó trở thành trung tâm lưu trữ di động linh hoạt cho mọi thiết bị của bạn.\n\nChọn Samsung T7 Portable SHIELD 1TB (MU-PE1T0S/WW) để trải nghiệm sự kết hợp hoàn hảo giữa tốc độ bùng nổ, dung lượng lớn, và khả năng bảo vệ dữ liệu vững chắc – một lựa chọn không thể tuyệt vời hơn cho mọi nhu cầu lưu trữ di động cao cấp.',
        1, 'https://product.hstatic.net/200000722513/product/vn-portable-ssd-t7-shield-mu-pe1__7__fea7b917033e4d9d8f895f66fe341bdb.png'
    );
INSERT INTO product_category (product_id, category_id) VALUES (542, 36);
INSERT INTO product_variant (
        product_id, name, seo_name, supplier_id, price, price_sale, quantity, sku, model, barcode, 
        specifications, description, warranty, image_url, release_at, created_by)
        VALUES ( 542, 'Ổ cứng di dộng SSD SamSung T7 Portable SHIELD 1TB, 2.5 inch, USB TypeC 3.2, Đen (MU-PE1T0S/WW)', 'o-cung-di-dong-ssd-samsung-t7-portable-shield-1tb-mu-pe1t0s-ww',
            1, 4490000, 3250000, 10, 'SSD-SS-T7-POR-SHI-1TB-BLA-MU-PE1T0S-WW',
            'SSD-SS-T7-POR-SHI-1TB-BLA-MU-PE1T0S-WW', 'SSD-SS-T7-POR-SHI-1TB-BLA-MU-PE1T0S-WW',
            '{"Thương hiệu": "Samsung", "Tên sản phẩm": "Ổ cứng di động SSD T7 Shield USB 3.2 Gen 2 1TB", "Bảo hành": "36 Tháng", "Giao thức kết nối": "USB 3.2 Gen.2 (10Gbps)", "Dung lượng": "1TB", "Kích thước": "59 x 88 x 13mm", "Trọng lượng": "98g", "Tốc độ": "Đọc: Lên tới 1.050MB/s *Ghi:&nbsp;Lên tới 1.000MB/s **Hiệu suất có thể thay đổi tùy vào môi trường hệ thống ngay cả với giao diện USB 3.2 với hỗ trợ UASP)"}',
            'Khám phá sức mạnh và sự bền bỉ vượt trội cùng Ổ cứng di động SSD Samsung T7 Portable SHIELD 1TB (MU-PE1T0S/WW) màu đen – giải pháp lưu trữ hoàn hảo dành cho những ai đòi hỏi tốc độ, an toàn và độ tin cậy tối đa.\n\nVới dung lượng 1TB rộng rãi, T7 Portable SHIELD cung cấp không gian lưu trữ khổng lồ cho mọi nhu cầu: từ bộ sưu tập ảnh và video 4K/8K chất lượng cao, các dự án đồ họa chuyên nghiệp, đến thư viện game đồ sộ. Mọi dữ liệu quý giá của bạn sẽ được cất giữ an toàn trong một thiết bị nhỏ gọn nhưng đầy uy lực.\n\nĐiểm nhấn làm nên tên tuổi \"SHIELD\" chính là khả năng bảo vệ dữ liệu chưa từng có. Được thiết kế để vượt qua mọi thử thách, ổ cứng này sở hữu vỏ ngoài cực kỳ bền bỉ, chống chịu va đập, rơi rớt từ độ cao lên đến 3 mét, và đạt chuẩn kháng nước, bụi IP65. Giờ đây, bạn có thể yên tâm mang theo dữ liệu của mình đến bất cứ đâu, từ công trường đến những chuyến phiêu lưu mạo hiểm, mà không lo lắng về các sự cố bất ngờ.\n\nVề hiệu năng, Samsung T7 Portable SHIELD đạt tốc độ đọc/ghi siêu tốc lên đến 1.050 MB/s và 1.000 MB/s tương ứng, nhờ vào giao tiếp USB 3.2 Gen 2 Type-C tiên tiến. Điều này có nghĩa là việc truyền tải các tệp tin lớn sẽ chỉ mất vài giây, giúp tối ưu hóa quy trình làm việc và giải trí của bạn. Công nghệ mã hóa phần cứng AES 256-bit cũng được tích hợp, đảm bảo an toàn tuyệt đối cho dữ liệu nhạy cảm của bạn khỏi sự truy cập trái phép.\n\nVới thiết kế siêu nhỏ gọn, chỉ bằng một chiếc thẻ tín dụng và trọng lượng nhẹ, T7 Portable SHIELD dễ dàng nằm gọn trong túi áo hoặc túi xách, sẵn sàng đồng hành cùng bạn mọi lúc mọi nơi. Khả năng tương thích đa dạng với PC, Mac, Android, và các hệ máy console qua cổng USB Type-C giúp nó trở thành trung tâm lưu trữ di động linh hoạt cho mọi thiết bị của bạn.\n\nChọn Samsung T7 Portable SHIELD 1TB (MU-PE1T0S/WW) để trải nghiệm sự kết hợp hoàn hảo giữa tốc độ bùng nổ, dung lượng lớn, và khả năng bảo vệ dữ liệu vững chắc – một lựa chọn không thể tuyệt vời hơn cho mọi nhu cầu lưu trữ di động cao cấp.',
            36, 'https://product.hstatic.net/200000722513/product/vn-portable-ssd-t7-shield-mu-pe1__7__fea7b917033e4d9d8f895f66fe341bdb.png', '2024-07-09T07:20:43+00:00',1);
        
INSERT INTO product_image (name, product_variant_id, image_url, is_main)
VALUES
    ('Ảnh 1', 542, 'https://product.hstatic.net/200000722513/product/vn-portable-ssd-t7-shield-mu-pe1__7__fea7b917033e4d9d8f895f66fe341bdb.png', TRUE),
    ('Ảnh 2', 542, 'https://product.hstatic.net/200000722513/product/vn-portable-ssd-t7-shield-mu-pe1__9__0454f081e4334bb0ac1d12763bc3ffd1.png', FALSE),
    ('Ảnh 3', 542, 'https://product.hstatic.net/200000722513/product/vn-portable-ssd-t7-shield-mu-pe1__10__0cbbcbcbc7674c2eb15052d1c61170e8.png', FALSE),
    ('Ảnh 4', 542, 'https://product.hstatic.net/200000722513/product/vn-portable-ssd-t7-shield-mu-pe1__8__ec33f89d9c1849c8a3619f1762a0f09f.png', FALSE),
    ('Ảnh 5', 542, 'https://product.hstatic.net/200000722513/product/vn-portable-ssd-t7-shield-mu-pe1__11__c43a9cd707b24604b6fe6a9a01438b0a.png', FALSE),
    ('Ảnh 6', 542, 'https://product.hstatic.net/200000722513/product/vn-portable-ssd-t7-shield-mu-pe1_78c6663fe3914c61b03be060dd1c3cd4.png', FALSE),
    ('Ảnh 7', 542, 'https://product.hstatic.net/200000722513/product/vn-portable-ssd-t7-shield-mu-pe1__3__c50caddbc68a463793ffe44e16eb3f23.png', FALSE),
    ('Ảnh 8', 542, 'https://product.hstatic.net/200000722513/product/vn-portable-ssd-t7-shield-mu-pe1__1__ab54f738dd49494cb8f70a317ac9ca30.png', FALSE),
    ('Ảnh 9', 542, 'https://product.hstatic.net/200000722513/product/vn-portable-ssd-t7-shield-mu-pe1__2__e01924492b4e4e7988a345a10524d696.png', FALSE),
    ('Ảnh 10', 542, 'https://product.hstatic.net/200000722513/product/vn-portable-ssd-t7-shield-mu-pe1__6__7c036e4804754432befd52312b7c37f8.png', FALSE),
    ('Ảnh 11', 542, 'https://product.hstatic.net/200000722513/product/vn-portable-ssd-t7-shield-mu-pe1__4__ab9b5846e73a4127a8c5c2d66fe9b104.png', FALSE),
    ('Ảnh 12', 542, 'https://product.hstatic.net/200000722513/product/vn-portable-ssd-t7-shield-mu-pe1__5__d67f1c1990b244d1adbad8a37c40d3f9.png', FALSE);
---
INSERT INTO product (name, seo_name, brand_id, specifications, description, created_by, image_url) 
    VALUES (
        'Ổ cứng di dộng SSD SamSung T7 Portable SHIELD 2TB, 2.5 inch, USB TypeC 3.2, Đen (MU-PE2T0S/WW)', 'o-cung-di-dong-ssd-samsung-t7-portable-shield-2tb-mu-pe2t0s-ww', 16,
        '{"Thương hiệu": "Samsung", "Tên sản phẩm": "Ổ cứng di động SSD T7 Shield USB 3.2 Gen 2 2TB", "Bảo hành": "36 Tháng", "Giao thức kết nối": "USB 3.2 Gen.2 (10Gbps)", "Dung lượng": "2TB", "Kích thước": "59 x 88 x 13mm", "Trọng lượng": "98g", "Tốc độ": "Đọc: Lên tới 1.050MB/s *Ghi:&nbsp;Lên tới 1.000MB/s **Hiệu suất có thể thay đổi tùy vào môi trường hệ thống ngay cả với giao diện USB 3.2 với hỗ trợ UASP)"}',
        'Khám phá sức mạnh lưu trữ di động vượt trội với Ổ cứng di động SSD Samsung T7 Portable SHIELD 2TB, phiên bản MU-PE2T0S/WW màu đen lịch lãm. Được thiết kế dành riêng cho những ai yêu cầu sự bền bỉ tối đa, tốc độ vượt trội và dung lượng khổng lồ, T7 SHIELD là người bạn đồng hành hoàn hảo để bảo vệ dữ liệu quý giá của bạn trong mọi hoàn cảnh.\n\nVới dung lượng lên đến 2TB, bạn có thể thoải mái lưu trữ hàng ngàn tài liệu, hình ảnh chất lượng cao, video 4K/8K không nén và các dự án lớn mà không cần lo lắng về không gian. Tốc độ là yếu tố cốt lõi của T7 SHIELD: nhờ giao tiếp USB Type-C 3.2 Gen 2 (USB 3.2 Gen 2x1) và công nghệ NVMe tiên tiến, ổ cứng này mang lại tốc độ đọc/ghi ấn tượng lên đến 1.050 MB/s và 1.000 MB/s (tùy theo điều kiện), giúp bạn truyền tải file siêu nhanh chóng và hiệu quả, tiết kiệm thời gian đáng kể cho công việc hay giải trí.\n\nĐiểm nổi bật nhất của phiên bản SHIELD chính là độ bền bỉ đáng kinh ngạc. Vỏ ngoài được làm từ vật liệu elastomer siêu bền, giúp thiết bị chống sốc hiệu quả khi rơi từ độ cao lên đến 3 mét và đạt chuẩn kháng bụi/nước IP65, đảm bảo dữ liệu của bạn luôn an toàn ngay cả trong những môi trường khắc nghiệt nhất. Dù bạn là nhà sáng tạo nội dung phải di chuyển liên tục, game thủ, hay đơn giản là người dùng thường xuyên làm việc ngoài trời, T7 SHIELD sẽ là tấm khiên vững chắc cho thông tin của bạn.\n\nThiết kế nhỏ gọn với kích thước 2.5 inch thực tế (form factor) nhưng trọng lượng siêu nhẹ, cùng lớp vỏ màu đen sang trọng và chuyên nghiệp, không chỉ dễ dàng bỏ túi mà còn toát lên vẻ hiện đại. Tương thích rộng rãi với máy tính PC, Mac, thiết bị Android, máy chơi game console và nhiều thiết bị khác, T7 SHIELD mang đến sự linh hoạt tối đa trong mọi hệ sinh thái. Hơn nữa, tính năng bảo mật bằng mật khẩu với mã hóa phần cứng AES 256-bit đảm bảo rằng dữ liệu của bạn luôn được bảo vệ an toàn khỏi sự truy cập trái phép.\n\nSamsung T7 Portable SHIELD 2TB không chỉ là một ổ cứng di động, mà còn là giải pháp lưu trữ toàn diện, mang đến sự an tâm tuyệt đối và hiệu suất vượt trội cho mọi nhu cầu lưu trữ của bạn.',
        1, 'https://product.hstatic.net/200000722513/product/vn-portable-ssd-t7-shield-mu-pe2_fd77e0ce435a41f7909f913d509c7b36.png'
    );
INSERT INTO product_category (product_id, category_id) VALUES (543, 36);
INSERT INTO product_variant (
        product_id, name, seo_name, supplier_id, price, price_sale, quantity, sku, model, barcode, 
        specifications, description, warranty, image_url, release_at, created_by)
        VALUES ( 543, 'Ổ cứng di dộng SSD SamSung T7 Portable SHIELD 2TB, 2.5 inch, USB TypeC 3.2, Đen (MU-PE2T0S/WW)', 'o-cung-di-dong-ssd-samsung-t7-portable-shield-2tb-mu-pe2t0s-ww',
            1, 7490000, 5250000, 10, 'SSD-SS-T7-POR-SHI-2TB-BLA-MU-PE2T0S-WW',
            'SSD-SS-T7-POR-SHI-2TB-BLA-MU-PE2T0S-WW', 'SSD-SS-T7-POR-SHI-2TB-BLA-MU-PE2T0S-WW',
            '{"Thương hiệu": "Samsung", "Tên sản phẩm": "Ổ cứng di động SSD T7 Shield USB 3.2 Gen 2 2TB", "Bảo hành": "36 Tháng", "Giao thức kết nối": "USB 3.2 Gen.2 (10Gbps)", "Dung lượng": "2TB", "Kích thước": "59 x 88 x 13mm", "Trọng lượng": "98g", "Tốc độ": "Đọc: Lên tới 1.050MB/s *Ghi:&nbsp;Lên tới 1.000MB/s **Hiệu suất có thể thay đổi tùy vào môi trường hệ thống ngay cả với giao diện USB 3.2 với hỗ trợ UASP)"}',
            'Khám phá sức mạnh lưu trữ di động vượt trội với Ổ cứng di động SSD Samsung T7 Portable SHIELD 2TB, phiên bản MU-PE2T0S/WW màu đen lịch lãm. Được thiết kế dành riêng cho những ai yêu cầu sự bền bỉ tối đa, tốc độ vượt trội và dung lượng khổng lồ, T7 SHIELD là người bạn đồng hành hoàn hảo để bảo vệ dữ liệu quý giá của bạn trong mọi hoàn cảnh.\n\nVới dung lượng lên đến 2TB, bạn có thể thoải mái lưu trữ hàng ngàn tài liệu, hình ảnh chất lượng cao, video 4K/8K không nén và các dự án lớn mà không cần lo lắng về không gian. Tốc độ là yếu tố cốt lõi của T7 SHIELD: nhờ giao tiếp USB Type-C 3.2 Gen 2 (USB 3.2 Gen 2x1) và công nghệ NVMe tiên tiến, ổ cứng này mang lại tốc độ đọc/ghi ấn tượng lên đến 1.050 MB/s và 1.000 MB/s (tùy theo điều kiện), giúp bạn truyền tải file siêu nhanh chóng và hiệu quả, tiết kiệm thời gian đáng kể cho công việc hay giải trí.\n\nĐiểm nổi bật nhất của phiên bản SHIELD chính là độ bền bỉ đáng kinh ngạc. Vỏ ngoài được làm từ vật liệu elastomer siêu bền, giúp thiết bị chống sốc hiệu quả khi rơi từ độ cao lên đến 3 mét và đạt chuẩn kháng bụi/nước IP65, đảm bảo dữ liệu của bạn luôn an toàn ngay cả trong những môi trường khắc nghiệt nhất. Dù bạn là nhà sáng tạo nội dung phải di chuyển liên tục, game thủ, hay đơn giản là người dùng thường xuyên làm việc ngoài trời, T7 SHIELD sẽ là tấm khiên vững chắc cho thông tin của bạn.\n\nThiết kế nhỏ gọn với kích thước 2.5 inch thực tế (form factor) nhưng trọng lượng siêu nhẹ, cùng lớp vỏ màu đen sang trọng và chuyên nghiệp, không chỉ dễ dàng bỏ túi mà còn toát lên vẻ hiện đại. Tương thích rộng rãi với máy tính PC, Mac, thiết bị Android, máy chơi game console và nhiều thiết bị khác, T7 SHIELD mang đến sự linh hoạt tối đa trong mọi hệ sinh thái. Hơn nữa, tính năng bảo mật bằng mật khẩu với mã hóa phần cứng AES 256-bit đảm bảo rằng dữ liệu của bạn luôn được bảo vệ an toàn khỏi sự truy cập trái phép.\n\nSamsung T7 Portable SHIELD 2TB không chỉ là một ổ cứng di động, mà còn là giải pháp lưu trữ toàn diện, mang đến sự an tâm tuyệt đối và hiệu suất vượt trội cho mọi nhu cầu lưu trữ của bạn.',
            36, 'https://product.hstatic.net/200000722513/product/vn-portable-ssd-t7-shield-mu-pe2_fd77e0ce435a41f7909f913d509c7b36.png', '2024-07-09T07:25:28+00:00',1);
        
INSERT INTO product_image (name, product_variant_id, image_url, is_main)
VALUES
    ('Ảnh 1', 543, 'https://product.hstatic.net/200000722513/product/vn-portable-ssd-t7-shield-mu-pe2_fd77e0ce435a41f7909f913d509c7b36.png', TRUE),
    ('Ảnh 2', 543, 'https://product.hstatic.net/200000722513/product/vn-portable-ssd-t7-shield-mu-pe2__1__85dcafdd517444f9a531311ead20112c.png', FALSE),
    ('Ảnh 3', 543, 'https://product.hstatic.net/200000722513/product/vn-portable-ssd-t7-shield-mu-pe2__2__8071fdff08634f4398b32085d5a7a2ca.png', FALSE),
    ('Ảnh 4', 543, 'https://product.hstatic.net/200000722513/product/vn-portable-ssd-t7-shield-mu-pe2__4__b4c8c1427dcd4b79bae5e1a1c875bdfe.png', FALSE),
    ('Ảnh 5', 543, 'https://product.hstatic.net/200000722513/product/vn-portable-ssd-t7-shield-mu-pe2__3__704bd41b6b534d29b7e11236c82bade2.png', FALSE),
    ('Ảnh 6', 543, 'https://product.hstatic.net/200000722513/product/vn-portable-ssd-t7-shield-mu-pe1_20aca4a8a7054726bf8a7f5340a605ee.png', FALSE),
    ('Ảnh 7', 543, 'https://product.hstatic.net/200000722513/product/vn-portable-ssd-t7-shield-mu-pe1__3__2e148a79400d48bdb4694adcfcb78575.png', FALSE),
    ('Ảnh 8', 543, 'https://product.hstatic.net/200000722513/product/vn-portable-ssd-t7-shield-mu-pe1__1__c700bd5197be4ab9b727fedfd928fc64.png', FALSE),
    ('Ảnh 9', 543, 'https://product.hstatic.net/200000722513/product/vn-portable-ssd-t7-shield-mu-pe1__2__3fbed0880cf9468181cf73c47ff203da.png', FALSE),
    ('Ảnh 10', 543, 'https://product.hstatic.net/200000722513/product/vn-portable-ssd-t7-shield-mu-pe1__4__515cfc961156404f8cd2cfd42a9d4f46.png', FALSE),
    ('Ảnh 11', 543, 'https://product.hstatic.net/200000722513/product/vn-portable-ssd-t7-shield-mu-pe1__5__45412daf0fae4006936e2c4555bc0902.png', FALSE),
    ('Ảnh 12', 543, 'https://product.hstatic.net/200000722513/product/vn-portable-ssd-t7-shield-mu-pe1__6__41f56dc68aad48f7b60146f38e77688b.png', FALSE);
---
INSERT INTO product (name, seo_name, brand_id, specifications, description, created_by, image_url) 
    VALUES (
        'Ổ cứng di dộng SSD SamSung T9 Portable 2TB, 2.5 inch, USB TypeC 3.2, Đen (MU-PG2T0B/WW)', 'o-cung-di-dong-ssd-samsung-t9-portable-2tb-mu-pg2t0b-ww', 16,
        '{"Thương hiệu": "Samsung", "Tên sản phẩm": "Ổ cứng di động SSD T9 USB 3.2 Gen 2x2 2TB", "Bảo hành": "60 Tháng", "Giao thức kết nối": "USB 3.2 Gen 2x2 (20Gbps)", "Dung lượng": "2TB", "Kích thước": "88 x 60 x14 mm", "Trọng lượng": "122g", "Tốc độ": "Đọc: Lên tới 2,000MB/s *Ghi:&nbsp;Lên tới 1.950MB/s *", "Độ bền": "Kháng vỡ từ độ cao đến 3m"}',
        '**Truyền tải nhanh cực đại**\nT9 giúp nâng cao hiệu quả quy trình làm việc với tốc độ đọc/ghi tuần tự đến 2,000 MB/s qua giao diện USB 3.2 Gen 2x2.\n\n**Độ tin cậy tuyệt đỉnh - An toàn dữ liệu, an tâm lưu trữ**\nHãy an tâm khi dữ liệu của bạn được lưu trữ với T9. Được thiết kế để bảo vệ dữ liệu an toàn trong những tình huống bất ngờ, ổ cứng T9 có khả năng kháng rơi vỡ lên đến 3 mét và được hỗ trợ bảo hành thời hạn lên đến 5 năm. Đồng thời, yên tâm lưu trữ dữ liệu với bảo mật bằng mật khẩu được mã hóa AES 256-bit.\n\n**Giảm thời gian, nâng hiệu suất**\nGiúp bạn tiết kiệm thời gian tải dữ liệu, trải nghiệm nhiều hơn cho công việc với T9 nhỏ gọn trong tay! Được trang bị giao diện USB 3.2 Gen 2x2 tận dụng giao thức NVMe™, T9 giúp bạn tăng tốc quy trình làm việc và năng suất, chưa đến 1 giây để truyền tải tệp tin 2GB bằng tốc độ đọc/ghi tuần tự đạt tới 2.000 MB/s.\n* Hiệu suất có thể thay đổi tùy theo cấu hình máy chủ. Để đạt tốc độ đọc/ghi tuần tự tối đa tương ứng lên tới 2.000 MB/s, thiết bị chủ và cáp kết nối phải hỗ trợ USB 3.2 Gen 2x2 và phải bật chế độ UASP.\n\n**Tương thích vượt trội đa thiết bị**\nDễ dàng đồng bộ liền mạch các thiết bị công nghệ của bạn vì T9 tương thích đa dạng với cả Windows®, macOS®, điện thoại và máy tính bảng Android™, máy chơi game, camera 12K cùng nhiều thiết bị khác. Ngoài ra, T9 còn đi kèm cáp USB-C® to C and USB-C® to A giúp kết nối mượt mà tối đa.\n* Lưu ý: Khả năng tương thích với các thiết bị chủ có thể khác nhau. Một số hệ điều hành có thể yêu cầu định dạng lại T9.\n\n**Cấu hình hệ thống thử nghiệm:** \nASUS ROG STRIX Z590-E GAMING WIFI, CPU Intel i9-10900K @ 3.70GHz, 3696 MHz, 10 Core, 20 Bộ xử lý logic / DDR4 8GB DRAM tần số1132,3 MHz / Win 11 Pro\n\n**Nhỏ gọn theo trọn hành trình**\nDù là phiên bản 1TB, 2TB hay 4TB thoải mái lưu trữ thì T9 vẫn rất nhẹ với trọng lượng chỉ 122g, gọn gàng cầm nắm trong tay bạn. Đặc biệt, bề mặt T9 còn được thiết kế với các chấm chống trượt để bạn thoải mái giữ chặt mọi dữ liệu an toàn.\n* Trọng lượng và kích thước thực tế của sản phẩm có thể thay đổi tùy thuộc vào công suất và phương pháp đo của sản phẩm.\n\n**Kiểm soát nhiệt ổn định**\nĐược tích hợp công nghệ Dynamic Thermal Guard của Samsung, T9 hạn chế tình trạng giảm hiệu suất do nhiệt độ cao, giúp duy trì tốc độ truyền tải luôn nhanh chóng. Hơn nữa, ổ cứng T9 được thiết kế theo đúng tiêu chuẩn an toàn quốc tế IEC 62368-1 bổ sung thêm một lớp an toàn, thêm một phần yên tâm.\n\nT9 duy trì nhiệt độ bề mặt dưới 60ºC trong mọi điều kiện kiểm soát (ví dụ: kiểm tra chất lượng nhiệt và an toàn nội bộ), tuân theo tiêu chuẩn IEC 62368-1. Dựa trên bài kiểm tra rơi tự do nội bộ được tiến hành trong điều kiện kiểm soát.\n\n**Có phần mềm hỗ trợ Samsung Magician**\nKhai mở toàn bộ sức mạnh của T9 với phần mềm Samsung Magician - một bộ công cụ thân thiện với người dùng, giúp tối ưu hóa tác vụ quản lý nhằm đảm bảo hiệu suất tốt nhất cho ổ cứng SSD di động. Thuận tiện bảo vệ dữ liệu quan trọng, theo dõi tình trạng ổ đĩa và cập nhật firmware mới nhất.\n\n* Phần mềm Samsung Magician có sẵn trên Windows®, macOS® và Android™. Yêu cầu Windows® 7 trở lên, macOS® High Sierra (10.13.6) trở lên, hoặc Android™ 5.1 (Lollipop) trở lên. Các phiên bản cũ hơn của hệ điều hành Windows®, macOS®, và Android™ có thể không được hỗ trợ.\nCập nhật firmware yêu cầu kết nối internet.\n\n\nTrong hàng thập kỷ, bộ nhớ flash NAND của Samsung đã mang đến những công nghệ đột phá thay đổi mọi khía cạnh của cuộc sống hàng ngày. Flash NAND đồng thời cũng là nguồn cảm hứng cho các ổ cứng SSD, mở đường cho hành trình đổi mới hơn nữa của Samsung.',
        1, 'https://product.hstatic.net/200000722513/product/vn-portable-ssd-t9-mu-pg2t0b-ww__7__56a48d9a75464fb69f4efeaf0f7ffe2f.png'
    );
INSERT INTO product_category (product_id, category_id) VALUES (544, 36);
INSERT INTO product_variant (
        product_id, name, seo_name, supplier_id, price, price_sale, quantity, sku, model, barcode, 
        specifications, description, warranty, image_url, release_at, created_by)
        VALUES ( 544, 'Ổ cứng di dộng SSD SamSung T9 Portable 2TB, 2.5 inch, USB TypeC 3.2, Đen (MU-PG2T0B/WW)', 'o-cung-di-dong-ssd-samsung-t9-portable-2tb-mu-pg2t0b-ww',
            1, 0, 6990000, 10, 'SSD-SS-T9-POR-2TB-BLA-MU-PG2T0B-WW',
            'SSD-SS-T9-POR-2TB-BLA-MU-PG2T0B-WW', 'SSD-SS-T9-POR-2TB-BLA-MU-PG2T0B-WW',
            '{"Thương hiệu": "Samsung", "Tên sản phẩm": "Ổ cứng di động SSD T9 USB 3.2 Gen 2x2 2TB", "Bảo hành": "60 Tháng", "Giao thức kết nối": "USB 3.2 Gen 2x2 (20Gbps)", "Dung lượng": "2TB", "Kích thước": "88 x 60 x14 mm", "Trọng lượng": "122g", "Tốc độ": "Đọc: Lên tới 2,000MB/s *Ghi:&nbsp;Lên tới 1.950MB/s *", "Độ bền": "Kháng vỡ từ độ cao đến 3m"}',
            '**Truyền tải nhanh cực đại**\nT9 giúp nâng cao hiệu quả quy trình làm việc với tốc độ đọc/ghi tuần tự đến 2,000 MB/s qua giao diện USB 3.2 Gen 2x2.\n\n**Độ tin cậy tuyệt đỉnh - An toàn dữ liệu, an tâm lưu trữ**\nHãy an tâm khi dữ liệu của bạn được lưu trữ với T9. Được thiết kế để bảo vệ dữ liệu an toàn trong những tình huống bất ngờ, ổ cứng T9 có khả năng kháng rơi vỡ lên đến 3 mét và được hỗ trợ bảo hành thời hạn lên đến 5 năm. Đồng thời, yên tâm lưu trữ dữ liệu với bảo mật bằng mật khẩu được mã hóa AES 256-bit.\n\n**Giảm thời gian, nâng hiệu suất**\nGiúp bạn tiết kiệm thời gian tải dữ liệu, trải nghiệm nhiều hơn cho công việc với T9 nhỏ gọn trong tay! Được trang bị giao diện USB 3.2 Gen 2x2 tận dụng giao thức NVMe™, T9 giúp bạn tăng tốc quy trình làm việc và năng suất, chưa đến 1 giây để truyền tải tệp tin 2GB bằng tốc độ đọc/ghi tuần tự đạt tới 2.000 MB/s.\n* Hiệu suất có thể thay đổi tùy theo cấu hình máy chủ. Để đạt tốc độ đọc/ghi tuần tự tối đa tương ứng lên tới 2.000 MB/s, thiết bị chủ và cáp kết nối phải hỗ trợ USB 3.2 Gen 2x2 và phải bật chế độ UASP.\n\n**Tương thích vượt trội đa thiết bị**\nDễ dàng đồng bộ liền mạch các thiết bị công nghệ của bạn vì T9 tương thích đa dạng với cả Windows®, macOS®, điện thoại và máy tính bảng Android™, máy chơi game, camera 12K cùng nhiều thiết bị khác. Ngoài ra, T9 còn đi kèm cáp USB-C® to C and USB-C® to A giúp kết nối mượt mà tối đa.\n* Lưu ý: Khả năng tương thích với các thiết bị chủ có thể khác nhau. Một số hệ điều hành có thể yêu cầu định dạng lại T9.\n\n**Cấu hình hệ thống thử nghiệm:** \nASUS ROG STRIX Z590-E GAMING WIFI, CPU Intel i9-10900K @ 3.70GHz, 3696 MHz, 10 Core, 20 Bộ xử lý logic / DDR4 8GB DRAM tần số1132,3 MHz / Win 11 Pro\n\n**Nhỏ gọn theo trọn hành trình**\nDù là phiên bản 1TB, 2TB hay 4TB thoải mái lưu trữ thì T9 vẫn rất nhẹ với trọng lượng chỉ 122g, gọn gàng cầm nắm trong tay bạn. Đặc biệt, bề mặt T9 còn được thiết kế với các chấm chống trượt để bạn thoải mái giữ chặt mọi dữ liệu an toàn.\n* Trọng lượng và kích thước thực tế của sản phẩm có thể thay đổi tùy thuộc vào công suất và phương pháp đo của sản phẩm.\n\n**Kiểm soát nhiệt ổn định**\nĐược tích hợp công nghệ Dynamic Thermal Guard của Samsung, T9 hạn chế tình trạng giảm hiệu suất do nhiệt độ cao, giúp duy trì tốc độ truyền tải luôn nhanh chóng. Hơn nữa, ổ cứng T9 được thiết kế theo đúng tiêu chuẩn an toàn quốc tế IEC 62368-1 bổ sung thêm một lớp an toàn, thêm một phần yên tâm.\n\nT9 duy trì nhiệt độ bề mặt dưới 60ºC trong mọi điều kiện kiểm soát (ví dụ: kiểm tra chất lượng nhiệt và an toàn nội bộ), tuân theo tiêu chuẩn IEC 62368-1. Dựa trên bài kiểm tra rơi tự do nội bộ được tiến hành trong điều kiện kiểm soát.\n\n**Có phần mềm hỗ trợ Samsung Magician**\nKhai mở toàn bộ sức mạnh của T9 với phần mềm Samsung Magician - một bộ công cụ thân thiện với người dùng, giúp tối ưu hóa tác vụ quản lý nhằm đảm bảo hiệu suất tốt nhất cho ổ cứng SSD di động. Thuận tiện bảo vệ dữ liệu quan trọng, theo dõi tình trạng ổ đĩa và cập nhật firmware mới nhất.\n\n* Phần mềm Samsung Magician có sẵn trên Windows®, macOS® và Android™. Yêu cầu Windows® 7 trở lên, macOS® High Sierra (10.13.6) trở lên, hoặc Android™ 5.1 (Lollipop) trở lên. Các phiên bản cũ hơn của hệ điều hành Windows®, macOS®, và Android™ có thể không được hỗ trợ.\nCập nhật firmware yêu cầu kết nối internet.\n\n\nTrong hàng thập kỷ, bộ nhớ flash NAND của Samsung đã mang đến những công nghệ đột phá thay đổi mọi khía cạnh của cuộc sống hàng ngày. Flash NAND đồng thời cũng là nguồn cảm hứng cho các ổ cứng SSD, mở đường cho hành trình đổi mới hơn nữa của Samsung.',
            60, 'https://product.hstatic.net/200000722513/product/vn-portable-ssd-t9-mu-pg2t0b-ww__7__56a48d9a75464fb69f4efeaf0f7ffe2f.png', '2024-07-09T07:36:58+00:00',1);
        
INSERT INTO product_image (name, product_variant_id, image_url, is_main)
VALUES
    ('Ảnh 1', 544, 'https://product.hstatic.net/200000722513/product/vn-portable-ssd-t9-mu-pg2t0b-ww__7__56a48d9a75464fb69f4efeaf0f7ffe2f.png', TRUE),
    ('Ảnh 2', 544, 'https://product.hstatic.net/200000722513/product/vn-portable-ssd-t9-mu-pg2t0b-ww__9__28586cdf3406498d99bfe91a0a1e05a4.png', FALSE),
    ('Ảnh 3', 544, 'https://product.hstatic.net/200000722513/product/vn-portable-ssd-t9-mu-pg2t0b-ww__10__3fe8b35a62ce4d07a9880218a66bae39.png', FALSE),
    ('Ảnh 4', 544, 'https://product.hstatic.net/200000722513/product/vn-portable-ssd-t9-mu-pg2t0b-ww__8__30847894d6d246c29825e23f9f974f4d.png', FALSE),
    ('Ảnh 5', 544, 'https://product.hstatic.net/200000722513/product/vn-portable-ssd-t9-mu-pg2t0b-ww__11__f6ec310036a948f2af9a0959ddbce369.png', FALSE),
    ('Ảnh 6', 544, 'https://product.hstatic.net/200000722513/product/vn-portable-ssd-t9-mu-pg2t0b-ww_04b288b49e2649d09b39ab8b8a74dc5b.png', FALSE),
    ('Ảnh 7', 544, 'https://product.hstatic.net/200000722513/product/vn-portable-ssd-t9-mu-pg2t0b-ww__3__b09f1e258e3d42ceb0a79169aa76a447.png', FALSE),
    ('Ảnh 8', 544, 'https://product.hstatic.net/200000722513/product/vn-portable-ssd-t9-mu-pg2t0b-ww__1__97c473863bdf4d91b1a2479b81465343.png', FALSE),
    ('Ảnh 9', 544, 'https://product.hstatic.net/200000722513/product/vn-portable-ssd-t9-mu-pg2t0b-ww__2__47e0d8d642d4480cba1a82779e19e750.png', FALSE),
    ('Ảnh 10', 544, 'https://product.hstatic.net/200000722513/product/vn-portable-ssd-t9-mu-pg2t0b-ww__6__a4a7bc998ecd4b13a704ead8a4eb9a01.png', FALSE),
    ('Ảnh 11', 544, 'https://product.hstatic.net/200000722513/product/vn-portable-ssd-t9-mu-pg2t0b-ww__4__1d3b721989114ec098d25907517e9612.png', FALSE),
    ('Ảnh 12', 544, 'https://product.hstatic.net/200000722513/product/vn-portable-ssd-t9-mu-pg2t0b-ww__5__70e2850dda1e47279f9ba0255ffb8f25.png', FALSE);
---
INSERT INTO product (name, seo_name, brand_id, specifications, description, created_by, image_url) 
    VALUES (
        'Ổ cứng di động SSD Transcend ESD310C 1TB, 1050MB/s, Đen', 'o-cung-di-dong-ssd-transcend-esd310c-1tb-den', 42,
        '{}',
        'Giải phóng tiềm năng dữ liệu của bạn với Ổ cứng di động SSD Transcend ESD310C 1TB, một sự kết hợp hoàn hảo giữa tốc độ, dung lượng và sự tiện lợi vượt trội. Với thiết kế nhỏ gọn, tinh tế màu đen, ESD310C không chỉ là một thiết bị lưu trữ mà còn là người bạn đồng hành lý tưởng cho mọi nhu cầu công việc và giải trí của bạn. Trải nghiệm tốc độ truyền dữ liệu chóng mặt lên đến 1050MB/s, cho phép bạn sao chép các tệp lớn, video 4K hay thư viện ảnh đồ sộ chỉ trong tích tắc. Không còn phải chờ đợi, năng suất của bạn sẽ được nâng cao đáng kể dù bạn là nhà sáng tạo nội dung, game thủ hay chuyên gia cần truy cập dữ liệu tức thì. Dung lượng 1TB rộng rãi cung cấp không gian thoải mái để lưu trữ hàng ngàn tài liệu, phim ảnh, trò chơi mà không lo hết chỗ. Transcend ESD310C được trang bị giao diện USB 10Gbps (USB 3.2 Gen 2) và đầu nối USB Type-C tích hợp, đảm bảo khả năng tương thích rộng rãi với các thiết bị hiện đại từ máy tính xách tay, điện thoại thông minh, máy tính bảng đến máy chơi game console. Thiết kế siêu nhỏ gọn, chỉ bằng một chiếc USB thông thường, cho phép bạn dễ dàng bỏ vào túi áo hay túi xách, mang theo mọi lúc mọi nơi mà không hề vướng víu. Được chế tạo với công nghệ SSD tiên tiến, ESD310C bền bỉ hơn nhiều so với ổ cứng truyền thống, chống sốc tốt hơn và hoạt động yên tĩnh tuyệt đối. Đây là giải pháp lưu trữ đáng tin cậy, an toàn cho những dữ liệu quý giá nhất của bạn. Hãy nâng tầm trải nghiệm lưu trữ của bạn với Transcend ESD310C 1TB – tốc độ đỉnh cao, dung lượng không giới hạn và sự di động tối ưu, tất cả trong một thiết bị sang trọng, mạnh mẽ.',
        1, 'https://product.hstatic.net/200000722513/product/pp_esd310c_01_2t_34f5e3d3351f47bdb8402b12634636d2.png'
    );
INSERT INTO product_category (product_id, category_id) VALUES (545, 36);
INSERT INTO product_variant (
        product_id, name, seo_name, supplier_id, price, price_sale, quantity, sku, model, barcode, 
        specifications, description, warranty, image_url, release_at, created_by)
        VALUES ( 545, 'Ổ cứng di động SSD Transcend ESD310C 1TB, 1050MB/s, Đen', 'o-cung-di-dong-ssd-transcend-esd310c-1tb-den',
            1, 2550000, 2190000, 10, 'SSD-TRANS-ESD310C-1TB-BLACK',
            'SSD-TRANS-ESD310C-1TB-BLACK', 'SSD-TRANS-ESD310C-1TB-BLACK',
            '{}',
            'Giải phóng tiềm năng dữ liệu của bạn với Ổ cứng di động SSD Transcend ESD310C 1TB, một sự kết hợp hoàn hảo giữa tốc độ, dung lượng và sự tiện lợi vượt trội. Với thiết kế nhỏ gọn, tinh tế màu đen, ESD310C không chỉ là một thiết bị lưu trữ mà còn là người bạn đồng hành lý tưởng cho mọi nhu cầu công việc và giải trí của bạn. Trải nghiệm tốc độ truyền dữ liệu chóng mặt lên đến 1050MB/s, cho phép bạn sao chép các tệp lớn, video 4K hay thư viện ảnh đồ sộ chỉ trong tích tắc. Không còn phải chờ đợi, năng suất của bạn sẽ được nâng cao đáng kể dù bạn là nhà sáng tạo nội dung, game thủ hay chuyên gia cần truy cập dữ liệu tức thì. Dung lượng 1TB rộng rãi cung cấp không gian thoải mái để lưu trữ hàng ngàn tài liệu, phim ảnh, trò chơi mà không lo hết chỗ. Transcend ESD310C được trang bị giao diện USB 10Gbps (USB 3.2 Gen 2) và đầu nối USB Type-C tích hợp, đảm bảo khả năng tương thích rộng rãi với các thiết bị hiện đại từ máy tính xách tay, điện thoại thông minh, máy tính bảng đến máy chơi game console. Thiết kế siêu nhỏ gọn, chỉ bằng một chiếc USB thông thường, cho phép bạn dễ dàng bỏ vào túi áo hay túi xách, mang theo mọi lúc mọi nơi mà không hề vướng víu. Được chế tạo với công nghệ SSD tiên tiến, ESD310C bền bỉ hơn nhiều so với ổ cứng truyền thống, chống sốc tốt hơn và hoạt động yên tĩnh tuyệt đối. Đây là giải pháp lưu trữ đáng tin cậy, an toàn cho những dữ liệu quý giá nhất của bạn. Hãy nâng tầm trải nghiệm lưu trữ của bạn với Transcend ESD310C 1TB – tốc độ đỉnh cao, dung lượng không giới hạn và sự di động tối ưu, tất cả trong một thiết bị sang trọng, mạnh mẽ.',
            60, 'https://product.hstatic.net/200000722513/product/pp_esd310c_01_2t_34f5e3d3351f47bdb8402b12634636d2.png', '2024-10-09T04:50:21+00:00',1);
        
INSERT INTO product_image (name, product_variant_id, image_url, is_main)
VALUES
    ('Ảnh 1', 545, 'https://product.hstatic.net/200000722513/product/pp_esd310c_01_2t_34f5e3d3351f47bdb8402b12634636d2.png', TRUE),
    ('Ảnh 2', 545, 'https://product.hstatic.net/200000722513/product/pp_esd310c_02_2t_049a02df9af04462acb40e4921206f1e.png', FALSE),
    ('Ảnh 3', 545, 'https://product.hstatic.net/200000722513/product/spec_esd310-202309-1_46093190a82644d4aaae8deb38a06237.png', FALSE);
---
INSERT INTO product (name, seo_name, brand_id, specifications, description, created_by, image_url) 
    VALUES (
        'Ổ cứng di động SSD Transcend ESD310C 512GB, 1050MB/s, Đen', 'o-cung-di-dong-ssd-transcend-esd310c-512gb-den', 42,
        '{}',
        'Giới thiệu Ổ cứng di động SSD Transcend ESD310C 512GB – giải pháp lưu trữ tối ưu dành cho những ai đòi hỏi tốc độ, dung lượng và sự tiện lợi tuyệt đối. Với thiết kế nhỏ gọn đầy ấn tượng cùng màu đen sang trọng, ESD310C không chỉ là một thiết bị lưu trữ mà còn là một phụ kiện công nghệ đẳng cấp. Trải nghiệm hiệu suất vượt trội với tốc độ đọc/ghi đáng kinh ngạc lên đến 1050MB/s. Dù bạn đang chuyển các tệp tin lớn, chỉnh sửa video 4K trực tiếp từ ổ đĩa, hay chạy các ứng dụng đòi hỏi cao, ESD310C đều đảm bảo mọi tác vụ diễn ra mượt mà, không gián đoạn. Dung lượng 512GB cung cấp không gian rộng rãi để bạn lưu trữ hàng ngàn bức ảnh, vô số video chất lượng cao, các dự án công việc quan trọng hay thư viện game yêu thích của mình. Điểm nổi bật của Transcend ESD310C chính là thiết kế đầu nối kép USB Type-A và Type-C tích hợp. Điều này cho phép bạn kết nối trực tiếp với hầu hết các thiết bị, từ máy tính xách tay, PC cho đến máy tính bảng và điện thoại thông minh (hỗ trợ OTG) mà không cần dùng đến cáp chuyển đổi rườm rà. Chỉ cần cắm và sử dụng! Với kích thước nhỏ gọn như một chiếc USB và trọng lượng siêu nhẹ, ESD310C dễ dàng nằm gọn trong túi áo hay ví của bạn, sẵn sàng đồng hành cùng bạn mọi lúc mọi nơi. Là một ổ SSD, thiết bị này không có bộ phận chuyển động, mang lại khả năng chống sốc và độ bền vượt trội, bảo vệ dữ liệu quý giá của bạn an toàn trong mọi hành trình. Transcend ESD310C 512GB là lựa chọn hoàn hảo cho các nhiếp ảnh gia, nhà quay phim, game thủ, sinh viên hay bất kỳ ai cần một giải pháp lưu trữ nhanh chóng, đáng tin cậy và cực kỳ linh hoạt. Nâng tầm trải nghiệm lưu trữ của bạn ngay hôm nay với Transcend ESD310C!',
        1, 'https://product.hstatic.net/200000722513/product/pp_esd310c_01_2t_049cdd2bedb942bea61d1de0385616fa.png'
    );
INSERT INTO product_category (product_id, category_id) VALUES (546, 36);
INSERT INTO product_variant (
        product_id, name, seo_name, supplier_id, price, price_sale, quantity, sku, model, barcode, 
        specifications, description, warranty, image_url, release_at, created_by)
        VALUES ( 546, 'Ổ cứng di động SSD Transcend ESD310C 512GB, 1050MB/s, Đen', 'o-cung-di-dong-ssd-transcend-esd310c-512gb-den',
            1, 1550000, 1390000, 10, 'SSD-TRANS-ESD310C-512GB-BLACK',
            'SSD-TRANS-ESD310C-512GB-BLACK', 'SSD-TRANS-ESD310C-512GB-BLACK',
            '{}',
            'Giới thiệu Ổ cứng di động SSD Transcend ESD310C 512GB – giải pháp lưu trữ tối ưu dành cho những ai đòi hỏi tốc độ, dung lượng và sự tiện lợi tuyệt đối. Với thiết kế nhỏ gọn đầy ấn tượng cùng màu đen sang trọng, ESD310C không chỉ là một thiết bị lưu trữ mà còn là một phụ kiện công nghệ đẳng cấp. Trải nghiệm hiệu suất vượt trội với tốc độ đọc/ghi đáng kinh ngạc lên đến 1050MB/s. Dù bạn đang chuyển các tệp tin lớn, chỉnh sửa video 4K trực tiếp từ ổ đĩa, hay chạy các ứng dụng đòi hỏi cao, ESD310C đều đảm bảo mọi tác vụ diễn ra mượt mà, không gián đoạn. Dung lượng 512GB cung cấp không gian rộng rãi để bạn lưu trữ hàng ngàn bức ảnh, vô số video chất lượng cao, các dự án công việc quan trọng hay thư viện game yêu thích của mình. Điểm nổi bật của Transcend ESD310C chính là thiết kế đầu nối kép USB Type-A và Type-C tích hợp. Điều này cho phép bạn kết nối trực tiếp với hầu hết các thiết bị, từ máy tính xách tay, PC cho đến máy tính bảng và điện thoại thông minh (hỗ trợ OTG) mà không cần dùng đến cáp chuyển đổi rườm rà. Chỉ cần cắm và sử dụng! Với kích thước nhỏ gọn như một chiếc USB và trọng lượng siêu nhẹ, ESD310C dễ dàng nằm gọn trong túi áo hay ví của bạn, sẵn sàng đồng hành cùng bạn mọi lúc mọi nơi. Là một ổ SSD, thiết bị này không có bộ phận chuyển động, mang lại khả năng chống sốc và độ bền vượt trội, bảo vệ dữ liệu quý giá của bạn an toàn trong mọi hành trình. Transcend ESD310C 512GB là lựa chọn hoàn hảo cho các nhiếp ảnh gia, nhà quay phim, game thủ, sinh viên hay bất kỳ ai cần một giải pháp lưu trữ nhanh chóng, đáng tin cậy và cực kỳ linh hoạt. Nâng tầm trải nghiệm lưu trữ của bạn ngay hôm nay với Transcend ESD310C!',
            60, 'https://product.hstatic.net/200000722513/product/pp_esd310c_01_2t_049cdd2bedb942bea61d1de0385616fa.png', '2024-10-09T04:50:24+00:00',1);
        
INSERT INTO product_image (name, product_variant_id, image_url, is_main)
VALUES
    ('Ảnh 1', 546, 'https://product.hstatic.net/200000722513/product/pp_esd310c_01_2t_049cdd2bedb942bea61d1de0385616fa.png', TRUE),
    ('Ảnh 2', 546, 'https://product.hstatic.net/200000722513/product/pp_esd310c_02_2t_0e392f0c4a3141b38fe2accf224adc29.png', FALSE),
    ('Ảnh 3', 546, 'https://product.hstatic.net/200000722513/product/spec_esd310-202309-1_68040d1ee607443ba438e8e26a7e575c.png', FALSE);
---
INSERT INTO product (name, seo_name, brand_id, specifications, description, created_by, image_url) 
    VALUES (
        'Ổ cứng di động SSD Transcend ESD310P 1TB, 1050MB/s, Hồng', 'o-cung-di-dong-ssd-transcend-esd310p-1tb-hong', 42,
        '{}',
        'Giải phóng tiềm năng lưu trữ của bạn với Ổ cứng di động SSD Transcend ESD310P 1TB, một sự kết hợp hoàn hảo giữa hiệu suất vượt trội và phong cách tinh tế. Với tốc độ đọc và ghi đáng kinh ngạc lên đến 1050MB/s, chiếc SSD di động này sẽ biến việc chuyển đổi các tệp tin lớn, video 4K hay các bộ sưu tập ảnh khổng lồ trở nên nhanh chóng đến không ngờ, giúp bạn tiết kiệm thời gian quý báu. Dung lượng 1TB rộng lớn cung cấp không gian thoải mái để lưu trữ vô vàn dữ liệu quan trọng, từ tài liệu công việc, đồ án học tập đến kho giải trí cá nhân của bạn. Không chỉ mạnh mẽ về hiệu năng, ESD310P còn gây ấn tượng với thiết kế siêu nhỏ gọn, nhẹ tênh và đặc biệt là sắc hồng ngọt ngào, cá tính, biến nó thành một phụ kiện thời trang đích thực chứ không chỉ đơn thuần là một thiết bị lưu trữ. Vỏ ngoài bền bỉ, chống sốc tốt đảm bảo an toàn cho dữ liệu của bạn trong mọi hành trình. Điểm cộng lớn là khả năng tương thích đa năng với cổng kép USB-A và USB-C tích hợp, cho phép bạn dễ dàng kết nối với hầu hết mọi thiết bị từ máy tính xách tay, PC, máy tính bảng đến điện thoại thông minh mà không cần thêm bất kỳ bộ chuyển đổi nào. Transcend ESD310P 1TB Hồng – lựa chọn lý tưởng cho những người cần sự kết hợp hoàn hảo giữa tốc độ, dung lượng, độ bền và phong cách.',
        1, 'https://product.hstatic.net/200000722513/product/pp_esd310p_01-202309-1_64f1b23ea91a47719c61957a3459c14e.png'
    );
INSERT INTO product_category (product_id, category_id) VALUES (547, 36);
INSERT INTO product_variant (
        product_id, name, seo_name, supplier_id, price, price_sale, quantity, sku, model, barcode, 
        specifications, description, warranty, image_url, release_at, created_by)
        VALUES ( 547, 'Ổ cứng di động SSD Transcend ESD310P 1TB, 1050MB/s, Hồng', 'o-cung-di-dong-ssd-transcend-esd310p-1tb-hong',
            1, 0, 2190000, 10, 'SSD-TRANS-ESD310P-1TB-PINK',
            'SSD-TRANS-ESD310P-1TB-PINK', 'SSD-TRANS-ESD310P-1TB-PINK',
            '{}',
            'Giải phóng tiềm năng lưu trữ của bạn với Ổ cứng di động SSD Transcend ESD310P 1TB, một sự kết hợp hoàn hảo giữa hiệu suất vượt trội và phong cách tinh tế. Với tốc độ đọc và ghi đáng kinh ngạc lên đến 1050MB/s, chiếc SSD di động này sẽ biến việc chuyển đổi các tệp tin lớn, video 4K hay các bộ sưu tập ảnh khổng lồ trở nên nhanh chóng đến không ngờ, giúp bạn tiết kiệm thời gian quý báu. Dung lượng 1TB rộng lớn cung cấp không gian thoải mái để lưu trữ vô vàn dữ liệu quan trọng, từ tài liệu công việc, đồ án học tập đến kho giải trí cá nhân của bạn. Không chỉ mạnh mẽ về hiệu năng, ESD310P còn gây ấn tượng với thiết kế siêu nhỏ gọn, nhẹ tênh và đặc biệt là sắc hồng ngọt ngào, cá tính, biến nó thành một phụ kiện thời trang đích thực chứ không chỉ đơn thuần là một thiết bị lưu trữ. Vỏ ngoài bền bỉ, chống sốc tốt đảm bảo an toàn cho dữ liệu của bạn trong mọi hành trình. Điểm cộng lớn là khả năng tương thích đa năng với cổng kép USB-A và USB-C tích hợp, cho phép bạn dễ dàng kết nối với hầu hết mọi thiết bị từ máy tính xách tay, PC, máy tính bảng đến điện thoại thông minh mà không cần thêm bất kỳ bộ chuyển đổi nào. Transcend ESD310P 1TB Hồng – lựa chọn lý tưởng cho những người cần sự kết hợp hoàn hảo giữa tốc độ, dung lượng, độ bền và phong cách.',
            60, 'https://product.hstatic.net/200000722513/product/pp_esd310p_01-202309-1_64f1b23ea91a47719c61957a3459c14e.png', '2024-10-09T04:50:11+00:00',1);
        
INSERT INTO product_image (name, product_variant_id, image_url, is_main)
VALUES
    ('Ảnh 1', 547, 'https://product.hstatic.net/200000722513/product/pp_esd310p_01-202309-1_64f1b23ea91a47719c61957a3459c14e.png', TRUE),
    ('Ảnh 2', 547, 'https://product.hstatic.net/200000722513/product/pp_esd310p_02_20fbffbf651e4f19b102dc8d3a385c56.png', FALSE),
    ('Ảnh 3', 547, 'https://product.hstatic.net/200000722513/product/spec_esd310-202309-1_712f45c8564a4befa733faa0fd99e773.png', FALSE);
---
INSERT INTO product (name, seo_name, brand_id, specifications, description, created_by, image_url) 
    VALUES (
        'Ổ cứng di động SSD Transcend ESD310P 512GB, 1050MB/s, Hồng', 'o-cung-di-dong-ssd-transcend-esd310p-512gb-hong', 42,
        '{}',
        'Khám phá sự kết hợp hoàn hảo giữa phong cách và hiệu suất với Ổ cứng di động SSD Transcend ESD310P 512GB màu Hồng thời trang. Với thiết kế nhỏ gọn, tinh tế nằm gọn trong lòng bàn tay, chiếc ổ cứng này không chỉ là một phụ kiện công nghệ mà còn là điểm nhấn cá tính cho phong cách của bạn. Tốc độ đọc/ghi siêu nhanh lên đến 1050MB/s sẽ biến việc truyền tải các tệp tin lớn, video 4K hay thư viện ảnh đồ sộ trở nên nhanh chóng hơn bao giờ hết, giúp bạn tiết kiệm thời gian quý báu. Dung lượng 512GB cung cấp không gian rộng rãi để lưu trữ mọi dữ liệu quan trọng, từ tài liệu công việc, dự án sáng tạo đến những kỷ niệm đáng giá. Được trang bị công nghệ SSD tiên tiến, ESD310P đảm bảo độ bền vượt trội, khả năng chống sốc và hoạt động êm ái, đáng tin cậy. Dù bạn là một nhiếp ảnh gia, nhà sáng tạo nội dung, game thủ hay đơn giản là người cần một giải pháp lưu trữ nhanh chóng và an toàn, Transcend ESD310P 512GB Hồng chính là lựa chọn lý tưởng, mang đến hiệu năng mạnh mẽ trong một diện mạo đầy quyến rũ.',
        1, 'https://product.hstatic.net/200000722513/product/screenshot_4c90b59e44264fa0abb41f08eb400510.png'
    );
INSERT INTO product_category (product_id, category_id) VALUES (548, 36);
INSERT INTO product_variant (
        product_id, name, seo_name, supplier_id, price, price_sale, quantity, sku, model, barcode, 
        specifications, description, warranty, image_url, release_at, created_by)
        VALUES ( 548, 'Ổ cứng di động SSD Transcend ESD310P 512GB, 1050MB/s, Hồng', 'o-cung-di-dong-ssd-transcend-esd310p-512gb-hong',
            1, 0, 1390000, 10, 'SSD-TRANS-ESD310P-512GB-PINK',
            'SSD-TRANS-ESD310P-512GB-PINK', 'SSD-TRANS-ESD310P-512GB-PINK',
            '{}',
            'Khám phá sự kết hợp hoàn hảo giữa phong cách và hiệu suất với Ổ cứng di động SSD Transcend ESD310P 512GB màu Hồng thời trang. Với thiết kế nhỏ gọn, tinh tế nằm gọn trong lòng bàn tay, chiếc ổ cứng này không chỉ là một phụ kiện công nghệ mà còn là điểm nhấn cá tính cho phong cách của bạn. Tốc độ đọc/ghi siêu nhanh lên đến 1050MB/s sẽ biến việc truyền tải các tệp tin lớn, video 4K hay thư viện ảnh đồ sộ trở nên nhanh chóng hơn bao giờ hết, giúp bạn tiết kiệm thời gian quý báu. Dung lượng 512GB cung cấp không gian rộng rãi để lưu trữ mọi dữ liệu quan trọng, từ tài liệu công việc, dự án sáng tạo đến những kỷ niệm đáng giá. Được trang bị công nghệ SSD tiên tiến, ESD310P đảm bảo độ bền vượt trội, khả năng chống sốc và hoạt động êm ái, đáng tin cậy. Dù bạn là một nhiếp ảnh gia, nhà sáng tạo nội dung, game thủ hay đơn giản là người cần một giải pháp lưu trữ nhanh chóng và an toàn, Transcend ESD310P 512GB Hồng chính là lựa chọn lý tưởng, mang đến hiệu năng mạnh mẽ trong một diện mạo đầy quyến rũ.',
            60, 'https://product.hstatic.net/200000722513/product/screenshot_4c90b59e44264fa0abb41f08eb400510.png', '2024-10-09T04:50:15+00:00',1);
        
INSERT INTO product_image (name, product_variant_id, image_url, is_main)
VALUES
    ('Ảnh 1', 548, 'https://product.hstatic.net/200000722513/product/screenshot_4c90b59e44264fa0abb41f08eb400510.png', TRUE),
    ('Ảnh 2', 548, 'https://product.hstatic.net/200000722513/product/gcqy0zg9tt4akxtye2jh59zo_mahxhmb_6d3b7012940b4d3f83489fbb7d5bf132.png', FALSE),
    ('Ảnh 3', 548, 'https://product.hstatic.net/200000722513/product/screenshot__1__35426a9be30346f2a89c3f1c8d77665d.png', FALSE),
    ('Ảnh 4', 548, 'https://product.hstatic.net/200000722513/product/spec_esd310-202309-1_9d83257b5c1c4c09af721ddf25c15be8.png', FALSE);
---
INSERT INTO product (name, seo_name, brand_id, specifications, description, created_by, image_url) 
    VALUES (
        'Ổ cứng di động SSD Transcend ESD310S 1TB, 1050MB/s, Bạc', 'o-cung-di-dong-ssd-transcend-esd310s-1tb-bac', 42,
        '{}',
        'Mở rộng không gian lưu trữ và tăng cường tốc độ làm việc của bạn với Ổ cứng di động SSD Transcend ESD310S 1TB màu Bạc – sự kết hợp hoàn hảo giữa hiệu năng đỉnh cao và thiết kế tinh tế. Với kích thước cực kỳ nhỏ gọn, tương đương một chiếc USB, ESD310S dễ dàng nằm gọn trong túi áo hay móc khóa, biến nó thành người bạn đồng hành lý tưởng cho mọi hành trình.\n\nTrải nghiệm tốc độ truyền dữ liệu chóng mặt lên đến 1050MB/s, cho phép bạn sao chép các tệp tin cực lớn như video 4K, dự án thiết kế đồ họa hay thư viện game đồ sộ chỉ trong nháy mắt. Dung lượng 1TB rộng rãi đủ sức chứa hàng ngàn tài liệu, hình ảnh và video, giải phóng bộ nhớ cho các thiết bị của bạn.\n\nVỏ kim loại màu bạc sang trọng không chỉ mang lại vẻ ngoài đẳng cấp mà còn tăng cường độ bền bỉ, bảo vệ ổ cứng khỏi va đập. Là một ổ SSD, Transcend ESD310S hoạt động êm ái, chống sốc vượt trội so với HDD truyền thống, đảm bảo dữ liệu của bạn luôn an toàn. Tương thích linh hoạt với đa dạng thiết bị từ máy tính, laptop đến máy tính bảng và điện thoại thông minh (qua cổng USB), ESD310S 1TB là giải pháp lưu trữ di động tiện lợi, đáng tin cậy và cực kỳ mạnh mẽ dành cho mọi nhu cầu.',
        1, 'https://product.hstatic.net/200000722513/product/pp_esd310s_01_20bc179d27a14fa39fa8dbed90b0f4a3.png'
    );
INSERT INTO product_category (product_id, category_id) VALUES (549, 36);
INSERT INTO product_variant (
        product_id, name, seo_name, supplier_id, price, price_sale, quantity, sku, model, barcode, 
        specifications, description, warranty, image_url, release_at, created_by)
        VALUES ( 549, 'Ổ cứng di động SSD Transcend ESD310S 1TB, 1050MB/s, Bạc', 'o-cung-di-dong-ssd-transcend-esd310s-1tb-bac',
            1, 2550000, 2190000, 10, 'SSD-TRANS-ESD310S-1TB-SILVER',
            'SSD-TRANS-ESD310S-1TB-SILVER', 'SSD-TRANS-ESD310S-1TB-SILVER',
            '{}',
            'Mở rộng không gian lưu trữ và tăng cường tốc độ làm việc của bạn với Ổ cứng di động SSD Transcend ESD310S 1TB màu Bạc – sự kết hợp hoàn hảo giữa hiệu năng đỉnh cao và thiết kế tinh tế. Với kích thước cực kỳ nhỏ gọn, tương đương một chiếc USB, ESD310S dễ dàng nằm gọn trong túi áo hay móc khóa, biến nó thành người bạn đồng hành lý tưởng cho mọi hành trình.\n\nTrải nghiệm tốc độ truyền dữ liệu chóng mặt lên đến 1050MB/s, cho phép bạn sao chép các tệp tin cực lớn như video 4K, dự án thiết kế đồ họa hay thư viện game đồ sộ chỉ trong nháy mắt. Dung lượng 1TB rộng rãi đủ sức chứa hàng ngàn tài liệu, hình ảnh và video, giải phóng bộ nhớ cho các thiết bị của bạn.\n\nVỏ kim loại màu bạc sang trọng không chỉ mang lại vẻ ngoài đẳng cấp mà còn tăng cường độ bền bỉ, bảo vệ ổ cứng khỏi va đập. Là một ổ SSD, Transcend ESD310S hoạt động êm ái, chống sốc vượt trội so với HDD truyền thống, đảm bảo dữ liệu của bạn luôn an toàn. Tương thích linh hoạt với đa dạng thiết bị từ máy tính, laptop đến máy tính bảng và điện thoại thông minh (qua cổng USB), ESD310S 1TB là giải pháp lưu trữ di động tiện lợi, đáng tin cậy và cực kỳ mạnh mẽ dành cho mọi nhu cầu.',
            60, 'https://product.hstatic.net/200000722513/product/pp_esd310s_01_20bc179d27a14fa39fa8dbed90b0f4a3.png', '2024-10-09T04:50:17+00:00',1);
        
INSERT INTO product_image (name, product_variant_id, image_url, is_main)
VALUES
    ('Ảnh 1', 549, 'https://product.hstatic.net/200000722513/product/pp_esd310s_01_20bc179d27a14fa39fa8dbed90b0f4a3.png', TRUE),
    ('Ảnh 2', 549, 'https://product.hstatic.net/200000722513/product/pp_esd310s_02_e94a0cd507e440ae9481c94319e0567e.png', FALSE),
    ('Ảnh 3', 549, 'https://product.hstatic.net/200000722513/product/spec_esd310-202309-1_55b8992fb1ac48d797733110e127a863.png', FALSE);
---
INSERT INTO product (name, seo_name, brand_id, specifications, description, created_by, image_url) 
    VALUES (
        'Ổ cứng di động SSD Transcend ESD310S 512GB, 1050MB/s, Bạc', 'o-cung-di-dong-ssd-transcend-esd310s-512gb-bac', 42,
        '{}',
        'Chào mừng bạn đến với kỷ nguyên lưu trữ di động tốc độ cao! Ổ cứng di động SSD Transcend ESD310S 512GB màu bạc không chỉ là một thiết bị lưu trữ, mà còn là người bạn đồng hành lý tưởng cho mọi nhu cầu di chuyển dữ liệu của bạn. Với dung lượng 512GB rộng rãi, bạn có thể thoải mái lưu trữ hàng ngàn bức ảnh chất lượng cao, video 4K, tài liệu công việc quan trọng hay bộ sưu tập game yêu thích mà không lo thiếu không gian.\n\nĐiểm nhấn mạnh mẽ nhất của Transcend ESD310S chính là tốc độ truyền dữ liệu đáng kinh ngạc lên đến 1050MB/s. Điều này có nghĩa là việc sao chép một bộ phim dung lượng lớn hay hàng trăm tệp tin sẽ chỉ diễn ra trong chớp mắt, giúp bạn tiết kiệm thời gian quý báu và nâng cao hiệu suất làm việc. Công nghệ SSD tiên tiến không chỉ mang lại tốc độ vượt trội mà còn đảm bảo độ bền bỉ đáng kinh ngạc, khả năng chống sốc và hoạt động hoàn toàn im lặng, vượt xa các ổ cứng HDD truyền thống.\n\nThiết kế nhỏ gọn, tinh tế với gam màu bạc sang trọng giúp ESD310S dễ dàng nằm gọn trong lòng bàn tay, túi áo hay túi xách, sẵn sàng theo bạn đến bất cứ đâu. Dù bạn là một nhiếp ảnh gia chuyên nghiệp, nhà quay phim, sinh viên hay chỉ đơn giản là cần một giải pháp lưu trữ nhanh chóng và đáng tin cậy cho dữ liệu cá nhân, Transcend ESD310S 512GB màu bạc sẽ là lựa chọn hoàn hảo, mang đến sự tiện lợi, an toàn và hiệu suất tối ưu.',
        1, 'https://product.hstatic.net/200000722513/product/pp_esd310s_01_e2cd11f5a5544bb0a3910dcd8668575d.png'
    );
INSERT INTO product_category (product_id, category_id) VALUES (550, 36);
INSERT INTO product_variant (
        product_id, name, seo_name, supplier_id, price, price_sale, quantity, sku, model, barcode, 
        specifications, description, warranty, image_url, release_at, created_by)
        VALUES ( 550, 'Ổ cứng di động SSD Transcend ESD310S 512GB, 1050MB/s, Bạc', 'o-cung-di-dong-ssd-transcend-esd310s-512gb-bac',
            1, 1550000, 1390000, 10, 'SSD-TRANS-ESD310S-512GB-SILVER',
            'SSD-TRANS-ESD310S-512GB-SILVER', 'SSD-TRANS-ESD310S-512GB-SILVER',
            '{}',
            'Chào mừng bạn đến với kỷ nguyên lưu trữ di động tốc độ cao! Ổ cứng di động SSD Transcend ESD310S 512GB màu bạc không chỉ là một thiết bị lưu trữ, mà còn là người bạn đồng hành lý tưởng cho mọi nhu cầu di chuyển dữ liệu của bạn. Với dung lượng 512GB rộng rãi, bạn có thể thoải mái lưu trữ hàng ngàn bức ảnh chất lượng cao, video 4K, tài liệu công việc quan trọng hay bộ sưu tập game yêu thích mà không lo thiếu không gian.\n\nĐiểm nhấn mạnh mẽ nhất của Transcend ESD310S chính là tốc độ truyền dữ liệu đáng kinh ngạc lên đến 1050MB/s. Điều này có nghĩa là việc sao chép một bộ phim dung lượng lớn hay hàng trăm tệp tin sẽ chỉ diễn ra trong chớp mắt, giúp bạn tiết kiệm thời gian quý báu và nâng cao hiệu suất làm việc. Công nghệ SSD tiên tiến không chỉ mang lại tốc độ vượt trội mà còn đảm bảo độ bền bỉ đáng kinh ngạc, khả năng chống sốc và hoạt động hoàn toàn im lặng, vượt xa các ổ cứng HDD truyền thống.\n\nThiết kế nhỏ gọn, tinh tế với gam màu bạc sang trọng giúp ESD310S dễ dàng nằm gọn trong lòng bàn tay, túi áo hay túi xách, sẵn sàng theo bạn đến bất cứ đâu. Dù bạn là một nhiếp ảnh gia chuyên nghiệp, nhà quay phim, sinh viên hay chỉ đơn giản là cần một giải pháp lưu trữ nhanh chóng và đáng tin cậy cho dữ liệu cá nhân, Transcend ESD310S 512GB màu bạc sẽ là lựa chọn hoàn hảo, mang đến sự tiện lợi, an toàn và hiệu suất tối ưu.',
            60, 'https://product.hstatic.net/200000722513/product/pp_esd310s_01_e2cd11f5a5544bb0a3910dcd8668575d.png', '2024-10-09T04:50:19+00:00',1);
        
INSERT INTO product_image (name, product_variant_id, image_url, is_main)
VALUES
    ('Ảnh 1', 550, 'https://product.hstatic.net/200000722513/product/pp_esd310s_01_e2cd11f5a5544bb0a3910dcd8668575d.png', TRUE),
    ('Ảnh 2', 550, 'https://product.hstatic.net/200000722513/product/pp_esd310s_02_ef56c2d1c6284baea5b99385ff2ee004.png', FALSE),
    ('Ảnh 3', 550, 'https://product.hstatic.net/200000722513/product/spec_esd310-202309-1_8c97e857b9224a60a64aeb761ba3d446.png', FALSE);
---
INSERT INTO product (name, seo_name, brand_id, specifications, description, created_by, image_url) 
    VALUES (
        'Ổ cứng di động SSD Transcend ESD360C 1TB, 2000MB/s, Xám', 'o-cung-di-dong-ssd-transcend-esd360c-1tb', 42,
        '{}',
        'Trải nghiệm tốc độ bùng nổ và sự tiện lợi tối ưu với Ổ cứng di động SSD Transcend ESD360C 1TB! Được thiết kế để đáp ứng nhu cầu của những người dùng chuyên nghiệp và sáng tạo, ESD360C mang đến hiệu suất vượt trội, biến việc truyền tải các tệp tin lớn thành một khoảnh khắc chớp nhoáng.\n\nVới tốc độ đọc/ghi đáng kinh ngạc lên đến 2000MB/s, chiếc ổ cứng SSD di động này cho phép bạn sao lưu hàng gigabyte dữ liệu, chỉnh sửa video 4K trực tiếp hoặc chạy các ứng dụng nặng mà không gặp bất kỳ độ trễ nào. Không còn phải chờ đợi – mọi tác vụ đều được xử lý siêu tốc, giúp bạn tối đa hóa hiệu suất làm việc và giải trí.\n\nDung lượng 1TB rộng rãi cung cấp không gian lưu trữ khổng lồ cho toàn bộ thư viện ảnh, video chất lượng cao, tài liệu quan trọng và bộ sưu tập game yêu thích của bạn, đảm bảo bạn luôn có đủ chỗ cho mọi ý tưởng sáng tạo.\n\nKhoác lên mình tông màu Xám sang trọng và tinh tế, ESD360C không chỉ là một thiết bị lưu trữ mà còn là một phụ kiện công nghệ đẳng cấp. Thiết kế siêu nhỏ gọn, nhẹ và bền bỉ nhờ công nghệ SSD không có bộ phận chuyển động, giúp ổ cứng chống chịu tốt hơn với va đập và rung lắc, lý tưởng cho những chuyến đi hoặc làm việc từ xa.\n\nTích hợp cổng USB-C tiện lợi, Transcend ESD360C đảm bảo khả năng tương thích rộng rãi với PC, Mac, máy chơi game console và cả các thiết bị di động hỗ trợ OTG. Nâng tầm trải nghiệm lưu trữ của bạn với sự kết hợp hoàn hảo giữa tốc độ, dung lượng, độ bền và phong cách!',
        1, 'https://product.hstatic.net/200000722513/product/artboard_1_copy_2_c615966e72a341a9b338e1f9928a313c.png'
    );
INSERT INTO product_category (product_id, category_id) VALUES (551, 36);
INSERT INTO product_variant (
        product_id, name, seo_name, supplier_id, price, price_sale, quantity, sku, model, barcode, 
        specifications, description, warranty, image_url, release_at, created_by)
        VALUES ( 551, 'Ổ cứng di động SSD Transcend ESD360C 1TB, 2000MB/s, Xám', 'o-cung-di-dong-ssd-transcend-esd360c-1tb',
            1, 2790000, 2090000, 10, 'SSD-TRANS-ESD360C-1TB-GRAY',
            'SSD-TRANS-ESD360C-1TB-GRAY', 'SSD-TRANS-ESD360C-1TB-GRAY',
            '{}',
            'Trải nghiệm tốc độ bùng nổ và sự tiện lợi tối ưu với Ổ cứng di động SSD Transcend ESD360C 1TB! Được thiết kế để đáp ứng nhu cầu của những người dùng chuyên nghiệp và sáng tạo, ESD360C mang đến hiệu suất vượt trội, biến việc truyền tải các tệp tin lớn thành một khoảnh khắc chớp nhoáng.\n\nVới tốc độ đọc/ghi đáng kinh ngạc lên đến 2000MB/s, chiếc ổ cứng SSD di động này cho phép bạn sao lưu hàng gigabyte dữ liệu, chỉnh sửa video 4K trực tiếp hoặc chạy các ứng dụng nặng mà không gặp bất kỳ độ trễ nào. Không còn phải chờ đợi – mọi tác vụ đều được xử lý siêu tốc, giúp bạn tối đa hóa hiệu suất làm việc và giải trí.\n\nDung lượng 1TB rộng rãi cung cấp không gian lưu trữ khổng lồ cho toàn bộ thư viện ảnh, video chất lượng cao, tài liệu quan trọng và bộ sưu tập game yêu thích của bạn, đảm bảo bạn luôn có đủ chỗ cho mọi ý tưởng sáng tạo.\n\nKhoác lên mình tông màu Xám sang trọng và tinh tế, ESD360C không chỉ là một thiết bị lưu trữ mà còn là một phụ kiện công nghệ đẳng cấp. Thiết kế siêu nhỏ gọn, nhẹ và bền bỉ nhờ công nghệ SSD không có bộ phận chuyển động, giúp ổ cứng chống chịu tốt hơn với va đập và rung lắc, lý tưởng cho những chuyến đi hoặc làm việc từ xa.\n\nTích hợp cổng USB-C tiện lợi, Transcend ESD360C đảm bảo khả năng tương thích rộng rãi với PC, Mac, máy chơi game console và cả các thiết bị di động hỗ trợ OTG. Nâng tầm trải nghiệm lưu trữ của bạn với sự kết hợp hoàn hảo giữa tốc độ, dung lượng, độ bền và phong cách!',
            60, 'https://product.hstatic.net/200000722513/product/artboard_1_copy_2_c615966e72a341a9b338e1f9928a313c.png', '2024-10-09T04:50:08+00:00',1);
        
INSERT INTO product_image (name, product_variant_id, image_url, is_main)
VALUES
    ('Ảnh 1', 551, 'https://product.hstatic.net/200000722513/product/artboard_1_copy_2_c615966e72a341a9b338e1f9928a313c.png', TRUE),
    ('Ảnh 2', 551, 'https://product.hstatic.net/200000722513/product/pp_esd360_1_f4589e6a917b42c988d3d82877c9c241.png', FALSE),
    ('Ảnh 3', 551, 'https://product.hstatic.net/200000722513/product/pp_esd360_2_c61af5275dbc4918bec66b8295e4d624.png', FALSE),
    ('Ảnh 4', 551, 'https://product.hstatic.net/200000722513/product/pp_esd360_3_d4c516e58b6e4b39a1d530354d39cf38.png', FALSE),
    ('Ảnh 5', 551, 'https://product.hstatic.net/200000722513/product/spec_esd360_19f1573b59da4b4c9a5040b7e8ddc2e5.png', FALSE);
---
