INSERT INTO product (name, seo_name, brand_id, specifications, description, created_by, image_url) 
    VALUES (
        'Webcam Logitech Brio 100 Graphite', 'webcam-logitech-brio-100-graphite', 13,
        '{"Độ phân giải": "Full HD 1080p 30fps, HD 720p/30fps", "Kết nối": "USB-A, cắm là sử dụng", "Màu sắc": "Đen", "Tầm nhìn chéo": "58°", "Tự động điều chỉnh ánh sáng": "Right Light 2", "Tính năng": "Có mic tích hợp", "Khả năng thu phóng": "1x"}',
        'Nâng tầm trải nghiệm giao tiếp trực tuyến của bạn với Webcam Logitech Brio 100 Graphite – sự kết hợp hoàn hảo giữa hiệu suất vượt trội, thiết kế tinh tế và tính năng thông minh. Được thiết kế dành cho những ai yêu cầu chất lượng hình ảnh và âm thanh đỉnh cao, Brio 100 mang đến hình ảnh Full HD 1080p sắc nét và sống động ở tốc độ 30 khung hình/giây, đảm bảo mọi cuộc họp, buổi học hay cuộc gọi video đều diễn ra mượt mà và chuyên nghiệp.\n\nVới công nghệ RightLight™ tích hợp, chiếc webcam này tự động điều chỉnh ánh sáng, giúp bạn luôn xuất hiện rõ ràng và nổi bật, ngay cả trong điều kiện ánh sáng yếu hoặc ngược sáng. Micro khử tiếng ồn tích hợp thu âm giọng nói của bạn một cách rõ ràng và tự nhiên, loại bỏ tạp âm gây nhiễu từ môi trường xung quanh, giúp thông điệp của bạn luôn được truyền tải một cách hoàn hảo.\n\nThiết kế màu Graphite sang trọng, nhỏ gọn và kẹp đa năng cho phép bạn dễ dàng gắn Brio 100 lên bất kỳ màn hình laptop, desktop hoặc tripod nào. Kết nối ''plug-and-play'' qua USB giúp việc cài đặt trở nên đơn giản và nhanh chóng trên các hệ điều hành Windows, macOS và ChromeOS. Logitech Brio 100 Graphite là lựa chọn lý tưởng cho công việc từ xa, học tập trực tuyến, hoặc bất kỳ ai tìm kiếm một webcam đáng tin cậy mang lại chất lượng hình ảnh và âm thanh vượt trội.',
        1, 'https://product.hstatic.net/200000722513/product/3usj2zof_63f556249f4d49ddae03af75f202ef20.png'
    );
INSERT INTO product_category (product_id, category_id) VALUES (822, 23);
INSERT INTO product_variant (
        product_id, name, seo_name, supplier_id, price, price_sale, quantity, sku, model, barcode, 
        specifications, description, warranty, image_url, release_at, created_by)
        VALUES ( 822, 'Webcam Logitech Brio 100 Graphite', 'webcam-logitech-brio-100-graphite',
            1, 750000, 690000, 10, 'CAM-LOGITECH-BRIO-100-GRAPHITE',
            'CAM-LOGITECH-BRIO-100-GRAPHITE', 'CAM-LOGITECH-BRIO-100-GRAPHITE',
            '{"Độ phân giải": "Full HD 1080p 30fps, HD 720p/30fps", "Kết nối": "USB-A, cắm là sử dụng", "Màu sắc": "Đen", "Tầm nhìn chéo": "58°", "Tự động điều chỉnh ánh sáng": "Right Light 2", "Tính năng": "Có mic tích hợp", "Khả năng thu phóng": "1x"}',
            'Nâng tầm trải nghiệm giao tiếp trực tuyến của bạn với Webcam Logitech Brio 100 Graphite – sự kết hợp hoàn hảo giữa hiệu suất vượt trội, thiết kế tinh tế và tính năng thông minh. Được thiết kế dành cho những ai yêu cầu chất lượng hình ảnh và âm thanh đỉnh cao, Brio 100 mang đến hình ảnh Full HD 1080p sắc nét và sống động ở tốc độ 30 khung hình/giây, đảm bảo mọi cuộc họp, buổi học hay cuộc gọi video đều diễn ra mượt mà và chuyên nghiệp.\n\nVới công nghệ RightLight™ tích hợp, chiếc webcam này tự động điều chỉnh ánh sáng, giúp bạn luôn xuất hiện rõ ràng và nổi bật, ngay cả trong điều kiện ánh sáng yếu hoặc ngược sáng. Micro khử tiếng ồn tích hợp thu âm giọng nói của bạn một cách rõ ràng và tự nhiên, loại bỏ tạp âm gây nhiễu từ môi trường xung quanh, giúp thông điệp của bạn luôn được truyền tải một cách hoàn hảo.\n\nThiết kế màu Graphite sang trọng, nhỏ gọn và kẹp đa năng cho phép bạn dễ dàng gắn Brio 100 lên bất kỳ màn hình laptop, desktop hoặc tripod nào. Kết nối ''plug-and-play'' qua USB giúp việc cài đặt trở nên đơn giản và nhanh chóng trên các hệ điều hành Windows, macOS và ChromeOS. Logitech Brio 100 Graphite là lựa chọn lý tưởng cho công việc từ xa, học tập trực tuyến, hoặc bất kỳ ai tìm kiếm một webcam đáng tin cậy mang lại chất lượng hình ảnh và âm thanh vượt trội.',
            12, 'https://product.hstatic.net/200000722513/product/3usj2zof_63f556249f4d49ddae03af75f202ef20.png', '2024-01-17T10:19:44+00:00',1);
        
INSERT INTO product_image (name, product_variant_id, image_url, is_main)
VALUES
    ('Ảnh 1', 822, 'https://product.hstatic.net/200000722513/product/3usj2zof_63f556249f4d49ddae03af75f202ef20.png', TRUE),
    ('Ảnh 2', 822, 'https://product.hstatic.net/200000722513/product/m344w5ws_92d593efe9034f6b9d53610659218d22.png', FALSE),
    ('Ảnh 3', 822, 'https://product.hstatic.net/200000722513/product/3ns2145z_ab7cf3ece0ea410a86d621a23cd70305.png', FALSE),
    ('Ảnh 4', 822, 'https://product.hstatic.net/200000722513/product/1vw7y7ki_755e93a9de3d43d39c8fa877924021f8.png', FALSE);
---
INSERT INTO product (name, seo_name, brand_id, specifications, description, created_by, image_url) 
    VALUES (
        'Webcam Logitech Brio 100 Rose', 'webcam-logitech-brio-100-rose', 13,
        '{"Độ phân giải": "Full HD 1080p 30fps, HD 720p/30fps", "Kết nối": "USB-A cắm là dùng", "Màu sắc": "Hồng", "Tầm nhìn chéo": "58°", "Tự động điều chỉnh ánh sáng": "Right Light 2", "Tính năng": "Có mic tích hợp", "Khả năng thu phóng": "1x"}',
        'Nâng tầm phong cách và chất lượng giao tiếp trực tuyến của bạn với Webcam Logitech Brio 100 Rose – sự kết hợp hoàn hảo giữa vẻ đẹp tinh tế và công nghệ vượt trội. Khoác lên mình sắc hồng ''Rose'' độc đáo, chiếc webcam này không chỉ là một thiết bị công nghệ mà còn là điểm nhấn thời trang trên bàn làm việc của bạn, thể hiện cá tính riêng biệt. Brio 100 Rose mang đến chất lượng hình ảnh Full HD 1080p sắc nét, mượt mà ở tốc độ 30 khung hình/giây, đảm bảo bạn luôn xuất hiện rạng rỡ và rõ ràng trong mọi cuộc gọi video, buổi học trực tuyến hay buổi họp công việc quan trọng. Công nghệ RightLight 2 tiên tiến của Logitech tự động điều chỉnh ánh sáng, giúp bạn luôn nổi bật ngay cả trong điều kiện thiếu sáng hoặc ánh sáng ngược, không còn lo lắng về việc gương mặt bị tối hay mờ nhạt. Đặc biệt, màn che riêng tư tích hợp cho phép bạn dễ dàng đóng lại ống kính khi không sử dụng, đảm bảo sự an toàn và riêng tư tuyệt đối. Với micro giảm ồn tích hợp, giọng nói của bạn sẽ được thu lại rõ ràng, tách biệt khỏi tạp âm xung quanh, giúp mọi cuộc trò chuyện trở nên liền mạch và hiệu quả hơn. Thiết kế ''plug-and-play'' đơn giản, chỉ cần cắm vào cổng USB là có thể sử dụng ngay, tương thích rộng rãi với các nền tảng họp trực tuyến phổ biến. Logitech Brio 100 Rose không chỉ là một chiếc webcam, mà là tuyên ngôn về phong cách và chất lượng, giúp bạn tự tin tỏa sáng trong mọi khoảnh khắc kết nối.',
        1, 'https://product.hstatic.net/200000722513/product/c6uf2qmx_83370c17cd444b59a8d835b44b720835.png'
    );
INSERT INTO product_category (product_id, category_id) VALUES (823, 23);
INSERT INTO product_variant (
        product_id, name, seo_name, supplier_id, price, price_sale, quantity, sku, model, barcode, 
        specifications, description, warranty, image_url, release_at, created_by)
        VALUES ( 823, 'Webcam Logitech Brio 100 Rose', 'webcam-logitech-brio-100-rose',
            1, 750000, 750000, 10, 'CAM-LOGITECH-BRIO-100-ROSE',
            'CAM-LOGITECH-BRIO-100-ROSE', 'CAM-LOGITECH-BRIO-100-ROSE',
            '{"Độ phân giải": "Full HD 1080p 30fps, HD 720p/30fps", "Kết nối": "USB-A cắm là dùng", "Màu sắc": "Hồng", "Tầm nhìn chéo": "58°", "Tự động điều chỉnh ánh sáng": "Right Light 2", "Tính năng": "Có mic tích hợp", "Khả năng thu phóng": "1x"}',
            'Nâng tầm phong cách và chất lượng giao tiếp trực tuyến của bạn với Webcam Logitech Brio 100 Rose – sự kết hợp hoàn hảo giữa vẻ đẹp tinh tế và công nghệ vượt trội. Khoác lên mình sắc hồng ''Rose'' độc đáo, chiếc webcam này không chỉ là một thiết bị công nghệ mà còn là điểm nhấn thời trang trên bàn làm việc của bạn, thể hiện cá tính riêng biệt. Brio 100 Rose mang đến chất lượng hình ảnh Full HD 1080p sắc nét, mượt mà ở tốc độ 30 khung hình/giây, đảm bảo bạn luôn xuất hiện rạng rỡ và rõ ràng trong mọi cuộc gọi video, buổi học trực tuyến hay buổi họp công việc quan trọng. Công nghệ RightLight 2 tiên tiến của Logitech tự động điều chỉnh ánh sáng, giúp bạn luôn nổi bật ngay cả trong điều kiện thiếu sáng hoặc ánh sáng ngược, không còn lo lắng về việc gương mặt bị tối hay mờ nhạt. Đặc biệt, màn che riêng tư tích hợp cho phép bạn dễ dàng đóng lại ống kính khi không sử dụng, đảm bảo sự an toàn và riêng tư tuyệt đối. Với micro giảm ồn tích hợp, giọng nói của bạn sẽ được thu lại rõ ràng, tách biệt khỏi tạp âm xung quanh, giúp mọi cuộc trò chuyện trở nên liền mạch và hiệu quả hơn. Thiết kế ''plug-and-play'' đơn giản, chỉ cần cắm vào cổng USB là có thể sử dụng ngay, tương thích rộng rãi với các nền tảng họp trực tuyến phổ biến. Logitech Brio 100 Rose không chỉ là một chiếc webcam, mà là tuyên ngôn về phong cách và chất lượng, giúp bạn tự tin tỏa sáng trong mọi khoảnh khắc kết nối.',
            12, 'https://product.hstatic.net/200000722513/product/c6uf2qmx_83370c17cd444b59a8d835b44b720835.png', '2024-01-17T10:19:42+00:00',1);
        
INSERT INTO product_image (name, product_variant_id, image_url, is_main)
VALUES
    ('Ảnh 1', 823, 'https://product.hstatic.net/200000722513/product/c6uf2qmx_83370c17cd444b59a8d835b44b720835.png', TRUE),
    ('Ảnh 2', 823, 'https://product.hstatic.net/200000722513/product/g2hw9lq9_a67b0b54b86a4db1a69e9367488e898b.png', FALSE),
    ('Ảnh 3', 823, 'https://product.hstatic.net/200000722513/product/qjjd57tq_458f05f55e284d21ab774b3a44b258fe.png', FALSE),
    ('Ảnh 4', 823, 'https://product.hstatic.net/200000722513/product/gw8g1bdh_b3f8ab805a8e4b9a9d2fc5cbb2f829fa.png', FALSE);
---
INSERT INTO product (name, seo_name, brand_id, specifications, description, created_by, image_url) 
    VALUES (
        'Webcam Logitech Brio 100 White', 'webcam-logitech-brio-100-white', 13,
        '{"Độ phân giải": "Full HD 1080p 30fps, HD 720p/30fps", "Kết nối": "USB-A cắm là sử dụng", "Màu sắc": "Trắng", "Tầm nhìn chéo": "58°", "Tự động điều chỉnh ánh sáng": "Right Light 2", "Tính năng": "Có mic tích hợp", "Khả năng thu phóng": "1x"}',
        'Nâng tầm trải nghiệm giao tiếp trực tuyến của bạn với Webcam Logitech Brio 100 White – sự kết hợp hoàn hảo giữa hiệu suất vượt trội và phong cách tinh tế. Được thiết kế dành riêng cho những ai yêu thích sự chuyên nghiệp và thanh lịch, Brio 100 White mang đến hình ảnh sắc nét, sống động với độ phân giải Full HD 1080p ở tốc độ 30 khung hình/giây. Điều này đảm bảo bạn luôn xuất hiện rõ ràng, tươi sáng và chuyên nghiệp trong mọi cuộc họp, buổi học trực tuyến hay buổi phát sóng trực tiếp.\n\nVới thiết kế màu trắng hiện đại và tối giản, Brio 100 White không chỉ là một thiết bị công nghệ mà còn là điểm nhấn sang trọng, hoàn hảo cho mọi không gian làm việc hay học tập. Camera tích hợp tính năng điều chỉnh ánh sáng tự động, giúp tối ưu hóa hình ảnh ngay cả trong điều kiện ánh sáng kém, trong khi micro tích hợp khả năng giảm tiếng ồn thông minh, thu âm giọng nói của bạn rõ ràng và tự nhiên, loại bỏ tạp âm gây xao nhãng.\n\nThiết lập và sử dụng cực kỳ đơn giản với kết nối USB-C plug-and-play, cho phép bạn bắt đầu cuộc gọi chỉ trong tích tắc mà không cần cài đặt phức tạp. Tương thích liền mạch với các hệ điều hành phổ biến như Windows, macOS và ChromeOS. Dù bạn đang làm việc từ xa, tham gia các buổi học trực tuyến hay kết nối với bạn bè và gia đình, Logitech Brio 100 White sẽ biến mọi khoảnh khắc giao tiếp trở nên chân thực, rõ nét và chuyên nghiệp hơn bao giờ hết. Lựa chọn Brio 100 White để không chỉ nhìn rõ mà còn tự tin thể hiện phong cách của riêng bạn.',
        1, 'https://product.hstatic.net/200000722513/product/rpaylaar_366cbfbf7f5b4f8795e14f3df04c9c8b.png'
    );
INSERT INTO product_category (product_id, category_id) VALUES (824, 23);
INSERT INTO product_variant (
        product_id, name, seo_name, supplier_id, price, price_sale, quantity, sku, model, barcode, 
        specifications, description, warranty, image_url, release_at, created_by)
        VALUES ( 824, 'Webcam Logitech Brio 100 White', 'webcam-logitech-brio-100-white',
            1, 750000, 750000, 10, 'CAM-LOGITECH-BRIO-100-WHITE',
            'CAM-LOGITECH-BRIO-100-WHITE', 'CAM-LOGITECH-BRIO-100-WHITE',
            '{"Độ phân giải": "Full HD 1080p 30fps, HD 720p/30fps", "Kết nối": "USB-A cắm là sử dụng", "Màu sắc": "Trắng", "Tầm nhìn chéo": "58°", "Tự động điều chỉnh ánh sáng": "Right Light 2", "Tính năng": "Có mic tích hợp", "Khả năng thu phóng": "1x"}',
            'Nâng tầm trải nghiệm giao tiếp trực tuyến của bạn với Webcam Logitech Brio 100 White – sự kết hợp hoàn hảo giữa hiệu suất vượt trội và phong cách tinh tế. Được thiết kế dành riêng cho những ai yêu thích sự chuyên nghiệp và thanh lịch, Brio 100 White mang đến hình ảnh sắc nét, sống động với độ phân giải Full HD 1080p ở tốc độ 30 khung hình/giây. Điều này đảm bảo bạn luôn xuất hiện rõ ràng, tươi sáng và chuyên nghiệp trong mọi cuộc họp, buổi học trực tuyến hay buổi phát sóng trực tiếp.\n\nVới thiết kế màu trắng hiện đại và tối giản, Brio 100 White không chỉ là một thiết bị công nghệ mà còn là điểm nhấn sang trọng, hoàn hảo cho mọi không gian làm việc hay học tập. Camera tích hợp tính năng điều chỉnh ánh sáng tự động, giúp tối ưu hóa hình ảnh ngay cả trong điều kiện ánh sáng kém, trong khi micro tích hợp khả năng giảm tiếng ồn thông minh, thu âm giọng nói của bạn rõ ràng và tự nhiên, loại bỏ tạp âm gây xao nhãng.\n\nThiết lập và sử dụng cực kỳ đơn giản với kết nối USB-C plug-and-play, cho phép bạn bắt đầu cuộc gọi chỉ trong tích tắc mà không cần cài đặt phức tạp. Tương thích liền mạch với các hệ điều hành phổ biến như Windows, macOS và ChromeOS. Dù bạn đang làm việc từ xa, tham gia các buổi học trực tuyến hay kết nối với bạn bè và gia đình, Logitech Brio 100 White sẽ biến mọi khoảnh khắc giao tiếp trở nên chân thực, rõ nét và chuyên nghiệp hơn bao giờ hết. Lựa chọn Brio 100 White để không chỉ nhìn rõ mà còn tự tin thể hiện phong cách của riêng bạn.',
            12, 'https://product.hstatic.net/200000722513/product/rpaylaar_366cbfbf7f5b4f8795e14f3df04c9c8b.png', '2024-01-17T10:21:26+00:00',1);
        
INSERT INTO product_image (name, product_variant_id, image_url, is_main)
VALUES
    ('Ảnh 1', 824, 'https://product.hstatic.net/200000722513/product/rpaylaar_366cbfbf7f5b4f8795e14f3df04c9c8b.png', TRUE),
    ('Ảnh 2', 824, 'https://product.hstatic.net/200000722513/product/j8cgpvug_9ef0ee2be6da4b4c8ed55027038ae5fd.png', FALSE),
    ('Ảnh 3', 824, 'https://product.hstatic.net/200000722513/product/euxrc1x4_834c8cf1ede0421881b4e7b8708e8b3d.png', FALSE),
    ('Ảnh 4', 824, 'https://product.hstatic.net/200000722513/product/0zrz7008_ef0adcd8289842a39ac12c01fbc5bb15.png', FALSE);
---
INSERT INTO product (name, seo_name, brand_id, specifications, description, created_by, image_url) 
    VALUES (
        'Webcam Logitech Brio 4k', 'webcam-logitech-brio-4k', 13,
        '{"Thương hiệu": "Logitech", "Model": "Logitech Brio 4K", "Màu sắc": "Đen", "Kích thước": "Chiều cao: 27 mm, Chiều rộng: 102 mm, Chiều dày: 27 mm", "Trọng lượng": "63 g", "Kẹp gắn": "Có thể tháo rời", "Tương thích": "Windows 8 trở lên, macOS 10.10 trở lên, Chrome OS (Yêu cầu RAM 2 GB trở lên cho việc truyền phát video 1080p, thông thường cần 1 GB để truyền trực tuyến 720p)", "Cổng": "Một cổng USB 2.0 hoặc USB 3.0 (Việc quay và truyền trực tuyến 4K yêu cầu cổng USB 3.0 và phần mềm tương thích của bên thứ ba)", "Độ phân giải": "4K/30fps (lên tới 4096 x 2160 pixel), 1080p/30fps hoặc 60 fps (lên tới 1920 x 1080 pixel), 720p/30fps, 60fps, hoặc 90fps (lên tới 1280 x 720 pixel)", "Camera mega pixel": "13", "Loại tiêu cự": "Lấy nét tự động", "Loại thấu kính": "Kính", "Micro tích hợp": "Âm thanh nổi", "Tầm nhìn chéo (dFoV)": "90°/78°/65°", "Thu phóng kỹ thuật số": "5x"}',
        'Webcam Logitech Brio 4K là thiết bị hội nghị truyền hình cao cấp, được thiết kế để mang lại trải nghiệm hình ảnh và âm thanh vượt trội. Với khả năng quay video Ultra HD 4K ở tốc độ 30 khung hình/giây hoặc Full HD 1080p ở 30/60 khung hình/giây, Brio 4K đảm bảo mọi chi tiết đều sắc nét và rõ ràng, lý tưởng cho các cuộc họp trực tuyến chuyên nghiệp, livestream hoặc tạo nội dung. Điểm nổi bật của Brio 4K là công nghệ RightLight™ 3 với HDR (High Dynamic Range), giúp tự động điều chỉnh ánh sáng để bạn luôn xuất hiện tốt nhất, ngay cả trong điều kiện ánh sáng yếu hoặc ngược sáng mạnh. Người dùng có thể lựa chọn ba trường nhìn khác nhau (90°, 78° và 65°) để tập trung vào bản thân hoặc bao quát không gian rộng hơn, rất linh hoạt cho các tình huống khác nhau. Bên cạnh chất lượng hình ảnh đỉnh cao, Brio 4K còn tích hợp hai micrô đa hướng có khả năng chống ồn, thu âm rõ ràng giọng nói của bạn từ mọi góc độ. Tính năng lấy nét tự động siêu nhanh đảm bảo hình ảnh luôn sắc nét, ngay cả khi bạn di chuyển. Đặc biệt, webcam này tương thích với Windows Hello, cho phép đăng nhập nhanh chóng và an toàn bằng công nghệ nhận diện khuôn mặt. Với thiết kế nhỏ gọn, kẹp đa năng dễ dàng gắn lên màn hình hoặc tripod, Logitech Brio 4K là lựa chọn hoàn hảo cho các chuyên gia, người sáng tạo nội dung và bất kỳ ai yêu cầu chất lượng hình ảnh vượt trội.',
        1, 'https://product.hstatic.net/200000722513/product/brio-gallery-2_d046dcf21eb146e59211a52cdb78fb90_1e30408cb9a7461da7354a063f09c649.png'
    );
INSERT INTO product_category (product_id, category_id) VALUES (825, 50);
INSERT INTO product_variant (
        product_id, name, seo_name, supplier_id, price, price_sale, quantity, sku, model, barcode, 
        specifications, description, warranty, image_url, release_at, created_by)
        VALUES ( 825, 'Webcam Logitech Brio 4k', 'webcam-logitech-brio-4k',
            1, 5990000, 4590000, 10, 'PK-LOGITECH-BRIO-4K',
            'PK-LOGITECH-BRIO-4K', 'PK-LOGITECH-BRIO-4K',
            '{"Thương hiệu": "Logitech", "Model": "Logitech Brio 4K", "Màu sắc": "Đen", "Kích thước": "Chiều cao: 27 mm, Chiều rộng: 102 mm, Chiều dày: 27 mm", "Trọng lượng": "63 g", "Kẹp gắn": "Có thể tháo rời", "Tương thích": "Windows 8 trở lên, macOS 10.10 trở lên, Chrome OS (Yêu cầu RAM 2 GB trở lên cho việc truyền phát video 1080p, thông thường cần 1 GB để truyền trực tuyến 720p)", "Cổng": "Một cổng USB 2.0 hoặc USB 3.0 (Việc quay và truyền trực tuyến 4K yêu cầu cổng USB 3.0 và phần mềm tương thích của bên thứ ba)", "Độ phân giải": "4K/30fps (lên tới 4096 x 2160 pixel), 1080p/30fps hoặc 60 fps (lên tới 1920 x 1080 pixel), 720p/30fps, 60fps, hoặc 90fps (lên tới 1280 x 720 pixel)", "Camera mega pixel": "13", "Loại tiêu cự": "Lấy nét tự động", "Loại thấu kính": "Kính", "Micro tích hợp": "Âm thanh nổi", "Tầm nhìn chéo (dFoV)": "90°/78°/65°", "Thu phóng kỹ thuật số": "5x"}',
            'Webcam Logitech Brio 4K là thiết bị hội nghị truyền hình cao cấp, được thiết kế để mang lại trải nghiệm hình ảnh và âm thanh vượt trội. Với khả năng quay video Ultra HD 4K ở tốc độ 30 khung hình/giây hoặc Full HD 1080p ở 30/60 khung hình/giây, Brio 4K đảm bảo mọi chi tiết đều sắc nét và rõ ràng, lý tưởng cho các cuộc họp trực tuyến chuyên nghiệp, livestream hoặc tạo nội dung. Điểm nổi bật của Brio 4K là công nghệ RightLight™ 3 với HDR (High Dynamic Range), giúp tự động điều chỉnh ánh sáng để bạn luôn xuất hiện tốt nhất, ngay cả trong điều kiện ánh sáng yếu hoặc ngược sáng mạnh. Người dùng có thể lựa chọn ba trường nhìn khác nhau (90°, 78° và 65°) để tập trung vào bản thân hoặc bao quát không gian rộng hơn, rất linh hoạt cho các tình huống khác nhau. Bên cạnh chất lượng hình ảnh đỉnh cao, Brio 4K còn tích hợp hai micrô đa hướng có khả năng chống ồn, thu âm rõ ràng giọng nói của bạn từ mọi góc độ. Tính năng lấy nét tự động siêu nhanh đảm bảo hình ảnh luôn sắc nét, ngay cả khi bạn di chuyển. Đặc biệt, webcam này tương thích với Windows Hello, cho phép đăng nhập nhanh chóng và an toàn bằng công nghệ nhận diện khuôn mặt. Với thiết kế nhỏ gọn, kẹp đa năng dễ dàng gắn lên màn hình hoặc tripod, Logitech Brio 4K là lựa chọn hoàn hảo cho các chuyên gia, người sáng tạo nội dung và bất kỳ ai yêu cầu chất lượng hình ảnh vượt trội.',
            24, 'https://product.hstatic.net/200000722513/product/brio-gallery-2_d046dcf21eb146e59211a52cdb78fb90_1e30408cb9a7461da7354a063f09c649.png', '2023-06-02T12:45:05+00:00',1);
        
INSERT INTO product_image (name, product_variant_id, image_url, is_main)
VALUES
    ('Ảnh 1', 825, 'https://product.hstatic.net/200000722513/product/brio-gallery-2_d046dcf21eb146e59211a52cdb78fb90_1e30408cb9a7461da7354a063f09c649.png', TRUE),
    ('Ảnh 2', 825, 'https://product.hstatic.net/200000722513/product/brio-gallery-4_51d6cc1b0b79437b9d77c4649d37e147_e6f04fe3b1c7400da4f3051ad49987f5.png', FALSE),
    ('Ảnh 3', 825, 'https://product.hstatic.net/200000722513/product/brio-gallery-3_8008a9f23c3646799dcde343521983dc_3c98bb00df6a422ab2930b1a3d1901f2.png', FALSE),
    ('Ảnh 4', 825, 'https://product.hstatic.net/200000722513/product/brio-feature-3-v2_5cbfd034e14a4b23b687b3928530b85c_d03beefe4e0d443985a301124a5175b0.png', FALSE);
---
INSERT INTO product (name, seo_name, brand_id, specifications, description, created_by, image_url) 
    VALUES (
        'Webcam Logitech Brio 500 Graphite', 'webcam-logitech-brio-500-graphite', 13,
        '{"Độ phân giải": "1080p/30fps hoặc 720p/60fps", "Kết nối": "USB-C", "Màu sắc": "Đen", "Tầm nhìn chéo": "90°", "Tự động điều chỉnh ánh sáng": "RightLight 4", "Tính năng": "Lấy nét tự động", "Khả năng thu phóng": "4x"}',
        'Nâng tầm trải nghiệm họp trực tuyến và sáng tạo nội dung của bạn với Webcam Logitech Brio 500 Graphite – một thiết bị được thiết kế tinh xảo để đáp ứng nhu cầu của kỷ nguyên làm việc kết hợp. Với màu Graphite sang trọng và hiện đại, Brio 500 không chỉ là một công cụ mà còn là một điểm nhấn tinh tế trên bàn làm việc của bạn.\n\nTận hưởng chất lượng hình ảnh Full HD 1080p sắc nét, mang lại độ rõ ràng vượt trội cho mọi cuộc gọi video. Công nghệ RightLight 4 tiên tiến của Logitech tự động điều chỉnh ánh sáng, đảm bảo bạn luôn xuất hiện rạng rỡ và chuyên nghiệp, ngay cả trong điều kiện ánh sáng yếu hoặc ngược sáng. Tính năng RightSight tự động căn khung hình, giữ bạn luôn ở trung tâm cảnh quay, tạo sự tương tác tự nhiên và liền mạch.\n\nBên cạnh hình ảnh xuất sắc, Brio 500 còn được trang bị micro kép chống ồn, thu âm giọng nói của bạn một cách rõ ràng và loại bỏ tiếng ồn xung quanh, giúp thông điệp của bạn luôn được truyền tải trọn vẹn.\n\nĐiểm nổi bật của Brio 500 là chế độ \"Show Mode\" đột phá. Chỉ với một thao tác xoay nhẹ, bạn có thể dễ dàng chia sẻ các tài liệu, bản vẽ hoặc vật thể vật lý trên bàn của mình một cách trực quan cho người đối diện, cực kỳ lý tưởng cho các buổi trình bày hoặc giải thích chi tiết. Màn trập riêng tư tích hợp giúp bảo vệ quyền riêng tư của bạn một cách nhanh chóng và an toàn khi không sử dụng camera.\n\nKết nối dễ dàng qua USB-C, Brio 500 tương thích hoàn hảo với các nền tảng họp trực tuyến phổ biến như Zoom, Microsoft Teams, Google Meet và nhiều ứng dụng khác, mang lại sự tiện lợi tối đa. Logitech Brio 500 Graphite là lựa chọn lý tưởng cho các chuyên gia, người sáng tạo nội dung và bất kỳ ai muốn nâng cấp chất lượng hình ảnh và âm thanh của mình trong mọi không gian làm việc.',
        1, 'https://product.hstatic.net/200000722513/product/thumbphim-recovered1_e65ad5f2a0724d3ba8e79f84ba81d24e_fd2d244a870b47cca01a5e45e2bf8c37.png'
    );
INSERT INTO product_category (product_id, category_id) VALUES (826, 23);
INSERT INTO product_variant (
        product_id, name, seo_name, supplier_id, price, price_sale, quantity, sku, model, barcode, 
        specifications, description, warranty, image_url, release_at, created_by)
        VALUES ( 826, 'Webcam Logitech Brio 500 Graphite', 'webcam-logitech-brio-500-graphite',
            1, 2990000, 2790000, 10, 'CAM-LOGITECH-BRIO-500-GRAPHITE',
            'Webcam Logitech Brio 500 Graphite', 'Webcam Logitech Brio 500 Graphite',
            '{"Độ phân giải": "1080p/30fps hoặc 720p/60fps", "Kết nối": "USB-C", "Màu sắc": "Đen", "Tầm nhìn chéo": "90°", "Tự động điều chỉnh ánh sáng": "RightLight 4", "Tính năng": "Lấy nét tự động", "Khả năng thu phóng": "4x"}',
            'Nâng tầm trải nghiệm họp trực tuyến và sáng tạo nội dung của bạn với Webcam Logitech Brio 500 Graphite – một thiết bị được thiết kế tinh xảo để đáp ứng nhu cầu của kỷ nguyên làm việc kết hợp. Với màu Graphite sang trọng và hiện đại, Brio 500 không chỉ là một công cụ mà còn là một điểm nhấn tinh tế trên bàn làm việc của bạn.\n\nTận hưởng chất lượng hình ảnh Full HD 1080p sắc nét, mang lại độ rõ ràng vượt trội cho mọi cuộc gọi video. Công nghệ RightLight 4 tiên tiến của Logitech tự động điều chỉnh ánh sáng, đảm bảo bạn luôn xuất hiện rạng rỡ và chuyên nghiệp, ngay cả trong điều kiện ánh sáng yếu hoặc ngược sáng. Tính năng RightSight tự động căn khung hình, giữ bạn luôn ở trung tâm cảnh quay, tạo sự tương tác tự nhiên và liền mạch.\n\nBên cạnh hình ảnh xuất sắc, Brio 500 còn được trang bị micro kép chống ồn, thu âm giọng nói của bạn một cách rõ ràng và loại bỏ tiếng ồn xung quanh, giúp thông điệp của bạn luôn được truyền tải trọn vẹn.\n\nĐiểm nổi bật của Brio 500 là chế độ \"Show Mode\" đột phá. Chỉ với một thao tác xoay nhẹ, bạn có thể dễ dàng chia sẻ các tài liệu, bản vẽ hoặc vật thể vật lý trên bàn của mình một cách trực quan cho người đối diện, cực kỳ lý tưởng cho các buổi trình bày hoặc giải thích chi tiết. Màn trập riêng tư tích hợp giúp bảo vệ quyền riêng tư của bạn một cách nhanh chóng và an toàn khi không sử dụng camera.\n\nKết nối dễ dàng qua USB-C, Brio 500 tương thích hoàn hảo với các nền tảng họp trực tuyến phổ biến như Zoom, Microsoft Teams, Google Meet và nhiều ứng dụng khác, mang lại sự tiện lợi tối đa. Logitech Brio 500 Graphite là lựa chọn lý tưởng cho các chuyên gia, người sáng tạo nội dung và bất kỳ ai muốn nâng cấp chất lượng hình ảnh và âm thanh của mình trong mọi không gian làm việc.',
            12, 'https://product.hstatic.net/200000722513/product/thumbphim-recovered1_e65ad5f2a0724d3ba8e79f84ba81d24e_fd2d244a870b47cca01a5e45e2bf8c37.png', '2023-06-02T05:23:10+00:00',1);
        
INSERT INTO product_image (name, product_variant_id, image_url, is_main)
VALUES
    ('Ảnh 1', 826, 'https://product.hstatic.net/200000722513/product/thumbphim-recovered1_e65ad5f2a0724d3ba8e79f84ba81d24e_fd2d244a870b47cca01a5e45e2bf8c37.png', TRUE),
    ('Ảnh 2', 826, 'https://product.hstatic.net/200000722513/product/brio500-den_dec470bee2b441f19591778ca681ebae_68bc2ab0b1b94e3e80737b8f244f9384.png', FALSE),
    ('Ảnh 3', 826, 'https://product.hstatic.net/200000722513/product/thumbphim-recovered_2ed99cd4372140038aaf91718d8e8f7f_ad45551efd19417db32f191d15a1f9f9.png', FALSE),
    ('Ảnh 4', 826, 'https://product.hstatic.net/200000722513/product/thumbphim-recovered2_5b2588398b864654b069c7d18136d5fd_fb885abd1e10427087834a2298698f8c.png', FALSE),
    ('Ảnh 5', 826, 'https://product.hstatic.net/200000722513/product/thumbphim-recovered4_2fb107a61f4d49e0b49466203e87700a_cad4d0f94100411fb8140808cd28afaa.png', FALSE);
---
INSERT INTO product (name, seo_name, brand_id, specifications, description, created_by, image_url) 
    VALUES (
        'Webcam Logitech Brio 500 Off White', 'webcam-logitech-brio-500-off-white', 13,
        '{"Độ phân giải": "1080p/30fps hoặc 720p/60fps", "Kết nối": "USB-C", "Màu sắc": "Trắng", "Tầm nhìn chéo": "90°", "Tự động điều chỉnh ánh sáng": "RightLight 4", "Tính năng": "Lấy nét tự động", "Khả năng thu phóng": "4x"}',
        'Nâng tầm trải nghiệm họp trực tuyến và sáng tạo nội dung của bạn với Webcam Logitech Brio 500 Off White – sự kết hợp hoàn hảo giữa phong cách hiện đại và công nghệ tiên tiến. Với tông màu trắng ngà sang trọng, Brio 500 không chỉ là một công cụ làm việc mà còn là một phụ kiện tinh tế tô điểm cho không gian làm việc của bạn.\n\nTrải nghiệm hình ảnh sắc nét, sống động với độ phân giải Full HD 1080p, mang đến sự rõ ràng vượt trội trong mọi cuộc gọi video và buổi phát trực tiếp. Công nghệ RightLight™ 4 độc quyền của Logitech tự động điều chỉnh độ sáng, đảm bảo bạn luôn xuất hiện rạng rỡ và chuyên nghiệp, ngay cả trong điều kiện ánh sáng yếu hoặc ngược sáng.\n\nĐặc biệt, tính năng tự động căn chỉnh khung hình (Auto-Framing) thông minh giúp bạn luôn ở giữa khung hình, cho phép bạn tự do di chuyển mà không lo bị mất nét. Chế độ \"Show Mode\" sáng tạo cho phép bạn dễ dàng chia sẻ các vật thể trên bàn làm việc chỉ bằng cách nghiêng camera xuống, lý tưởng cho việc trình bày sản phẩm hoặc ghi chú.\n\nÂm thanh của bạn sẽ luôn rõ ràng và tự nhiên nhờ vào hệ thống micrô kép khử tiếng ồn, loại bỏ tạp âm xung quanh để giọng nói của bạn luôn được ưu tiên. Khi không sử dụng, màn trập riêng tư tích hợp đảm bảo sự riêng tư tuyệt đối của bạn chỉ với một thao tác trượt đơn giản.\n\nKết nối dễ dàng qua USB-C, tương thích rộng rãi với các nền tảng họp trực tuyến phổ biến như Zoom, Microsoft Teams, Google Meet và nhiều hơn nữa. Logitech Brio 500 Off White không chỉ là một webcam, đó là tuyên ngôn về phong cách và hiệu suất làm việc đỉnh cao.',
        1, 'https://product.hstatic.net/200000722513/product/thumbphim-recovered1_82e4a9ed1d234b03abb1bb47be330f09_f1d18b1221374ccfa29c5d4cb682f232.png'
    );
INSERT INTO product_category (product_id, category_id) VALUES (827, 23);
INSERT INTO product_variant (
        product_id, name, seo_name, supplier_id, price, price_sale, quantity, sku, model, barcode, 
        specifications, description, warranty, image_url, release_at, created_by)
        VALUES ( 827, 'Webcam Logitech Brio 500 Off White', 'webcam-logitech-brio-500-off-white',
            1, 3590000, 2490000, 10, 'CAM-LOGITECH-BRIO-500-OFFWHITE',
            'CAM-LOGITECH-BRIO-500-OFFWHITE', 'CAM-LOGITECH-BRIO-500-OFFWHITE',
            '{"Độ phân giải": "1080p/30fps hoặc 720p/60fps", "Kết nối": "USB-C", "Màu sắc": "Trắng", "Tầm nhìn chéo": "90°", "Tự động điều chỉnh ánh sáng": "RightLight 4", "Tính năng": "Lấy nét tự động", "Khả năng thu phóng": "4x"}',
            'Nâng tầm trải nghiệm họp trực tuyến và sáng tạo nội dung của bạn với Webcam Logitech Brio 500 Off White – sự kết hợp hoàn hảo giữa phong cách hiện đại và công nghệ tiên tiến. Với tông màu trắng ngà sang trọng, Brio 500 không chỉ là một công cụ làm việc mà còn là một phụ kiện tinh tế tô điểm cho không gian làm việc của bạn.\n\nTrải nghiệm hình ảnh sắc nét, sống động với độ phân giải Full HD 1080p, mang đến sự rõ ràng vượt trội trong mọi cuộc gọi video và buổi phát trực tiếp. Công nghệ RightLight™ 4 độc quyền của Logitech tự động điều chỉnh độ sáng, đảm bảo bạn luôn xuất hiện rạng rỡ và chuyên nghiệp, ngay cả trong điều kiện ánh sáng yếu hoặc ngược sáng.\n\nĐặc biệt, tính năng tự động căn chỉnh khung hình (Auto-Framing) thông minh giúp bạn luôn ở giữa khung hình, cho phép bạn tự do di chuyển mà không lo bị mất nét. Chế độ \"Show Mode\" sáng tạo cho phép bạn dễ dàng chia sẻ các vật thể trên bàn làm việc chỉ bằng cách nghiêng camera xuống, lý tưởng cho việc trình bày sản phẩm hoặc ghi chú.\n\nÂm thanh của bạn sẽ luôn rõ ràng và tự nhiên nhờ vào hệ thống micrô kép khử tiếng ồn, loại bỏ tạp âm xung quanh để giọng nói của bạn luôn được ưu tiên. Khi không sử dụng, màn trập riêng tư tích hợp đảm bảo sự riêng tư tuyệt đối của bạn chỉ với một thao tác trượt đơn giản.\n\nKết nối dễ dàng qua USB-C, tương thích rộng rãi với các nền tảng họp trực tuyến phổ biến như Zoom, Microsoft Teams, Google Meet và nhiều hơn nữa. Logitech Brio 500 Off White không chỉ là một webcam, đó là tuyên ngôn về phong cách và hiệu suất làm việc đỉnh cao.',
            12, 'https://product.hstatic.net/200000722513/product/thumbphim-recovered1_82e4a9ed1d234b03abb1bb47be330f09_f1d18b1221374ccfa29c5d4cb682f232.png', '2023-06-02T05:23:15+00:00',1);
        
INSERT INTO product_image (name, product_variant_id, image_url, is_main)
VALUES
    ('Ảnh 1', 827, 'https://product.hstatic.net/200000722513/product/thumbphim-recovered1_82e4a9ed1d234b03abb1bb47be330f09_f1d18b1221374ccfa29c5d4cb682f232.png', TRUE),
    ('Ảnh 2', 827, 'https://product.hstatic.net/200000722513/product/thumbphim-recovered_212a06d8de21481f9cbb350c51aba075_2f52107d51874a3e8a15bcc2601cfd72.png', FALSE),
    ('Ảnh 3', 827, 'https://product.hstatic.net/200000722513/product/thumbphim-recovered2_c59698ac9c73434895b4efe5b45a121d_12c3c59d8210428697be26dffa14ab0b.png', FALSE),
    ('Ảnh 4', 827, 'https://product.hstatic.net/200000722513/product/thumbphim-recovered4_c30d3ee8654448d29ab99f77efc5a232_33cc3eb80b6d430b8cfd7f275b223777.png', FALSE);
---
INSERT INTO product (name, seo_name, brand_id, specifications, description, created_by, image_url) 
    VALUES (
        'Webcam Logitech Brio 500 Pink', 'webcam-logitech-brio-500-pink', 13,
        '{"Độ phân giải": "1080p/30fps hoặc 720p/60fps", "Kết nối": "USB-C", "Màu sắc": "Đen", "Tầm nhìn chéo": "90°", "Tự động điều chỉnh ánh sáng": "RightLight 4", "Tính năng": "Lấy nét tự động", "Khả năng thu phóng": "4x"}',
        'Webcam Logitech Brio 500 Pink là sự lựa chọn hoàn hảo cho những ai đang tìm kiếm một thiết bị nâng tầm trải nghiệm làm việc từ xa, học tập trực tuyến hay sáng tạo nội dung với phong cách và hiệu suất vượt trội. Với tông màu hồng cá tính và thanh lịch, chiếc webcam này không chỉ là một công cụ mà còn là điểm nhấn thẩm mỹ trên bàn làm việc của bạn. Brio 500 mang đến chất lượng hình ảnh Full HD 1080p ở tốc độ 30 khung hình/giây hoặc 720p ở 60 khung hình/giây, đảm bảo mọi cuộc họp, buổi học hay buổi phát trực tiếp của bạn đều sắc nét và mượt mà. Công nghệ RightLight™ 4 tiên tiến tự động điều chỉnh độ sáng và màu sắc, giúp bạn luôn trông đẹp nhất ngay cả trong điều kiện ánh sáng yếu hoặc ngược sáng. Điểm nổi bật của Brio 500 là tính năng Auto-Framing (tự động căn khung hình) giúp bạn luôn ở giữa khung hình, cho dù bạn di chuyển nhẹ. Chế độ Show Mode sáng tạo cho phép bạn dễ dàng nghiêng camera xuống để hiển thị vật thể trên bàn làm việc chỉ bằng một thao tác, cực kỳ hữu ích cho các buổi thuyết trình hay chia sẻ ý tưởng. Màn trập riêng tư tích hợp giúp bảo vệ quyền riêng tư của bạn một cách tuyệt đối khi không sử dụng. Với hai micrô tích hợp công nghệ giảm tiếng ồn, giọng nói của bạn sẽ được thu âm rõ ràng và tự nhiên, loại bỏ tạp âm gây nhiễu từ môi trường xung quanh. Kết nối USB-C tiện lợi và khả năng cắm là chạy giúp thiết lập nhanh chóng, không cần cài đặt phức tạp. Logitech Brio 500 Pink không chỉ chú trọng đến hiệu năng mà còn hướng tới sự bền vững với việc sử dụng nhựa tái chế trong thiết kế, thể hiện cam kết của Logitech với môi trường. Đây chắc chắn là một người bạn đồng hành đáng tin cậy, mang lại sự chuyên nghiệp và cá tính cho mọi khoảnh khắc trực tuyến của bạn.',
        1, 'https://product.hstatic.net/200000722513/product/avatar_8829e55e34bb4530bb859350cca41427_ad9cfe13ce0b4823b540f9327ecad3f3.png'
    );
INSERT INTO product_category (product_id, category_id) VALUES (828, 23);
INSERT INTO product_variant (
        product_id, name, seo_name, supplier_id, price, price_sale, quantity, sku, model, barcode, 
        specifications, description, warranty, image_url, release_at, created_by)
        VALUES ( 828, 'Webcam Logitech Brio 500 Pink', 'webcam-logitech-brio-500-pink',
            1, 2990000, 2790000, 10, 'CAM-LOGITECH-BRIO-500-PINK',
            'CAM-LOGITECH-BRIO-500-PINK', 'CAM-LOGITECH-BRIO-500-PINK',
            '{"Độ phân giải": "1080p/30fps hoặc 720p/60fps", "Kết nối": "USB-C", "Màu sắc": "Đen", "Tầm nhìn chéo": "90°", "Tự động điều chỉnh ánh sáng": "RightLight 4", "Tính năng": "Lấy nét tự động", "Khả năng thu phóng": "4x"}',
            'Webcam Logitech Brio 500 Pink là sự lựa chọn hoàn hảo cho những ai đang tìm kiếm một thiết bị nâng tầm trải nghiệm làm việc từ xa, học tập trực tuyến hay sáng tạo nội dung với phong cách và hiệu suất vượt trội. Với tông màu hồng cá tính và thanh lịch, chiếc webcam này không chỉ là một công cụ mà còn là điểm nhấn thẩm mỹ trên bàn làm việc của bạn. Brio 500 mang đến chất lượng hình ảnh Full HD 1080p ở tốc độ 30 khung hình/giây hoặc 720p ở 60 khung hình/giây, đảm bảo mọi cuộc họp, buổi học hay buổi phát trực tiếp của bạn đều sắc nét và mượt mà. Công nghệ RightLight™ 4 tiên tiến tự động điều chỉnh độ sáng và màu sắc, giúp bạn luôn trông đẹp nhất ngay cả trong điều kiện ánh sáng yếu hoặc ngược sáng. Điểm nổi bật của Brio 500 là tính năng Auto-Framing (tự động căn khung hình) giúp bạn luôn ở giữa khung hình, cho dù bạn di chuyển nhẹ. Chế độ Show Mode sáng tạo cho phép bạn dễ dàng nghiêng camera xuống để hiển thị vật thể trên bàn làm việc chỉ bằng một thao tác, cực kỳ hữu ích cho các buổi thuyết trình hay chia sẻ ý tưởng. Màn trập riêng tư tích hợp giúp bảo vệ quyền riêng tư của bạn một cách tuyệt đối khi không sử dụng. Với hai micrô tích hợp công nghệ giảm tiếng ồn, giọng nói của bạn sẽ được thu âm rõ ràng và tự nhiên, loại bỏ tạp âm gây nhiễu từ môi trường xung quanh. Kết nối USB-C tiện lợi và khả năng cắm là chạy giúp thiết lập nhanh chóng, không cần cài đặt phức tạp. Logitech Brio 500 Pink không chỉ chú trọng đến hiệu năng mà còn hướng tới sự bền vững với việc sử dụng nhựa tái chế trong thiết kế, thể hiện cam kết của Logitech với môi trường. Đây chắc chắn là một người bạn đồng hành đáng tin cậy, mang lại sự chuyên nghiệp và cá tính cho mọi khoảnh khắc trực tuyến của bạn.',
            12, 'https://product.hstatic.net/200000722513/product/avatar_8829e55e34bb4530bb859350cca41427_ad9cfe13ce0b4823b540f9327ecad3f3.png', '2023-06-02T05:23:18+00:00',1);
        
INSERT INTO product_image (name, product_variant_id, image_url, is_main)
VALUES
    ('Ảnh 1', 828, 'https://product.hstatic.net/200000722513/product/avatar_8829e55e34bb4530bb859350cca41427_ad9cfe13ce0b4823b540f9327ecad3f3.png', TRUE),
    ('Ảnh 2', 828, 'https://product.hstatic.net/200000722513/product/1_3247ce6c98d748d99cef42864375a16f_36512ddcb41f4c3ab268b7e771d2033e.png', FALSE),
    ('Ảnh 3', 828, 'https://product.hstatic.net/200000722513/product/2_bdd0b34b289e40859ce3c736b3ec57c7_8adda93f30654440a340d55412436ed5.png', FALSE),
    ('Ảnh 4', 828, 'https://product.hstatic.net/200000722513/product/1532069360-4764-600x389_21f0738ff8bd427a90c3cb729f8fb80d_cb0dc905330a40adbdc990cd8f9da1b3.png', FALSE),
    ('Ảnh 5', 828, 'https://product.hstatic.net/200000722513/product/vt350_c2b1acaf80f040c8bbacac0024fe0429_af2177459a834847b1b8b390c3a3f358.png', FALSE);
---
INSERT INTO product (name, seo_name, brand_id, specifications, description, created_by, image_url) 
    VALUES (
        'Webcam Logitech C505', 'webcam-logitech-c505', 13,
        '{"Sản phẩm:": "Webcam Logitech C505", "Độ phân giải tối đa:": "720p/30fps", "Loại tiêu cự": "Cố định", "Loại thấu kính": "Nhựa", "Micrô tích hợp": "Đơn âm", "Tầm nhìn chéo (dFoV)": "60°", "Kích thước": "Chiều cao: 31,91 mm, Chiều rộng: 72,91 mm, Chiều dày: 66,64 mm, Độ dài dây cáp: 2 m", "Trọng lượng": "75g"}',
        'Webcam Logitech C505 là một giải pháp lý tưởng cho những ai tìm kiếm chất lượng hình ảnh HD và âm thanh rõ ràng trong các cuộc gọi video hàng ngày. Với độ phân giải HD 720p ở tốc độ 30 khung hình/giây, C505 mang đến hình ảnh sắc nét, mượt mà, giúp bạn luôn trông chuyên nghiệp và rõ ràng trong mọi cuộc họp trực tuyến hoặc buổi học từ xa.\n\nĐiểm nổi bật của C505 là micro tích hợp có khả năng thu âm từ khoảng cách lên đến 3 mét, sử dụng công nghệ tạo chùm tia (beamforming) giúp giảm tiếng ồn xung quanh và tập trung vào giọng nói của bạn, đảm bảo mọi lời nói đều được truyền tải rõ ràng và tự nhiên.\n\nDây cáp USB-A dài 2 mét cung cấp sự linh hoạt đáng kể trong việc thiết lập vị trí webcam, dù bạn muốn gắn nó lên màn hình, laptop hay đặt trên một giá đỡ. Thiết kế kẹp đa năng cho phép gắn C505 một cách an toàn và dễ dàng trên nhiều loại màn hình hoặc laptop.\n\nWebcam này hoạt động ngay lập tức chỉ với thao tác cắm và chạy (plug-and-play), không cần cài đặt phần mềm phức tạp, tương thích rộng rãi với các hệ điều hành phổ biến như Windows, macOS và ChromeOS.\n\nLogitech C505 là lựa chọn hoàn hảo cho công việc từ xa, học trực tuyến hoặc giữ liên lạc với gia đình và bạn bè, mang lại trải nghiệm giao tiếp trực tuyến đáng tin cậy và chất lượng.',
        1, 'https://product.hstatic.net/200000722513/product/61c8okzgtol._ac_sl1500__30e311f528c442e8be986e8515079940_44bd3ee4731345dfbcb97498d2d815bb.jpg'
    );
INSERT INTO product_category (product_id, category_id) VALUES (829, 23);
INSERT INTO product_variant (
        product_id, name, seo_name, supplier_id, price, price_sale, quantity, sku, model, barcode, 
        specifications, description, warranty, image_url, release_at, created_by)
        VALUES ( 829, 'Webcam Logitech C505', 'webcam-logitech-c505',
            1, 990000, 940000, 10, 'CAM-LOG-C505',
            'Webcam Logitech C505', 'Webcam Logitech C505',
            '{"Sản phẩm:": "Webcam Logitech C505", "Độ phân giải tối đa:": "720p/30fps", "Loại tiêu cự": "Cố định", "Loại thấu kính": "Nhựa", "Micrô tích hợp": "Đơn âm", "Tầm nhìn chéo (dFoV)": "60°", "Kích thước": "Chiều cao: 31,91 mm, Chiều rộng: 72,91 mm, Chiều dày: 66,64 mm, Độ dài dây cáp: 2 m", "Trọng lượng": "75g"}',
            'Webcam Logitech C505 là một giải pháp lý tưởng cho những ai tìm kiếm chất lượng hình ảnh HD và âm thanh rõ ràng trong các cuộc gọi video hàng ngày. Với độ phân giải HD 720p ở tốc độ 30 khung hình/giây, C505 mang đến hình ảnh sắc nét, mượt mà, giúp bạn luôn trông chuyên nghiệp và rõ ràng trong mọi cuộc họp trực tuyến hoặc buổi học từ xa.\n\nĐiểm nổi bật của C505 là micro tích hợp có khả năng thu âm từ khoảng cách lên đến 3 mét, sử dụng công nghệ tạo chùm tia (beamforming) giúp giảm tiếng ồn xung quanh và tập trung vào giọng nói của bạn, đảm bảo mọi lời nói đều được truyền tải rõ ràng và tự nhiên.\n\nDây cáp USB-A dài 2 mét cung cấp sự linh hoạt đáng kể trong việc thiết lập vị trí webcam, dù bạn muốn gắn nó lên màn hình, laptop hay đặt trên một giá đỡ. Thiết kế kẹp đa năng cho phép gắn C505 một cách an toàn và dễ dàng trên nhiều loại màn hình hoặc laptop.\n\nWebcam này hoạt động ngay lập tức chỉ với thao tác cắm và chạy (plug-and-play), không cần cài đặt phần mềm phức tạp, tương thích rộng rãi với các hệ điều hành phổ biến như Windows, macOS và ChromeOS.\n\nLogitech C505 là lựa chọn hoàn hảo cho công việc từ xa, học trực tuyến hoặc giữ liên lạc với gia đình và bạn bè, mang lại trải nghiệm giao tiếp trực tuyến đáng tin cậy và chất lượng.',
            12, 'https://product.hstatic.net/200000722513/product/61c8okzgtol._ac_sl1500__30e311f528c442e8be986e8515079940_44bd3ee4731345dfbcb97498d2d815bb.jpg', '2023-06-03T07:05:01+00:00',1);
        
INSERT INTO product_image (name, product_variant_id, image_url, is_main)
VALUES
    ('Ảnh 1', 829, 'https://product.hstatic.net/200000722513/product/61c8okzgtol._ac_sl1500__30e311f528c442e8be986e8515079940_44bd3ee4731345dfbcb97498d2d815bb.jpg', TRUE),
    ('Ảnh 2', 829, 'https://product.hstatic.net/200000722513/product/61ehq7fsfdl._ac_sl1500__6a3345c35e7948b49c4758af998b055f_3778b601975e495a91c23d5922359d62.jpg', FALSE),
    ('Ảnh 3', 829, 'https://product.hstatic.net/200000722513/product/71jue_miabl._ac_sl1500__75026fe5dfee47029cd3120b37c5761d_cdfd657726b44edb948ff3a960330bd6.jpg', FALSE),
    ('Ảnh 4', 829, 'https://product.hstatic.net/200000722513/product/71fp-e6qetl._ac_sl1500__722167448ee0445ea0c7ff0a6e0eec6e_dd31f672c06b464eb3012159af8e827a.jpg', FALSE),
    ('Ảnh 5', 829, 'https://product.hstatic.net/200000722513/product/61ze-acinkl._ac_sl1500__669c364470a34a8fbf6f3e5dee7042b8_64e68d8493f24f6993026964b289e998.jpg', FALSE),
    ('Ảnh 6', 829, 'https://product.hstatic.net/200000722513/product/71n_nscibol._ac_sl1500__4ff93941af5343c5af713becc0c5c601_df5ee84bea8d41d8a3293560a7fec663.jpg', FALSE),
    ('Ảnh 7', 829, 'https://product.hstatic.net/200000722513/product/71u8uxzourl._ac_sl1500__de686445b6754082bebb7109d6bba435_cc2d5a0327e1414a84f30a8275e7c3aa.jpg', FALSE),
    ('Ảnh 8', 829, 'https://product.hstatic.net/200000722513/product/71ze7p4jmwl._ac_sl1500__09aef58d96bf496799918bec3b494070_06965c70402d4c488d342fb90417e336.jpg', FALSE);
---
INSERT INTO product (name, seo_name, brand_id, specifications, description, created_by, image_url) 
    VALUES (
        'Webcam Logitech C615', 'webcam-logitech-hd-c615', 13,
        '{"Nhà sản xuất": "Logitech", "Tình trạng": "Fullbox - Mới 100%", "Thời gian bảo hành": "24 tháng", "Độ phân giải": "5.0MP, ghi hình chuẩn HD 1080p", "Hệ điều hành tương thích": "Windows Vista®, Windows® 7 (32-bit hoặc 64-bit) hoặc Windows® 8"}',
        'Webcam Logitech C615 là một giải pháp lý tưởng cho nhu cầu giao tiếp video chất lượng cao, dù bạn đang di chuyển hay làm việc tại nhà. Thiết bị này nổi bật với khả năng quay video Full HD 1080p ở tốc độ 30 khung hình/giây, mang lại hình ảnh sắc nét và chi tiết cho các bản ghi video của bạn. Đối với các cuộc gọi video trực tuyến, C615 hỗ trợ độ phân giải HD 720p, đảm bảo mọi cuộc trò chuyện diễn ra mượt mà và rõ ràng trên các nền tảng phổ biến như Skype, Zoom, Google Meet và Microsoft Teams.\n\nĐiểm cộng lớn của C615 là tính năng tự động lấy nét (autofocus) tiên tiến, giữ cho hình ảnh của bạn luôn sắc nét ngay cả khi bạn di chuyển nhẹ hoặc thay đổi khoảng cách với camera. Cùng với đó, ống kính thủy tinh chất lượng cao giúp tái tạo màu sắc chân thực và độ tương phản tốt.\n\nVề âm thanh, chiếc webcam này được trang bị micro tích hợp với công nghệ giảm tiếng ồn, cho phép giọng nói của bạn được thu rõ ràng và tự nhiên, loại bỏ các tạp âm không mong muốn từ môi trường xung quanh.\n\nThiết kế gập gọn độc đáo của Logitech C615 là một ưu điểm vượt trội về tính di động. Bạn có thể dễ dàng gập nó lại và mang theo trong túi xách hoặc ba lô, lý tưởng cho những chuyến công tác hay làm việc từ xa. Kẹp đa năng đi kèm cho phép gắn webcam chắc chắn lên màn hình máy tính xách tay, màn hình LCD, hoặc đặt trên mặt phẳng. Khả năng xoay 360 độ giúp bạn dễ dàng điều chỉnh góc quay để tìm được khung hình hoàn hảo cho mọi tình huống.\n\nVới cổng kết nối USB 2.0 tiêu chuẩn và khả năng tương thích rộng rãi với Windows, macOS và Chrome OS, Logitech C615 là một lựa chọn đáng tin cậy và linh hoạt, đáp ứng mọi nhu cầu từ học tập trực tuyến, họp hành công việc cho đến tạo nội dung cá nhân.',
        1, 'https://product.hstatic.net/200000722513/product/hd-webcam-c615-4_7c28f0a28d59447f973fd0aa3a99b002_567ba68cc5db40cdaf3490ccc2e146f4.png'
    );
INSERT INTO product_category (product_id, category_id) VALUES (830, 23);
INSERT INTO product_variant (
        product_id, name, seo_name, supplier_id, price, price_sale, quantity, sku, model, barcode, 
        specifications, description, warranty, image_url, release_at, created_by)
        VALUES ( 830, 'Webcam Logitech C615', 'webcam-logitech-hd-c615',
            1, 1890000, 1590000, 10, 'CAM-LOG-C615',
            'Webcam Logitech C615', 'Webcam Logitech C615',
            '{"Nhà sản xuất": "Logitech", "Tình trạng": "Fullbox - Mới 100%", "Thời gian bảo hành": "24 tháng", "Độ phân giải": "5.0MP, ghi hình chuẩn HD 1080p", "Hệ điều hành tương thích": "Windows Vista®, Windows® 7 (32-bit hoặc 64-bit) hoặc Windows® 8"}',
            'Webcam Logitech C615 là một giải pháp lý tưởng cho nhu cầu giao tiếp video chất lượng cao, dù bạn đang di chuyển hay làm việc tại nhà. Thiết bị này nổi bật với khả năng quay video Full HD 1080p ở tốc độ 30 khung hình/giây, mang lại hình ảnh sắc nét và chi tiết cho các bản ghi video của bạn. Đối với các cuộc gọi video trực tuyến, C615 hỗ trợ độ phân giải HD 720p, đảm bảo mọi cuộc trò chuyện diễn ra mượt mà và rõ ràng trên các nền tảng phổ biến như Skype, Zoom, Google Meet và Microsoft Teams.\n\nĐiểm cộng lớn của C615 là tính năng tự động lấy nét (autofocus) tiên tiến, giữ cho hình ảnh của bạn luôn sắc nét ngay cả khi bạn di chuyển nhẹ hoặc thay đổi khoảng cách với camera. Cùng với đó, ống kính thủy tinh chất lượng cao giúp tái tạo màu sắc chân thực và độ tương phản tốt.\n\nVề âm thanh, chiếc webcam này được trang bị micro tích hợp với công nghệ giảm tiếng ồn, cho phép giọng nói của bạn được thu rõ ràng và tự nhiên, loại bỏ các tạp âm không mong muốn từ môi trường xung quanh.\n\nThiết kế gập gọn độc đáo của Logitech C615 là một ưu điểm vượt trội về tính di động. Bạn có thể dễ dàng gập nó lại và mang theo trong túi xách hoặc ba lô, lý tưởng cho những chuyến công tác hay làm việc từ xa. Kẹp đa năng đi kèm cho phép gắn webcam chắc chắn lên màn hình máy tính xách tay, màn hình LCD, hoặc đặt trên mặt phẳng. Khả năng xoay 360 độ giúp bạn dễ dàng điều chỉnh góc quay để tìm được khung hình hoàn hảo cho mọi tình huống.\n\nVới cổng kết nối USB 2.0 tiêu chuẩn và khả năng tương thích rộng rãi với Windows, macOS và Chrome OS, Logitech C615 là một lựa chọn đáng tin cậy và linh hoạt, đáp ứng mọi nhu cầu từ học tập trực tuyến, họp hành công việc cho đến tạo nội dung cá nhân.',
            24, 'https://product.hstatic.net/200000722513/product/hd-webcam-c615-4_7c28f0a28d59447f973fd0aa3a99b002_567ba68cc5db40cdaf3490ccc2e146f4.png', '2023-06-02T18:15:20+00:00',1);
        
INSERT INTO product_image (name, product_variant_id, image_url, is_main)
VALUES
    ('Ảnh 1', 830, 'https://product.hstatic.net/200000722513/product/hd-webcam-c615-4_7c28f0a28d59447f973fd0aa3a99b002_567ba68cc5db40cdaf3490ccc2e146f4.png', TRUE),
    ('Ảnh 2', 830, 'https://product.hstatic.net/200000722513/product/hd-webcam-c615-3_001f5ed1a3b9428ea3281c73cd873343_cf25aa6e26234934a5ab95d805bd6465.png', FALSE),
    ('Ảnh 3', 830, 'https://product.hstatic.net/200000722513/product/hd-webcam-c615-5_f5524d8665834e9ab0aecd39d08f247d_44bbd80a5184498a9999d72af430d92b.png', FALSE),
    ('Ảnh 4', 830, 'https://product.hstatic.net/200000722513/product/hd-webcam-c615-2_d7220be4a9834986942cf4fc41f46152_377db084682947019e688802e8ca495d.png', FALSE),
    ('Ảnh 5', 830, 'https://product.hstatic.net/200000722513/product/hd-webcam-c615-1_62c79080d7794d57826e74c89ee84be6_892a3d5f03b1459a9dc653a14e812b6c.png', FALSE);
---
INSERT INTO product (name, seo_name, brand_id, specifications, description, created_by, image_url) 
    VALUES (
        'WebCam Logitech C922 Pro Stream', 'webcam-logitech-c922', 13,
        '{">> Xem thêm": "Webcam là gì?"}',
        'Kết nối với sự rõ nét ưu việt mỗi lần bạn phát trực tiếp trên các kênh như Twitch và YouTube. Truyền trực tuyến mọi thứ bạn muốn với lựa chọn Full 1080p ở 30 fps hoặc siêu nhanh HD 720p ở 60 fps. Truyền phát xuất sắc với âm thanh ổn định, không mất mát, tính năng lấy nét tự động và góc xem chéo 78°. Bao gồm bản quyền XSplit thành viên cao cấp 3 tháng miễn phí.',
        1, 'https://product.hstatic.net/200000722513/product/logitech_c922_gearvn00_a108708820e04981ba255624be802a2c.jpg'
    );
INSERT INTO product_category (product_id, category_id) VALUES (831, 23);
INSERT INTO product_variant (
        product_id, name, seo_name, supplier_id, price, price_sale, quantity, sku, model, barcode, 
        specifications, description, warranty, image_url, release_at, created_by)
        VALUES ( 831, 'WebCam Logitech C922 Pro Stream', 'webcam-logitech-c922',
            1, 2590000, 2290000, 10, 'CAM-LOG-C922-PRO',
            'CAM-LOG-C922-PRO', 'CAM-LOG-C922-PRO',
            '{"Độ phân giải tối đa": "1080p/30fps - 720p/60fps","Camera mega pixel": "3","Loại tiêu điểm": "Autofocus","Loại ống kính": "Glass","Mic tích hợp": "Stereo","Phạm vi mic": "Up to 1 m","Góc nhìn rộng nhất (DFOV)": "78°","Zoom kỹ thuật số": "1.2x","Cao": "44 mm","Chiều rộng": "95 mm","Chiều sâu": "71 mm", "Chiều dài cáp": "1.5 m", "Trọng lượng": "162 g", "Kết nối": "USB 2.0", "Độ phân giải ảnh": "2MP"}',
            'Kết nối với sự rõ nét ưu việt mỗi lần bạn phát trực tiếp trên các kênh như Twitch và YouTube. Truyền trực tuyến mọi thứ bạn muốn với lựa chọn Full 1080p ở 30 fps hoặc siêu nhanh HD 720p ở 60 fps. Truyền phát xuất sắc với âm thanh ổn định, không mất mát, tính năng lấy nét tự động và góc xem chéo 78°. Bao gồm bản quyền XSplit thành viên cao cấp 3 tháng miễn phí.',
            12, 'https://product.hstatic.net/200000722513/product/logitech_c922_gearvn00_a108708820e04981ba255624be802a2c.jpg', '2023-12-05T06:47:03+00:00',1);
        
INSERT INTO product_image (name, product_variant_id, image_url, is_main)
VALUES
    ('Ảnh 1', 831, 'https://product.hstatic.net/200000722513/product/logitech_c922_gearvn00_a108708820e04981ba255624be802a2c.jpg', TRUE),
    ('Ảnh 2', 831, 'https://product.hstatic.net/200000722513/product/c922-pro-stream-webcam-gearvn-02_0ec7c0b64a1944babe4193b5f7f5e5c5.png', FALSE),
    ('Ảnh 3', 831, 'https://product.hstatic.net/200000722513/product/c922-pro-stream-webcam-gearvn-01_3f5441863869483e862183d4d6db6e29.png', FALSE),
    ('Ảnh 4', 831, 'https://product.hstatic.net/200000722513/product/c922-pro-stream-webcam-gearvn-03_f9fac966fe0848f69a992761ace7bde4.png', FALSE);
---
INSERT INTO product (name, seo_name, brand_id, specifications, description, created_by, image_url) 
    VALUES (
        'Webcam Logitech C925e', 'webcam-logitech-c925e', 13,
        '{"Độ phân giải": "1080p", "Tốc độ khung hình": "30FPS", "Kết nối": "USB-A", "Màu sắc": "Đen", "Tiêu cự": "Lấy nét tự động", "Tính năng": "H.264 - Rightlight™ 2", "Kích thước": "73 x 126 x 45mm", "Khối lượng": "170g"}',
        'Webcam Logitech C925e là một giải pháp hội nghị video chuyên nghiệp, được thiết kế đặc biệt để đáp ứng nhu cầu của các doanh nghiệp và người dùng cần chất lượng hình ảnh và âm thanh vượt trội trong mọi cuộc gọi. Với khả năng quay video Full HD 1080p ở tốc độ 30 khung hình/giây, C925e mang đến hình ảnh sắc nét, rõ ràng và sống động, giúp bạn luôn xuất hiện chuyên nghiệp. Công nghệ RightLight™ 2 của Logitech tự động điều chỉnh ánh sáng, đảm bảo bạn luôn được chiếu sáng tốt ngay cả trong điều kiện ánh sáng yếu hoặc ngược sáng, loại bỏ nỗi lo về môi trường thiếu sáng. C925e không chỉ chú trọng đến hình ảnh mà còn cả âm thanh. Thiết bị được trang bị hai micro đa hướng tích hợp với công nghệ giảm tiếng ồn, thu giọng nói rõ ràng từ mọi góc độ, loại bỏ tạp âm xung quanh và mang lại trải nghiệm giao tiếp liền mạch. Tính năng màn trập bảo mật tích hợp là một điểm cộng lớn, cho phép bạn dễ dàng đóng ống kính khi không sử dụng, đảm bảo sự riêng tư hoàn toàn và an tâm tuyệt đối. Thiết kế cắm và chạy (plug-and-play) qua cổng USB giúp việc cài đặt trở nên cực kỳ đơn giản, chỉ cần cắm vào và sử dụng ngay mà không cần cài đặt phần mềm phức tạp. Kẹp gắn đa năng cho phép C925e dễ dàng gắn lên màn hình laptop, màn hình máy tính để bàn hoặc thậm chí là chân máy ảnh. Webcam này tương thích rộng rãi với hầu hết các ứng dụng hội nghị video hàng đầu như Microsoft Teams, Skype for Business, Zoom, Google Meet và nhiều nền tảng khác, đồng thời được chứng nhận cho các ứng dụng UC phổ biến. Với độ bền cao và hiệu suất ổn định, Logitech C925e là lựa chọn lý tưởng cho các cuộc họp trực tuyến quan trọng, phỏng vấn từ xa hoặc làm việc tại nhà, mang lại trải nghiệm kết nối chuyên nghiệp và đáng tin cậy.',
        1, 'https://product.hstatic.net/200000722513/product/gearvn-webcam-logitech-c925e-22222_6e0f4237da9e4cf5b74dd00788ef62ea_68864c40b7894defa2020a8f17929051.jpg'
    );
INSERT INTO product_category (product_id, category_id) VALUES (832, 23);
INSERT INTO product_variant (
        product_id, name, seo_name, supplier_id, price, price_sale, quantity, sku, model, barcode, 
        specifications, description, warranty, image_url, release_at, created_by)
        VALUES ( 832, 'Webcam Logitech C925e', 'webcam-logitech-c925e',
            1, 2990000, 2590000, 10, 'CAM-LOG-C925E',
            'Webcam Logitech C925e', 'Webcam Logitech C925e',
            '{"Độ phân giải": "1080p", "Tốc độ khung hình": "30FPS", "Kết nối": "USB-A", "Màu sắc": "Đen", "Tiêu cự": "Lấy nét tự động", "Tính năng": "H.264 - Rightlight™ 2", "Kích thước": "73 x 126 x 45mm", "Khối lượng": "170g"}',
            'Webcam Logitech C925e là một giải pháp hội nghị video chuyên nghiệp, được thiết kế đặc biệt để đáp ứng nhu cầu của các doanh nghiệp và người dùng cần chất lượng hình ảnh và âm thanh vượt trội trong mọi cuộc gọi. Với khả năng quay video Full HD 1080p ở tốc độ 30 khung hình/giây, C925e mang đến hình ảnh sắc nét, rõ ràng và sống động, giúp bạn luôn xuất hiện chuyên nghiệp. Công nghệ RightLight™ 2 của Logitech tự động điều chỉnh ánh sáng, đảm bảo bạn luôn được chiếu sáng tốt ngay cả trong điều kiện ánh sáng yếu hoặc ngược sáng, loại bỏ nỗi lo về môi trường thiếu sáng. C925e không chỉ chú trọng đến hình ảnh mà còn cả âm thanh. Thiết bị được trang bị hai micro đa hướng tích hợp với công nghệ giảm tiếng ồn, thu giọng nói rõ ràng từ mọi góc độ, loại bỏ tạp âm xung quanh và mang lại trải nghiệm giao tiếp liền mạch. Tính năng màn trập bảo mật tích hợp là một điểm cộng lớn, cho phép bạn dễ dàng đóng ống kính khi không sử dụng, đảm bảo sự riêng tư hoàn toàn và an tâm tuyệt đối. Thiết kế cắm và chạy (plug-and-play) qua cổng USB giúp việc cài đặt trở nên cực kỳ đơn giản, chỉ cần cắm vào và sử dụng ngay mà không cần cài đặt phần mềm phức tạp. Kẹp gắn đa năng cho phép C925e dễ dàng gắn lên màn hình laptop, màn hình máy tính để bàn hoặc thậm chí là chân máy ảnh. Webcam này tương thích rộng rãi với hầu hết các ứng dụng hội nghị video hàng đầu như Microsoft Teams, Skype for Business, Zoom, Google Meet và nhiều nền tảng khác, đồng thời được chứng nhận cho các ứng dụng UC phổ biến. Với độ bền cao và hiệu suất ổn định, Logitech C925e là lựa chọn lý tưởng cho các cuộc họp trực tuyến quan trọng, phỏng vấn từ xa hoặc làm việc tại nhà, mang lại trải nghiệm kết nối chuyên nghiệp và đáng tin cậy.',
            36, 'https://product.hstatic.net/200000722513/product/gearvn-webcam-logitech-c925e-22222_6e0f4237da9e4cf5b74dd00788ef62ea_68864c40b7894defa2020a8f17929051.jpg', '2023-06-03T10:19:29+00:00',1);
        
INSERT INTO product_image (name, product_variant_id, image_url, is_main)
VALUES
    ('Ảnh 1', 832, 'https://product.hstatic.net/200000722513/product/gearvn-webcam-logitech-c925e-22222_6e0f4237da9e4cf5b74dd00788ef62ea_68864c40b7894defa2020a8f17929051.jpg', TRUE),
    ('Ảnh 2', 832, 'https://product.hstatic.net/200000722513/product/gearvn-webcam-logitech-c925e_aa3ebc140b474a45977571c1cabfeb44_0cf4b85c159d4b15958d8fcb09206e89.png', FALSE),
    ('Ảnh 3', 832, 'https://product.hstatic.net/200000722513/product/gearvn-webcam-logitech-c925e-1_4990f9d364e04345ab008a1ed177b791_adeb34edcbaf4091bbfc0bdb58c70825.jpg', FALSE),
    ('Ảnh 4', 832, 'https://product.hstatic.net/200000722513/product/gearvn-webcam-logitech-c925e-1_fc6bb741fe174d21876d77777904ee30_93e8c8d52d194e428ddd73b7f465e552.png', FALSE);
---
INSERT INTO product (name, seo_name, brand_id, specifications, description, created_by, image_url) 
    VALUES (
        'Webcam Logitech C930e', 'webcam-logitech-c930e', 13,
        '{"Độ phân giải": "1920 x 1080", "Tốc độ khung hình": "30fps", "Kết nối": "USB", "Màu sắc": "Đen bạc", "Tiêu cự": "Lấy nét tự động", "Tính năng": "Logi Tune", "Kích thước": "43 x 94 x 71mm", "Khối lượng": "162g"}',
        'Webcam Logitech C930e là một giải pháp camera hội nghị tiên tiến, được thiết kế đặc biệt để đáp ứng nhu cầu khắt khe của môi trường doanh nghiệp và làm việc từ xa. Với khả năng quay video Full HD 1080p ở tốc độ 30 khung hình/giây, C930e mang đến hình ảnh sắc nét, rõ ràng và sống động, đảm bảo mọi cuộc họp trực tuyến của bạn diễn ra một cách chuyên nghiệp nhất. Ống kính góc rộng 90 độ lý tưởng cho các cuộc họp nhóm, cho phép nhiều người cùng xuất hiện trong khung hình mà không cần chen chúc, hoặc để hiển thị rõ ràng bảng trắng và các vật thể khác. Công nghệ Logitech RightLight 2 tự động điều chỉnh ánh sáng để bạn luôn trông đẹp nhất, ngay cả trong điều kiện ánh sáng yếu hoặc ngược sáng. Tính năng lấy nét tự động chính xác đảm bảo hình ảnh của bạn luôn sắc nét, không bị mờ nhòe. Đặc biệt, C930e tích hợp hai micro đa hướng với công nghệ giảm tiếng ồn, thu âm thanh rõ ràng từ mọi phía, giúp giọng nói của bạn luôn được nghe thấy một cách chi tiết và trung thực. Chuẩn nén H.264 với mã hóa video có khả năng mở rộng (SVC) và mã hóa UVC 1.5 giúp giảm đáng kể gánh nặng xử lý cho máy tính, mang lại trải nghiệm video mượt mà hơn. Sản phẩm tương thích rộng rãi với các nền tảng hội nghị hàng đầu như Zoom, Microsoft Teams, Google Meet, Skype for Business và Cisco Webex, biến nó thành một công cụ không thể thiếu cho mọi doanh nghiệp và cá nhân làm việc từ xa.',
        1, 'https://product.hstatic.net/200000722513/product/gearvn_logitech_hd_pro_webcam_c930_064ae030a3434f64a7838a955cb8a233_61450b0096aa42189fa935c7a3ca9ee9.png'
    );
INSERT INTO product_category (product_id, category_id) VALUES (833, 23);
INSERT INTO product_variant (
        product_id, name, seo_name, supplier_id, price, price_sale, quantity, sku, model, barcode, 
        specifications, description, warranty, image_url, release_at, created_by)
        VALUES ( 833, 'Webcam Logitech C930e', 'webcam-logitech-c930e',
            1, 3290000, 2790000, 10, 'CAM-LOG-C930E',
            'Webcam Logitech C930e', 'Webcam Logitech C930e',
            '{"Độ phân giải": "1920 x 1080", "Tốc độ khung hình": "30fps", "Kết nối": "USB", "Màu sắc": "Đen bạc", "Tiêu cự": "Lấy nét tự động", "Tính năng": "Logi Tune", "Kích thước": "43 x 94 x 71mm", "Khối lượng": "162g"}',
            'Webcam Logitech C930e là một giải pháp camera hội nghị tiên tiến, được thiết kế đặc biệt để đáp ứng nhu cầu khắt khe của môi trường doanh nghiệp và làm việc từ xa. Với khả năng quay video Full HD 1080p ở tốc độ 30 khung hình/giây, C930e mang đến hình ảnh sắc nét, rõ ràng và sống động, đảm bảo mọi cuộc họp trực tuyến của bạn diễn ra một cách chuyên nghiệp nhất. Ống kính góc rộng 90 độ lý tưởng cho các cuộc họp nhóm, cho phép nhiều người cùng xuất hiện trong khung hình mà không cần chen chúc, hoặc để hiển thị rõ ràng bảng trắng và các vật thể khác. Công nghệ Logitech RightLight 2 tự động điều chỉnh ánh sáng để bạn luôn trông đẹp nhất, ngay cả trong điều kiện ánh sáng yếu hoặc ngược sáng. Tính năng lấy nét tự động chính xác đảm bảo hình ảnh của bạn luôn sắc nét, không bị mờ nhòe. Đặc biệt, C930e tích hợp hai micro đa hướng với công nghệ giảm tiếng ồn, thu âm thanh rõ ràng từ mọi phía, giúp giọng nói của bạn luôn được nghe thấy một cách chi tiết và trung thực. Chuẩn nén H.264 với mã hóa video có khả năng mở rộng (SVC) và mã hóa UVC 1.5 giúp giảm đáng kể gánh nặng xử lý cho máy tính, mang lại trải nghiệm video mượt mà hơn. Sản phẩm tương thích rộng rãi với các nền tảng hội nghị hàng đầu như Zoom, Microsoft Teams, Google Meet, Skype for Business và Cisco Webex, biến nó thành một công cụ không thể thiếu cho mọi doanh nghiệp và cá nhân làm việc từ xa.',
            12, 'https://product.hstatic.net/200000722513/product/gearvn_logitech_hd_pro_webcam_c930_064ae030a3434f64a7838a955cb8a233_61450b0096aa42189fa935c7a3ca9ee9.png', '2023-06-02T22:16:13+00:00',1);
        
INSERT INTO product_image (name, product_variant_id, image_url, is_main)
VALUES
    ('Ảnh 1', 833, 'https://product.hstatic.net/200000722513/product/gearvn_logitech_hd_pro_webcam_c930_064ae030a3434f64a7838a955cb8a233_61450b0096aa42189fa935c7a3ca9ee9.png', TRUE);
---
INSERT INTO product (name, seo_name, brand_id, specifications, description, created_by, image_url) 
    VALUES (
        'Webcam Logitech MX Brio Pale Grey', 'webcam-logitech-mx-brio-pale-grey', 13,
        '{"Độ phân giải": "4K/30fps (3840x2160 pixel), 1080p/60fps (1920x1080 pixel)", "Loại tiêu cự": "Lấy nét tự động tiên tiến", "Loại thấu kính": "Kính", "Loại micrô tích hợp": "Micrô tạo chùm kép để giảm tiếng ồn", "Phạm vi của mic": "Lên tới 1,2 m", "Cảm biến hình ảnh": "Sony STARVIS 8,5MP", "Thu phóng phần cứng": "Thu phóng kỹ thuật số 4x", "Tầm nhìn chéo": "90°/78°/65°", "Tự động điều chỉnh ánh sáng": "Right Light 5 với tính năng cải tiến hình ảnh dựa trên khuôn mặt", "Khả năng kết nối": "Dây USB-C tới USB-C có thể tháo rời, hỗ trợ tiêu chuẩn USB 3.0", "Kích thước": "Chiều cao: 44 mm, Chiều rộng: 98 mm, Chiều dày: 36 mm", "Trọng lượng không có kẹp": "137 g", "Trong hộp": "MX Brio, Kẹp gắn với bộ điều hợp có thể tháo rời, Dây USB-C tới C 3.0, Tài liệu hướng dẫn sử dụng"}',
        'Webcam Logitech MX Brio Pale Grey là một đỉnh cao của công nghệ webcam, được thiết kế dành riêng cho các chuyên gia, người sáng tạo nội dung và bất kỳ ai yêu cầu chất lượng hình ảnh và âm thanh vượt trội cho công việc từ xa, hội họp trực tuyến hoặc phát trực tiếp. Với độ phân giải 4K Ultra HD ở tốc độ 30 khung hình/giây hoặc 1080p Full HD ở 60 khung hình/giây, MX Brio đảm bảo mọi chi tiết đều sắc nét, sống động và mượt mà, giúp bạn luôn xuất hiện một cách chuyên nghiệp nhất. Trang bị cảm biến lớn tiên tiến cùng ống kính quang học tùy chỉnh, webcam này mang lại hiệu suất vượt trội trong điều kiện ánh sáng yếu, giúp bạn luôn xuất hiện rạng rỡ và rõ nét ngay cả trong môi trường thiếu sáng. Công nghệ RightLight 5 thông minh tự động điều chỉnh độ phơi sáng, màu sắc và độ tương phản, đảm bảo bạn luôn được chiếu sáng tốt nhất. Tính năng lấy nét tự động chính xác giữ cho hình ảnh của bạn luôn sắc nét, ngay cả khi bạn di chuyển hoặc thay đổi vị trí. Về âm thanh, MX Brio tích hợp hai micro tạo chùm với khả năng giảm tiếng ồn nâng cao, thu âm giọng nói của bạn một cách rõ ràng và loại bỏ các tạp âm xung quanh, đảm bảo cuộc trò chuyện của bạn luôn trôi chảy. Thiết kế màu Xám Nhạt (Pale Grey) cao cấp với vỏ kim loại không chỉ mang lại vẻ ngoài sang trọng, tinh tế mà còn rất bền bỉ, dễ dàng hòa hợp với mọi không gian làm việc hiện đại. Webcam còn đi kèm với màn trập riêng tư tích hợp, cho phép bạn đóng hoàn toàn ống kính để bảo vệ quyền riêng tư cá nhân khi không sử dụng. Chế độ Show Mode sáng tạo giúp bạn dễ dàng chia sẻ các vật thể trên bàn làm việc bằng cách nghiêng webcam xuống một cách tiện lợi. Dễ dàng kết nối qua USB-C và tương thích rộng rãi với các nền tảng hội nghị video phổ biến như Zoom, Microsoft Teams hay Google Meet, Logitech MX Brio Pale Grey thực sự là một khoản đầu tư xứng đáng cho trải nghiệm giao tiếp trực tuyến chuyên nghiệp và cao cấp.',
        1, 'https://product.hstatic.net/200000722513/product/mx-brio-3qtr-front-right-pale-gray-gallery_fb861813d8cb4b1c91493b27d6adadf8.png'
    );
INSERT INTO product_category (product_id, category_id) VALUES (834, 23);
INSERT INTO product_variant (
        product_id, name, seo_name, supplier_id, price, price_sale, quantity, sku, model, barcode, 
        specifications, description, warranty, image_url, release_at, created_by)
        VALUES ( 834, 'Webcam Logitech MX Brio Pale Grey', 'webcam-logitech-mx-brio-pale-grey',
            1, 5049000, 4710000, 10, 'CAM-LOGITECH-MX-BRIO-PALE-GREY',
            'CAM-LOGITECH-MX-BRIO-PALE-GREY', 'CAM-LOGITECH-MX-BRIO-PALE-GREY',
            '{"Độ phân giải": "4K/30fps (3840x2160 pixel), 1080p/60fps (1920x1080 pixel)", "Loại tiêu cự": "Lấy nét tự động tiên tiến", "Loại thấu kính": "Kính", "Loại micrô tích hợp": "Micrô tạo chùm kép để giảm tiếng ồn", "Phạm vi của mic": "Lên tới 1,2 m", "Cảm biến hình ảnh": "Sony STARVIS 8,5MP", "Thu phóng phần cứng": "Thu phóng kỹ thuật số 4x", "Tầm nhìn chéo": "90°/78°/65°", "Tự động điều chỉnh ánh sáng": "Right Light 5 với tính năng cải tiến hình ảnh dựa trên khuôn mặt", "Khả năng kết nối": "Dây USB-C tới USB-C có thể tháo rời, hỗ trợ tiêu chuẩn USB 3.0", "Kích thước": "Chiều cao: 44 mm, Chiều rộng: 98 mm, Chiều dày: 36 mm", "Trọng lượng không có kẹp": "137 g", "Trong hộp": "MX Brio, Kẹp gắn với bộ điều hợp có thể tháo rời, Dây USB-C tới C 3.0, Tài liệu hướng dẫn sử dụng"}',
            'Webcam Logitech MX Brio Pale Grey là một đỉnh cao của công nghệ webcam, được thiết kế dành riêng cho các chuyên gia, người sáng tạo nội dung và bất kỳ ai yêu cầu chất lượng hình ảnh và âm thanh vượt trội cho công việc từ xa, hội họp trực tuyến hoặc phát trực tiếp. Với độ phân giải 4K Ultra HD ở tốc độ 30 khung hình/giây hoặc 1080p Full HD ở 60 khung hình/giây, MX Brio đảm bảo mọi chi tiết đều sắc nét, sống động và mượt mà, giúp bạn luôn xuất hiện một cách chuyên nghiệp nhất. Trang bị cảm biến lớn tiên tiến cùng ống kính quang học tùy chỉnh, webcam này mang lại hiệu suất vượt trội trong điều kiện ánh sáng yếu, giúp bạn luôn xuất hiện rạng rỡ và rõ nét ngay cả trong môi trường thiếu sáng. Công nghệ RightLight 5 thông minh tự động điều chỉnh độ phơi sáng, màu sắc và độ tương phản, đảm bảo bạn luôn được chiếu sáng tốt nhất. Tính năng lấy nét tự động chính xác giữ cho hình ảnh của bạn luôn sắc nét, ngay cả khi bạn di chuyển hoặc thay đổi vị trí. Về âm thanh, MX Brio tích hợp hai micro tạo chùm với khả năng giảm tiếng ồn nâng cao, thu âm giọng nói của bạn một cách rõ ràng và loại bỏ các tạp âm xung quanh, đảm bảo cuộc trò chuyện của bạn luôn trôi chảy. Thiết kế màu Xám Nhạt (Pale Grey) cao cấp với vỏ kim loại không chỉ mang lại vẻ ngoài sang trọng, tinh tế mà còn rất bền bỉ, dễ dàng hòa hợp với mọi không gian làm việc hiện đại. Webcam còn đi kèm với màn trập riêng tư tích hợp, cho phép bạn đóng hoàn toàn ống kính để bảo vệ quyền riêng tư cá nhân khi không sử dụng. Chế độ Show Mode sáng tạo giúp bạn dễ dàng chia sẻ các vật thể trên bàn làm việc bằng cách nghiêng webcam xuống một cách tiện lợi. Dễ dàng kết nối qua USB-C và tương thích rộng rãi với các nền tảng hội nghị video phổ biến như Zoom, Microsoft Teams hay Google Meet, Logitech MX Brio Pale Grey thực sự là một khoản đầu tư xứng đáng cho trải nghiệm giao tiếp trực tuyến chuyên nghiệp và cao cấp.',
            12, 'https://product.hstatic.net/200000722513/product/mx-brio-3qtr-front-right-pale-gray-gallery_fb861813d8cb4b1c91493b27d6adadf8.png', '2024-10-22T09:11:46+00:00',1);
        
INSERT INTO product_image (name, product_variant_id, image_url, is_main)
VALUES
    ('Ảnh 1', 834, 'https://product.hstatic.net/200000722513/product/mx-brio-3qtr-front-right-pale-gray-gallery_fb861813d8cb4b1c91493b27d6adadf8.png', TRUE),
    ('Ảnh 2', 834, 'https://product.hstatic.net/200000722513/product/mx-brio-3qtr-front-left-close-pale-gray-gallery_9d740a74a97a4b11ad6919d30b2483c8.png', FALSE),
    ('Ảnh 3', 834, 'https://product.hstatic.net/200000722513/product/mx-brio-3qtr-front-left-low-tilt-pale-gray-gallery_2570303f266f42e9bef34a41d373079f.png', FALSE),
    ('Ảnh 4', 834, 'https://product.hstatic.net/200000722513/product/mx-brio-in-the-box-pale-gray-gallery_2f2106690903458c87b04a92b4dc9311.png', FALSE),
    ('Ảnh 5', 834, 'https://product.hstatic.net/200000722513/product/mx-brio-profile-pale-gray-gallery_a8e1ee697aa0458f9968fd39f3237d45.png', FALSE),
    ('Ảnh 6', 834, 'https://product.hstatic.net/200000722513/product/mx-brio-pale-grey-video-thumbnail-gallery-2_6df335f51a1542a2912dfebb28446ea3.png', FALSE),
    ('Ảnh 7', 834, 'https://product.hstatic.net/200000722513/product/mx-brio-lifestyle-pale-gray-gallery_8de356ec59bb44a0b22448b34710d735.png', FALSE);
---
INSERT INTO product (name, seo_name, brand_id, specifications, description, created_by, image_url) 
    VALUES (
        'Webcam Rapoo C200 HD 720p', 'webcam-rapoo-c200-hd-720p', 29,
        '{"Thương hiệu": "Rapoo", "Model": "C200 HD 720p", "Góc nhìn": "78 độ", "Video Encoding": "H.264", "Độ phân giải": "HD 720p", "Hiệu chỉnh ánh sáng tự động": "Micro kép khử tiếng ồn", "Kết nối": "USB 2.0", "Hệ điều hành tương thích": "Windows 7/8/10 trở lên, Mac OS X 10.6 trở lên, ChromeOS và Android v5.0 trở lên", "Phần mềm tương thích": "Skype, Zoom, Google Hangouts, Face Time for Mac, QQ, WeiXin...", "Kích thước sản phẩm": "126*60*118mm", "Trọng lượng sản phẩm": "97.5g", "Đặc điểm nổi bật": "Micrô đa hướng, Ống kính HD 720p lấy nét bằng tay, Đế/Kẹp linh hoạt, Cáp USB"}',
        'Webcam Rapoo C200 HD 720p là lựa chọn lý tưởng cho mọi nhu cầu giao tiếp trực tuyến, từ các cuộc họp công việc quan trọng, lớp học online cho đến những buổi trò chuyện video thân mật với bạn bè và gia đình. Với độ phân giải HD 720p sắc nét ở tốc độ 30 khung hình/giây, chiếc webcam này mang đến hình ảnh rõ ràng, màu sắc chân thực, giúp bạn luôn xuất hiện một cách chuyên nghiệp và sống động nhất trên màn hình.\n\nĐiểm nổi bật của Rapoo C200 chính là khả năng lấy nét cố định, đảm bảo hình ảnh luôn được duy trì độ nét ổn định mà không cần điều chỉnh thủ công phiền phức. Góc nhìn rộng lên đến 90 độ cho phép thu trọn không gian xung quanh hoặc nhiều người cùng lúc trong khung hình, rất phù hợp cho các cuộc họp nhóm nhỏ, tạo sự tương tác tự nhiên.\n\nTích hợp micro đa hướng giảm nhiễu, Rapoo C200 đảm bảo âm thanh của bạn được thu lại rõ ràng, trong trẻo, loại bỏ tiếng ồn xung quanh không mong muốn. Điều này giúp cuộc trò chuyện trở nên liền mạch và hiệu quả hơn rất nhiều, ngay cả trong môi trường ồn ào.\n\nVề thiết kế, webcam sở hữu kiểu dáng nhỏ gọn, hiện đại và linh hoạt. Chân đế kẹp đa năng cho phép bạn dễ dàng gắn nó lên màn hình máy tính xách tay, màn hình desktop hoặc đặt trên mặt phẳng. Khả năng xoay 360 độ theo chiều ngang và điều chỉnh góc nghiêng giúp bạn dễ dàng tìm được góc quay hoàn hảo nhất cho mọi tình huống.\n\nRapoo C200 là sản phẩm \"Plug & Play\", nghĩa là bạn chỉ cần cắm vào cổng USB là có thể sử dụng ngay mà không cần cài đặt driver phức tạp, tiết kiệm thời gian và công sức. Nó tương thích rộng rãi với hầu hết các hệ điều hành phổ biến như Windows, macOS và các phần mềm gọi video thông dụng như Zoom, Skype, Google Meet, Microsoft Teams.\n\nĐây thực sự là một giải pháp webcam hiệu quả, tiện lợi và đáng tin cậy cho mọi người dùng, mang lại trải nghiệm giao tiếp trực tuyến mượt mà và chất lượng cao.',
        1, 'https://product.hstatic.net/200000722513/product/57417_webcam_rapoo_c200_hd_720p__3__08965473c46f4094aed2c756f4d68748_bb150fa790ae4b5fb012495bce235adf.jpg'
    );
INSERT INTO product_category (product_id, category_id) VALUES (835, 23);
INSERT INTO product_variant (
        product_id, name, seo_name, supplier_id, price, price_sale, quantity, sku, model, barcode, 
        specifications, description, warranty, image_url, release_at, created_by)
        VALUES ( 835, 'Webcam Rapoo C200 HD 720p', 'webcam-rapoo-c200-hd-720p',
            1, 890000, 590000, 10, 'CAM-RAP-C200',
            'CAM-RAP-C200', 'CAM-RAP-C200',
            '{"Thương hiệu": "Rapoo", "Model": "C200 HD 720p", "Góc nhìn": "78 độ", "Video Encoding": "H.264", "Độ phân giải": "HD 720p", "Hiệu chỉnh ánh sáng tự động": "Micro kép khử tiếng ồn", "Kết nối": "USB 2.0", "Hệ điều hành tương thích": "Windows 7/8/10 trở lên, Mac OS X 10.6 trở lên, ChromeOS và Android v5.0 trở lên", "Phần mềm tương thích": "Skype, Zoom, Google Hangouts, Face Time for Mac, QQ, WeiXin...", "Kích thước sản phẩm": "126*60*118mm", "Trọng lượng sản phẩm": "97.5g", "Đặc điểm nổi bật": "Micrô đa hướng, Ống kính HD 720p lấy nét bằng tay, Đế/Kẹp linh hoạt, Cáp USB"}',
            'Webcam Rapoo C200 HD 720p là lựa chọn lý tưởng cho mọi nhu cầu giao tiếp trực tuyến, từ các cuộc họp công việc quan trọng, lớp học online cho đến những buổi trò chuyện video thân mật với bạn bè và gia đình. Với độ phân giải HD 720p sắc nét ở tốc độ 30 khung hình/giây, chiếc webcam này mang đến hình ảnh rõ ràng, màu sắc chân thực, giúp bạn luôn xuất hiện một cách chuyên nghiệp và sống động nhất trên màn hình.\n\nĐiểm nổi bật của Rapoo C200 chính là khả năng lấy nét cố định, đảm bảo hình ảnh luôn được duy trì độ nét ổn định mà không cần điều chỉnh thủ công phiền phức. Góc nhìn rộng lên đến 90 độ cho phép thu trọn không gian xung quanh hoặc nhiều người cùng lúc trong khung hình, rất phù hợp cho các cuộc họp nhóm nhỏ, tạo sự tương tác tự nhiên.\n\nTích hợp micro đa hướng giảm nhiễu, Rapoo C200 đảm bảo âm thanh của bạn được thu lại rõ ràng, trong trẻo, loại bỏ tiếng ồn xung quanh không mong muốn. Điều này giúp cuộc trò chuyện trở nên liền mạch và hiệu quả hơn rất nhiều, ngay cả trong môi trường ồn ào.\n\nVề thiết kế, webcam sở hữu kiểu dáng nhỏ gọn, hiện đại và linh hoạt. Chân đế kẹp đa năng cho phép bạn dễ dàng gắn nó lên màn hình máy tính xách tay, màn hình desktop hoặc đặt trên mặt phẳng. Khả năng xoay 360 độ theo chiều ngang và điều chỉnh góc nghiêng giúp bạn dễ dàng tìm được góc quay hoàn hảo nhất cho mọi tình huống.\n\nRapoo C200 là sản phẩm \"Plug & Play\", nghĩa là bạn chỉ cần cắm vào cổng USB là có thể sử dụng ngay mà không cần cài đặt driver phức tạp, tiết kiệm thời gian và công sức. Nó tương thích rộng rãi với hầu hết các hệ điều hành phổ biến như Windows, macOS và các phần mềm gọi video thông dụng như Zoom, Skype, Google Meet, Microsoft Teams.\n\nĐây thực sự là một giải pháp webcam hiệu quả, tiện lợi và đáng tin cậy cho mọi người dùng, mang lại trải nghiệm giao tiếp trực tuyến mượt mà và chất lượng cao.',
            24, 'https://product.hstatic.net/200000722513/product/57417_webcam_rapoo_c200_hd_720p__3__08965473c46f4094aed2c756f4d68748_bb150fa790ae4b5fb012495bce235adf.jpg', '2023-06-03T05:00:16+00:00',1);
        
INSERT INTO product_image (name, product_variant_id, image_url, is_main)
VALUES
    ('Ảnh 1', 835, 'https://product.hstatic.net/200000722513/product/57417_webcam_rapoo_c200_hd_720p__3__08965473c46f4094aed2c756f4d68748_bb150fa790ae4b5fb012495bce235adf.jpg', TRUE),
    ('Ảnh 2', 835, 'https://product.hstatic.net/200000722513/product/57417_webcam_rapoo_c200_hd_720p_4fee8cfed740413a81962e3d68d6cf59_1d07a514d6a3457998561893d97143b3.jpg', FALSE),
    ('Ảnh 3', 835, 'https://product.hstatic.net/200000722513/product/57417_webcam_rapoo_c200_hd_720p__2__165b05bbc36a45e9a1fa9278e11b0fc0_8841c5fade8c403ea20952f6dc2a059b.jpg', FALSE);
---
INSERT INTO product (name, seo_name, brand_id, specifications, description, created_by, image_url) 
    VALUES (
        'Webcam Rapoo C260 FullHD 1080p', 'webcam-rapoo-c260-fullhd-1080p', 29,
        '{"Hãng sản xuất": "Rapoo", "Model": "C260 FullHD 1080p", "Góc nhìn": "80 độ", "Video Encoding": "H.264", "Độ phân giải": "FHD 1080P / HD 720P", "Hiệu chỉnh ánh sáng tự động": "Có", "Tích hợp micro": "Micro kép khử tiếng ồn", "Kết nối": "USB 2.0", "Hệ điều hành tương thích": "Windows 7/8/10 trở lên, Mac OS X 10.6 trở lên, ChromeOS và Android 5.0 trở lên", "Phần mềm tương thích": "Skype, Zoom, Google Hangouts, Face Time for Mac, QQ, WeiXin,...", "Kích thước": "77*48.7*45mm", "Trọng lượng": "97.5g", "Đặc điểm nổi bật": "Micrô đa hướng, Ống kính HD 1080p lấy nét tự động, Đế/Kẹp linh hoạt, Cáp USB"}',
        'Webcam Rapoo C260 FullHD 1080p là giải pháp hoàn hảo cho mọi nhu cầu giao tiếp trực tuyến, từ hội họp công việc, học tập từ xa cho đến các cuộc gọi video với gia đình và bạn bè. Với khả năng quay video chất lượng FullHD 1080p ở tốc độ 30 khung hình mỗi giây, C260 đảm bảo hình ảnh luôn sắc nét, mượt mà và sống động, giúp bạn trông chuyên nghiệp và rõ ràng nhất trong mọi hoàn cảnh. Ống kính góc rộng 80 độ cho phép thu được khung hình rộng hơn, lý tưởng cho các cuộc họp nhóm hoặc khi bạn muốn chia sẻ không gian xung quanh. Không chỉ dừng lại ở hình ảnh, Rapoo C260 còn được trang bị microphone khử tiếng ồn tích hợp, thu âm giọng nói của bạn một cách rõ ràng và tự nhiên, loại bỏ tạp âm gây nhiễu từ môi trường xung quanh. Điều này cực kỳ quan trọng để đảm bảo cuộc trò chuyện không bị gián đoạn, mang lại trải nghiệm âm thanh chất lượng cao. Thiết kế kẹp đa năng cho phép bạn dễ dàng gắn webcam lên màn hình máy tính xách tay, màn hình PC hoặc đặt trên bề mặt phẳng, mang lại sự linh hoạt tối đa trong việc bố trí. Khả năng xoay 360 độ theo chiều ngang và điều chỉnh góc nghiêng giúp bạn dễ dàng tìm được góc quay ưng ý. Webcam này hoạt động theo cơ chế Plug & Play qua cổng USB 2.0, không yêu cầu cài đặt driver phức tạp, chỉ cần cắm vào là sử dụng được ngay. Rapoo C260 tương thích rộng rãi với nhiều hệ điều hành phổ biến như Windows, macOS, Android và hầu hết các ứng dụng gọi video thông dụng như Zoom, Microsoft Teams, Skype, Google Meet. Với chất lượng hình ảnh và âm thanh vượt trội, cùng với sự tiện lợi và linh hoạt, Rapoo C260 là lựa chọn lý tưởng để nâng cao trải nghiệm giao tiếp trực tuyến của bạn.',
        1, 'https://product.hstatic.net/200000722513/product/41070_rapoo_c260_ha3_36be9b879eac4565a1f36f0e7c63854e_a476f0af7f8e4d59894a95d21694d04d.jpg'
    );
INSERT INTO product_category (product_id, category_id) VALUES (836, 23);
INSERT INTO product_variant (
        product_id, name, seo_name, supplier_id, price, price_sale, quantity, sku, model, barcode, 
        specifications, description, warranty, image_url, release_at, created_by)
        VALUES ( 836, 'Webcam Rapoo C260 FullHD 1080p', 'webcam-rapoo-c260-fullhd-1080p',
            1, 990000, 690000, 10, 'CAM-RAP-C260',
            'CAM-RAP-C260', 'CAM-RAP-C260',
            '{"Hãng sản xuất": "Rapoo", "Model": "C260 FullHD 1080p", "Góc nhìn": "80 độ", "Video Encoding": "H.264", "Độ phân giải": "FHD 1080P / HD 720P", "Hiệu chỉnh ánh sáng tự động": "Có", "Tích hợp micro": "Micro kép khử tiếng ồn", "Kết nối": "USB 2.0", "Hệ điều hành tương thích": "Windows 7/8/10 trở lên, Mac OS X 10.6 trở lên, ChromeOS và Android 5.0 trở lên", "Phần mềm tương thích": "Skype, Zoom, Google Hangouts, Face Time for Mac, QQ, WeiXin,...", "Kích thước": "77*48.7*45mm", "Trọng lượng": "97.5g", "Đặc điểm nổi bật": "Micrô đa hướng, Ống kính HD 1080p lấy nét tự động, Đế/Kẹp linh hoạt, Cáp USB"}',
            'Webcam Rapoo C260 FullHD 1080p là giải pháp hoàn hảo cho mọi nhu cầu giao tiếp trực tuyến, từ hội họp công việc, học tập từ xa cho đến các cuộc gọi video với gia đình và bạn bè. Với khả năng quay video chất lượng FullHD 1080p ở tốc độ 30 khung hình mỗi giây, C260 đảm bảo hình ảnh luôn sắc nét, mượt mà và sống động, giúp bạn trông chuyên nghiệp và rõ ràng nhất trong mọi hoàn cảnh. Ống kính góc rộng 80 độ cho phép thu được khung hình rộng hơn, lý tưởng cho các cuộc họp nhóm hoặc khi bạn muốn chia sẻ không gian xung quanh. Không chỉ dừng lại ở hình ảnh, Rapoo C260 còn được trang bị microphone khử tiếng ồn tích hợp, thu âm giọng nói của bạn một cách rõ ràng và tự nhiên, loại bỏ tạp âm gây nhiễu từ môi trường xung quanh. Điều này cực kỳ quan trọng để đảm bảo cuộc trò chuyện không bị gián đoạn, mang lại trải nghiệm âm thanh chất lượng cao. Thiết kế kẹp đa năng cho phép bạn dễ dàng gắn webcam lên màn hình máy tính xách tay, màn hình PC hoặc đặt trên bề mặt phẳng, mang lại sự linh hoạt tối đa trong việc bố trí. Khả năng xoay 360 độ theo chiều ngang và điều chỉnh góc nghiêng giúp bạn dễ dàng tìm được góc quay ưng ý. Webcam này hoạt động theo cơ chế Plug & Play qua cổng USB 2.0, không yêu cầu cài đặt driver phức tạp, chỉ cần cắm vào là sử dụng được ngay. Rapoo C260 tương thích rộng rãi với nhiều hệ điều hành phổ biến như Windows, macOS, Android và hầu hết các ứng dụng gọi video thông dụng như Zoom, Microsoft Teams, Skype, Google Meet. Với chất lượng hình ảnh và âm thanh vượt trội, cùng với sự tiện lợi và linh hoạt, Rapoo C260 là lựa chọn lý tưởng để nâng cao trải nghiệm giao tiếp trực tuyến của bạn.',
            24, 'https://product.hstatic.net/200000722513/product/41070_rapoo_c260_ha3_36be9b879eac4565a1f36f0e7c63854e_a476f0af7f8e4d59894a95d21694d04d.jpg', '2023-06-03T07:05:08+00:00',1);
        
INSERT INTO product_image (name, product_variant_id, image_url, is_main)
VALUES
    ('Ảnh 1', 836, 'https://product.hstatic.net/200000722513/product/41070_rapoo_c260_ha3_36be9b879eac4565a1f36f0e7c63854e_a476f0af7f8e4d59894a95d21694d04d.jpg', TRUE),
    ('Ảnh 2', 836, 'https://product.hstatic.net/200000722513/product/41070_rapoo_c260_ha2_99ec60d161ae47888c38f2f7403b17cc_325a51f64454467ab9294569263df8cd.jpg', FALSE),
    ('Ảnh 3', 836, 'https://product.hstatic.net/200000722513/product/41070_rapoo_c260_ha1_bd35da86a7814e468836f699f727e90d_cda54d077937422f880f5a1414327d03.jpg', FALSE);
---
INSERT INTO product (name, seo_name, brand_id, specifications, description, created_by, image_url) 
    VALUES (
        'Webcam Rapoo C270L 1080p', 'webcam-rapoo-c270l-1080p', 29,
        '{"Thương hiệu": "Rapoo", "Model": "C207L", "Độ phân giải": "Full HD (1920 x 1080)", "Tỷ lệ khung hình": "30 FPS", "Phạm vi quan sát": "105 độ", "Mic tích hợp": "Mic kép khử tiếng ồn", "Kết nối": "USB 2.0", "Lens": "Hybrid Lens", "Tiêu cự": "Fixed", "Hệ điều hành hỗ trợ": "Win, macOS, Chrome OS, Android", "Tính năng khác": "Micro đôi chống ồn, có 3 chế độ đèn LED trợ sáng, cáp tín hiệu có thể tháo rời.", "Kích thước": "50x60x50 mm", "Trọng lượng": "125g", "Màu sắc": "Đen"}',
        'Webcam Rapoo C270L 1080p là lựa chọn lý tưởng cho mọi nhu cầu giao tiếp trực tuyến, từ các cuộc họp công việc quan trọng, học tập từ xa cho đến livestreaming và gọi video với bạn bè, người thân. Với độ phân giải Full HD 1080p sắc nét ở tốc độ 30 khung hình/giây, C270L đảm bảo hình ảnh của bạn luôn rõ ràng, chi tiết và mượt mà, giúp truyền tải thông điệp một cách chuyên nghiệp và sống động. Ống kính góc rộng mang lại tầm nhìn bao quát, phù hợp cho việc trình bày nhóm hoặc quay không gian rộng. Sản phẩm được tích hợp microphone chống ồn kép thông minh, giúp lọc bỏ tiếng ồn xung quanh và tập trung vào giọng nói của bạn, đảm bảo âm thanh truyền tải luôn trong trẻo và rõ ràng, không bị gián đoạn bởi tạp âm. Tính năng điều chỉnh ánh sáng tự động (auto-light correction) giúp cải thiện chất lượng hình ảnh trong môi trường thiếu sáng, đảm bảo bạn luôn xuất hiện rạng rỡ. Thiết kế nhỏ gọn, linh hoạt với kẹp đa năng cho phép bạn dễ dàng gắn webcam lên màn hình laptop, PC hoặc đặt trên bề mặt phẳng. Kết nối USB Plug-and-Play giúp việc cài đặt trở nên cực kỳ đơn giản, không cần trình điều khiển phức tạp, tương thích rộng rãi với các hệ điều hành phổ biến như Windows, macOS và các nền tảng gọi video như Zoom, Microsoft Teams, Google Meet, Skype. Rapoo C270L mang đến trải nghiệm giao tiếp trực tuyến không giới hạn, nâng cao hiệu suất làm việc và học tập của bạn.',
        1, 'https://product.hstatic.net/200000722513/product/43523_rapoo_c270l_ha2_cce42ca1b4ac41fd88a79fb3b6b5c2d1_5afe581d03f04da39d147b0ad79163d3.jpg'
    );
INSERT INTO product_category (product_id, category_id) VALUES (837, 23);
INSERT INTO product_variant (
        product_id, name, seo_name, supplier_id, price, price_sale, quantity, sku, model, barcode, 
        specifications, description, warranty, image_url, release_at, created_by)
        VALUES ( 837, 'Webcam Rapoo C270L 1080p', 'webcam-rapoo-c270l-1080p',
            1, 1290000, 790000, 10, 'CAM-RAP-C270L',
            'CAM-RAP-C270L', 'CAM-RAP-C270L',
            '{"Thương hiệu": "Rapoo", "Model": "C207L", "Độ phân giải": "Full HD (1920 x 1080)", "Tỷ lệ khung hình": "30 FPS", "Phạm vi quan sát": "105 độ", "Mic tích hợp": "Mic kép khử tiếng ồn", "Kết nối": "USB 2.0", "Lens": "Hybrid Lens", "Tiêu cự": "Fixed", "Hệ điều hành hỗ trợ": "Win, macOS, Chrome OS, Android", "Tính năng khác": "Micro đôi chống ồn, có 3 chế độ đèn LED trợ sáng, cáp tín hiệu có thể tháo rời.", "Kích thước": "50x60x50 mm", "Trọng lượng": "125g", "Màu sắc": "Đen"}',
            'Webcam Rapoo C270L 1080p là lựa chọn lý tưởng cho mọi nhu cầu giao tiếp trực tuyến, từ các cuộc họp công việc quan trọng, học tập từ xa cho đến livestreaming và gọi video với bạn bè, người thân. Với độ phân giải Full HD 1080p sắc nét ở tốc độ 30 khung hình/giây, C270L đảm bảo hình ảnh của bạn luôn rõ ràng, chi tiết và mượt mà, giúp truyền tải thông điệp một cách chuyên nghiệp và sống động. Ống kính góc rộng mang lại tầm nhìn bao quát, phù hợp cho việc trình bày nhóm hoặc quay không gian rộng. Sản phẩm được tích hợp microphone chống ồn kép thông minh, giúp lọc bỏ tiếng ồn xung quanh và tập trung vào giọng nói của bạn, đảm bảo âm thanh truyền tải luôn trong trẻo và rõ ràng, không bị gián đoạn bởi tạp âm. Tính năng điều chỉnh ánh sáng tự động (auto-light correction) giúp cải thiện chất lượng hình ảnh trong môi trường thiếu sáng, đảm bảo bạn luôn xuất hiện rạng rỡ. Thiết kế nhỏ gọn, linh hoạt với kẹp đa năng cho phép bạn dễ dàng gắn webcam lên màn hình laptop, PC hoặc đặt trên bề mặt phẳng. Kết nối USB Plug-and-Play giúp việc cài đặt trở nên cực kỳ đơn giản, không cần trình điều khiển phức tạp, tương thích rộng rãi với các hệ điều hành phổ biến như Windows, macOS và các nền tảng gọi video như Zoom, Microsoft Teams, Google Meet, Skype. Rapoo C270L mang đến trải nghiệm giao tiếp trực tuyến không giới hạn, nâng cao hiệu suất làm việc và học tập của bạn.',
            24, 'https://product.hstatic.net/200000722513/product/43523_rapoo_c270l_ha2_cce42ca1b4ac41fd88a79fb3b6b5c2d1_5afe581d03f04da39d147b0ad79163d3.jpg', '2023-11-22T08:28:17+00:00',1);
        
INSERT INTO product_image (name, product_variant_id, image_url, is_main)
VALUES
    ('Ảnh 1', 837, 'https://product.hstatic.net/200000722513/product/43523_rapoo_c270l_ha2_cce42ca1b4ac41fd88a79fb3b6b5c2d1_5afe581d03f04da39d147b0ad79163d3.jpg', TRUE),
    ('Ảnh 2', 837, 'https://product.hstatic.net/200000722513/product/37729_unnamed_ccf127ba4dff4616b47165a88e7c6a69_35a3964f814c47e0835af2e9f2fe0cbb.png', FALSE),
    ('Ảnh 3', 837, 'https://product.hstatic.net/200000722513/product/43523_rapoo_c270l_ha4_ab74ceacb1ea4f8c97e4a14cdd63a420_edfcf95866314a5688935060a8c50e07.jpg', FALSE),
    ('Ảnh 4', 837, 'https://product.hstatic.net/200000722513/product/59209_rapoo_c270l__5_c0db1c3d1d8e48018d4164274e71c93e_d18a898778db47ed9e8f017b9b596e01.jpg', FALSE);
---
INSERT INTO product (name, seo_name, brand_id, specifications, description, created_by, image_url) 
    VALUES (
        'Webcam Rapoo C280 2K 1440p', 'webcam-rapoo-c280-2k-1440p', 29,
        '{"Tên sản phẩm:": "Webcam Rapoo C280", "Màu:": "Đen", "Hiệu chỉnh ánh sáng tự động:": "Có", "Tích hợp míc:": "Micro kép khử tiếng ồn", "Kết nối:": "USB 2.0", "Hệ điều hành tương thích:": "Windows 7/8/10 trở lên, Mac OS X 10.6 trở lên, Chrome OS, và Android v5.0 trở lên", "Phần mềm tương thích:": "Skype, Zoom, Google Hangouts, Face Time, Zalo for Mac, QQ, WeiXin…", "Kích thước sản phẩm:": "90*45*50mm", "Trọng lượng sản phẩm:": "118g", "Cảm biến:": "4MP CMOS Sensor", "Độ phân giải tối đa:": "2K/30fps (lên tới 2560*1440 pixel), 1080p/30 hoặc 60 fps (lên tới 1920 x 1080 pixel). 720p/30, 60, hoặc 90 fps (lên tới 1280 x 720 pixel)", "Hỗ trợ mã hóa video:": "MJPEG", "Loại tiêu cự:": "Lấy nét cố định", "Tính năng khác:": "Micrô giảm ồn kép tích hợp đa hướng. Trường nhìn (chéo/ngang/dọc) – Field of View (FoV): 85°/77°/46°. Kẹp phổ dụng phù hợp với máy tính xách tay, LCD hoặc màn hình, Tripod"}',
        'Webcam Rapoo C280 2K 1440p là lựa chọn lý tưởng cho mọi nhu cầu giao tiếp trực tuyến và tạo nội dung chất lượng cao. Với độ phân giải 2K QHD (2560x1440p), chiếc webcam này mang đến hình ảnh cực kỳ sắc nét, chi tiết và sống động, vượt trội so với các webcam Full HD thông thường. Bạn sẽ luôn xuất hiện rõ ràng và chuyên nghiệp trong mọi cuộc họp video, buổi học trực tuyến hay livestream. Tính năng lấy nét tự động (autofocus) tiên tiến đảm bảo hình ảnh của bạn luôn sắc nét, ngay cả khi bạn di chuyển nhẹ. Rapoo C280 còn tích hợp micro giảm tiếng ồn, thu âm giọng nói của bạn một cách rõ ràng và tự nhiên, loại bỏ các tạp âm gây nhiễu, giúp cuộc trò chuyện không bị gián đoạn. Ống kính góc rộng của webcam cho phép bạn thu được khung hình rộng hơn, lý tưởng cho các cuộc họp nhóm hoặc khi bạn muốn hiển thị nhiều không gian hơn. Khả năng điều chỉnh ánh sáng tự động giúp hình ảnh của bạn luôn đủ sáng và cân bằng màu sắc, ngay cả trong điều kiện ánh sáng yếu. Với thiết kế nhỏ gọn, kẹp đa năng, Rapoo C280 dễ dàng gắn lên màn hình máy tính, laptop hoặc đặt trên bàn. Chỉ cần cắm vào cổng USB là có thể sử dụng ngay (plug-and-play), tương thích rộng rãi với các hệ điều hành phổ biến như Windows, macOS và các ứng dụng hội nghị trực tuyến như Zoom, Google Meet, Microsoft Teams, Skype. Đây là công cụ hoàn hảo để nâng tầm trải nghiệm giao tiếp và làm việc từ xa của bạn, đảm bảo bạn luôn có chất lượng hình ảnh và âm thanh tốt nhất.',
        1, 'https://product.hstatic.net/200000722513/product/s-webcam-rapoo-c280-2k-1440p-1_-_copy_fddbe551a5a74dbab04b467b9f5cadb1_e702fadc1bb54bd7ac4965a0c070f873.jpg'
    );
INSERT INTO product_category (product_id, category_id) VALUES (838, 23);
INSERT INTO product_variant (
        product_id, name, seo_name, supplier_id, price, price_sale, quantity, sku, model, barcode, 
        specifications, description, warranty, image_url, release_at, created_by)
        VALUES ( 838, 'Webcam Rapoo C280 2K 1440p', 'webcam-rapoo-c280-2k-1440p',
            1, 1399000, 990000, 10, 'CAM-RAP-C280',
            'CAM-RAP-C280', 'CAM-RAP-C280',
            '{"Tên sản phẩm:": "Webcam Rapoo C280", "Màu:": "Đen", "Hiệu chỉnh ánh sáng tự động:": "Có", "Tích hợp míc:": "Micro kép khử tiếng ồn", "Kết nối:": "USB 2.0", "Hệ điều hành tương thích:": "Windows 7/8/10 trở lên, Mac OS X 10.6 trở lên, Chrome OS, và Android v5.0 trở lên", "Phần mềm tương thích:": "Skype, Zoom, Google Hangouts, Face Time, Zalo for Mac, QQ, WeiXin…", "Kích thước sản phẩm:": "90*45*50mm", "Trọng lượng sản phẩm:": "118g", "Cảm biến:": "4MP CMOS Sensor", "Độ phân giải tối đa:": "2K/30fps (lên tới 2560*1440 pixel), 1080p/30 hoặc 60 fps (lên tới 1920 x 1080 pixel). 720p/30, 60, hoặc 90 fps (lên tới 1280 x 720 pixel)", "Hỗ trợ mã hóa video:": "MJPEG", "Loại tiêu cự:": "Lấy nét cố định", "Tính năng khác:": "Micrô giảm ồn kép tích hợp đa hướng. Trường nhìn (chéo/ngang/dọc) – Field of View (FoV): 85°/77°/46°. Kẹp phổ dụng phù hợp với máy tính xách tay, LCD hoặc màn hình, Tripod"}',
            'Webcam Rapoo C280 2K 1440p là lựa chọn lý tưởng cho mọi nhu cầu giao tiếp trực tuyến và tạo nội dung chất lượng cao. Với độ phân giải 2K QHD (2560x1440p), chiếc webcam này mang đến hình ảnh cực kỳ sắc nét, chi tiết và sống động, vượt trội so với các webcam Full HD thông thường. Bạn sẽ luôn xuất hiện rõ ràng và chuyên nghiệp trong mọi cuộc họp video, buổi học trực tuyến hay livestream. Tính năng lấy nét tự động (autofocus) tiên tiến đảm bảo hình ảnh của bạn luôn sắc nét, ngay cả khi bạn di chuyển nhẹ. Rapoo C280 còn tích hợp micro giảm tiếng ồn, thu âm giọng nói của bạn một cách rõ ràng và tự nhiên, loại bỏ các tạp âm gây nhiễu, giúp cuộc trò chuyện không bị gián đoạn. Ống kính góc rộng của webcam cho phép bạn thu được khung hình rộng hơn, lý tưởng cho các cuộc họp nhóm hoặc khi bạn muốn hiển thị nhiều không gian hơn. Khả năng điều chỉnh ánh sáng tự động giúp hình ảnh của bạn luôn đủ sáng và cân bằng màu sắc, ngay cả trong điều kiện ánh sáng yếu. Với thiết kế nhỏ gọn, kẹp đa năng, Rapoo C280 dễ dàng gắn lên màn hình máy tính, laptop hoặc đặt trên bàn. Chỉ cần cắm vào cổng USB là có thể sử dụng ngay (plug-and-play), tương thích rộng rãi với các hệ điều hành phổ biến như Windows, macOS và các ứng dụng hội nghị trực tuyến như Zoom, Google Meet, Microsoft Teams, Skype. Đây là công cụ hoàn hảo để nâng tầm trải nghiệm giao tiếp và làm việc từ xa của bạn, đảm bảo bạn luôn có chất lượng hình ảnh và âm thanh tốt nhất.',
            24, 'https://product.hstatic.net/200000722513/product/s-webcam-rapoo-c280-2k-1440p-1_-_copy_fddbe551a5a74dbab04b467b9f5cadb1_e702fadc1bb54bd7ac4965a0c070f873.jpg', '2023-06-03T05:00:19+00:00',1);
        
INSERT INTO product_image (name, product_variant_id, image_url, is_main)
VALUES
    ('Ảnh 1', 838, 'https://product.hstatic.net/200000722513/product/s-webcam-rapoo-c280-2k-1440p-1_-_copy_fddbe551a5a74dbab04b467b9f5cadb1_e702fadc1bb54bd7ac4965a0c070f873.jpg', TRUE),
    ('Ảnh 2', 838, 'https://product.hstatic.net/200000722513/product/products-webcam-rapoo-c280-2k-1440p-5_3b2e765515554882b4a2be6f6a1c1702_d63050b917f64722a2d6855abc82209e.jpg', FALSE),
    ('Ảnh 3', 838, 'https://product.hstatic.net/200000722513/product/s-webcam-rapoo-c280-2k-1440p-2_-_copy_eb2f117de77f4c09a438a5e9f9c6d52e_3631a19f14bf49aabb12730afc7178fe.jpg', FALSE),
    ('Ảnh 4', 838, 'https://product.hstatic.net/200000722513/product/s-webcam-rapoo-c280-2k-1440p-3_-_copy_4dd3becdfa6b412fa7e24e61d86a3f50_79be7ee1ae424747abe64f686f042046.jpg', FALSE),
    ('Ảnh 5', 838, 'https://product.hstatic.net/200000722513/product/products-webcam-rapoo-c280-2k-1440p-4_2f380008503f45959592702741849aa5_dbc1f9b08f394ce4a7f00f0012a41faa.jpg', FALSE);
---
INSERT INTO product (name, seo_name, brand_id, specifications, description, created_by, image_url) 
    VALUES (
        'Webcam Rapoo C500 4K', 'webcam-rapoo-c500-4k', 29,
        '{"Thương hiệu": "RAPOO", "Tên sản phẩm": "C500 HD Computer Camera", "GÓC NHÌN": "88 độ", "Độ phân giải": "FHD 2160P / FHD 1440P / FHD 1080P / HD 720P", "Điều chỉnh ánh sáng tự động": "Có", "MICRO": "Micro kép khử tiếng ồn", "Kết nối": "USB 2.0", "HỆ ĐIỀU HÀNH HỖ TRỢ": "Windows 7/8/10 trở lên, Mac OS X 10.6 trở lên, Chrome OS và Android v5.0 trở lên", "Phần mềm tương thích": "Skype, Zoom, Google Hangouts, Face Time, Zalo for Mac, QQ, WeiXin...", "KÍCH THƯỚC": "140*60*74mm", "TRỌNG LƯỢNG": "146g"}',
        'Webcam C500 sử dụng chip độ nhạy cao với ống kính chính xác để hỗ trợ độ phân giải 4K ở tốc độ khung hình tối đa 30 khung hình/giây. Thiết bị có khả năng điều chỉnh thông minh tốc độ khung hình và độ phân giải theo ánh sáng xung quanh, cung cấp hình ảnh rõ ràng và chi tiết ngay cả trong môi trường ánh sáng yếu nhờ tính năng tự động lấy nét nhanh.',
        1, 'https://product.hstatic.net/200000722513/product/n.com-products-webcam-rapoo-c500-4k-1_6107123a1e414bd388e97c9cad8a1716_5989a5b3edaa4a94ac0815b2cc4ada12.jpg'
    );
INSERT INTO product_category (product_id, category_id) VALUES (839, 23);
INSERT INTO product_variant (
        product_id, name, seo_name, supplier_id, price, price_sale, quantity, sku, model, barcode, 
        specifications, description, warranty, image_url, release_at, created_by)
        VALUES ( 839, 'Webcam Rapoo C500 4K', 'webcam-rapoo-c500-4k',
            1, 2590000, 1990000, 10, 'CAM-RAP-C500',
            'Webcam Rapoo C500 4K', 'Webcam Rapoo C500 4K',
            '{"Thương hiệu": "RAPOO", "Tên sản phẩm": "C500 HD Computer Camera", "GÓC NHÌN": "88 độ", "Độ phân giải": "FHD 2160P / FHD 1440P / FHD 1080P / HD 720P", "Điều chỉnh ánh sáng tự động": "Có", "MICRO": "Micro kép khử tiếng ồn", "Kết nối": "USB 2.0", "HỆ ĐIỀU HÀNH HỖ TRỢ": "Windows 7/8/10 trở lên, Mac OS X 10.6 trở lên, Chrome OS và Android v5.0 trở lên", "Phần mềm tương thích": "Skype, Zoom, Google Hangouts, Face Time, Zalo for Mac, QQ, WeiXin...", "KÍCH THƯỚC": "140*60*74mm", "TRỌNG LƯỢNG": "146g"}',
            'Webcam C500 sử dụng chip độ nhạy cao với ống kính chính xác để hỗ trợ độ phân giải 4K ở tốc độ khung hình tối đa 30 khung hình/giây. Thiết bị có khả năng điều chỉnh thông minh tốc độ khung hình và độ phân giải theo ánh sáng xung quanh, cung cấp hình ảnh rõ ràng và chi tiết ngay cả trong môi trường ánh sáng yếu nhờ tính năng tự động lấy nét nhanh.',
            24, 'https://product.hstatic.net/200000722513/product/n.com-products-webcam-rapoo-c500-4k-1_6107123a1e414bd388e97c9cad8a1716_5989a5b3edaa4a94ac0815b2cc4ada12.jpg', '2023-06-03T02:57:46+00:00',1);
        
INSERT INTO product_image (name, product_variant_id, image_url, is_main)
VALUES
    ('Ảnh 1', 839, 'https://product.hstatic.net/200000722513/product/n.com-products-webcam-rapoo-c500-4k-1_6107123a1e414bd388e97c9cad8a1716_5989a5b3edaa4a94ac0815b2cc4ada12.jpg', TRUE),
    ('Ảnh 2', 839, 'https://product.hstatic.net/200000722513/product/n.com-products-webcam-rapoo-c500-4k-2_79e335094c6842f8bbbfaf03bb41fcae_c2aec92efe2e421fbc0927ae161d71c6.jpg', FALSE),
    ('Ảnh 3', 839, 'https://product.hstatic.net/200000722513/product/n.com-products-webcam-rapoo-c500-4k-3_c12fc28e43d24fef838f2773a3c56310_0cee442ba34d4d37ad023614978b02d3.jpg', FALSE),
    ('Ảnh 4', 839, 'https://product.hstatic.net/200000722513/product/n.com-products-webcam-rapoo-c500-4k-4_be65e98bfcd4431da2a0f81b1888b7f5_4ae810a2f42347ccbda9c86f1bd6cfaf.jpg', FALSE),
    ('Ảnh 5', 839, 'https://product.hstatic.net/200000722513/product/n.com-products-webcam-rapoo-c500-4k-5_25446fb226a04742837d825cf28bdaf0_9cc71b1a70a443a5bd30f0fe374e88ee.jpg', FALSE),
    ('Ảnh 6', 839, 'https://product.hstatic.net/200000722513/product/n.com-products-webcam-rapoo-c500-4k-6_ea55e8fb766444629b029c9cbfca1703_9069c94f50f14741afa736e6884350e4.jpg', FALSE),
    ('Ảnh 7', 839, 'https://product.hstatic.net/200000722513/product/n.com-products-webcam-rapoo-c500-4k-7_dd8c15b311a048e8b3a0eaa166206baf_0b0ce05e6549495bb7e5f63367fc33f8.jpg', FALSE),
    ('Ảnh 8', 839, 'https://product.hstatic.net/200000722513/product/n.com-products-webcam-rapoo-c500-4k-8_f559218c4df94dee8c538bd185820c83_f1117a3701fd455cb018434d77d8d81c.jpg', FALSE);
---
INSERT INTO product (name, seo_name, brand_id, specifications, description, created_by, image_url) 
    VALUES (
        'Webcam Rapoo XW180 1080P', 'webcam-rapoo-xw180', 29,
        '{"Thương hiệu": "Rapoo", "Model": "XW180", "Độ phân giải": "Full HD 1080P/ HD 720P", "Tỷ lệ khung hình": "30 FPS", "Phạm vi quan sát": "80 độ", "Mic tích hợp": "Mic kép khử tiếng ồn", "Kết nối": "USB 2.0", "Tiêu cự": "Cố định", "Hệ điều hành hỗ trợ": "Win, macOS, Chrome OS, Android", "Kích thước": "77x49x45 mm", "Trọng lượng": "98g", "Màu sắc": "Đen"}',
        'Bạn cần một chiếc webcam thu hình sắc nét với góc nhìn rộng? Hãy tham khảo ngay Webcam Rapoo XW180 1080P! Với công nghệ tiên tiến, sản phẩm này phù hợp cho cả việc học tập và công việc hàng ngày của bạn.\n\n**Hình ảnh chất lượng với khả năng cân bằng ánh sáng**\n\nSở hữu độ phân giải Full HD 1080P, hình ảnh thu vào sẽ có độ sắc nét cao cùng màu sắc tự nhiên. Webcam có khả năng tự lấy nét và cân bằng ánh sáng, giúp hình ảnh không bị lóe sáng, quá tối hay bị out nét.\n\n**Góc xoay 360 độ thu mọi hình ảnh**\n\nPhạm vi quan sát của Webcam Rapoo XW180 1080P lên tới 80 độ, cho phép bắt trọn mọi góc hình mà không gây cắt xén. Webcam còn tích hợp chế độ xoay ngang 360 độ, giúp bạn dễ dàng điều chỉnh camera đến vị trí mong muốn mà không cần thêm thiết bị hỗ trợ.\n\n**Mic tích hợp khử tiếng ồn**\n\nWebcam còn hỗ trợ thêm microphone với khả năng lọc âm hiệu quả trong phạm vi lên đến 3m. Điều này giúp quá trình ghi hình không bị ảnh hưởng bởi tạp âm và âm thanh luôn ổn định trong suốt thời gian sử dụng.\n\n**Khả năng kết nối thiết bị đa dạng**\n\nWebcam Rapoo XW180 1080P có thể kết nối với nhiều thiết bị như PC gaming, laptop, macOS và Android. Webcam còn được trang bị giá gắn kèm một tấm giác hút để cố định chắc chắn.',
        1, 'https://product.hstatic.net/200000722513/product/1595845615-3906-e1613393253801_b4d0711105174ce9a0f3850029d8be44.png'
    );
INSERT INTO product_category (product_id, category_id) VALUES (840, 50);
INSERT INTO product_variant (
        product_id, name, seo_name, supplier_id, price, price_sale, quantity, sku, model, barcode, 
        specifications, description, warranty, image_url, release_at, created_by)
        VALUES ( 840, 'Webcam Rapoo XW180 1080P', 'webcam-rapoo-xw180',
            1, 790000, 590000, 10, 'CAM-RAPOO-XW180',
            'CAM-RAPOO-XW180', 'CAM-RAPOO-XW180',
            '{"Thương hiệu": "Rapoo", "Model": "XW180", "Độ phân giải": "Full HD 1080P/ HD 720P", "Tỷ lệ khung hình": "30 FPS", "Phạm vi quan sát": "80 độ", "Mic tích hợp": "Mic kép khử tiếng ồn", "Kết nối": "USB 2.0", "Tiêu cự": "Cố định", "Hệ điều hành hỗ trợ": "Win, macOS, Chrome OS, Android", "Kích thước": "77x49x45 mm", "Trọng lượng": "98g", "Màu sắc": "Đen"}',
            'Bạn cần một chiếc webcam thu hình sắc nét với góc nhìn rộng? Hãy tham khảo ngay Webcam Rapoo XW180 1080P! Với công nghệ tiên tiến, sản phẩm này phù hợp cho cả việc học tập và công việc hàng ngày của bạn.\n\n**Hình ảnh chất lượng với khả năng cân bằng ánh sáng**\n\nSở hữu độ phân giải Full HD 1080P, hình ảnh thu vào sẽ có độ sắc nét cao cùng màu sắc tự nhiên. Webcam có khả năng tự lấy nét và cân bằng ánh sáng, giúp hình ảnh không bị lóe sáng, quá tối hay bị out nét.\n\n**Góc xoay 360 độ thu mọi hình ảnh**\n\nPhạm vi quan sát của Webcam Rapoo XW180 1080P lên tới 80 độ, cho phép bắt trọn mọi góc hình mà không gây cắt xén. Webcam còn tích hợp chế độ xoay ngang 360 độ, giúp bạn dễ dàng điều chỉnh camera đến vị trí mong muốn mà không cần thêm thiết bị hỗ trợ.\n\n**Mic tích hợp khử tiếng ồn**\n\nWebcam còn hỗ trợ thêm microphone với khả năng lọc âm hiệu quả trong phạm vi lên đến 3m. Điều này giúp quá trình ghi hình không bị ảnh hưởng bởi tạp âm và âm thanh luôn ổn định trong suốt thời gian sử dụng.\n\n**Khả năng kết nối thiết bị đa dạng**\n\nWebcam Rapoo XW180 1080P có thể kết nối với nhiều thiết bị như PC gaming, laptop, macOS và Android. Webcam còn được trang bị giá gắn kèm một tấm giác hút để cố định chắc chắn.',
            24, 'https://product.hstatic.net/200000722513/product/1595845615-3906-e1613393253801_b4d0711105174ce9a0f3850029d8be44.png', '2023-11-29T07:51:09+00:00',1);
        
INSERT INTO product_image (name, product_variant_id, image_url, is_main)
VALUES
    ('Ảnh 1', 840, 'https://product.hstatic.net/200000722513/product/1595845615-3906-e1613393253801_b4d0711105174ce9a0f3850029d8be44.png', TRUE),
    ('Ảnh 2', 840, 'https://product.hstatic.net/200000722513/product/1595845620-7212_efea778bef4f4521961d9414d2755ab5.png', FALSE),
    ('Ảnh 3', 840, 'https://product.hstatic.net/200000722513/product/1595845623-4103_a16c5dd338bb418b9c1f4a741d4b0565.png', FALSE),
    ('Ảnh 4', 840, 'https://product.hstatic.net/200000722513/product/1595845643-3976-1024x769_1cac0ea5526a4d0eaed109b7b6a6d325.jpg', FALSE),
    ('Ảnh 5', 840, 'https://product.hstatic.net/200000722513/product/1597129632160-e1612885178639-1024x698_537ace1a705f427b9626870a64a15eb1.jpg', FALSE);
---
