INSERT INTO product (name, seo_name, brand_id, specifications, description, created_by, image_url) 
    VALUES (
        'Tai nghe Razer BlackShark V2 X For PlayStation', 'tai-nghe-razer-blackshark-v2-x-for-playstation', 15,
        '{"Nhà sản xuất": "Razer", "Loại tai nghe": "Over-Ear", "Chuẩn kết nối": "Audio 3.5mm", "Driver": "50 mm", "Dải tần số": "12 Hz – 28 kHz", "Micro": "HyperClear Cardioid", "Loại pin": "Pin", "Tính năng nổi bật": "Âm thanh vòm 7.1, Thoáng khí, Chống ồn chủ động, Bản dành cho PlayStation có thể dùng cho PC/PS5/Switch/Xbox", "Cân nặng": "240g", "Thời gian bảo hành": "24 tháng (cần giữ lại phụ kiện và hộp sản phẩm)"}',
        'Bước vào thế giới của âm thanh sống động và chiến thắng tuyệt đối với Tai nghe Razer BlackShark V2 X For PlayStation. Được thiết kế đặc biệt để nâng tầm trải nghiệm gaming trên PlayStation của bạn, chiếc tai nghe này mang đến sự kết hợp hoàn hảo giữa chất lượng âm thanh vượt trội, khả năng giao tiếp rõ ràng và sự thoải mái tối đa, giúp bạn thống trị mọi chiến trường ảo.\n\n**Âm Thanh Chính Xác, Lợi Thế Tuyệt Đối:** Trang bị driver Razer™ TriForce 50mm độc quyền, Razer BlackShark V2 X tái tạo âm thanh tách bạch rõ ràng ở các dải âm cao, trung và trầm, giúp bạn nghe rõ từng tiếng bước chân của kẻ địch, tiếng súng nổ vang dội hay lời thoại sắc nét của đồng đội. Đắm chìm hoàn toàn vào thế giới game với âm trường rộng mở và chi tiết đến kinh ngạc, mang lại lợi thế chiến thuật không thể phủ nhận.\n\n**Giao Tiếp Rõ Ràng, Phối Hợp Nhịp Nhàng:** Microphone Razer™ HyperClear Cardioid có thể tháo rời đảm bảo giọng nói của bạn luôn trong trẻo và không bị nhiễu. Với khả năng loại bỏ tiếng ồn xung quanh hiệu quả, đồng đội sẽ chỉ nghe thấy giọng nói của bạn, mang lại lợi thế giao tiếp vượt trội trong mọi trận đấu căng thẳng.\n\n**Thoải Mái Bền Bỉ, Tập Trung Tối Đa:** Với trọng lượng siêu nhẹ chỉ 240g và đệm tai FlowKnit bọc mút hoạt tính thoáng khí, Razer BlackShark V2 X mang lại sự thoải mái vượt trội ngay cả trong những phiên đấu game kéo dài hàng giờ. Thiết kế chụp tai kín cùng khả năng cách âm thụ động tiên tiến giúp bạn tập trung hoàn toàn vào trận đấu, loại bỏ mọi phiền nhiễu từ môi trường bên ngoài.\n\n**Kết Nối Đa Năng, Sẵn Sàng Chinh Phục:** Kết nối analog 3.5mm phổ biến giúp tai nghe tương thích mượt mà với PlayStation, PC, Mac, Nintendo Switch và các thiết bị di động khác. Đơn giản chỉ cần cắm vào và sẵn sàng chinh phục mọi thử thách. Razer BlackShark V2 X For PlayStation không chỉ là một chiếc tai nghe, mà là vũ khí tối thượng giúp bạn nâng tầm trải nghiệm gaming PlayStation của mình lên một tầm cao mới.',
        1, 'https://cdn.hstatic.net/products/200000722513/imgi_219_tai-nghe-gaming-razer-blackshark-v2-x-for-console-03_9d805beea62348fda3028adc3470cc13.jpg'
    );
INSERT INTO product_category (product_id, category_id) VALUES (1, 47);
INSERT INTO product_variant (
        product_id, name, seo_name, supplier_id, price, price_sale, quantity, sku, model, barcode, 
        specifications, description, warranty, image_url, release_at, created_by)
        VALUES ( 1, 'Tai nghe Razer BlackShark V2 X For PlayStation', 'tai-nghe-razer-blackshark-v2-x-for-playstation',
            1, 1490000, 1050000, 10, 'TAI-RAZ-BLACK-SHARK-V2-X-PLAYSTATION',
            'TAI-RAZ-BLACK-SHARK-V2-X-PLAYSTATION', 'TAI-RAZ-BLACK-SHARK-V2-X-PLAYSTATION',
            '{"Nhà sản xuất": "Razer", "Loại tai nghe": "Over-Ear", "Chuẩn kết nối": "Audio 3.5mm", "Driver": "50 mm", "Dải tần số": "12 Hz – 28 kHz", "Micro": "HyperClear Cardioid", "Loại pin": "Pin", "Tính năng nổi bật": "Âm thanh vòm 7.1, Thoáng khí, Chống ồn chủ động, Bản dành cho PlayStation có thể dùng cho PC/PS5/Switch/Xbox", "Cân nặng": "240g", "Thời gian bảo hành": "24 tháng (cần giữ lại phụ kiện và hộp sản phẩm)"}',
            'Bước vào thế giới của âm thanh sống động và chiến thắng tuyệt đối với Tai nghe Razer BlackShark V2 X For PlayStation. Được thiết kế đặc biệt để nâng tầm trải nghiệm gaming trên PlayStation của bạn, chiếc tai nghe này mang đến sự kết hợp hoàn hảo giữa chất lượng âm thanh vượt trội, khả năng giao tiếp rõ ràng và sự thoải mái tối đa, giúp bạn thống trị mọi chiến trường ảo.\n\n**Âm Thanh Chính Xác, Lợi Thế Tuyệt Đối:** Trang bị driver Razer™ TriForce 50mm độc quyền, Razer BlackShark V2 X tái tạo âm thanh tách bạch rõ ràng ở các dải âm cao, trung và trầm, giúp bạn nghe rõ từng tiếng bước chân của kẻ địch, tiếng súng nổ vang dội hay lời thoại sắc nét của đồng đội. Đắm chìm hoàn toàn vào thế giới game với âm trường rộng mở và chi tiết đến kinh ngạc, mang lại lợi thế chiến thuật không thể phủ nhận.\n\n**Giao Tiếp Rõ Ràng, Phối Hợp Nhịp Nhàng:** Microphone Razer™ HyperClear Cardioid có thể tháo rời đảm bảo giọng nói của bạn luôn trong trẻo và không bị nhiễu. Với khả năng loại bỏ tiếng ồn xung quanh hiệu quả, đồng đội sẽ chỉ nghe thấy giọng nói của bạn, mang lại lợi thế giao tiếp vượt trội trong mọi trận đấu căng thẳng.\n\n**Thoải Mái Bền Bỉ, Tập Trung Tối Đa:** Với trọng lượng siêu nhẹ chỉ 240g và đệm tai FlowKnit bọc mút hoạt tính thoáng khí, Razer BlackShark V2 X mang lại sự thoải mái vượt trội ngay cả trong những phiên đấu game kéo dài hàng giờ. Thiết kế chụp tai kín cùng khả năng cách âm thụ động tiên tiến giúp bạn tập trung hoàn toàn vào trận đấu, loại bỏ mọi phiền nhiễu từ môi trường bên ngoài.\n\n**Kết Nối Đa Năng, Sẵn Sàng Chinh Phục:** Kết nối analog 3.5mm phổ biến giúp tai nghe tương thích mượt mà với PlayStation, PC, Mac, Nintendo Switch và các thiết bị di động khác. Đơn giản chỉ cần cắm vào và sẵn sàng chinh phục mọi thử thách. Razer BlackShark V2 X For PlayStation không chỉ là một chiếc tai nghe, mà là vũ khí tối thượng giúp bạn nâng tầm trải nghiệm gaming PlayStation của mình lên một tầm cao mới.',
            24, 'https://cdn.hstatic.net/products/200000722513/imgi_219_tai-nghe-gaming-razer-blackshark-v2-x-for-console-03_9d805beea62348fda3028adc3470cc13.jpg', '2025-07-23T04:52:02+00:00',1);
        
INSERT INTO product_image (name, product_variant_id, image_url, is_main)
VALUES
    ('Ảnh 1', 1, 'https://cdn.hstatic.net/products/200000722513/imgi_219_tai-nghe-gaming-razer-blackshark-v2-x-for-console-03_9d805beea62348fda3028adc3470cc13.jpg', TRUE),
    ('Ảnh 2', 1, 'https://cdn.hstatic.net/products/200000722513/imgi_214_tai-nghe-gaming-razer-blackshark-v2-x-for-console-08_a502830bd5484ad5bdb7982a3169314d.jpg', FALSE),
    ('Ảnh 3', 1, 'https://cdn.hstatic.net/products/200000722513/imgi_215_tai-nghe-gaming-razer-blackshark-v2-x-for-console-07_249c43043df0414e945f7e9151538120.jpg', FALSE),
    ('Ảnh 4', 1, 'https://cdn.hstatic.net/products/200000722513/imgi_35_tai-nghe-gaming-razer-blackshark-v2-x-for-console-10_91b203fb0ecf4d4395df65fd5ce036f5.jpg', FALSE),
    ('Ảnh 5', 1, 'https://cdn.hstatic.net/products/200000722513/imgi_216_tai-nghe-gaming-razer-blackshark-v2-x-for-console-06_f1d859f77d174eae8beb74da702c84e3.jpg', FALSE),
    ('Ảnh 6', 1, 'https://cdn.hstatic.net/products/200000722513/imgi_217_tai-nghe-gaming-razer-blackshark-v2-x-for-console-05_c752d8e225184f59b34985b6c7915659.jpg', FALSE),
    ('Ảnh 7', 1, 'https://cdn.hstatic.net/products/200000722513/imgi_218_tai-nghe-gaming-razer-blackshark-v2-x-for-console-04_d4c84ece2e9846d68cf305d1efeb32e0.jpg', FALSE),
    ('Ảnh 8', 1, 'https://cdn.hstatic.net/products/200000722513/imgi_222_tai-nghe-gaming-razer-blackshark-v2-x-for-console-10_05587e901f35434a819b80a797124495.jpg', FALSE);
---
INSERT INTO product (name, seo_name, brand_id, specifications, description, created_by, image_url) 
    VALUES (
        'Tai nghe Razer Barracuda X Chroma Black', 'tai-nghe-razer-barracuda-x-chroma-black', 15,
        '{"Loại tai nghe": "Over-Ear", "Chuẩn kết nối": "Bluetooth, Wireless 2.4GHz, Wired USB-C", "Driver": "40 mm", "Dải tần số": "20 Hz - 20 kHz", "Micro": "Razer HyperClear Cardioid Mic", "Loại pin": "Pin sạc", "Thời lượng pin": "Có đèn nền + 2.4GHz: Lên đến 35 giờ; Không đèn nền + 2.4GHz: Lên đến 70 giờ", "Tính năng nổi bật": "Razer TriForce; 6-Zone Earcup Lighting; 7.1 Surround Sound (chỉ hỗ trợ trên Windows 10 64-bit hoặc cao hơn)", "Phần mềm hỗ trợ": "Razer Synapse (PC); Razer Audio App (Mobile)", "Cân nặng": "285g", "Phụ kiện đi kèm": "Cáp USB-C to USB-C", "Thời gian bảo hành": "24 tháng (giữ lại phụ kiện và hộp sản phẩm)"}',
        'Hãy đắm chìm vào thế giới giải trí không giới hạn với Tai nghe Razer Barracuda X – người bạn đồng hành không dây đa năng, tối ưu hóa cho mọi nền tảng. Với thiết kế màu đen sang trọng và tinh tế, chiếc tai nghe này không chỉ là một phụ kiện gaming mà còn là biểu tượng của sự linh hoạt và hiệu suất đỉnh cao.\n\nĐược chế tạo để mang lại sự thoải mái tối đa, Barracuda X chỉ nặng vỏn vẹn 250g, đảm bảo bạn có thể chơi game, nghe nhạc hay xem phim suốt hàng giờ liền mà không hề cảm thấy khó chịu. Đệm tai bằng mút hoạt tính mềm mại và băng đô nhẹ nhàng sẽ ôm trọn đầu bạn một cách hoàn hảo, cho phép bạn hoàn toàn tập trung vào trải nghiệm của mình.\n\nTrải nghiệm âm thanh tuyệt vời với trình điều khiển Razer TriForce 40mm độc quyền, mang đến âm cao sắc nét, âm trung phong phú và âm trầm mạnh mẽ. Dù bạn đang nghe tiếng bước chân của kẻ thù trong game, thưởng thức bản nhạc yêu thích hay xem một bộ phim hành động gay cấn, mọi âm thanh đều được tái tạo một cách chân thực và sống động nhất.\n\nKhả năng kết nối không dây 4-trong-1 là điểm nhấn của Barracuda X. Với bộ chuyển đổi USB-C tốc độ cao, bạn có thể dễ dàng chuyển đổi liền mạch giữa PC, PlayStation, Nintendo Switch và các thiết bị Android mà không cần dây cáp rườm rà hay thiết lập phức tạp. Chỉ cần cắm vào và tận hưởng trải nghiệm âm thanh không dây mượt mà.\n\nGiao tiếp luôn rõ ràng với micro Razer HyperClear Cardioid có thể tháo rời. Thiết kế chống ồn hiệu quả giúp giọng nói của bạn luôn được truyền tải một cách trong trẻo, không bị nhiễu bởi tiếng ồn xung quanh, đảm bảo đồng đội luôn nghe rõ mọi mệnh lệnh của bạn trong những trận đấu căng thẳng.\n\nVới thời lượng pin ấn tượng lên đến 20 giờ, Razer Barracuda X sẵn sàng đồng hành cùng bạn trong mọi cuộc phiêu lưu, từ những trận đấu game kéo dài đến những chuyến đi xa. Đây chính là sự lựa chọn hoàn hảo cho những game thủ đa nền tảng đang tìm kiếm sự tiện lợi, thoải mái và chất lượng âm thanh vượt trội trong một thiết kế tinh tế, mạnh mẽ.',
        1, 'https://cdn.hstatic.net/products/200000722513/download__4__5e8ed535e8c640bfa3c8529bc5f1476c.png'
    );
INSERT INTO product_category (product_id, category_id) VALUES (2, 24);
INSERT INTO product_variant (
        product_id, name, seo_name, supplier_id, price, price_sale, quantity, sku, model, barcode, 
        specifications, description, warranty, image_url, release_at, created_by)
        VALUES ( 2, 'Tai nghe Razer Barracuda X Chroma Black', 'tai-nghe-razer-barracuda-x-chroma-black',
            1, 4390000, 3490000, 10, 'TAI-RAZER-BARRACUDA-X-CHROMA-BLK',
            'TAI-RAZER-BARRACUDA-X-CHROMA-BLK', 'TAI-RAZER-BARRACUDA-X-CHROMA-BLK',
            '{"Loại tai nghe": "Over-Ear", "Chuẩn kết nối": "Bluetooth, Wireless 2.4GHz, Wired USB-C", "Driver": "40 mm", "Dải tần số": "20 Hz - 20 kHz", "Micro": "Razer HyperClear Cardioid Mic", "Loại pin": "Pin sạc", "Thời lượng pin": "Có đèn nền + 2.4GHz: Lên đến 35 giờ; Không đèn nền + 2.4GHz: Lên đến 70 giờ", "Tính năng nổi bật": "Razer TriForce; 6-Zone Earcup Lighting; 7.1 Surround Sound (chỉ hỗ trợ trên Windows 10 64-bit hoặc cao hơn)", "Phần mềm hỗ trợ": "Razer Synapse (PC); Razer Audio App (Mobile)", "Cân nặng": "285g", "Phụ kiện đi kèm": "Cáp USB-C to USB-C", "Thời gian bảo hành": "24 tháng (giữ lại phụ kiện và hộp sản phẩm)"}',
            'Hãy đắm chìm vào thế giới giải trí không giới hạn với Tai nghe Razer Barracuda X – người bạn đồng hành không dây đa năng, tối ưu hóa cho mọi nền tảng. Với thiết kế màu đen sang trọng và tinh tế, chiếc tai nghe này không chỉ là một phụ kiện gaming mà còn là biểu tượng của sự linh hoạt và hiệu suất đỉnh cao.\n\nĐược chế tạo để mang lại sự thoải mái tối đa, Barracuda X chỉ nặng vỏn vẹn 250g, đảm bảo bạn có thể chơi game, nghe nhạc hay xem phim suốt hàng giờ liền mà không hề cảm thấy khó chịu. Đệm tai bằng mút hoạt tính mềm mại và băng đô nhẹ nhàng sẽ ôm trọn đầu bạn một cách hoàn hảo, cho phép bạn hoàn toàn tập trung vào trải nghiệm của mình.\n\nTrải nghiệm âm thanh tuyệt vời với trình điều khiển Razer TriForce 40mm độc quyền, mang đến âm cao sắc nét, âm trung phong phú và âm trầm mạnh mẽ. Dù bạn đang nghe tiếng bước chân của kẻ thù trong game, thưởng thức bản nhạc yêu thích hay xem một bộ phim hành động gay cấn, mọi âm thanh đều được tái tạo một cách chân thực và sống động nhất.\n\nKhả năng kết nối không dây 4-trong-1 là điểm nhấn của Barracuda X. Với bộ chuyển đổi USB-C tốc độ cao, bạn có thể dễ dàng chuyển đổi liền mạch giữa PC, PlayStation, Nintendo Switch và các thiết bị Android mà không cần dây cáp rườm rà hay thiết lập phức tạp. Chỉ cần cắm vào và tận hưởng trải nghiệm âm thanh không dây mượt mà.\n\nGiao tiếp luôn rõ ràng với micro Razer HyperClear Cardioid có thể tháo rời. Thiết kế chống ồn hiệu quả giúp giọng nói của bạn luôn được truyền tải một cách trong trẻo, không bị nhiễu bởi tiếng ồn xung quanh, đảm bảo đồng đội luôn nghe rõ mọi mệnh lệnh của bạn trong những trận đấu căng thẳng.\n\nVới thời lượng pin ấn tượng lên đến 20 giờ, Razer Barracuda X sẵn sàng đồng hành cùng bạn trong mọi cuộc phiêu lưu, từ những trận đấu game kéo dài đến những chuyến đi xa. Đây chính là sự lựa chọn hoàn hảo cho những game thủ đa nền tảng đang tìm kiếm sự tiện lợi, thoải mái và chất lượng âm thanh vượt trội trong một thiết kế tinh tế, mạnh mẽ.',
            24, 'https://cdn.hstatic.net/products/200000722513/download__4__5e8ed535e8c640bfa3c8529bc5f1476c.png', '2025-07-23T04:02:20+00:00',1);
        
INSERT INTO product_image (name, product_variant_id, image_url, is_main)
VALUES
    ('Ảnh 1', 2, 'https://cdn.hstatic.net/products/200000722513/download__4__5e8ed535e8c640bfa3c8529bc5f1476c.png', TRUE),
    ('Ảnh 2', 2, 'https://cdn.hstatic.net/products/200000722513/download__5__0e50d00d6b184c128088f4de648e032c.png', FALSE),
    ('Ảnh 3', 2, 'https://cdn.hstatic.net/products/200000722513/download__7__b37e71e9617446c18828135cd982d303.png', FALSE),
    ('Ảnh 4', 2, 'https://cdn.hstatic.net/products/200000722513/download__6__cd857b95556e42ceabdf723f83b63791.png', FALSE),
    ('Ảnh 5', 2, 'https://cdn.hstatic.net/products/200000722513/download__9__a57ebc713b244091954aa5174933482c.png', FALSE),
    ('Ảnh 6', 2, 'https://cdn.hstatic.net/products/200000722513/download__8__2d4a5fb1ce2940468a9c8a340d07adba.png', FALSE);
---
INSERT INTO product (name, seo_name, brand_id, specifications, description, created_by, image_url) 
    VALUES (
        'Tai nghe HP HyperX Cloud III S Wireless Black', 'tai-nghe-hp-hyperx-cloud-iii-s-wireless-black', 27,
        '{"Micro": "Có, khử ồn", "Công nghệ âm thanh": "DTS Headphone X, Spatial Audio", "Driver": "53 mm", "Tương thích": "macOS, Nintendo Switch, Xbox Series X, Xbox Series S, Xbox One, PS5, PS4, Android, iOS, Windows", "Jack cắm": "3.5 mm", "Độ dài dây": "1.3 m", "Tiện ích": "Có mic thoại", "Kết nối cùng lúc": "1 thiết bị", "Điều khiển": "Phím nhấn, Bánh xe lăn", "Chức năng phím điều khiển": "Tăng/giảm âm lượng, Bật/Tắt Mic", "Khối lượng": "317 g", "Thương hiệu": "HP HyperX", "Sản xuất tại": "Trung Quốc"}',
        'Thế hệ tai nghe gaming đang dần trở thành một \"chiến trường\" thu nhỏ trong ngành gaming gear. Yêu cầu của người dùng cũng dần được nâng cấp theo thời gian. Để tiếp nối sự hiện đại cùng khả năng đáp ứng tuyệt vời, HyperX sẽ tiếp tục mang đến phiên bản cải tiến của dòng tai nghe Cloud III cao cấp với tên gọi HyperX Cloud III S Wireless Black.',
        1, 'https://cdn.hstatic.net/products/200000722513/download__3__3e4317d4d85744adaeaacab1e69bff9c.png'
    );
INSERT INTO product_category (product_id, category_id) VALUES (3, 24);
INSERT INTO product_variant (
        product_id, name, seo_name, supplier_id, price, price_sale, quantity, sku, model, barcode, 
        specifications, description, warranty, image_url, release_at, created_by)
        VALUES ( 3, 'Tai nghe HP HyperX Cloud III S Wireless Black', 'tai-nghe-hp-hyperx-cloud-iii-s-wireless-black',
            1, 0, 4690000, 10, 'TAI-HP-HYPERX-CLOUD-III-S-BLACK-WL',
            'TAI-HP-HYPERX-CLOUD-III-S-BLACK-WL', 'TAI-HP-HYPERX-CLOUD-III-S-BLACK-WL',
            '{"Micro": "Có, khử ồn", "Công nghệ âm thanh": "DTS Headphone X, Spatial Audio", "Driver": "53 mm", "Tương thích": "macOS, Nintendo Switch, Xbox Series X, Xbox Series S, Xbox One, PS5, PS4, Android, iOS, Windows", "Jack cắm": "3.5 mm", "Độ dài dây": "1.3 m", "Tiện ích": "Có mic thoại", "Kết nối cùng lúc": "1 thiết bị", "Điều khiển": "Phím nhấn, Bánh xe lăn", "Chức năng phím điều khiển": "Tăng/giảm âm lượng, Bật/Tắt Mic", "Khối lượng": "317 g", "Thương hiệu": "HP HyperX", "Sản xuất tại": "Trung Quốc"}',
            'Thế hệ tai nghe gaming đang dần trở thành một \"chiến trường\" thu nhỏ trong ngành gaming gear. Yêu cầu của người dùng cũng dần được nâng cấp theo thời gian. Để tiếp nối sự hiện đại cùng khả năng đáp ứng tuyệt vời, HyperX sẽ tiếp tục mang đến phiên bản cải tiến của dòng tai nghe Cloud III cao cấp với tên gọi HyperX Cloud III S Wireless Black.',
            24, 'https://cdn.hstatic.net/products/200000722513/download__3__3e4317d4d85744adaeaacab1e69bff9c.png', '2025-07-14T08:09:48+00:00',1);
        
INSERT INTO product_image (name, product_variant_id, image_url, is_main)
VALUES
    ('Ảnh 1', 3, 'https://cdn.hstatic.net/products/200000722513/download__3__3e4317d4d85744adaeaacab1e69bff9c.png', TRUE),
    ('Ảnh 2', 3, 'https://cdn.hstatic.net/products/200000722513/imgi_17_hyperx_cloud_iii_s_wireless_black_a59yzaa_angle_3_e5f09e0bdbcc491c9173566477fbc391.jpg', FALSE),
    ('Ảnh 3', 3, 'https://cdn.hstatic.net/products/200000722513/imgi_20_hyperx_cloud_iii_s_wireless_black_a59yzaa_angle_6_abee0aa9537d411295c33da5d8c7b91e.jpg', FALSE),
    ('Ảnh 4', 3, 'https://cdn.hstatic.net/products/200000722513/imgi_21_hyperx_cloud_iii_s_wireless_black_a59yzaa_angle_7_7d235130fcae41239fb91ba5992fcbd9.jpg', FALSE),
    ('Ảnh 5', 3, 'https://cdn.hstatic.net/products/200000722513/imgi_16_hyperx_cloud_iii_s_wireless_black_a59yzaa_angle_2_759b46cd18f648638580909a17276bfa.jpg', FALSE),
    ('Ảnh 6', 3, 'https://cdn.hstatic.net/products/200000722513/imgi_18_hyperx_cloud_iii_s_wireless_black_a59yzaa_angle_4_5658d9853b5f490a8ba157843b32e45a.jpg', FALSE),
    ('Ảnh 7', 3, 'https://cdn.hstatic.net/products/200000722513/imgi_22_hyperx_cloud_iii_s_wireless_black_a59yzaa_angle_8_0f27aa9d92614a089f865ec3a40fa9f7.jpg', FALSE),
    ('Ảnh 8', 3, 'https://cdn.hstatic.net/products/200000722513/imgi_27_hyperx_cloud_iii_s_wireless_red_a59z0aa_angle_5_d346b23267b84af4af53a452b78acb4f.jpg', FALSE);
---
INSERT INTO product (name, seo_name, brand_id, specifications, description, created_by, image_url) 
    VALUES (
        'Tai nghe HP HyperX Cloud III S Wireless Black Red', 'tai-nghe-hp-hyperx-cloud-iii-s-wireless-black-red', 27,
        '{"Micro": "Có, khử ồn", "Công nghệ âm thanh": "DTS Headphone X, Spatial Audio", "Driver": "53 mm", "Tương thích": "macOS, Nintendo Switch, Xbox Series X, Xbox Series S, Xbox One, PS5, PS4, Android, iOS, Windows", "Jack cắm": "3.5 mm", "Độ dài dây": "1.3 m", "Tiện ích": "Có mic thoại", "Kết nối cùng lúc": "1 thiết bị", "Điều khiển": "Phím nhấn, Bánh xe lăn", "Chức năng phím điều khiển": "Tăng/giảm âm lượng, Bật/Tắt Mic", "Khối lượng": "317 g", "Thương hiệu": "HP HyperX", "Sản xuất tại": "Trung Quốc"}',
        'Thế hệ tai nghe gaming đang dần trở thành một \"chiến trường\" thu nhỏ trong ngành gaming gear. Yêu cầu của người dùng cũng ngày càng nâng cấp theo thời gian. Để tiếp nối sự hiện đại cùng khả năng đáp ứng tuyệt vời, HyperX sẽ tiếp tục mang đến phiên bản cải tiến của dòng tai nghe Cloud III cao cấp với tên gọi HyperX Cloud III Wireless Black Red.',
        1, 'https://cdn.hstatic.net/products/200000722513/imgi_294_hyperx_cloud_iii_s_wireless_red_a59z0aa_main_1_1500x_a300e57b2765415da8300b34df8174cb.jpg'
    );
INSERT INTO product_category (product_id, category_id) VALUES (4, 24);
INSERT INTO product_variant (
        product_id, name, seo_name, supplier_id, price, price_sale, quantity, sku, model, barcode, 
        specifications, description, warranty, image_url, release_at, created_by)
        VALUES ( 4, 'Tai nghe HP HyperX Cloud III S Wireless Black Red', 'tai-nghe-hp-hyperx-cloud-iii-s-wireless-black-red',
            1, 0, 4690000, 10, 'TAI-HP-HYPERX-CLOUD-III-S-BLACK-RED-WL',
            'TAI-HP-HYPERX-CLOUD-III-S-BLACK-RED-WL', 'TAI-HP-HYPERX-CLOUD-III-S-BLACK-RED-WL',
            '{"Micro": "Có, khử ồn", "Công nghệ âm thanh": "DTS Headphone X, Spatial Audio", "Driver": "53 mm", "Tương thích": "macOS, Nintendo Switch, Xbox Series X, Xbox Series S, Xbox One, PS5, PS4, Android, iOS, Windows", "Jack cắm": "3.5 mm", "Độ dài dây": "1.3 m", "Tiện ích": "Có mic thoại", "Kết nối cùng lúc": "1 thiết bị", "Điều khiển": "Phím nhấn, Bánh xe lăn", "Chức năng phím điều khiển": "Tăng/giảm âm lượng, Bật/Tắt Mic", "Khối lượng": "317 g", "Thương hiệu": "HP HyperX", "Sản xuất tại": "Trung Quốc"}',
            'Thế hệ tai nghe gaming đang dần trở thành một \"chiến trường\" thu nhỏ trong ngành gaming gear. Yêu cầu của người dùng cũng ngày càng nâng cấp theo thời gian. Để tiếp nối sự hiện đại cùng khả năng đáp ứng tuyệt vời, HyperX sẽ tiếp tục mang đến phiên bản cải tiến của dòng tai nghe Cloud III cao cấp với tên gọi HyperX Cloud III Wireless Black Red.',
            24, 'https://cdn.hstatic.net/products/200000722513/imgi_294_hyperx_cloud_iii_s_wireless_red_a59z0aa_main_1_1500x_a300e57b2765415da8300b34df8174cb.jpg', '2025-07-14T08:10:22+00:00',1);
        
INSERT INTO product_image (name, product_variant_id, image_url, is_main)
VALUES
    ('Ảnh 1', 4, 'https://cdn.hstatic.net/products/200000722513/imgi_294_hyperx_cloud_iii_s_wireless_red_a59z0aa_main_1_1500x_a300e57b2765415da8300b34df8174cb.jpg', TRUE),
    ('Ảnh 2', 4, 'https://cdn.hstatic.net/products/200000722513/imgi_25_hyperx_cloud_iii_s_wireless_red_a59z0aa_angle_3_191ea93d4d494f80bf24b810aba95714.jpg', FALSE),
    ('Ảnh 3', 4, 'https://cdn.hstatic.net/products/200000722513/imgi_28_hyperx_cloud_iii_s_wireless_red_a59z0aa_angle_6_d1b3f1512df44c428d212c148878a765.jpg', FALSE),
    ('Ảnh 4', 4, 'https://cdn.hstatic.net/products/200000722513/imgi_26_hyperx_cloud_iii_s_wireless_red_a59z0aa_angle_4_645ca96ce3864c2c9f873afb660487f4.jpg', FALSE),
    ('Ảnh 5', 4, 'https://cdn.hstatic.net/products/200000722513/imgi_29_hyperx_cloud_iii_s_wireless_red_a59z0aa_angle_7_31059e8a6a824d5888fddc29c7c0b925.jpg', FALSE),
    ('Ảnh 6', 4, 'https://cdn.hstatic.net/products/200000722513/imgi_30_hyperx_cloud_iii_s_wireless_red_a59z0aa_angle_8_29c27e3531a4452b94a478fda9b3030f.jpg', FALSE),
    ('Ảnh 7', 4, 'https://cdn.hstatic.net/products/200000722513/imgi_27_hyperx_cloud_iii_s_wireless_red_a59z0aa_angle_5_169ced15f1924945a5a7fde431092ce8.jpg', FALSE);
---
INSERT INTO product (name, seo_name, brand_id, specifications, description, created_by, image_url) 
    VALUES (
        'Tai nghe E-Dra EH414W White', 'tai-edra-eh414w-whi', 23,
        '{"Tên sản phẩm": "Tai nghe E-Dra EH414W White", "Màu sắc": "Trắng", "Kiểu kết nối": "Không dây 2.4GHz", "Kích thước Driver": "50mm", "Tần số phản hồi tai nghe": "20Hz - 20kHz", "Độ nhạy tai nghe": "103 ± 3dB", "Trở kháng tai nghe": "32 Ω", "Loại Microphone": "Đa hướng", "Độ nhạy Microphone": "-42 ± 3dB", "Kích thước Microphone": "Φ6.0 x 2.7 mm", "Tần số phản hồi Microphone": "100Hz - 10kHz", "Dung lượng pin": "600 mAh", "Thời lượng pin": "Khoảng 15 giờ", "Cổng sạc": "USB Type-C", "Phạm vi kết nối": "10 mét", "Tương thích": "PC, PS4, PS5, Xbox One, Nintendo Switch, Mobile", "Chất liệu đệm tai": "Da tổng hợp", "Đèn nền": "Không", "Trọng lượng": "Khoảng 320g"}',
        'Tai nghe E-Dra EH414W White là sự kết hợp hoàn hảo giữa hiệu năng âm thanh đỉnh cao, thiết kế thời trang và sự thoải mái vượt trội, mang đến trải nghiệm giải trí và làm việc sống động. Với tông màu trắng tinh khôi, EH414W không chỉ là một thiết bị âm thanh mà còn là một phụ kiện thời trang, dễ dàng phối hợp với mọi không gian và phong cách.\n\nÂm thanh chân thực và sống động là điểm nhấn chính của EH414W. Được trang bị màng loa chất lượng cao, tai nghe tái tạo âm thanh chi tiết với dải tần rộng, cho phép bạn cảm nhận rõ ràng từng nốt nhạc, từng âm bass mạnh mẽ hay những hiệu ứng âm thanh gay cấn trong game. Dù bạn đang thưởng thức âm nhạc yêu thích, xem phim bom tấn hay đắm chìm trong thế giới game, EH414W đều mang đến chất lượng âm thanh ấn tượng, độ rõ nét cao và âm trường rộng mở.\n\nThiết kế của EH414W tập trung vào sự thoải mái cho người dùng, ngay cả khi sử dụng trong thời gian dài. Earcup được bọc đệm da mềm mại, ôm trọn tai giúp cách âm tốt, đồng thời giảm thiểu áp lực lên vành tai. Phần headband có thể điều chỉnh linh hoạt, phù hợp với nhiều kích cỡ đầu khác nhau, đảm bảo sự vừa vặn và ổn định. Chất liệu nhẹ nhàng kết hợp với đệm tai êm ái tạo nên cảm giác đeo dễ chịu, không gây khó chịu hay mỏi tai.\n\nNgoài ra, EH414W còn tích hợp micro chất lượng, giúp bạn giao tiếp rõ ràng trong các cuộc gọi trực tuyến, họp hành hay voice chat khi chơi game. Khả năng lọc tiếng ồn hiệu quả của micro đảm bảo giọng nói của bạn luôn được truyền tải một cách tốt nhất đến người đối diện. Kết nối đơn giản và ổn định, tương thích với nhiều thiết bị khác nhau, EH414W White là lựa chọn lý tưởng cho mọi nhu cầu âm thanh của bạn.',
        1, 'https://cdn.hstatic.net/products/200000722513/download__4__d20722e010b54339bf49427884a67ef9.png'
    );
INSERT INTO product_category (product_id, category_id) VALUES (5, 24);
INSERT INTO product_variant (
        product_id, name, seo_name, supplier_id, price, price_sale, quantity, sku, model, barcode, 
        specifications, description, warranty, image_url, release_at, created_by)
        VALUES ( 5, 'Tai nghe E-Dra EH414W White', 'tai-edra-eh414w-whi',
            1, 0, 990000, 10, 'TAI-EDRA-EH414W-WHI',
            'TAI-EDRA-EH414W-WHI', 'TAI-EDRA-EH414W-WHI',
            '{"Tên sản phẩm": "Tai nghe E-Dra EH414W White", "Màu sắc": "Trắng", "Kiểu kết nối": "Không dây 2.4GHz", "Kích thước Driver": "50mm", "Tần số phản hồi tai nghe": "20Hz - 20kHz", "Độ nhạy tai nghe": "103 ± 3dB", "Trở kháng tai nghe": "32 Ω", "Loại Microphone": "Đa hướng", "Độ nhạy Microphone": "-42 ± 3dB", "Kích thước Microphone": "Φ6.0 x 2.7 mm", "Tần số phản hồi Microphone": "100Hz - 10kHz", "Dung lượng pin": "600 mAh", "Thời lượng pin": "Khoảng 15 giờ", "Cổng sạc": "USB Type-C", "Phạm vi kết nối": "10 mét", "Tương thích": "PC, PS4, PS5, Xbox One, Nintendo Switch, Mobile", "Chất liệu đệm tai": "Da tổng hợp", "Đèn nền": "Không", "Trọng lượng": "Khoảng 320g"}',
            'Tai nghe E-Dra EH414W White là sự kết hợp hoàn hảo giữa hiệu năng âm thanh đỉnh cao, thiết kế thời trang và sự thoải mái vượt trội, mang đến trải nghiệm giải trí và làm việc sống động. Với tông màu trắng tinh khôi, EH414W không chỉ là một thiết bị âm thanh mà còn là một phụ kiện thời trang, dễ dàng phối hợp với mọi không gian và phong cách.\n\nÂm thanh chân thực và sống động là điểm nhấn chính của EH414W. Được trang bị màng loa chất lượng cao, tai nghe tái tạo âm thanh chi tiết với dải tần rộng, cho phép bạn cảm nhận rõ ràng từng nốt nhạc, từng âm bass mạnh mẽ hay những hiệu ứng âm thanh gay cấn trong game. Dù bạn đang thưởng thức âm nhạc yêu thích, xem phim bom tấn hay đắm chìm trong thế giới game, EH414W đều mang đến chất lượng âm thanh ấn tượng, độ rõ nét cao và âm trường rộng mở.\n\nThiết kế của EH414W tập trung vào sự thoải mái cho người dùng, ngay cả khi sử dụng trong thời gian dài. Earcup được bọc đệm da mềm mại, ôm trọn tai giúp cách âm tốt, đồng thời giảm thiểu áp lực lên vành tai. Phần headband có thể điều chỉnh linh hoạt, phù hợp với nhiều kích cỡ đầu khác nhau, đảm bảo sự vừa vặn và ổn định. Chất liệu nhẹ nhàng kết hợp với đệm tai êm ái tạo nên cảm giác đeo dễ chịu, không gây khó chịu hay mỏi tai.\n\nNgoài ra, EH414W còn tích hợp micro chất lượng, giúp bạn giao tiếp rõ ràng trong các cuộc gọi trực tuyến, họp hành hay voice chat khi chơi game. Khả năng lọc tiếng ồn hiệu quả của micro đảm bảo giọng nói của bạn luôn được truyền tải một cách tốt nhất đến người đối diện. Kết nối đơn giản và ổn định, tương thích với nhiều thiết bị khác nhau, EH414W White là lựa chọn lý tưởng cho mọi nhu cầu âm thanh của bạn.',
            24, 'https://cdn.hstatic.net/products/200000722513/download__4__d20722e010b54339bf49427884a67ef9.png', '2025-07-09T09:38:13+00:00',1);
        
INSERT INTO product_image (name, product_variant_id, image_url, is_main)
VALUES
    ('Ảnh 1', 5, 'https://cdn.hstatic.net/products/200000722513/download__4__d20722e010b54339bf49427884a67ef9.png', TRUE);
---
INSERT INTO product (name, seo_name, brand_id, specifications, description, created_by, image_url) 
    VALUES (
        'Tai nghe E-Dra EH414W Black', 'tai-edra-eh414w-blk', 23,
        '{"Tên sản phẩm": "Tai nghe E-Dra EH414W Black", "Model": "EH414W", "Màu sắc": "Đen", "Kiểu kết nối": "Không dây 2.4GHz và có dây USB-C", "Kích thước Driver": "50mm", "Tần số đáp ứng tai nghe": "20Hz - 20kHz", "Trở kháng tai nghe": "32 Ohm", "Độ nhạy tai nghe": "110dB", "Kiểu Micro": "Đa hướng", "Tần số đáp ứng Micro": "100Hz - 10kHz", "Độ nhạy Micro": "-42dB", "Dung lượng pin": "1000mAh", "Thời lượng pin": "Lên đến 20 giờ (tắt LED)", "Cổng sạc": "USB Type-C", "Đèn nền": "RGB", "Chất liệu đệm tai": "Da PU", "Tương thích": "PC, Laptop, PlayStation, Nintendo Switch, Mobile"}',
        'Tai nghe E-Dra EH414W Black là một lựa chọn tuyệt vời cho những ai đang tìm kiếm một thiết bị âm thanh đa năng, phục vụ cả nhu cầu giải trí lẫn làm việc. Với thiết kế over-ear hiện đại, EH414W mang đến sự thoải mái tối đa ngay cả khi sử dụng trong thời gian dài. Earcup được bọc đệm da mềm mại, ôm trọn tai, giúp cách âm hiệu quả với môi trường bên ngoài, cho phép bạn đắm chìm hoàn toàn vào thế giới âm nhạc hoặc game. Khung tai nghe được làm từ chất liệu cao cấp, bền bỉ, đảm bảo tuổi thọ lâu dài. Microphone tích hợp có khả năng lọc tiếng ồn, thu âm giọng nói rõ ràng, rất lý tưởng cho các buổi họp trực tuyến, chơi game cùng đồng đội hoặc đơn giản là trò chuyện với bạn bè. Chất lượng âm thanh của E-Dra EH414W Black được đánh giá cao với âm bass mạnh mẽ, âm trung chi tiết và âm cao trong trẻo, mang lại trải nghiệm nghe nhạc sống động và chân thực. Thiết bị dễ dàng kết nối với các thiết bị khác thông qua cổng USB, tương thích với nhiều hệ điều hành như Windows, macOS. Đèn LED RGB trên tai nghe không chỉ tạo điểm nhấn thẩm mỹ độc đáo mà còn mang lại không khí sôi động, phù hợp với không gian game. E-Dra EH414W Black thực sự là sự kết hợp hoàn hảo giữa hiệu năng, thiết kế và giá cả phải chăng, là người bạn đồng hành lý tưởng cho mọi nhu cầu âm thanh của bạn.',
        1, 'https://cdn.hstatic.net/products/200000722513/download__3__a14223002edf421a9b785ab5b9ca0596.png'
    );
INSERT INTO product_category (product_id, category_id) VALUES (6, 24);
INSERT INTO product_variant (
        product_id, name, seo_name, supplier_id, price, price_sale, quantity, sku, model, barcode, 
        specifications, description, warranty, image_url, release_at, created_by)
        VALUES ( 6, 'Tai nghe E-Dra EH414W Black', 'tai-edra-eh414w-blk',
            1, 0, 990000, 10, 'TAI-EDRA-EH414W-BLK',
            'TAI-EDRA-EH414W-BLK', 'TAI-EDRA-EH414W-BLK',
            '{"Tên sản phẩm": "Tai nghe E-Dra EH414W Black", "Model": "EH414W", "Màu sắc": "Đen", "Kiểu kết nối": "Không dây 2.4GHz và có dây USB-C", "Kích thước Driver": "50mm", "Tần số đáp ứng tai nghe": "20Hz - 20kHz", "Trở kháng tai nghe": "32 Ohm", "Độ nhạy tai nghe": "110dB", "Kiểu Micro": "Đa hướng", "Tần số đáp ứng Micro": "100Hz - 10kHz", "Độ nhạy Micro": "-42dB", "Dung lượng pin": "1000mAh", "Thời lượng pin": "Lên đến 20 giờ (tắt LED)", "Cổng sạc": "USB Type-C", "Đèn nền": "RGB", "Chất liệu đệm tai": "Da PU", "Tương thích": "PC, Laptop, PlayStation, Nintendo Switch, Mobile"}',
            'Tai nghe E-Dra EH414W Black là một lựa chọn tuyệt vời cho những ai đang tìm kiếm một thiết bị âm thanh đa năng, phục vụ cả nhu cầu giải trí lẫn làm việc. Với thiết kế over-ear hiện đại, EH414W mang đến sự thoải mái tối đa ngay cả khi sử dụng trong thời gian dài. Earcup được bọc đệm da mềm mại, ôm trọn tai, giúp cách âm hiệu quả với môi trường bên ngoài, cho phép bạn đắm chìm hoàn toàn vào thế giới âm nhạc hoặc game. Khung tai nghe được làm từ chất liệu cao cấp, bền bỉ, đảm bảo tuổi thọ lâu dài. Microphone tích hợp có khả năng lọc tiếng ồn, thu âm giọng nói rõ ràng, rất lý tưởng cho các buổi họp trực tuyến, chơi game cùng đồng đội hoặc đơn giản là trò chuyện với bạn bè. Chất lượng âm thanh của E-Dra EH414W Black được đánh giá cao với âm bass mạnh mẽ, âm trung chi tiết và âm cao trong trẻo, mang lại trải nghiệm nghe nhạc sống động và chân thực. Thiết bị dễ dàng kết nối với các thiết bị khác thông qua cổng USB, tương thích với nhiều hệ điều hành như Windows, macOS. Đèn LED RGB trên tai nghe không chỉ tạo điểm nhấn thẩm mỹ độc đáo mà còn mang lại không khí sôi động, phù hợp với không gian game. E-Dra EH414W Black thực sự là sự kết hợp hoàn hảo giữa hiệu năng, thiết kế và giá cả phải chăng, là người bạn đồng hành lý tưởng cho mọi nhu cầu âm thanh của bạn.',
            24, 'https://cdn.hstatic.net/products/200000722513/download__3__a14223002edf421a9b785ab5b9ca0596.png', '2025-07-09T09:37:56+00:00',1);
        
INSERT INTO product_image (name, product_variant_id, image_url, is_main)
VALUES
    ('Ảnh 1', 6, 'https://cdn.hstatic.net/products/200000722513/download__3__a14223002edf421a9b785ab5b9ca0596.png', TRUE);
---
INSERT INTO product (name, seo_name, brand_id, specifications, description, created_by, image_url) 
    VALUES (
        'Tai nghe BlackShark V2 Pro White (gen 2)', 'tai-nghe-blackshark-v2-pro-white-gen-2', 15,
        '{"Thương hiệu": "RAZER", "Bảo hành": "24 tháng"}',
        'Tai nghe BlackShark V2 Pro White (gen 2) là một sản phẩm nổi bật trong dòng tai nghe gaming của Razer, mang lại trải nghiệm chơi game tối ưu cho người dùng. Với thiết kế hiện đại và nhiều tính năng vượt trội, đây là lựa chọn lý tưởng cho những game thủ khó tính. Hãy cùng khám phá chi tiết về các đặc tính và tính năng nổi bật của sản phẩm này.',
        1, 'https://product.hstatic.net/200000722513/product/es-container_2fh75_2fh86_2f9917599055902_2f250606-blackshark-photoroom_fb24959dfdb2407ab9b816e33faf2b7f.png'
    );
INSERT INTO product_category (product_id, category_id) VALUES (7, 24);
INSERT INTO product_variant (
        product_id, name, seo_name, supplier_id, price, price_sale, quantity, sku, model, barcode, 
        specifications, description, warranty, image_url, release_at, created_by)
        VALUES ( 7, 'Tai nghe BlackShark V2 Pro White (gen 2)', 'tai-nghe-blackshark-v2-pro-white-gen-2',
            1, 4890000, 4700000, 10, 'TAI-RAZ-BS-V2-PRO-2ND-WHI',
            'TAI-RAZ-BS-V2-PRO-2ND-WHI', 'TAI-RAZ-BS-V2-PRO-2ND-WHI',
            '{"Tên sản phẩm": "Razer BlackShark V2 Pro (gen 2) White", "Loại tai nghe": "Over-Ear", "Chuẩn kết nối": "Razer HyperSpeed Wireless (2.4 GHz), Bluetooth 5.2", "Driver": "Razer™ TriForce Titanium 50 mm", "Tần số phản hồi": "12 Hz - 28 kHz", "Trở kháng": "32 Ω", "Độ nhạy (tai nghe)": "100 dBSPL / mW @ 1 kHz", "Độ nhạy (micro)": "-42 ± 3 dBV / PA, 1 kHz", "Tần số phản hồi (micro)": "100 Hz – 10 kHz", "Khử tiếng ồn": "Khử tiếng ồn thụ động nâng cao", "Thời lượng pin": "Lên đến 70 giờ", "Trọng lượng": "320 g", "Màu sắc": "Trắng", "Tương thích": "PC, PlayStation, Thiết bị di động (Android & iOS)", "Bảo hành": "2 năm"}',
            'Tai nghe BlackShark V2 Pro White (gen 2) là một sản phẩm nổi bật trong dòng tai nghe gaming của Razer, mang lại trải nghiệm chơi game tối ưu cho người dùng. Với thiết kế hiện đại và nhiều tính năng vượt trội, đây là lựa chọn lý tưởng cho những game thủ khó tính. Hãy cùng khám phá chi tiết về các đặc tính và tính năng nổi bật của sản phẩm này.',
            24, 'https://product.hstatic.net/200000722513/product/es-container_2fh75_2fh86_2f9917599055902_2f250606-blackshark-photoroom_fb24959dfdb2407ab9b816e33faf2b7f.png', '2025-07-04T03:30:50+00:00',1);
        
INSERT INTO product_image (name, product_variant_id, image_url, is_main)
VALUES
    ('Ảnh 1', 7, 'https://product.hstatic.net/200000722513/product/es-container_2fh75_2fh86_2f9917599055902_2f250606-blackshark-photoroom_fb24959dfdb2407ab9b816e33faf2b7f.png', TRUE),
    ('Ảnh 2', 7, 'https://product.hstatic.net/200000722513/product/hoenix-images-container_2fha0_2fhdc_2f9761351106590_2fblackshark-v2-pr_5dfc7e509447421c93f4e5b7a33de252.png', FALSE),
    ('Ảnh 3', 7, 'https://product.hstatic.net/200000722513/product/hoenix-images-container_2fh7c_2fhf8_2f9761351958558_2f240409-black__1__4c2405244d4a4a2b8cfacda525494af9.jpg', FALSE),
    ('Ảnh 4', 7, 'https://product.hstatic.net/200000722513/product/hoenix-images-container_2fh7f_2fhf5_2f9761351893022_2f240409-black__1__1b82ed5df5b54135b32f430275dd60a3.jpg', FALSE),
    ('Ảnh 5', 7, 'https://product.hstatic.net/200000722513/product/hoenix-images-container_2fhbd_2fhf4_2f9761351827486_2f240409-black__1__4ef95611dec744f995a103bda251a6ba.jpg', FALSE),
    ('Ảnh 6', 7, 'https://product.hstatic.net/200000722513/product/hoenix-images-container_2fhb0_2fhb8_2f9761352187934_2f240409-black__1__abb0fe4d6ce74f6390dd38fb8ea71544.jpg', FALSE),
    ('Ảnh 7', 7, 'https://product.hstatic.net/200000722513/product/download__6__b942a3de02fc441db77fa3b63ed93a09.png', FALSE),
    ('Ảnh 8', 7, 'https://product.hstatic.net/200000722513/product/download__7__c43252190bd54dbeb3be5a58add82ca0.png', FALSE);
---
INSERT INTO product (name, seo_name, brand_id, specifications, description, created_by, image_url) 
    VALUES (
        'Tai nghe Razer Hammerhead V3 Wired Earbuds', 'tai-nghe-razer-hammerhead-v3-wired-earbuds', 15,
        '{"Thương hiệu": "RAZER", "Bảo hành": "24 tháng"}',
        'Đắm chìm trong thế giới âm thanh đỉnh cao với Tai nghe Razer Hammerhead V3 Wired Earbuds, thiết bị âm thanh được thiết kế tỉ mỉ cho trải nghiệm nghe nhạc, chơi game và đàm thoại hoàn hảo. Sở hữu driver âm thanh tùy chỉnh mạnh mẽ, Hammerhead V3 tái tạo âm bass sâu lắng, âm trung rõ nét và âm cao trong trẻo, mang đến chất lượng âm thanh sống động và chi tiết đến từng nốt nhạc. Thiết kế công thái học với đệm tai nghe mềm mại, có nhiều kích cỡ khác nhau, đảm bảo sự thoải mái tối đa ngay cả khi sử dụng trong thời gian dài. Phần thân tai nghe được chế tác từ vật liệu cao cấp, bền bỉ, chống mồ hôi và nước, lý tưởng cho mọi hoạt động. Dây cáp được gia cố chắc chắn, chống rối hiệu quả, giúp bạn dễ dàng cất giữ và sử dụng. Tích hợp micro đa hướng chất lượng cao với khả năng khử tiếng ồn thông minh, cho phép bạn thực hiện các cuộc gọi rõ ràng, sắc nét mà không bị ảnh hưởng bởi tạp âm xung quanh. Nút điều khiển trên dây cáp tiện lợi cho phép bạn dễ dàng điều chỉnh âm lượng, phát/tạm dừng nhạc, chuyển bài và nhận/kết thúc cuộc gọi mà không cần chạm vào thiết bị di động. Chuẩn kết nối 3.5mm phổ biến tương thích với hầu hết các thiết bị, từ điện thoại thông minh, máy tính bảng, laptop cho đến máy chơi game. Tai nghe Razer Hammerhead V3 Wired Earbuds không chỉ là một phụ kiện âm thanh, mà còn là người bạn đồng hành lý tưởng, nâng tầm mọi trải nghiệm giải trí và công việc của bạn.',
        1, 'https://product.hstatic.net/200000722513/product/hammerhead_v3_gearvn_9659690f7afb41eb86ab4032fbd41de7.png'
    );
INSERT INTO product_category (product_id, category_id) VALUES (8, 24);
INSERT INTO product_variant (
        product_id, name, seo_name, supplier_id, price, price_sale, quantity, sku, model, barcode, 
        specifications, description, warranty, image_url, release_at, created_by)
        VALUES ( 8, 'Tai nghe Razer Hammerhead V3 Wired Earbuds', 'tai-nghe-razer-hammerhead-v3-wired-earbuds',
            1, 1590000, 1390000, 10, 'TAI-RAZ-HAMER-V3-EARBUDS',
            'TAI-RAZ-HAMER-V3-EARBUDS', 'TAI-RAZ-HAMER-V3-EARBUDS',
            '{"Model": "Hammerhead V3", "Xuất xứ": "Trung Quốc", "Thời gian bảo hành": "12 tháng", "Hướng dẫn bảo quản": "Để nơi khô ráo, nhẹ tay, dễ vỡ", "Hướng dẫn sử dụng": "Xem trong sách hướng dẫn sử dụng", "Màu sắc": "Đen", "Trọng lượng": "53 g", "Chất liệu": "Nhựa", "Độ dài dây": "1.2 m", "Loại tai nghe": "Tai nghe Gaming", "Dải tần số": "20 Hz - 20.000 Hz", "Sử dụng cho thiết bị": "Laptop, Máy tính để bàn, Điện thoại", "Cổng giao tiếp": "Jack 3.5 mm", "Tính năng": "Nghe nhạc, Chơi game", "Phụ kiện đi kèm": "Sách HDSD, Dây sạc"}',
            'Đắm chìm trong thế giới âm thanh đỉnh cao với Tai nghe Razer Hammerhead V3 Wired Earbuds, thiết bị âm thanh được thiết kế tỉ mỉ cho trải nghiệm nghe nhạc, chơi game và đàm thoại hoàn hảo. Sở hữu driver âm thanh tùy chỉnh mạnh mẽ, Hammerhead V3 tái tạo âm bass sâu lắng, âm trung rõ nét và âm cao trong trẻo, mang đến chất lượng âm thanh sống động và chi tiết đến từng nốt nhạc. Thiết kế công thái học với đệm tai nghe mềm mại, có nhiều kích cỡ khác nhau, đảm bảo sự thoải mái tối đa ngay cả khi sử dụng trong thời gian dài. Phần thân tai nghe được chế tác từ vật liệu cao cấp, bền bỉ, chống mồ hôi và nước, lý tưởng cho mọi hoạt động. Dây cáp được gia cố chắc chắn, chống rối hiệu quả, giúp bạn dễ dàng cất giữ và sử dụng. Tích hợp micro đa hướng chất lượng cao với khả năng khử tiếng ồn thông minh, cho phép bạn thực hiện các cuộc gọi rõ ràng, sắc nét mà không bị ảnh hưởng bởi tạp âm xung quanh. Nút điều khiển trên dây cáp tiện lợi cho phép bạn dễ dàng điều chỉnh âm lượng, phát/tạm dừng nhạc, chuyển bài và nhận/kết thúc cuộc gọi mà không cần chạm vào thiết bị di động. Chuẩn kết nối 3.5mm phổ biến tương thích với hầu hết các thiết bị, từ điện thoại thông minh, máy tính bảng, laptop cho đến máy chơi game. Tai nghe Razer Hammerhead V3 Wired Earbuds không chỉ là một phụ kiện âm thanh, mà còn là người bạn đồng hành lý tưởng, nâng tầm mọi trải nghiệm giải trí và công việc của bạn.',
            24, 'https://product.hstatic.net/200000722513/product/hammerhead_v3_gearvn_9659690f7afb41eb86ab4032fbd41de7.png', '2025-06-24T09:36:41+00:00',1);
        
INSERT INTO product_image (name, product_variant_id, image_url, is_main)
VALUES
    ('Ảnh 1', 8, 'https://product.hstatic.net/200000722513/product/hammerhead_v3_gearvn_9659690f7afb41eb86ab4032fbd41de7.png', TRUE),
    ('Ảnh 2', 8, 'https://product.hstatic.net/200000722513/product/hammerhead_v3_gearvn_1_4450e8a01be84dc890cea436efdd9ef7.png', FALSE),
    ('Ảnh 3', 8, 'https://product.hstatic.net/200000722513/product/hammerhead_v3_gearvn_2_80c0b03fa8794fff993e6a6a8a8ac6b5.png', FALSE),
    ('Ảnh 4', 8, 'https://product.hstatic.net/200000722513/product/tai-nghe-razer-hammerhead-v3-wired-earbuds-premium-sound-thx-02_80ae82915ca242a981a6f6e4ab9e00f0.jpg', FALSE),
    ('Ảnh 5', 8, 'https://product.hstatic.net/200000722513/product/hammerhead_v3_gearvn_3_04a2ccee24f84079a17bcf00d9a5858e.png', FALSE),
    ('Ảnh 6', 8, 'https://product.hstatic.net/200000722513/product/tai-nghe-razer-hammerhead-v3-wired-earbuds-premium-sound-thx-05_f038bbd45723466892e1c6582b793661.jpg', FALSE);
---
INSERT INTO product (name, seo_name, brand_id, specifications, description, created_by, image_url) 
    VALUES (
        'Tai nghe Không dây Logitech Zone 300 Trắng', 'tai-nghe-khong-day-logitech-zone-300-trang', 13,
        '{"Thời gian sử dụng": "20 giờ", "Thời gian sạc": "Khoảng 2 giờ", "Cổng sạc": "Type-C", "Công nghệ âm thanh": "Driver 30 mm", "Tương thích": "macOS, ChromeOS, PlayStation 4, PlayStation 5, Android, iOS, Windows, iPadOS", "Ứng dụng kết nối": "Logi Tune", "Jack cắm": "3.5 mm", "Độ dài dây": "1 m", "Tiện ích": "Có mic thoại, Sạc nhanh, 2 Micro chống ồn", "Kết nối cùng lúc": "2 thiết bị", "Công nghệ kết nối": "Bluetooth 5.3", "Điều khiển": "Phím nhấn", "Phím điều khiển": "Tăng/giảm âm lượng, Phát/dừng chơi nhạc, Nhận/Ngắt cuộc gọi", "Kích thước": "Dài 17.28 cm - Rộng 16.67 cm - Cao 6.6 cm", "Khối lượng": "122 g", "Thương hiệu": "Logitech", "Sản xuất tại": "Việt Nam"}',
        'Tai nghe không dây Logitech Zone là sự kết hợp hoàn hảo giữa thiết kế tiện lợi và chất lượng âm thanh tuyệt vời, mang lại trải nghiệm nghe nhạc và gọi điện tốt nhất cho người dùng. Với những tính năng nổi bật và hiện đại, sản phẩm này không chỉ là một phụ kiện điện tử thông thường mà còn là một trợ thủ đắc lực cho cuộc sống hàng ngày.Thiết kế đẳng cấp và thoải mái\nĐược thiết kế tai nghe siêu nhẹ chỉ 122g. Đặc biệt, tai nghe còn được trang bị quai đeo có đệm và miếng đem mang lại cảm giác thoải mái và nhẹ nhàng khi đeo trong thời gian dài. Với kiểu dáng hiện đại và thanh lịch, phản ánh phong cách riêng biệt của người dùng.\n\nTai nghe Không dây Logitech Zone 300 Trắng\n\nChất lượng âm thanh xuất sắc\nTai nghe Logitech không chỉ đảm bảo chất lượng âm thanh rõ ràng và sắc nét với dải tần rộng, mà còn tích hợp công nghệ micrô kép khử tiếng ồn, giúp bạn có thể nghe và được nghe rõ ràng trong mọi cuộc gọi.\n\nTai nghe Không dây Logitech Zone 300 Trắng\n\nTính năng tiện ích và linh hoạt\nGhép cặp lên tới 6 thiết bị, kết nối với 2 thiết bị đồng thời bằng Bluetooth 3 điểm. Đồng thời  bạn có thể tự do di chuyển mà không bị gián đoạn nhờ vào khả năng kết nối phạm vi lên đến 30m. Thời lượng pin lên đến 20 giờ sử dụng với một lần sạc, cùng với tính năng sạc nhanh chỉ trong 5 phút cho 1 giờ sử dụng, giúp bạn không bao giờ bị gián đoạn trong công việc hoặc giải trí.\n\nTai nghe Không dây Logitech Zone 300 Trắng\n\nTùy chỉnh nhanh chóng\nLogitech Zone không chỉ giúp bạn điều chỉnh âm nhạc cài đặt âm thanh và trải nghiệm hội thoại quản lý thiết lập với Logi Tune. Cập nhật webcam và tham gia Điều chỉnh âm phụ, mức mic và EQ để có thể trải nghiệm âm thanh một cách tốt nhất, tạo điều kiện làm việc tập trung và hiệu quả hơn.',
        1, 'https://product.hstatic.net/200000722513/product/o21ntxf1_d70572c8b2cd4922b5318e6499cf179b.png'
    );
INSERT INTO product_category (product_id, category_id) VALUES (9, 24);
INSERT INTO product_variant (
        product_id, name, seo_name, supplier_id, price, price_sale, quantity, sku, model, barcode, 
        specifications, description, warranty, image_url, release_at, created_by)
        VALUES ( 9, 'Tai nghe Không dây Logitech Zone 300 Trắng', 'tai-nghe-khong-day-logitech-zone-300-trang',
            1, 1790000, 1450000, 10, 'TAI-LOGITECH-ZONE-300-TRANG',
            'TAI-LOGITECH-ZONE-300-TRANG', 'TAI-LOGITECH-ZONE-300-TRANG',
            '{"Thời gian sử dụng": "20 giờ", "Thời gian sạc": "Khoảng 2 giờ", "Cổng sạc": "Type-C", "Công nghệ âm thanh": "Driver 30 mm", "Tương thích": "macOS, ChromeOS, PlayStation 4, PlayStation 5, Android, iOS, Windows, iPadOS", "Ứng dụng kết nối": "Logi Tune", "Jack cắm": "3.5 mm", "Độ dài dây": "1 m", "Tiện ích": "Có mic thoại, Sạc nhanh, 2 Micro chống ồn", "Kết nối cùng lúc": "2 thiết bị", "Công nghệ kết nối": "Bluetooth 5.3", "Điều khiển": "Phím nhấn", "Phím điều khiển": "Tăng/giảm âm lượng, Phát/dừng chơi nhạc, Nhận/Ngắt cuộc gọi", "Kích thước": "Dài 17.28 cm - Rộng 16.67 cm - Cao 6.6 cm", "Khối lượng": "122 g", "Thương hiệu": "Logitech", "Sản xuất tại": "Việt Nam"}',
            'Tai nghe không dây Logitech Zone là sự kết hợp hoàn hảo giữa thiết kế tiện lợi và chất lượng âm thanh tuyệt vời, mang lại trải nghiệm nghe nhạc và gọi điện tốt nhất cho người dùng. Với những tính năng nổi bật và hiện đại, sản phẩm này không chỉ là một phụ kiện điện tử thông thường mà còn là một trợ thủ đắc lực cho cuộc sống hàng ngày.Thiết kế đẳng cấp và thoải mái\nĐược thiết kế tai nghe siêu nhẹ chỉ 122g. Đặc biệt, tai nghe còn được trang bị quai đeo có đệm và miếng đem mang lại cảm giác thoải mái và nhẹ nhàng khi đeo trong thời gian dài. Với kiểu dáng hiện đại và thanh lịch, phản ánh phong cách riêng biệt của người dùng.\n\nTai nghe Không dây Logitech Zone 300 Trắng\n\nChất lượng âm thanh xuất sắc\nTai nghe Logitech không chỉ đảm bảo chất lượng âm thanh rõ ràng và sắc nét với dải tần rộng, mà còn tích hợp công nghệ micrô kép khử tiếng ồn, giúp bạn có thể nghe và được nghe rõ ràng trong mọi cuộc gọi.\n\nTai nghe Không dây Logitech Zone 300 Trắng\n\nTính năng tiện ích và linh hoạt\nGhép cặp lên tới 6 thiết bị, kết nối với 2 thiết bị đồng thời bằng Bluetooth 3 điểm. Đồng thời  bạn có thể tự do di chuyển mà không bị gián đoạn nhờ vào khả năng kết nối phạm vi lên đến 30m. Thời lượng pin lên đến 20 giờ sử dụng với một lần sạc, cùng với tính năng sạc nhanh chỉ trong 5 phút cho 1 giờ sử dụng, giúp bạn không bao giờ bị gián đoạn trong công việc hoặc giải trí.\n\nTai nghe Không dây Logitech Zone 300 Trắng\n\nTùy chỉnh nhanh chóng\nLogitech Zone không chỉ giúp bạn điều chỉnh âm nhạc cài đặt âm thanh và trải nghiệm hội thoại quản lý thiết lập với Logi Tune. Cập nhật webcam và tham gia Điều chỉnh âm phụ, mức mic và EQ để có thể trải nghiệm âm thanh một cách tốt nhất, tạo điều kiện làm việc tập trung và hiệu quả hơn.',
            12, 'https://product.hstatic.net/200000722513/product/o21ntxf1_d70572c8b2cd4922b5318e6499cf179b.png', '2024-05-06T09:44:44+00:00',1);
        
INSERT INTO product_image (name, product_variant_id, image_url, is_main)
VALUES
    ('Ảnh 1', 9, 'https://product.hstatic.net/200000722513/product/o21ntxf1_d70572c8b2cd4922b5318e6499cf179b.png', TRUE),
    ('Ảnh 2', 9, 'https://product.hstatic.net/200000722513/product/2sg6ufv5_d334c48efd3b4549a486ce64869779e3.png', FALSE),
    ('Ảnh 3', 9, 'https://product.hstatic.net/200000722513/product/p7gpeiuj_912e294d9a87426fb49deb8686bb2916.png', FALSE),
    ('Ảnh 4', 9, 'https://product.hstatic.net/200000722513/product/4jxbb45y_87f0de98c32145589694b3204fdfa0ea.png', FALSE),
    ('Ảnh 5', 9, 'https://product.hstatic.net/200000722513/product/g095xl64_ae4a896951a540018897696aa1865ad1.png', FALSE);
---
INSERT INTO product (name, seo_name, brand_id, specifications, description, created_by, image_url) 
    VALUES (
        'Tai nghe Không dây Logitech Zone 300 Hồng', 'tai-nghe-khong-day-logitech-zone-300-hong', 13,
        '{"Thời gian sử dụng": "20 giờ", "Thời gian sạc": "Khoảng 2 giờ", "Cổng sạc": "Type-C", "Công nghệ âm thanh": "Driver 30 mm", "Tương thích": "macOS, ChromeOS, PlayStation 4, PlayStation 5, Android, iOS, Windows, iPadOS", "Ứng dụng kết nối": "Logi Tune", "Jack cắm": "3.5 mm", "Độ dài dây": "1 m", "Tiện ích": "Có mic thoại, Sạc nhanh, 2 Micro chống ồn", "Kết nối cùng lúc": "2 thiết bị", "Công nghệ kết nối": "Bluetooth 5.3", "Điều khiển": "Phím nhấn", "Phím điều khiển": "Tăng/giảm âm lượng, Phát/dừng chơi nhạc, Nhận/Ngắt cuộc gọi", "Kích thước": "Dài 17.28 cm - Rộng 16.67 cm - Cao 6.6 cm", "Khối lượng": "122 g", "Thương hiệu": "Logitech", "Sản xuất tại": "Việt Nam"}',
        'Tai nghe chụp tai Logitech Zone 300 sở hữu một thiết kế tối giản cùng trọng lượng nhẹ, đệm mút tai êm ái để mang tới trải nghiệm đeo thoải mái trong thời gian dài. Kèm theo đó là chất lượng âm thanh và khả năng đàm thoại rõ ràng để phục vụ tốt cho đa dạng các nhu cầu làm việc, giải trí của người dùng.\n\nÂm thanh rõ ràng với màng loa 30mm\nMỗi bên tai nghe chụp tai Logitech Zone 300 được trang bị một màng loa 30mm để mang tới âm thanh rõ ràng cho người nghe. Với độ nhạy tần số dao động từ 50Hz tới 20KHz, các dải âm sẽ được xử lý chi tiết để phù hợp với nhiều dòng nhạc phổ biến hiện nay. Không chỉ các bản nhạc, mẫu tai nghe chụp tai của Logitech còn có thể tái tạo tốt giọng nói trong các cuộc gọi để truyền tải chính xác thông tin trong các cuộc đàm thoại.\n\nChất lượng âm thanh của tai nghe chụp tai Logitech Zone 300\n\nTrọng lượng siêu nhẹ, vẻ ngoài tối giản\nLogitech Zone 300 là mẫu tai nghe chụp tai thân thiện với môi trường khi nhiều chi tiết trên sản phẩm được làm từ nhựa tái chế. Kèm theo đó là một thiết kế tối giản cùng các tuỳ chọn màu sắc trẻ trung để phù hợp với đa dạng các phong cách, sở thích của người dùng. Mẫu tai nghe không dây Zone 300 của còn có trọng lượng siêu nhẹ, chỉ khoảng 122gr, để người dùng có thể thoải mái sử dụng cả ngày.\n\nThiết kế tai nghe chụp tai Logitech Zone 300\n\nĐàm thoại hiệu quả với bộ đôi mic khử ồn\nTai nghe chụp tai Logitech Zone 300 được trang bị hệ thống cần micro tích hợp hai micro khử tiếng ồn, giúp giảm thiểu tối đa các tạp âm từ môi trường xung quanh. Thiết kế này không chỉ phù hợp cho các buổi họp online mà còn rất lý tưởng cho việc học tập, làm việc từ xa, hoặc khi sử dụng trong không gian công cộng.\n\nĐồng thời, khả năng khử ồn trên tai nghe cũng giúp cho giọng nói của người dùng được truyền tải một cách rõ ràng và chính xác. Nhờ đó mà các nội dung quan trọng không bị nhiễu loạn bởi âm thanh nền, từ đó nâng cao chất lượng giao tiếp và hiệu quả công việc.\n\nKhả năng đàm thoại của tai nghe chụp tai Logitech Zone 300\n\nHoạt động bền bỉ với viên pin Lithium ion hỗ trợ sạc nhanh\nTai nghe Logitech Zone 300 sử dụng dòng pin Lithium ion có thể sạc lại. Sau mỗi 2 giờ sạc đầy năng lượng, mẫu tai nghe không dây của Logitech có thể cung cấp thời lượng đàm thoại tối đa tới 16 giờ và thời lượng nghe tối đa tới 20 giờ tuỳ vào mức âm lượng được cài đặt. Viên pin Lithium ion được trang bị bên trong Logitech Zone 300 còn hỗ trợ sạc nhanh để có thể tiếp tục đàm thoại tới 1 giờ chỉ với 5 phút sạc.\n\nPin và khả năng sạc của tai nghe chụp tai Logitech Zone 300\n\nKết nối ổn định, tùy chỉnh thông qua ứng dụng\nTai nghe chụp tai Logitech Zone 300 sử dụng công nghệ Bluetooth 5.3 để hỗ trợ quá trình kết nối không dây. Công nghệ Bluetooth này không chỉ mang tới sự ổn định mà còn đồng thời hỗ trợ tay nghe Logitech Zone 300 có thể kết nối đa điểm để sử dụng trên nhiều thiết bị cùng lúc. Đi kèm tai nghe là ứng dụng Logi Tune để giúp những tín đồ âm thanh có thể cá nhân hóa chất âm theo sở thích của bản thân.',
        1, 'https://product.hstatic.net/200000722513/product/sucupuge_392c1218db254d21bc7f90df8421197c.png'
    );
INSERT INTO product_category (product_id, category_id) VALUES (10, 24);
INSERT INTO product_variant (
        product_id, name, seo_name, supplier_id, price, price_sale, quantity, sku, model, barcode, 
        specifications, description, warranty, image_url, release_at, created_by)
        VALUES ( 10, 'Tai nghe Không dây Logitech Zone 300 Hồng', 'tai-nghe-khong-day-logitech-zone-300-hong',
            1, 1790000, 1450000, 10, 'TAI-LOGITECH-ZONE-300-HONG',
            'TAI-LOGITECH-ZONE-300-HONG', 'TAI-LOGITECH-ZONE-300-HONG',
            '{"Thời gian sử dụng": "20 giờ", "Thời gian sạc": "Khoảng 2 giờ", "Cổng sạc": "Type-C", "Công nghệ âm thanh": "Driver 30 mm", "Tương thích": "macOS, ChromeOS, PlayStation 4, PlayStation 5, Android, iOS, Windows, iPadOS", "Ứng dụng kết nối": "Logi Tune", "Jack cắm": "3.5 mm", "Độ dài dây": "1 m", "Tiện ích": "Có mic thoại, Sạc nhanh, 2 Micro chống ồn", "Kết nối cùng lúc": "2 thiết bị", "Công nghệ kết nối": "Bluetooth 5.3", "Điều khiển": "Phím nhấn", "Phím điều khiển": "Tăng/giảm âm lượng, Phát/dừng chơi nhạc, Nhận/Ngắt cuộc gọi", "Kích thước": "Dài 17.28 cm - Rộng 16.67 cm - Cao 6.6 cm", "Khối lượng": "122 g", "Thương hiệu": "Logitech", "Sản xuất tại": "Việt Nam"}',
            'Tai nghe chụp tai Logitech Zone 300 sở hữu một thiết kế tối giản cùng trọng lượng nhẹ, đệm mút tai êm ái để mang tới trải nghiệm đeo thoải mái trong thời gian dài. Kèm theo đó là chất lượng âm thanh và khả năng đàm thoại rõ ràng để phục vụ tốt cho đa dạng các nhu cầu làm việc, giải trí của người dùng.\n\nÂm thanh rõ ràng với màng loa 30mm\nMỗi bên tai nghe chụp tai Logitech Zone 300 được trang bị một màng loa 30mm để mang tới âm thanh rõ ràng cho người nghe. Với độ nhạy tần số dao động từ 50Hz tới 20KHz, các dải âm sẽ được xử lý chi tiết để phù hợp với nhiều dòng nhạc phổ biến hiện nay. Không chỉ các bản nhạc, mẫu tai nghe chụp tai của Logitech còn có thể tái tạo tốt giọng nói trong các cuộc gọi để truyền tải chính xác thông tin trong các cuộc đàm thoại.\n\nChất lượng âm thanh của tai nghe chụp tai Logitech Zone 300\n\nTrọng lượng siêu nhẹ, vẻ ngoài tối giản\nLogitech Zone 300 là mẫu tai nghe chụp tai thân thiện với môi trường khi nhiều chi tiết trên sản phẩm được làm từ nhựa tái chế. Kèm theo đó là một thiết kế tối giản cùng các tuỳ chọn màu sắc trẻ trung để phù hợp với đa dạng các phong cách, sở thích của người dùng. Mẫu tai nghe không dây Zone 300 của còn có trọng lượng siêu nhẹ, chỉ khoảng 122gr, để người dùng có thể thoải mái sử dụng cả ngày.\n\nThiết kế tai nghe chụp tai Logitech Zone 300\n\nĐàm thoại hiệu quả với bộ đôi mic khử ồn\nTai nghe chụp tai Logitech Zone 300 được trang bị hệ thống cần micro tích hợp hai micro khử tiếng ồn, giúp giảm thiểu tối đa các tạp âm từ môi trường xung quanh. Thiết kế này không chỉ phù hợp cho các buổi họp online mà còn rất lý tưởng cho việc học tập, làm việc từ xa, hoặc khi sử dụng trong không gian công cộng.\n\nĐồng thời, khả năng khử ồn trên tai nghe cũng giúp cho giọng nói của người dùng được truyền tải một cách rõ ràng và chính xác. Nhờ đó mà các nội dung quan trọng không bị nhiễu loạn bởi âm thanh nền, từ đó nâng cao chất lượng giao tiếp và hiệu quả công việc.\n\nKhả năng đàm thoại của tai nghe chụp tai Logitech Zone 300\n\nHoạt động bền bỉ với viên pin Lithium ion hỗ trợ sạc nhanh\nTai nghe Logitech Zone 300 sử dụng dòng pin Lithium ion có thể sạc lại. Sau mỗi 2 giờ sạc đầy năng lượng, mẫu tai nghe không dây của Logitech có thể cung cấp thời lượng đàm thoại tối đa tới 16 giờ và thời lượng nghe tối đa tới 20 giờ tuỳ vào mức âm lượng được cài đặt. Viên pin Lithium ion được trang bị bên trong Logitech Zone 300 còn hỗ trợ sạc nhanh để có thể tiếp tục đàm thoại tới 1 giờ chỉ với 5 phút sạc.\n\nPin và khả năng sạc của tai nghe chụp tai Logitech Zone 300\n\nKết nối ổn định, tùy chỉnh thông qua ứng dụng\nTai nghe chụp tai Logitech Zone 300 sử dụng công nghệ Bluetooth 5.3 để hỗ trợ quá trình kết nối không dây. Công nghệ Bluetooth này không chỉ mang tới sự ổn định mà còn đồng thời hỗ trợ tay nghe Logitech Zone 300 có thể kết nối đa điểm để sử dụng trên nhiều thiết bị cùng lúc. Đi kèm tai nghe là ứng dụng Logi Tune để giúp những tín đồ âm thanh có thể cá nhân hóa chất âm theo sở thích của bản thân.',
            12, 'https://product.hstatic.net/200000722513/product/sucupuge_392c1218db254d21bc7f90df8421197c.png', '2024-05-06T09:44:46+00:00',1);
        
INSERT INTO product_image (name, product_variant_id, image_url, is_main)
VALUES
    ('Ảnh 1', 10, 'https://product.hstatic.net/200000722513/product/sucupuge_392c1218db254d21bc7f90df8421197c.png', TRUE),
    ('Ảnh 2', 10, 'https://product.hstatic.net/200000722513/product/miuu6wlj_83ddce337da840b28fc3acfa309d513b.png', FALSE),
    ('Ảnh 3', 10, 'https://product.hstatic.net/200000722513/product/ouobem3n_a43fe67c0f3e483ebde7943cb9284d29.png', FALSE),
    ('Ảnh 4', 10, 'https://product.hstatic.net/200000722513/product/6v4zxrgg_a0841638919a4bfab523ba6fd5ccf3f7.png', FALSE),
    ('Ảnh 5', 10, 'https://product.hstatic.net/200000722513/product/va21dy2p_471ea93c355f4f9b975fc33903742b44.png', FALSE);
---
INSERT INTO product (name, seo_name, brand_id, specifications, description, created_by, image_url) 
    VALUES (
        'Tai nghe Razer Kraken V4 X - Minecraft Edition', 'tai-nghe-razer-kraken-v4-x-minecraft-edition', 15,
        '{"Tên sản phẩm": "Razer Kraken V4 X - Minecraft Edition", "Kiểu kết nối": "Có dây (USB)", "Dải tần đáp ứng (Tai nghe)": "20 Hz - 20 kHz", "Trở kháng (Tai nghe)": "32 Ω", "Độ nhạy (Tai nghe)": "96 dB", "Kích thước màng loa": "40 mm", "Công nghệ âm thanh": "Razer HyperSense (Phản hồi xúc giác), Âm thanh vòm 7.1", "Kiểu micro": "Cardioid (Định hướng)", "Tần số đáp ứng (Micro)": "100 Hz - 10 kHz", "Độ nhạy (Micro)": "-42 ± 3 dB", "Tính năng Micro": "Uốn dẻo, khử tiếng ồn, có thể tháo rời", "Đèn nền": "Razer Chroma RGB (Pixelated)", "Chất liệu đệm tai": "Vải lưới và da tổng hợp, mút hoạt tính", "Khung tai nghe": "Thép", "Chiều dài cáp": "1.8 m", "Trọng lượng": "325 g", "Tương thích": "PC, Mac, PlayStation, Nintendo Switch (Chế độ docked)", "Thiết kế đặc biệt": "Chủ đề Minecraft (Creeper pixelated, điểm nhấn màu xanh lá)", "Điều khiển tích hợp": "Núm xoay điều chỉnh âm lượng, nút tắt tiếng micro"}',
        'Bước vào thế giới Minecraft đầy màu sắc và phiêu lưu với Tai nghe Razer Kraken V4 X - Minecraft Edition. Chiếc tai nghe này không chỉ là một thiết bị âm thanh, mà còn là biểu tượng cho niềm đam mê của bạn với tựa game huyền thoại này. Thiết kế độc đáo lấy cảm hứng từ các khối vuông quen thuộc, màu xanh lá cây đặc trưng và logo Creeper tinh nghịch sẽ khiến bạn nổi bật giữa đám đông. Nhưng vẻ ngoài ấn tượng chỉ là một phần. Bên trong, Razer Kraken V4 X sở hữu driver 40mm tùy chỉnh, mang đến âm thanh sống động, chi tiết và mạnh mẽ, giúp bạn nghe rõ từng bước chân của quái vật, tiếng khai thác mỏ hay những giai điệu quen thuộc trong game. Đệm tai nghe mềm mại, thoáng khí được làm từ mút hoạt tính bọc da, kết hợp với khung tai nghe nhẹ nhàng và có thể điều chỉnh, đảm bảo sự thoải mái tối đa ngay cả trong những phiên chơi game kéo dài hàng giờ liền. Micro định hướng có thể thu vào với khả năng lọc tiếng ồn giúp bạn giao tiếp rõ ràng với đồng đội, đưa ra những chiến thuật hiệu quả và tận hưởng trọn vẹn trải nghiệm chơi game cộng tác. Dù bạn là một nhà thám hiểm khám phá những vùng đất mới, một kiến trúc sư tài ba xây dựng những công trình vĩ đại, hay một chiến binh dũng cảm đối mặt với hiểm nguy, Tai nghe Razer Kraken V4 X - Minecraft Edition sẽ là người bạn đồng hành lý tưởng, nâng tầm trải nghiệm giải trí của bạn lên một tầm cao mới.',
        1, 'https://product.hstatic.net/200000722513/product/-nghe-gaming-razer-kraken-v4-x-minecraft-edition-rz04-05180200-r3m1-13_2fab6ae2f2e945b6a972fa7623234969.jpg'
    );
INSERT INTO product_category (product_id, category_id) VALUES (11, 24);
INSERT INTO product_variant (
        product_id, name, seo_name, supplier_id, price, price_sale, quantity, sku, model, barcode, 
        specifications, description, warranty, image_url, release_at, created_by)
        VALUES ( 11, 'Tai nghe Razer Kraken V4 X - Minecraft Edition', 'tai-nghe-razer-kraken-v4-x-minecraft-edition',
            1, 2890000, 2890000, 10, 'TAI-RAZER-KRAKEN-V4X-MINECRAFT',
            'TAI-RAZER-KRAKEN-V4X-MINECRAFT', 'TAI-RAZER-KRAKEN-V4X-MINECRAFT',
            '{"Tên sản phẩm": "Razer Kraken V4 X - Minecraft Edition", "Kiểu kết nối": "Có dây (USB)", "Dải tần đáp ứng (Tai nghe)": "20 Hz - 20 kHz", "Trở kháng (Tai nghe)": "32 Ω", "Độ nhạy (Tai nghe)": "96 dB", "Kích thước màng loa": "40 mm", "Công nghệ âm thanh": "Razer HyperSense (Phản hồi xúc giác), Âm thanh vòm 7.1", "Kiểu micro": "Cardioid (Định hướng)", "Tần số đáp ứng (Micro)": "100 Hz - 10 kHz", "Độ nhạy (Micro)": "-42 ± 3 dB", "Tính năng Micro": "Uốn dẻo, khử tiếng ồn, có thể tháo rời", "Đèn nền": "Razer Chroma RGB (Pixelated)", "Chất liệu đệm tai": "Vải lưới và da tổng hợp, mút hoạt tính", "Khung tai nghe": "Thép", "Chiều dài cáp": "1.8 m", "Trọng lượng": "325 g", "Tương thích": "PC, Mac, PlayStation, Nintendo Switch (Chế độ docked)", "Thiết kế đặc biệt": "Chủ đề Minecraft (Creeper pixelated, điểm nhấn màu xanh lá)", "Điều khiển tích hợp": "Núm xoay điều chỉnh âm lượng, nút tắt tiếng micro"}',
            'Bước vào thế giới Minecraft đầy màu sắc và phiêu lưu với Tai nghe Razer Kraken V4 X - Minecraft Edition. Chiếc tai nghe này không chỉ là một thiết bị âm thanh, mà còn là biểu tượng cho niềm đam mê của bạn với tựa game huyền thoại này. Thiết kế độc đáo lấy cảm hứng từ các khối vuông quen thuộc, màu xanh lá cây đặc trưng và logo Creeper tinh nghịch sẽ khiến bạn nổi bật giữa đám đông. Nhưng vẻ ngoài ấn tượng chỉ là một phần. Bên trong, Razer Kraken V4 X sở hữu driver 40mm tùy chỉnh, mang đến âm thanh sống động, chi tiết và mạnh mẽ, giúp bạn nghe rõ từng bước chân của quái vật, tiếng khai thác mỏ hay những giai điệu quen thuộc trong game. Đệm tai nghe mềm mại, thoáng khí được làm từ mút hoạt tính bọc da, kết hợp với khung tai nghe nhẹ nhàng và có thể điều chỉnh, đảm bảo sự thoải mái tối đa ngay cả trong những phiên chơi game kéo dài hàng giờ liền. Micro định hướng có thể thu vào với khả năng lọc tiếng ồn giúp bạn giao tiếp rõ ràng với đồng đội, đưa ra những chiến thuật hiệu quả và tận hưởng trọn vẹn trải nghiệm chơi game cộng tác. Dù bạn là một nhà thám hiểm khám phá những vùng đất mới, một kiến trúc sư tài ba xây dựng những công trình vĩ đại, hay một chiến binh dũng cảm đối mặt với hiểm nguy, Tai nghe Razer Kraken V4 X - Minecraft Edition sẽ là người bạn đồng hành lý tưởng, nâng tầm trải nghiệm giải trí của bạn lên một tầm cao mới.',
            24, 'https://product.hstatic.net/200000722513/product/-nghe-gaming-razer-kraken-v4-x-minecraft-edition-rz04-05180200-r3m1-13_2fab6ae2f2e945b6a972fa7623234969.jpg', '2025-04-14T06:26:21+00:00',1);
        
INSERT INTO product_image (name, product_variant_id, image_url, is_main)
VALUES
    ('Ảnh 1', 11, 'https://product.hstatic.net/200000722513/product/-nghe-gaming-razer-kraken-v4-x-minecraft-edition-rz04-05180200-r3m1-13_2fab6ae2f2e945b6a972fa7623234969.jpg', TRUE),
    ('Ảnh 2', 11, 'https://product.hstatic.net/200000722513/product/-nghe-gaming-razer-kraken-v4-x-minecraft-edition-rz04-05180200-r3m1-01_e83130605ead4895b08038de6f751143.jpg', FALSE),
    ('Ảnh 3', 11, 'https://product.hstatic.net/200000722513/product/-nghe-gaming-razer-kraken-v4-x-minecraft-edition-rz04-05180200-r3m1-12_9c05c899030444c18a2dfbf60f9e214f.jpg', FALSE);
---
INSERT INTO product (name, seo_name, brand_id, specifications, description, created_by, image_url) 
    VALUES (
        'Tai nghe Honeywell Moxie V50', 'tai-nghe-honeywell-moxie-v50', 28,
        '{"Thương hiệu": "Honeywell", "Bảo hành": "24 tháng"}',
        'Honeywell Moxie V50 là lựa chọn lý tưởng cho những ai tìm kiếm một chiếc tai nghe in-ear đa năng, tiện lợi và có chất lượng ổn định. Sản phẩm này kết hợp thiết kế gọn nhẹ với hiệu suất âm thanh rõ ràng và khả năng giao tiếp hiệu quả, đáp ứng mọi nhu cầu từ học tập, làm việc đến giải trí. Moxie V50 là một sự đầu tư đáng tin cậy cho trải nghiệm âm thanh hàng ngày của bạn.',
        1, 'https://product.hstatic.net/200000722513/product/download__3__d8da00c83f0b476cb6abb93d37d69c6d.png'
    );
INSERT INTO product_category (product_id, category_id) VALUES (12, 24);
INSERT INTO product_variant (
        product_id, name, seo_name, supplier_id, price, price_sale, quantity, sku, model, barcode, 
        specifications, description, warranty, image_url, release_at, created_by)
        VALUES ( 12, 'Tai nghe Honeywell Moxie V50', 'tai-nghe-honeywell-moxie-v50',
            1, 100000, 100000, 10, 'TAI-HO-MOXIE-V50',
            'TAI-HO-MOXIE-V50', 'TAI-HO-MOXIE-V50',
            '{"Tên sản phẩm": "Honeywell Moxie V50", "Mã sản phẩm": "HC000401/AUD/WEP/BLK/3.5", "Loại tai nghe": "In-ear (nhét tai), có dây", "Driver": "Dual 10mm", "Chống ồn": "Thụ động (Passive Noise Cancellation)", "Micro thoại": "Ultra HD, tích hợp trên dây, Passive Noise Cancelling Microphone", "Trợ lý ảo": "Có hỗ trợ (Google, Siri)", "Cổng kết nối": "3.5mm AUX", "Chiều dài dây": "1.2 mét", "Trọng lượng": "55 g", "Chất liệu": "Nhựa", "Màu sắc": "Đen (Black), Đỏ, Trắng, Xanh dương", "Phụ kiện đi kèm": "Bộ đệm tai 3 kích cỡ (S/M/L)", "Bảo hành": "1 năm"}',
            'Honeywell Moxie V50 là lựa chọn lý tưởng cho những ai tìm kiếm một chiếc tai nghe in-ear đa năng, tiện lợi và có chất lượng ổn định. Sản phẩm này kết hợp thiết kế gọn nhẹ với hiệu suất âm thanh rõ ràng và khả năng giao tiếp hiệu quả, đáp ứng mọi nhu cầu từ học tập, làm việc đến giải trí. Moxie V50 là một sự đầu tư đáng tin cậy cho trải nghiệm âm thanh hàng ngày của bạn.',
            24, 'https://product.hstatic.net/200000722513/product/download__3__d8da00c83f0b476cb6abb93d37d69c6d.png', '2025-06-12T08:47:27+00:00',1);
        
INSERT INTO product_image (name, product_variant_id, image_url, is_main)
VALUES
    ('Ảnh 1', 12, 'https://product.hstatic.net/200000722513/product/download__3__d8da00c83f0b476cb6abb93d37d69c6d.png', TRUE);
---
INSERT INTO product (name, seo_name, brand_id, specifications, description, created_by, image_url) 
    VALUES (
        'Tai nghe Gaming Rapoo VH360', 'tai-nghe-gaming-rapoo-vh360', 29,
        '{"Thương hiệu": "Rapoo", "Bảo hành": "24 tháng"}',
        'Tai nghe Gaming Rapoo VH360 là một trong những sản phẩm nổi bật trong phân khúc tai nghe gaming hiện nay. Với thiết kế hiện đại, tính năng vượt trội và chất lượng âm thanh ấn tượng, Rapoo VH360 đang chiếm được cảm tình của nhiều game thủ. Bài viết này sẽ giúp bạn hiểu rõ hơn về sản phẩm này qua những đặc điểm nổi bật của nó.',
        1, 'https://product.hstatic.net/200000722513/product/4_tai_nghe_gaming_co_day_rapoo_vh360_usb_7_1_led_rgb_cu_dep_full_box_1_bdcb0455b75b4e76ab2dd958516e98f3.jpg'
    );
INSERT INTO product_category (product_id, category_id) VALUES (13, 24);
INSERT INTO product_variant (
        product_id, name, seo_name, supplier_id, price, price_sale, quantity, sku, model, barcode, 
        specifications, description, warranty, image_url, release_at, created_by)
        VALUES ( 13, 'Tai nghe Gaming Rapoo VH360', 'tai-nghe-gaming-rapoo-vh360',
            1, 490000, 310000, 10, 'TAI-RAPOO-VH360',
            'TAI-RAPOO-VH360', 'TAI-RAPOO-VH360',
            '{"Thương hiệu": "Rapoo", "Model": "VH360", "Tên sản phẩm": "Tai Nghe Gaming Rapoo VH360 Black RGB", "Màu sắc": "Đen", "Hệ thống đèn chụp tai": "RGB 16 triệu màu", "Giao tiếp qua cổng": "USB 2.0", "Màng loa": "50 mm", "Độ nhạy tần số": "20 Hz-20 KHz", "Trở kháng tai nghe": "32 Ohm / 1khz", "Độ nhạy tai nghe": "103 +/-3dB", "Kiểu thu âm micro": "Omni (đa hướng)", "Kích thước micro": "6 mm", "Độ nhạy micro": "42 +/-3dB", "Trở kháng micro": "2.2K Ohm", "Chiều dài dây": "2 mét", "Kích thước (C*R*C)": "185 * 100 * 230 mm", "Trọng lượng": "315 gr", "Chất liệu chụp tai": "Giả da", "Tính năng micro": "Giảm tiếng ồn, nút bất hoạt micro", "Tương thích": "Windows 7 trở lên, macOS 10.15 trở lên"}',
            'Tai nghe Gaming Rapoo VH360 là một trong những sản phẩm nổi bật trong phân khúc tai nghe gaming hiện nay. Với thiết kế hiện đại, tính năng vượt trội và chất lượng âm thanh ấn tượng, Rapoo VH360 đang chiếm được cảm tình của nhiều game thủ. Bài viết này sẽ giúp bạn hiểu rõ hơn về sản phẩm này qua những đặc điểm nổi bật của nó.',
            24, 'https://product.hstatic.net/200000722513/product/4_tai_nghe_gaming_co_day_rapoo_vh360_usb_7_1_led_rgb_cu_dep_full_box_1_bdcb0455b75b4e76ab2dd958516e98f3.jpg', '2025-06-19T08:24:28+00:00',1);
        
INSERT INTO product_image (name, product_variant_id, image_url, is_main)
VALUES
    ('Ảnh 1', 13, 'https://product.hstatic.net/200000722513/product/4_tai_nghe_gaming_co_day_rapoo_vh360_usb_7_1_led_rgb_cu_dep_full_box_1_bdcb0455b75b4e76ab2dd958516e98f3.jpg', TRUE),
    ('Ảnh 2', 13, 'https://product.hstatic.net/200000722513/product/72935_tai_nghe_gaming_co_day_rapoo_vh360_usb_71_led_rgb_1_65182dab9c2c4d8ebeeae0f7b5c3c9d5.jpg', FALSE),
    ('Ảnh 3', 13, 'https://product.hstatic.net/200000722513/product/72935_tai_nghe_gaming_co_day_rapoo_vh360_usb_71_led_rgb_3_8f9ff86b95f348459c91651c3aacdfbd.jpg', FALSE),
    ('Ảnh 4', 13, 'https://product.hstatic.net/200000722513/product/72935_tai_nghe_gaming_co_day_rapoo_vh360_usb_71_led_rgb_4_1020ced667414f3ea598fc6fcfaef536.jpg', FALSE);
---
INSERT INTO product (name, seo_name, brand_id, specifications, description, created_by, image_url) 
    VALUES (
        'Tai nghe E-Dra EH607B Kaki', 'tai-nghe-e-dra-eh607b-kaki', 23,
        '{"Tên sản phẩm": "Tai nghe E-Dra EH607B Kaki", "Kết nối": "Không dây 2.4GHz và có dây 3.5mm", "Kích thước driver": "50mm", "Tần số phản hồi": "20Hz - 20kHz", "Trở kháng": "32 Ohm", "Độ nhạy tai nghe": "110dB ± 3dB", "Microphone": "Đa hướng, có thể tháo rời", "Độ nhạy microphone": "-42dB ± 3dB", "Thời lượng pin (không đèn)": "Lên đến 20 giờ", "Thời lượng pin (có đèn)": "Lên đến 10 giờ", "Cổng sạc": "USB Type-C", "Thời gian sạc": "Khoảng 2.5 giờ", "Tương thích": "PC, Laptop, Console, Điện thoại", "Trọng lượng": "320g", "Hiệu ứng âm thanh": "Âm thanh vòm 7.1 ảo", "Đèn nền": "RGB", "Phạm vi không dây": "10m", "Màu sắc": "Kaki"}',
        'Tai nghe E-Dra EH607B Kakilà một lựa chọn hoàn hảo cho những người yêu thích trò chơi điện tử và âm nhạc chất lượng cao. Với thiết kế hiện đại cùng tính năng vượt trội, sản phẩm này đang nhanh chóng trở thành lựa chọn phổ biến trong giới game thủ. Hãy cùng tìm hiểu chi tiết về chiếc tai nghe này qua những đặc tính và tính năng nổi bật dưới đây.',
        1, 'https://product.hstatic.net/200000722513/product/download__12__66e5ec3a534b4bd28829b57c46222613.png'
    );
INSERT INTO product_category (product_id, category_id) VALUES (14, 24);
INSERT INTO product_variant (
        product_id, name, seo_name, supplier_id, price, price_sale, quantity, sku, model, barcode, 
        specifications, description, warranty, image_url, release_at, created_by)
        VALUES ( 14, 'Tai nghe E-Dra EH607B Kaki', 'tai-nghe-e-dra-eh607b-kaki',
            1, 0, 350000, 10, 'TAI-EDRA-EH607B-KAKI',
            'TAI-EDRA-EH607B-KAKI', 'TAI-EDRA-EH607B-KAKI',
            '{"Tên sản phẩm": "Tai nghe E-Dra EH607B Kaki", "Kết nối": "Không dây 2.4GHz và có dây 3.5mm", "Kích thước driver": "50mm", "Tần số phản hồi": "20Hz - 20kHz", "Trở kháng": "32 Ohm", "Độ nhạy tai nghe": "110dB ± 3dB", "Microphone": "Đa hướng, có thể tháo rời", "Độ nhạy microphone": "-42dB ± 3dB", "Thời lượng pin (không đèn)": "Lên đến 20 giờ", "Thời lượng pin (có đèn)": "Lên đến 10 giờ", "Cổng sạc": "USB Type-C", "Thời gian sạc": "Khoảng 2.5 giờ", "Tương thích": "PC, Laptop, Console, Điện thoại", "Trọng lượng": "320g", "Hiệu ứng âm thanh": "Âm thanh vòm 7.1 ảo", "Đèn nền": "RGB", "Phạm vi không dây": "10m", "Màu sắc": "Kaki"}',
            'Tai nghe E-Dra EH607B Kakilà một lựa chọn hoàn hảo cho những người yêu thích trò chơi điện tử và âm nhạc chất lượng cao. Với thiết kế hiện đại cùng tính năng vượt trội, sản phẩm này đang nhanh chóng trở thành lựa chọn phổ biến trong giới game thủ. Hãy cùng tìm hiểu chi tiết về chiếc tai nghe này qua những đặc tính và tính năng nổi bật dưới đây.',
            12, 'https://product.hstatic.net/200000722513/product/download__12__66e5ec3a534b4bd28829b57c46222613.png', '2025-06-18T10:03:35+00:00',1);
        
INSERT INTO product_image (name, product_variant_id, image_url, is_main)
VALUES
    ('Ảnh 1', 14, 'https://product.hstatic.net/200000722513/product/download__12__66e5ec3a534b4bd28829b57c46222613.png', TRUE);
---
INSERT INTO product (name, seo_name, brand_id, specifications, description, created_by, image_url) 
    VALUES (
        'Tai nghe Logitech G522 Lightspeed Wireless White', 'tai-nghe-logitech-g522-lightspeed-wireless-white', 13,
        '{"Thương hiệu": "Logitech", "Bảo hành": "24 tháng"}',
        'Tai nghe Logitech G522 Lightspeed Wireless White là một trong những sản phẩm tai nghe gaming được yêu thích nhất trên thị trường hiện nay. Với thiết kế tinh tế và tính năng nổi bật, sản phẩm này không chỉ đem lại trải nghiệm âm thanh tuyệt vời mà còn mang đến sự thoải mái cho người dùng trong suốt quá trình chơi game. Dưới đây là bài đánh giá chi tiết về sản phẩm này.',
        1, 'https://product.hstatic.net/200000722513/product/tai_nghe_logitech_g522_lightspeed_wireless_white_-_1_fefb8ad339b04c0a86be3fe46d5b28f7.png'
    );
INSERT INTO product_category (product_id, category_id) VALUES (15, 24);
INSERT INTO product_variant (
        product_id, name, seo_name, supplier_id, price, price_sale, quantity, sku, model, barcode, 
        specifications, description, warranty, image_url, release_at, created_by)
        VALUES ( 15, 'Tai nghe Logitech G522 Lightspeed Wireless White', 'tai-nghe-logitech-g522-lightspeed-wireless-white',
            1, 3990000, 3590000, 10, 'TAI-LOG-G522-LS-WL-WHI',
            'TAI-LOG-G522-LS-WL-WHI', 'TAI-LOG-G522-LS-WL-WHI',
            '{"Driver": "40mm PRO-G", "Dải tần số tai nghe": "20Hz-20kHz", "Độ nhạy tai nghe": "97dB tại 1000Hz với input 0.62V(10mW)/1cm", "Micro": "Omni", "Dải tần số Micro": "70Hz-20kHz", "Thời lượng pin không bật đèn": "tới 90 giờ", "Thời lượng pin bật đèn mặc định": "tới 40 giờ", "Loại kết nối": "LIGHTSPEED Wireless qua USB-A, Bluetooth 5.3, USB-C có dây", "Khoảng cách kết nối không dây": "tới 30 mét", "Trọng lượng": "290 g", "Hệ điều hành hỗ trợ": "Windows, macOS, PlayStation 5, thiết bị hỗ trợ Bluetooth® 5.0 trở lên", "Bao bì có trách nhiệm": "Nguồn gỗ FSC và các nguồn kiểm soát khác", "Hàm lượng nhựa tái chế": "27% nhựa tái chế chứng nhận sau tiêu dùng", "Bảo hành": "2 năm hạn chế", "Mã sản phẩm màu trắng": "981-001551"}',
            'Tai nghe Logitech G522 Lightspeed Wireless White là một trong những sản phẩm tai nghe gaming được yêu thích nhất trên thị trường hiện nay. Với thiết kế tinh tế và tính năng nổi bật, sản phẩm này không chỉ đem lại trải nghiệm âm thanh tuyệt vời mà còn mang đến sự thoải mái cho người dùng trong suốt quá trình chơi game. Dưới đây là bài đánh giá chi tiết về sản phẩm này.',
            24, 'https://product.hstatic.net/200000722513/product/tai_nghe_logitech_g522_lightspeed_wireless_white_-_1_fefb8ad339b04c0a86be3fe46d5b28f7.png', '2025-06-18T04:51:12+00:00',1);
        
INSERT INTO product_image (name, product_variant_id, image_url, is_main)
VALUES
    ('Ảnh 1', 15, 'https://product.hstatic.net/200000722513/product/tai_nghe_logitech_g522_lightspeed_wireless_white_-_1_fefb8ad339b04c0a86be3fe46d5b28f7.png', TRUE),
    ('Ảnh 2', 15, 'https://product.hstatic.net/200000722513/product/tai_nghe_logitech_g522_lightspeed_wireless_white_-_2_219fb84df1a44325a4598ca531dba730.png', FALSE),
    ('Ảnh 3', 15, 'https://product.hstatic.net/200000722513/product/tai_nghe_logitech_g522_lightspeed_wireless_white_-_3_7c1e47c4d28c4791a7d4922373930435.png', FALSE),
    ('Ảnh 4', 15, 'https://product.hstatic.net/200000722513/product/tai_nghe_logitech_g522_lightspeed_wireless_white_-_4_40d5ccb514594335b04625af14a86337.png', FALSE);
---
INSERT INTO product (name, seo_name, brand_id, specifications, description, created_by, image_url) 
    VALUES (
        'Tai nghe Logitech G522 Lightspeed Wireless Black', 'tai-nghe-logitech-g522-lightspeed-wireless-black', 13,
        '{"Thương hiệu": "Logitech", "Bảo hành": "24 tháng"}',
        'Tai nghe Logitech G533 Lightspeed Wireless Black là một trong những sản phẩm nổi bật trong dòng tai nghe gaming của Logitech, mang đến cho người dùng trải nghiệm âm thanh chất lượng cao trong suốt quá trình chơi game. Với thiết kế tinh tế và công nghệ tiên tiến, sản phẩm này hứa hẹn sẽ là sự lựa chọn lý tưởng cho game thủ. Hãy cùng tìm hiểu chi tiết về chiếc tai nghe này qua các đặc điểm và tính năng nổi bật dưới đây.\n\n**Thiết kế thoải mái và nhẹ nhàng**\nTai nghe Logitech G533 được thiết kế với trọng lượng nhẹ, giúp người dùng thoải mái trong thời gian dài sử dụng. Đệm tai nghe được làm từ chất liệu mềm mại và thoáng khí, ngăn ngừa mồ hôi và tạo cảm giác dễ chịu cho tai khi đeo lâu. Thiết kế này không chỉ mang lại sự thoải mái mà còn tạo điểm nhấn thẩm mỹ cho sản phẩm.\n\n**Công nghệ không dây Lightspeed**\nSản phẩm sử dụng công nghệ không dây Lightspeed, cho phép truyền tải âm thanh với độ trễ cực thấp, giúp game thủ có thể phản ứng nhanh chóng trong các tình huống chiến đấu căng thẳng. Khoảng cách sử dụng lên đến 15 mét mà vẫn duy trì chất lượng âm thanh ổn định, là một ưu điểm lớn cho những ai thường xuyên di chuyển trong khi chơi game.\n\n**Chất lượng âm thanh ấn tượng**\nTai nghe Logitech G533 trang bị driver âm thanh 50mm mang lại âm bass sâu và rõ ràng, giúp tạo ra trải nghiệm âm thanh sống động. Thiết kế âm thanh vòm cho phép người dùng nghe rõ vị trí của âm thanh trong trò chơi, từ đó nâng cao khả năng chiến thuật và tận hưởng những phút giây chơi game đầy kịch tính.\n\n**Thời gian sử dụng lâu dài**\nVới thời gian sử dụng lên đến 20 giờ sau mỗi lần sạc, người dùng có thể yên tâm trải nghiệm trò chơi mà không lo bị gián đoạn. G533 cũng đi kèm với khả năng sạc nhanh, chỉ cần sạc 15 phút là có thể sử dụng đến 3 giờ. Điều này thật sự tiện lợi cho game thủ đang trong trận đấu quan trọng.\n\n**Micrô có thể tháo rời với khả năng khử tiếng ồn**\nTai nghe Logitech G533 trang bị micrô có thể tháo rời, cho phép người dùng tùy chọn sử dụng hay không. Micrô này có khả năng khử tiếng ồn hiệu quả, giúp giọng nói của người dùng được truyền tải rõ ràng trong các cuộc trò chuyện trò chơi hoặc trong cuộc gọi. Đây là một tính năng rất cần thiết để giao tiếp hiệu quả trong game.\n\n**Tương thích đa nền tảng**\nTai nghe hỗ trợ kết nối với nhiều thiết bị khác nhau như PC, console, và thiết bị di động. Người dùng có thể dễ dàng mở rộng trải nghiệm chơi game của mình trên nhiều nền tảng mà không gặp bất kỳ vấn đề gì về kết nối.\n\nTai nghe Logitech G533 Lightspeed Wireless Black là một sản phẩm hoàn hảo cho những ai đam mê chơi game. Với thiết kế thoải mái, công nghệ không dây tiên tiến, chất lượng âm thanh ấn tượng và thời gian sử dụng lâu dài, G533 chắc chắn sẽ nâng cao trải nghiệm chơi game của bạn lên một tầm cao mới. Nếu bạn đang tìm kiếm một chiếc tai nghe gaming chất lượng cao, Logitech G533 chính là lựa chọn không thể bỏ qua.',
        1, 'https://product.hstatic.net/200000722513/product/tai_nghe_logitech_g522_lightspeed_wireless_black_-_1_e2d4bebd52ee4853bbec403872d7edd5.png'
    );
INSERT INTO product_category (product_id, category_id) VALUES (16, 24);
INSERT INTO product_variant (
        product_id, name, seo_name, supplier_id, price, price_sale, quantity, sku, model, barcode, 
        specifications, description, warranty, image_url, release_at, created_by)
        VALUES ( 16, 'Tai nghe Logitech G522 Lightspeed Wireless Black', 'tai-nghe-logitech-g522-lightspeed-wireless-black',
            1, 3990000, 3590000, 10, 'TAI-LOG-G522-LS-WL-BLK',
            'TAI-LOG-G522-LS-WL-BLK', 'TAI-LOG-G522-LS-WL-BLK',
            '{"Tên sản phẩm": "Logitech G522 Lightspeed Wireless Black", "Loại kết nối": "Lightspeed wireless 2.4GHz, Bluetooth, USB-C", "Driver": "PRO-G 40mm", "Tần số đáp ứng tai nghe": "20Hz-20kHz", "Độ nhạy tai nghe": "97dB at 1000Hz with input 0.62V(10mW)/1cm", "Trở kháng tai nghe": "39 Ohm", "Microphone": "Micro định hướng đa hướng, có thể tháo rời, hỗ trợ công nghệ Blue VO!CE", "Tần số đáp ứng micro": "70Hz-20kHz", "Trọng lượng": "290g", "Chất liệu đệm tai": "Mút hoạt tính (Memory Foam)", "Hiệu ứng ánh sáng": "LIGHTSYNC RGB", "Thời lượng pin (không RGB)": "Lên đến 90 giờ", "Thời lượng pin (có RGB)": "Khoảng 40 giờ", "Tương thích": "PC, PlayStation 5, Android, iOS", "Phần mềm tùy chỉnh": "Logitech G HUB / G Mobile", "Kích thước (Cao x Rộng x Dày)": "201.1mm x 184.4mm x 81mm"}',
            'Tai nghe Logitech G533 Lightspeed Wireless Black là một trong những sản phẩm nổi bật trong dòng tai nghe gaming của Logitech, mang đến cho người dùng trải nghiệm âm thanh chất lượng cao trong suốt quá trình chơi game. Với thiết kế tinh tế và công nghệ tiên tiến, sản phẩm này hứa hẹn sẽ là sự lựa chọn lý tưởng cho game thủ. Hãy cùng tìm hiểu chi tiết về chiếc tai nghe này qua các đặc điểm và tính năng nổi bật dưới đây.\n\n**Thiết kế thoải mái và nhẹ nhàng**\nTai nghe Logitech G533 được thiết kế với trọng lượng nhẹ, giúp người dùng thoải mái trong thời gian dài sử dụng. Đệm tai nghe được làm từ chất liệu mềm mại và thoáng khí, ngăn ngừa mồ hôi và tạo cảm giác dễ chịu cho tai khi đeo lâu. Thiết kế này không chỉ mang lại sự thoải mái mà còn tạo điểm nhấn thẩm mỹ cho sản phẩm.\n\n**Công nghệ không dây Lightspeed**\nSản phẩm sử dụng công nghệ không dây Lightspeed, cho phép truyền tải âm thanh với độ trễ cực thấp, giúp game thủ có thể phản ứng nhanh chóng trong các tình huống chiến đấu căng thẳng. Khoảng cách sử dụng lên đến 15 mét mà vẫn duy trì chất lượng âm thanh ổn định, là một ưu điểm lớn cho những ai thường xuyên di chuyển trong khi chơi game.\n\n**Chất lượng âm thanh ấn tượng**\nTai nghe Logitech G533 trang bị driver âm thanh 50mm mang lại âm bass sâu và rõ ràng, giúp tạo ra trải nghiệm âm thanh sống động. Thiết kế âm thanh vòm cho phép người dùng nghe rõ vị trí của âm thanh trong trò chơi, từ đó nâng cao khả năng chiến thuật và tận hưởng những phút giây chơi game đầy kịch tính.\n\n**Thời gian sử dụng lâu dài**\nVới thời gian sử dụng lên đến 20 giờ sau mỗi lần sạc, người dùng có thể yên tâm trải nghiệm trò chơi mà không lo bị gián đoạn. G533 cũng đi kèm với khả năng sạc nhanh, chỉ cần sạc 15 phút là có thể sử dụng đến 3 giờ. Điều này thật sự tiện lợi cho game thủ đang trong trận đấu quan trọng.\n\n**Micrô có thể tháo rời với khả năng khử tiếng ồn**\nTai nghe Logitech G533 trang bị micrô có thể tháo rời, cho phép người dùng tùy chọn sử dụng hay không. Micrô này có khả năng khử tiếng ồn hiệu quả, giúp giọng nói của người dùng được truyền tải rõ ràng trong các cuộc trò chuyện trò chơi hoặc trong cuộc gọi. Đây là một tính năng rất cần thiết để giao tiếp hiệu quả trong game.\n\n**Tương thích đa nền tảng**\nTai nghe hỗ trợ kết nối với nhiều thiết bị khác nhau như PC, console, và thiết bị di động. Người dùng có thể dễ dàng mở rộng trải nghiệm chơi game của mình trên nhiều nền tảng mà không gặp bất kỳ vấn đề gì về kết nối.\n\nTai nghe Logitech G533 Lightspeed Wireless Black là một sản phẩm hoàn hảo cho những ai đam mê chơi game. Với thiết kế thoải mái, công nghệ không dây tiên tiến, chất lượng âm thanh ấn tượng và thời gian sử dụng lâu dài, G533 chắc chắn sẽ nâng cao trải nghiệm chơi game của bạn lên một tầm cao mới. Nếu bạn đang tìm kiếm một chiếc tai nghe gaming chất lượng cao, Logitech G533 chính là lựa chọn không thể bỏ qua.',
            24, 'https://product.hstatic.net/200000722513/product/tai_nghe_logitech_g522_lightspeed_wireless_black_-_1_e2d4bebd52ee4853bbec403872d7edd5.png', '2025-06-18T04:51:10+00:00',1);
        
INSERT INTO product_image (name, product_variant_id, image_url, is_main)
VALUES
    ('Ảnh 1', 16, 'https://product.hstatic.net/200000722513/product/tai_nghe_logitech_g522_lightspeed_wireless_black_-_1_e2d4bebd52ee4853bbec403872d7edd5.png', TRUE),
    ('Ảnh 2', 16, 'https://product.hstatic.net/200000722513/product/tai_nghe_logitech_g522_lightspeed_wireless_black_-_2_fbee980db03c43aebe87affa2f441fe5.png', FALSE),
    ('Ảnh 3', 16, 'https://product.hstatic.net/200000722513/product/tai_nghe_logitech_g522_lightspeed_wireless_black_-_3_d2c69c62ff9647a08b6a47ed186e51cb.png', FALSE),
    ('Ảnh 4', 16, 'https://product.hstatic.net/200000722513/product/tai_nghe_logitech_g522_lightspeed_wireless_black_-_4_eaa55ae96c2d41efbb03af256a2107ad.png', FALSE);
---
INSERT INTO product (name, seo_name, brand_id, specifications, description, created_by, image_url) 
    VALUES (
        'Tai nghe Razer Barracuda X Chroma Phantom Green Edition', 'tai-nghe-razer-barracuda-x-chroma-phantom-green-edition', 15,
        '{"Thương hiệu": "Razer", "Bảo hành": "24 tháng"}',
        'Tai nghe Razer Barracuda X Chroma Phantom Green Edition là một trong những sản phẩm nổi bật nhất trong dòng tai nghe gaming hiện nay. Với thiết kế hiện đại và tính năng tiên tiến, sản phẩm này không chỉ đáp ứng tốt nhu cầu giải trí mà còn mang lại trải nghiệm âm thanh tuyệt vời cho người dùng. Được trang bị nhiều công nghệ hiện đại, Razer Barracuda X còn thu hút game thủ nhờ tính năng kết nối linh hoạt và khả năng tùy chỉnh âm thanh. Hãy cùng tìm hiểu những đặc tính nổi bật của sản phẩm này.',
        1, 'https://product.hstatic.net/200000722513/product/y-razer-barracuda-x-chroma-phantom-green-edition-rz04-05220300-r3m1-10_9167cce311e94507a3de5b983ead6bbf.jpg'
    );
INSERT INTO product_category (product_id, category_id) VALUES (17, 24);
INSERT INTO product_variant (
        product_id, name, seo_name, supplier_id, price, price_sale, quantity, sku, model, barcode, 
        specifications, description, warranty, image_url, release_at, created_by)
        VALUES ( 17, 'Tai nghe Razer Barracuda X Chroma Phantom Green Edition', 'tai-nghe-razer-barracuda-x-chroma-phantom-green-edition',
            1, 0, 3990000, 10, 'TAI-RAZER-BARRACUDA-X-CHROMA-PHANTOM',
            'TAI-RAZER-BARRACUDA-X-CHROMA-PHANTOM', 'TAI-RAZER-BARRACUDA-X-CHROMA-PHANTOM',
            '{"Dải tần số": "20 Hz – 20 kHz", "Trở kháng": "32 Ω (1 kHz)", "Độ nhạy": "96 dBSPL / mW @ 1 kHz by HATS", "Kích thước driver": "40 mm", "Loại driver": "Razer TriForce", "Chất liệu đệm tai": "Vải thoáng khí với đệm mút hoạt tính (Memory Foam)", "Kết nối": "2.4 GHz Wireless / Bluetooth 5.3 / USB-C", "Trọng lượng": "285 g", "Micro": "Có thể tháo rời Razer HyperClear Cardioid Mic", "Dải tần số micro": "100 Hz - 10 kHz", "Độ nhạy micro": "-42 ± 3 dB", "Giả lập âm thanh vòm": "7.1 Surround sound (Windows 10 64-bit trở lên)", "Thời lượng pin": "Lên đến 70 giờ (tắt đèn RGB, kết nối 2.4 GHz) / Lên đến 35 giờ (bật đèn RGB, kết nối 2.4 GHz)", "Đèn RGB": "6 vùng Chroma RGB trên earcup", "Tương thích": "PC, Mac, PlayStation, Nintendo Switch, Steam Deck, Android, iOS"}',
            'Tai nghe Razer Barracuda X Chroma Phantom Green Edition là một trong những sản phẩm nổi bật nhất trong dòng tai nghe gaming hiện nay. Với thiết kế hiện đại và tính năng tiên tiến, sản phẩm này không chỉ đáp ứng tốt nhu cầu giải trí mà còn mang lại trải nghiệm âm thanh tuyệt vời cho người dùng. Được trang bị nhiều công nghệ hiện đại, Razer Barracuda X còn thu hút game thủ nhờ tính năng kết nối linh hoạt và khả năng tùy chỉnh âm thanh. Hãy cùng tìm hiểu những đặc tính nổi bật của sản phẩm này.',
            24, 'https://product.hstatic.net/200000722513/product/y-razer-barracuda-x-chroma-phantom-green-edition-rz04-05220300-r3m1-10_9167cce311e94507a3de5b983ead6bbf.jpg', '2025-06-17T04:10:56+00:00',1);
        
INSERT INTO product_image (name, product_variant_id, image_url, is_main)
VALUES
    ('Ảnh 1', 17, 'https://product.hstatic.net/200000722513/product/y-razer-barracuda-x-chroma-phantom-green-edition-rz04-05220300-r3m1-10_9167cce311e94507a3de5b983ead6bbf.jpg', TRUE),
    ('Ảnh 2', 17, 'https://product.hstatic.net/200000722513/product/y-razer-barracuda-x-chroma-phantom-green-edition-rz04-05220300-r3m1-09_1eebf64247af4bc798f1b7f14013bfd6.jpg', FALSE),
    ('Ảnh 3', 17, 'https://product.hstatic.net/200000722513/product/y-razer-barracuda-x-chroma-phantom-green-edition-rz04-05220300-r3m1-08_965ca2c83b7649b19542940583aa2806.jpg', FALSE),
    ('Ảnh 4', 17, 'https://product.hstatic.net/200000722513/product/y-razer-barracuda-x-chroma-phantom-green-edition-rz04-05220300-r3m1-11_714c3d73bfdb4a55b5cecd3964ee0629.jpg', FALSE),
    ('Ảnh 5', 17, 'https://product.hstatic.net/200000722513/product/y-razer-barracuda-x-chroma-phantom-green-edition-rz04-05220300-r3m1-13_16969e0e2177493c82541a0edd75b0d9.jpg', FALSE);
---
INSERT INTO product (name, seo_name, brand_id, specifications, description, created_by, image_url) 
    VALUES (
        'Tai nghe Asus ROG Pelta WL RGB Black', 'tai-nghe-asus-rog-pelta-wl-rgb-black', 3,
        '{"Tên sản phẩm": "Tai nghe Asus ROG Delta WL RGB Black", "Kết nối": "Không dây 2.4GHz, Bluetooth, USB-C (có dây)", "Driver": "ASUS Essence 50mm", "Tần số đáp ứng tai nghe": "20 Hz - 40 kHz", "Trở kháng": "32 Ohm", "Microphone": "Có thể tháo rời, chống ồn AI", "Tần số đáp ứng microphone": "100 Hz - 10 kHz", "Độ nhạy microphone": "-37 dB", "Thời lượng pin (có RGB)": "Khoảng 25 giờ", "Thời lượng pin (không RGB)": "Khoảng 55 giờ", "Thời gian sạc": "Khoảng 2 giờ", "Trọng lượng": "318 gram", "Đèn nền": "RGB (ASUS Aura Sync)", "Hỗ trợ nền tảng": "PC, Mac, PlayStation 4/5, Nintendo Switch, Thiết bị di động", "Chất liệu đệm tai": "Da protein và vải lưới", "Phần mềm hỗ trợ": "Armoury Crate", "Màu sắc": "Đen"}',
        'Những chiếc tai nghe gaming luôn là thiết bị không thể thiếu của các game thủ chuyên nghiệp hay những game thủ yêu cầu tính \"try hard\" cực cao. Trong danh sách yêu thích ấy, chúng ta không thể không nhắc đến thương hiệu ASUS đình đám trên thị trường gaming gear hiện nay. Và năm 2025 này, chúng ta sẽ chào đón một siêu phẩm đến từ series ROG quen thuộc, đó là Asus ROG Pelta WL RGB Black.',
        1, 'https://product.hstatic.net/200000722513/product/h732__3__fd04db791f0d4aa298ff4b5123980835.png'
    );
INSERT INTO product_category (product_id, category_id) VALUES (18, 24);
INSERT INTO product_variant (
        product_id, name, seo_name, supplier_id, price, price_sale, quantity, sku, model, barcode, 
        specifications, description, warranty, image_url, release_at, created_by)
        VALUES ( 18, 'Tai nghe Asus ROG Pelta WL RGB Black', 'tai-nghe-asus-rog-pelta-wl-rgb-black',
            1, 4570000, 3490000, 10, 'TAI-ASUS-ROG-PELTA-WL-BLK',
            'TAI-ASUS-ROG-PELTA-WL-BLK', 'TAI-ASUS-ROG-PELTA-WL-BLK',
            '{"Tên sản phẩm": "Tai nghe Asus ROG Delta WL RGB Black", "Kết nối": "Không dây 2.4GHz, Bluetooth, USB-C (có dây)", "Driver": "ASUS Essence 50mm", "Tần số đáp ứng tai nghe": "20 Hz - 40 kHz", "Trở kháng": "32 Ohm", "Microphone": "Có thể tháo rời, chống ồn AI", "Tần số đáp ứng microphone": "100 Hz - 10 kHz", "Độ nhạy microphone": "-37 dB", "Thời lượng pin (có RGB)": "Khoảng 25 giờ", "Thời lượng pin (không RGB)": "Khoảng 55 giờ", "Thời gian sạc": "Khoảng 2 giờ", "Trọng lượng": "318 gram", "Đèn nền": "RGB (ASUS Aura Sync)", "Hỗ trợ nền tảng": "PC, Mac, PlayStation 4/5, Nintendo Switch, Thiết bị di động", "Chất liệu đệm tai": "Da protein và vải lưới", "Phần mềm hỗ trợ": "Armoury Crate", "Màu sắc": "Đen"}',
            'Những chiếc tai nghe gaming luôn là thiết bị không thể thiếu của các game thủ chuyên nghiệp hay những game thủ yêu cầu tính \"try hard\" cực cao. Trong danh sách yêu thích ấy, chúng ta không thể không nhắc đến thương hiệu ASUS đình đám trên thị trường gaming gear hiện nay. Và năm 2025 này, chúng ta sẽ chào đón một siêu phẩm đến từ series ROG quen thuộc, đó là Asus ROG Pelta WL RGB Black.',
            24, 'https://product.hstatic.net/200000722513/product/h732__3__fd04db791f0d4aa298ff4b5123980835.png', '2025-04-22T09:31:14+00:00',1);
        
INSERT INTO product_image (name, product_variant_id, image_url, is_main)
VALUES
    ('Ảnh 1', 18, 'https://product.hstatic.net/200000722513/product/h732__3__fd04db791f0d4aa298ff4b5123980835.png', TRUE),
    ('Ảnh 2', 18, 'https://product.hstatic.net/200000722513/product/h732__1__035e93ac157345e5b6291864d1b3a423.png', FALSE),
    ('Ảnh 3', 18, 'https://product.hstatic.net/200000722513/product/h732_e94b6517063942c4a3f78a36b0c79735.png', FALSE),
    ('Ảnh 4', 18, 'https://product.hstatic.net/200000722513/product/h732__2__b4119232ecef4d59884e527a0938d915.png', FALSE),
    ('Ảnh 5', 18, 'https://product.hstatic.net/200000722513/product/h732__4__17e16ae0662d4a97825d116116609f8b.png', FALSE),
    ('Ảnh 6', 18, 'https://product.hstatic.net/200000722513/product/h732__5__6baf5eebc6784907a1eb710f0b86bf9a.png', FALSE);
---
INSERT INTO product (name, seo_name, brand_id, specifications, description, created_by, image_url) 
    VALUES (
        'Tai nghe HP HyperX Cloud JET Blue Wireless', 'tai-nghe-hp-hyperx-cloud-jet-blue', 27,
        '{"Tên sản phẩm": "Tai nghe HP HyperX Cloud JET Blue Wireless", "Mã sản phẩm": "HHWC-JETB-WL", "Loại kết nối": "Không dây 2.4GHz USB-A Dongle", "Phạm vi không dây": "Lên đến 20 mét", "Thời lượng pin": "Khoảng 30 giờ", "Thời gian sạc": "Khoảng 2.5 giờ", "Trở kháng tai nghe": "60 Ohm", "Tần số đáp ứng tai nghe": "10Hz - 21kHz", "Đường kính màng loa": "53 mm", "Nam châm": "Neodymium", "Tổng méo hài (THD)": "< 2%", "Tần số đáp ứng micro": "50Hz - 6.8kHz", "Độ nhạy micro": "-42 dBV (1V/Pa ở 1kHz)", "Kiểu micro": "Khử nhiễu, có thể tháo rời", "Cổng sạc": "USB-C", "Chất liệu đệm tai": "Giả da, đệm mút hoạt tính", "Màu sắc": "Xanh Jet Blue", "Trọng lượng": "300 g (không dây/mic)", "Hệ điều hành tương thích": "PC, PS5, PS4, Nintendo Switch", "Công nghệ âm thanh": "Âm thanh vòm 7.1 ảo", "Tính năng đặc biệt": "Khung nhôm bền bỉ, điều khiển âm lượng tích hợp", "Bộ sản phẩm bao gồm": "Tai nghe, USB dongle, cáp sạc USB-C, mic có thể tháo rời"}',
        'Bước vào thế giới âm thanh đỉnh cao và trải nghiệm tự do không giới hạn với Tai nghe HP HyperX Cloud JET Blue Wireless – sự kết hợp hoàn hảo giữa hiệu suất vượt trội, thiết kế đẳng cấp và sự thoải mái tuyệt đối. Khoác lên mình sắc xanh JET Blue đầy cuốn hút, chiếc tai nghe này không chỉ là một phụ kiện công nghệ mà còn là tuyên ngôn phong cách của riêng bạn. Với công nghệ không dây tiên tiến, Cloud JET Blue mang đến kết nối ổn định, độ trễ thấp, cho phép bạn di chuyển tự do mà không bị ràng buộc bởi dây cáp. Hãy đắm chìm hoàn toàn vào thế giới game, âm nhạc hay phim ảnh với chất âm huyền thoại của HyperX: âm trường rộng mở, bass mạnh mẽ, sâu lắng cùng âm cao trong trẻo, chi tiết, giúp bạn nghe rõ từng tiếng bước chân của kẻ địch hay thưởng thức trọn vẹn từng nốt nhạc. Sự thoải mái là ưu tiên hàng đầu với đệm tai nghe bọc da cao cấp cùng mút hoạt tính đặc trưng của HyperX, ôm sát vành tai một cách êm ái, cho phép bạn chơi game hay nghe nhạc hàng giờ liền mà không hề khó chịu. Khung nhôm chắc chắn, bền bỉ đảm bảo độ bền vượt thời gian. Micro chống ồn tháo rời được tích hợp giúp đồng đội nghe rõ bạn nói, loại bỏ tạp âm xung quanh, tối ưu hóa giao tiếp trong mọi trận đấu. Pin dung lượng cao cho phép bạn trải nghiệm giải trí không ngừng nghỉ trong thời gian dài. HP HyperX Cloud JET Blue Wireless không chỉ là một chiếc tai nghe, mà là người bạn đồng hành đáng tin cậy, nâng tầm mọi trải nghiệm âm thanh của bạn lên một tầm cao mới.',
        1, 'https://product.hstatic.net/200000722513/product/10011_5c718e805d4644df996d28b7327c9423.jpg'
    );
INSERT INTO product_category (product_id, category_id) VALUES (19, 24);
INSERT INTO product_variant (
        product_id, name, seo_name, supplier_id, price, price_sale, quantity, sku, model, barcode, 
        specifications, description, warranty, image_url, release_at, created_by)
        VALUES ( 19, 'Tai nghe HP HyperX Cloud JET Blue Wireless', 'tai-nghe-hp-hyperx-cloud-jet-blue',
            1, 1990000, 1790000, 10, 'TAI-HP-HYPERX-CLOUD-JET-BLUE',
            'TAI-HP-HYPERX-CLOUD-JET-BLUE', 'TAI-HP-HYPERX-CLOUD-JET-BLUE',
            '{"Tên sản phẩm": "Tai nghe HP HyperX Cloud JET Blue Wireless", "Mã sản phẩm": "HHWC-JETB-WL", "Loại kết nối": "Không dây 2.4GHz USB-A Dongle", "Phạm vi không dây": "Lên đến 20 mét", "Thời lượng pin": "Khoảng 30 giờ", "Thời gian sạc": "Khoảng 2.5 giờ", "Trở kháng tai nghe": "60 Ohm", "Tần số đáp ứng tai nghe": "10Hz - 21kHz", "Đường kính màng loa": "53 mm", "Nam châm": "Neodymium", "Tổng méo hài (THD)": "< 2%", "Tần số đáp ứng micro": "50Hz - 6.8kHz", "Độ nhạy micro": "-42 dBV (1V/Pa ở 1kHz)", "Kiểu micro": "Khử nhiễu, có thể tháo rời", "Cổng sạc": "USB-C", "Chất liệu đệm tai": "Giả da, đệm mút hoạt tính", "Màu sắc": "Xanh Jet Blue", "Trọng lượng": "300 g (không dây/mic)", "Hệ điều hành tương thích": "PC, PS5, PS4, Nintendo Switch", "Công nghệ âm thanh": "Âm thanh vòm 7.1 ảo", "Tính năng đặc biệt": "Khung nhôm bền bỉ, điều khiển âm lượng tích hợp", "Bộ sản phẩm bao gồm": "Tai nghe, USB dongle, cáp sạc USB-C, mic có thể tháo rời"}',
            'Bước vào thế giới âm thanh đỉnh cao và trải nghiệm tự do không giới hạn với Tai nghe HP HyperX Cloud JET Blue Wireless – sự kết hợp hoàn hảo giữa hiệu suất vượt trội, thiết kế đẳng cấp và sự thoải mái tuyệt đối. Khoác lên mình sắc xanh JET Blue đầy cuốn hút, chiếc tai nghe này không chỉ là một phụ kiện công nghệ mà còn là tuyên ngôn phong cách của riêng bạn. Với công nghệ không dây tiên tiến, Cloud JET Blue mang đến kết nối ổn định, độ trễ thấp, cho phép bạn di chuyển tự do mà không bị ràng buộc bởi dây cáp. Hãy đắm chìm hoàn toàn vào thế giới game, âm nhạc hay phim ảnh với chất âm huyền thoại của HyperX: âm trường rộng mở, bass mạnh mẽ, sâu lắng cùng âm cao trong trẻo, chi tiết, giúp bạn nghe rõ từng tiếng bước chân của kẻ địch hay thưởng thức trọn vẹn từng nốt nhạc. Sự thoải mái là ưu tiên hàng đầu với đệm tai nghe bọc da cao cấp cùng mút hoạt tính đặc trưng của HyperX, ôm sát vành tai một cách êm ái, cho phép bạn chơi game hay nghe nhạc hàng giờ liền mà không hề khó chịu. Khung nhôm chắc chắn, bền bỉ đảm bảo độ bền vượt thời gian. Micro chống ồn tháo rời được tích hợp giúp đồng đội nghe rõ bạn nói, loại bỏ tạp âm xung quanh, tối ưu hóa giao tiếp trong mọi trận đấu. Pin dung lượng cao cho phép bạn trải nghiệm giải trí không ngừng nghỉ trong thời gian dài. HP HyperX Cloud JET Blue Wireless không chỉ là một chiếc tai nghe, mà là người bạn đồng hành đáng tin cậy, nâng tầm mọi trải nghiệm âm thanh của bạn lên một tầm cao mới.',
            24, 'https://product.hstatic.net/200000722513/product/10011_5c718e805d4644df996d28b7327c9423.jpg', '2025-03-27T10:49:56+00:00',1);
        
INSERT INTO product_image (name, product_variant_id, image_url, is_main)
VALUES
    ('Ảnh 1', 19, 'https://product.hstatic.net/200000722513/product/10011_5c718e805d4644df996d28b7327c9423.jpg', TRUE),
    ('Ảnh 2', 19, 'https://product.hstatic.net/200000722513/product/10001_20d731be0e574bffa028e17d35a681c8.jpg', FALSE),
    ('Ảnh 3', 19, 'https://product.hstatic.net/200000722513/product/10002_bad8d64032794a21863917c54a5946cd.jpg', FALSE),
    ('Ảnh 4', 19, 'https://product.hstatic.net/200000722513/product/10003_79476dceb188483189040d8161c026b8.jpg', FALSE),
    ('Ảnh 5', 19, 'https://product.hstatic.net/200000722513/product/10004_89ad4423b5414507ba68f290ee55661f.jpg', FALSE);
---
INSERT INTO product (name, seo_name, brand_id, specifications, description, created_by, image_url) 
    VALUES (
        'Tai nghe HP HyperX Cloud JET Black Wireless', 'tai-nghe-hp-hyperx-cloud-jet-black', 27,
        '{"Tên sản phẩm": "Tai nghe HP HyperX Cloud JET Black Wireless", "Thương hiệu": "HP HyperX", "Loại kết nối": "Không dây", "Công nghệ không dây": "2.4 GHz", "Phạm vi không dây": "20 mét", "Tần số đáp ứng tai nghe": "10 Hz - 21.000 Hz", "Độ nhạy tai nghe": "104 dB SPL/mW tại 1kHz", "Trở kháng tai nghe": "60 Ohms", "Kích thước driver": "53 mm", "Loại driver": "Động, nam châm Neodymium", "Loại microphone": "Condenser Electret, khử tiếng ồn", "Tần số đáp ứng microphone": "50 Hz - 6.800 Hz", "Độ nhạy microphone": "-20 dBV", "Thời lượng pin": "Lên đến 300 giờ", "Cổng sạc": "USB-C", "Khả năng tương thích": "PC, PlayStation 4, PlayStation 5, Nintendo Switch (Docked)", "Màu sắc": "Đen", "Chất liệu khung": "Nhôm bền", "Chất liệu đệm tai": "Mút hoạt tính, da tổng hợp", "Khối lượng": "320 gram (không mic)", "Tính năng âm thanh": "Âm thanh không gian ảo", "Kiểu đeo": "Chụp tai"}',
        'Tai nghe HP HyperX Cloud JET Black là một trong những sản phẩm gaming không dây được ưa chuộng nhờ thiết kế bền bỉ, âm thanh sống động và khả năng kết nối ổn định. Với chất liệu cao cấp và công nghệ tiên tiến, sản phẩm này hứa hẹn mang đến trải nghiệm chơi game, nghe nhạc và giao tiếp tuyệt vời.\n\n1.  **Thiết kế chắc chắn, thoải mái khi đeo lâu**\n    *   Khung nhôm bền bỉ giúp tai nghe chịu lực tốt, phù hợp với nhu cầu sử dụng lâu dài.\n    *   Đệm tai và đệm đầu mềm êm ái, giảm áp lực lên tai và đầu ngay cả khi đeo hàng giờ liền.\n    *   Kiểu dáng gọn nhẹ (trọng lượng chỉ 309g) giúp người dùng không bị mỏi khi sử dụng lâu.\n\n2.  **Âm thanh sống động với công nghệ tiên tiến**\n    *   Driver 53mm cho chất âm rõ ràng, bass mạnh mẽ, phù hợp với game FPS, nhạc và phim.\n    *   Công nghệ chống nhiễu 2.4GHz giúp kết nối không dây ổn định, độ trễ thấp (<20ms), đảm bảo trải nghiệm game mượt mà.\n    *   Micrô khử tiếng ồn giúp thu âm rõ ràng, loại bỏ tạp âm xung quanh khi trò chuyện.\n\n3.  **Thời lượng pin ấn tượng**\n    *   Pin 25 giờ cho phép sử dụng liên tục mà không cần sạc thường xuyên.\n    *   Công nghệ sạc nhanh chỉ cần 2.5 giờ để sạc đầy, tiện lợi khi cần sử dụng gấp.\n\n4.  **Tương thích đa nền tảng**\n    *   Hỗ trợ PC, PS4, PS5, Nintendo Switch và các thiết bị khác qua cổng USB, phù hợp với nhiều game thủ.\n    *   Dễ dàng chuyển đổi giữa các thiết bị nhờ kết nối không dây tiện lợi.\n\n5.  **Điều khiển tiện lợi**\n    *   Nút chỉnh âm lượng và tắt mic tích hợp trên tai nghe, giúp điều chỉnh nhanh chóng mà không cần phần mềm.\n\nTai nghe HP HyperX Cloud JET Black là lựa chọn lý tưởng cho game thủ nhờ chất lượng âm thanh vượt trội, thiết kế thoải mái và thời lượng pin dài. Sản phẩm này không chỉ phù hợp để chơi game mà còn là công cụ hỗ trợ làm việc, giải trí hiệu quả. Nếu bạn đang tìm kiếm một tai nghe gaming không dây chất lượng cao, HyperX Cloud JET Black chắc chắn là một ứng cử viên đáng cân nhắc!',
        1, 'https://product.hstatic.net/200000722513/product/10005_3c4283e8265546e09eb539736b614a0e.jpg'
    );
INSERT INTO product_category (product_id, category_id) VALUES (20, 24);
INSERT INTO product_variant (
        product_id, name, seo_name, supplier_id, price, price_sale, quantity, sku, model, barcode, 
        specifications, description, warranty, image_url, release_at, created_by)
        VALUES ( 20, 'Tai nghe HP HyperX Cloud JET Black Wireless', 'tai-nghe-hp-hyperx-cloud-jet-black',
            1, 1990000, 1790000, 10, 'TAI-HP-HYPERX-CLOUD-JET-BLACK',
            'TAI-HP-HYPERX-CLOUD-JET-BLACK', 'TAI-HP-HYPERX-CLOUD-JET-BLACK',
            '{"Tên sản phẩm": "Tai nghe HP HyperX Cloud JET Black Wireless", "Thương hiệu": "HP HyperX", "Loại kết nối": "Không dây", "Công nghệ không dây": "2.4 GHz", "Phạm vi không dây": "20 mét", "Tần số đáp ứng tai nghe": "10 Hz - 21.000 Hz", "Độ nhạy tai nghe": "104 dB SPL/mW tại 1kHz", "Trở kháng tai nghe": "60 Ohms", "Kích thước driver": "53 mm", "Loại driver": "Động, nam châm Neodymium", "Loại microphone": "Condenser Electret, khử tiếng ồn", "Tần số đáp ứng microphone": "50 Hz - 6.800 Hz", "Độ nhạy microphone": "-20 dBV", "Thời lượng pin": "Lên đến 300 giờ", "Cổng sạc": "USB-C", "Khả năng tương thích": "PC, PlayStation 4, PlayStation 5, Nintendo Switch (Docked)", "Màu sắc": "Đen", "Chất liệu khung": "Nhôm bền", "Chất liệu đệm tai": "Mút hoạt tính, da tổng hợp", "Khối lượng": "320 gram (không mic)", "Tính năng âm thanh": "Âm thanh không gian ảo", "Kiểu đeo": "Chụp tai"}',
            'Tai nghe HP HyperX Cloud JET Black là một trong những sản phẩm gaming không dây được ưa chuộng nhờ thiết kế bền bỉ, âm thanh sống động và khả năng kết nối ổn định. Với chất liệu cao cấp và công nghệ tiên tiến, sản phẩm này hứa hẹn mang đến trải nghiệm chơi game, nghe nhạc và giao tiếp tuyệt vời.\n\n1.  **Thiết kế chắc chắn, thoải mái khi đeo lâu**\n    *   Khung nhôm bền bỉ giúp tai nghe chịu lực tốt, phù hợp với nhu cầu sử dụng lâu dài.\n    *   Đệm tai và đệm đầu mềm êm ái, giảm áp lực lên tai và đầu ngay cả khi đeo hàng giờ liền.\n    *   Kiểu dáng gọn nhẹ (trọng lượng chỉ 309g) giúp người dùng không bị mỏi khi sử dụng lâu.\n\n2.  **Âm thanh sống động với công nghệ tiên tiến**\n    *   Driver 53mm cho chất âm rõ ràng, bass mạnh mẽ, phù hợp với game FPS, nhạc và phim.\n    *   Công nghệ chống nhiễu 2.4GHz giúp kết nối không dây ổn định, độ trễ thấp (<20ms), đảm bảo trải nghiệm game mượt mà.\n    *   Micrô khử tiếng ồn giúp thu âm rõ ràng, loại bỏ tạp âm xung quanh khi trò chuyện.\n\n3.  **Thời lượng pin ấn tượng**\n    *   Pin 25 giờ cho phép sử dụng liên tục mà không cần sạc thường xuyên.\n    *   Công nghệ sạc nhanh chỉ cần 2.5 giờ để sạc đầy, tiện lợi khi cần sử dụng gấp.\n\n4.  **Tương thích đa nền tảng**\n    *   Hỗ trợ PC, PS4, PS5, Nintendo Switch và các thiết bị khác qua cổng USB, phù hợp với nhiều game thủ.\n    *   Dễ dàng chuyển đổi giữa các thiết bị nhờ kết nối không dây tiện lợi.\n\n5.  **Điều khiển tiện lợi**\n    *   Nút chỉnh âm lượng và tắt mic tích hợp trên tai nghe, giúp điều chỉnh nhanh chóng mà không cần phần mềm.\n\nTai nghe HP HyperX Cloud JET Black là lựa chọn lý tưởng cho game thủ nhờ chất lượng âm thanh vượt trội, thiết kế thoải mái và thời lượng pin dài. Sản phẩm này không chỉ phù hợp để chơi game mà còn là công cụ hỗ trợ làm việc, giải trí hiệu quả. Nếu bạn đang tìm kiếm một tai nghe gaming không dây chất lượng cao, HyperX Cloud JET Black chắc chắn là một ứng cử viên đáng cân nhắc!',
            24, 'https://product.hstatic.net/200000722513/product/10005_3c4283e8265546e09eb539736b614a0e.jpg', '2025-03-27T10:49:53+00:00',1);
        
INSERT INTO product_image (name, product_variant_id, image_url, is_main)
VALUES
    ('Ảnh 1', 20, 'https://product.hstatic.net/200000722513/product/10005_3c4283e8265546e09eb539736b614a0e.jpg', TRUE),
    ('Ảnh 2', 20, 'https://product.hstatic.net/200000722513/product/10006_73c851a7e56a47b089cd7f83745cd250.jpg', FALSE),
    ('Ảnh 3', 20, 'https://product.hstatic.net/200000722513/product/10008_b38eea3d8a8542d7aeeef4fb08c9807d.jpg', FALSE),
    ('Ảnh 4', 20, 'https://product.hstatic.net/200000722513/product/10010_ff5bf4da136248a090ea9c2cc95e90f0.jpg', FALSE),
    ('Ảnh 5', 20, 'https://product.hstatic.net/200000722513/product/10007_94c4476347894e5f887a1068107cf052.jpg', FALSE);
---
INSERT INTO product (name, seo_name, brand_id, specifications, description, created_by, image_url) 
    VALUES (
        'Tai nghe Edifier không dây W800BT Pro Grey', 'tai-nghe-edifier-khong-day-w800bt-pro-grey', 30,
        '{"Tên sản phẩm": "Tai nghe Edifier W800BT Pro", "Thương hiệu": "Edifier", "Màu sắc": "Grey", "Kết nối": "Không dây", "Phiên bản Bluetooth": "V5.1", "Profile Bluetooth": "HFP, A2DP, AVRCP", "Codec âm thanh": "Qualcomm aptX, SBC", "Đường kính driver": "40mm", "Tần số đáp ứng": "20Hz - 20kHz", "Trở kháng": "32Ω", "Độ nhạy": "93 ± 3dB SPL (A)", "Thời lượng pin (nghe nhạc)": "Khoảng 50 giờ", "Thời gian sạc": "Khoảng 2.5 giờ", "Cổng sạc": "USB-C", "Microphone": "Có", "Điều khiển": "Nút bấm trên tai nghe", "Hỗ trợ ứng dụng": "Edifier Connect App", "Trọng lượng": "Khoảng 200g"}',
        'Edifier W800BT Pro là sản phẩm phụ kiện âm thanh với chất lượng âm sống động, thiết kế bắt mắt. Tai nghe mang lại cho người dùng những trải nghiệm trải trí vượt trội cùng nhiều nhu cầu sử dụng.\n\nÂm thanh chất lượng với chip Qualcomm cùng màng loa 40mm\nTai nghe Edifier W800BT Pro sở hữu thiết kế mang loa lớn với kích thước lên đến 40mm. Mang loa kích thước lớn cùng con chip âm thanh Qualcomm giúp mang lại cho người dùng những trải nghiệm âm thanh đầy sống động và chân thực. Cụ thể, tai nghe mang lại âm thanh với âm bass mạnh, âm trầm sâu.\n\nÂm thanh tai nghe bluetooth chụp tai Edifier W800BT Pro\n\nThiết kế chụp tai, ba lựa chọn màu sắc\nTai nghe chụp tai Edifier W800BT Pro sở hữu một thiết kế dạng chụp tai đơn giản nhưng không kém phần sang trọng. Tai nghe với đệm tai mềm giúp người dùng có trải nghiệm dùng thoải mái, kể cả khi sử dụng trong thời gian dài. Tai với thiết kế không dây, kết nối qua chuẩn Bluetooth 5.1 mang lại cho người dùng trải nghiệm dùng không vướng víu trong phạm vi 10m. Đặc biệt, chuẩn bluetooth còn hỗ trợ tai nghe kết nối cùng lúc 2 thiết bị tiện lợi.\n\nThiết kế tai nghe bluetooth chụp tai Edifier W800BT Pro\n\nEdifier W800BT Pro được thiết kế với nhiều lựa chọn màu sắc khác nhau, lần lượt là đen, trắng và đỏ. Cùng với đó, tai nghe còn sở hữu các nút bấm cho phép người dùng điều khiển một cách nhanh chóng. Với các nút trên tai nghe, người dùng có thể điều khiển tăng – giảm âm lượng hay chuyển bài kế tiếp một cách dễ dàng.\n\nThiết kế tai nghe bluetooth chụp tai Edifier W800BT Pro\n\nPin sử dụng 40 tiếng cùng micro khử ồn\nTai nghe Edifier W800BT Pro được trang bị micro với công nghệ khử ồn nhờ đó người dùng có những trải nghiệm đàm thoại với âm thanh rõ nét. Cùng với đó, tai nghe Edifier W800BT Pro còn sở hữu bị viên pin dung lượng 670 mAh. Viên pin có thể mang lại thời gian sử dụng đến 50 giờ khi sử dụng ở mức âm lượng 50%. Tuy nhiên thời gian dùng thực tế trên Edifier W800BT Pro sẽ không đồng nhất, tùy theo công suất sử dụng thực tế. Khi hết pin, sản phẩm cũng có thời gian sạc pin nhanh chóng qua cổng USB-C và mất khoảng 2.5 giờ để sạc đầy.',
        1, 'https://product.hstatic.net/200000722513/product/38d6f7cef345f1ed1964041cc29179db_52739187eb80418b8ad13773c43f1e47.png'
    );
INSERT INTO product_category (product_id, category_id) VALUES (21, 24);
INSERT INTO product_variant (
        product_id, name, seo_name, supplier_id, price, price_sale, quantity, sku, model, barcode, 
        specifications, description, warranty, image_url, release_at, created_by)
        VALUES ( 21, 'Tai nghe Edifier không dây W800BT Pro Grey', 'tai-nghe-edifier-khong-day-w800bt-pro-grey',
            1, 1200000, 990000, 10, 'TAI-EDIFIER-W800BT-PRO-GREY',
            'TAI-EDIFIER-W800BT-PRO-GREY', 'TAI-EDIFIER-W800BT-PRO-GREY',
            '{"Tên sản phẩm": "Tai nghe Edifier W800BT Pro", "Thương hiệu": "Edifier", "Màu sắc": "Grey", "Kết nối": "Không dây", "Phiên bản Bluetooth": "V5.1", "Profile Bluetooth": "HFP, A2DP, AVRCP", "Codec âm thanh": "Qualcomm aptX, SBC", "Đường kính driver": "40mm", "Tần số đáp ứng": "20Hz - 20kHz", "Trở kháng": "32Ω", "Độ nhạy": "93 ± 3dB SPL (A)", "Thời lượng pin (nghe nhạc)": "Khoảng 50 giờ", "Thời gian sạc": "Khoảng 2.5 giờ", "Cổng sạc": "USB-C", "Microphone": "Có", "Điều khiển": "Nút bấm trên tai nghe", "Hỗ trợ ứng dụng": "Edifier Connect App", "Trọng lượng": "Khoảng 200g"}',
            'Edifier W800BT Pro là sản phẩm phụ kiện âm thanh với chất lượng âm sống động, thiết kế bắt mắt. Tai nghe mang lại cho người dùng những trải nghiệm trải trí vượt trội cùng nhiều nhu cầu sử dụng.\n\nÂm thanh chất lượng với chip Qualcomm cùng màng loa 40mm\nTai nghe Edifier W800BT Pro sở hữu thiết kế mang loa lớn với kích thước lên đến 40mm. Mang loa kích thước lớn cùng con chip âm thanh Qualcomm giúp mang lại cho người dùng những trải nghiệm âm thanh đầy sống động và chân thực. Cụ thể, tai nghe mang lại âm thanh với âm bass mạnh, âm trầm sâu.\n\nÂm thanh tai nghe bluetooth chụp tai Edifier W800BT Pro\n\nThiết kế chụp tai, ba lựa chọn màu sắc\nTai nghe chụp tai Edifier W800BT Pro sở hữu một thiết kế dạng chụp tai đơn giản nhưng không kém phần sang trọng. Tai nghe với đệm tai mềm giúp người dùng có trải nghiệm dùng thoải mái, kể cả khi sử dụng trong thời gian dài. Tai với thiết kế không dây, kết nối qua chuẩn Bluetooth 5.1 mang lại cho người dùng trải nghiệm dùng không vướng víu trong phạm vi 10m. Đặc biệt, chuẩn bluetooth còn hỗ trợ tai nghe kết nối cùng lúc 2 thiết bị tiện lợi.\n\nThiết kế tai nghe bluetooth chụp tai Edifier W800BT Pro\n\nEdifier W800BT Pro được thiết kế với nhiều lựa chọn màu sắc khác nhau, lần lượt là đen, trắng và đỏ. Cùng với đó, tai nghe còn sở hữu các nút bấm cho phép người dùng điều khiển một cách nhanh chóng. Với các nút trên tai nghe, người dùng có thể điều khiển tăng – giảm âm lượng hay chuyển bài kế tiếp một cách dễ dàng.\n\nThiết kế tai nghe bluetooth chụp tai Edifier W800BT Pro\n\nPin sử dụng 40 tiếng cùng micro khử ồn\nTai nghe Edifier W800BT Pro được trang bị micro với công nghệ khử ồn nhờ đó người dùng có những trải nghiệm đàm thoại với âm thanh rõ nét. Cùng với đó, tai nghe Edifier W800BT Pro còn sở hữu bị viên pin dung lượng 670 mAh. Viên pin có thể mang lại thời gian sử dụng đến 50 giờ khi sử dụng ở mức âm lượng 50%. Tuy nhiên thời gian dùng thực tế trên Edifier W800BT Pro sẽ không đồng nhất, tùy theo công suất sử dụng thực tế. Khi hết pin, sản phẩm cũng có thời gian sạc pin nhanh chóng qua cổng USB-C và mất khoảng 2.5 giờ để sạc đầy.',
            12, 'https://product.hstatic.net/200000722513/product/38d6f7cef345f1ed1964041cc29179db_52739187eb80418b8ad13773c43f1e47.png', '2025-03-05T10:23:48+00:00',1);
        
INSERT INTO product_image (name, product_variant_id, image_url, is_main)
VALUES
    ('Ảnh 1', 21, 'https://product.hstatic.net/200000722513/product/38d6f7cef345f1ed1964041cc29179db_52739187eb80418b8ad13773c43f1e47.png', TRUE),
    ('Ảnh 2', 21, 'https://product.hstatic.net/200000722513/product/4b8ecee117769337a14a5ea4b330a8cc_6dc083ef11674cedb3c36aae9e8cdfc4.png', FALSE),
    ('Ảnh 3', 21, 'https://product.hstatic.net/200000722513/product/b37b375786954c6abdf1392e0eb7c23c_d53e8987b8cc4154b2c67b8860995ece.png', FALSE),
    ('Ảnh 4', 21, 'https://product.hstatic.net/200000722513/product/0daecb03524795883dfda31ebf52800b_287da93457114f6fbedda0c9b2cd1e02.png', FALSE),
    ('Ảnh 5', 21, 'https://product.hstatic.net/200000722513/product/df193869f2c482e2358ca3ea745c1ddd_e7e67ecb0d3d4b7bbedcc629486af68b.png', FALSE),
    ('Ảnh 6', 21, 'https://product.hstatic.net/200000722513/product/eb4350f68c20d9112ef8e77d75dc3777_b8a992e523fe48aa852748acebb19cd5.png', FALSE);
---
INSERT INTO product (name, seo_name, brand_id, specifications, description, created_by, image_url) 
    VALUES (
        'Tai nghe Edifier không dây W830NB Gray', 'tai-nghe-edifier-khong-day-w830nb-gray', 30,
        '{"Đa dạng đầu vào": "Bluetooth / USB Type-C"}',
        'Tai nghe Edifier W830NB Gray là một lựa chọn tuyệt vời cho những ai yêu thích âm nhạc và cần một thiết bị âm thanh không dây chất lượng cao. Với thiết kế over-ear (trùm tai) hiện đại, tai nghe mang lại sự thoải mái tối đa ngay cả khi sử dụng trong thời gian dài. Chất liệu đệm tai mềm mại, êm ái bao bọc vành tai, tạo cảm giác dễ chịu và cách âm hiệu quả. Màu xám trang nhã, tinh tế, phù hợp với nhiều phong cách khác nhau, từ công sở đến dạo phố. Edifier W830NB nổi bật với công nghệ chống ồn chủ động (ANC) tiên tiến, giúp loại bỏ tiếng ồn xung quanh, cho phép bạn đắm chìm hoàn toàn vào thế giới âm nhạc, podcast hoặc cuộc gọi thoại mà không bị làm phiền. Chất lượng âm thanh được tinh chỉnh bởi các kỹ sư âm thanh chuyên nghiệp của Edifier, mang đến âm bass sâu lắng, âm trung rõ ràng và âm cao trong trẻo, tái tạo mọi chi tiết của bản nhạc một cách sống động. Thời lượng pin ấn tượng lên đến 45 giờ sử dụng liên tục với chế độ ANC bật và có thể lên tới 95 giờ khi tắt ANC, giúp bạn thoải mái sử dụng cả tuần mà không cần lo lắng về việc sạc pin. Kết nối Bluetooth 5.0 ổn định, phạm vi kết nối rộng, đảm bảo trải nghiệm nghe nhạc liền mạch. Tai nghe còn được trang bị micro chất lượng cao, hỗ trợ đàm thoại rảnh tay rõ ràng. Nút điều khiển tích hợp trên củ tai giúp bạn dễ dàng chuyển bài, điều chỉnh âm lượng, nhận/từ chối cuộc gọi và kích hoạt trợ lý ảo chỉ với thao tác chạm đơn giản. Edifier W830NB Gray là sự kết hợp hoàn hảo giữa thiết kế đẹp mắt, công nghệ hiện đại và hiệu suất âm thanh đỉnh cao, mang đến trải nghiệm nghe nhìn tuyệt vời cho người dùng.',
        1, 'https://product.hstatic.net/200000722513/product/4862dd949b36b3db8f8f58b12c124bea_a0a3efffd71a4ce7bf14ff32b5f46692.png'
    );
INSERT INTO product_category (product_id, category_id) VALUES (22, 24);
INSERT INTO product_variant (
        product_id, name, seo_name, supplier_id, price, price_sale, quantity, sku, model, barcode, 
        specifications, description, warranty, image_url, release_at, created_by)
        VALUES ( 22, 'Tai nghe Edifier không dây W830NB Gray', 'tai-nghe-edifier-khong-day-w830nb-gray',
            1, 1899000, 1390000, 10, 'TAI-EDIFIER-W830NB-GRAY',
            'TAI-EDIFIER-W830NB-GRAY', 'TAI-EDIFIER-W830NB-GRAY',
            '{"Thương hiệu": "Edifier", "Model": "W830NB", "Màu sắc": "Gray", "Loại tai nghe": "Chụp tai không dây", "Công nghệ chống ồn": "Hybrid ANC (lên tới -45dB)", "Phiên bản Bluetooth": "5.4", "Codec âm thanh": "LDAC, AAC, SBC", "Driver": "40mm Dynamic", "Tần số đáp ứng": "20Hz - 40kHz", "Thời lượng pin (ANC tắt)": "Khoảng 94 giờ", "Thời lượng pin (ANC bật)": "Khoảng 54 giờ", "Thời lượng pin (sạc nhanh 10 phút)": "7 giờ nghe nhạc", "Cổng sạc": "USB-C (Type-C)", "Trọng lượng": "Khoảng 267g", "Kích thước": "170.99 x 78.88 x 194.01 mm", "Tính năng khác": "Hi-Res Audio, Hi-Res Audio Wireless, AI ENC cho cuộc gọi, kết nối đa thiết bị, ứng dụng EDIFIER ConneX"}',
            'Tai nghe Edifier W830NB Gray là một lựa chọn tuyệt vời cho những ai yêu thích âm nhạc và cần một thiết bị âm thanh không dây chất lượng cao. Với thiết kế over-ear (trùm tai) hiện đại, tai nghe mang lại sự thoải mái tối đa ngay cả khi sử dụng trong thời gian dài. Chất liệu đệm tai mềm mại, êm ái bao bọc vành tai, tạo cảm giác dễ chịu và cách âm hiệu quả. Màu xám trang nhã, tinh tế, phù hợp với nhiều phong cách khác nhau, từ công sở đến dạo phố. Edifier W830NB nổi bật với công nghệ chống ồn chủ động (ANC) tiên tiến, giúp loại bỏ tiếng ồn xung quanh, cho phép bạn đắm chìm hoàn toàn vào thế giới âm nhạc, podcast hoặc cuộc gọi thoại mà không bị làm phiền. Chất lượng âm thanh được tinh chỉnh bởi các kỹ sư âm thanh chuyên nghiệp của Edifier, mang đến âm bass sâu lắng, âm trung rõ ràng và âm cao trong trẻo, tái tạo mọi chi tiết của bản nhạc một cách sống động. Thời lượng pin ấn tượng lên đến 45 giờ sử dụng liên tục với chế độ ANC bật và có thể lên tới 95 giờ khi tắt ANC, giúp bạn thoải mái sử dụng cả tuần mà không cần lo lắng về việc sạc pin. Kết nối Bluetooth 5.0 ổn định, phạm vi kết nối rộng, đảm bảo trải nghiệm nghe nhạc liền mạch. Tai nghe còn được trang bị micro chất lượng cao, hỗ trợ đàm thoại rảnh tay rõ ràng. Nút điều khiển tích hợp trên củ tai giúp bạn dễ dàng chuyển bài, điều chỉnh âm lượng, nhận/từ chối cuộc gọi và kích hoạt trợ lý ảo chỉ với thao tác chạm đơn giản. Edifier W830NB Gray là sự kết hợp hoàn hảo giữa thiết kế đẹp mắt, công nghệ hiện đại và hiệu suất âm thanh đỉnh cao, mang đến trải nghiệm nghe nhìn tuyệt vời cho người dùng.',
            12, 'https://product.hstatic.net/200000722513/product/4862dd949b36b3db8f8f58b12c124bea_a0a3efffd71a4ce7bf14ff32b5f46692.png', '2025-03-07T08:31:56+00:00',1);
        
INSERT INTO product_image (name, product_variant_id, image_url, is_main)
VALUES
    ('Ảnh 1', 22, 'https://product.hstatic.net/200000722513/product/4862dd949b36b3db8f8f58b12c124bea_a0a3efffd71a4ce7bf14ff32b5f46692.png', TRUE),
    ('Ảnh 2', 22, 'https://product.hstatic.net/200000722513/product/a0ebf552cb2c005c4cde5a78d60c6ca0_886bdd12657248a2a7ba71852cd94b52.png', FALSE),
    ('Ảnh 3', 22, 'https://product.hstatic.net/200000722513/product/3f6eabc1a2f789adae8a0525d786ccde_e0a93e5da9904d63b507adc648ebea0e.png', FALSE),
    ('Ảnh 4', 22, 'https://product.hstatic.net/200000722513/product/6fd0f4363757a6153915e4a04f60a67c_012e3ca180c34f4b96a3b7e61ce5d21e.png', FALSE),
    ('Ảnh 5', 22, 'https://product.hstatic.net/200000722513/product/01529c7bcfd66879018bd96aa8e99d0f_4f857c8ca6bf4c888c43519663e60d53.png', FALSE),
    ('Ảnh 6', 22, 'https://product.hstatic.net/200000722513/product/7680ec92c6228d18d18db7f6707857b4_d616fb993e5246128a304fd7c1d1a85e.png', FALSE);
---
INSERT INTO product (name, seo_name, brand_id, specifications, description, created_by, image_url) 
    VALUES (
        'Tai nghe Edifier không dây W800BT Pro Ivory', 'tai-nghe-edifier-khong-day-w800bt-pro-ivory', 30,
        '{"Tên sản phẩm": "Edifier W800BT Pro Ivory", "Thương hiệu": "Edifier", "Màu sắc": "Trắng ngà (Ivory)", "Kiểu tai nghe": "Chụp tai (Over-ear)", "Kết nối": "Không dây (Bluetooth)", "Phiên bản Bluetooth": "5.1", "Cấu hình Bluetooth": "HFP, A2DP, AVRCP", "Codec âm thanh": "SBC, aptX", "Kích thước driver": "40 mm", "Dải tần số": "20 Hz - 20 kHz", "Trở kháng": "32 Ohm", "Độ nhạy": "100 dB", "Thời lượng pin (nghe nhạc)": "Khoảng 50 giờ", "Thời gian sạc": "Khoảng 2.5 giờ", "Cổng sạc": "USB-C", "Tích hợp micro": "Có", "Trọng lượng": "Khoảng 210g", "Phạm vi hoạt động không dây": "Khoảng 10 mét", "Khả năng gập gọn": "Không", "Tính năng khác": "Hỗ trợ kết nối có dây 3.5mm"}',
        'Edifier W800BT Pro là sản phẩm phụ kiện âm thanh với chất lượng âm sống động, thiết kế bắt mắt. Tai nghe mang lại cho người dùng những trải nghiệm trải trí vượt trội cùng nhiều nhu cầu sử dụng.\n\nÂm thanh chất lượng với chip Qualcomm cùng màng loa 40mm\nTai nghe Edifier W800BT Pro sở hữu thiết kế mang loa lớn với kích thước lên đến 40mm. Mang loa kích thước lớn cùng con chip âm thanh Qualcomm giúp mang lại cho người dùng những trải nghiệm âm thanh đầy sống động và chân thực. Cụ thể, tai nghe mang lại âm thanh với âm bass mạnh, âm trầm sâu.\n\nÂm thanh tai nghe bluetooth chụp tai Edifier W800BT Pro\n\nThiết kế chụp tai, ba lựa chọn màu sắc\nTai nghe chụp tai Edifier W800BT Pro sở hữu một thiết kế dạng chụp tai đơn giản nhưng không kém phần sang trọng. Tai nghe với đệm tai mềm giúp người dùng có trải nghiệm dùng thoải mái, kể cả khi sử dụng trong thời gian dài. Tai với thiết kế không dây, kết nối qua chuẩn Bluetooth 5.1 mang lại cho người dùng trải nghiệm dùng không vướng víu trong phạm vi 10m. Đặc biệt, chuẩn bluetooth còn hỗ trợ tai nghe kết nối cùng lúc 2 thiết bị tiện lợi.\n\nThiết kế tai nghe bluetooth chụp tai Edifier W800BT Pro\n\nEdifier W800BT Pro được thiết kế với nhiều lựa chọn màu sắc khác nhau, lần lượt là đen, trắng và đỏ. Cùng với đó, tai nghe còn sở hữu các nút bấm cho phép người dùng điều khiển một cách nhanh chóng. Với các nút trên tai nghe, người dùng có thể điều khiển tăng – giảm âm lượng hay chuyển bài kế tiếp một cách dễ dàng.\n\nThiết kế tai nghe bluetooth chụp tai Edifier W800BT Pro\n\nPin sử dụng 40 tiếng cùng micro khử ồn\nTai nghe Edifier W800BT Pro được trang bị micro với công nghệ khử ồn nhờ đó người dùng có những trải nghiệm đàm thoại với âm thanh rõ nét. Cùng với đó, tai nghe Edifier W800BT Pro còn sở hữu bị viên pin dung lượng 670 mAh. Viên pin có thể mang lại thời gian sử dụng đến 50 giờ khi sử dụng ở mức âm lượng 50%. Tuy nhiên thời gian dùng thực tế trên Edifier W800BT Pro sẽ không đồng nhất, tùy theo công suất sử dụng thực tế. Khi hết pin, sản phẩm cũng có thời gian sạc pin nhanh chóng qua cổng USB-C và mất khoảng 2.5 giờ để sạc đầy.',
        1, 'https://product.hstatic.net/200000722513/product/9d65ab02737eaa09128cf47488776800_7072c99217774359a5e402928f4c3388.png'
    );
INSERT INTO product_category (product_id, category_id) VALUES (23, 24);
INSERT INTO product_variant (
        product_id, name, seo_name, supplier_id, price, price_sale, quantity, sku, model, barcode, 
        specifications, description, warranty, image_url, release_at, created_by)
        VALUES ( 23, 'Tai nghe Edifier không dây W800BT Pro Ivory', 'tai-nghe-edifier-khong-day-w800bt-pro-ivory',
            1, 1790000, 1190000, 10, 'TAI-EDIFIER-W800BT-PRO-IVORY',
            'TAI-EDIFIER-W800BT-PRO-IVORY', 'TAI-EDIFIER-W800BT-PRO-IVORY',
            '{"Tên sản phẩm": "Edifier W800BT Pro Ivory", "Thương hiệu": "Edifier", "Màu sắc": "Trắng ngà (Ivory)", "Kiểu tai nghe": "Chụp tai (Over-ear)", "Kết nối": "Không dây (Bluetooth)", "Phiên bản Bluetooth": "5.1", "Cấu hình Bluetooth": "HFP, A2DP, AVRCP", "Codec âm thanh": "SBC, aptX", "Kích thước driver": "40 mm", "Dải tần số": "20 Hz - 20 kHz", "Trở kháng": "32 Ohm", "Độ nhạy": "100 dB", "Thời lượng pin (nghe nhạc)": "Khoảng 50 giờ", "Thời gian sạc": "Khoảng 2.5 giờ", "Cổng sạc": "USB-C", "Tích hợp micro": "Có", "Trọng lượng": "Khoảng 210g", "Phạm vi hoạt động không dây": "Khoảng 10 mét", "Khả năng gập gọn": "Không", "Tính năng khác": "Hỗ trợ kết nối có dây 3.5mm"}',
            'Edifier W800BT Pro là sản phẩm phụ kiện âm thanh với chất lượng âm sống động, thiết kế bắt mắt. Tai nghe mang lại cho người dùng những trải nghiệm trải trí vượt trội cùng nhiều nhu cầu sử dụng.\n\nÂm thanh chất lượng với chip Qualcomm cùng màng loa 40mm\nTai nghe Edifier W800BT Pro sở hữu thiết kế mang loa lớn với kích thước lên đến 40mm. Mang loa kích thước lớn cùng con chip âm thanh Qualcomm giúp mang lại cho người dùng những trải nghiệm âm thanh đầy sống động và chân thực. Cụ thể, tai nghe mang lại âm thanh với âm bass mạnh, âm trầm sâu.\n\nÂm thanh tai nghe bluetooth chụp tai Edifier W800BT Pro\n\nThiết kế chụp tai, ba lựa chọn màu sắc\nTai nghe chụp tai Edifier W800BT Pro sở hữu một thiết kế dạng chụp tai đơn giản nhưng không kém phần sang trọng. Tai nghe với đệm tai mềm giúp người dùng có trải nghiệm dùng thoải mái, kể cả khi sử dụng trong thời gian dài. Tai với thiết kế không dây, kết nối qua chuẩn Bluetooth 5.1 mang lại cho người dùng trải nghiệm dùng không vướng víu trong phạm vi 10m. Đặc biệt, chuẩn bluetooth còn hỗ trợ tai nghe kết nối cùng lúc 2 thiết bị tiện lợi.\n\nThiết kế tai nghe bluetooth chụp tai Edifier W800BT Pro\n\nEdifier W800BT Pro được thiết kế với nhiều lựa chọn màu sắc khác nhau, lần lượt là đen, trắng và đỏ. Cùng với đó, tai nghe còn sở hữu các nút bấm cho phép người dùng điều khiển một cách nhanh chóng. Với các nút trên tai nghe, người dùng có thể điều khiển tăng – giảm âm lượng hay chuyển bài kế tiếp một cách dễ dàng.\n\nThiết kế tai nghe bluetooth chụp tai Edifier W800BT Pro\n\nPin sử dụng 40 tiếng cùng micro khử ồn\nTai nghe Edifier W800BT Pro được trang bị micro với công nghệ khử ồn nhờ đó người dùng có những trải nghiệm đàm thoại với âm thanh rõ nét. Cùng với đó, tai nghe Edifier W800BT Pro còn sở hữu bị viên pin dung lượng 670 mAh. Viên pin có thể mang lại thời gian sử dụng đến 50 giờ khi sử dụng ở mức âm lượng 50%. Tuy nhiên thời gian dùng thực tế trên Edifier W800BT Pro sẽ không đồng nhất, tùy theo công suất sử dụng thực tế. Khi hết pin, sản phẩm cũng có thời gian sạc pin nhanh chóng qua cổng USB-C và mất khoảng 2.5 giờ để sạc đầy.',
            12, 'https://product.hstatic.net/200000722513/product/9d65ab02737eaa09128cf47488776800_7072c99217774359a5e402928f4c3388.png', '2025-03-05T10:23:50+00:00',1);
        
INSERT INTO product_image (name, product_variant_id, image_url, is_main)
VALUES
    ('Ảnh 1', 23, 'https://product.hstatic.net/200000722513/product/9d65ab02737eaa09128cf47488776800_7072c99217774359a5e402928f4c3388.png', TRUE),
    ('Ảnh 2', 23, 'https://product.hstatic.net/200000722513/product/3c19b736ddf34519b45f69a0964a0ae1_8543ac66997444d7bbd3f3aa07d8a473.png', FALSE),
    ('Ảnh 3', 23, 'https://product.hstatic.net/200000722513/product/3186c6cf36dd1033bf34d347b216bd48_1c39016b08d6442282776dbff1a300ff.png', FALSE),
    ('Ảnh 4', 23, 'https://product.hstatic.net/200000722513/product/27244063a41292c2dfdd775f7fdbf6c1_1723d03389c541649de87dce9693b485.png', FALSE),
    ('Ảnh 5', 23, 'https://product.hstatic.net/200000722513/product/2aa6bfaccc2c555e6a81dafaac4b587e_bcfcb829cb044ec1b044a36951454099.png', FALSE),
    ('Ảnh 6', 23, 'https://product.hstatic.net/200000722513/product/3995930cf46f87bddca2e45003c96e42_24c5f90a6cd54b54a2af2dead8aaa874.png', FALSE);
---
INSERT INTO product (name, seo_name, brand_id, specifications, description, created_by, image_url) 
    VALUES (
        'Tai nghe Edifier không dây W800BT SE Gray', 'tai-nghe-edifier-khong-day-w800bt-se-gray', 30,
        '{"Tên sản phẩm": "Tai nghe Edifier W800BT SE", "Màu sắc": "Xám", "Kiểu tai nghe": "Over-ear", "Công nghệ kết nối": "Không dây", "Chuẩn Bluetooth": "5.1", "Hỗ trợ codec": "SBC", "Kích thước Driver": "40mm", "Dải tần số": "20Hz - 20kHz", "Trở kháng": "32 Ohm", "Độ nhạy": "97 dB", "Thời lượng pin (nghe nhạc)": "30 giờ", "Dung lượng pin": "350 mAh", "Cổng sạc": "Micro USB", "Thời gian sạc": "3 giờ", "Trọng lượng": "210g", "Microphone": "Có", "Điều khiển": "Nút bấm trên tai nghe", "Kết nối có dây": "Có (jack 3.5mm)"}',
        'Tai nghe chụp tai Edifier W800BT SE - Chất lượng âm nhạc cực đỉnh \nSự kết hợp hoàn hảo giữa thiết kế đệm tai êm ái cùng công nghệ âm thanh đỉnh cao đã làm cho tai nghe chụp tai Edifier W800BT SE trở thành một sản phẩm đáng mua trong phân khúc giá rẻ. Bạn có thể trải nghiệm chơi game, nghe nhạc với chất lượng cao cùng kết nối ổn định liên tục trong nhiều giờ.\n\nChất âm hoàn hảo trên driver 40mm\nVới những dòng nhạc sôi động như EDM, rock âm bass trên tai nghe chụp tai Edifier W800BT SE hoàn toàn sẽ khiến bạn ấn tượng nhờ vào driver 40mm. Không chỉ tạo nên âm trầm đỉnh cao, Edifier W800BT SE còn thể hiện tốt ở những nốt cao trong các bản pop, ballad.\n\nTai nghe chụp tai Edifier W800BT SE - Chất lượng âm nhạc cực đỉnh \n\nĐối với nhu cầu đàm thoại, tai nghe này được trang bị tính năng giảm ồn AI hiện đại, giúp loại bỏ hầu hết các loại tạp âm của môi trường xung quanh, đảm bảo chất lượng giọng nói trong trẻo.\n\nÊm ái trong quá trình đeo\nNgay cả khi đeo liên tục, tai nghe chụp tai Edifier W800BT SE vẫn mang đến cảm giác đeo thoải mái với đệm tai mềm mại, thoáng khí. Trọng lượng của sản phẩm cũng chỉ rơi vào khoảng 242 gram, hoàn toàn không gây cảm giác nặng đầu trong quá trình sử dụng. \n\nTai nghe chụp tai Edifier W800BT SE - Chất lượng âm nhạc cực đỉnh \n\nNgoài ra headband của tai nghe cũng được làm từ kim loại chắc chắn mà vẫn đảm bảo sự linh hoạt khi đeo. Tai nghe Edifier W800BT SE sử dụng hệ thống điều khiển dạng nút bấm trên tai nghe, người dùng sẽ thoải mái chuyển bài, nhận cuộc gọi mà không cần phải thao tác trên điện thoại.\n\nKết nối cực linh hoạt với 2 phương thức\nMột trong các ưu điểm của tai nghe chụp tai Edifier W800BT SE phải kể đến dung lượng pin lên đến 45 giờ. Chỉ cần 15 phút sạc bạn đã có ngay 8 giờ sử dụng, vô cùng tiện lợi trong những lúc bận rộn. Đặc biệt đối với những người dùng yêu thích chơi game W800BT SE có độ trễ chỉ 0,06 giây cho phép bạn nhanh chóng theo dõi mọi diễn biến trong trò chơi.\n\nTai nghe chụp tai Edifier W800BT SE - Chất lượng âm nhạc cực đỉnh \n\nVới chuẩn Bluetooth 5.4 mới nhất hiện nay, chiếc tai nghe chụp tai Edifier W800BT SE cung cấp kết nối ổn định, độ trễ thấp trên nhiều thiết bị từ điện thoại đến laptop. Ngoài ra bạn cũng có thể sử dụng cổng kết nối USB-C để sử dụng trên PC khi cần thiết.',
        1, 'https://product.hstatic.net/200000722513/product/9f1768a854264548d739411deb022d4f_4284f532e3a941ef8167d99617c6b37e.png'
    );
INSERT INTO product_category (product_id, category_id) VALUES (24, 24);
INSERT INTO product_variant (
        product_id, name, seo_name, supplier_id, price, price_sale, quantity, sku, model, barcode, 
        specifications, description, warranty, image_url, release_at, created_by)
        VALUES ( 24, 'Tai nghe Edifier không dây W800BT SE Gray', 'tai-nghe-edifier-khong-day-w800bt-se-gray',
            1, 1200000, 850000, 10, 'TAI-EDIFIER-W800BT-SE-GRAY',
            'TAI-EDIFIER-W800BT-SE-GRAY', 'TAI-EDIFIER-W800BT-SE-GRAY',
            '{"Tên sản phẩm": "Tai nghe Edifier W800BT SE", "Màu sắc": "Xám", "Kiểu tai nghe": "Over-ear", "Công nghệ kết nối": "Không dây", "Chuẩn Bluetooth": "5.1", "Hỗ trợ codec": "SBC", "Kích thước Driver": "40mm", "Dải tần số": "20Hz - 20kHz", "Trở kháng": "32 Ohm", "Độ nhạy": "97 dB", "Thời lượng pin (nghe nhạc)": "30 giờ", "Dung lượng pin": "350 mAh", "Cổng sạc": "Micro USB", "Thời gian sạc": "3 giờ", "Trọng lượng": "210g", "Microphone": "Có", "Điều khiển": "Nút bấm trên tai nghe", "Kết nối có dây": "Có (jack 3.5mm)"}',
            'Tai nghe chụp tai Edifier W800BT SE - Chất lượng âm nhạc cực đỉnh \nSự kết hợp hoàn hảo giữa thiết kế đệm tai êm ái cùng công nghệ âm thanh đỉnh cao đã làm cho tai nghe chụp tai Edifier W800BT SE trở thành một sản phẩm đáng mua trong phân khúc giá rẻ. Bạn có thể trải nghiệm chơi game, nghe nhạc với chất lượng cao cùng kết nối ổn định liên tục trong nhiều giờ.\n\nChất âm hoàn hảo trên driver 40mm\nVới những dòng nhạc sôi động như EDM, rock âm bass trên tai nghe chụp tai Edifier W800BT SE hoàn toàn sẽ khiến bạn ấn tượng nhờ vào driver 40mm. Không chỉ tạo nên âm trầm đỉnh cao, Edifier W800BT SE còn thể hiện tốt ở những nốt cao trong các bản pop, ballad.\n\nTai nghe chụp tai Edifier W800BT SE - Chất lượng âm nhạc cực đỉnh \n\nĐối với nhu cầu đàm thoại, tai nghe này được trang bị tính năng giảm ồn AI hiện đại, giúp loại bỏ hầu hết các loại tạp âm của môi trường xung quanh, đảm bảo chất lượng giọng nói trong trẻo.\n\nÊm ái trong quá trình đeo\nNgay cả khi đeo liên tục, tai nghe chụp tai Edifier W800BT SE vẫn mang đến cảm giác đeo thoải mái với đệm tai mềm mại, thoáng khí. Trọng lượng của sản phẩm cũng chỉ rơi vào khoảng 242 gram, hoàn toàn không gây cảm giác nặng đầu trong quá trình sử dụng. \n\nTai nghe chụp tai Edifier W800BT SE - Chất lượng âm nhạc cực đỉnh \n\nNgoài ra headband của tai nghe cũng được làm từ kim loại chắc chắn mà vẫn đảm bảo sự linh hoạt khi đeo. Tai nghe Edifier W800BT SE sử dụng hệ thống điều khiển dạng nút bấm trên tai nghe, người dùng sẽ thoải mái chuyển bài, nhận cuộc gọi mà không cần phải thao tác trên điện thoại.\n\nKết nối cực linh hoạt với 2 phương thức\nMột trong các ưu điểm của tai nghe chụp tai Edifier W800BT SE phải kể đến dung lượng pin lên đến 45 giờ. Chỉ cần 15 phút sạc bạn đã có ngay 8 giờ sử dụng, vô cùng tiện lợi trong những lúc bận rộn. Đặc biệt đối với những người dùng yêu thích chơi game W800BT SE có độ trễ chỉ 0,06 giây cho phép bạn nhanh chóng theo dõi mọi diễn biến trong trò chơi.\n\nTai nghe chụp tai Edifier W800BT SE - Chất lượng âm nhạc cực đỉnh \n\nVới chuẩn Bluetooth 5.4 mới nhất hiện nay, chiếc tai nghe chụp tai Edifier W800BT SE cung cấp kết nối ổn định, độ trễ thấp trên nhiều thiết bị từ điện thoại đến laptop. Ngoài ra bạn cũng có thể sử dụng cổng kết nối USB-C để sử dụng trên PC khi cần thiết.',
            12, 'https://product.hstatic.net/200000722513/product/9f1768a854264548d739411deb022d4f_4284f532e3a941ef8167d99617c6b37e.png', '2025-03-06T02:59:27+00:00',1);
        
INSERT INTO product_image (name, product_variant_id, image_url, is_main)
VALUES
    ('Ảnh 1', 24, 'https://product.hstatic.net/200000722513/product/9f1768a854264548d739411deb022d4f_4284f532e3a941ef8167d99617c6b37e.png', TRUE),
    ('Ảnh 2', 24, 'https://product.hstatic.net/200000722513/product/05ae2b48b8435308bee588b39682e7ab_a931f78c489c406e9e89203147307304.png', FALSE),
    ('Ảnh 3', 24, 'https://product.hstatic.net/200000722513/product/60d2169c806fb5da6d0775f0b401cf6c_73f3131d6d8a4869a35655016822ab71.png', FALSE),
    ('Ảnh 4', 24, 'https://product.hstatic.net/200000722513/product/855596e30e620f0c1e09ca4e95fa4ed1_5cc4e1b53e1b4c41829a613b00139875.png', FALSE),
    ('Ảnh 5', 24, 'https://product.hstatic.net/200000722513/product/7ce73ea4658753288e4914a4e7536c33_676c862cadd34398b58fd011dbc5d304.png', FALSE),
    ('Ảnh 6', 24, 'https://product.hstatic.net/200000722513/product/87e86f2e201240afa45fc5a7cc405727_376d4b6b14584eaebd618589c345e81a.png', FALSE);
---
INSERT INTO product (name, seo_name, brand_id, specifications, description, created_by, image_url) 
    VALUES (
        'Tai nghe DareU EH722X Pro Black', 'tai-nghe-dareu-eh722x-pro-black', 25,
        '{"Loại tai nghe": "Có dây", "Thiết kế": "Chụp tai", "Jack cắm/Cổng sạc": "USB", "Kết nối cùng lúc": "1 thiết bị", "Tiện ích/Tính năng": "Flying Wings Headband, Tai nghe Over Ear - RGB, Driver 50mm, Sound Solution BBH621, Sampling Rate 96KHz, Bitrate 24-bit, Hiệu ứng giả lập 7.1", "Điều khiển": "Phím nhấn", "Mô tả khác": "Dây dài 2.0 m"}',
        'DareU EH722X Pro Black không chỉ là một chiếc tai nghe, mà là cánh cửa dẫn bạn vào thế giới âm thanh sống động và chân thực của mọi trận chiến. Được thiết kế dành riêng cho game thủ chuyên nghiệp và những người yêu thích trải nghiệm âm thanh đỉnh cao, EH722X Pro Black sở hữu chất âm vòm 7.1 mạnh mẽ, giúp bạn dễ dàng định vị đối thủ, cảm nhận từng bước chân, tiếng súng và hiệu ứng môi trường một cách rõ nét đến kinh ngạc.\n\nThoải mái là ưu tiên hàng đầu với đệm tai nghe siêu mềm mại, ôm trọn vành tai, cùng headband có thể điều chỉnh linh hoạt, đảm bảo bạn có thể đắm chìm trong hàng giờ chơi game mà không cảm thấy khó chịu. Thiết kế màu đen tuyền sang trọng, kết hợp với đèn LED RGB độc đáo, biến EH722X Pro Black thành một điểm nhấn ấn tượng cho góc gaming của bạn.\n\nMicrophone tích hợp công nghệ chống ồn, mang lại khả năng giao tiếp rõ ràng, mạch lạc với đồng đội, giúp mọi chiến thuật được triển khai một cách hoàn hảo. Với độ bền vượt trội và khả năng tương thích rộng rãi, DareU EH722X Pro Black chính là người bạn đồng hành không thể thiếu, giúp bạn chinh phục mọi thử thách và giành chiến thắng vinh quang.',
        1, 'https://product.hstatic.net/200000722513/product/_0005___mic_0000_6a7c60b4d2a94c1_f44075d8080b4bc4869f4e32826e3373.png'
    );
INSERT INTO product_category (product_id, category_id) VALUES (25, 24);
INSERT INTO product_variant (
        product_id, name, seo_name, supplier_id, price, price_sale, quantity, sku, model, barcode, 
        specifications, description, warranty, image_url, release_at, created_by)
        VALUES ( 25, 'Tai nghe DareU EH722X Pro Black', 'tai-nghe-dareu-eh722x-pro-black',
            1, 790000, 690000, 10, 'TAI-DAR-EH722X-PRO-BLACK',
            'TAI-DAR-EH722X-PRO-BLACK', 'TAI-DAR-EH722X-PRO-BLACK',
            '{"Loại tai nghe": "Có dây", "Thiết kế": "Chụp tai", "Jack cắm/Cổng sạc": "USB", "Kết nối cùng lúc": "1 thiết bị", "Tiện ích/Tính năng": "Flying Wings Headband, Tai nghe Over Ear - RGB, Driver 50mm, Sound Solution BBH621, Sampling Rate 96KHz, Bitrate 24-bit, Hiệu ứng giả lập 7.1", "Điều khiển": "Phím nhấn", "Mô tả khác": "Dây dài 2.0 m"}',
            'DareU EH722X Pro Black không chỉ là một chiếc tai nghe, mà là cánh cửa dẫn bạn vào thế giới âm thanh sống động và chân thực của mọi trận chiến. Được thiết kế dành riêng cho game thủ chuyên nghiệp và những người yêu thích trải nghiệm âm thanh đỉnh cao, EH722X Pro Black sở hữu chất âm vòm 7.1 mạnh mẽ, giúp bạn dễ dàng định vị đối thủ, cảm nhận từng bước chân, tiếng súng và hiệu ứng môi trường một cách rõ nét đến kinh ngạc.\n\nThoải mái là ưu tiên hàng đầu với đệm tai nghe siêu mềm mại, ôm trọn vành tai, cùng headband có thể điều chỉnh linh hoạt, đảm bảo bạn có thể đắm chìm trong hàng giờ chơi game mà không cảm thấy khó chịu. Thiết kế màu đen tuyền sang trọng, kết hợp với đèn LED RGB độc đáo, biến EH722X Pro Black thành một điểm nhấn ấn tượng cho góc gaming của bạn.\n\nMicrophone tích hợp công nghệ chống ồn, mang lại khả năng giao tiếp rõ ràng, mạch lạc với đồng đội, giúp mọi chiến thuật được triển khai một cách hoàn hảo. Với độ bền vượt trội và khả năng tương thích rộng rãi, DareU EH722X Pro Black chính là người bạn đồng hành không thể thiếu, giúp bạn chinh phục mọi thử thách và giành chiến thắng vinh quang.',
            12, 'https://product.hstatic.net/200000722513/product/_0005___mic_0000_6a7c60b4d2a94c1_f44075d8080b4bc4869f4e32826e3373.png', '2025-02-25T10:18:56+00:00',1);
        
INSERT INTO product_image (name, product_variant_id, image_url, is_main)
VALUES
    ('Ảnh 1', 25, 'https://product.hstatic.net/200000722513/product/_0005___mic_0000_6a7c60b4d2a94c1_f44075d8080b4bc4869f4e32826e3373.png', TRUE),
    ('Ảnh 2', 25, 'https://product.hstatic.net/200000722513/product/_0004_eh7220000_e7c1035a3a9645af_eb5ec2846a7547818f48fc8e6f5ac649.png', FALSE),
    ('Ảnh 3', 25, 'https://product.hstatic.net/200000722513/product/_0003_eh7220000_fcb7781d78044f05_b93bf87dae22435ba7ec12543a6eed3e.png', FALSE),
    ('Ảnh 4', 25, 'https://product.hstatic.net/200000722513/product/_0001_eh7220000_3e5c0e3805224e2c_2ab988572e15457e9439bbf2ac491fbe.png', FALSE),
    ('Ảnh 5', 25, 'https://product.hstatic.net/200000722513/product/_0000_eh7220000_a14d9212cf2d4419_84fed958ff8f4e26b2d37e5330959529.png', FALSE);
---
INSERT INTO product (name, seo_name, brand_id, specifications, description, created_by, image_url) 
    VALUES (
        'Tai nghe Razer BlackShark V2 X (Xbox Licensed)', 'tai-nghe-razer-blackshark-v2-x-xbox-licensed', 15,
        '{"Tên sản phẩm": "Tai nghe Razer BlackShark V2 X (Xbox Licensed)", "Kiểu kết nối": "Có dây", "Giao diện kết nối": "Jack 3.5mm", "Tương thích": "Xbox, PC, Mac, PlayStation, Nintendo Switch, Thiết bị di động", "Kích thước Driver": "50 mm", "Loại Driver": "Razer TriForce", "Tần số phản hồi tai nghe": "12 Hz - 28 kHz", "Trở kháng tai nghe": "32 Ohm", "Độ nhạy tai nghe": "100 dBSPL/mW @ 1 kHz", "Kiểu Microphone": "Razer HyperClear Cardioid", "Tần số phản hồi Microphone": "100 Hz - 10 kHz", "Độ nhạy Microphone": "-42 ± 3 dB", "Khử ồn Microphone": "Không", "Chất liệu đệm tai": "Vải FlowKnit thoáng khí với mút hoạt tính", "Trọng lượng": "240 g", "Chiều dài cáp": "1.3 m", "Tính năng đặc biệt": "Khử ồn thụ động, Thiết kế nhẹ", "Màu sắc": "Đen"}',
        'Trải nghiệm âm thanh đỉnh cao và sự thoải mái tối thượng với Tai nghe Razer BlackShark V2 X (Xbox Licensed) – người bạn đồng hành không thể thiếu của mọi game thủ Xbox nghiêm túc. Được thiết kế đặc biệt để mang lại lợi thế cạnh tranh, chiếc tai nghe này sẽ biến đổi hoàn toàn trải nghiệm chơi game của bạn.\n\n**Âm Thanh Chuẩn Xác Đến Từng Chi Tiết:** Với màng loa Razer™ TriForce 50mm tiên tiến, BlackShark V2 X tái tạo âm thanh tách bạch rõ ràng giữa âm cao, âm trung và âm trầm. Điều này không chỉ mang lại tiếng bước chân kẻ địch sắc nét, tiếng súng bùng nổ mà còn giúp bạn đắm chìm hoàn toàn vào thế giới game với hiệu ứng âm thanh phong phú. Nhờ đó, bạn có thể dễ dàng xác định vị trí đối thủ và phản ứng nhanh hơn bao giờ hết.\n\n**Giao Tiếp Rõ Ràng, Mạch Lạc:** Micro Razer™ HyperClear Cardioid có khả năng thu giọng nói tuyệt vời, đồng thời loại bỏ tiếng ồn xung quanh một cách hiệu quả. Đảm bảo mọi mệnh lệnh, mọi cuộc trò chuyện với đồng đội đều được truyền tải rõ ràng, sắc nét, không bị gián đoạn bởi tạp âm.\n\n**Thoải Mái Bền Bỉ Cho Mọi Trận Đấu:** Được chế tạo từ đệm tai FlowKnit bọc mút hoạt tính siêu mềm và thoáng khí, BlackShark V2 X mang lại sự thoải mái vượt trội ngay cả trong những phiên chơi game marathon. Thiết kế siêu nhẹ giúp giảm áp lực lên đầu và tai, cho phép bạn tập trung hoàn toàn vào trận đấu mà không bị phân tâm bởi cảm giác khó chịu.\n\n**Tối Ưu Hóa Hoàn Hảo Với Xbox:** Với chứng nhận Xbox Licensed, bạn có thể tin tưởng vào khả năng tương thích liền mạch và hiệu suất tối ưu trên console của mình. Chỉ cần cắm vào cổng 3.5mm trên tay cầm Xbox, bạn đã sẵn sàng cho hành động. Ngoài ra, tai nghe còn tương thích rộng rãi với PC, PlayStation, Nintendo Switch và các thiết bị di động khác.\n\nHãy nâng tầm cuộc chơi của bạn với Tai nghe Razer BlackShark V2 X (Xbox Licensed) – sự kết hợp hoàn hảo giữa hiệu suất âm thanh chuyên nghiệp, sự thoải mái vượt trội và độ bền đáng tin cậy.',
        1, 'https://product.hstatic.net/200000722513/product/vn-tai-nghe-razer-blackshark-v2_c9dab8cb06954a9d95a107a2d1158d20.png'
    );
INSERT INTO product_category (product_id, category_id) VALUES (26, 24);
INSERT INTO product_variant (
        product_id, name, seo_name, supplier_id, price, price_sale, quantity, sku, model, barcode, 
        specifications, description, warranty, image_url, release_at, created_by)
        VALUES ( 26, 'Tai nghe Razer BlackShark V2 X (Xbox Licensed)', 'tai-nghe-razer-blackshark-v2-x-xbox-licensed',
            1, 1490000, 1490000, 10, 'TAI-RAZ-BLACK-SHARK-V2-X-XBOX',
            'TAI-RAZ-BLACK-SHARK-V2-X-XBOX', 'TAI-RAZ-BLACK-SHARK-V2-X-XBOX',
            '{"Tên sản phẩm": "Tai nghe Razer BlackShark V2 X (Xbox Licensed)", "Kiểu kết nối": "Có dây", "Giao diện kết nối": "Jack 3.5mm", "Tương thích": "Xbox, PC, Mac, PlayStation, Nintendo Switch, Thiết bị di động", "Kích thước Driver": "50 mm", "Loại Driver": "Razer TriForce", "Tần số phản hồi tai nghe": "12 Hz - 28 kHz", "Trở kháng tai nghe": "32 Ohm", "Độ nhạy tai nghe": "100 dBSPL/mW @ 1 kHz", "Kiểu Microphone": "Razer HyperClear Cardioid", "Tần số phản hồi Microphone": "100 Hz - 10 kHz", "Độ nhạy Microphone": "-42 ± 3 dB", "Khử ồn Microphone": "Không", "Chất liệu đệm tai": "Vải FlowKnit thoáng khí với mút hoạt tính", "Trọng lượng": "240 g", "Chiều dài cáp": "1.3 m", "Tính năng đặc biệt": "Khử ồn thụ động, Thiết kế nhẹ", "Màu sắc": "Đen"}',
            'Trải nghiệm âm thanh đỉnh cao và sự thoải mái tối thượng với Tai nghe Razer BlackShark V2 X (Xbox Licensed) – người bạn đồng hành không thể thiếu của mọi game thủ Xbox nghiêm túc. Được thiết kế đặc biệt để mang lại lợi thế cạnh tranh, chiếc tai nghe này sẽ biến đổi hoàn toàn trải nghiệm chơi game của bạn.\n\n**Âm Thanh Chuẩn Xác Đến Từng Chi Tiết:** Với màng loa Razer™ TriForce 50mm tiên tiến, BlackShark V2 X tái tạo âm thanh tách bạch rõ ràng giữa âm cao, âm trung và âm trầm. Điều này không chỉ mang lại tiếng bước chân kẻ địch sắc nét, tiếng súng bùng nổ mà còn giúp bạn đắm chìm hoàn toàn vào thế giới game với hiệu ứng âm thanh phong phú. Nhờ đó, bạn có thể dễ dàng xác định vị trí đối thủ và phản ứng nhanh hơn bao giờ hết.\n\n**Giao Tiếp Rõ Ràng, Mạch Lạc:** Micro Razer™ HyperClear Cardioid có khả năng thu giọng nói tuyệt vời, đồng thời loại bỏ tiếng ồn xung quanh một cách hiệu quả. Đảm bảo mọi mệnh lệnh, mọi cuộc trò chuyện với đồng đội đều được truyền tải rõ ràng, sắc nét, không bị gián đoạn bởi tạp âm.\n\n**Thoải Mái Bền Bỉ Cho Mọi Trận Đấu:** Được chế tạo từ đệm tai FlowKnit bọc mút hoạt tính siêu mềm và thoáng khí, BlackShark V2 X mang lại sự thoải mái vượt trội ngay cả trong những phiên chơi game marathon. Thiết kế siêu nhẹ giúp giảm áp lực lên đầu và tai, cho phép bạn tập trung hoàn toàn vào trận đấu mà không bị phân tâm bởi cảm giác khó chịu.\n\n**Tối Ưu Hóa Hoàn Hảo Với Xbox:** Với chứng nhận Xbox Licensed, bạn có thể tin tưởng vào khả năng tương thích liền mạch và hiệu suất tối ưu trên console của mình. Chỉ cần cắm vào cổng 3.5mm trên tay cầm Xbox, bạn đã sẵn sàng cho hành động. Ngoài ra, tai nghe còn tương thích rộng rãi với PC, PlayStation, Nintendo Switch và các thiết bị di động khác.\n\nHãy nâng tầm cuộc chơi của bạn với Tai nghe Razer BlackShark V2 X (Xbox Licensed) – sự kết hợp hoàn hảo giữa hiệu suất âm thanh chuyên nghiệp, sự thoải mái vượt trội và độ bền đáng tin cậy.',
            24, 'https://product.hstatic.net/200000722513/product/vn-tai-nghe-razer-blackshark-v2_c9dab8cb06954a9d95a107a2d1158d20.png', '2025-02-18T10:08:42+00:00',1);
        
INSERT INTO product_image (name, product_variant_id, image_url, is_main)
VALUES
    ('Ảnh 1', 26, 'https://product.hstatic.net/200000722513/product/vn-tai-nghe-razer-blackshark-v2_c9dab8cb06954a9d95a107a2d1158d20.png', TRUE),
    ('Ảnh 2', 26, 'https://product.hstatic.net/200000722513/product/tai-nghe-razer-blackshark-v2-x-4-photoroom_591af37c103d4474b2b9027af21d86e5.png', FALSE),
    ('Ảnh 3', 26, 'https://product.hstatic.net/200000722513/product/tai-nghe-razer-blackshark-v2-x-6-photoroom_a4949a01878e49fd99442a4b9d4c705d.png', FALSE),
    ('Ảnh 4', 26, 'https://product.hstatic.net/200000722513/product/tai-nghe-razer-blackshark-v2-x-3-photoroom_45e1153278b4417d85aff8f44ecb6e18.png', FALSE);
---
INSERT INTO product (name, seo_name, brand_id, specifications, description, created_by, image_url) 
    VALUES (
        'Tai nghe HP HYPERX Cloud Earbuds II Red', 'tai-nghe-hp-hyperx-cloud-earbuds-ii-red', 27,
        '{"Hãng": "HP HyperX", "Mẫu": "HP HYPERX Cloud Earbuds II Red", "Drivers": "14mm", "Dải tần số": "20-20000Hz", "Kết nối": "Jack 3.5mm", "Micro": "Đa hướng", "Tương thích": "PC, Nintendo, Steam Deck, Một số thiết bị di động", "Chất liệu đệm tai": "Cao su", "Trọng lượng": "19g"}',
        'Tai nghe HP HYPERX Cloud Earbuds II Red là một lựa chọn tuyệt vời cho game thủ và người dùng yêu cầu chất lượng âm thanh cao trên di động. Với thiết kế công thái học và ba kích cỡ đệm tai (S, M, L) đi kèm, sản phẩm mang lại sự thoải mái tối đa ngay cả khi sử dụng trong thời gian dài. Lớp vỏ bảo vệ cứng cáp giúp bạn dễ dàng cất giữ và mang theo tai nghe mọi lúc mọi nơi. Điểm nhấn đặc biệt nằm ở driver 14mm được tùy chỉnh, cho âm thanh sắc nét, âm bass mạnh mẽ và âm trung rõ ràng, giúp bạn nghe rõ từng chi tiết trong game, nhạc hay các cuộc gọi. Micro có thể tháo rời, linh hoạt với khả năng thu âm giọng nói rõ ràng, đảm bảo đồng đội nghe thấy bạn ngay cả trong môi trường ồn ào. Dây cáp dài 1.3 mét với jack cắm 3.5mm tiêu chuẩn, tương thích rộng rãi với nhiều thiết bị như điện thoại thông minh, máy tính bảng, PlayStation, Nintendo Switch và laptop. Phiên bản màu đỏ (Red) mang đến vẻ ngoài năng động, cá tính và nổi bật, thể hiện phong cách riêng của người dùng. Tóm lại, HyperX Cloud Earbuds II Red không chỉ là tai nghe mà còn là người bạn đồng hành đáng tin cậy cho mọi trải nghiệm âm thanh di động.',
        1, 'https://product.hstatic.net/200000722513/product/hinh_f79a47228bed4171bec6eed36db726c3_4dbc10328d744db680b62b38755bf952.gif'
    );
INSERT INTO product_category (product_id, category_id) VALUES (27, 24);
INSERT INTO product_variant (
        product_id, name, seo_name, supplier_id, price, price_sale, quantity, sku, model, barcode, 
        specifications, description, warranty, image_url, release_at, created_by)
        VALUES ( 27, 'Tai nghe HP HYPERX Cloud Earbuds II Red', 'tai-nghe-hp-hyperx-cloud-earbuds-ii-red',
            1, 1090000, 790000, 10, 'TAI-HP-HYPERX-CLOUD-EARBUDS-II-RED',
            'TAI-HP-HYPERX-CLOUD-EARBUDS-II-RED', 'TAI-HP-HYPERX-CLOUD-EARBUDS-II-RED',
            '{"Hãng": "HP HyperX", "Mẫu": "HP HYPERX Cloud Earbuds II Red", "Drivers": "14mm", "Dải tần số": "20-20000Hz", "Kết nối": "Jack 3.5mm", "Micro": "Đa hướng", "Tương thích": "PC, Nintendo, Steam Deck, Một số thiết bị di động", "Chất liệu đệm tai": "Cao su", "Trọng lượng": "19g"}',
            'Tai nghe HP HYPERX Cloud Earbuds II Red là một lựa chọn tuyệt vời cho game thủ và người dùng yêu cầu chất lượng âm thanh cao trên di động. Với thiết kế công thái học và ba kích cỡ đệm tai (S, M, L) đi kèm, sản phẩm mang lại sự thoải mái tối đa ngay cả khi sử dụng trong thời gian dài. Lớp vỏ bảo vệ cứng cáp giúp bạn dễ dàng cất giữ và mang theo tai nghe mọi lúc mọi nơi. Điểm nhấn đặc biệt nằm ở driver 14mm được tùy chỉnh, cho âm thanh sắc nét, âm bass mạnh mẽ và âm trung rõ ràng, giúp bạn nghe rõ từng chi tiết trong game, nhạc hay các cuộc gọi. Micro có thể tháo rời, linh hoạt với khả năng thu âm giọng nói rõ ràng, đảm bảo đồng đội nghe thấy bạn ngay cả trong môi trường ồn ào. Dây cáp dài 1.3 mét với jack cắm 3.5mm tiêu chuẩn, tương thích rộng rãi với nhiều thiết bị như điện thoại thông minh, máy tính bảng, PlayStation, Nintendo Switch và laptop. Phiên bản màu đỏ (Red) mang đến vẻ ngoài năng động, cá tính và nổi bật, thể hiện phong cách riêng của người dùng. Tóm lại, HyperX Cloud Earbuds II Red không chỉ là tai nghe mà còn là người bạn đồng hành đáng tin cậy cho mọi trải nghiệm âm thanh di động.',
            24, 'https://product.hstatic.net/200000722513/product/hinh_f79a47228bed4171bec6eed36db726c3_4dbc10328d744db680b62b38755bf952.gif', '2023-06-02T05:18:38+00:00',1);
        
INSERT INTO product_image (name, product_variant_id, image_url, is_main)
VALUES
    ('Ảnh 1', 27, 'https://product.hstatic.net/200000722513/product/hinh_f79a47228bed4171bec6eed36db726c3_4dbc10328d744db680b62b38755bf952.gif', TRUE),
    ('Ảnh 2', 27, 'https://product.hstatic.net/200000722513/product/hinh-1_7ddf456226d9462d9a6c2e7a8e779350_e3b10ded1f2547b78d226590be880028.gif', FALSE),
    ('Ảnh 3', 27, 'https://product.hstatic.net/200000722513/product/hinh-1-white_5df9b18095a24030bf6ec44bcd87b33c_4e667313621a486990c01cf73cafe73f.gif', FALSE),
    ('Ảnh 4', 27, 'https://product.hstatic.net/200000722513/product/hinh-2_73b283237d3948d4a29ca8526176b42c_1dd82c64a9544e17b9535a1cdf7c861a.gif', FALSE),
    ('Ảnh 5', 27, 'https://product.hstatic.net/200000722513/product/post-01_21ba6be8b68f40429212b49eb72afe72.jpg', FALSE),
    ('Ảnh 6', 27, 'https://product.hstatic.net/200000722513/product/post-02_32c345c063bb4053946a0c6b5cc081aa.jpg', FALSE),
    ('Ảnh 7', 27, 'https://product.hstatic.net/200000722513/product/post-03_0a811012e8a54aeeac9b96cb0cb695e3.jpg', FALSE),
    ('Ảnh 8', 27, 'https://product.hstatic.net/200000722513/product/post-10_9fd1e87283454d18853bec148b18e3b8.jpg', FALSE),
    ('Ảnh 9', 27, 'https://product.hstatic.net/200000722513/product/post-11_3850a0b9b2884df2bd57ac723c1ce74e.jpg', FALSE);
---
INSERT INTO product (name, seo_name, brand_id, specifications, description, created_by, image_url) 
    VALUES (
        'Tai nghe Asus ROG Cetra II Core', 'tai-nghe-asus-rog-cetra-ii-core', 3,
        '{"Thương hiệu": "Asus", "Model": "Tai nghe gaming in-ear ROG CETRA II CORE cổng 3.5mm", "Kết nối": "Jack 3.5mm", "Chiều dài cáp": "1.25 m", "Kích thước driver": "9.4mm", "Trở kháng": "32 ohm", "Dạng tín hiệu": "Microphone lắp trong: Đa hướng", "Phản hồi tần số": "20Hz - 40KHz", "Micro": "Đa hướng", "Trọng lượng": "18g", "Phụ kiện": "Bao đựng tai nghe, 3 đôi Ear fin, 3 đôi Ear tip, Mic splitter cable"}',
        'Tai nghe Asus ROG Cetra II Core mang lại chất lượng âm thanh hoàn hảo.\n\n**Tai nghe máy tính**\n\nAsus ROG Cetra II Core có trình điều khiển ASUS Essence được làm từ cao su silicone lỏng (LSR) mang đến chất lượng âm thanh trên cả tuyệt vời. Với việc tối ưu cho trải nghiệm gaming, mẫu tai nghe in-ear này cho phép bạn thưởng thức âm thanh chất lượng cao khi chơi game với nhiều nền tảng khác nhau, bao gồm khả năng tương thích với PlayStation ® 5, Xbox Series X / S, ROG Phone 5, điện thoại di động, PC, Mac và Nintendo Switch ™.\n\n**Driver ASUS Essence**\n\nCông nghệ driver ASUS Essence trên tai nghe Asus ROG Cetra II Core giúp tăng hiệu suất loa và giữ cho nó luôn ổn định trong quá trình sử dụng. Đặc biệt, âm trầm của game được thể hiện khá rõ, làm tăng trải nghiệm chơi game của bạn. Đây là điểm tạo nên sự khác biệt của Asus ROG Cetra II Core trong phân khúc tai nghe chơi game dưới 1 triệu.\n\n**Góc cầm lý tưởng để chơi game cầm tay**\n\nĐầu kết nối của ROG Cetra II Core đi kèm với đầu 90 độ giúp cáp tai nghe có dây vô cùng tiện lợi, không bị vướng trong quá trình sử dụng, loại bỏ sự khó chịu khi vừa đeo tai nghe vừa chơi game trên điện thoại di động.\n\n**Tai nghe Asus ROG Cetra II Core sở hữu thiết kế vỏ nhôm nhẹ, bền**\n\nVới việc sử dụng nhôm cao cấp vừa nhẹ, vừa đẹp và bền bỉ, mẫu tai nghe này có khả năng chịu lực rất tốt, chống trầy xước, không bị rỉ sét mà lại đảm bảo tính thẩm mỹ cao. Ear fins và Ear tips cũng được làm từ chất liệu LSR mềm mại và chống trơn trượt tốt.\n\n**Tiện dụng trong quá trình sử dụng**\n\nTai nghe Asus ROG Cetra II Core được bọc bởi một lớp kim loại mỏng. Các phím điều khiển cũng được thiết kế thân thiện với người sử dụng, đảm bảo các thao tác của bạn thực hiện dễ dàng hơn. Bạn hoàn toàn có thể ấn các phím như phát, tạm dừng và các nút âm lượng mà không sợ nhầm lẫn.\n\n**Khả năng tương thích cao**\n\nROG Cetra II Core có đầu nối 3,5 mm hỗ trợ nhiều loại thiết bị - bao gồm khả năng tương thích với ROG Phone 5, Nintendo Switch ™, PlayStation ® 5, Xbox One ™, Xbox Series X / S, điện thoại di động, PC và Mac - cho phép game thủ tận hưởng trải nghiệm âm thanh sống động trên nền tảng mà họ lựa chọn.',
        1, 'https://product.hstatic.net/200000722513/product/rog-cetra-ii-core-07_00ee357bf55a4cb7acab9c8a274c59ff.jpg'
    );
INSERT INTO product_category (product_id, category_id) VALUES (28, 24);
INSERT INTO product_variant (
        product_id, name, seo_name, supplier_id, price, price_sale, quantity, sku, model, barcode, 
        specifications, description, warranty, image_url, release_at, created_by)
        VALUES ( 28, 'Tai nghe Asus ROG Cetra II Core', 'tai-nghe-asus-rog-cetra-ii-core',
            1, 1090000, 890000, 10, 'TAI-ASU-ROG-CETRA-II-CORE',
            'TAI-ASU-ROG-CETRA-II-CORE', 'TAI-ASU-ROG-CETRA-II-CORE',
            '{"Thương hiệu": "Asus", "Model": "Tai nghe gaming in-ear ROG CETRA II CORE cổng 3.5mm", "Kết nối": "Jack 3.5mm", "Chiều dài cáp": "1.25 m", "Kích thước driver": "9.4mm", "Trở kháng": "32 ohm", "Dạng tín hiệu": "Microphone lắp trong: Đa hướng", "Phản hồi tần số": "20Hz - 40KHz", "Micro": "Đa hướng", "Trọng lượng": "18g", "Phụ kiện": "Bao đựng tai nghe, 3 đôi Ear fin, 3 đôi Ear tip, Mic splitter cable"}',
            'Tai nghe Asus ROG Cetra II Core mang lại chất lượng âm thanh hoàn hảo.\n\n**Tai nghe máy tính**\n\nAsus ROG Cetra II Core có trình điều khiển ASUS Essence được làm từ cao su silicone lỏng (LSR) mang đến chất lượng âm thanh trên cả tuyệt vời. Với việc tối ưu cho trải nghiệm gaming, mẫu tai nghe in-ear này cho phép bạn thưởng thức âm thanh chất lượng cao khi chơi game với nhiều nền tảng khác nhau, bao gồm khả năng tương thích với PlayStation ® 5, Xbox Series X / S, ROG Phone 5, điện thoại di động, PC, Mac và Nintendo Switch ™.\n\n**Driver ASUS Essence**\n\nCông nghệ driver ASUS Essence trên tai nghe Asus ROG Cetra II Core giúp tăng hiệu suất loa và giữ cho nó luôn ổn định trong quá trình sử dụng. Đặc biệt, âm trầm của game được thể hiện khá rõ, làm tăng trải nghiệm chơi game của bạn. Đây là điểm tạo nên sự khác biệt của Asus ROG Cetra II Core trong phân khúc tai nghe chơi game dưới 1 triệu.\n\n**Góc cầm lý tưởng để chơi game cầm tay**\n\nĐầu kết nối của ROG Cetra II Core đi kèm với đầu 90 độ giúp cáp tai nghe có dây vô cùng tiện lợi, không bị vướng trong quá trình sử dụng, loại bỏ sự khó chịu khi vừa đeo tai nghe vừa chơi game trên điện thoại di động.\n\n**Tai nghe Asus ROG Cetra II Core sở hữu thiết kế vỏ nhôm nhẹ, bền**\n\nVới việc sử dụng nhôm cao cấp vừa nhẹ, vừa đẹp và bền bỉ, mẫu tai nghe này có khả năng chịu lực rất tốt, chống trầy xước, không bị rỉ sét mà lại đảm bảo tính thẩm mỹ cao. Ear fins và Ear tips cũng được làm từ chất liệu LSR mềm mại và chống trơn trượt tốt.\n\n**Tiện dụng trong quá trình sử dụng**\n\nTai nghe Asus ROG Cetra II Core được bọc bởi một lớp kim loại mỏng. Các phím điều khiển cũng được thiết kế thân thiện với người sử dụng, đảm bảo các thao tác của bạn thực hiện dễ dàng hơn. Bạn hoàn toàn có thể ấn các phím như phát, tạm dừng và các nút âm lượng mà không sợ nhầm lẫn.\n\n**Khả năng tương thích cao**\n\nROG Cetra II Core có đầu nối 3,5 mm hỗ trợ nhiều loại thiết bị - bao gồm khả năng tương thích với ROG Phone 5, Nintendo Switch ™, PlayStation ® 5, Xbox One ™, Xbox Series X / S, điện thoại di động, PC và Mac - cho phép game thủ tận hưởng trải nghiệm âm thanh sống động trên nền tảng mà họ lựa chọn.',
            24, 'https://product.hstatic.net/200000722513/product/rog-cetra-ii-core-07_00ee357bf55a4cb7acab9c8a274c59ff.jpg', '2023-06-03T04:56:56+00:00',1);
        
INSERT INTO product_image (name, product_variant_id, image_url, is_main)
VALUES
    ('Ảnh 1', 28, 'https://product.hstatic.net/200000722513/product/rog-cetra-ii-core-07_00ee357bf55a4cb7acab9c8a274c59ff.jpg', TRUE),
    ('Ảnh 2', 28, 'https://product.hstatic.net/200000722513/product/rog-cetra-ii-core-03_72ce1a95f207491cba8fa94ecdf350c5.jpg', FALSE),
    ('Ảnh 3', 28, 'https://product.hstatic.net/200000722513/product/rog-cetra-ii-core-01_6f945600c74742de909c50d6ecfad240.jpg', FALSE),
    ('Ảnh 4', 28, 'https://product.hstatic.net/200000722513/product/rog-cetra-ii-core-06_7dc58572665e491ab1631d3c034aa949.jpg', FALSE),
    ('Ảnh 5', 28, 'https://product.hstatic.net/200000722513/product/rog-cetra-ii-core-08_4114807365cd4a27b3e3fda81ee98e42.jpg', FALSE),
    ('Ảnh 6', 28, 'https://product.hstatic.net/200000722513/product/rog-cetra-ii-core-04_30405711f8c7423f8c1beafc1beea23b.jpg', FALSE),
    ('Ảnh 7', 28, 'https://product.hstatic.net/200000722513/product/rog-cetra-ii-core-05_91461054be3d442e9b338aed4a4577a1.jpg', FALSE),
    ('Ảnh 8', 28, 'https://product.hstatic.net/200000722513/product/rog-cetra-ii-core-02_f3814f86163c403a9b625c27c4b391e9.jpg', FALSE),
    ('Ảnh 9', 28, 'https://product.hstatic.net/200000722513/product/post-12_b4d089ce00b94dc6b2bd4cb4b43a2343.jpg', FALSE),
    ('Ảnh 10', 28, 'https://product.hstatic.net/200000722513/product/post-02_2e52e02c0dcf424588486e0754699a91.jpg', FALSE),
    ('Ảnh 11', 28, 'https://product.hstatic.net/200000722513/product/post-04_f6461a08afaa4948b8bddad7acbe2db1.jpg', FALSE),
    ('Ảnh 12', 28, 'https://product.hstatic.net/200000722513/product/post-05_80b81d449999405b846abee4b0c6e0b5.jpg', FALSE),
    ('Ảnh 13', 28, 'https://product.hstatic.net/200000722513/product/post-06_6f04d6fc5736474b95b42764d8d1943d.jpg', FALSE),
    ('Ảnh 14', 28, 'https://product.hstatic.net/200000722513/product/post-07_433232e8deaf48a38544b58b96d573c4.jpg', FALSE);
---
INSERT INTO product (name, seo_name, brand_id, specifications, description, created_by, image_url) 
    VALUES (
        'Tai nghe Razer Kraken V3 X USB', 'tai-nghe-razer-kraken-v3-x-usb', 15,
        '{"Thương hiệu:": "Razer", "Model:": "Kraken V3 X USB", "Màu sắc:": "Đen", "Kết nối:": "Có dây", "Kiểu tai nghe": "Over-ear", "Kiểu kết nối:": "Có dây", "Đèn LED:": "RGB", "Chuẩn kết nối:": "USB", "Microphone:": "Có", "Dây:": "Dài 2m", "Trở kháng:": "32 Ω (1 kHz)", "Tần số:": "12 Hz - 28 kHz", "Khả năng cách âm:": "Có", "Chất liệu khung:": "Kim loại", "Chất liệu đệm tai nghe:": "Da", "Tương thích:": "PC/iOS/Laptop"}',
        'Tai nghe Razer Kraken V3 X USB là một lựa chọn tuyệt vời cho game thủ và người dùng yêu cầu chất lượng âm thanh cao. Với thiết kế công thái học, đệm tai bằng vải thoáng khí và phần đệm đầu mềm mại, Kraken V3 X mang đến sự thoải mái tối đa ngay cả trong những phiên chơi game hoặc làm việc kéo dài.\n\nDriver Razer TriForce 50mm độc quyền cho âm thanh sắc nét, mạnh mẽ với âm bass sâu, giúp bạn nghe rõ từng bước chân địch thủ hay cảm nhận trọn vẹn từng hiệu ứng trong game. Micro định hướng HyperClear Cardioid tiên tiến thu âm giọng nói rõ ràng, giảm thiểu tiếng ồn xung quanh, đảm bảo giao tiếp mượt mà với đồng đội.\n\nKết nối USB đơn giản, tương thích với nhiều nền tảng như PC, PlayStation, Nintendo Switch, mang đến sự linh hoạt. Hệ thống đèn Chroma RGB với 4 vùng chiếu sáng, cho phép tùy chỉnh hiệu ứng màu sắc sống động, thể hiện cá tính của bạn.\n\nVỏ ngoài bền bỉ, nhẹ nhàng, với trọng lượng chỉ 285g, không gây áp lực lên đầu. Điều chỉnh âm lượng và tắt tiếng micro dễ dàng ngay trên củ tai. Razer Kraken V3 X USB là sự kết hợp hoàn hảo giữa hiệu năng âm thanh, sự thoải mái và phong cách, là một khoản đầu tư xứng đáng cho trải nghiệm giải trí của bạn.',
        1, 'https://product.hstatic.net/200000722513/product/ezgif-3-2a102e266ba9_15326bef447c473eb07d61b0e843d206_5771f81db9cb441cbc3698ac0e24f888.png'
    );
INSERT INTO product_category (product_id, category_id) VALUES (29, 24);
INSERT INTO product_variant (
        product_id, name, seo_name, supplier_id, price, price_sale, quantity, sku, model, barcode, 
        specifications, description, warranty, image_url, release_at, created_by)
        VALUES ( 29, 'Tai nghe Razer Kraken V3 X USB', 'tai-nghe-razer-kraken-v3-x-usb',
            1, 1090000, 1250000, 10, 'TAI-RAZ-KRA-V3X-USB',
            'TAI-RAZ-KRA-V3X-USB', 'TAI-RAZ-KRA-V3X-USB',
            '{"Thương hiệu:": "Razer", "Model:": "Kraken V3 X USB", "Màu sắc:": "Đen", "Kết nối:": "Có dây", "Kiểu tai nghe": "Over-ear", "Kiểu kết nối:": "Có dây", "Đèn LED:": "RGB", "Chuẩn kết nối:": "USB", "Microphone:": "Có", "Dây:": "Dài 2m", "Trở kháng:": "32 Ω (1 kHz)", "Tần số:": "12 Hz - 28 kHz", "Khả năng cách âm:": "Có", "Chất liệu khung:": "Kim loại", "Chất liệu đệm tai nghe:": "Da", "Tương thích:": "PC/iOS/Laptop"}',
            'Tai nghe Razer Kraken V3 X USB là một lựa chọn tuyệt vời cho game thủ và người dùng yêu cầu chất lượng âm thanh cao. Với thiết kế công thái học, đệm tai bằng vải thoáng khí và phần đệm đầu mềm mại, Kraken V3 X mang đến sự thoải mái tối đa ngay cả trong những phiên chơi game hoặc làm việc kéo dài.\n\nDriver Razer TriForce 50mm độc quyền cho âm thanh sắc nét, mạnh mẽ với âm bass sâu, giúp bạn nghe rõ từng bước chân địch thủ hay cảm nhận trọn vẹn từng hiệu ứng trong game. Micro định hướng HyperClear Cardioid tiên tiến thu âm giọng nói rõ ràng, giảm thiểu tiếng ồn xung quanh, đảm bảo giao tiếp mượt mà với đồng đội.\n\nKết nối USB đơn giản, tương thích với nhiều nền tảng như PC, PlayStation, Nintendo Switch, mang đến sự linh hoạt. Hệ thống đèn Chroma RGB với 4 vùng chiếu sáng, cho phép tùy chỉnh hiệu ứng màu sắc sống động, thể hiện cá tính của bạn.\n\nVỏ ngoài bền bỉ, nhẹ nhàng, với trọng lượng chỉ 285g, không gây áp lực lên đầu. Điều chỉnh âm lượng và tắt tiếng micro dễ dàng ngay trên củ tai. Razer Kraken V3 X USB là sự kết hợp hoàn hảo giữa hiệu năng âm thanh, sự thoải mái và phong cách, là một khoản đầu tư xứng đáng cho trải nghiệm giải trí của bạn.',
            24, 'https://product.hstatic.net/200000722513/product/ezgif-3-2a102e266ba9_15326bef447c473eb07d61b0e843d206_5771f81db9cb441cbc3698ac0e24f888.png', '2023-06-03T04:57:21+00:00',1);
        
INSERT INTO product_image (name, product_variant_id, image_url, is_main)
VALUES
    ('Ảnh 1', 29, 'https://product.hstatic.net/200000722513/product/ezgif-3-2a102e266ba9_15326bef447c473eb07d61b0e843d206_5771f81db9cb441cbc3698ac0e24f888.png', TRUE),
    ('Ảnh 2', 29, 'https://product.hstatic.net/200000722513/product/71k1gnxfpyl._ac_sl1500__6673c20c210246aa8cb0cbf6cb304d01_58970c56188d476a878e01622b52575d.jpg', FALSE),
    ('Ảnh 3', 29, 'https://product.hstatic.net/200000722513/product/71empa-4oil._ac_sl1500__08b2209d030e443888780bca6fc3cbcb_6dd42ba60f7e4f9bb276b4f1dda3b855.jpg', FALSE),
    ('Ảnh 4', 29, 'https://product.hstatic.net/200000722513/product/71_hbttvdjl._ac_sl1500__221166d090044506b235b37f5e6b7e95_40a7980ee4d64a29b29ee2a53542400d.jpg', FALSE),
    ('Ảnh 5', 29, 'https://product.hstatic.net/200000722513/product/71np9xv_zkl._ac_sl1500__52b63209c6af436cb78ed72c906a3c4c_d9f8e89442e64abf95d50af81b862ea7.jpg', FALSE),
    ('Ảnh 6', 29, 'https://product.hstatic.net/200000722513/product/71ewz7_6qul._ac_sl1500__2340ca18bf0743f9a0e84d844c65ff5c_c899937062fe4e22aa7267fb78f9825e.jpg', FALSE),
    ('Ảnh 7', 29, 'https://product.hstatic.net/200000722513/product/71vdb13eral._ac_sl1500__3ff8e65db4344492a1d0992a6f47ff39_f3c63dda2ac04e049d9a871da3d1c990.jpg', FALSE);
---
INSERT INTO product (name, seo_name, brand_id, specifications, description, created_by, image_url) 
    VALUES (
        'Tai nghe Razer Kraken V4 X USB', 'tai-nghe-razer-kraken-v4-x-usb', 15,
        '{"Nhà sản xuất": "Razer", "Tình trạng": "Fullbox-100%", "Bảo hành": "24 tháng"}',
        'Tai nghe Razer Kraken X USB là một bước tiến vượt bậc trong trải nghiệm âm thanh gaming, mang đến sự kết hợp hoàn hảo giữa hiệu năng mạnh mẽ, thiết kế thoải mái và công nghệ tiên tiến. Với củ loa tùy chỉnh 40mm, Kraken X USB tái tạo âm thanh sắc nét, chi tiết, từ tiếng bước chân kẻ địch đến những vụ nổ hoành tráng, giúp bạn luôn chiếm ưu thế trong mọi trận chiến. Micro cardioid dạng gập tiên tiến được tối ưu hóa cho giọng nói, giảm thiểu tiếng ồn xung quanh, đảm bảo đồng đội luôn nghe rõ mệnh lệnh của bạn. Đệm tai bằng bọt hoạt tính dày và mềm mại, bọc ngoài lớp vải thoáng khí, mang lại cảm giác êm ái ngay cả khi đeo trong thời gian dài. Vòng đeo đầu nhẹ và có thể điều chỉnh, phân bổ trọng lượng đều, giảm áp lực lên đầu. Kết nối USB đơn giản, tương thích rộng rãi với PC, PlayStation và Nintendo Switch, mang đến sự tiện lợi tối đa. Hệ thống đèn LED RGB Chroma độc đáo trên củ tai thêm phần cá tính, tùy chỉnh theo sở thích của bạn qua phần mềm Razer Synapse. Razer Kraken X USB không chỉ là một chiếc tai nghe, mà là người bạn đồng hành đắc lực, nâng tầm mọi trải nghiệm giải trí của bạn.',
        1, 'https://product.hstatic.net/200000722513/product/kraken_v4_x__2024__render_02__1__3dcb108fe0fd4b69ae24fef347f2aa98.png'
    );
INSERT INTO product_category (product_id, category_id) VALUES (30, 24);
INSERT INTO product_variant (
        product_id, name, seo_name, supplier_id, price, price_sale, quantity, sku, model, barcode, 
        specifications, description, warranty, image_url, release_at, created_by)
        VALUES ( 30, 'Tai nghe Razer Kraken V4 X USB', 'tai-nghe-razer-kraken-v4-x-usb',
            1, 2990000, 2440000, 10, 'TAI-RAZER-KRAKEN-V4X-USB',
            'TAI-RAZER-KRAKEN-V4X-USB', 'TAI-RAZER-KRAKEN-V4X-USB',
            '{"Tên sản phẩm": "Razer Kraken V4 X", "Loại tai nghe": "Over-Ear", "Chuẩn kết nối": "Wired USB-C, Wired USB-A", "Kích thước củ loa": "40mm", "Công nghệ âm thanh": "7.1 Surround Sound", "Tần số đáp ứng": "20 Hz – 20 kHz", "Trở kháng": "32 Ω", "Độ nhạy": "96 dB", "Chất liệu đệm tai": "Vải thoáng khí với mút hoạt tính", "Chiều dài cáp": "1.8 m", "Hỗ trợ RGB": "Razer Chroma RGB", "Trọng lượng": "300 g"}',
            'Tai nghe Razer Kraken X USB là một bước tiến vượt bậc trong trải nghiệm âm thanh gaming, mang đến sự kết hợp hoàn hảo giữa hiệu năng mạnh mẽ, thiết kế thoải mái và công nghệ tiên tiến. Với củ loa tùy chỉnh 40mm, Kraken X USB tái tạo âm thanh sắc nét, chi tiết, từ tiếng bước chân kẻ địch đến những vụ nổ hoành tráng, giúp bạn luôn chiếm ưu thế trong mọi trận chiến. Micro cardioid dạng gập tiên tiến được tối ưu hóa cho giọng nói, giảm thiểu tiếng ồn xung quanh, đảm bảo đồng đội luôn nghe rõ mệnh lệnh của bạn. Đệm tai bằng bọt hoạt tính dày và mềm mại, bọc ngoài lớp vải thoáng khí, mang lại cảm giác êm ái ngay cả khi đeo trong thời gian dài. Vòng đeo đầu nhẹ và có thể điều chỉnh, phân bổ trọng lượng đều, giảm áp lực lên đầu. Kết nối USB đơn giản, tương thích rộng rãi với PC, PlayStation và Nintendo Switch, mang đến sự tiện lợi tối đa. Hệ thống đèn LED RGB Chroma độc đáo trên củ tai thêm phần cá tính, tùy chỉnh theo sở thích của bạn qua phần mềm Razer Synapse. Razer Kraken X USB không chỉ là một chiếc tai nghe, mà là người bạn đồng hành đắc lực, nâng tầm mọi trải nghiệm giải trí của bạn.',
            24, 'https://product.hstatic.net/200000722513/product/kraken_v4_x__2024__render_02__1__3dcb108fe0fd4b69ae24fef347f2aa98.png', '2024-10-23T08:32:48+00:00',1);
        
INSERT INTO product_image (name, product_variant_id, image_url, is_main)
VALUES
    ('Ảnh 1', 30, 'https://product.hstatic.net/200000722513/product/kraken_v4_x__2024__render_02__1__3dcb108fe0fd4b69ae24fef347f2aa98.png', TRUE),
    ('Ảnh 2', 30, 'https://product.hstatic.net/200000722513/product/kraken_v4_x__2024__render_04__1__52171c6b92624347999bd128c50b15dd.png', FALSE),
    ('Ảnh 3', 30, 'https://product.hstatic.net/200000722513/product/kraken_v4_x__2024__render_03__1__540f5305e39d4df0b971e0330894ec0d.png', FALSE),
    ('Ảnh 4', 30, 'https://product.hstatic.net/200000722513/product/kraken_v4_x__2024__render_06__1__a86eddafa53f4356b53ea3d9fd7129e2.png', FALSE),
    ('Ảnh 5', 30, 'https://product.hstatic.net/200000722513/product/kraken_v4_x__2024__render_05__1___1__2424cf4a85ad4329959e7d9271a3066e.png', FALSE),
    ('Ảnh 6', 30, 'https://product.hstatic.net/200000722513/product/kraken_v4_x__2024__render_07__1__e5b8969056934de4af71b7b751f1cb48.png', FALSE);
---
INSERT INTO product (name, seo_name, brand_id, specifications, description, created_by, image_url) 
    VALUES (
        'Tai nghe SteelSeries Arctis GameBuds Black', 'tai-nghe-steelseries-arctis-gamebuds-black', 18,
        '{"Màu sắc": "Đen", "Kiểu kết nối": "Không dây 2.4GHz & Bluetooth 5.2", "Tần số phản hồi (Tai nghe)": "20 - 20.000 Hz", "Độ nhạy (Tai nghe)": "100 dB SPL @ 1 kHz", "Trở kháng (Tai nghe)": "16 Ohm", "Kích thước driver": "6 mm", "Loại micro": "Đa hướng tích hợp", "Tần số phản hồi (Micro)": "100 - 10.000 Hz", "Độ nhạy (Micro)": "-38 dBV/Pa", "Thời lượng pin (Tai nghe)": "8 giờ", "Tổng thời lượng pin (Với hộp sạc)": "20 giờ", "Cổng sạc": "USB-C", "Phạm vi kết nối": "10 mét", "Tính năng đặc biệt": "Chế độ Game 2.4GHz độ trễ thấp, Dual Wireless, Kháng nước IPX4", "Tương thích": "PC, Mac, PlayStation, Nintendo Switch, Thiết bị di động"}',
        'Tai nghe SteelSeries Arctis GameBuds Black mang đến trải nghiệm âm thanh đỉnh cao cho game thủ, kết hợp sự thoải mái vượt trội với chất lượng âm thanh sống động. Thiết kế công thái học tinh tế, ôm sát tai, giúp bạn đeo trong thời gian dài mà không cảm thấy khó chịu. Củ loa neodymium 10mm được tinh chỉnh đặc biệt, tái tạo âm thanh chi tiết, rõ ràng, từ tiếng bước chân kẻ địch đến những bản nhạc nền game hùng tráng. Micro định hướng hai chiều tích hợp, có khả năng loại bỏ tiếng ồn xung quanh, đảm bảo giọng nói của bạn luôn rõ ràng và mạnh mẽ khi giao tiếp với đồng đội. Vỏ ngoài bằng nhựa cao cấp, bền bỉ, cùng màu đen huyền bí, tạo nên vẻ ngoài sang trọng và mạnh mẽ. Dây cáp bện chắc chắn, chống rối, với jack cắm 3.5mm phổ biến, tương thích với đa dạng thiết bị như PC, PlayStation, Xbox, Nintendo Switch, điện thoại di động và máy tính bảng. Tích hợp bộ điều khiển trên dây, cho phép bạn dễ dàng điều chỉnh âm lượng và tắt/mở micro một cách tiện lợi ngay trong trận đấu. Tai nghe SteelSeries Arctis GameBuds Black không chỉ là một phụ kiện chơi game, mà còn là công cụ đắc lực giúp bạn chinh phục mọi thử thách, đắm chìm hoàn toàn vào thế giới ảo và tận hưởng những giây phút giải trí đỉnh cao.',
        1, 'https://product.hstatic.net/200000722513/product/tai-nghe-steelseries-arctis-game__4__97ac4b29c010400480900330264bfa77.png'
    );
INSERT INTO product_category (product_id, category_id) VALUES (31, 24);
INSERT INTO product_variant (
        product_id, name, seo_name, supplier_id, price, price_sale, quantity, sku, model, barcode, 
        specifications, description, warranty, image_url, release_at, created_by)
        VALUES ( 31, 'Tai nghe SteelSeries Arctis GameBuds Black', 'tai-nghe-steelseries-arctis-gamebuds-black',
            1, 4990000, 4590000, 10, 'TAI-STEEL-ARCTIS-GAMEBUDS-BLACK',
            'TAI-STEEL-ARCTIS-GAMEBUDS-BLACK', 'TAI-STEEL-ARCTIS-GAMEBUDS-BLACK',
            '{"Màu sắc": "Đen", "Kiểu kết nối": "Không dây 2.4GHz & Bluetooth 5.2", "Tần số phản hồi (Tai nghe)": "20 - 20.000 Hz", "Độ nhạy (Tai nghe)": "100 dB SPL @ 1 kHz", "Trở kháng (Tai nghe)": "16 Ohm", "Kích thước driver": "6 mm", "Loại micro": "Đa hướng tích hợp", "Tần số phản hồi (Micro)": "100 - 10.000 Hz", "Độ nhạy (Micro)": "-38 dBV/Pa", "Thời lượng pin (Tai nghe)": "8 giờ", "Tổng thời lượng pin (Với hộp sạc)": "20 giờ", "Cổng sạc": "USB-C", "Phạm vi kết nối": "10 mét", "Tính năng đặc biệt": "Chế độ Game 2.4GHz độ trễ thấp, Dual Wireless, Kháng nước IPX4", "Tương thích": "PC, Mac, PlayStation, Nintendo Switch, Thiết bị di động"}',
            'Tai nghe SteelSeries Arctis GameBuds Black mang đến trải nghiệm âm thanh đỉnh cao cho game thủ, kết hợp sự thoải mái vượt trội với chất lượng âm thanh sống động. Thiết kế công thái học tinh tế, ôm sát tai, giúp bạn đeo trong thời gian dài mà không cảm thấy khó chịu. Củ loa neodymium 10mm được tinh chỉnh đặc biệt, tái tạo âm thanh chi tiết, rõ ràng, từ tiếng bước chân kẻ địch đến những bản nhạc nền game hùng tráng. Micro định hướng hai chiều tích hợp, có khả năng loại bỏ tiếng ồn xung quanh, đảm bảo giọng nói của bạn luôn rõ ràng và mạnh mẽ khi giao tiếp với đồng đội. Vỏ ngoài bằng nhựa cao cấp, bền bỉ, cùng màu đen huyền bí, tạo nên vẻ ngoài sang trọng và mạnh mẽ. Dây cáp bện chắc chắn, chống rối, với jack cắm 3.5mm phổ biến, tương thích với đa dạng thiết bị như PC, PlayStation, Xbox, Nintendo Switch, điện thoại di động và máy tính bảng. Tích hợp bộ điều khiển trên dây, cho phép bạn dễ dàng điều chỉnh âm lượng và tắt/mở micro một cách tiện lợi ngay trong trận đấu. Tai nghe SteelSeries Arctis GameBuds Black không chỉ là một phụ kiện chơi game, mà còn là công cụ đắc lực giúp bạn chinh phục mọi thử thách, đắm chìm hoàn toàn vào thế giới ảo và tận hưởng những giây phút giải trí đỉnh cao.',
            12, 'https://product.hstatic.net/200000722513/product/tai-nghe-steelseries-arctis-game__4__97ac4b29c010400480900330264bfa77.png', '2024-12-06T08:15:32+00:00',1);
        
INSERT INTO product_image (name, product_variant_id, image_url, is_main)
VALUES
    ('Ảnh 1', 31, 'https://product.hstatic.net/200000722513/product/tai-nghe-steelseries-arctis-game__4__97ac4b29c010400480900330264bfa77.png', TRUE),
    ('Ảnh 2', 31, 'https://product.hstatic.net/200000722513/product/tai-nghe-steelseries-arctis-game__5__b3a7ccf947554ddaad808c0fc5bf60a2.png', FALSE),
    ('Ảnh 3', 31, 'https://product.hstatic.net/200000722513/product/tai-nghe-steelseries-arctis-game__6__4063fd67cf9d475dbb308da5c42cfd69.png', FALSE),
    ('Ảnh 4', 31, 'https://product.hstatic.net/200000722513/product/tai-nghe-steelseries-arctis-game__7__2f3c39c0567b47e5b55d0b6d35ba96b4.png', FALSE);
---
INSERT INTO product (name, seo_name, brand_id, specifications, description, created_by, image_url) 
    VALUES (
        'Tai nghe SteelSeries Arctis GameBuds White', 'tai-nghe-steelseries-arctis-gamebuds-white', 18,
        '{"Tên sản phẩm": "Tai nghe SteelSeries Arctis GameBuds Trắng", "Thương hiệu": "SteelSeries", "Màu sắc": "Trắng", "Kiểu kết nối": "Không dây (Bluetooth 5.2)", "Kiểu tai nghe": "In-ear True Wireless", "Độ nhạy tai nghe": "99 dB SPL @ 1 kHz", "Trở kháng tai nghe": "16 Ohm", "Dải tần số tai nghe": "20 - 20.000 Hz", "Độ nhạy micro": "-38 dBV/Pa", "Kiểu micro": "Đa hướng", "Dải tần số micro": "100 - 6.500 Hz", "Tổng thời lượng pin (có hộp sạc)": "20 giờ", "Thời lượng pin tai nghe (một lần sạc)": "6 giờ", "Cổng sạc": "USB-C", "Tương thích": "PC, Mac, PlayStation, Nintendo Switch, Thiết bị di động", "Tính năng đặc biệt": "Chế độ Gaming 2.4 GHz, Chế độ Bluetooth, Chế độ nghe xuyên âm (Transparency Mode)", "Kháng nước/bụi": "IP54 (tai nghe)", "Chuẩn kết nối không dây": "Quantum 2.0 Wireless", "Loại codec Bluetooth": "LC3", "Phiên bản Bluetooth": "5.2"}',
        'SteelSeries là một thương hiệu tai nghe được đánh giá cao với nhiều sản phẩm chất lượng. Thời gian gần đây, SteelSeries Arctis GameBuds White, một chiếc tai nghe gaming true-wireless, đã ra mắt với thiết kế nhỏ gọn nhưng hiệu năng vô cùng mạnh mẽ. Cùng khám phá chi tiết về sản phẩm tai nghe đỉnh cao này.',
        1, 'https://product.hstatic.net/200000722513/product/tai-nghe-steelseries-arctis-game_8094a06452954b54a8bae1589d12dd3c.png'
    );
INSERT INTO product_category (product_id, category_id) VALUES (32, 24);
INSERT INTO product_variant (
        product_id, name, seo_name, supplier_id, price, price_sale, quantity, sku, model, barcode, 
        specifications, description, warranty, image_url, release_at, created_by)
        VALUES ( 32, 'Tai nghe SteelSeries Arctis GameBuds White', 'tai-nghe-steelseries-arctis-gamebuds-white',
            1, 4990000, 4590000, 10, 'TAI-STEEL-ARCTIS-GAMEBUDS-WHITE',
            'TAI-STEEL-ARCTIS-GAMEBUDS-WHITE', 'TAI-STEEL-ARCTIS-GAMEBUDS-WHITE',
            '{"Tên sản phẩm": "Tai nghe SteelSeries Arctis GameBuds Trắng", "Thương hiệu": "SteelSeries", "Màu sắc": "Trắng", "Kiểu kết nối": "Không dây (Bluetooth 5.2)", "Kiểu tai nghe": "In-ear True Wireless", "Độ nhạy tai nghe": "99 dB SPL @ 1 kHz", "Trở kháng tai nghe": "16 Ohm", "Dải tần số tai nghe": "20 - 20.000 Hz", "Độ nhạy micro": "-38 dBV/Pa", "Kiểu micro": "Đa hướng", "Dải tần số micro": "100 - 6.500 Hz", "Tổng thời lượng pin (có hộp sạc)": "20 giờ", "Thời lượng pin tai nghe (một lần sạc)": "6 giờ", "Cổng sạc": "USB-C", "Tương thích": "PC, Mac, PlayStation, Nintendo Switch, Thiết bị di động", "Tính năng đặc biệt": "Chế độ Gaming 2.4 GHz, Chế độ Bluetooth, Chế độ nghe xuyên âm (Transparency Mode)", "Kháng nước/bụi": "IP54 (tai nghe)", "Chuẩn kết nối không dây": "Quantum 2.0 Wireless", "Loại codec Bluetooth": "LC3", "Phiên bản Bluetooth": "5.2"}',
            'SteelSeries là một thương hiệu tai nghe được đánh giá cao với nhiều sản phẩm chất lượng. Thời gian gần đây, SteelSeries Arctis GameBuds White, một chiếc tai nghe gaming true-wireless, đã ra mắt với thiết kế nhỏ gọn nhưng hiệu năng vô cùng mạnh mẽ. Cùng khám phá chi tiết về sản phẩm tai nghe đỉnh cao này.',
            12, 'https://product.hstatic.net/200000722513/product/tai-nghe-steelseries-arctis-game_8094a06452954b54a8bae1589d12dd3c.png', '2024-12-06T08:10:40+00:00',1);
        
INSERT INTO product_image (name, product_variant_id, image_url, is_main)
VALUES
    ('Ảnh 1', 32, 'https://product.hstatic.net/200000722513/product/tai-nghe-steelseries-arctis-game_8094a06452954b54a8bae1589d12dd3c.png', TRUE),
    ('Ảnh 2', 32, 'https://product.hstatic.net/200000722513/product/tai-nghe-steelseries-arctis-game__1__a9e68c418d044cf084fad3f646cd36eb.png', FALSE),
    ('Ảnh 3', 32, 'https://product.hstatic.net/200000722513/product/tai-nghe-steelseries-arctis-game__2__518a29cccf06435285fb30be0af34517.png', FALSE),
    ('Ảnh 4', 32, 'https://product.hstatic.net/200000722513/product/tai-nghe-steelseries-arctis-game__3__723ac3a84bef4fadbe4180f4e046b689.png', FALSE);
---
INSERT INTO product (name, seo_name, brand_id, specifications, description, created_by, image_url) 
    VALUES (
        'Tai nghe SteelSeries Arctis Nova 5 White', 'tai-nghe-steelseries-arctis-nova-5-white', 18,
        '{"Màu sắc": "Trắng", "Kết nối": "Không dây 2.4GHz (USB-C) & Bluetooth 5.3", "Tương thích": "PC, Mac, PlayStation, Nintendo Switch, Meta Quest, Mobile", "Kiểu tai nghe": "Chụp tai (Over-ear)", "Kích thước củ loa": "40 mm", "Tần số phản hồi tai nghe": "20 - 22.000 Hz", "Độ nhạy tai nghe": "93 dBSPL", "Trở kháng tai nghe": "36 Ohm", "Kiểu micro": "ClearCast Gen 2.X có thể thu gọn, đa hướng", "Tần số phản hồi micro": "100 - 10.000 Hz", "Độ nhạy micro": "-38 dBV/Pa", "Thời lượng pin": "Lên đến 60 giờ", "Trọng lượng": "262 g", "Chất liệu đệm tai": "Vải AirWeave thoáng khí", "Cổng sạc": "USB-C", "Tính năng đặc biệt": "Công nghệ không dây Quantum 2.0, chuyển đổi không dây nhanh chóng, ứng dụng di động Nova 5 Companion, hỗ trợ SteelSeries Sonar"}',
        'SteelSeries, nhà sản xuất dòng tai nghe Arctis đã giành được nhiều giải thưởng trong ngành công nghiệp game, nổi tiếng với chất lượng âm thanh xuất sắc, thiết kế thoải mái và tính năng đa dạng. Dòng tai nghe Arctis được các game thủ và chuyên gia đánh giá cao, nổi bật trong số đó là tai nghe SteelSeries Arctis Nova 5 Wireless. Nova 5 Wireless cùng ứng dụng đồng hành Nova 5 là lựa chọn lý tưởng cho các game thủ yêu cầu âm thanh chất lượng cao, kết nối đa nền tảng, khả năng tùy chỉnh linh hoạt và thời lượng pin ấn tượng.',
        1, 'https://product.hstatic.net/200000722513/product/tai-nghe-steelseries-arctis-nova_14f0288c65c74340b1f5a075b44cc677.png'
    );
INSERT INTO product_category (product_id, category_id) VALUES (33, 24);
INSERT INTO product_variant (
        product_id, name, seo_name, supplier_id, price, price_sale, quantity, sku, model, barcode, 
        specifications, description, warranty, image_url, release_at, created_by)
        VALUES ( 33, 'Tai nghe SteelSeries Arctis Nova 5 White', 'tai-nghe-steelseries-arctis-nova-5-white',
            1, 4290000, 3490000, 10, 'TAI-STEEL-ARCTIS-NOVA-5-WHITE',
            'TAI-STEEL-ARCTIS-NOVA-5-WHITE', 'TAI-STEEL-ARCTIS-NOVA-5-WHITE',
            '{"Màu sắc": "Trắng", "Kết nối": "Không dây 2.4GHz (USB-C) & Bluetooth 5.3", "Tương thích": "PC, Mac, PlayStation, Nintendo Switch, Meta Quest, Mobile", "Kiểu tai nghe": "Chụp tai (Over-ear)", "Kích thước củ loa": "40 mm", "Tần số phản hồi tai nghe": "20 - 22.000 Hz", "Độ nhạy tai nghe": "93 dBSPL", "Trở kháng tai nghe": "36 Ohm", "Kiểu micro": "ClearCast Gen 2.X có thể thu gọn, đa hướng", "Tần số phản hồi micro": "100 - 10.000 Hz", "Độ nhạy micro": "-38 dBV/Pa", "Thời lượng pin": "Lên đến 60 giờ", "Trọng lượng": "262 g", "Chất liệu đệm tai": "Vải AirWeave thoáng khí", "Cổng sạc": "USB-C", "Tính năng đặc biệt": "Công nghệ không dây Quantum 2.0, chuyển đổi không dây nhanh chóng, ứng dụng di động Nova 5 Companion, hỗ trợ SteelSeries Sonar"}',
            'SteelSeries, nhà sản xuất dòng tai nghe Arctis đã giành được nhiều giải thưởng trong ngành công nghiệp game, nổi tiếng với chất lượng âm thanh xuất sắc, thiết kế thoải mái và tính năng đa dạng. Dòng tai nghe Arctis được các game thủ và chuyên gia đánh giá cao, nổi bật trong số đó là tai nghe SteelSeries Arctis Nova 5 Wireless. Nova 5 Wireless cùng ứng dụng đồng hành Nova 5 là lựa chọn lý tưởng cho các game thủ yêu cầu âm thanh chất lượng cao, kết nối đa nền tảng, khả năng tùy chỉnh linh hoạt và thời lượng pin ấn tượng.',
            12, 'https://product.hstatic.net/200000722513/product/tai-nghe-steelseries-arctis-nova_14f0288c65c74340b1f5a075b44cc677.png', '2024-12-06T07:53:52+00:00',1);
        
INSERT INTO product_image (name, product_variant_id, image_url, is_main)
VALUES
    ('Ảnh 1', 33, 'https://product.hstatic.net/200000722513/product/tai-nghe-steelseries-arctis-nova_14f0288c65c74340b1f5a075b44cc677.png', TRUE),
    ('Ảnh 2', 33, 'https://product.hstatic.net/200000722513/product/tai-nghe-steelseries-arctis-nova__1__c88bf17f6527467b805bebe41b3ac85d.png', FALSE),
    ('Ảnh 3', 33, 'https://product.hstatic.net/200000722513/product/tai-nghe-steelseries-arctis-nova__2__ea72fb460aa043c898e8d429a54fe08f.png', FALSE);
---
INSERT INTO product (name, seo_name, brand_id, specifications, description, created_by, image_url) 
    VALUES (
        'Tai nghe Asus ROG Cetra II Core Moonlight', 'tai-nghe-asus-rog-cetra-ii-core-moonlight', 3,
        '{"Thương hiệu": "Asus", "Model": "Tai nghe Asus ROG Cetra II Core Moonlight", "Kết nối": "Jack 3.5mm", "Chiều dài cáp": "1,25 m", "Kích thước driver": "9.4mm", "Trở kháng": "32 ohm", "Dạng tín hiệu": "Microphone: Omni-directional", "Phản hồi tần số": "20Hz - 40KHz", "Trọng lượng": "18g", "Phụ kiện": "Hộp đựng, cáp chia audio/mic, 3 cặp vây tai (nhiều kích cỡ), 3 cặp nút tai silicon (nhiều kích cỡ), 1 cặp nút tai foam, Sách hướng dẫn nhanh"}',
        'Asus ROG Cetra II Core Moonlight không chỉ là một chiếc tai nghe, mà là tuyên ngôn phong cách và sức mạnh âm thanh. Với sắc trắng Moonlight độc đáo, thiết kế tinh tế và hiệu suất âm thanh vượt trội, chiếc tai nghe in-ear này được sinh ra để định nghĩa lại trải nghiệm gaming và giải trí của bạn.\n\nĐắm chìm vào thế giới game với chất âm sống động đến kinh ngạc. ROG Cetra II Core Moonlight được trang bị driver ASUS Essence độc quyền với nam châm Neodymium lỏng, mang lại dải âm trầm sâu lắng, mạnh mẽ cùng âm trung và cao trong trẻo, chi tiết. Mọi âm thanh từ tiếng bước chân đối thủ lén lút đến những pha cháy nổ hoành tráng đều được tái tạo chân thực, giúp bạn luôn dẫn trước trong mọi trận đấu.\n\nThiết kế công thái học vượt trội đảm bảo sự thoải mái tối đa ngay cả trong những phiên chơi game kéo dài. Vỏ ngoài bằng nhôm nhẹ và bền bỉ, kết hợp với các eartip và earfin silicone siêu mềm với nhiều kích cỡ, giúp tai nghe vừa vặn hoàn hảo, cách âm thụ động hiệu quả, cho phép bạn tập trung hoàn toàn vào trận chiến mà không bị xao nhãng.\n\nDây cáp bện chất lượng cao không chỉ tăng cường độ bền mà còn chống rối hiệu quả, trong khi cổng kết nối 3.5mm tiêu chuẩn mang lại khả năng tương thích đa nền tảng mạnh mẽ. Dù bạn chơi game trên PC, Mac, PlayStation, Xbox, Nintendo Switch hay thưởng thức âm nhạc trên thiết bị di động, ROG Cetra II Core Moonlight luôn sẵn sàng đồng hành cùng bạn. Microphone tích hợp đảm bảo giọng nói của bạn luôn rõ ràng, mạch lạc khi giao tiếp với đồng đội.\n\nHãy để Asus ROG Cetra II Core Moonlight là vũ khí bí mật giúp bạn thống trị mọi cuộc chơi và tận hưởng từng khoảnh khắc giải trí một cách trọn vẹn nhất.',
        1, 'https://product.hstatic.net/200000722513/product/10249_rog_cetra_ii_core_moonlight_white_2_33df49bdb12244509291cae8c0ecf5a6.jpg'
    );
INSERT INTO product_category (product_id, category_id) VALUES (34, 24);
INSERT INTO product_variant (
        product_id, name, seo_name, supplier_id, price, price_sale, quantity, sku, model, barcode, 
        specifications, description, warranty, image_url, release_at, created_by)
        VALUES ( 34, 'Tai nghe Asus ROG Cetra II Core Moonlight', 'tai-nghe-asus-rog-cetra-ii-core-moonlight',
            1, 990000, 890000, 10, 'TAI-ASUS-ROG-CETRA-II-CORE-ML',
            'TAI-ASUS-ROG-CETRA-II-CORE-ML', 'TAI-ASUS-ROG-CETRA-II-CORE-ML',
            '{"Thương hiệu": "Asus", "Model": "Tai nghe Asus ROG Cetra II Core Moonlight", "Kết nối": "Jack 3.5mm", "Chiều dài cáp": "1,25 m", "Kích thước driver": "9.4mm", "Trở kháng": "32 ohm", "Dạng tín hiệu": "Microphone: Omni-directional", "Phản hồi tần số": "20Hz - 40KHz", "Trọng lượng": "18g", "Phụ kiện": "Hộp đựng, cáp chia audio/mic, 3 cặp vây tai (nhiều kích cỡ), 3 cặp nút tai silicon (nhiều kích cỡ), 1 cặp nút tai foam, Sách hướng dẫn nhanh"}',
            'Asus ROG Cetra II Core Moonlight không chỉ là một chiếc tai nghe, mà là tuyên ngôn phong cách và sức mạnh âm thanh. Với sắc trắng Moonlight độc đáo, thiết kế tinh tế và hiệu suất âm thanh vượt trội, chiếc tai nghe in-ear này được sinh ra để định nghĩa lại trải nghiệm gaming và giải trí của bạn.\n\nĐắm chìm vào thế giới game với chất âm sống động đến kinh ngạc. ROG Cetra II Core Moonlight được trang bị driver ASUS Essence độc quyền với nam châm Neodymium lỏng, mang lại dải âm trầm sâu lắng, mạnh mẽ cùng âm trung và cao trong trẻo, chi tiết. Mọi âm thanh từ tiếng bước chân đối thủ lén lút đến những pha cháy nổ hoành tráng đều được tái tạo chân thực, giúp bạn luôn dẫn trước trong mọi trận đấu.\n\nThiết kế công thái học vượt trội đảm bảo sự thoải mái tối đa ngay cả trong những phiên chơi game kéo dài. Vỏ ngoài bằng nhôm nhẹ và bền bỉ, kết hợp với các eartip và earfin silicone siêu mềm với nhiều kích cỡ, giúp tai nghe vừa vặn hoàn hảo, cách âm thụ động hiệu quả, cho phép bạn tập trung hoàn toàn vào trận chiến mà không bị xao nhãng.\n\nDây cáp bện chất lượng cao không chỉ tăng cường độ bền mà còn chống rối hiệu quả, trong khi cổng kết nối 3.5mm tiêu chuẩn mang lại khả năng tương thích đa nền tảng mạnh mẽ. Dù bạn chơi game trên PC, Mac, PlayStation, Xbox, Nintendo Switch hay thưởng thức âm nhạc trên thiết bị di động, ROG Cetra II Core Moonlight luôn sẵn sàng đồng hành cùng bạn. Microphone tích hợp đảm bảo giọng nói của bạn luôn rõ ràng, mạch lạc khi giao tiếp với đồng đội.\n\nHãy để Asus ROG Cetra II Core Moonlight là vũ khí bí mật giúp bạn thống trị mọi cuộc chơi và tận hưởng từng khoảnh khắc giải trí một cách trọn vẹn nhất.',
            24, 'https://product.hstatic.net/200000722513/product/10249_rog_cetra_ii_core_moonlight_white_2_33df49bdb12244509291cae8c0ecf5a6.jpg', '2023-08-07T07:35:30+00:00',1);
        
INSERT INTO product_image (name, product_variant_id, image_url, is_main)
VALUES
    ('Ảnh 1', 34, 'https://product.hstatic.net/200000722513/product/10249_rog_cetra_ii_core_moonlight_white_2_33df49bdb12244509291cae8c0ecf5a6.jpg', TRUE),
    ('Ảnh 2', 34, 'https://product.hstatic.net/200000722513/product/product-scene_16b1fc2e4a0143a0a30fac6210905d39.jpg', FALSE),
    ('Ảnh 3', 34, 'https://product.hstatic.net/200000722513/product/10249_rog_cetra_ii_core_moonlight_white_1_13cb996d67b5443bb66bc4a6ae9339b7.jpg', FALSE),
    ('Ảnh 4', 34, 'https://product.hstatic.net/200000722513/product/thitkthngminh_73d178efb99f49079d66198a21ca05dd.jpg', FALSE),
    ('Ảnh 5', 34, 'https://product.hstatic.net/200000722513/product/hero-m_d141682d584f468ab162ec5a871cd57c.jpg', FALSE),
    ('Ảnh 6', 34, 'https://product.hstatic.net/200000722513/product/thitkchigamecmtay_2634530265c444e98c4a3e298b063532.jpg', FALSE);
---
INSERT INTO product (name, seo_name, brand_id, specifications, description, created_by, image_url) 
    VALUES (
        'Tai nghe Asus ROG Cetra True Wireless', 'tai-nghe-asus-rog-cetra-true-wireless', 3,
        '{"Công nghệ âm thanh": "Chống ồn chủ động, Tuỳ chỉnh EQ/âm thanh 7.1", "Micro": "Có", "Tính năng": "Chống ồn, Điều khiển giọng nói, Có mic đàm thoại, Sạc không dây", "Bluetooth": "5.0", "Ứng dụng kết nối": "Armoury Crate", "Dung lượng pin": "Tai nghe: 5.5 giờ, Hộp sạc: 21.5 giờ", "Cổng sạc": "USB-C, Sạc không dây", "Phương thức điều khiển": "Cảm ứng chạm", "Thao tác điều khiển": "Chuyển bài, Điều chỉnh âm lượng, Trả lời cuộc gọi, Kích hoạt trợ lý giọng nói, Chuyển đổi giữa các chế độ khác nhau", "Tính năng khác": "Sạc nhanh", "Trọng lượng": "Tai nghe: 5 g, Hộp sạc: 42 g", "Phạm vi kết nối": "10 m", "Hãng sản xuất": "ASUS"}',
        'Tai nghe Asus ROG Cetra True Wireless mang đến trải nghiệm âm thanh đỉnh cao, kết hợp công nghệ chống ồn chủ động (ANC) tiên tiến để bạn đắm chìm hoàn toàn vào thế giới âm nhạc, game hoặc podcast yêu thích mà không bị làm phiền bởi tiếng ồn xung quanh. Với driver âm thanh 10mm Neodymium, ROG Cetra True Wireless tái tạo âm thanh sống động, mạnh mẽ và chi tiết, đặc biệt là dải bass sâu lắng và âm treble trong trẻo. Thiết kế công thái học cùng với 3 kích cỡ đệm tai (S, M, L) đi kèm đảm bảo sự thoải mái tối đa khi đeo trong thời gian dài, đồng thời mang lại khả năng cách âm thụ động hiệu quả. Kết nối Bluetooth 5.0 siêu nhanh và ổn định giúp giảm thiểu độ trễ, cực kỳ quan trọng cho game thủ và những người thường xuyên xem video. Thời lượng pin ấn tượng lên đến 25,5 giờ (với hộp sạc) cho phép bạn sử dụng cả ngày mà không lo hết pin. Hộp sạc nhỏ gọn, hỗ trợ sạc nhanh và sạc không dây chuẩn Qi, mang lại sự tiện lợi tối đa. Tích hợp micro kép với công nghệ khử ồn AI giúp giọng nói của bạn luôn rõ ràng khi đàm thoại, ngay cả trong môi trường ồn ào. Ứng dụng Armory Crate cho phép tùy chỉnh EQ, cài đặt ANC, cập nhật firmware và cá nhân hóa trải nghiệm nghe theo sở thích riêng. Khả năng kháng nước IPX4 giúp tai nghe bền bỉ hơn trước mồ hôi và những cơn mưa nhỏ. Tai nghe Asus ROG Cetra True Wireless không chỉ là một thiết bị âm thanh, mà còn là người bạn đồng hành lý tưởng cho mọi hoạt động của bạn.',
        1, 'https://product.hstatic.net/200000722513/product/asus-rog-cetra-true-wireless-02_acded5b0105145d6beeb8762178ddd94.jpg'
    );
INSERT INTO product_category (product_id, category_id) VALUES (35, 24);
INSERT INTO product_variant (
        product_id, name, seo_name, supplier_id, price, price_sale, quantity, sku, model, barcode, 
        specifications, description, warranty, image_url, release_at, created_by)
        VALUES ( 35, 'Tai nghe Asus ROG Cetra True Wireless', 'tai-nghe-asus-rog-cetra-true-wireless',
            1, 2290000, 1750000, 10, 'TN-ASUS-ROG-CETRA-TRUE-WL',
            'TN-ASUS-ROG-CETRA-TRUE-WL', 'TN-ASUS-ROG-CETRA-TRUE-WL',
            '{"Công nghệ âm thanh": "Chống ồn chủ động, Tuỳ chỉnh EQ/âm thanh 7.1", "Micro": "Có", "Tính năng": "Chống ồn, Điều khiển giọng nói, Có mic đàm thoại, Sạc không dây", "Bluetooth": "5.0", "Ứng dụng kết nối": "Armoury Crate", "Dung lượng pin": "Tai nghe: 5.5 giờ, Hộp sạc: 21.5 giờ", "Cổng sạc": "USB-C, Sạc không dây", "Phương thức điều khiển": "Cảm ứng chạm", "Thao tác điều khiển": "Chuyển bài, Điều chỉnh âm lượng, Trả lời cuộc gọi, Kích hoạt trợ lý giọng nói, Chuyển đổi giữa các chế độ khác nhau", "Tính năng khác": "Sạc nhanh", "Trọng lượng": "Tai nghe: 5 g, Hộp sạc: 42 g", "Phạm vi kết nối": "10 m", "Hãng sản xuất": "ASUS"}',
            'Tai nghe Asus ROG Cetra True Wireless mang đến trải nghiệm âm thanh đỉnh cao, kết hợp công nghệ chống ồn chủ động (ANC) tiên tiến để bạn đắm chìm hoàn toàn vào thế giới âm nhạc, game hoặc podcast yêu thích mà không bị làm phiền bởi tiếng ồn xung quanh. Với driver âm thanh 10mm Neodymium, ROG Cetra True Wireless tái tạo âm thanh sống động, mạnh mẽ và chi tiết, đặc biệt là dải bass sâu lắng và âm treble trong trẻo. Thiết kế công thái học cùng với 3 kích cỡ đệm tai (S, M, L) đi kèm đảm bảo sự thoải mái tối đa khi đeo trong thời gian dài, đồng thời mang lại khả năng cách âm thụ động hiệu quả. Kết nối Bluetooth 5.0 siêu nhanh và ổn định giúp giảm thiểu độ trễ, cực kỳ quan trọng cho game thủ và những người thường xuyên xem video. Thời lượng pin ấn tượng lên đến 25,5 giờ (với hộp sạc) cho phép bạn sử dụng cả ngày mà không lo hết pin. Hộp sạc nhỏ gọn, hỗ trợ sạc nhanh và sạc không dây chuẩn Qi, mang lại sự tiện lợi tối đa. Tích hợp micro kép với công nghệ khử ồn AI giúp giọng nói của bạn luôn rõ ràng khi đàm thoại, ngay cả trong môi trường ồn ào. Ứng dụng Armory Crate cho phép tùy chỉnh EQ, cài đặt ANC, cập nhật firmware và cá nhân hóa trải nghiệm nghe theo sở thích riêng. Khả năng kháng nước IPX4 giúp tai nghe bền bỉ hơn trước mồ hôi và những cơn mưa nhỏ. Tai nghe Asus ROG Cetra True Wireless không chỉ là một thiết bị âm thanh, mà còn là người bạn đồng hành lý tưởng cho mọi hoạt động của bạn.',
            24, 'https://product.hstatic.net/200000722513/product/asus-rog-cetra-true-wireless-02_acded5b0105145d6beeb8762178ddd94.jpg', '2023-06-02T16:18:28+00:00',1);
        
INSERT INTO product_image (name, product_variant_id, image_url, is_main)
VALUES
    ('Ảnh 1', 35, 'https://product.hstatic.net/200000722513/product/asus-rog-cetra-true-wireless-02_acded5b0105145d6beeb8762178ddd94.jpg', TRUE),
    ('Ảnh 2', 35, 'https://product.hstatic.net/200000722513/product/asus-rog-cetra-true-wireless-01_c97c35507af946e7b74500e89dd6565f.jpg', FALSE),
    ('Ảnh 3', 35, 'https://product.hstatic.net/200000722513/product/asus-rog-cetra-true-wireless-04_bfb893e7c86140a6ae5ec7e724960617.jpg', FALSE),
    ('Ảnh 4', 35, 'https://product.hstatic.net/200000722513/product/asus-rog-cetra-true-wireless-05_ad202757a9734502af0fb4a73a3af6b0.jpg', FALSE),
    ('Ảnh 5', 35, 'https://product.hstatic.net/200000722513/product/asus-rog-cetra-true-wireless-10_4ce681607ff54530aac5b50b9a8bbddc.jpg', FALSE),
    ('Ảnh 6', 35, 'https://product.hstatic.net/200000722513/product/asus-rog-cetra-true-wireless-08_7ba99ad9a69a4140bd233dcb67b53109.jpg', FALSE),
    ('Ảnh 7', 35, 'https://product.hstatic.net/200000722513/product/asus-rog-cetra-true-wireless-09_f5b90b2a445d47029e61e5ff197d7a59.jpg', FALSE),
    ('Ảnh 8', 35, 'https://product.hstatic.net/200000722513/product/asus-rog-cetra-true-wireless-07_45080eb1706441108995d7858e2a8512.jpg', FALSE),
    ('Ảnh 9', 35, 'https://product.hstatic.net/200000722513/product/asus-rog-cetra-true-wireless-06_117fdbe3f5f448428eb392e4675a85db.jpg', FALSE),
    ('Ảnh 10', 35, 'https://product.hstatic.net/200000722513/product/asus-rog-cetra-true-wireless-03_65dbb8c4bd6d44bf86d8ecc53ae70891.jpg', FALSE);
---
INSERT INTO product (name, seo_name, brand_id, specifications, description, created_by, image_url) 
    VALUES (
        'Tai nghe Gaming Cooler Master CH331 USB', 'tai-nghe-gaming-cooler-master-ch331-usb', 31,
        '{"Tên sản phẩm": "Tai nghe Gaming Cooler Master CH331 USB", "Kích thước driver tai nghe": "50mm", "Tần số đáp ứng tai nghe": "20-20.000 Hz", "Trở kháng tai nghe": "16 Ohms", "Độ nhạy tai nghe": "102 dB ± 3 dB", "Loại microphone": "Đa hướng", "Tần số đáp ứng microphone": "100-8.000 Hz", "Độ nhạy microphone": "-42 dB ± 3 dB", "Kiểu kết nối": "USB Type A", "Độ dài cáp": "2.2 m", "Trọng lượng": "371 g", "Đèn nền": "RGB", "Âm thanh vòm": "7.1 Virtual Surround Sound", "Chất liệu đệm tai": "Da PU", "Chất liệu khung": "Nhựa, Thép", "Điều khiển trên tai nghe": "Tăng/giảm âm lượng, Tắt tiếng mic, Bật/tắt 7.1, Chế độ RGB", "Khả năng tương thích": "PC, PlayStation 4/5, Nintendo Switch (chế độ docked)"}',
        'TAI NGHE CHƠI GAME USB CH331 - ÂM THANH THIẾT YẾU, LUÔN LUÔN\n\nTai nghe chơi game USB CH331 mang đến trải nghiệm âm thanh thiết yếu và tinh tế cho tất cả game thủ. Khung nhôm chắc chắn mang lại độ bền và phong cách tinh tế, được gắn vào đệm tai tiện dụng để mang lại sự thoải mái cả ngày. Loa 50mm mạnh mẽ được điều chỉnh chính xác để tạo ra âm thanh vòm ảo 7.1, mang đến âm thanh sống động. Trong khi đó, cần mic có thể tháo rời đa hướng giúp liên lạc thuận tiện với khả năng giảm tiếng ồn và cải thiện độ rõ nét. Điều khiển nội tuyến cho phép bạn điều chỉnh cài đặt ngay từ cáp chống đứt, chống rối. Và nếu điều đó vẫn chưa đủ, tính năng plug-and-play mang lại khả năng tương thích ngay lập tức. Bền bỉ, thoải mái và đắm chìm, CH331 mang đến cho bạn mọi thứ bạn cần và không có gì bạn không có.',
        1, 'https://product.hstatic.net/200000722513/product/25928-ch331-gallery-6-image_31d6c949ae564f8883880ffdf421f029.png'
    );
INSERT INTO product_category (product_id, category_id) VALUES (36, 24);
INSERT INTO product_variant (
        product_id, name, seo_name, supplier_id, price, price_sale, quantity, sku, model, barcode, 
        specifications, description, warranty, image_url, release_at, created_by)
        VALUES ( 36, 'Tai nghe Gaming Cooler Master CH331 USB', 'tai-nghe-gaming-cooler-master-ch331-usb',
            1, 990000, 790000, 10, 'TAI-CM-CH331-USB',
            'TAI-CM-CH331-USB', 'TAI-CM-CH331-USB',
            '{"Tên sản phẩm": "Tai nghe Gaming Cooler Master CH331 USB", "Kích thước driver tai nghe": "50mm", "Tần số đáp ứng tai nghe": "20-20.000 Hz", "Trở kháng tai nghe": "16 Ohms", "Độ nhạy tai nghe": "102 dB ± 3 dB", "Loại microphone": "Đa hướng", "Tần số đáp ứng microphone": "100-8.000 Hz", "Độ nhạy microphone": "-42 dB ± 3 dB", "Kiểu kết nối": "USB Type A", "Độ dài cáp": "2.2 m", "Trọng lượng": "371 g", "Đèn nền": "RGB", "Âm thanh vòm": "7.1 Virtual Surround Sound", "Chất liệu đệm tai": "Da PU", "Chất liệu khung": "Nhựa, Thép", "Điều khiển trên tai nghe": "Tăng/giảm âm lượng, Tắt tiếng mic, Bật/tắt 7.1, Chế độ RGB", "Khả năng tương thích": "PC, PlayStation 4/5, Nintendo Switch (chế độ docked)"}',
            'TAI NGHE CHƠI GAME USB CH331 - ÂM THANH THIẾT YẾU, LUÔN LUÔN\n\nTai nghe chơi game USB CH331 mang đến trải nghiệm âm thanh thiết yếu và tinh tế cho tất cả game thủ. Khung nhôm chắc chắn mang lại độ bền và phong cách tinh tế, được gắn vào đệm tai tiện dụng để mang lại sự thoải mái cả ngày. Loa 50mm mạnh mẽ được điều chỉnh chính xác để tạo ra âm thanh vòm ảo 7.1, mang đến âm thanh sống động. Trong khi đó, cần mic có thể tháo rời đa hướng giúp liên lạc thuận tiện với khả năng giảm tiếng ồn và cải thiện độ rõ nét. Điều khiển nội tuyến cho phép bạn điều chỉnh cài đặt ngay từ cáp chống đứt, chống rối. Và nếu điều đó vẫn chưa đủ, tính năng plug-and-play mang lại khả năng tương thích ngay lập tức. Bền bỉ, thoải mái và đắm chìm, CH331 mang đến cho bạn mọi thứ bạn cần và không có gì bạn không có.',
            24, 'https://product.hstatic.net/200000722513/product/25928-ch331-gallery-6-image_31d6c949ae564f8883880ffdf421f029.png', '2024-10-30T08:38:55+00:00',1);
        
INSERT INTO product_image (name, product_variant_id, image_url, is_main)
VALUES
    ('Ảnh 1', 36, 'https://product.hstatic.net/200000722513/product/25928-ch331-gallery-6-image_31d6c949ae564f8883880ffdf421f029.png', TRUE),
    ('Ảnh 2', 36, 'https://product.hstatic.net/200000722513/product/25928-ch331-gallery-5-image_5aee0fe8296e42d69cde55d73c53916f.png', FALSE),
    ('Ảnh 3', 36, 'https://product.hstatic.net/200000722513/product/25928-ch331-gallery-4-image_6496a3f82c3b46daac8ecff3891e0f33.png', FALSE),
    ('Ảnh 4', 36, 'https://product.hstatic.net/200000722513/product/25928-ch331-gallery-2-image_b4145ed76b144a60ae6a6c07a6664e67.png', FALSE),
    ('Ảnh 5', 36, 'https://product.hstatic.net/200000722513/product/25928-ch331-gallery-1-image_6bed03366120474d97fb233ba85be6b2.png', FALSE),
    ('Ảnh 6', 36, 'https://product.hstatic.net/200000722513/product/25928-ch331_a84ecb8f8d114b15b0edbd241e18c1da.png', FALSE);
---
INSERT INTO product (name, seo_name, brand_id, specifications, description, created_by, image_url) 
    VALUES (
        'Tai nghe Edifier không dây W830NB Black', 'tai-nghe-edifier-khong-day-w830nb-black', 30,
        '{"Đa dạng đầu vào": "Bluetooth / USB Type-C"}',
        'Tai nghe Edifier W830NB Black mang đến trải nghiệm âm thanh đỉnh cao với thiết kế hiện đại và công nghệ tiên tiến. Nổi bật với khả năng chống ồn chủ động (ANC) mạnh mẽ, tai nghe giúp bạn đắm chìm hoàn toàn vào thế giới âm nhạc, podcast hoặc phim ảnh mà không bị làm phiền bởi tiếng ồn xung quanh, dù là trên chuyến bay dài, trong văn phòng ồn ào hay trên đường phố đông đúc. Chất lượng âm thanh tuyệt vời được đảm bảo bởi màng loa 40mm cao cấp, tái tạo âm bass sâu lắng, âm trung rõ ràng và âm cao trong trẻo, mang lại trải nghiệm nghe nhạc đa dạng và phong phú. Kết nối Bluetooth 5.0 mới nhất cho phép ghép nối nhanh chóng, ổn định và tiết kiệm năng lượng với hầu hết các thiết bị thông minh. Thời lượng pin ấn tượng lên đến 95 giờ phát nhạc liên tục với chế độ ANC tắt và 45 giờ với chế độ ANC bật, bạn có thể thoải mái sử dụng tai nghe trong nhiều ngày mà không cần lo lắng về việc sạc pin. Thiết kế công thái học với đệm tai mềm mại và headband có thể điều chỉnh mang lại sự thoải mái tối đa ngay cả khi đeo trong thời gian dài. Tích hợp micro chất lượng cao giúp đàm thoại rảnh tay rõ ràng, sắc nét. Edifier W830NB Black không chỉ là một chiếc tai nghe mà còn là người bạn đồng hành lý tưởng cho công việc, giải trí và du lịch của bạn.',
        1, 'https://product.hstatic.net/200000722513/product/830.6383___f96203c793eb4d4a9665e5b84dae7ac2.png'
    );
INSERT INTO product_category (product_id, category_id) VALUES (37, 24);
INSERT INTO product_variant (
        product_id, name, seo_name, supplier_id, price, price_sale, quantity, sku, model, barcode, 
        specifications, description, warranty, image_url, release_at, created_by)
        VALUES ( 37, 'Tai nghe Edifier không dây W830NB Black', 'tai-nghe-edifier-khong-day-w830nb-black',
            1, 1690000, 1490000, 10, 'TAI-EDIFIER-W830NB-BLACK',
            'TAI-EDIFIER-W830NB-BLACK', 'TAI-EDIFIER-W830NB-BLACK',
            '{"Thương hiệu": "Edifier", "Model": "W830NB", "Màu sắc": "Black", "Loại tai nghe": "Tai nghe Bluetooth chụp tai", "Kết nối": "Bluetooth 5.4", "Driver": "40mm với màng loa composite được phủ titan", "Tần số đáp ứng": "20Hz-40kHz", "Công nghệ âm thanh": "Chống ồn chủ động ANC, Chống ồn đàm thoại ENC", "ANC": "Lên đến 45dB", "Micro": "Có 5 micro (công nghệ khử tiếng ồn AI)", "Thời lượng pin": "Lên tới 80 giờ (ANC tắt), 94 giờ (theo nguồn khác)", "Sạc nhanh": "10 phút cho thêm 7 giờ nghe nhạc", "Cổng sạc": "Type-C", "Codec Bluetooth": "LDAC/AAC/SBC", "Kích thước": "170x78x194 mm", "Trọng lượng": "267g", "Tính năng khác": "Kết nối đa thiết bị, Ambient Aware (Nhận thức về môi trường xung quanh), Ứng dụng EDIFIER ConneX", "Bảo hành": "12 tháng"}',
            'Tai nghe Edifier W830NB Black mang đến trải nghiệm âm thanh đỉnh cao với thiết kế hiện đại và công nghệ tiên tiến. Nổi bật với khả năng chống ồn chủ động (ANC) mạnh mẽ, tai nghe giúp bạn đắm chìm hoàn toàn vào thế giới âm nhạc, podcast hoặc phim ảnh mà không bị làm phiền bởi tiếng ồn xung quanh, dù là trên chuyến bay dài, trong văn phòng ồn ào hay trên đường phố đông đúc. Chất lượng âm thanh tuyệt vời được đảm bảo bởi màng loa 40mm cao cấp, tái tạo âm bass sâu lắng, âm trung rõ ràng và âm cao trong trẻo, mang lại trải nghiệm nghe nhạc đa dạng và phong phú. Kết nối Bluetooth 5.0 mới nhất cho phép ghép nối nhanh chóng, ổn định và tiết kiệm năng lượng với hầu hết các thiết bị thông minh. Thời lượng pin ấn tượng lên đến 95 giờ phát nhạc liên tục với chế độ ANC tắt và 45 giờ với chế độ ANC bật, bạn có thể thoải mái sử dụng tai nghe trong nhiều ngày mà không cần lo lắng về việc sạc pin. Thiết kế công thái học với đệm tai mềm mại và headband có thể điều chỉnh mang lại sự thoải mái tối đa ngay cả khi đeo trong thời gian dài. Tích hợp micro chất lượng cao giúp đàm thoại rảnh tay rõ ràng, sắc nét. Edifier W830NB Black không chỉ là một chiếc tai nghe mà còn là người bạn đồng hành lý tưởng cho công việc, giải trí và du lịch của bạn.',
            12, 'https://product.hstatic.net/200000722513/product/830.6383___f96203c793eb4d4a9665e5b84dae7ac2.png', '2025-03-07T08:31:53+00:00',1);
        
INSERT INTO product_image (name, product_variant_id, image_url, is_main)
VALUES
    ('Ảnh 1', 37, 'https://product.hstatic.net/200000722513/product/830.6383___f96203c793eb4d4a9665e5b84dae7ac2.png', TRUE),
    ('Ảnh 2', 37, 'https://product.hstatic.net/200000722513/product/830.6574___24ecaaf465094454af2dbf348e175395.png', FALSE),
    ('Ảnh 3', 37, 'https://product.hstatic.net/200000722513/product/830.6318___d7f3e3a618464bdb905127dafc40c5a0.png', FALSE),
    ('Ảnh 4', 37, 'https://product.hstatic.net/200000722513/product/830.6319___1c00912e63c5497ea1a00e1c3c0bb707.png', FALSE),
    ('Ảnh 5', 37, 'https://product.hstatic.net/200000722513/product/830.6572___ccf17276ae9c4b21939b9da0d865e76c.png', FALSE),
    ('Ảnh 6', 37, 'https://product.hstatic.net/200000722513/product/830.6573___3ef109a31a4b4b3994bafe2e3305ab21.png', FALSE),
    ('Ảnh 7', 37, 'https://product.hstatic.net/200000722513/product/830.6575___ba9d8d5a7bfe4f458f3d5389a3f404c8.png', FALSE);
---
INSERT INTO product (name, seo_name, brand_id, specifications, description, created_by, image_url) 
    VALUES (
        'Tai nghe Edifier không dây W830NB White', 'tai-nghe-edifier-khong-day-w830nb-white', 30,
        '{"Tên sản phẩm": "Edifier W830NB", "Màu sắc": "Trắng", "Loại tai nghe": "Over-ear (chụp tai)", "Công nghệ chống ồn": "Chống ồn chủ động (ANC)", "Phiên bản Bluetooth": "5.0", "Kích thước màng loa": "40mm", "Tần số phản hồi": "20Hz - 20kHz", "Trở kháng": "24Ω", "Độ nhạy": "94dB", "Thời lượng pin (ANC bật)": "Khoảng 33 giờ", "Thời lượng pin (ANC tắt)": "Khoảng 50 giờ", "Thời gian sạc": "Khoảng 1.5 giờ", "Cổng sạc": "USB Type-C", "Tích hợp micro": "Có", "Trọng lượng": "293g", "Chuẩn codec âm thanh": "aptX HD, aptX, SBC", "Chất liệu đệm tai": "Da protein"}',
        'Đánh giá chi tiết tai nghe Edifier không dây W830NB White\n\nTai nghe Edifier W830NB White, một trong những chiếc tai nghe không dây nổi bật đến từ thương hiệu Trung Quốc nổi tiếng với những sản phẩm âm thanh chất lượng cao.\n\nThiết kế hiện đại và sang trọng\nTai nghe Edifier W830NB White được thiết kế với vẻ ngoài thanh lịch, nhẹ nhàng. Màu trắng trang nhã cùng các chi tiết kim loại giúp chiếc tai nghe Edifier trở nên sang trọng, pha lẫn chút cứng cáp. Phần đệm tai nghe được sản xuất với chất liệu mềm mại và thân thiện với da người dùng, đem lại cảm giác thoải mái khi sử dụng trong thời gian dài. Cùng với đó, phần băng đô trên Edifier W830NB White cho phép bạn tùy chỉnh để phù hợp với trải nghiệm đeo cá nhân.\n\nKhả năng chống ồn chủ động thông minh\nMặc dù thuộc phân khúc tai nghe tầm trung, Edifier W830NB White vẫn sở hữu tính năng vô cùng được nhiều người dùng chú ý: khả năng chống ồn chủ động (ANC). Với công nghệ này, chiếc tai nghe sẽ giúp loại bỏ tiếng ồn môi trường bên ngoài để mang đến trải nghiệm âm thanh tốt nhất hoặc sự tập trung cao nhất cho công việc.\n\nChất lượng âm thanh vượt trội\nEdifier W830NB White trang bị công nghệ âm thanh tiên tiến, mang đến những âm thanh sống động nhất với nhịp điệu bass mạnh mẽ và âm treble trong trẻo thông qua driver 40mm. Chiếc tai nghe từ Edifier hỗ trợ nhiều định dạng âm thanh khác nhau và có khả năng tái tạo chi tiết, đưa bạn đến những giai điệu sống động.\n\nThời lượng pin ấn tượng\nTai nghe Edifier W830NB White có thể cung cấp thời lượng pin lên đến 94 giờ khi tắt tính năng ANC và 54 giờ khi tính năng này được kích hoạt. Đây là một con số ấn tượng đối với nhu cầu sử dụng giải trí trung bình. Điều này giúp Edifier W830NB White thoải mái đồng hành cùng bạn trong suốt những chuyến đi.\n\nKết nối tốc độ cùng Bluetooth 5.4\nTai nghe Edifier W830NB được trang bị công nghệ Bluetooth 5.4 tiên tiến, mang lại tốc độ và độ ổn định lý tưởng cho kết nối giữa sản phẩm và các thiết bị ghép nối như laptop, smartphone hay máy tính bảng. Qua đó, đảm bảo kết nối liền mạch và giảm thiểu tình trạng khó chịu do kết nối yếu của những chiếc tai nghe giá rẻ.\n\nĐiều khiển và tùy biến siêu tiện lợi\nEdifier W830NB White bố trí các nút điều khiển thông minh và tiện lợi, giúp bạn dễ dàng thao tác trong khi làm việc hay học tập. Đi kèm với chiếc tai nghe bluetooth, bạn sẽ được hỗ trợ thêm phần mềm EDIFIER ConneX. Đây sẽ là \"quản gia\" âm thanh trên Edifier W830NB White, mang đến đa dạng lựa chọn cá nhân hóa cho từng bài hát bạn nghe hay những bộ phim bạn xem.',
        1, 'https://product.hstatic.net/200000722513/product/830.727_6eacef2b54ae4c5c8d050e519a95c1a5.png'
    );
INSERT INTO product_category (product_id, category_id) VALUES (38, 24);
INSERT INTO product_variant (
        product_id, name, seo_name, supplier_id, price, price_sale, quantity, sku, model, barcode, 
        specifications, description, warranty, image_url, release_at, created_by)
        VALUES ( 38, 'Tai nghe Edifier không dây W830NB White', 'tai-nghe-edifier-khong-day-w830nb-white',
            1, 1690000, 1390000, 10, 'TAI-EDIFIER-W830NB-WHITE',
            'TAI-EDIFIER-W830NB-WHITE', 'TAI-EDIFIER-W830NB-WHITE',
            '{"Tên sản phẩm": "Edifier W830NB", "Màu sắc": "Trắng", "Loại tai nghe": "Over-ear (chụp tai)", "Công nghệ chống ồn": "Chống ồn chủ động (ANC)", "Phiên bản Bluetooth": "5.0", "Kích thước màng loa": "40mm", "Tần số phản hồi": "20Hz - 20kHz", "Trở kháng": "24Ω", "Độ nhạy": "94dB", "Thời lượng pin (ANC bật)": "Khoảng 33 giờ", "Thời lượng pin (ANC tắt)": "Khoảng 50 giờ", "Thời gian sạc": "Khoảng 1.5 giờ", "Cổng sạc": "USB Type-C", "Tích hợp micro": "Có", "Trọng lượng": "293g", "Chuẩn codec âm thanh": "aptX HD, aptX, SBC", "Chất liệu đệm tai": "Da protein"}',
            'Đánh giá chi tiết tai nghe Edifier không dây W830NB White\n\nTai nghe Edifier W830NB White, một trong những chiếc tai nghe không dây nổi bật đến từ thương hiệu Trung Quốc nổi tiếng với những sản phẩm âm thanh chất lượng cao.\n\nThiết kế hiện đại và sang trọng\nTai nghe Edifier W830NB White được thiết kế với vẻ ngoài thanh lịch, nhẹ nhàng. Màu trắng trang nhã cùng các chi tiết kim loại giúp chiếc tai nghe Edifier trở nên sang trọng, pha lẫn chút cứng cáp. Phần đệm tai nghe được sản xuất với chất liệu mềm mại và thân thiện với da người dùng, đem lại cảm giác thoải mái khi sử dụng trong thời gian dài. Cùng với đó, phần băng đô trên Edifier W830NB White cho phép bạn tùy chỉnh để phù hợp với trải nghiệm đeo cá nhân.\n\nKhả năng chống ồn chủ động thông minh\nMặc dù thuộc phân khúc tai nghe tầm trung, Edifier W830NB White vẫn sở hữu tính năng vô cùng được nhiều người dùng chú ý: khả năng chống ồn chủ động (ANC). Với công nghệ này, chiếc tai nghe sẽ giúp loại bỏ tiếng ồn môi trường bên ngoài để mang đến trải nghiệm âm thanh tốt nhất hoặc sự tập trung cao nhất cho công việc.\n\nChất lượng âm thanh vượt trội\nEdifier W830NB White trang bị công nghệ âm thanh tiên tiến, mang đến những âm thanh sống động nhất với nhịp điệu bass mạnh mẽ và âm treble trong trẻo thông qua driver 40mm. Chiếc tai nghe từ Edifier hỗ trợ nhiều định dạng âm thanh khác nhau và có khả năng tái tạo chi tiết, đưa bạn đến những giai điệu sống động.\n\nThời lượng pin ấn tượng\nTai nghe Edifier W830NB White có thể cung cấp thời lượng pin lên đến 94 giờ khi tắt tính năng ANC và 54 giờ khi tính năng này được kích hoạt. Đây là một con số ấn tượng đối với nhu cầu sử dụng giải trí trung bình. Điều này giúp Edifier W830NB White thoải mái đồng hành cùng bạn trong suốt những chuyến đi.\n\nKết nối tốc độ cùng Bluetooth 5.4\nTai nghe Edifier W830NB được trang bị công nghệ Bluetooth 5.4 tiên tiến, mang lại tốc độ và độ ổn định lý tưởng cho kết nối giữa sản phẩm và các thiết bị ghép nối như laptop, smartphone hay máy tính bảng. Qua đó, đảm bảo kết nối liền mạch và giảm thiểu tình trạng khó chịu do kết nối yếu của những chiếc tai nghe giá rẻ.\n\nĐiều khiển và tùy biến siêu tiện lợi\nEdifier W830NB White bố trí các nút điều khiển thông minh và tiện lợi, giúp bạn dễ dàng thao tác trong khi làm việc hay học tập. Đi kèm với chiếc tai nghe bluetooth, bạn sẽ được hỗ trợ thêm phần mềm EDIFIER ConneX. Đây sẽ là \"quản gia\" âm thanh trên Edifier W830NB White, mang đến đa dạng lựa chọn cá nhân hóa cho từng bài hát bạn nghe hay những bộ phim bạn xem.',
            12, 'https://product.hstatic.net/200000722513/product/830.727_6eacef2b54ae4c5c8d050e519a95c1a5.png', '2025-03-07T08:31:50+00:00',1);
        
INSERT INTO product_image (name, product_variant_id, image_url, is_main)
VALUES
    ('Ảnh 1', 38, 'https://product.hstatic.net/200000722513/product/830.727_6eacef2b54ae4c5c8d050e519a95c1a5.png', TRUE),
    ('Ảnh 2', 38, 'https://product.hstatic.net/200000722513/product/830.730_cd0c7bce106f4fd288ce5aac137cfcba.png', FALSE),
    ('Ảnh 3', 38, 'https://product.hstatic.net/200000722513/product/830.722_2d78a686249d4698a617b8a6c43640d4.png', FALSE),
    ('Ảnh 4', 38, 'https://product.hstatic.net/200000722513/product/830.723_336366b7477c497e9ec87fbeca06fd09.png', FALSE),
    ('Ảnh 5', 38, 'https://product.hstatic.net/200000722513/product/830.724_68809319015949a4b91f28c8efa31d0e.png', FALSE),
    ('Ảnh 6', 38, 'https://product.hstatic.net/200000722513/product/830.728_ae302215452542c587ca06011b7bfa5c.png', FALSE),
    ('Ảnh 7', 38, 'https://product.hstatic.net/200000722513/product/830.729_e87e365bdf724eb4b9f9055694e53e36.png', FALSE),
    ('Ảnh 8', 38, 'https://product.hstatic.net/200000722513/product/830.731_c372401ca7e14e1abc64e159c2733b60.png', FALSE);
---
INSERT INTO product (name, seo_name, brand_id, specifications, description, created_by, image_url) 
    VALUES (
        'Tai nghe Edifier không dây W800BT Pro Black', 'tai-nghe-edifier-khong-day-w800bt-pro-black', 30,
        '{"Tên sản phẩm": "Tai nghe Edifier không dây W800BT Pro", "Thương hiệu": "Edifier", "Mã sản phẩm": "W800BT Pro", "Màu sắc": "Đen", "Kiểu tai nghe": "Over-ear (chụp tai)", "Kết nối": "Không dây (Bluetooth), Có dây (jack 3.5mm)", "Phiên bản Bluetooth": "5.1", "Hỗ trợ Audio Codec": "aptX, aptX HD, SBC", "Kích thước Driver": "40 mm", "Trở kháng": "32Ω", "Tần số đáp ứng": "20Hz - 20kHz", "Độ nhạy": "93 ± 3dB SPL(A)", "Thời lượng pin (nghe nhạc)": "Khoảng 50 giờ", "Thời gian sạc": "Khoảng 2.5 giờ", "Cổng sạc": "USB Type-C", "Hỗ trợ microphone": "Có", "Phạm vi hoạt động không dây": "10 m", "Tính năng đặc biệt": "Hỗ trợ Edifier Connect App, Chế độ độ trễ thấp", "Trọng lượng": "Khoảng 200 g"}',
        'Tai nghe Edifier W800BT Pro Black là một trong những sản phẩm nổi bật trong dòng tai nghe không dây của Edifier. Với thiết kế hiện đại, chất lượng âm thanh tuyệt vời và nhiều tính năng tiện ích, W800BT Pro không chỉ đáp ứng nhu cầu nghe nhạc mà còn phù hợp với những người yêu thích trải nghiệm sống động. Dưới đây, chúng ta sẽ cùng đánh giá chi tiết về sản phẩm này.',
        1, 'https://product.hstatic.net/200000722513/product/830.196__6cbb6e554307482dbed558dece252d09.png'
    );
INSERT INTO product_category (product_id, category_id) VALUES (39, 24);
INSERT INTO product_variant (
        product_id, name, seo_name, supplier_id, price, price_sale, quantity, sku, model, barcode, 
        specifications, description, warranty, image_url, release_at, created_by)
        VALUES ( 39, 'Tai nghe Edifier không dây W800BT Pro Black', 'tai-nghe-edifier-khong-day-w800bt-pro-black',
            1, 1790000, 990000, 10, 'TAI-EDIFIER-W800BT-PRO-BLACK',
            'TAI-EDIFIER-W800BT-PRO-BLACK', 'TAI-EDIFIER-W800BT-PRO-BLACK',
            '{"Tên sản phẩm": "Tai nghe Edifier không dây W800BT Pro", "Thương hiệu": "Edifier", "Mã sản phẩm": "W800BT Pro", "Màu sắc": "Đen", "Kiểu tai nghe": "Over-ear (chụp tai)", "Kết nối": "Không dây (Bluetooth), Có dây (jack 3.5mm)", "Phiên bản Bluetooth": "5.1", "Hỗ trợ Audio Codec": "aptX, aptX HD, SBC", "Kích thước Driver": "40 mm", "Trở kháng": "32Ω", "Tần số đáp ứng": "20Hz - 20kHz", "Độ nhạy": "93 ± 3dB SPL(A)", "Thời lượng pin (nghe nhạc)": "Khoảng 50 giờ", "Thời gian sạc": "Khoảng 2.5 giờ", "Cổng sạc": "USB Type-C", "Hỗ trợ microphone": "Có", "Phạm vi hoạt động không dây": "10 m", "Tính năng đặc biệt": "Hỗ trợ Edifier Connect App, Chế độ độ trễ thấp", "Trọng lượng": "Khoảng 200 g"}',
            'Tai nghe Edifier W800BT Pro Black là một trong những sản phẩm nổi bật trong dòng tai nghe không dây của Edifier. Với thiết kế hiện đại, chất lượng âm thanh tuyệt vời và nhiều tính năng tiện ích, W800BT Pro không chỉ đáp ứng nhu cầu nghe nhạc mà còn phù hợp với những người yêu thích trải nghiệm sống động. Dưới đây, chúng ta sẽ cùng đánh giá chi tiết về sản phẩm này.',
            12, 'https://product.hstatic.net/200000722513/product/830.196__6cbb6e554307482dbed558dece252d09.png', '2025-03-05T10:23:52+00:00',1);
        
INSERT INTO product_image (name, product_variant_id, image_url, is_main)
VALUES
    ('Ảnh 1', 39, 'https://product.hstatic.net/200000722513/product/830.196__6cbb6e554307482dbed558dece252d09.png', TRUE),
    ('Ảnh 2', 39, 'https://product.hstatic.net/200000722513/product/830.180__71686974e5844d8487e7f65e349b17b5.png', FALSE),
    ('Ảnh 3', 39, 'https://product.hstatic.net/200000722513/product/830.157__0bc3edc850484b16ad1bd354504130c2.png', FALSE),
    ('Ảnh 4', 39, 'https://product.hstatic.net/200000722513/product/830.169__ceb95681da8548d1bb47fc88e478b91e.png', FALSE),
    ('Ảnh 5', 39, 'https://product.hstatic.net/200000722513/product/830.184__5be818b0006b432ba6c817fdf58359ef.png', FALSE),
    ('Ảnh 6', 39, 'https://product.hstatic.net/200000722513/product/830.187__ee939c39b2d04053bea7a8eee519af2b.png', FALSE),
    ('Ảnh 7', 39, 'https://product.hstatic.net/200000722513/product/830.189__2c8e1eca5b0044c28472d92373ba1e82.png', FALSE);
---
INSERT INTO product (name, seo_name, brand_id, specifications, description, created_by, image_url) 
    VALUES (
        'Tai nghe Edifier không dây W800BT SE Black', 'tai-nghe-edifier-khong-day-w800bt-se-black', 30,
        '{"Model": "Edifier W800BT SE", "Loại tai nghe": "Over-ear", "Kết nối không dây": "Bluetooth 5.1", "Hồ sơ Bluetooth": "HFP, A2DP, AVRCP", "Tần số phản hồi": "20Hz - 20kHz", "Trở kháng": "32Ω", "Độ nhạy": "100dB", "Kích thước driver": "40mm", "Loại driver": "Neodymium", "Microphone": "Tích hợp", "Thời lượng pin (nghe nhạc)": "Khoảng 50 giờ", "Thời gian sạc": "Khoảng 2.5 giờ", "Cổng sạc": "USB-C", "Phạm vi hoạt động": "Lên đến 10m", "Màu sắc": "Đen", "Hỗ trợ codec Bluetooth": "SBC", "Trọng lượng": "217g", "Chất liệu đệm tai": "Da tổng hợp", "Tính năng nổi bật": "Có thể gập gọn, Hỗ trợ kết nối có dây 3.5mm"}',
        'Đánh giá chi tiết tai nghe Edifier không dây W800BT SE Black. Edifier là thương hiệu audio sở hữu các sản phẩm hướng đến người dùng phổ thông, dân văn phòng và cả game thủ. Mọi yêu cầu sẽ được tích hợp trên một thiết bị đa năng cho cả giải trí lẫn làm việc, đặc biệt là tai nghe máy tính.\n\nEdifier W800BT SE Black sẽ là một lựa chọn đáng chú ý trong tầm giá dưới 1 triệu đồng.\n\n**Thiết kế hiện đại, đề cao sự bền bỉ và thoải mái**\n\nEdifier W800BT SE sở hữu thiết kế ôm tai đặc trưng trên dòng tai nghe over-ear. Phần băng đô được tối ưu hóa giúp giảm áp lực lên đầu, cùng phần đệm tai sử dụng chất liệu mềm mại và thân thiện với làn da người dùng, mang lại trải nghiệm thoải mái khi sử dụng tai nghe trong thời gian dài.\n\nThiết kế thông minh cho phép người dùng linh hoạt điều chỉnh theo yêu cầu cá nhân, hạn chế cảm giác không thoải mái, đau tai hay bị ép chặt vào đầu khi đeo kính và sử dụng Edifier W800BT SE Black. Vào mùa hè hoặc khi sử dụng lâu trong môi trường nóng, chiếc tai nghe này hạn chế tình trạng bí, nóng khi làm việc và giải trí cùng PC Gaming hay laptop.\n\n**Chất lượng âm thanh ổn định**\n\nEdifier W800BT SE Black được trang bị driver động 40mm và màng loa phủ titan, mang lại âm thanh trung thực với âm trường rộng và dải bass mạnh mẽ. Chất âm lý tưởng cho nhu cầu nghe nhạc, xem phim, chơi game và học tập. Ngoài ra, công nghệ khử tiếng ồn thông minh bằng AI kết hợp cùng micro có độ nhạy tốt giúp chiếc tai nghe Edifier mang lại chất lượng cuộc gọi và họp online tốt hơn cho dân văn phòng và người làm việc từ xa.\n\n**Kết nối đơn giản**\n\nChiếc tai nghe không dây từ Edifier sử dụng Bluetooth V5.4 cho tốc độ kết nối nhanh chóng và ổn định. Ngoài ra, Edifier W800BT SE Black hỗ trợ kết nối đa điểm, cung cấp khả năng chuyển đổi linh hoạt giữa hai thiết bị mà không cần ngắt kết nối. Độ trễ thấp chỉ 0,06 giây mà Edifier W800BT SE Black mang lại đảm bảo trải nghiệm liền mạch khi chơi game, mượt mà khi xem video mà không bị trễ hình. Cuối cùng là khả năng hỗ trợ cổng USB Type-C trên chiếc tai nghe Edifier.\n\n**Liên tục sử dụng cùng khả năng sạc pin nhanh**\n\nVới thời lượng pin lên tới 40–45 giờ phát nhạc liên tục, Edifier W800BT SE Black sẽ đồng hành cùng bạn trong một ngày làm việc hoặc trên những chuyến đi đường dài. Ngoài ra, công nghệ sạc nhanh trên chiếc tai nghe cho phép sạc 15 phút để sử dụng thêm 8 giờ, vô cùng tiện lợi cho nhu cầu di chuyển liên tục.',
        1, 'https://product.hstatic.net/200000722513/product/3_1c356400926c459daf0b8393c466b0b0.png'
    );
INSERT INTO product_category (product_id, category_id) VALUES (40, 24);
INSERT INTO product_variant (
        product_id, name, seo_name, supplier_id, price, price_sale, quantity, sku, model, barcode, 
        specifications, description, warranty, image_url, release_at, created_by)
        VALUES ( 40, 'Tai nghe Edifier không dây W800BT SE Black', 'tai-nghe-edifier-khong-day-w800bt-se-black',
            1, 1082000, 690000, 10, 'TAI-EDIFIER-W800BT-SE-BLACK',
            'TAI-EDIFIER-W800BT-SE-BLACK', 'TAI-EDIFIER-W800BT-SE-BLACK',
            '{"Model": "Edifier W800BT SE", "Loại tai nghe": "Over-ear", "Kết nối không dây": "Bluetooth 5.1", "Hồ sơ Bluetooth": "HFP, A2DP, AVRCP", "Tần số phản hồi": "20Hz - 20kHz", "Trở kháng": "32Ω", "Độ nhạy": "100dB", "Kích thước driver": "40mm", "Loại driver": "Neodymium", "Microphone": "Tích hợp", "Thời lượng pin (nghe nhạc)": "Khoảng 50 giờ", "Thời gian sạc": "Khoảng 2.5 giờ", "Cổng sạc": "USB-C", "Phạm vi hoạt động": "Lên đến 10m", "Màu sắc": "Đen", "Hỗ trợ codec Bluetooth": "SBC", "Trọng lượng": "217g", "Chất liệu đệm tai": "Da tổng hợp", "Tính năng nổi bật": "Có thể gập gọn, Hỗ trợ kết nối có dây 3.5mm"}',
            'Đánh giá chi tiết tai nghe Edifier không dây W800BT SE Black. Edifier là thương hiệu audio sở hữu các sản phẩm hướng đến người dùng phổ thông, dân văn phòng và cả game thủ. Mọi yêu cầu sẽ được tích hợp trên một thiết bị đa năng cho cả giải trí lẫn làm việc, đặc biệt là tai nghe máy tính.\n\nEdifier W800BT SE Black sẽ là một lựa chọn đáng chú ý trong tầm giá dưới 1 triệu đồng.\n\n**Thiết kế hiện đại, đề cao sự bền bỉ và thoải mái**\n\nEdifier W800BT SE sở hữu thiết kế ôm tai đặc trưng trên dòng tai nghe over-ear. Phần băng đô được tối ưu hóa giúp giảm áp lực lên đầu, cùng phần đệm tai sử dụng chất liệu mềm mại và thân thiện với làn da người dùng, mang lại trải nghiệm thoải mái khi sử dụng tai nghe trong thời gian dài.\n\nThiết kế thông minh cho phép người dùng linh hoạt điều chỉnh theo yêu cầu cá nhân, hạn chế cảm giác không thoải mái, đau tai hay bị ép chặt vào đầu khi đeo kính và sử dụng Edifier W800BT SE Black. Vào mùa hè hoặc khi sử dụng lâu trong môi trường nóng, chiếc tai nghe này hạn chế tình trạng bí, nóng khi làm việc và giải trí cùng PC Gaming hay laptop.\n\n**Chất lượng âm thanh ổn định**\n\nEdifier W800BT SE Black được trang bị driver động 40mm và màng loa phủ titan, mang lại âm thanh trung thực với âm trường rộng và dải bass mạnh mẽ. Chất âm lý tưởng cho nhu cầu nghe nhạc, xem phim, chơi game và học tập. Ngoài ra, công nghệ khử tiếng ồn thông minh bằng AI kết hợp cùng micro có độ nhạy tốt giúp chiếc tai nghe Edifier mang lại chất lượng cuộc gọi và họp online tốt hơn cho dân văn phòng và người làm việc từ xa.\n\n**Kết nối đơn giản**\n\nChiếc tai nghe không dây từ Edifier sử dụng Bluetooth V5.4 cho tốc độ kết nối nhanh chóng và ổn định. Ngoài ra, Edifier W800BT SE Black hỗ trợ kết nối đa điểm, cung cấp khả năng chuyển đổi linh hoạt giữa hai thiết bị mà không cần ngắt kết nối. Độ trễ thấp chỉ 0,06 giây mà Edifier W800BT SE Black mang lại đảm bảo trải nghiệm liền mạch khi chơi game, mượt mà khi xem video mà không bị trễ hình. Cuối cùng là khả năng hỗ trợ cổng USB Type-C trên chiếc tai nghe Edifier.\n\n**Liên tục sử dụng cùng khả năng sạc pin nhanh**\n\nVới thời lượng pin lên tới 40–45 giờ phát nhạc liên tục, Edifier W800BT SE Black sẽ đồng hành cùng bạn trong một ngày làm việc hoặc trên những chuyến đi đường dài. Ngoài ra, công nghệ sạc nhanh trên chiếc tai nghe cho phép sạc 15 phút để sử dụng thêm 8 giờ, vô cùng tiện lợi cho nhu cầu di chuyển liên tục.',
            12, 'https://product.hstatic.net/200000722513/product/3_1c356400926c459daf0b8393c466b0b0.png', '2025-03-06T02:59:40+00:00',1);
        
INSERT INTO product_image (name, product_variant_id, image_url, is_main)
VALUES
    ('Ảnh 1', 40, 'https://product.hstatic.net/200000722513/product/3_1c356400926c459daf0b8393c466b0b0.png', TRUE),
    ('Ảnh 2', 40, 'https://product.hstatic.net/200000722513/product/1_adec279ddfe94811a0aeeda27e231de6.png', FALSE),
    ('Ảnh 3', 40, 'https://product.hstatic.net/200000722513/product/2_1bab9039bd8141248eeab005b501ff80.png', FALSE),
    ('Ảnh 4', 40, 'https://product.hstatic.net/200000722513/product/4_45c9de5db28d48e9a18f82f56ffeedf6.png', FALSE),
    ('Ảnh 5', 40, 'https://product.hstatic.net/200000722513/product/5_89f249aa684d4723b1b3bd8c226d5d37.png', FALSE),
    ('Ảnh 6', 40, 'https://product.hstatic.net/200000722513/product/6_b3bf0dcac4c04dd4bd713b40de708427.png', FALSE);
---
INSERT INTO product (name, seo_name, brand_id, specifications, description, created_by, image_url) 
    VALUES (
        'Tai nghe Edifier không dây W800BT SE White', 'tai-nghe-edifier-khong-day-w800bt-se-white', 30,
        '{"Thương hiệu": "Edifier", "Model": "W800BT SE", "Màu sắc": "Trắng", "Loại tai nghe": "Over-ear", "Kết nối": "Bluetooth và có dây 3.5mm", "Phiên bản Bluetooth": "5.1", "Hồ sơ Bluetooth": "HFP, A2DP, AVRCP", "Driver": "40mm Dynamic Driver", "Tần số đáp ứng": "20Hz - 20kHz", "Trở kháng": "32Ω", "Độ nhạy": "100dB", "Thời lượng pin (nghe nhạc)": "Khoảng 50 giờ", "Thời lượng pin (thoại)": "Khoảng 50 giờ", "Thời lượng pin (chờ)": "Khoảng 800 giờ", "Thời gian sạc": "Khoảng 4 giờ", "Cổng sạc": "Micro USB", "Tích hợp micro": "Có", "Điều khiển": "Nút vật lý", "Trọng lượng": "210g", "Phạm vi hoạt động": "10m", "Hỗ trợ codec": "SBC", "Thiết kế": "Gấp gọn"}',
        'Tai nghe Edifier W800BT SE White là một trong những chiếc tai nghe không dây nổi bật đến từ thương hiệu Edifier, được đánh giá cao nhờ thiết kế tinh tế và chất lượng âm thanh tuyệt vời.\n\n**Vẻ ngoài hiện đại và sang trọng**\n\nTai nghe Edifier W800BT SE White sở hữu thiết kế tối giản nhưng không kém phần tinh tế với gam màu trắng thuần khiết bao phủ toàn bộ khung ngoài. Phần khung tai nghe được tạo nên từ chất liệu nhẹ và bền, với trọng lượng chỉ khoảng 242g, mang đến sự thoải mái khi sử dụng trong thời gian dài.\n\nNhờ sự thanh mảnh và nhẹ nhàng, chiếc tai nghe Edifier W800BT SE White dễ dàng đồng hành cùng bạn trên mọi chặng đường, từ công việc đến giải trí. Bạn có thể đeo tai nghe khi đi làm, tập thể dục hay du lịch mà không cảm thấy vướng víu nhờ phần đệm tai làm từ chất liệu thân thiện với mọi loại da, tránh gây cảm giác khó chịu.\n\n**Trải nghiệm âm thanh vượt trội**\n\nTai nghe Edifier W800BT SE White được trang bị khả năng xử lý âm thanh tiên tiến, mang đến trải nghiệm âm nhạc sống động với bass mạnh mẽ, mid rõ ràng và treble sắc nét. Thông qua driver 40mm, chiếc tai nghe Edifier sở hữu khả năng tái hiện âm thanh chất lượng cao, phù hợp cho nhiều nhu cầu giải trí như nghe nhạc và chơi game.\n\nEdifier W800BT SE White còn được trang bị khả năng cách âm ấn tượng, giúp bạn đắm chìm vào không gian âm nhạc riêng mình mà không bị ảnh hưởng bởi các tác nhân bên ngoài. Điều này cũng giúp bạn dễ dàng tập trung cho công việc, đặc biệt là trong những lúc chạy deadline căng thẳng.\n\n**Trang bị kết nối linh hoạt**\n\nChiếc tai nghe Edifier W800BT SE White sử dụng công nghệ Bluetooth 5.4, mang đến tốc độ kết nối nhanh chóng và ổn định với các thiết bị khác như smartphone, máy tính bảng và laptop. Độ trễ thấp từ sản phẩm của Edifier đem đến trải nghiệm chơi game liền mạch giữa âm thanh và hình ảnh khi kết nối với các thiết bị khác, không thua kém bất kỳ chiếc tai nghe Bluetooth cao cấp nào trên thị trường.\n\n**Phục vụ nhu cầu sử dụng bền bỉ**\n\nEdifier W800BT SE White cung cấp thời gian sử dụng lên đến 45 giờ liên tục chỉ với một lần sạc đầy. Đối với người dùng có nhu cầu sử dụng trung bình, bạn có thể tạm biệt các thiết bị sạc trong một thời gian khá dài.\n\n**Đa năng trong khả năng điều khiển và tương thích**\n\nEdifier W800BT SE White được thiết kế với các nút điều khiển bố trí ở vị trí thuận lợi, cho phép người dùng dễ dàng điều chỉnh âm lượng, âm thanh và nhận cuộc gọi mà không cần thao tác phức tạp. Đây chắc chắn là điểm cộng lớn, đặc biệt với những người thường xuyên chạy bộ hoặc có những ngày cuối tuần thư giãn.\n\nTai nghe Edifier W800BT SE White tương thích tốt với nhiều hệ điều hành khác nhau, từ iOS đến Android. Từ đó, bạn dễ dàng lựa chọn thiết bị kết nối mà không cần lo ngại khi mua sắm các thiết bị di động.',
        1, 'https://product.hstatic.net/200000722513/product/3_eca1be299b8246b691b5038dc211d4c1.png'
    );
INSERT INTO product_category (product_id, category_id) VALUES (41, 24);
INSERT INTO product_variant (
        product_id, name, seo_name, supplier_id, price, price_sale, quantity, sku, model, barcode, 
        specifications, description, warranty, image_url, release_at, created_by)
        VALUES ( 41, 'Tai nghe Edifier không dây W800BT SE White', 'tai-nghe-edifier-khong-day-w800bt-se-white',
            1, 1082000, 850000, 10, 'TAI-EDIFIER-W800BT-SE-WHITE',
            'TAI-EDIFIER-W800BT-SE-WHITE', 'TAI-EDIFIER-W800BT-SE-WHITE',
            '{"Thương hiệu": "Edifier", "Model": "W800BT SE", "Màu sắc": "Trắng", "Loại tai nghe": "Over-ear", "Kết nối": "Bluetooth và có dây 3.5mm", "Phiên bản Bluetooth": "5.1", "Hồ sơ Bluetooth": "HFP, A2DP, AVRCP", "Driver": "40mm Dynamic Driver", "Tần số đáp ứng": "20Hz - 20kHz", "Trở kháng": "32Ω", "Độ nhạy": "100dB", "Thời lượng pin (nghe nhạc)": "Khoảng 50 giờ", "Thời lượng pin (thoại)": "Khoảng 50 giờ", "Thời lượng pin (chờ)": "Khoảng 800 giờ", "Thời gian sạc": "Khoảng 4 giờ", "Cổng sạc": "Micro USB", "Tích hợp micro": "Có", "Điều khiển": "Nút vật lý", "Trọng lượng": "210g", "Phạm vi hoạt động": "10m", "Hỗ trợ codec": "SBC", "Thiết kế": "Gấp gọn"}',
            'Tai nghe Edifier W800BT SE White là một trong những chiếc tai nghe không dây nổi bật đến từ thương hiệu Edifier, được đánh giá cao nhờ thiết kế tinh tế và chất lượng âm thanh tuyệt vời.\n\n**Vẻ ngoài hiện đại và sang trọng**\n\nTai nghe Edifier W800BT SE White sở hữu thiết kế tối giản nhưng không kém phần tinh tế với gam màu trắng thuần khiết bao phủ toàn bộ khung ngoài. Phần khung tai nghe được tạo nên từ chất liệu nhẹ và bền, với trọng lượng chỉ khoảng 242g, mang đến sự thoải mái khi sử dụng trong thời gian dài.\n\nNhờ sự thanh mảnh và nhẹ nhàng, chiếc tai nghe Edifier W800BT SE White dễ dàng đồng hành cùng bạn trên mọi chặng đường, từ công việc đến giải trí. Bạn có thể đeo tai nghe khi đi làm, tập thể dục hay du lịch mà không cảm thấy vướng víu nhờ phần đệm tai làm từ chất liệu thân thiện với mọi loại da, tránh gây cảm giác khó chịu.\n\n**Trải nghiệm âm thanh vượt trội**\n\nTai nghe Edifier W800BT SE White được trang bị khả năng xử lý âm thanh tiên tiến, mang đến trải nghiệm âm nhạc sống động với bass mạnh mẽ, mid rõ ràng và treble sắc nét. Thông qua driver 40mm, chiếc tai nghe Edifier sở hữu khả năng tái hiện âm thanh chất lượng cao, phù hợp cho nhiều nhu cầu giải trí như nghe nhạc và chơi game.\n\nEdifier W800BT SE White còn được trang bị khả năng cách âm ấn tượng, giúp bạn đắm chìm vào không gian âm nhạc riêng mình mà không bị ảnh hưởng bởi các tác nhân bên ngoài. Điều này cũng giúp bạn dễ dàng tập trung cho công việc, đặc biệt là trong những lúc chạy deadline căng thẳng.\n\n**Trang bị kết nối linh hoạt**\n\nChiếc tai nghe Edifier W800BT SE White sử dụng công nghệ Bluetooth 5.4, mang đến tốc độ kết nối nhanh chóng và ổn định với các thiết bị khác như smartphone, máy tính bảng và laptop. Độ trễ thấp từ sản phẩm của Edifier đem đến trải nghiệm chơi game liền mạch giữa âm thanh và hình ảnh khi kết nối với các thiết bị khác, không thua kém bất kỳ chiếc tai nghe Bluetooth cao cấp nào trên thị trường.\n\n**Phục vụ nhu cầu sử dụng bền bỉ**\n\nEdifier W800BT SE White cung cấp thời gian sử dụng lên đến 45 giờ liên tục chỉ với một lần sạc đầy. Đối với người dùng có nhu cầu sử dụng trung bình, bạn có thể tạm biệt các thiết bị sạc trong một thời gian khá dài.\n\n**Đa năng trong khả năng điều khiển và tương thích**\n\nEdifier W800BT SE White được thiết kế với các nút điều khiển bố trí ở vị trí thuận lợi, cho phép người dùng dễ dàng điều chỉnh âm lượng, âm thanh và nhận cuộc gọi mà không cần thao tác phức tạp. Đây chắc chắn là điểm cộng lớn, đặc biệt với những người thường xuyên chạy bộ hoặc có những ngày cuối tuần thư giãn.\n\nTai nghe Edifier W800BT SE White tương thích tốt với nhiều hệ điều hành khác nhau, từ iOS đến Android. Từ đó, bạn dễ dàng lựa chọn thiết bị kết nối mà không cần lo ngại khi mua sắm các thiết bị di động.',
            12, 'https://product.hstatic.net/200000722513/product/3_eca1be299b8246b691b5038dc211d4c1.png', '2025-03-06T02:59:18+00:00',1);
        
INSERT INTO product_image (name, product_variant_id, image_url, is_main)
VALUES
    ('Ảnh 1', 41, 'https://product.hstatic.net/200000722513/product/3_eca1be299b8246b691b5038dc211d4c1.png', TRUE),
    ('Ảnh 2', 41, 'https://product.hstatic.net/200000722513/product/5_18ca5a17d1854a2c8c5bb8dbd2705eb8.png', FALSE),
    ('Ảnh 3', 41, 'https://product.hstatic.net/200000722513/product/7_bfb41a1d4d204b03b306fb36738fabcd.png', FALSE),
    ('Ảnh 4', 41, 'https://product.hstatic.net/200000722513/product/2_6b2f16fd853b4580b706f6386f3debe6.png', FALSE),
    ('Ảnh 5', 41, 'https://product.hstatic.net/200000722513/product/4_53358906d31e46aaa39d8471d36680dc.png', FALSE),
    ('Ảnh 6', 41, 'https://product.hstatic.net/200000722513/product/1_f6e4799e70f140fa87880f9c78673505.png', FALSE),
    ('Ảnh 7', 41, 'https://product.hstatic.net/200000722513/product/6_f2047e6dbda84a3c9f6ee9314be755b8.png', FALSE);
---
INSERT INTO product (name, seo_name, brand_id, specifications, description, created_by, image_url) 
    VALUES (
        'Tai nghe Edifier True Wireless X1 Lite White', 'tai-nghe-edifier-true-wireless-x1-lite-white', 30,
        '{"Tên sản phẩm": "Tai nghe Edifier True Wireless X1 Lite White", "Màu sắc": "Trắng", "Loại tai nghe": "True Wireless In-Ear", "Kết nối": "Bluetooth", "Phiên bản Bluetooth": "5.3", "Codec âm thanh": "SBC", "Kích thước driver": "13mm", "Tần số đáp ứng": "20Hz - 20kHz", "Độ nhạy": "94 ± 3dB SPL(A)", "Trở kháng": "32Ω", "Thời lượng pin tai nghe": "Khoảng 6 giờ", "Tổng thời lượng pin (kèm hộp sạc)": "Lên đến 30 giờ", "Cổng sạc": "USB Type-C", "Chống nước/bụi": "IP55", "Tính năng đặc biệt": "Chế độ Game Mode (độ trễ 60ms), Chống ồn môi trường ENC cho cuộc gọi", "Trọng lượng tai nghe (mỗi bên)": "Khoảng 3.4g", "Trọng lượng hộp sạc": "Khoảng 32.7g", "Nhà sản xuất": "Edifier"}',
        'Tai nghe Edifier True Wireless X1 Lite White mang đến trải nghiệm âm thanh sống động và tiện lợi tối đa cho người dùng. Với thiết kế tối giản, hiện đại và màu trắng trang nhã, X1 Lite White không chỉ là một thiết bị âm thanh mà còn là một phụ kiện thời trang cá tính. Công nghệ True Wireless tiên tiến loại bỏ hoàn toàn dây cáp, cho bạn sự tự do di chuyển tuyệt đối khi tập luyện, làm việc hay giải trí. Âm thanh được tinh chỉnh bởi các chuyên gia của Edifier, mang đến chất âm cân bằng, rõ ràng với âm bass sâu lắng và âm treble trong trẻo, tái hiện chân thực mọi giai điệu. Thời lượng pin ấn tượng cho phép bạn nghe nhạc liên tục trong nhiều giờ, đi kèm với hộp sạc nhỏ gọn, tiện lợi để mang theo và sạc lại bất cứ lúc nào. Kết nối Bluetooth 5.0 ổn định, nhanh chóng và tiết kiệm năng lượng, đảm bảo trải nghiệm nghe không bị gián đoạn. Edifier X1 Lite White còn được trang bị micro chất lượng cao, hỗ trợ đàm thoại rõ nét, giúp bạn dễ dàng nhận và thực hiện cuộc gọi. Khả năng chống nước nhẹ giúp tai nghe bền bỉ hơn trong các hoạt động ngoài trời hoặc khi đổ mồ hôi. Giao diện điều khiển cảm ứng trực quan cho phép bạn dễ dàng điều chỉnh nhạc, âm lượng và quản lý cuộc gọi chỉ bằng những thao tác chạm đơn giản. Edifier X1 Lite White là sự lựa chọn hoàn hảo cho những ai tìm kiếm sự kết hợp giữa chất lượng âm thanh đỉnh cao, thiết kế tinh tế và tính năng hiện đại trong một thiết bị nhỏ gọn.',
        1, 'https://product.hstatic.net/200000722513/product/tai-nghe-khong-day-tws-edifier-x__4__39d73dca0e3d477999bd74e8b4f20ccf.png'
    );
INSERT INTO product_category (product_id, category_id) VALUES (42, 24);
INSERT INTO product_variant (
        product_id, name, seo_name, supplier_id, price, price_sale, quantity, sku, model, barcode, 
        specifications, description, warranty, image_url, release_at, created_by)
        VALUES ( 42, 'Tai nghe Edifier True Wireless X1 Lite White', 'tai-nghe-edifier-true-wireless-x1-lite-white',
            1, 450000, 330000, 10, 'TAI-EDIFIER-X1-LITE-WHITE',
            'TAI-EDIFIER-X1-LITE-WHITE', 'TAI-EDIFIER-X1-LITE-WHITE',
            '{"Tên sản phẩm": "Tai nghe Edifier True Wireless X1 Lite White", "Màu sắc": "Trắng", "Loại tai nghe": "True Wireless In-Ear", "Kết nối": "Bluetooth", "Phiên bản Bluetooth": "5.3", "Codec âm thanh": "SBC", "Kích thước driver": "13mm", "Tần số đáp ứng": "20Hz - 20kHz", "Độ nhạy": "94 ± 3dB SPL(A)", "Trở kháng": "32Ω", "Thời lượng pin tai nghe": "Khoảng 6 giờ", "Tổng thời lượng pin (kèm hộp sạc)": "Lên đến 30 giờ", "Cổng sạc": "USB Type-C", "Chống nước/bụi": "IP55", "Tính năng đặc biệt": "Chế độ Game Mode (độ trễ 60ms), Chống ồn môi trường ENC cho cuộc gọi", "Trọng lượng tai nghe (mỗi bên)": "Khoảng 3.4g", "Trọng lượng hộp sạc": "Khoảng 32.7g", "Nhà sản xuất": "Edifier"}',
            'Tai nghe Edifier True Wireless X1 Lite White mang đến trải nghiệm âm thanh sống động và tiện lợi tối đa cho người dùng. Với thiết kế tối giản, hiện đại và màu trắng trang nhã, X1 Lite White không chỉ là một thiết bị âm thanh mà còn là một phụ kiện thời trang cá tính. Công nghệ True Wireless tiên tiến loại bỏ hoàn toàn dây cáp, cho bạn sự tự do di chuyển tuyệt đối khi tập luyện, làm việc hay giải trí. Âm thanh được tinh chỉnh bởi các chuyên gia của Edifier, mang đến chất âm cân bằng, rõ ràng với âm bass sâu lắng và âm treble trong trẻo, tái hiện chân thực mọi giai điệu. Thời lượng pin ấn tượng cho phép bạn nghe nhạc liên tục trong nhiều giờ, đi kèm với hộp sạc nhỏ gọn, tiện lợi để mang theo và sạc lại bất cứ lúc nào. Kết nối Bluetooth 5.0 ổn định, nhanh chóng và tiết kiệm năng lượng, đảm bảo trải nghiệm nghe không bị gián đoạn. Edifier X1 Lite White còn được trang bị micro chất lượng cao, hỗ trợ đàm thoại rõ nét, giúp bạn dễ dàng nhận và thực hiện cuộc gọi. Khả năng chống nước nhẹ giúp tai nghe bền bỉ hơn trong các hoạt động ngoài trời hoặc khi đổ mồ hôi. Giao diện điều khiển cảm ứng trực quan cho phép bạn dễ dàng điều chỉnh nhạc, âm lượng và quản lý cuộc gọi chỉ bằng những thao tác chạm đơn giản. Edifier X1 Lite White là sự lựa chọn hoàn hảo cho những ai tìm kiếm sự kết hợp giữa chất lượng âm thanh đỉnh cao, thiết kế tinh tế và tính năng hiện đại trong một thiết bị nhỏ gọn.',
            12, 'https://product.hstatic.net/200000722513/product/tai-nghe-khong-day-tws-edifier-x__4__39d73dca0e3d477999bd74e8b4f20ccf.png', '2025-03-07T08:45:56+00:00',1);
        
INSERT INTO product_image (name, product_variant_id, image_url, is_main)
VALUES
    ('Ảnh 1', 42, 'https://product.hstatic.net/200000722513/product/tai-nghe-khong-day-tws-edifier-x__4__39d73dca0e3d477999bd74e8b4f20ccf.png', TRUE),
    ('Ảnh 2', 42, 'https://product.hstatic.net/200000722513/product/tai-nghe-khong-day-tws-edifier-x__6__3eb742863c654177a62e9a6e20c82302.png', FALSE),
    ('Ảnh 3', 42, 'https://product.hstatic.net/200000722513/product/tai-nghe-khong-day-tws-edifier-x__8__609bfa0cfd344478a7140722174084e9.png', FALSE),
    ('Ảnh 4', 42, 'https://product.hstatic.net/200000722513/product/tai-nghe-khong-day-tws-edifier-x__5__ce6fcca8ba564be48d341e6a51fb495a.png', FALSE),
    ('Ảnh 5', 42, 'https://product.hstatic.net/200000722513/product/tai-nghe-khong-day-tws-edifier-x__7__65e6abd2352249ff8f6798e01842598b.png', FALSE);
---
INSERT INTO product (name, seo_name, brand_id, specifications, description, created_by, image_url) 
    VALUES (
        'Tai nghe Edifier True Wireless X1 Lite Black', 'tai-nghe-edifier-true-wireless-x1-lite-black', 30,
        '{"Tên sản phẩm": "Tai nghe Edifier True Wireless X1 Lite Black", "Thương hiệu": "Edifier", "Model": "X1 Lite", "Màu sắc": "Đen", "Loại tai nghe": "True Wireless In-ear", "Kết nối": "Không dây", "Phiên bản Bluetooth": "Bluetooth 5.3", "Khoảng cách kết nối": "Khoảng 10 mét", "Cổng sạc": "USB-C", "Thời lượng pin tai nghe": "Khoảng 6 giờ", "Tổng thời lượng pin (kèm hộp sạc)": "Khoảng 24 giờ", "Thời gian sạc (tai nghe)": "Khoảng 1.5 giờ", "Thời gian sạc (hộp sạc)": "Khoảng 2 giờ", "Kích thước Driver": "13mm", "Tần số đáp ứng": "20Hz - 20kHz", "Trở kháng": "32Ω", "Độ nhạy": "94 ± 3dB SPL (A)", "Chuẩn kháng nước": "IP55", "Codec âm thanh": "SBC", "Tính năng nổi bật": "Chế độ chơi game độ trễ thấp, Chống ồn cuộc gọi ENC", "Điều khiển": "Cảm ứng", "Trọng lượng tai nghe (mỗi bên)": "Khoảng 3.7g", "Trọng lượng hộp sạc": "Khoảng 29.5g"}',
        'Tai nghe không dây Edifier True Wireless X1 Lite Black là một trong những sản phẩm nổi bật trong dòng tai nghe không dây của Edifier. Với thiết kế tinh tế, âm thanh chất lượng và nhiều tính năng ưu việt, sản phẩm này xứng đáng là một lựa chọn tuyệt vời cho những tín đồ đam mê âm nhạc và công nghệ. Trong bài viết này, chúng ta sẽ cùng khám phá những đặc tính và tính năng nổi bật của Tai nghe Edifier X1 Lite Black.',
        1, 'https://product.hstatic.net/200000722513/product/tai-nghe-khong-day-tws-edifier-x_a875c8939f664f69966dd38f52c701c4.png'
    );
INSERT INTO product_category (product_id, category_id) VALUES (43, 24);
INSERT INTO product_variant (
        product_id, name, seo_name, supplier_id, price, price_sale, quantity, sku, model, barcode, 
        specifications, description, warranty, image_url, release_at, created_by)
        VALUES ( 43, 'Tai nghe Edifier True Wireless X1 Lite Black', 'tai-nghe-edifier-true-wireless-x1-lite-black',
            1, 450000, 350000, 10, 'TAI-EDIFIER-X1-LITE-BLACK',
            'TAI-EDIFIER-X1-LITE-BLACK', 'TAI-EDIFIER-X1-LITE-BLACK',
            '{"Tên sản phẩm": "Tai nghe Edifier True Wireless X1 Lite Black", "Thương hiệu": "Edifier", "Model": "X1 Lite", "Màu sắc": "Đen", "Loại tai nghe": "True Wireless In-ear", "Kết nối": "Không dây", "Phiên bản Bluetooth": "Bluetooth 5.3", "Khoảng cách kết nối": "Khoảng 10 mét", "Cổng sạc": "USB-C", "Thời lượng pin tai nghe": "Khoảng 6 giờ", "Tổng thời lượng pin (kèm hộp sạc)": "Khoảng 24 giờ", "Thời gian sạc (tai nghe)": "Khoảng 1.5 giờ", "Thời gian sạc (hộp sạc)": "Khoảng 2 giờ", "Kích thước Driver": "13mm", "Tần số đáp ứng": "20Hz - 20kHz", "Trở kháng": "32Ω", "Độ nhạy": "94 ± 3dB SPL (A)", "Chuẩn kháng nước": "IP55", "Codec âm thanh": "SBC", "Tính năng nổi bật": "Chế độ chơi game độ trễ thấp, Chống ồn cuộc gọi ENC", "Điều khiển": "Cảm ứng", "Trọng lượng tai nghe (mỗi bên)": "Khoảng 3.7g", "Trọng lượng hộp sạc": "Khoảng 29.5g"}',
            'Tai nghe không dây Edifier True Wireless X1 Lite Black là một trong những sản phẩm nổi bật trong dòng tai nghe không dây của Edifier. Với thiết kế tinh tế, âm thanh chất lượng và nhiều tính năng ưu việt, sản phẩm này xứng đáng là một lựa chọn tuyệt vời cho những tín đồ đam mê âm nhạc và công nghệ. Trong bài viết này, chúng ta sẽ cùng khám phá những đặc tính và tính năng nổi bật của Tai nghe Edifier X1 Lite Black.',
            12, 'https://product.hstatic.net/200000722513/product/tai-nghe-khong-day-tws-edifier-x_a875c8939f664f69966dd38f52c701c4.png', '2025-03-07T08:45:44+00:00',1);
        
INSERT INTO product_image (name, product_variant_id, image_url, is_main)
VALUES
    ('Ảnh 1', 43, 'https://product.hstatic.net/200000722513/product/tai-nghe-khong-day-tws-edifier-x_a875c8939f664f69966dd38f52c701c4.png', TRUE),
    ('Ảnh 2', 43, 'https://product.hstatic.net/200000722513/product/tai-nghe-khong-day-tws-edifier-x__2__447ce53fafd94304bb0223d4eb6b54db.png', FALSE),
    ('Ảnh 3', 43, 'https://product.hstatic.net/200000722513/product/tai-nghe-khong-day-tws-edifier-x__1__eb6dab1f1b224a2fba1d7c1cc2bb61ad.png', FALSE),
    ('Ảnh 4', 43, 'https://product.hstatic.net/200000722513/product/tai-nghe-khong-day-tws-edifier-x__3__f6b06da6ff3b480b9ad2ecf289a4513e.png', FALSE);
---
INSERT INTO product (name, seo_name, brand_id, specifications, description, created_by, image_url) 
    VALUES (
        'Tai nghe DareU EH925L Black Red RGB', 'tai-nghe-dareu-eh925l-black-red-rgb', 25,
        '{"Thương hiệu": "DareU", "Model": "EH925L Black Red RGB", "Loại tai nghe": "Chụp tai (Over-ear)", "Kiểu kết nối": "Có dây", "Chuẩn kết nối": "USB", "Kích thước Driver": "50mm", "Trở kháng tai nghe": "32 Ohm", "Độ nhạy tai nghe": "108dB", "Dải tần số": "20Hz - 20KHz", "Microphone": "Có", "Loại microphone": "Đa hướng (Omni-directional)", "Độ nhạy microphone": "-42dB", "Trở kháng microphone": "2.2 kOhm", "Đèn nền": "RGB", "Chiều dài cáp": "2.4m", "Chất liệu đệm tai": "Da Protein", "Màu sắc": "Đen đỏ", "Tương thích": "PC, Laptop"}',
        'Đánh giá Tai nghe DareU EH925L Black Red RGB\n\nNhiều người dùng thường gặp khó khăn với tai nghe nặng nề và không thoải mái, gây khó chịu trong quá trình sử dụng. Tuy nhiên, với trọng lượng nhẹ và đệm tai êm ái, Tai nghe DareU EH925L Black Red RGB nổi bật với thiết kế thể thao và ánh sáng RGB bắt mắt, mang đến trải nghiệm âm thanh sống động, giúp bạn tận hưởng âm nhạc và game trong thời gian dài mà không lo khó chịu.\n\n**Âm thanh sống động, hiệu ứng 7.1 ấn tượng**\n\nDareU EH925L Black Red RGB mang đến cho bạn trải nghiệm âm thanh sống động, chân thực với driver Φ53mm mạnh mẽ. Hệ thống âm thanh DareU-108B được tối ưu hóa để mang đến âm bass sâu, âm treble rõ nét và âm mid ấm áp, giúp bạn tận hưởng trọn vẹn âm nhạc, game hay phim ảnh.\n\nHiệu ứng 7.1 giả lập tạo cảm giác âm thanh vòm, giúp bạn định vị chính xác vị trí âm thanh trong game, đưa bạn vào thế giới game một cách chân thực nhất.\n\n**Thiết kế thời trang, chất lượng cao**\n\nDareU EH925L Black Red RGB được thiết kế với kiểu dáng over-ear hiện đại, cá tính. Đệm tai da mềm êm ái và headband kim loại chắc chắn mang đến sự thoải mái tối đa cho người sử dụng. Hệ thống đèn RGB rực rỡ tăng thêm vẻ đẹp và cá tính cho tai nghe.\n\n**Kết nối tiện lợi, tương thích đa nền tảng**\n\nDareU EH925L Black Red RGB sử dụng kết nối USB tiện lợi, dễ dàng kết nối với máy tính, laptop, mang đến trải nghiệm âm thanh chất lượng cao và tương thích với mọi hệ điều hành.',
        1, 'https://product.hstatic.net/200000722513/product/925_heiwushi_24-07-12_2560_3389_5f7927994ab345ffa6af37b008d3ed78.png'
    );
INSERT INTO product_category (product_id, category_id) VALUES (44, 24);
INSERT INTO product_variant (
        product_id, name, seo_name, supplier_id, price, price_sale, quantity, sku, model, barcode, 
        specifications, description, warranty, image_url, release_at, created_by)
        VALUES ( 44, 'Tai nghe DareU EH925L Black Red RGB', 'tai-nghe-dareu-eh925l-black-red-rgb',
            1, 0, 799000, 10, 'TAI-DAR-EH925L-BLACK-RED-RGB',
            'TAI-DAR-EH925L-BLACK-RED-RGB', 'TAI-DAR-EH925L-BLACK-RED-RGB',
            '{"Thương hiệu": "DareU", "Model": "EH925L Black Red RGB", "Loại tai nghe": "Chụp tai (Over-ear)", "Kiểu kết nối": "Có dây", "Chuẩn kết nối": "USB", "Kích thước Driver": "50mm", "Trở kháng tai nghe": "32 Ohm", "Độ nhạy tai nghe": "108dB", "Dải tần số": "20Hz - 20KHz", "Microphone": "Có", "Loại microphone": "Đa hướng (Omni-directional)", "Độ nhạy microphone": "-42dB", "Trở kháng microphone": "2.2 kOhm", "Đèn nền": "RGB", "Chiều dài cáp": "2.4m", "Chất liệu đệm tai": "Da Protein", "Màu sắc": "Đen đỏ", "Tương thích": "PC, Laptop"}',
            'Đánh giá Tai nghe DareU EH925L Black Red RGB\n\nNhiều người dùng thường gặp khó khăn với tai nghe nặng nề và không thoải mái, gây khó chịu trong quá trình sử dụng. Tuy nhiên, với trọng lượng nhẹ và đệm tai êm ái, Tai nghe DareU EH925L Black Red RGB nổi bật với thiết kế thể thao và ánh sáng RGB bắt mắt, mang đến trải nghiệm âm thanh sống động, giúp bạn tận hưởng âm nhạc và game trong thời gian dài mà không lo khó chịu.\n\n**Âm thanh sống động, hiệu ứng 7.1 ấn tượng**\n\nDareU EH925L Black Red RGB mang đến cho bạn trải nghiệm âm thanh sống động, chân thực với driver Φ53mm mạnh mẽ. Hệ thống âm thanh DareU-108B được tối ưu hóa để mang đến âm bass sâu, âm treble rõ nét và âm mid ấm áp, giúp bạn tận hưởng trọn vẹn âm nhạc, game hay phim ảnh.\n\nHiệu ứng 7.1 giả lập tạo cảm giác âm thanh vòm, giúp bạn định vị chính xác vị trí âm thanh trong game, đưa bạn vào thế giới game một cách chân thực nhất.\n\n**Thiết kế thời trang, chất lượng cao**\n\nDareU EH925L Black Red RGB được thiết kế với kiểu dáng over-ear hiện đại, cá tính. Đệm tai da mềm êm ái và headband kim loại chắc chắn mang đến sự thoải mái tối đa cho người sử dụng. Hệ thống đèn RGB rực rỡ tăng thêm vẻ đẹp và cá tính cho tai nghe.\n\n**Kết nối tiện lợi, tương thích đa nền tảng**\n\nDareU EH925L Black Red RGB sử dụng kết nối USB tiện lợi, dễ dàng kết nối với máy tính, laptop, mang đến trải nghiệm âm thanh chất lượng cao và tương thích với mọi hệ điều hành.',
            12, 'https://product.hstatic.net/200000722513/product/925_heiwushi_24-07-12_2560_3389_5f7927994ab345ffa6af37b008d3ed78.png', '2024-10-18T03:51:43+00:00',1);
        
INSERT INTO product_image (name, product_variant_id, image_url, is_main)
VALUES
    ('Ảnh 1', 44, 'https://product.hstatic.net/200000722513/product/925_heiwushi_24-07-12_2560_3389_5f7927994ab345ffa6af37b008d3ed78.png', TRUE),
    ('Ảnh 2', 44, 'https://product.hstatic.net/200000722513/product/925_heiwushi_24-07-12_2560_3389__2__3c231fe4d18846b5acf162e2f978a806.png', FALSE),
    ('Ảnh 3', 44, 'https://product.hstatic.net/200000722513/product/925_heiwushi_24-07-12_2560_3389__1__5a1d4f0c279a4572a87b4ddd01aef636.png', FALSE);
---
INSERT INTO product (name, seo_name, brand_id, specifications, description, created_by, image_url) 
    VALUES (
        'Tai nghe Gaming không dây ASUS ROG Delta II', 'tai-nghe-gaming-khong-day-asus-rog-delta-ii', 3,
        '{"Tên sản phẩm": "Tai nghe Gaming không dây ASUS ROG Delta II", "Kết nối": "Không dây 2.4 GHz, Bluetooth 5.2, USB-C", "Công nghệ không dây": "ROG HyperSpeed Wireless", "Trình điều khiển": "ASUS Essence Neodymium", "Kích thước trình điều khiển": "50 mm", "Trở kháng": "32 Ohm", "Tần số phản hồi (Tai nghe)": "20 Hz - 40000 Hz", "Tần số phản hồi (Micro)": "100 Hz - 10000 Hz", "Độ nhạy (Tai nghe)": "118 dB SPL", "Kiểu Micro": "Đa hướng, có thể tháo rời", "Khử ồn Micro": "Khử ồn AI", "Thời lượng pin": "Lên đến 50 giờ (tắt đèn RGB)", "Cổng sạc": "USB-C", "Phần mềm hỗ trợ": "Armoury Crate", "Nền tảng hỗ trợ": "PC, Mac, PlayStation 4/5, Nintendo Switch, Thiết bị di động", "Đèn nền": "RGB (hỗ trợ ASUS Aura Sync)", "Chất liệu đệm tai": "Da protein và Vải lưới", "Trọng lượng": "310 g", "Màu sắc": "Đen", "Âm thanh vòm": "Âm thanh vòm ảo 7.1", "Phạm vi không dây": "25 mét"}',
        'Đánh giá tai nghe gaming không dây ASUS ROG Delta II\n\nChiếc tai nghe hiện tại của bạn không giúp cách âm giữa game và môi trường xung quanh? Điều đó khiến bạn phân tâm và không thể tập trung hoàn toàn vào trò chơi? Để loại bỏ hoàn toàn điều đó, tai nghe gaming không dây ASUS ROG Delta II sẽ là lựa chọn tuyệt vời dành cho bạn.\n\n**Thiết kế ấn tượng dành cho game thủ**\n\nTai nghe gaming ASUS ROG Delta II sở hữu thiết kế ấn tượng, đậm chất gaming với những đường nét góc cạnh mang đến vẻ ngoài mạnh mẽ và cá tính. Với chất liệu cao cấp, bền bỉ, sản phẩm giúp người dùng có thể sử dụng thoải mái và đảm bảo tuổi thọ trong suốt quá trình sử dụng.\n\n**Âm thanh chân thật, sống động**\n\nTai nghe sử dụng driver 50mm phủ titan mang lại âm thanh chân thật, sống động, cân bằng âm thanh trong các tựa game, loại bỏ âm thanh bên ngoài giúp người dùng tập trung và đắm chìm vào trò chơi một cách trọn vẹn.\n\n**Tính năng DualFlow Audio độc đáo và micro siêu rộng**\n\nTính năng DualFlow Audio cho phép người dùng nghe nhạc từ 2 thiết bị kết nối Bluetooth và 2.4Hz cùng lúc, mang đến sự linh hoạt và tiện lợi tối đa trong quá trình sử dụng cho công việc hay giải trí. Cùng với đó là micro siêu rộng 10mm đảm bảo giọng nói của người dùng luôn rõ ràng, giúp giao tiếp trong game trở nên thuận lợi hơn, đặc biệt trong những tình huống khắc nghiệt.\n\n**Đa chế độ kết nối**\n\nROG Delta II hỗ trợ 3 chế độ kết nối để người dùng lựa chọn sao cho phù hợp với mục đích sử dụng, gồm: kết nối Bluetooth, kết nối không dây 2.4Hz và kết nối có dây 3.5mm. Nhờ 3 chế độ này, tai nghe có thể kết nối được với nhiều thiết bị khác nhau như PC, laptop, console, thiết bị di động.',
        1, 'https://product.hstatic.net/200000722513/product/tai_nghe_asus_rog_delta_ii_-_10_324093b09b2a4261b3de7bcced9abc30.png'
    );
INSERT INTO product_category (product_id, category_id) VALUES (45, 24);
INSERT INTO product_variant (
        product_id, name, seo_name, supplier_id, price, price_sale, quantity, sku, model, barcode, 
        specifications, description, warranty, image_url, release_at, created_by)
        VALUES ( 45, 'Tai nghe Gaming không dây ASUS ROG Delta II', 'tai-nghe-gaming-khong-day-asus-rog-delta-ii',
            1, 0, 5790000, 10, 'TAI-ASUS-ROG-DELTA-II',
            'TAI-ASUS-ROG-DELTA-II', 'TAI-ASUS-ROG-DELTA-II',
            '{"Tên sản phẩm": "Tai nghe Gaming không dây ASUS ROG Delta II", "Kết nối": "Không dây 2.4 GHz, Bluetooth 5.2, USB-C", "Công nghệ không dây": "ROG HyperSpeed Wireless", "Trình điều khiển": "ASUS Essence Neodymium", "Kích thước trình điều khiển": "50 mm", "Trở kháng": "32 Ohm", "Tần số phản hồi (Tai nghe)": "20 Hz - 40000 Hz", "Tần số phản hồi (Micro)": "100 Hz - 10000 Hz", "Độ nhạy (Tai nghe)": "118 dB SPL", "Kiểu Micro": "Đa hướng, có thể tháo rời", "Khử ồn Micro": "Khử ồn AI", "Thời lượng pin": "Lên đến 50 giờ (tắt đèn RGB)", "Cổng sạc": "USB-C", "Phần mềm hỗ trợ": "Armoury Crate", "Nền tảng hỗ trợ": "PC, Mac, PlayStation 4/5, Nintendo Switch, Thiết bị di động", "Đèn nền": "RGB (hỗ trợ ASUS Aura Sync)", "Chất liệu đệm tai": "Da protein và Vải lưới", "Trọng lượng": "310 g", "Màu sắc": "Đen", "Âm thanh vòm": "Âm thanh vòm ảo 7.1", "Phạm vi không dây": "25 mét"}',
            'Đánh giá tai nghe gaming không dây ASUS ROG Delta II\n\nChiếc tai nghe hiện tại của bạn không giúp cách âm giữa game và môi trường xung quanh? Điều đó khiến bạn phân tâm và không thể tập trung hoàn toàn vào trò chơi? Để loại bỏ hoàn toàn điều đó, tai nghe gaming không dây ASUS ROG Delta II sẽ là lựa chọn tuyệt vời dành cho bạn.\n\n**Thiết kế ấn tượng dành cho game thủ**\n\nTai nghe gaming ASUS ROG Delta II sở hữu thiết kế ấn tượng, đậm chất gaming với những đường nét góc cạnh mang đến vẻ ngoài mạnh mẽ và cá tính. Với chất liệu cao cấp, bền bỉ, sản phẩm giúp người dùng có thể sử dụng thoải mái và đảm bảo tuổi thọ trong suốt quá trình sử dụng.\n\n**Âm thanh chân thật, sống động**\n\nTai nghe sử dụng driver 50mm phủ titan mang lại âm thanh chân thật, sống động, cân bằng âm thanh trong các tựa game, loại bỏ âm thanh bên ngoài giúp người dùng tập trung và đắm chìm vào trò chơi một cách trọn vẹn.\n\n**Tính năng DualFlow Audio độc đáo và micro siêu rộng**\n\nTính năng DualFlow Audio cho phép người dùng nghe nhạc từ 2 thiết bị kết nối Bluetooth và 2.4Hz cùng lúc, mang đến sự linh hoạt và tiện lợi tối đa trong quá trình sử dụng cho công việc hay giải trí. Cùng với đó là micro siêu rộng 10mm đảm bảo giọng nói của người dùng luôn rõ ràng, giúp giao tiếp trong game trở nên thuận lợi hơn, đặc biệt trong những tình huống khắc nghiệt.\n\n**Đa chế độ kết nối**\n\nROG Delta II hỗ trợ 3 chế độ kết nối để người dùng lựa chọn sao cho phù hợp với mục đích sử dụng, gồm: kết nối Bluetooth, kết nối không dây 2.4Hz và kết nối có dây 3.5mm. Nhờ 3 chế độ này, tai nghe có thể kết nối được với nhiều thiết bị khác nhau như PC, laptop, console, thiết bị di động.',
            24, 'https://product.hstatic.net/200000722513/product/tai_nghe_asus_rog_delta_ii_-_10_324093b09b2a4261b3de7bcced9abc30.png', '2024-08-29T08:21:32+00:00',1);
        
INSERT INTO product_image (name, product_variant_id, image_url, is_main)
VALUES
    ('Ảnh 1', 45, 'https://product.hstatic.net/200000722513/product/tai_nghe_asus_rog_delta_ii_-_10_324093b09b2a4261b3de7bcced9abc30.png', TRUE),
    ('Ảnh 2', 45, 'https://product.hstatic.net/200000722513/product/tai_nghe_asus_rog_delta_ii_-_11_a24a2d1b14cd45bd9c275884b98a1bc6.png', FALSE),
    ('Ảnh 3', 45, 'https://product.hstatic.net/200000722513/product/tai_nghe_asus_rog_delta_ii_-_12_43e68ca5a23e4a5eb183f72e45b5d64f.png', FALSE),
    ('Ảnh 4', 45, 'https://product.hstatic.net/200000722513/product/tai_nghe_asus_rog_delta_ii_-_14_b50bd46416d745e3a21e8633b1142993.png', FALSE),
    ('Ảnh 5', 45, 'https://product.hstatic.net/200000722513/product/tai_nghe_asus_rog_delta_ii_-_13_e747c725854a4b4d8c7dadb71d2a6a50.png', FALSE),
    ('Ảnh 6', 45, 'https://product.hstatic.net/200000722513/product/tai_nghe_asus_rog_delta_ii_-_8_b5fb4b03c8c74924bf45db4824bc01c6.png', FALSE),
    ('Ảnh 7', 45, 'https://product.hstatic.net/200000722513/product/tai_nghe_asus_rog_delta_ii_-_1_6ac220a824594b709205455a848fd698.png', FALSE),
    ('Ảnh 8', 45, 'https://product.hstatic.net/200000722513/product/post-03_033d67d9396f461bbb1db1e9dc1b1864.jpg', FALSE),
    ('Ảnh 9', 45, 'https://product.hstatic.net/200000722513/product/post-05_6891113dc2af4dd6bfc468e4aa641a67.jpg', FALSE),
    ('Ảnh 10', 45, 'https://product.hstatic.net/200000722513/product/post-09_de8ab4a2922e4ebc8c4a9484c5bd51bf.jpg', FALSE),
    ('Ảnh 11', 45, 'https://product.hstatic.net/200000722513/product/post-10_781950f17a4e4543b434de5b642a4a29.jpg', FALSE),
    ('Ảnh 12', 45, 'https://product.hstatic.net/200000722513/product/post-11_eaf1b1c028dc4ca6b19b7b093221fae3.jpg', FALSE),
    ('Ảnh 13', 45, 'https://product.hstatic.net/200000722513/product/post-13_400ad46e3eaf40f4b7d0db3f86d923fa.jpg', FALSE),
    ('Ảnh 14', 45, 'https://product.hstatic.net/200000722513/product/post-14_77726cb0c22c4449af7e549c073eda9c.jpg', FALSE),
    ('Ảnh 15', 45, 'https://product.hstatic.net/200000722513/product/post-15_b0ea7eaad20043f0b29eed8caa3d2a59.jpg', FALSE),
    ('Ảnh 16', 45, 'https://product.hstatic.net/200000722513/product/post-16_8592afb81d044dfc95645877a875e2b4.jpg', FALSE),
    ('Ảnh 17', 45, 'https://product.hstatic.net/200000722513/product/post-20_ef95f865a5b145998c828982e4303102.jpg', FALSE),
    ('Ảnh 18', 45, 'https://product.hstatic.net/200000722513/product/post-01_148867af1ccf4029ada2f492d0a32f79.jpg', FALSE);
---
INSERT INTO product (name, seo_name, brand_id, specifications, description, created_by, image_url) 
    VALUES (
        'Tai nghe SteelSeries Xbox Arctis Nova 5 Black', 'tai-nghe-steelseries-xbox-arctis-nova-5-black', 18,
        '{"Tên sản phẩm": "Tai nghe SteelSeries Arctis Nova 5 for Xbox", "Màu sắc": "Đen", "Kết nối không dây": "Xbox Wireless, Bluetooth 5.2", "Kết nối có dây": "USB-C", "Tương thích": "Xbox, PC, PlayStation, Nintendo Switch, Mobile", "Loại Drivers": "Drivers Neodymium độ trung thực cao", "Dải tần tai nghe": "20–22.000 Hz", "Độ nhạy tai nghe": "93 dBSPL", "Trở kháng tai nghe": "36 Ohm", "Tổng độ méo hài (THD)": "< 1%", "Loại Micro": "ClearCast Gen 2.X có thể thu gọn", "Dải tần Micro": "100–10.000 Hz", "Độ nhạy Micro": "-38 dBV/Pa", "Kiểu thu Micro": "Đa hướng chống ồn", "Thời lượng pin": "Khoảng 60 giờ (với Xbox Wireless)", "Sạc nhanh": "15 phút sạc cho 6 giờ sử dụng", "Cổng sạc": "USB-C", "Phần mềm hỗ trợ": "Nova 5 Companion App, Sonar Audio Software Suite (PC)", "Chất liệu đệm tai": "Bọt hoạt tính AirWeave", "Tính năng đặc biệt": "Kết nối đồng thời Xbox Wireless và Bluetooth"}',
        'SteelSeries – nhà sản xuất dòng tai nghe Arctis, đã giành được nhiều giải thưởng trong ngành công nghiệp game. Dòng tai nghe Arctis nổi tiếng với chất lượng âm thanh xuất sắc, thiết kế thoải mái và tính năng đa dạng, được các game thủ và chuyên gia đánh giá cao. Nổi bật trong số đó phải kể đến tai nghe SteelSeries Arctis Nova 5 Wireless. Nova 5 Wireless và ứng dụng đồng hành Nova 5 là lựa chọn lý tưởng cho các game thủ yêu cầu âm thanh chất lượng cao, kết nối đa nền tảng, khả năng tùy chỉnh linh hoạt cùng thời lượng pin ấn tượng.',
        1, 'https://product.hstatic.net/200000722513/product/tai-nghe-steelseries-arctis-nova_976a87d72f954b62ae7b17bfc0f62a9e.png'
    );
INSERT INTO product_category (product_id, category_id) VALUES (46, 24);
INSERT INTO product_variant (
        product_id, name, seo_name, supplier_id, price, price_sale, quantity, sku, model, barcode, 
        specifications, description, warranty, image_url, release_at, created_by)
        VALUES ( 46, 'Tai nghe SteelSeries Xbox Arctis Nova 5 Black', 'tai-nghe-steelseries-xbox-arctis-nova-5-black',
            1, 4290000, 3190000, 10, 'TAI-STEEL-XBOX-ARCTIS-NOVA-5-BLACK',
            'TAI-STEEL-XBOX-ARCTIS-NOVA-5-BLACK', 'TAI-STEEL-XBOX-ARCTIS-NOVA-5-BLACK',
            '{"Tên sản phẩm": "Tai nghe SteelSeries Arctis Nova 5 for Xbox", "Màu sắc": "Đen", "Kết nối không dây": "Xbox Wireless, Bluetooth 5.2", "Kết nối có dây": "USB-C", "Tương thích": "Xbox, PC, PlayStation, Nintendo Switch, Mobile", "Loại Drivers": "Drivers Neodymium độ trung thực cao", "Dải tần tai nghe": "20–22.000 Hz", "Độ nhạy tai nghe": "93 dBSPL", "Trở kháng tai nghe": "36 Ohm", "Tổng độ méo hài (THD)": "< 1%", "Loại Micro": "ClearCast Gen 2.X có thể thu gọn", "Dải tần Micro": "100–10.000 Hz", "Độ nhạy Micro": "-38 dBV/Pa", "Kiểu thu Micro": "Đa hướng chống ồn", "Thời lượng pin": "Khoảng 60 giờ (với Xbox Wireless)", "Sạc nhanh": "15 phút sạc cho 6 giờ sử dụng", "Cổng sạc": "USB-C", "Phần mềm hỗ trợ": "Nova 5 Companion App, Sonar Audio Software Suite (PC)", "Chất liệu đệm tai": "Bọt hoạt tính AirWeave", "Tính năng đặc biệt": "Kết nối đồng thời Xbox Wireless và Bluetooth"}',
            'SteelSeries – nhà sản xuất dòng tai nghe Arctis, đã giành được nhiều giải thưởng trong ngành công nghiệp game. Dòng tai nghe Arctis nổi tiếng với chất lượng âm thanh xuất sắc, thiết kế thoải mái và tính năng đa dạng, được các game thủ và chuyên gia đánh giá cao. Nổi bật trong số đó phải kể đến tai nghe SteelSeries Arctis Nova 5 Wireless. Nova 5 Wireless và ứng dụng đồng hành Nova 5 là lựa chọn lý tưởng cho các game thủ yêu cầu âm thanh chất lượng cao, kết nối đa nền tảng, khả năng tùy chỉnh linh hoạt cùng thời lượng pin ấn tượng.',
            12, 'https://product.hstatic.net/200000722513/product/tai-nghe-steelseries-arctis-nova_976a87d72f954b62ae7b17bfc0f62a9e.png', '2024-08-24T05:31:28+00:00',1);
        
INSERT INTO product_image (name, product_variant_id, image_url, is_main)
VALUES
    ('Ảnh 1', 46, 'https://product.hstatic.net/200000722513/product/tai-nghe-steelseries-arctis-nova_976a87d72f954b62ae7b17bfc0f62a9e.png', TRUE),
    ('Ảnh 2', 46, 'https://product.hstatic.net/200000722513/product/tai-nghe-steelseries-arctis-nova__1__745b679f230c49f5a696f8aa374ed8cb.png', FALSE),
    ('Ảnh 3', 46, 'https://product.hstatic.net/200000722513/product/resizer.php_644465387fde4b3e9472f8ecfe2a2d28.png', FALSE),
    ('Ảnh 4', 46, 'https://product.hstatic.net/200000722513/product/resizer.php__1__fb9af0a351c442398e04653b01429c1c.png', FALSE),
    ('Ảnh 5', 46, 'https://product.hstatic.net/200000722513/product/resizer.php__2__00b4799d381b4b1baa42963db3c33009.png', FALSE);
---
INSERT INTO product (name, seo_name, brand_id, specifications, description, created_by, image_url) 
    VALUES (
        'Tai nghe SteelSeries Arctis Nova 5 Black', 'tai-nghe-steelseries-arctis-nova-5-black', 18,
        '{"Tên sản phẩm": "Tai nghe SteelSeries Arctis Nova 5 Black", "Thương hiệu": "SteelSeries", "Model": "Arctis Nova 5", "Loại tai nghe": "Over-ear", "Kết nối": "Không dây (2.4GHz USB-C, Bluetooth 5.3)", "Tương thích": "PC, Mac, PlayStation, Nintendo Switch, Android, iOS, Meta Quest", "Kích thước driver": "40 mm", "Tần số phản hồi tai nghe": "20 - 22.000 Hz", "Độ nhạy tai nghe": "93 dBSPL", "Trở kháng tai nghe": "36 Ohm", "Tần số phản hồi micro": "100 - 10.000 Hz", "Độ nhạy micro": "-38 dBV/Pa", "Kiểu micro": "ClearCast Gen 2, đa hướng", "Thời lượng pin": "Lên đến 60 giờ (2.4GHz)", "Cổng sạc": "USB-C", "Màu sắc": "Đen", "Trọng lượng": "264 gram", "Tính năng đặc biệt": "Quick-Switch Wireless, Nova Acoustic System, 40 EQ Presets"}',
        'SteelSeries – nhà sản xuất dòng tai nghe Arctis đã giành được nhiều giải thưởng trong ngành công nghiệp game. Dòng tai nghe Arctis nổi tiếng với chất lượng âm thanh xuất sắc, thiết kế thoải mái và tính năng đa dạng, được các game thủ và chuyên gia đánh giá cao. Nổi bật trong số đó phải kể đến tai nghe SteelSeries Arctis Nova 5 Wireless. Nova 5 Wireless và ứng dụng đồng hành Nova 5 là sự lựa chọn lý tưởng cho các game thủ yêu cầu âm thanh chất lượng cao, kết nối đa nền tảng, khả năng tùy chỉnh linh hoạt cùng thời lượng pin ấn tượng.',
        1, 'https://product.hstatic.net/200000722513/product/84676_tai_nghe_gaming_khong_day_d4b9ac7d7c854fe9bfb7b7d9707da44d.png'
    );
INSERT INTO product_category (product_id, category_id) VALUES (47, 24);
INSERT INTO product_variant (
        product_id, name, seo_name, supplier_id, price, price_sale, quantity, sku, model, barcode, 
        specifications, description, warranty, image_url, release_at, created_by)
        VALUES ( 47, 'Tai nghe SteelSeries Arctis Nova 5 Black', 'tai-nghe-steelseries-arctis-nova-5-black',
            1, 4290000, 3490000, 10, 'TAI-STEEL-ARCTIS-NOVA-5-BLACK',
            'TAI-STEEL-ARCTIS-NOVA-5-BLACK', 'TAI-STEEL-ARCTIS-NOVA-5-BLACK',
            '{"Tên sản phẩm": "Tai nghe SteelSeries Arctis Nova 5 Black", "Thương hiệu": "SteelSeries", "Model": "Arctis Nova 5", "Loại tai nghe": "Over-ear", "Kết nối": "Không dây (2.4GHz USB-C, Bluetooth 5.3)", "Tương thích": "PC, Mac, PlayStation, Nintendo Switch, Android, iOS, Meta Quest", "Kích thước driver": "40 mm", "Tần số phản hồi tai nghe": "20 - 22.000 Hz", "Độ nhạy tai nghe": "93 dBSPL", "Trở kháng tai nghe": "36 Ohm", "Tần số phản hồi micro": "100 - 10.000 Hz", "Độ nhạy micro": "-38 dBV/Pa", "Kiểu micro": "ClearCast Gen 2, đa hướng", "Thời lượng pin": "Lên đến 60 giờ (2.4GHz)", "Cổng sạc": "USB-C", "Màu sắc": "Đen", "Trọng lượng": "264 gram", "Tính năng đặc biệt": "Quick-Switch Wireless, Nova Acoustic System, 40 EQ Presets"}',
            'SteelSeries – nhà sản xuất dòng tai nghe Arctis đã giành được nhiều giải thưởng trong ngành công nghiệp game. Dòng tai nghe Arctis nổi tiếng với chất lượng âm thanh xuất sắc, thiết kế thoải mái và tính năng đa dạng, được các game thủ và chuyên gia đánh giá cao. Nổi bật trong số đó phải kể đến tai nghe SteelSeries Arctis Nova 5 Wireless. Nova 5 Wireless và ứng dụng đồng hành Nova 5 là sự lựa chọn lý tưởng cho các game thủ yêu cầu âm thanh chất lượng cao, kết nối đa nền tảng, khả năng tùy chỉnh linh hoạt cùng thời lượng pin ấn tượng.',
            12, 'https://product.hstatic.net/200000722513/product/84676_tai_nghe_gaming_khong_day_d4b9ac7d7c854fe9bfb7b7d9707da44d.png', '2024-08-24T05:31:26+00:00',1);
        
INSERT INTO product_image (name, product_variant_id, image_url, is_main)
VALUES
    ('Ảnh 1', 47, 'https://product.hstatic.net/200000722513/product/84676_tai_nghe_gaming_khong_day_d4b9ac7d7c854fe9bfb7b7d9707da44d.png', TRUE),
    ('Ảnh 2', 47, 'https://product.hstatic.net/200000722513/product/84676_tai_nghe_gaming_khong_day__1__5408618f45b54975b9cdfec5df618965.png', FALSE),
    ('Ảnh 3', 47, 'https://product.hstatic.net/200000722513/product/84676_tai_nghe_gaming_khong_day__3__790affa9683045d2b641183d0ee7f345.png', FALSE),
    ('Ảnh 4', 47, 'https://product.hstatic.net/200000722513/product/84676_tai_nghe_gaming_khong_day__2__1bc25b806817467ea28c4add7a16aafe.png', FALSE);
---
INSERT INTO product (name, seo_name, brand_id, specifications, description, created_by, image_url) 
    VALUES (
        'Tai nghe DareU EH469 7.1 RGB Pink', 'tai-nghe-dareu-eh469-7-1-rgb-pink', 25,
        '{"Thương hiệu:": "DareU", "Bảo hành:": "12 tháng", "Series/Model:": "EH469 7.1 RGB Pink", "Màu sắc:": "Hồng", "Kiểu tai nghe:": "Over-ear", "Kiểu kết nối:": "Có dây", "LED:": "Có LED RGB tự thay đổi màu sắc", "Chuẩn kết nối:": "USB type A", "Microphone:": "Có thể điều chỉnh hướng", "Trở kháng:": "32 Ohm ở 1KHz", "Tần số:": "20Hz - 20KHz", "Khả năng cách âm:": "Có", "Chất liệu khung:": "Hợp kim", "Chất liệu đệm tai nghe:": "Da mềm", "Phụ kiện đi kèm:": "Hướng dẫn sử dụng", "Tương thích:": "Windows / MacOS", "Chức năng đặc biệt:": "Giả lập âm thanh 7.1"}',
        'Tai nghe DareU EH469 7.1 RGB Pink là sự kết hợp hoàn hảo giữa hiệu năng âm thanh đỉnh cao, thiết kế thời trang và công nghệ hiện đại, mang đến trải nghiệm giải trí và chơi game sống động. Sở hữu công nghệ âm thanh vòm 7.1 ảo, EH469 tái tạo âm thanh chính xác đến từng chi tiết, giúp bạn dễ dàng định vị đối thủ trong game, cảm nhận trọn vẹn từng cung bậc cảm xúc trong âm nhạc hay phim ảnh. Dải âm bass mạnh mẽ, âm trung và cao trong trẻo, EH469 đáp ứng mọi nhu cầu nghe của người dùng. Điểm nhấn nổi bật của chiếc tai nghe này là hệ thống đèn LED RGB với khả năng tùy chỉnh đa dạng, tạo nên hiệu ứng ánh sáng độc đáo, phù hợp với không gian gaming cá tính. Vẻ ngoài màu hồng pastel nhẹ nhàng, nữ tính, kết hợp với đệm tai giả da cao cấp, siêu mềm mại và phần khung tai nghe có thể điều chỉnh linh hoạt, đảm bảo sự thoải mái tối đa ngay cả khi sử dụng trong thời gian dài. Micro có khả năng chống ồn, thu âm rõ ràng, giúp giao tiếp với đồng đội mượt mà. Kết nối USB tiện lợi, tương thích với nhiều thiết bị. Tai nghe DareU EH469 7.1 RGB Pink không chỉ là một phụ kiện âm thanh, mà còn là tuyên ngôn phong cách cho những ai yêu thích sự trẻ trung, năng động và không ngừng khám phá.',
        1, 'https://product.hstatic.net/200000722513/product/34400_dareu_eh469_pink_1d57e30add8f42eca3eaa006d32481e2_5fea9259b65343acadecc1b76079c8b4.jpg'
    );
INSERT INTO product_category (product_id, category_id) VALUES (48, 24);
INSERT INTO product_variant (
        product_id, name, seo_name, supplier_id, price, price_sale, quantity, sku, model, barcode, 
        specifications, description, warranty, image_url, release_at, created_by)
        VALUES ( 48, 'Tai nghe DareU EH469 7.1 RGB Pink', 'tai-nghe-dareu-eh469-7-1-rgb-pink',
            1, 590000, 400000, 10, 'TAI-DAR-EH469-RGB-PINK',
            'TAI-DAR-EH469-RGB-PINK', 'TAI-DAR-EH469-RGB-PINK',
            '{"Thương hiệu:": "DareU", "Bảo hành:": "12 tháng", "Series/Model:": "EH469 7.1 RGB Pink", "Màu sắc:": "Hồng", "Kiểu tai nghe:": "Over-ear", "Kiểu kết nối:": "Có dây", "LED:": "Có LED RGB tự thay đổi màu sắc", "Chuẩn kết nối:": "USB type A", "Microphone:": "Có thể điều chỉnh hướng", "Trở kháng:": "32 Ohm ở 1KHz", "Tần số:": "20Hz - 20KHz", "Khả năng cách âm:": "Có", "Chất liệu khung:": "Hợp kim", "Chất liệu đệm tai nghe:": "Da mềm", "Phụ kiện đi kèm:": "Hướng dẫn sử dụng", "Tương thích:": "Windows / MacOS", "Chức năng đặc biệt:": "Giả lập âm thanh 7.1"}',
            'Tai nghe DareU EH469 7.1 RGB Pink là sự kết hợp hoàn hảo giữa hiệu năng âm thanh đỉnh cao, thiết kế thời trang và công nghệ hiện đại, mang đến trải nghiệm giải trí và chơi game sống động. Sở hữu công nghệ âm thanh vòm 7.1 ảo, EH469 tái tạo âm thanh chính xác đến từng chi tiết, giúp bạn dễ dàng định vị đối thủ trong game, cảm nhận trọn vẹn từng cung bậc cảm xúc trong âm nhạc hay phim ảnh. Dải âm bass mạnh mẽ, âm trung và cao trong trẻo, EH469 đáp ứng mọi nhu cầu nghe của người dùng. Điểm nhấn nổi bật của chiếc tai nghe này là hệ thống đèn LED RGB với khả năng tùy chỉnh đa dạng, tạo nên hiệu ứng ánh sáng độc đáo, phù hợp với không gian gaming cá tính. Vẻ ngoài màu hồng pastel nhẹ nhàng, nữ tính, kết hợp với đệm tai giả da cao cấp, siêu mềm mại và phần khung tai nghe có thể điều chỉnh linh hoạt, đảm bảo sự thoải mái tối đa ngay cả khi sử dụng trong thời gian dài. Micro có khả năng chống ồn, thu âm rõ ràng, giúp giao tiếp với đồng đội mượt mà. Kết nối USB tiện lợi, tương thích với nhiều thiết bị. Tai nghe DareU EH469 7.1 RGB Pink không chỉ là một phụ kiện âm thanh, mà còn là tuyên ngôn phong cách cho những ai yêu thích sự trẻ trung, năng động và không ngừng khám phá.',
            12, 'https://product.hstatic.net/200000722513/product/34400_dareu_eh469_pink_1d57e30add8f42eca3eaa006d32481e2_5fea9259b65343acadecc1b76079c8b4.jpg', '2023-06-03T09:26:48+00:00',1);
        
INSERT INTO product_image (name, product_variant_id, image_url, is_main)
VALUES
    ('Ảnh 1', 48, 'https://product.hstatic.net/200000722513/product/34400_dareu_eh469_pink_1d57e30add8f42eca3eaa006d32481e2_5fea9259b65343acadecc1b76079c8b4.jpg', TRUE),
    ('Ảnh 2', 48, 'https://product.hstatic.net/200000722513/product/_gvn8890_d519abdb8c9a469aba95ab88c62bf2b8_e7033fa9ef74479db2918086d4216e3e.jpg', FALSE),
    ('Ảnh 3', 48, 'https://product.hstatic.net/200000722513/product/_gvn8888_e6d7b1f9ae3e4d249016d8b2338ceb30_adb2ea763c9645d2980818e45a1e6f22.jpg', FALSE),
    ('Ảnh 4', 48, 'https://product.hstatic.net/200000722513/product/_gvn8892_ff10ed7b669745358264a903189cb04e_081c44ec94a14adea88068766d84401e.jpg', FALSE),
    ('Ảnh 5', 48, 'https://product.hstatic.net/200000722513/product/_gvn8894_0ad8345edee04221929145e75e5107f9_3101791b14554960b77265def91a6b2e.jpg', FALSE);
---
INSERT INTO product (name, seo_name, brand_id, specifications, description, created_by, image_url) 
    VALUES (
        'Tai nghe Edifier Không dây W820NB Xanh Dương', 'tai-nghe-edifier-khong-day-w820nb-xanh-duong', 30,
        '{"Thương hiệu": "Edifier", "Model": "W820NB", "Màu sắc": "Xanh Dương", "Loại tai nghe": "Chụp tai (Over-ear)", "Công nghệ kết nối": "Không dây Bluetooth", "Phiên bản Bluetooth": "5.2", "Hỗ trợ chống ồn chủ động (ANC)": "Có", "Kích thước màng loa": "40mm", "Dải tần số": "20Hz - 40kHz", "Thời lượng pin (ANC bật)": "Khoảng 29 giờ", "Thời lượng pin (ANC tắt)": "Khoảng 49 giờ", "Thời gian sạc": "Khoảng 1.5 giờ", "Cổng sạc": "USB-C", "Tích hợp micro": "Có", "Chế độ độ trễ thấp": "Có (Chế độ Game)", "Codec âm thanh": "SBC, AAC", "Trọng lượng": "Khoảng 220g", "Chứng nhận âm thanh": "Hi-Res Audio", "Phạm vi hoạt động": "10 mét", "Trở kháng": "32 Ohm", "Độ nhạy": "91dB"}',
        'Tai nghe Edifier không dây W820NB đắm chìm trong những giai điệu âm thanh sống động, với chi tiết âm nhạc được tái hiện một cách tinh tế. Trải nghiệm chơi game đỉnh cao với chế độ Game Mode, giúp bạn hòa mình vào trận đấu với độ trễ cực thấp. Ngoài ra, tai nghe còn được trang bị chức năng chống ồn, luôn giữ cho bạn một không gian riêng để tận hưởng chất lượng âm thanh mà không lo bị ảnh hưởng bởi tiếng ồn xung quanh.',
        1, 'https://product.hstatic.net/200000722513/product/d14a80cafe9eb5c44dd5e1f826dd9bf_32a5b028d5034e1e8340d24b27aca92b_large_7707b842735d493b859483923c7501b2.png'
    );
INSERT INTO product_category (product_id, category_id) VALUES (49, 24);
INSERT INTO product_variant (
        product_id, name, seo_name, supplier_id, price, price_sale, quantity, sku, model, barcode, 
        specifications, description, warranty, image_url, release_at, created_by)
        VALUES ( 49, 'Tai nghe Edifier Không dây W820NB Xanh Dương', 'tai-nghe-edifier-khong-day-w820nb-xanh-duong',
            1, 1390000, 1050000, 10, 'TAI-EDIFIER-W820NB-XANH-DUONG',
            'TAI-EDIFIER-W820NB-XANH-DUONG', 'TAI-EDIFIER-W820NB-XANH-DUONG',
            '{"Thương hiệu": "Edifier", "Model": "W820NB", "Màu sắc": "Xanh Dương", "Loại tai nghe": "Chụp tai (Over-ear)", "Công nghệ kết nối": "Không dây Bluetooth", "Phiên bản Bluetooth": "5.2", "Hỗ trợ chống ồn chủ động (ANC)": "Có", "Kích thước màng loa": "40mm", "Dải tần số": "20Hz - 40kHz", "Thời lượng pin (ANC bật)": "Khoảng 29 giờ", "Thời lượng pin (ANC tắt)": "Khoảng 49 giờ", "Thời gian sạc": "Khoảng 1.5 giờ", "Cổng sạc": "USB-C", "Tích hợp micro": "Có", "Chế độ độ trễ thấp": "Có (Chế độ Game)", "Codec âm thanh": "SBC, AAC", "Trọng lượng": "Khoảng 220g", "Chứng nhận âm thanh": "Hi-Res Audio", "Phạm vi hoạt động": "10 mét", "Trở kháng": "32 Ohm", "Độ nhạy": "91dB"}',
            'Tai nghe Edifier không dây W820NB đắm chìm trong những giai điệu âm thanh sống động, với chi tiết âm nhạc được tái hiện một cách tinh tế. Trải nghiệm chơi game đỉnh cao với chế độ Game Mode, giúp bạn hòa mình vào trận đấu với độ trễ cực thấp. Ngoài ra, tai nghe còn được trang bị chức năng chống ồn, luôn giữ cho bạn một không gian riêng để tận hưởng chất lượng âm thanh mà không lo bị ảnh hưởng bởi tiếng ồn xung quanh.',
            12, 'https://product.hstatic.net/200000722513/product/d14a80cafe9eb5c44dd5e1f826dd9bf_32a5b028d5034e1e8340d24b27aca92b_large_7707b842735d493b859483923c7501b2.png', '2024-07-17T06:53:38+00:00',1);
        
INSERT INTO product_image (name, product_variant_id, image_url, is_main)
VALUES
    ('Ảnh 1', 49, 'https://product.hstatic.net/200000722513/product/d14a80cafe9eb5c44dd5e1f826dd9bf_32a5b028d5034e1e8340d24b27aca92b_large_7707b842735d493b859483923c7501b2.png', TRUE);
---
INSERT INTO product (name, seo_name, brand_id, specifications, description, created_by, image_url) 
    VALUES (
        'Tai nghe Edifier Không dây W820NB Đen', 'tai-nghe-edifier-khong-day-w820nb-den', 30,
        '{"Công nghệ âm thanh": "Chống ồn chủ động (ANC)", "Thời lượng pin": "49 giờ", "Thời gian sạc": "1.5 giờ", "Cổng sạc": "Type-C, sạc nhanh", "Kiểu tai nghe": "Over-ear", "Kiểu kết nối": "USB Type-C, Bluetooth 5.0", "Micro": "Có", "Phạm vi kết nối": "10m", "Thao tác điều khiển": "Chuyển bài, điều chỉnh âm lượng, trả lời cuộc gọi, chuyển đổi giữa các chế độ khác nhau"}',
        'Tai nghe Edifier Không dây W820NB Đen là một lựa chọn tuyệt vời cho những ai đang tìm kiếm một thiết bị âm thanh chất lượng cao, đa năng và thoải mái. Với thiết kế over-ear sang trọng và màu đen tinh tế, W820NB không chỉ là một phụ kiện công nghệ mà còn là điểm nhấn cho phong cách của bạn. Công nghệ chống ồn chủ động (ANC) tiên tiến giúp loại bỏ tiếng ồn xung quanh hiệu quả, mang đến trải nghiệm âm thanh chân thực và đắm chìm, dù bạn đang ở nơi công cộng ồn ào hay trong không gian yên tĩnh tại nhà. Dải tần đáp ứng rộng cùng màng loa 40mm chất lượng cao cho âm bass mạnh mẽ, âm trung rõ ràng và âm cao chi tiết, tái tạo mọi sắc thái âm nhạc một cách sống động. Kết nối Bluetooth 5.0 ổn định và nhanh chóng cho phép bạn nghe nhạc, xem phim hoặc chơi game mà không gặp gián đoạn. Thời lượng pin ấn tượng lên đến 48 giờ (khi tắt ANC) hoặc 33 giờ (khi bật ANC) đảm bảo bạn có thể sử dụng tai nghe liên tục trong nhiều ngày mà không cần lo lắng về việc sạc pin. Tính năng sạc nhanh cũng là một điểm cộng, chỉ với 10 phút sạc bạn có thể có thêm 4 giờ sử dụng. Thiết kế đệm tai êm ái, headband có thể điều chỉnh và trọng lượng nhẹ nhàng mang lại cảm giác đeo thoải mái ngay cả khi sử dụng trong thời gian dài. Ngoài ra, tai nghe còn tích hợp micro chất lượng cao cho các cuộc gọi thoại rõ ràng, cùng với khả năng kết nối đa điểm, cho phép bạn dễ dàng chuyển đổi giữa hai thiết bị. Edifier W820NB Đen còn có chế độ độ trễ thấp, lý tưởng cho việc chơi game và xem video. Với tất cả những tính năng này, Tai nghe Edifier Không dây W820NB Đen chắc chắn sẽ làm hài lòng cả những người dùng khó tính nhất.',
        1, 'https://product.hstatic.net/200000722513/product/355c57c4f4a47b7f109c7f6bd50ee20_772faa967d304c3d8ee29e3a2aff2e21_large_baccfbef050147538bca37c0ced1487e.png'
    );
INSERT INTO product_category (product_id, category_id) VALUES (50, 24);
INSERT INTO product_variant (
        product_id, name, seo_name, supplier_id, price, price_sale, quantity, sku, model, barcode, 
        specifications, description, warranty, image_url, release_at, created_by)
        VALUES ( 50, 'Tai nghe Edifier Không dây W820NB Đen', 'tai-nghe-edifier-khong-day-w820nb-den',
            1, 1390000, 890000, 10, 'TAI-EDIFIER-W820NB-DEN',
            'TAI-EDIFIER-W820NB-DEN', 'TAI-EDIFIER-W820NB-DEN',
            '{"Công nghệ âm thanh": "Chống ồn chủ động (ANC)", "Thời lượng pin": "49 giờ", "Thời gian sạc": "1.5 giờ", "Cổng sạc": "Type-C, sạc nhanh", "Kiểu tai nghe": "Over-ear", "Kiểu kết nối": "USB Type-C, Bluetooth 5.0", "Micro": "Có", "Phạm vi kết nối": "10m", "Thao tác điều khiển": "Chuyển bài, điều chỉnh âm lượng, trả lời cuộc gọi, chuyển đổi giữa các chế độ khác nhau"}',
            'Tai nghe Edifier Không dây W820NB Đen là một lựa chọn tuyệt vời cho những ai đang tìm kiếm một thiết bị âm thanh chất lượng cao, đa năng và thoải mái. Với thiết kế over-ear sang trọng và màu đen tinh tế, W820NB không chỉ là một phụ kiện công nghệ mà còn là điểm nhấn cho phong cách của bạn. Công nghệ chống ồn chủ động (ANC) tiên tiến giúp loại bỏ tiếng ồn xung quanh hiệu quả, mang đến trải nghiệm âm thanh chân thực và đắm chìm, dù bạn đang ở nơi công cộng ồn ào hay trong không gian yên tĩnh tại nhà. Dải tần đáp ứng rộng cùng màng loa 40mm chất lượng cao cho âm bass mạnh mẽ, âm trung rõ ràng và âm cao chi tiết, tái tạo mọi sắc thái âm nhạc một cách sống động. Kết nối Bluetooth 5.0 ổn định và nhanh chóng cho phép bạn nghe nhạc, xem phim hoặc chơi game mà không gặp gián đoạn. Thời lượng pin ấn tượng lên đến 48 giờ (khi tắt ANC) hoặc 33 giờ (khi bật ANC) đảm bảo bạn có thể sử dụng tai nghe liên tục trong nhiều ngày mà không cần lo lắng về việc sạc pin. Tính năng sạc nhanh cũng là một điểm cộng, chỉ với 10 phút sạc bạn có thể có thêm 4 giờ sử dụng. Thiết kế đệm tai êm ái, headband có thể điều chỉnh và trọng lượng nhẹ nhàng mang lại cảm giác đeo thoải mái ngay cả khi sử dụng trong thời gian dài. Ngoài ra, tai nghe còn tích hợp micro chất lượng cao cho các cuộc gọi thoại rõ ràng, cùng với khả năng kết nối đa điểm, cho phép bạn dễ dàng chuyển đổi giữa hai thiết bị. Edifier W820NB Đen còn có chế độ độ trễ thấp, lý tưởng cho việc chơi game và xem video. Với tất cả những tính năng này, Tai nghe Edifier Không dây W820NB Đen chắc chắn sẽ làm hài lòng cả những người dùng khó tính nhất.',
            12, 'https://product.hstatic.net/200000722513/product/355c57c4f4a47b7f109c7f6bd50ee20_772faa967d304c3d8ee29e3a2aff2e21_large_baccfbef050147538bca37c0ced1487e.png', '2024-07-17T06:49:26+00:00',1);
        
INSERT INTO product_image (name, product_variant_id, image_url, is_main)
VALUES
    ('Ảnh 1', 50, 'https://product.hstatic.net/200000722513/product/355c57c4f4a47b7f109c7f6bd50ee20_772faa967d304c3d8ee29e3a2aff2e21_large_baccfbef050147538bca37c0ced1487e.png', TRUE);
---
INSERT INTO product (name, seo_name, brand_id, specifications, description, created_by, image_url) 
    VALUES (
        'Tai nghe Edifier Không dây W820NB Trắng', 'tai-nghe-edifier-khong-day-w820nb-trang-nga', 30,
        '{"Công nghệ âm thanh": "Chống ồn chủ động ANC", "Thời lượng pin": "49 giờ", "Thời gian sạc": "1.5 giờ", "Cổng sạc": "Type-C, sạc nhanh", "Kiểu tai nghe": "Over-ear", "Kiểu kết nối": "USB Type-C, Bluetooth 5.0", "Micro": "Có", "Phạm vi kết nối": "10m", "Thao tác điều khiển": "Chuyển bài, điều chỉnh âm lượng, trả lời cuộc gọi, chuyển đổi giữa các chế độ khác nhau"}',
        'Trên thị trường tai nghe Bluetooth ngày càng đa dạng, Edifier W820NB Trắng Ngà nổi bật với sự kết hợp hoàn hảo giữa thiết kế đẹp mắt, chất âm tinh tế và tính năng chống ồn hiệu quả. Đây không chỉ là một sản phẩm tai nghe thông thường, mà còn là một trợ thủ đắc lực cho những người yêu thích âm nhạc và cần sự tập trung trong môi trường ồn ào.\n\n**Thiết kế siêu nhẹ, tiện lợi**\nVới trọng lượng siêu nhẹ chỉ 220g và thiết kế nhỏ gọn, tai nghe Edifier W820NB Trắng Ngà mang lại cảm giác thoải mái và dễ dàng mang theo bên mình. Khung kim loại chắc chắn có thể điều chỉnh kích cỡ để phù hợp với mọi kích cỡ đầu, đảm bảo sự vững chắc và thoải mái cho người sử dụng. Đặc biệt, vỏ tai bằng nhựa ABS cao cấp kết hợp với chụp tai bằng da protein mềm mại, êm ái, tạo ra một trải nghiệm đeo không gây khó chịu ngay cả trong thời gian dài. Khả năng gập gọn khi không sử dụng giúp sản phẩm trở nên tiện lợi và dễ dàng cất giữ.\n\n**Âm thanh tinh tế và chân thật**\nTai nghe Edifier W820NB Trắng Ngà, với mức giá chỉ 1 triệu đồng, không chỉ gây ấn tượng với thiết kế mà còn với chất âm tuyệt vời. Sản phẩm được trang bị công nghệ âm thanh Hi-Res chất lượng cao, mang lại những chi tiết rõ ràng và sống động, từ những dải âm bass mạnh mẽ cho đến những âm mid và treble trong trẻo.\n\nVới hỗ trợ LDAC - codec Bluetooth cao cấp, Edifier W820NB Trắng Ngà cho phép truyền tải âm thanh chất lượng cao, đảm bảo trải nghiệm nghe nhạc tuyệt vời nhất cho người dùng. Đồng thời, tính năng chống ồn chủ động với khả năng chống ồn hiệu quả lên đến 43dB giúp người dùng tập trung vào âm nhạc hoặc cuộc trò chuyện mà không bị ảnh hưởng bởi tiếng ồn xung quanh.\n\n**Thời lượng pin cao**\nVới thời lượng pin lên đến 49 giờ sử dụng liên tục sau mỗi lần sạc đầy và hỗ trợ sạc nhanh chóng chỉ trong 1,5 giờ, giúp tiết kiệm thời gian và tối ưu hóa trải nghiệm người dùng. Edifier W820NB Trắng Ngà là sự lựa chọn lý tưởng cho những người thường xuyên di chuyển và cần sự đồng hành của âm nhạc.\n\nNgoài ra, các tính năng khác như micro đàm thoại tích hợp, kết nối Bluetooth 5.2 ổn định, hỗ trợ aptX, cổng kết nối Type-C và tương thích với ứng dụng Edifier Connect giúp người dùng dễ dàng điều chỉnh cài đặt và cập nhật phần mềm.',
        1, 'https://product.hstatic.net/200000722513/product/fb4d7148326dbafe6c7949eeea20d43_10f0e89552c74fcfbaf376e82ab53397_large_7706945df66449f58fdce0f538651e29.png'
    );
INSERT INTO product_category (product_id, category_id) VALUES (51, 24);
INSERT INTO product_variant (
        product_id, name, seo_name, supplier_id, price, price_sale, quantity, sku, model, barcode, 
        specifications, description, warranty, image_url, release_at, created_by)
        VALUES ( 51, 'Tai nghe Edifier Không dây W820NB Trắng', 'tai-nghe-edifier-khong-day-w820nb-trang-nga',
            1, 1390000, 790000, 10, 'TAI-EDIFIER-W820NB-TRANG',
            'TAI-EDIFIER-W820NB-TRANG', 'TAI-EDIFIER-W820NB-TRANG',
            '{"Công nghệ âm thanh": "Chống ồn chủ động ANC", "Thời lượng pin": "49 giờ", "Thời gian sạc": "1.5 giờ", "Cổng sạc": "Type-C, sạc nhanh", "Kiểu tai nghe": "Over-ear", "Kiểu kết nối": "USB Type-C, Bluetooth 5.0", "Micro": "Có", "Phạm vi kết nối": "10m", "Thao tác điều khiển": "Chuyển bài, điều chỉnh âm lượng, trả lời cuộc gọi, chuyển đổi giữa các chế độ khác nhau"}',
            'Trên thị trường tai nghe Bluetooth ngày càng đa dạng, Edifier W820NB Trắng Ngà nổi bật với sự kết hợp hoàn hảo giữa thiết kế đẹp mắt, chất âm tinh tế và tính năng chống ồn hiệu quả. Đây không chỉ là một sản phẩm tai nghe thông thường, mà còn là một trợ thủ đắc lực cho những người yêu thích âm nhạc và cần sự tập trung trong môi trường ồn ào.\n\n**Thiết kế siêu nhẹ, tiện lợi**\nVới trọng lượng siêu nhẹ chỉ 220g và thiết kế nhỏ gọn, tai nghe Edifier W820NB Trắng Ngà mang lại cảm giác thoải mái và dễ dàng mang theo bên mình. Khung kim loại chắc chắn có thể điều chỉnh kích cỡ để phù hợp với mọi kích cỡ đầu, đảm bảo sự vững chắc và thoải mái cho người sử dụng. Đặc biệt, vỏ tai bằng nhựa ABS cao cấp kết hợp với chụp tai bằng da protein mềm mại, êm ái, tạo ra một trải nghiệm đeo không gây khó chịu ngay cả trong thời gian dài. Khả năng gập gọn khi không sử dụng giúp sản phẩm trở nên tiện lợi và dễ dàng cất giữ.\n\n**Âm thanh tinh tế và chân thật**\nTai nghe Edifier W820NB Trắng Ngà, với mức giá chỉ 1 triệu đồng, không chỉ gây ấn tượng với thiết kế mà còn với chất âm tuyệt vời. Sản phẩm được trang bị công nghệ âm thanh Hi-Res chất lượng cao, mang lại những chi tiết rõ ràng và sống động, từ những dải âm bass mạnh mẽ cho đến những âm mid và treble trong trẻo.\n\nVới hỗ trợ LDAC - codec Bluetooth cao cấp, Edifier W820NB Trắng Ngà cho phép truyền tải âm thanh chất lượng cao, đảm bảo trải nghiệm nghe nhạc tuyệt vời nhất cho người dùng. Đồng thời, tính năng chống ồn chủ động với khả năng chống ồn hiệu quả lên đến 43dB giúp người dùng tập trung vào âm nhạc hoặc cuộc trò chuyện mà không bị ảnh hưởng bởi tiếng ồn xung quanh.\n\n**Thời lượng pin cao**\nVới thời lượng pin lên đến 49 giờ sử dụng liên tục sau mỗi lần sạc đầy và hỗ trợ sạc nhanh chóng chỉ trong 1,5 giờ, giúp tiết kiệm thời gian và tối ưu hóa trải nghiệm người dùng. Edifier W820NB Trắng Ngà là sự lựa chọn lý tưởng cho những người thường xuyên di chuyển và cần sự đồng hành của âm nhạc.\n\nNgoài ra, các tính năng khác như micro đàm thoại tích hợp, kết nối Bluetooth 5.2 ổn định, hỗ trợ aptX, cổng kết nối Type-C và tương thích với ứng dụng Edifier Connect giúp người dùng dễ dàng điều chỉnh cài đặt và cập nhật phần mềm.',
            12, 'https://product.hstatic.net/200000722513/product/fb4d7148326dbafe6c7949eeea20d43_10f0e89552c74fcfbaf376e82ab53397_large_7706945df66449f58fdce0f538651e29.png', '2024-07-17T06:51:15+00:00',1);
        
INSERT INTO product_image (name, product_variant_id, image_url, is_main)
VALUES
    ('Ảnh 1', 51, 'https://product.hstatic.net/200000722513/product/fb4d7148326dbafe6c7949eeea20d43_10f0e89552c74fcfbaf376e82ab53397_large_7706945df66449f58fdce0f538651e29.png', TRUE);
---
INSERT INTO product (name, seo_name, brand_id, specifications, description, created_by, image_url) 
    VALUES (
        'Tai nghe ASUS TUF GAMING H1 Wireless Black(90YH0391-B3UA00)', 'tai-nghe-asus-tuf-gaming-h1-wireless-black-90yh0391-b3ua00', 3,
        '{"Công nghệ âm thanh": "Stereo, Virtual 7.1 (Windows Sonic)", "Hướng âm micro": "Định hướng", "Độ nhạy micro": "-45dB", "Đáp ứng tần số micro": "100Hz - 10kHz", "Tính năng": "Có mic đàm thoại", "Cổng kết nối": "3.5mm", "Thao tác điều khiển": "Nút tắt/mở Micro, Tùy chỉnh âm lượng", "Trở kháng tai nghe": "60 ohm", "Chất liệu bộ truyền âm": "Nam châm neođim", "Trọng lượng": "287 g", "Hãng sản xuất": "ASUS"}',
        'Tai nghe ASUS TUF GAMING H1 Wireless Black (90YH0391-B3UA00) mang đến trải nghiệm âm thanh không dây đỉnh cao cho game thủ, kết hợp sự thoải mái, bền bỉ và hiệu suất âm thanh ấn tượng. Với kết nối không dây 2.4GHz, bạn có thể tự do di chuyển mà không lo vướng víu, đồng thời đảm bảo tín hiệu âm thanh ổn định và độ trễ thấp, cực kỳ quan trọng trong các trận đấu game đòi hỏi phản xạ nhanh.\n\nThiết kế của TUF GAMING H1 tập trung vào sự thoải mái khi đeo trong thời gian dài. Earcup bằng da protein cao cấp bọc đệm mút hoạt tính mang lại cảm giác êm ái, đồng thời cách âm hiệu quả. Phần đệm tai nghe được thiết kế công thái học, ôm sát tai mà không gây áp lực khó chịu. Khung tai nghe làm từ thép không gỉ, đảm bảo độ bền bỉ vượt trội, sẵn sàng đồng hành cùng bạn qua mọi cuộc chinh phạt ảo.\n\nMicrophone của TUF GAMING H1 được chứng nhận Discord và TeamSpeak, mang lại khả năng thu âm rõ ràng, loại bỏ tiếng ồn xung quanh, giúp đồng đội của bạn nghe rõ từng mệnh lệnh. Chất âm được tinh chỉnh đặc biệt cho game, với driver ASUS Essence 50mm, tái tạo âm thanh sống động, chi tiết, từ tiếng bước chân lén lút đến những vụ nổ hoành tráng, cho bạn lợi thế cạnh tranh.\n\nVới thời lượng pin lên đến 15 giờ, bạn có thể thoải mái chiến game suốt cả ngày mà không cần lo lắng về việc sạc pin. Tai nghe còn tích hợp các nút điều khiển tiện lợi ngay trên earcup, cho phép bạn dễ dàng điều chỉnh âm lượng, tắt/bật micro mà không cần rời khỏi trận đấu. Tai nghe ASUS TUF GAMING H1 Wireless Black là sự lựa chọn hoàn hảo cho những game thủ chuyên nghiệp và những người yêu thích trải nghiệm gaming đỉnh cao.',
        1, 'https://product.hstatic.net/200000722513/product/w692_6f9f5f8ddac84d3593c8e5fa17926a3f.png'
    );
INSERT INTO product_category (product_id, category_id) VALUES (52, 24);
INSERT INTO product_variant (
        product_id, name, seo_name, supplier_id, price, price_sale, quantity, sku, model, barcode, 
        specifications, description, warranty, image_url, release_at, created_by)
        VALUES ( 52, 'Tai nghe ASUS TUF GAMING H1 Wireless Black(90YH0391-B3UA00)', 'tai-nghe-asus-tuf-gaming-h1-wireless-black-90yh0391-b3ua00',
            1, 0, 1490000, 10, 'TAI-ASUS-TUF-H1-WL-BLACK-90YH0391-B3UA00',
            'TAI-ASUS-TUF-H1-WL-BLACK-90YH0391-B3UA00', 'TAI-ASUS-TUF-H1-WL-BLACK-90YH0391-B3UA00',
            '{"Công nghệ âm thanh": "Stereo, Virtual 7.1 (Windows Sonic)", "Hướng âm micro": "Định hướng", "Độ nhạy micro": "-45dB", "Đáp ứng tần số micro": "100Hz - 10kHz", "Tính năng": "Có mic đàm thoại", "Cổng kết nối": "3.5mm", "Thao tác điều khiển": "Nút tắt/mở Micro, Tùy chỉnh âm lượng", "Trở kháng tai nghe": "60 ohm", "Chất liệu bộ truyền âm": "Nam châm neođim", "Trọng lượng": "287 g", "Hãng sản xuất": "ASUS"}',
            'Tai nghe ASUS TUF GAMING H1 Wireless Black (90YH0391-B3UA00) mang đến trải nghiệm âm thanh không dây đỉnh cao cho game thủ, kết hợp sự thoải mái, bền bỉ và hiệu suất âm thanh ấn tượng. Với kết nối không dây 2.4GHz, bạn có thể tự do di chuyển mà không lo vướng víu, đồng thời đảm bảo tín hiệu âm thanh ổn định và độ trễ thấp, cực kỳ quan trọng trong các trận đấu game đòi hỏi phản xạ nhanh.\n\nThiết kế của TUF GAMING H1 tập trung vào sự thoải mái khi đeo trong thời gian dài. Earcup bằng da protein cao cấp bọc đệm mút hoạt tính mang lại cảm giác êm ái, đồng thời cách âm hiệu quả. Phần đệm tai nghe được thiết kế công thái học, ôm sát tai mà không gây áp lực khó chịu. Khung tai nghe làm từ thép không gỉ, đảm bảo độ bền bỉ vượt trội, sẵn sàng đồng hành cùng bạn qua mọi cuộc chinh phạt ảo.\n\nMicrophone của TUF GAMING H1 được chứng nhận Discord và TeamSpeak, mang lại khả năng thu âm rõ ràng, loại bỏ tiếng ồn xung quanh, giúp đồng đội của bạn nghe rõ từng mệnh lệnh. Chất âm được tinh chỉnh đặc biệt cho game, với driver ASUS Essence 50mm, tái tạo âm thanh sống động, chi tiết, từ tiếng bước chân lén lút đến những vụ nổ hoành tráng, cho bạn lợi thế cạnh tranh.\n\nVới thời lượng pin lên đến 15 giờ, bạn có thể thoải mái chiến game suốt cả ngày mà không cần lo lắng về việc sạc pin. Tai nghe còn tích hợp các nút điều khiển tiện lợi ngay trên earcup, cho phép bạn dễ dàng điều chỉnh âm lượng, tắt/bật micro mà không cần rời khỏi trận đấu. Tai nghe ASUS TUF GAMING H1 Wireless Black là sự lựa chọn hoàn hảo cho những game thủ chuyên nghiệp và những người yêu thích trải nghiệm gaming đỉnh cao.',
            24, 'https://product.hstatic.net/200000722513/product/w692_6f9f5f8ddac84d3593c8e5fa17926a3f.png', '2024-07-17T07:17:56+00:00',1);
        
INSERT INTO product_image (name, product_variant_id, image_url, is_main)
VALUES
    ('Ảnh 1', 52, 'https://product.hstatic.net/200000722513/product/w692_6f9f5f8ddac84d3593c8e5fa17926a3f.png', TRUE);
---
INSERT INTO product (name, seo_name, brand_id, specifications, description, created_by, image_url) 
    VALUES (
        'Tai nghe Lenovo Legion E510 7.1', 'tai-nghe-lenovo-legion-e510-7-1', 34,
        '{"Màu sắc": "Stormy Grey", "Trọng lượng": "26 g", "Loại bảo hành": "Customer Replaceable Unit", "Các nút điều khiển": "Vol+, Vol-, Play/Pause, Mic Mute, Sound effect/RGB LED", "Độ méo tiếng": "1% @ 1 KHz", "Driver": "φ10 mm (dynamic) + 5.0 mm x 2.69 mm x 1.94 mm (Balance Armature)", "Dải tần số": "20 Hz~40 kHz", "Trở kháng": "32Ω", "Nguồn yêu cầu": "5V 120 mA", "Độ nhạy": "94 dB @ 1 kHz", "Ngõ vào âm thanh": "Type-C", "Thương hiệu": "Lenovo", "Yêu cầu hệ điều hành": "Windows 10", "Trọng lượng đóng gói": "252 g", "Chứng nhận": "CE, CB, FCC, ICES, VCCI, KCC, EQM, EAC", "Loại bao bì": "Gift Box", "Kích thước đóng gói (Dài x Rộng x Cao)": "140 mm x 58 mm x 175 mm", "Nhiệt độ hoạt động tối đa": "45℃", "Nhiệt độ hoạt động tối thiểu": "-10°C", "Độ ẩm tương đối tối đa": "95%", "Độ ẩm tương đối tối thiểu": "20%", "Phụ kiện đi kèm": "Carrying Pouch, Earmuffs, Quick Start Guide, Warranty Poster", "Microphone": "1-MIC (Analogue MIC), Omnidirectional, Sensitivity: -38±1 dBV, SNR: typ. 64 dB(A)"}',
        'Tai nghe Lenovo Legion E510 7.1 mang đến trải nghiệm âm thanh vòm sống động, giúp bạn đắm chìm hoàn toàn vào thế giới game. Với công nghệ âm thanh 7.1 ảo, bạn có thể nghe rõ từng bước chân địch thủ, tiếng súng hay hiệu ứng môi trường xung quanh, mang lại lợi thế chiến thuật vượt trội. Thiết kế của E510 7.1 tập trung vào sự thoải mái cho game thủ trong thời gian dài sử dụng. Earcup làm từ chất liệu da mềm mại, thoáng khí, ôm trọn tai mà không gây áp lực. Đệm tai có khả năng cách âm tốt, giúp bạn tập trung tối đa vào trận đấu. Khung tai nghe được làm từ kim loại bền bỉ, đảm bảo độ chắc chắn và tuổi thọ cao. Micro có khả năng khử tiếng ồn, thu âm giọng nói rõ ràng, giúp giao tiếp với đồng đội trở nên liền mạch và hiệu quả. Dây cáp dài, bọc dù chống rối, tăng cường độ bền và sự linh hoạt khi sử dụng. Tai nghe còn được trang bị bộ điều khiển đa năng trên dây, cho phép bạn dễ dàng điều chỉnh âm lượng, bật/tắt micro hoặc điều khiển phát/tạm dừng nhạc mà không cần rời khỏi màn hình. Tương thích rộng rãi với nhiều thiết bị qua cổng USB, bao gồm PC, laptop, PlayStation, Nintendo Switch và các thiết bị di động khác. Logo Legion phát sáng tạo điểm nhấn phong cách, thể hiện cá tính game thủ. Lenovo Legion E510 7.1 không chỉ là một chiếc tai nghe, mà là một vũ khí lợi hại, nâng tầm trải nghiệm gaming của bạn lên một đẳng cấp mới.',
        1, 'https://product.hstatic.net/200000722513/product/k34w32708r0uk91t922d0fgj1izy5p588576_d0dd3e3d473b406fbbd65413f787cf8f.png'
    );
INSERT INTO product_category (product_id, category_id) VALUES (53, 48);
INSERT INTO product_variant (
        product_id, name, seo_name, supplier_id, price, price_sale, quantity, sku, model, barcode, 
        specifications, description, warranty, image_url, release_at, created_by)
        VALUES ( 53, 'Tai nghe Lenovo Legion E510 7.1', 'tai-nghe-lenovo-legion-e510-7-1',
            1, 0, 1490000, 10, 'TAI-LENOVO-LEGION-E510',
            'TAI-LENOVO-LEGION-E510', 'TAI-LENOVO-LEGION-E510',
            '{"Màu sắc": "Stormy Grey", "Trọng lượng": "26 g", "Loại bảo hành": "Customer Replaceable Unit", "Các nút điều khiển": "Vol+, Vol-, Play/Pause, Mic Mute, Sound effect/RGB LED", "Độ méo tiếng": "1% @ 1 KHz", "Driver": "φ10 mm (dynamic) + 5.0 mm x 2.69 mm x 1.94 mm (Balance Armature)", "Dải tần số": "20 Hz~40 kHz", "Trở kháng": "32Ω", "Nguồn yêu cầu": "5V 120 mA", "Độ nhạy": "94 dB @ 1 kHz", "Ngõ vào âm thanh": "Type-C", "Thương hiệu": "Lenovo", "Yêu cầu hệ điều hành": "Windows 10", "Trọng lượng đóng gói": "252 g", "Chứng nhận": "CE, CB, FCC, ICES, VCCI, KCC, EQM, EAC", "Loại bao bì": "Gift Box", "Kích thước đóng gói (Dài x Rộng x Cao)": "140 mm x 58 mm x 175 mm", "Nhiệt độ hoạt động tối đa": "45℃", "Nhiệt độ hoạt động tối thiểu": "-10°C", "Độ ẩm tương đối tối đa": "95%", "Độ ẩm tương đối tối thiểu": "20%", "Phụ kiện đi kèm": "Carrying Pouch, Earmuffs, Quick Start Guide, Warranty Poster", "Microphone": "1-MIC (Analogue MIC), Omnidirectional, Sensitivity: -38±1 dBV, SNR: typ. 64 dB(A)"}',
            'Tai nghe Lenovo Legion E510 7.1 mang đến trải nghiệm âm thanh vòm sống động, giúp bạn đắm chìm hoàn toàn vào thế giới game. Với công nghệ âm thanh 7.1 ảo, bạn có thể nghe rõ từng bước chân địch thủ, tiếng súng hay hiệu ứng môi trường xung quanh, mang lại lợi thế chiến thuật vượt trội. Thiết kế của E510 7.1 tập trung vào sự thoải mái cho game thủ trong thời gian dài sử dụng. Earcup làm từ chất liệu da mềm mại, thoáng khí, ôm trọn tai mà không gây áp lực. Đệm tai có khả năng cách âm tốt, giúp bạn tập trung tối đa vào trận đấu. Khung tai nghe được làm từ kim loại bền bỉ, đảm bảo độ chắc chắn và tuổi thọ cao. Micro có khả năng khử tiếng ồn, thu âm giọng nói rõ ràng, giúp giao tiếp với đồng đội trở nên liền mạch và hiệu quả. Dây cáp dài, bọc dù chống rối, tăng cường độ bền và sự linh hoạt khi sử dụng. Tai nghe còn được trang bị bộ điều khiển đa năng trên dây, cho phép bạn dễ dàng điều chỉnh âm lượng, bật/tắt micro hoặc điều khiển phát/tạm dừng nhạc mà không cần rời khỏi màn hình. Tương thích rộng rãi với nhiều thiết bị qua cổng USB, bao gồm PC, laptop, PlayStation, Nintendo Switch và các thiết bị di động khác. Logo Legion phát sáng tạo điểm nhấn phong cách, thể hiện cá tính game thủ. Lenovo Legion E510 7.1 không chỉ là một chiếc tai nghe, mà là một vũ khí lợi hại, nâng tầm trải nghiệm gaming của bạn lên một đẳng cấp mới.',
            0, 'https://product.hstatic.net/200000722513/product/k34w32708r0uk91t922d0fgj1izy5p588576_d0dd3e3d473b406fbbd65413f787cf8f.png', '2024-05-18T08:32:52+00:00',1);
        
INSERT INTO product_image (name, product_variant_id, image_url, is_main)
VALUES
    ('Ảnh 1', 53, 'https://product.hstatic.net/200000722513/product/k34w32708r0uk91t922d0fgj1izy5p588576_d0dd3e3d473b406fbbd65413f787cf8f.png', TRUE),
    ('Ảnh 2', 53, 'https://product.hstatic.net/200000722513/product/1_2796d0a1c7f244c6a75841de975dd80f.png', FALSE);
---
INSERT INTO product (name, seo_name, brand_id, specifications, description, created_by, image_url) 
    VALUES (
        'Tai nghe Razer Hammerhead True Wireless HyperSpeed (Playstation)', 'tai-nghe-razer-hammerhead-true-wireless-hyperspeed-playstation', 15,
        '{"Hãng sản xuất:": "Razer", "Bảo hành:": "24 tháng", "Model:": "Hammerhead True Wireless Hyperspeed - Playstation", "Màu:": "Trắng", "Kiểu tai nghe:": "In-ear", "Kiểu kết nối:": "True wireless (không dây hoàn toàn)", "Chuẩn kết nối:": "Bluetooth, Wireless", "Khả năng cách âm:": "Có", "Microphone:": "Có", "Tần số:": "20 Hz - 20000 Hz", "Trở kháng:": "16 Ohm", "Độ nhạy:": "Microphone: -26 dBFS", "Phạm vi kết nối:": "10m", "Thời lượng pin:": "LIGHTING OFF / ANC OFF: Lên đến 32.5 giờ (6.5 giờ tai nghe + 26 giờ sạc từ case). Được kiểm tra trên thiết bị IOS với 50% âm lượng. LIGHTING ON / ANC OFF: Lên đến 27.5 giờ (5.5 giờ tai nghe + 22 giờ sạc từ case). Được kiểm tra trên thiết bị IOS với 50% âm lượng và độ sáng ở chế độ breathing effect. LIGHTING OFF / ANC ON: Lên đến 22.5 giờ (4.5 giờ tai nghe + 18 giờ sạc từ case). Được kiểm tra trên thiết bị ISO với 50% âm lượng và ANC ON. LIGHTING ON / ANC ON: Lên đến 20 giờ (4 giờ tai nghe + 16 giờ từ case). Được kiểm tra trên thiết bị IOS với 50% âm lượng, độ sáng ở chế độ breathing effect và ANC ON.", "Drivers:": "10 mm", "Trọng lượng:": "53 g", "Tương thích:": "PS5, PC, MAC, Điện thoại, máy tính bảng và máy chơi game có kết nối bluetooth.", "Phụ kiện:": "Hộp sạc, Cáp sạc USB-C (chiều dài 0.5m), 6 cặp mút tai bằng silicon (SmoothComfort + SecureSeal S/M/L), 1 cặp mút cao cấp Comply (M)."}',
        'Tai nghe không dây Razer Hammerhead Hyperspeed - Dải tần rộng, pin trâu 32.5 giờ\nNếu bạn đang tìm tai nghe in-ear có âm thanh cao cấp cùng khả năng chống ồn vượt trội thì đừng bỏ qua Razer Hammerhead Hyperspeed. Mẫu tai nghe không dây đến từ nhà Razer này được nhiều người dùng đánh giá cao bởi chất âm sống động và cảm giác dễ chịu khi đeo trong thời gian dài. \n\nDriver 10mm, tích hợp kháng ồn ANC thông minh\nTai nghe không dây Razer Hammerhead Hyperspeed giúp tái tạo những giai điệu một cách nguyên bản và chi tiết nhờ driver 10mm, hỗ trợ tần số 20Hz - 20000Hz. Người dùng không cần phải lo lắng về tiếng ồn xung quanh gây ảnh hưởng khi làm việc hay giải trí bởi sản phẩm tích hợp ANC. Công nghệ này sẽ tự động loại bỏ tiếng ồn không mong muốn để bạn tập trung cao độ vào trò chơi hay công việc đang xử lý. \n\nCông suất, công nghệ âm thanh của tai nghe không dây Razer Hammerhead Hyperspeed\n\nThiết kế Ergonomic vừa vặn, ánh sáng Razer Chroma RGB bắt mắt\nSản phẩm được Razer thiết kế theo phong cách công thái học để duy trì sự dễ chịu ngay cả khi sử dụng trong thời gian liên tục. Tai nghe đi đi kèm bộ 6 mút silicon mềm mại với các kích khác nhau để vừa vặn với mọi đôi tai. Đặc biệt, Razer Hammerhead Hyperspeed được tích hợp đèn LED Razer Chroma RGB rực rỡ, cho phép người dùng tuỳ chỉnh nhiều hiệu ứng ánh sáng khác nhau với 16.8 triệu màu rực rỡ. \n\nThiết kế tai nghe không dây Razer Hammerhead Hyperspeed\n\nMicrophone ENC - Khử ồn môi trường kép\nTai nghe không dây Razer Hammerhead Hyperspeed sử dụng mic ứng dụng công nghệ Environmental Noise Cancellation (ENC). Nhờ vậy, sản phẩm có khả năng phát hiện, nhận dạng và loại bỏ tiếng ồn nền gây nhiễu từ môi trường xung quanh. Từ đó, cải thiện khả năng giao tiếp bằng giọng nói trên tai nghe một cách hiệu quả, đảm bảo mọi cuộc đàm thoại của bạn trở nên rõ nét, chi tiết và chính xác hơn bao giờ hết. \n\nMic đàm thoại trên tai nghe không dây Razer Hammerhead Hyperspeed\n\nPhát nhạc liền mạch với dung lượng pin khủng\nVới Razer Hammerhead Hyperspeed, người dùng sẽ được tận hưởng những danh sách nhạc bất tận nhờ thời lượng pin cực trâu. Tai nghe có thể hoạt độnng lên tới 32.5 tiếng khi không bật chế độ Lighting và ANC (6.5 tiếng tai nghe và 26 tiếng hộp sạc). Khi bật chế độ Lighting + ANC, tổng thời gian hoạt động tối đa của sản phẩm có thể đạt tới là 20 giờ.\n\nThời lượng hoạt động của tai nghe không dây Razer Hammerhead Hyperspeed\n\nKết nối tai nghe True Wireless 2.4GHz tiện dụng, siêu nhạy\nĐiểm cộng lớn trên Razer Hammerhead Hyperspeed nằm ở kết nối không dây ổn định cùng đỗ trễ thấp hơn nhiều so với nhiều dòng tai nghe in-ear trên thị trường hiện nay. Sản phẩm ứng dụng công nghệ Razer HyperSpeed Wireless giúp tai nghe kết nối với PlayStation hay các thiết bị khác nhanh chóng. Tốc độ phản hồi cao đảm bảo âm thanh luôn đồng bộ với khung hình để nâng cao trải nghiệm khi chiến game.',
        1, 'https://product.hstatic.net/200000722513/product/hammerhead_hyperspeed_playstation__2022__render_03_917eb422b45241e28161be182ecc5953.png'
    );
INSERT INTO product_category (product_id, category_id) VALUES (54, 24);
INSERT INTO product_variant (
        product_id, name, seo_name, supplier_id, price, price_sale, quantity, sku, model, barcode, 
        specifications, description, warranty, image_url, release_at, created_by)
        VALUES ( 54, 'Tai nghe Razer Hammerhead True Wireless HyperSpeed (Playstation)', 'tai-nghe-razer-hammerhead-true-wireless-hyperspeed-playstation',
            1, 3790000, 3150000, 10, 'TAI-RAZ-HAM-TW-HYPERSPEED-PS',
            'TAI-RAZ-HAM-TW-HYPERSPEED-PS', 'TAI-RAZ-HAM-TW-HYPERSPEED-PS',
            '{"Hãng sản xuất:": "Razer", "Bảo hành:": "24 tháng", "Model:": "Hammerhead True Wireless Hyperspeed - Playstation", "Màu:": "Trắng", "Kiểu tai nghe:": "In-ear", "Kiểu kết nối:": "True wireless (không dây hoàn toàn)", "Chuẩn kết nối:": "Bluetooth, Wireless", "Khả năng cách âm:": "Có", "Microphone:": "Có", "Tần số:": "20 Hz - 20000 Hz", "Trở kháng:": "16 Ohm", "Độ nhạy:": "Microphone: -26 dBFS", "Phạm vi kết nối:": "10m", "Thời lượng pin:": "LIGHTING OFF / ANC OFF: Lên đến 32.5 giờ (6.5 giờ tai nghe + 26 giờ sạc từ case). Được kiểm tra trên thiết bị IOS với 50% âm lượng. LIGHTING ON / ANC OFF: Lên đến 27.5 giờ (5.5 giờ tai nghe + 22 giờ sạc từ case). Được kiểm tra trên thiết bị IOS với 50% âm lượng và độ sáng ở chế độ breathing effect. LIGHTING OFF / ANC ON: Lên đến 22.5 giờ (4.5 giờ tai nghe + 18 giờ sạc từ case). Được kiểm tra trên thiết bị ISO với 50% âm lượng và ANC ON. LIGHTING ON / ANC ON: Lên đến 20 giờ (4 giờ tai nghe + 16 giờ từ case). Được kiểm tra trên thiết bị IOS với 50% âm lượng, độ sáng ở chế độ breathing effect và ANC ON.", "Drivers:": "10 mm", "Trọng lượng:": "53 g", "Tương thích:": "PS5, PC, MAC, Điện thoại, máy tính bảng và máy chơi game có kết nối bluetooth.", "Phụ kiện:": "Hộp sạc, Cáp sạc USB-C (chiều dài 0.5m), 6 cặp mút tai bằng silicon (SmoothComfort + SecureSeal S/M/L), 1 cặp mút cao cấp Comply (M)."}',
            'Tai nghe không dây Razer Hammerhead Hyperspeed - Dải tần rộng, pin trâu 32.5 giờ\nNếu bạn đang tìm tai nghe in-ear có âm thanh cao cấp cùng khả năng chống ồn vượt trội thì đừng bỏ qua Razer Hammerhead Hyperspeed. Mẫu tai nghe không dây đến từ nhà Razer này được nhiều người dùng đánh giá cao bởi chất âm sống động và cảm giác dễ chịu khi đeo trong thời gian dài. \n\nDriver 10mm, tích hợp kháng ồn ANC thông minh\nTai nghe không dây Razer Hammerhead Hyperspeed giúp tái tạo những giai điệu một cách nguyên bản và chi tiết nhờ driver 10mm, hỗ trợ tần số 20Hz - 20000Hz. Người dùng không cần phải lo lắng về tiếng ồn xung quanh gây ảnh hưởng khi làm việc hay giải trí bởi sản phẩm tích hợp ANC. Công nghệ này sẽ tự động loại bỏ tiếng ồn không mong muốn để bạn tập trung cao độ vào trò chơi hay công việc đang xử lý. \n\nCông suất, công nghệ âm thanh của tai nghe không dây Razer Hammerhead Hyperspeed\n\nThiết kế Ergonomic vừa vặn, ánh sáng Razer Chroma RGB bắt mắt\nSản phẩm được Razer thiết kế theo phong cách công thái học để duy trì sự dễ chịu ngay cả khi sử dụng trong thời gian liên tục. Tai nghe đi đi kèm bộ 6 mút silicon mềm mại với các kích khác nhau để vừa vặn với mọi đôi tai. Đặc biệt, Razer Hammerhead Hyperspeed được tích hợp đèn LED Razer Chroma RGB rực rỡ, cho phép người dùng tuỳ chỉnh nhiều hiệu ứng ánh sáng khác nhau với 16.8 triệu màu rực rỡ. \n\nThiết kế tai nghe không dây Razer Hammerhead Hyperspeed\n\nMicrophone ENC - Khử ồn môi trường kép\nTai nghe không dây Razer Hammerhead Hyperspeed sử dụng mic ứng dụng công nghệ Environmental Noise Cancellation (ENC). Nhờ vậy, sản phẩm có khả năng phát hiện, nhận dạng và loại bỏ tiếng ồn nền gây nhiễu từ môi trường xung quanh. Từ đó, cải thiện khả năng giao tiếp bằng giọng nói trên tai nghe một cách hiệu quả, đảm bảo mọi cuộc đàm thoại của bạn trở nên rõ nét, chi tiết và chính xác hơn bao giờ hết. \n\nMic đàm thoại trên tai nghe không dây Razer Hammerhead Hyperspeed\n\nPhát nhạc liền mạch với dung lượng pin khủng\nVới Razer Hammerhead Hyperspeed, người dùng sẽ được tận hưởng những danh sách nhạc bất tận nhờ thời lượng pin cực trâu. Tai nghe có thể hoạt độnng lên tới 32.5 tiếng khi không bật chế độ Lighting và ANC (6.5 tiếng tai nghe và 26 tiếng hộp sạc). Khi bật chế độ Lighting + ANC, tổng thời gian hoạt động tối đa của sản phẩm có thể đạt tới là 20 giờ.\n\nThời lượng hoạt động của tai nghe không dây Razer Hammerhead Hyperspeed\n\nKết nối tai nghe True Wireless 2.4GHz tiện dụng, siêu nhạy\nĐiểm cộng lớn trên Razer Hammerhead Hyperspeed nằm ở kết nối không dây ổn định cùng đỗ trễ thấp hơn nhiều so với nhiều dòng tai nghe in-ear trên thị trường hiện nay. Sản phẩm ứng dụng công nghệ Razer HyperSpeed Wireless giúp tai nghe kết nối với PlayStation hay các thiết bị khác nhanh chóng. Tốc độ phản hồi cao đảm bảo âm thanh luôn đồng bộ với khung hình để nâng cao trải nghiệm khi chiến game.',
            24, 'https://product.hstatic.net/200000722513/product/hammerhead_hyperspeed_playstation__2022__render_03_917eb422b45241e28161be182ecc5953.png', '2024-05-14T10:00:59+00:00',1);
        
INSERT INTO product_image (name, product_variant_id, image_url, is_main)
VALUES
    ('Ảnh 1', 54, 'https://product.hstatic.net/200000722513/product/hammerhead_hyperspeed_playstation__2022__render_03_917eb422b45241e28161be182ecc5953.png', TRUE),
    ('Ảnh 2', 54, 'https://product.hstatic.net/200000722513/product/hammerhead_hyperspeed_playstation__2022__render_01_12dca4b75e99423ebc6a62a53b0f242e.png', FALSE),
    ('Ảnh 3', 54, 'https://product.hstatic.net/200000722513/product/hammerhead_hyperspeed_playstation__2022__render_02_840b416cfb2f48588c0be3daf9e9c98e.png', FALSE),
    ('Ảnh 4', 54, 'https://product.hstatic.net/200000722513/product/hammerhead_hyperspeed_playstation__2022__render_05_0676f19a06c44379a33f5111194667b0.png', FALSE),
    ('Ảnh 5', 54, 'https://product.hstatic.net/200000722513/product/r_hce_hc8_9447197114398_221015-hammerhead-hyperspeed-ps-v2-1500x1000-1_f23bb3efbfb94d2c9e4e2f1f8ee5244e.jpg', FALSE),
    ('Ảnh 6', 54, 'https://product.hstatic.net/200000722513/product/r_h35_hcc_9447197016094_221015-hammerhead-hyperspeed-ps-v2-1500x1000-3_a551ac2cf3714e598254363a022d02f2.jpg', FALSE),
    ('Ảnh 7', 54, 'https://product.hstatic.net/200000722513/product/r_h75_hcb_9447197081630_221015-hammerhead-hyperspeed-ps-v2-1500x1000-2_e073ebcdf5ab4816a614681a713cb2dd.jpg', FALSE);
---
INSERT INTO product (name, seo_name, brand_id, specifications, description, created_by, image_url) 
    VALUES (
        'Tai nghe Corsair HS35 V2 Carbon', 'tai-nghe-corsair-hs35-v2-carbon', 5,
        '{"Thương hiệu:": "Corsair", "Bảo hành:": "24 tháng", "Model:": "Corsair HS35 v2 Carbon", "Màu sắc:": "Đen", "Kiểu tai nghe": "Over-ear", "Kiểu kết nối:": "Có dây", "Microphone:": "Có", "Dây:": "Dài 1,8m", "Drivers:": "50mm", "Tương thích:": "PC, Mac, PlayStation 4/5, Xbox One / Series XS, Nintendo Switch, Thiết bị di động", "Khả năng cách âm:": "Có"}',
        'Đắm chìm vào thế giới game với Tai nghe Corsair HS35 V2 Carbon – sự lựa chọn hoàn hảo cho những game thủ tìm kiếm trải nghiệm âm thanh sống động và sự thoải mái vượt trội. Được thiết kế với gam màu Carbon đen mạnh mẽ và tinh tế, HS35 V2 Carbon không chỉ là một phụ kiện gaming mà còn là một tuyên ngôn phong cách.\n\n**Trải nghiệm âm thanh đỉnh cao:** Trang bị củ loa neodymium 50mm tùy chỉnh, tai nghe mang đến chất âm phong phú, chi tiết với âm trầm sâu lắng và âm cao rõ nét. Mọi tiếng bước chân của đối thủ, tiếng súng nổ vang dội hay những bản nhạc nền hùng tráng đều được tái hiện chân thực, giúp bạn dễ dàng nắm bắt mọi lợi thế trong trận chiến.\n\n**Thoải mái tối ưu cho các phiên chơi game kéo dài:** Với thiết kế nhẹ cùng đệm tai nghe bằng vải mềm mại thoáng khí và băng đô có thể điều chỉnh linh hoạt, HS35 V2 Carbon đảm bảo sự thoải mái tuyệt đối ngay cả khi bạn chơi game hàng giờ liền. Không còn cảm giác khó chịu hay nóng bức, chỉ còn sự tập trung hoàn toàn vào trò chơi.\n\n**Giao tiếp rõ ràng, mạch lạc:** Microphone đa hướng chất lượng cao giúp giọng nói của bạn luôn trong trẻo và rõ ràng, đảm bảo mọi mệnh lệnh chiến thuật hay cuộc trò chuyện cùng đồng đội đều được truyền tải một cách hiệu quả nhất. Micro có thể tháo rời, tiện lợi khi bạn chỉ muốn thưởng thức âm nhạc.\n\n**Độ bền bỉ đáng tin cậy:** Được chế tạo từ vật liệu chất lượng cao, HS35 V2 Carbon sẵn sàng đồng hành cùng bạn qua vô số trận chiến.\n\n**Khả năng tương thích đa nền tảng:** Với jack cắm 3.5mm phổ biến, tai nghe tương thích hoàn hảo với PC, Mac, PlayStation, Xbox, Nintendo Switch và các thiết bị di động, mang đến sự linh hoạt tối đa cho mọi thiết lập chơi game của bạn.\n\nNâng tầm trải nghiệm gaming của bạn với Tai nghe Corsair HS35 V2 Carbon – nơi âm thanh sống động gặp gỡ sự thoải mái đỉnh cao.',
        1, 'https://product.hstatic.net/200000722513/product/hs35_v2_artboard01_aa_80b3106cd5654c1e89d113d784994e3c.jpg'
    );
INSERT INTO product_category (product_id, category_id) VALUES (55, 24);
INSERT INTO product_variant (
        product_id, name, seo_name, supplier_id, price, price_sale, quantity, sku, model, barcode, 
        specifications, description, warranty, image_url, release_at, created_by)
        VALUES ( 55, 'Tai nghe Corsair HS35 V2 Carbon', 'tai-nghe-corsair-hs35-v2-carbon',
            1, 1290000, 890000, 10, 'TAI-CORSAIR-H35-V2-CARBON',
            'TAI-CORSAIR-H35-V2-CARBON', 'TAI-CORSAIR-H35-V2-CARBON',
            '{"Thương hiệu:": "Corsair", "Bảo hành:": "24 tháng", "Model:": "Corsair HS35 v2 Carbon", "Màu sắc:": "Đen", "Kiểu tai nghe": "Over-ear", "Kiểu kết nối:": "Có dây", "Microphone:": "Có", "Dây:": "Dài 1,8m", "Drivers:": "50mm", "Tương thích:": "PC, Mac, PlayStation 4/5, Xbox One / Series XS, Nintendo Switch, Thiết bị di động", "Khả năng cách âm:": "Có"}',
            'Đắm chìm vào thế giới game với Tai nghe Corsair HS35 V2 Carbon – sự lựa chọn hoàn hảo cho những game thủ tìm kiếm trải nghiệm âm thanh sống động và sự thoải mái vượt trội. Được thiết kế với gam màu Carbon đen mạnh mẽ và tinh tế, HS35 V2 Carbon không chỉ là một phụ kiện gaming mà còn là một tuyên ngôn phong cách.\n\n**Trải nghiệm âm thanh đỉnh cao:** Trang bị củ loa neodymium 50mm tùy chỉnh, tai nghe mang đến chất âm phong phú, chi tiết với âm trầm sâu lắng và âm cao rõ nét. Mọi tiếng bước chân của đối thủ, tiếng súng nổ vang dội hay những bản nhạc nền hùng tráng đều được tái hiện chân thực, giúp bạn dễ dàng nắm bắt mọi lợi thế trong trận chiến.\n\n**Thoải mái tối ưu cho các phiên chơi game kéo dài:** Với thiết kế nhẹ cùng đệm tai nghe bằng vải mềm mại thoáng khí và băng đô có thể điều chỉnh linh hoạt, HS35 V2 Carbon đảm bảo sự thoải mái tuyệt đối ngay cả khi bạn chơi game hàng giờ liền. Không còn cảm giác khó chịu hay nóng bức, chỉ còn sự tập trung hoàn toàn vào trò chơi.\n\n**Giao tiếp rõ ràng, mạch lạc:** Microphone đa hướng chất lượng cao giúp giọng nói của bạn luôn trong trẻo và rõ ràng, đảm bảo mọi mệnh lệnh chiến thuật hay cuộc trò chuyện cùng đồng đội đều được truyền tải một cách hiệu quả nhất. Micro có thể tháo rời, tiện lợi khi bạn chỉ muốn thưởng thức âm nhạc.\n\n**Độ bền bỉ đáng tin cậy:** Được chế tạo từ vật liệu chất lượng cao, HS35 V2 Carbon sẵn sàng đồng hành cùng bạn qua vô số trận chiến.\n\n**Khả năng tương thích đa nền tảng:** Với jack cắm 3.5mm phổ biến, tai nghe tương thích hoàn hảo với PC, Mac, PlayStation, Xbox, Nintendo Switch và các thiết bị di động, mang đến sự linh hoạt tối đa cho mọi thiết lập chơi game của bạn.\n\nNâng tầm trải nghiệm gaming của bạn với Tai nghe Corsair HS35 V2 Carbon – nơi âm thanh sống động gặp gỡ sự thoải mái đỉnh cao.',
            24, 'https://product.hstatic.net/200000722513/product/hs35_v2_artboard01_aa_80b3106cd5654c1e89d113d784994e3c.jpg', '2024-04-22T03:52:43+00:00',1);
        
INSERT INTO product_image (name, product_variant_id, image_url, is_main)
VALUES
    ('Ảnh 1', 55, 'https://product.hstatic.net/200000722513/product/hs35_v2_artboard01_aa_80b3106cd5654c1e89d113d784994e3c.jpg', TRUE),
    ('Ảnh 2', 55, 'https://product.hstatic.net/200000722513/product/hs35_v2_black_render_06_5c962dc7a40449aa856b8990da541505.png', FALSE),
    ('Ảnh 3', 55, 'https://product.hstatic.net/200000722513/product/hs35_v2_black_render_07_71a0ec1c09b14101a77d8f541092a38e.png', FALSE),
    ('Ảnh 4', 55, 'https://product.hstatic.net/200000722513/product/hs35_v2_black_render_08_334f3bb826ff4c5c9f18b3a85ebc0f03.png', FALSE);
---
INSERT INTO product (name, seo_name, brand_id, specifications, description, created_by, image_url) 
    VALUES (
        'Tai nghe Không dây Logitech Zone 300 Đen', 'tai-nghe-khong-day-logitech-zone-300-den', 13,
        '{"Thương hiệu": "Logitech", "Kích thước tai nghe": "172.8 x 166.7 x 66 mm", "Trọng lượng tai nghe": "122 g", "Kích thước đệm tai": "66 x 66 x 16 mm", "Kích thước bao bì": "184 x 174 x 72 mm", "Loại mic": "Mic tạo chùm kép với thuật toán khử tiếng ồn", "Dải tần số mic": "100-7kHz", "Dải tần số loa nhạc": "50-20kHz", "Dải tần số loa đàm thoại": "100-7kHz", "Độ nhạy loa": "96dB ±3dB @1kHz", "Kích thước màng loa": "30 mm", "Tiêu chuẩn âm thanh": "Tương thích EN 50332-2", "Loại pin": "Lithium-ion tích hợp", "Thời lượng pin đàm thoại": "Lên tới 16 giờ", "Thời lượng pin nghe": "Lên tới 20 giờ", "Thời gian sạc đầy": "2 giờ", "Sạc nhanh": "5 phút cho 1 giờ đàm thoại", "Dây sạc": "USB-C dài 1 m", "Phiên bản Bluetooth": "5.3", "Khoảng cách hoạt động": "Lên đến 30 m", "Phần mềm": "Tùy chỉnh cài đặt tai nghe trong Logi Tune", "Tương thích": "Windows, macOS, ChromeOS, iOS, iPadOS, Android", "Chứng nhận": "Works With Chromebook"}',
        'Tai nghe không dây Logitech Zone 300 Đen mang đến trải nghiệm âm thanh chất lượng cao và sự tiện lợi tối đa cho công việc cũng như giải trí. Với thiết kế hiện đại, màu đen tinh tế, chiếc tai nghe này không chỉ là một thiết bị âm thanh mà còn là một phụ kiện thời trang. Công nghệ không dây tiên tiến đảm bảo kết nối ổn định và phạm vi hoạt động rộng, cho phép bạn di chuyển tự do mà không lo gián đoạn. Chất lượng âm thanh sống động, rõ nét với âm bass mạnh mẽ và âm treble trong trẻo, giúp bạn đắm chìm vào thế giới âm nhạc, podcast hay các cuộc gọi video. Microphone tích hợp được thiết kế để thu âm giọng nói rõ ràng, giảm thiểu tiếng ồn xung quanh, đảm bảo các cuộc gọi của bạn luôn chuyên nghiệp và hiệu quả. Đệm tai êm ái, có thể điều chỉnh và thiết kế công thái học mang lại sự thoải mái ngay cả khi đeo trong thời gian dài. Pin dung lượng lớn cho phép sử dụng liên tục trong nhiều giờ, đáp ứng nhu cầu làm việc cả ngày của bạn. Dễ dàng kết nối với nhiều thiết bị như máy tính, điện thoại thông minh qua Bluetooth. Logitech Zone 300 Đen là sự lựa chọn hoàn hảo cho những ai tìm kiếm sự cân bằng giữa hiệu suất, sự thoải mái và phong cách.',
        1, 'https://product.hstatic.net/200000722513/product/icz2qubb_56b4a8177f6f489e91fa2c41e28bf963.png'
    );
INSERT INTO product_category (product_id, category_id) VALUES (56, 24);
INSERT INTO product_variant (
        product_id, name, seo_name, supplier_id, price, price_sale, quantity, sku, model, barcode, 
        specifications, description, warranty, image_url, release_at, created_by)
        VALUES ( 56, 'Tai nghe Không dây Logitech Zone 300 Đen', 'tai-nghe-khong-day-logitech-zone-300-den',
            1, 1790000, 1500000, 10, 'TAI-LOGITECH-ZONE-300-DEN',
            'TAI-LOGITECH-ZONE-300-DEN', 'TAI-LOGITECH-ZONE-300-DEN',
            '{"Thương hiệu": "Logitech", "Kích thước tai nghe": "172.8 x 166.7 x 66 mm", "Trọng lượng tai nghe": "122 g", "Kích thước đệm tai": "66 x 66 x 16 mm", "Kích thước bao bì": "184 x 174 x 72 mm", "Loại mic": "Mic tạo chùm kép với thuật toán khử tiếng ồn", "Dải tần số mic": "100-7kHz", "Dải tần số loa nhạc": "50-20kHz", "Dải tần số loa đàm thoại": "100-7kHz", "Độ nhạy loa": "96dB ±3dB @1kHz", "Kích thước màng loa": "30 mm", "Tiêu chuẩn âm thanh": "Tương thích EN 50332-2", "Loại pin": "Lithium-ion tích hợp", "Thời lượng pin đàm thoại": "Lên tới 16 giờ", "Thời lượng pin nghe": "Lên tới 20 giờ", "Thời gian sạc đầy": "2 giờ", "Sạc nhanh": "5 phút cho 1 giờ đàm thoại", "Dây sạc": "USB-C dài 1 m", "Phiên bản Bluetooth": "5.3", "Khoảng cách hoạt động": "Lên đến 30 m", "Phần mềm": "Tùy chỉnh cài đặt tai nghe trong Logi Tune", "Tương thích": "Windows, macOS, ChromeOS, iOS, iPadOS, Android", "Chứng nhận": "Works With Chromebook"}',
            'Tai nghe không dây Logitech Zone 300 Đen mang đến trải nghiệm âm thanh chất lượng cao và sự tiện lợi tối đa cho công việc cũng như giải trí. Với thiết kế hiện đại, màu đen tinh tế, chiếc tai nghe này không chỉ là một thiết bị âm thanh mà còn là một phụ kiện thời trang. Công nghệ không dây tiên tiến đảm bảo kết nối ổn định và phạm vi hoạt động rộng, cho phép bạn di chuyển tự do mà không lo gián đoạn. Chất lượng âm thanh sống động, rõ nét với âm bass mạnh mẽ và âm treble trong trẻo, giúp bạn đắm chìm vào thế giới âm nhạc, podcast hay các cuộc gọi video. Microphone tích hợp được thiết kế để thu âm giọng nói rõ ràng, giảm thiểu tiếng ồn xung quanh, đảm bảo các cuộc gọi của bạn luôn chuyên nghiệp và hiệu quả. Đệm tai êm ái, có thể điều chỉnh và thiết kế công thái học mang lại sự thoải mái ngay cả khi đeo trong thời gian dài. Pin dung lượng lớn cho phép sử dụng liên tục trong nhiều giờ, đáp ứng nhu cầu làm việc cả ngày của bạn. Dễ dàng kết nối với nhiều thiết bị như máy tính, điện thoại thông minh qua Bluetooth. Logitech Zone 300 Đen là sự lựa chọn hoàn hảo cho những ai tìm kiếm sự cân bằng giữa hiệu suất, sự thoải mái và phong cách.',
            12, 'https://product.hstatic.net/200000722513/product/icz2qubb_56b4a8177f6f489e91fa2c41e28bf963.png', '2024-05-06T09:44:48+00:00',1);
        
INSERT INTO product_image (name, product_variant_id, image_url, is_main)
VALUES
    ('Ảnh 1', 56, 'https://product.hstatic.net/200000722513/product/icz2qubb_56b4a8177f6f489e91fa2c41e28bf963.png', TRUE),
    ('Ảnh 2', 56, 'https://product.hstatic.net/200000722513/product/u9y6sy2h_4245a0f653ba40f2bf8dfae68507f558.png', FALSE),
    ('Ảnh 3', 56, 'https://product.hstatic.net/200000722513/product/yotvtd4m_15e241be0cc247e5833997fdac49d4f0.png', FALSE),
    ('Ảnh 4', 56, 'https://product.hstatic.net/200000722513/product/b9ndhajk_a660413d2d6047aaa965de31e11c2369.png', FALSE),
    ('Ảnh 5', 56, 'https://product.hstatic.net/200000722513/product/m3o5wy53_38c2178818c94bd09306fc525242a291.png', FALSE);
---
INSERT INTO product (name, seo_name, brand_id, specifications, description, created_by, image_url) 
    VALUES (
        'Tai nghe Edifier Không dây WH700NB Đen', 'tai-nghe-edifier-khong-day-wh700nb-den', 30,
        '{"Tên sản phẩm": "Tai nghe Edifier Không dây WH700NB Đen", "Thương hiệu": "Edifier", "Model": "WH700NB", "Loại tai nghe": "Chụp tai (Over-ear)", "Kiểu kết nối": "Không dây", "Công nghệ kết nối": "Bluetooth", "Phiên bản Bluetooth": "5.3", "Công nghệ chống ồn": "Chống ồn chủ động (ANC)", "Kích thước Driver": "40mm", "Tần số đáp ứng": "20Hz - 20kHz", "Trở kháng": "32 Ohm", "Độ nhạy": "97dB SPL", "Codec Bluetooth hỗ trợ": "SBC, AAC", "Thời lượng pin (tắt ANC)": "Khoảng 68 giờ", "Thời lượng pin (bật ANC)": "Khoảng 45 giờ", "Thời gian sạc": "Khoảng 1.5 giờ", "Cổng sạc": "USB Type-C", "Micro": "Có", "Tính năng đặc biệt": "Chế độ trong suốt, Kết nối đa điểm, Hỗ trợ ứng dụng Edifier Connect", "Màu sắc": "Đen", "Trọng lượng": "Khoảng 271g"}',
        'Tai nghe Edifier WH700NB với thiết kế chụp tai, nhiều công nghệ âm thanh hỗ trợ mang lại những trải nghiệm âm thanh sống động cho người dùng. Vậy chính xác mẫu tai nghe Edifier WH700NB có gì, có đáng để mua và trải nghiệm không thì cùng tìm hiểu chi tiết sau đây.\n\nÂm thanh chất lượng với trình điều khiển 40mm phủ Titanium\nEdifier WH700NB sở hữu trình điều khiển Dynamic với kích thước 40mm. Với thiết kế này, tai nghẹ mang lại âm thanh cao trong suốt và âm trầm sâu lắng. Cùng với đó, Edifier WH700NB còn được trang bị công nghệ khử ồn chủ động với hiệu suất cao. Nhờ đó người dùng có thể sử dụng thiết bị trong nhiều môi trường từ ở thư viện yên tĩnh đến những nơi ồn ào như đi đường.\n\nÂm thanh tai nghe Edifier WH700NB\n\nMàng chắn titanium không chỉ tăng cường độ bền mà còn cải thiện đáng kể độ chi tiết trong âm thanh, tạo ra một dải tần cân bằng, sống động. Ngoài ra, tai nghe còn trang bị công nghệ ANC, bạn có thể tập trung vào âm nhạc hoặc công việc mà không bị phân tâm bởi âm thanh bên ngoài.\n\nThiết kế chụp tai, trải nghiệm thoải mái\nTai nghe Edifier WH700NB được trang bị một thiết kế dạng chụp tai với đệm tai và headband thân thiện với da người dùng. Cùng với đó chùm tai có thể tùy chỉnh nhờ đó giúp thiết bị có thể sử dụng cho nhiều kích thước đầu. Lớp đệm tai và headband được làm từ vật liệu thân thiện với da, mang đến cảm giác êm ái, dễ chịu ngay cả khi sử dụng trong thời gian dài.\n\nThiết kế dạng over-ear giúp bao trọn tai, không chỉ nâng cao khả năng cách âm mà còn tăng thêm sự thoải mái, tránh gây áp lực lên tai. Bên cạnh đó, điểm nổi bật của tai nghe chính là tính di động vượt trội. Khả năng gập gọn giúp sản phẩm trở nên lý tưởng cho những người thường xuyên di chuyển, dễ dàng cất gọn trong balo hoặc túi xách mà không chiếm nhiều diện tích.\n\nThiết kế tai nghe Edifier WH700NB\n\nĐặc biệt, tai nghe sở hữu thiết kế có thể gập lại nhờ đó người dùng có thể dễ dàng mang theo thiết bị. Cùng với đó, thiết bị có tới 4 lựa chọn màu khác nhau là đen, xanh, xám và kem.\n\nNhận diện giọng nói thông minh, đàm thoại rảnh tay thoải mái\nTai nghe Edifier WH700NB được trang bị thuật toán AI nhờ đó hỗ trợ thu lại được giọng nói một cách rõ nét, kể cả khi người dùng sử dụng thiết bị trong môi trường ồn ào. Nhờ đó người dùng có thể sử dụng thiết bị để đàm thoại một cách tiện lợi. Với sự hỗ trợ của công nghệ khử tiếng ồn bằng mạng nơ-ron sâu (DNN) và tính năng ENC (Environmental Noise Cancellation), tai nghe mang đến chất lượng đàm thoại đáng kinh ngạc. Tai nghe WH700NB sẽ tự động lọc bỏ tiếng ồn xung quanh, giữ lại giọng nói của bạn một cách tự nhiên và rõ ràng.\n\nĐược cải tiến bởi thuật toán AI thông minh, WH700NB không chỉ nhận diện giọng nói của bạn mà còn tối ưu hóa để giảm thiểu các tạp âm không mong muốn. Nhờ vậy, bạn có thể tự tin thực hiện các cuộc gọi rảnh tay hoặc tham gia hội nghị trực tuyến mà không cần lo lắng về chất lượng âm thanh.\n\nCông nghệ  tai nghe Edifier WH700NB\n\nĐặc biệt, Edifier WH700NB còn được trang bị chế độ chơi game. Với chế độ này, người dùng có những trải nghiệm trò chơi với hiệu suất vượt trội cũng như định vị dễ dàng thông qua tín hiệu âm thanh.\n\nPin sử dụng tới 68 giờ ấn tượng\nVề thời lượng sử dụng, Edifier WH700NB sở hữu một viên pin dung lượng lớn. Cụ thể, thiết bị có thể mang lại tới 68 giờ sử dụng khi tắt ANC. Nếu sử dụng ở chế độ ANC được kích hoạt thì thời gian sử dụng có thể tới 45 giờ.\n\nPin tai nghe Edifier WH700NB\n\nNgay cả khi bật ANC, thời lượng phát vẫn duy trì ở mức ấn tượng 45 giờ, giúp bạn tận hưởng âm nhạc và sự tập trung trong mọi tình huống. Chỉ cần sạc trong 10 phút, bạn đã có ngay 8 giờ sử dụng cho những ngày bận rộn hoặc những chuyến đi bất ngờ.\n\nBên cạnh viên pin cho thời gian sử dụng lớn thì thiết bị còn được trang bị sạc nhanh công suất lớn. theo đó, chỉ với 10 phút sạc thiết bị mang lại tới 8 giờ phát nhạc ấn tượng.',
        1, 'https://product.hstatic.net/200000722513/product/7f17aabcdda3afc465fb8718f01bc8df_2dc75e902d9f419c851aae6e50c32fd4.png'
    );
INSERT INTO product_category (product_id, category_id) VALUES (57, 24);
INSERT INTO product_variant (
        product_id, name, seo_name, supplier_id, price, price_sale, quantity, sku, model, barcode, 
        specifications, description, warranty, image_url, release_at, created_by)
        VALUES ( 57, 'Tai nghe Edifier Không dây WH700NB Đen', 'tai-nghe-edifier-khong-day-wh700nb-den',
            1, 890000, 690000, 10, 'TAI-EDIFIER-WH700NB-DEN',
            'TAI-EDIFIER-WH700NB-DEN', 'TAI-EDIFIER-WH700NB-DEN',
            '{"Tên sản phẩm": "Tai nghe Edifier Không dây WH700NB Đen", "Thương hiệu": "Edifier", "Model": "WH700NB", "Loại tai nghe": "Chụp tai (Over-ear)", "Kiểu kết nối": "Không dây", "Công nghệ kết nối": "Bluetooth", "Phiên bản Bluetooth": "5.3", "Công nghệ chống ồn": "Chống ồn chủ động (ANC)", "Kích thước Driver": "40mm", "Tần số đáp ứng": "20Hz - 20kHz", "Trở kháng": "32 Ohm", "Độ nhạy": "97dB SPL", "Codec Bluetooth hỗ trợ": "SBC, AAC", "Thời lượng pin (tắt ANC)": "Khoảng 68 giờ", "Thời lượng pin (bật ANC)": "Khoảng 45 giờ", "Thời gian sạc": "Khoảng 1.5 giờ", "Cổng sạc": "USB Type-C", "Micro": "Có", "Tính năng đặc biệt": "Chế độ trong suốt, Kết nối đa điểm, Hỗ trợ ứng dụng Edifier Connect", "Màu sắc": "Đen", "Trọng lượng": "Khoảng 271g"}',
            'Tai nghe Edifier WH700NB với thiết kế chụp tai, nhiều công nghệ âm thanh hỗ trợ mang lại những trải nghiệm âm thanh sống động cho người dùng. Vậy chính xác mẫu tai nghe Edifier WH700NB có gì, có đáng để mua và trải nghiệm không thì cùng tìm hiểu chi tiết sau đây.\n\nÂm thanh chất lượng với trình điều khiển 40mm phủ Titanium\nEdifier WH700NB sở hữu trình điều khiển Dynamic với kích thước 40mm. Với thiết kế này, tai nghẹ mang lại âm thanh cao trong suốt và âm trầm sâu lắng. Cùng với đó, Edifier WH700NB còn được trang bị công nghệ khử ồn chủ động với hiệu suất cao. Nhờ đó người dùng có thể sử dụng thiết bị trong nhiều môi trường từ ở thư viện yên tĩnh đến những nơi ồn ào như đi đường.\n\nÂm thanh tai nghe Edifier WH700NB\n\nMàng chắn titanium không chỉ tăng cường độ bền mà còn cải thiện đáng kể độ chi tiết trong âm thanh, tạo ra một dải tần cân bằng, sống động. Ngoài ra, tai nghe còn trang bị công nghệ ANC, bạn có thể tập trung vào âm nhạc hoặc công việc mà không bị phân tâm bởi âm thanh bên ngoài.\n\nThiết kế chụp tai, trải nghiệm thoải mái\nTai nghe Edifier WH700NB được trang bị một thiết kế dạng chụp tai với đệm tai và headband thân thiện với da người dùng. Cùng với đó chùm tai có thể tùy chỉnh nhờ đó giúp thiết bị có thể sử dụng cho nhiều kích thước đầu. Lớp đệm tai và headband được làm từ vật liệu thân thiện với da, mang đến cảm giác êm ái, dễ chịu ngay cả khi sử dụng trong thời gian dài.\n\nThiết kế dạng over-ear giúp bao trọn tai, không chỉ nâng cao khả năng cách âm mà còn tăng thêm sự thoải mái, tránh gây áp lực lên tai. Bên cạnh đó, điểm nổi bật của tai nghe chính là tính di động vượt trội. Khả năng gập gọn giúp sản phẩm trở nên lý tưởng cho những người thường xuyên di chuyển, dễ dàng cất gọn trong balo hoặc túi xách mà không chiếm nhiều diện tích.\n\nThiết kế tai nghe Edifier WH700NB\n\nĐặc biệt, tai nghe sở hữu thiết kế có thể gập lại nhờ đó người dùng có thể dễ dàng mang theo thiết bị. Cùng với đó, thiết bị có tới 4 lựa chọn màu khác nhau là đen, xanh, xám và kem.\n\nNhận diện giọng nói thông minh, đàm thoại rảnh tay thoải mái\nTai nghe Edifier WH700NB được trang bị thuật toán AI nhờ đó hỗ trợ thu lại được giọng nói một cách rõ nét, kể cả khi người dùng sử dụng thiết bị trong môi trường ồn ào. Nhờ đó người dùng có thể sử dụng thiết bị để đàm thoại một cách tiện lợi. Với sự hỗ trợ của công nghệ khử tiếng ồn bằng mạng nơ-ron sâu (DNN) và tính năng ENC (Environmental Noise Cancellation), tai nghe mang đến chất lượng đàm thoại đáng kinh ngạc. Tai nghe WH700NB sẽ tự động lọc bỏ tiếng ồn xung quanh, giữ lại giọng nói của bạn một cách tự nhiên và rõ ràng.\n\nĐược cải tiến bởi thuật toán AI thông minh, WH700NB không chỉ nhận diện giọng nói của bạn mà còn tối ưu hóa để giảm thiểu các tạp âm không mong muốn. Nhờ vậy, bạn có thể tự tin thực hiện các cuộc gọi rảnh tay hoặc tham gia hội nghị trực tuyến mà không cần lo lắng về chất lượng âm thanh.\n\nCông nghệ  tai nghe Edifier WH700NB\n\nĐặc biệt, Edifier WH700NB còn được trang bị chế độ chơi game. Với chế độ này, người dùng có những trải nghiệm trò chơi với hiệu suất vượt trội cũng như định vị dễ dàng thông qua tín hiệu âm thanh.\n\nPin sử dụng tới 68 giờ ấn tượng\nVề thời lượng sử dụng, Edifier WH700NB sở hữu một viên pin dung lượng lớn. Cụ thể, thiết bị có thể mang lại tới 68 giờ sử dụng khi tắt ANC. Nếu sử dụng ở chế độ ANC được kích hoạt thì thời gian sử dụng có thể tới 45 giờ.\n\nPin tai nghe Edifier WH700NB\n\nNgay cả khi bật ANC, thời lượng phát vẫn duy trì ở mức ấn tượng 45 giờ, giúp bạn tận hưởng âm nhạc và sự tập trung trong mọi tình huống. Chỉ cần sạc trong 10 phút, bạn đã có ngay 8 giờ sử dụng cho những ngày bận rộn hoặc những chuyến đi bất ngờ.\n\nBên cạnh viên pin cho thời gian sử dụng lớn thì thiết bị còn được trang bị sạc nhanh công suất lớn. theo đó, chỉ với 10 phút sạc thiết bị mang lại tới 8 giờ phát nhạc ấn tượng.',
            12, 'https://product.hstatic.net/200000722513/product/7f17aabcdda3afc465fb8718f01bc8df_2dc75e902d9f419c851aae6e50c32fd4.png', '2024-04-02T07:23:15+00:00',1);
        
INSERT INTO product_image (name, product_variant_id, image_url, is_main)
VALUES
    ('Ảnh 1', 57, 'https://product.hstatic.net/200000722513/product/7f17aabcdda3afc465fb8718f01bc8df_2dc75e902d9f419c851aae6e50c32fd4.png', TRUE),
    ('Ảnh 2', 57, 'https://product.hstatic.net/200000722513/product/af0c4b97b637a2d37222612a4396eff8_d1ad92b32a484929a3c4c957c734faf6.png', FALSE),
    ('Ảnh 3', 57, 'https://product.hstatic.net/200000722513/product/fd9700e0f70867eaed5798f18ebcb0e6_358ff84dcd284d20a8d75341c47fc0ff.png', FALSE),
    ('Ảnh 4', 57, 'https://product.hstatic.net/200000722513/product/276c26a2cb73923efc28cc4b3685506b_f3c0d31169a14c6299911f697e2c0a87.png', FALSE),
    ('Ảnh 5', 57, 'https://product.hstatic.net/200000722513/product/8656c28359e9211838f3e2c08987df22_5387108be0d84ed2ba53e6a52228c5d4.png', FALSE);
---
INSERT INTO product (name, seo_name, brand_id, specifications, description, created_by, image_url) 
    VALUES (
        'Tai nghe Logitech Không dây Zone Vibe 100 Hồng', 'tai-nghe-logitech-khong-day-zone-vibe-100-hong', 13,
        '{"Thương hiệu": "Logitech", "Model": "Zone Vibe 100", "Trọng lượng": "185 g", "Micro": "Mic MEMS kép đa hướng với chùm tia định hướng và DSP, dải tần số 100~8 kHz", "Kết nối": "Bluetooth 5.2, phạm vi không dây 30 m, cáp sạc USB-C 1.5 m", "Pin": "Pin Lithium-ion, thời gian đàm thoại 18 giờ, nghe nhạc 20 giờ", "Loa": "Driver 40 mm, độ nhạy 118±3 dB @1mW/1kHz, dải tần số 100~8 kHz", "Phụ kiện": "Tai nghe không dây, dây sạc USB-A, túi du lịch, hướng dẫn sử dụng", "Phát triển bền vững": "Nhựa chứa 25% vật liệu tái chế, bao bì đạt chứng nhận FSC™, trung hòa carbon"}',
        'Tai nghe Logitech Không dây Zone Vibe 100 Hồng mang đến sự kết hợp hoàn hảo giữa hiệu suất âm thanh vượt trội, thiết kế hiện đại và sự thoải mái tối đa cho người dùng. Với tông màu hồng pastel nhẹ nhàng và thanh lịch, Zone Vibe 100 không chỉ là một thiết bị công nghệ mà còn là một phụ kiện thời trang sành điệu, phù hợp với mọi không gian làm việc hay giải trí.\n\nCông nghệ âm thanh tiên tiến của Logitech đảm bảo chất lượng âm thanh sống động, rõ ràng và cân bằng, cho dù bạn đang tham gia các cuộc họp trực tuyến, thưởng thức âm nhạc yêu thích hay đắm chìm trong thế giới game. Micro định hướng kép với khả năng khử tiếng ồn giúp giọng nói của bạn luôn được truyền tải một cách rõ ràng, loại bỏ các tạp âm không mong muốn từ môi trường xung quanh, mang lại trải nghiệm giao tiếp liền mạch.\n\nThiết kế công thái học của Zone Vibe 100 tập trung vào sự thoải mái khi đeo trong thời gian dài. Phần đệm tai bằng mút hoạt tính mềm mại, thoáng khí ôm trọn tai, giảm thiểu áp lực, trong khi headband có thể điều chỉnh linh hoạt để phù hợp với mọi kích cỡ đầu. Trọng lượng nhẹ cũng góp phần tạo nên sự thoải mái vượt trội, giúp bạn quên đi sự hiện diện của tai nghe.\n\nVới kết nối không dây Bluetooth tiên tiến, bạn có thể dễ dàng ghép nối tai nghe với nhiều thiết bị khác nhau như máy tính, điện thoại thông minh, máy tính bảng. Thời lượng pin ấn tượng lên đến 20 giờ sử dụng liên tục với một lần sạc đầy, đảm bảo tai nghe luôn sẵn sàng đồng hành cùng bạn suốt cả ngày dài làm việc và giải trí. Ngoài ra, tính năng sạc nhanh tiện lợi giúp bạn có thêm giờ sử dụng chỉ với vài phút sạc.\n\nLogitech Zone Vibe 100 Hồng là lựa chọn lý tưởng cho những ai tìm kiếm một chiếc tai nghe đa năng, vừa phục vụ công việc hiệu quả, vừa mang lại trải nghiệm giải trí tuyệt vời, tất cả trong một thiết kế thời trang và đẳng cấp.',
        1, 'https://product.hstatic.net/200000722513/product/obdp1pwt_33d3bbb08fe043aeafec7408dfff5abc.png'
    );
INSERT INTO product_category (product_id, category_id) VALUES (58, 24);
INSERT INTO product_variant (
        product_id, name, seo_name, supplier_id, price, price_sale, quantity, sku, model, barcode, 
        specifications, description, warranty, image_url, release_at, created_by)
        VALUES ( 58, 'Tai nghe Logitech Không dây Zone Vibe 100 Hồng', 'tai-nghe-logitech-khong-day-zone-vibe-100-hong',
            1, 2390000, 1980000, 10, 'TAI-LOG-ZONE-VIBE-100-HONG',
            'TAI-LOG-ZONE-VIBE-100-HONG', 'TAI-LOG-ZONE-VIBE-100-HONG',
            '{"Thương hiệu": "Logitech", "Model": "Zone Vibe 100", "Trọng lượng": "185 g", "Micro": "Mic MEMS kép đa hướng với chùm tia định hướng và DSP, dải tần số 100~8 kHz", "Kết nối": "Bluetooth 5.2, phạm vi không dây 30 m, cáp sạc USB-C 1.5 m", "Pin": "Pin Lithium-ion, thời gian đàm thoại 18 giờ, nghe nhạc 20 giờ", "Loa": "Driver 40 mm, độ nhạy 118±3 dB @1mW/1kHz, dải tần số 100~8 kHz", "Phụ kiện": "Tai nghe không dây, dây sạc USB-A, túi du lịch, hướng dẫn sử dụng", "Phát triển bền vững": "Nhựa chứa 25% vật liệu tái chế, bao bì đạt chứng nhận FSC™, trung hòa carbon"}',
            'Tai nghe Logitech Không dây Zone Vibe 100 Hồng mang đến sự kết hợp hoàn hảo giữa hiệu suất âm thanh vượt trội, thiết kế hiện đại và sự thoải mái tối đa cho người dùng. Với tông màu hồng pastel nhẹ nhàng và thanh lịch, Zone Vibe 100 không chỉ là một thiết bị công nghệ mà còn là một phụ kiện thời trang sành điệu, phù hợp với mọi không gian làm việc hay giải trí.\n\nCông nghệ âm thanh tiên tiến của Logitech đảm bảo chất lượng âm thanh sống động, rõ ràng và cân bằng, cho dù bạn đang tham gia các cuộc họp trực tuyến, thưởng thức âm nhạc yêu thích hay đắm chìm trong thế giới game. Micro định hướng kép với khả năng khử tiếng ồn giúp giọng nói của bạn luôn được truyền tải một cách rõ ràng, loại bỏ các tạp âm không mong muốn từ môi trường xung quanh, mang lại trải nghiệm giao tiếp liền mạch.\n\nThiết kế công thái học của Zone Vibe 100 tập trung vào sự thoải mái khi đeo trong thời gian dài. Phần đệm tai bằng mút hoạt tính mềm mại, thoáng khí ôm trọn tai, giảm thiểu áp lực, trong khi headband có thể điều chỉnh linh hoạt để phù hợp với mọi kích cỡ đầu. Trọng lượng nhẹ cũng góp phần tạo nên sự thoải mái vượt trội, giúp bạn quên đi sự hiện diện của tai nghe.\n\nVới kết nối không dây Bluetooth tiên tiến, bạn có thể dễ dàng ghép nối tai nghe với nhiều thiết bị khác nhau như máy tính, điện thoại thông minh, máy tính bảng. Thời lượng pin ấn tượng lên đến 20 giờ sử dụng liên tục với một lần sạc đầy, đảm bảo tai nghe luôn sẵn sàng đồng hành cùng bạn suốt cả ngày dài làm việc và giải trí. Ngoài ra, tính năng sạc nhanh tiện lợi giúp bạn có thêm giờ sử dụng chỉ với vài phút sạc.\n\nLogitech Zone Vibe 100 Hồng là lựa chọn lý tưởng cho những ai tìm kiếm một chiếc tai nghe đa năng, vừa phục vụ công việc hiệu quả, vừa mang lại trải nghiệm giải trí tuyệt vời, tất cả trong một thiết kế thời trang và đẳng cấp.',
            24, 'https://product.hstatic.net/200000722513/product/obdp1pwt_33d3bbb08fe043aeafec7408dfff5abc.png', '2024-04-22T04:04:54+00:00',1);
        
INSERT INTO product_image (name, product_variant_id, image_url, is_main)
VALUES
    ('Ảnh 1', 58, 'https://product.hstatic.net/200000722513/product/obdp1pwt_33d3bbb08fe043aeafec7408dfff5abc.png', TRUE),
    ('Ảnh 2', 58, 'https://product.hstatic.net/200000722513/product/3avj4xtv_96cca0d150a740dcb21dc3ccaf71eefc.png', FALSE),
    ('Ảnh 3', 58, 'https://product.hstatic.net/200000722513/product/1jshzjr8_d7c0383e1a18404d83b3d23cc6880bb5.png', FALSE),
    ('Ảnh 4', 58, 'https://product.hstatic.net/200000722513/product/7dyzl6xc_0367034abf8941cc9ff70f82ccde08e6.png', FALSE),
    ('Ảnh 5', 58, 'https://product.hstatic.net/200000722513/product/djsheq0g_d35c2cc39df84b9cb8c97e57e928c931.png', FALSE),
    ('Ảnh 6', 58, 'https://product.hstatic.net/200000722513/product/ez1nwih4_74e3959538b64806a753b5d42cd3602d.png', FALSE);
---
INSERT INTO product (name, seo_name, brand_id, specifications, description, created_by, image_url) 
    VALUES (
        'Tai nghe Edifier True Wireless X2S Trắng', 'tai-nghe-edifier-true-wireless-x2s-trang', 30,
        '{"Hãng sản xuất": "Edifier", "Micro": "Có", "Driver loa": "13mm", "Tính năng": "Chống ồn", "Kết nối": "Không dây", "Bluetooth": "5.3", "Ứng dụng kết nối": "Edifier Connect", "Phạm vi kết nối": "10 m", "Dung lượng pin tai nghe": "5V 200mA", "Dung lượng pin hộp sạc": "5V 1A", "Thời lượng pin tai nghe": "6.5 giờ", "Thời lượng pin hộp sạc": "19.5 giờ", "Cổng sạc": "Type-C", "Thời gian sạc tai nghe": "1.5 giờ", "Thời gian sạc hộp sạc": "2 giờ", "Tính năng khác": "Game mode, chống nước và bụi IP54"}',
        'Đắm chìm vào thế giới âm nhạc không giới hạn với Tai nghe Edifier True Wireless X2S Trắng – sự kết hợp hoàn hảo giữa phong cách, hiệu suất và sự tiện lợi. Khoác lên mình gam màu trắng tinh khôi, X2S không chỉ là một thiết bị âm thanh mà còn là phụ kiện thời trang tinh tế, dễ dàng phối hợp với mọi phong cách. Trải nghiệm chất âm Edifier đặc trưng: mạnh mẽ, rõ nét và sống động. Dù bạn là tín đồ của những bản nhạc dance sôi động hay yêu thích giai điệu du dương của nhạc trữ tình, X2S đều mang đến trải nghiệm nghe nhạc chân thực và lôi cuốn, với âm trầm sâu lắng và dải âm cao trong trẻo. Thiết kế công thái học nhẹ nhàng đảm bảo sự thoải mái tuyệt đối ngay cả khi sử dụng trong thời gian dài, ôm khít tai mà không gây khó chịu. Với công nghệ True Wireless, bạn hoàn toàn tự do di chuyển, tập luyện hay làm việc mà không vướng víu dây cáp. Điểm cộng lớn của Edifier X2S Trắng là thời lượng pin ấn tượng. Tận hưởng hàng giờ nghe nhạc liên tục và dễ dàng sạc lại với hộp sạc nhỏ gọn, cho tổng thời gian sử dụng lên đến cả ngày dài. Kết nối Bluetooth ổn định, độ trễ thấp đảm bảo trải nghiệm đồng bộ hóa hoàn hảo, đặc biệt hữu ích khi xem phim hoặc chơi game. Điều khiển cảm ứng trực quan giúp bạn dễ dàng quản lý cuộc gọi, phát/tạm dừng nhạc hay kích hoạt trợ lý giọng nói chỉ với một chạm nhẹ. Edifier X2S Trắng không chỉ là tai nghe, mà là người bạn đồng hành lý tưởng cho cuộc sống năng động, mang đến âm nhạc chất lượng cao mọi lúc, mọi nơi.',
        1, 'https://product.hstatic.net/200000722513/product/25818-681c9839ec416173cdbb27ebed5f7c25_22db6fb1e8cc4de1818f4fd43ad2c063.png'
    );
INSERT INTO product_category (product_id, category_id) VALUES (59, 24);
INSERT INTO product_variant (
        product_id, name, seo_name, supplier_id, price, price_sale, quantity, sku, model, barcode, 
        specifications, description, warranty, image_url, release_at, created_by)
        VALUES ( 59, 'Tai nghe Edifier True Wireless X2S Trắng', 'tai-nghe-edifier-true-wireless-x2s-trang',
            1, 390000, 350000, 10, 'TAI-EDIFIER-X2S-TRANG',
            'TAI-EDIFIER-X2S-TRANG', 'TAI-EDIFIER-X2S-TRANG',
            '{"Hãng sản xuất": "Edifier", "Micro": "Có", "Driver loa": "13mm", "Tính năng": "Chống ồn", "Kết nối": "Không dây", "Bluetooth": "5.3", "Ứng dụng kết nối": "Edifier Connect", "Phạm vi kết nối": "10 m", "Dung lượng pin tai nghe": "5V 200mA", "Dung lượng pin hộp sạc": "5V 1A", "Thời lượng pin tai nghe": "6.5 giờ", "Thời lượng pin hộp sạc": "19.5 giờ", "Cổng sạc": "Type-C", "Thời gian sạc tai nghe": "1.5 giờ", "Thời gian sạc hộp sạc": "2 giờ", "Tính năng khác": "Game mode, chống nước và bụi IP54"}',
            'Đắm chìm vào thế giới âm nhạc không giới hạn với Tai nghe Edifier True Wireless X2S Trắng – sự kết hợp hoàn hảo giữa phong cách, hiệu suất và sự tiện lợi. Khoác lên mình gam màu trắng tinh khôi, X2S không chỉ là một thiết bị âm thanh mà còn là phụ kiện thời trang tinh tế, dễ dàng phối hợp với mọi phong cách. Trải nghiệm chất âm Edifier đặc trưng: mạnh mẽ, rõ nét và sống động. Dù bạn là tín đồ của những bản nhạc dance sôi động hay yêu thích giai điệu du dương của nhạc trữ tình, X2S đều mang đến trải nghiệm nghe nhạc chân thực và lôi cuốn, với âm trầm sâu lắng và dải âm cao trong trẻo. Thiết kế công thái học nhẹ nhàng đảm bảo sự thoải mái tuyệt đối ngay cả khi sử dụng trong thời gian dài, ôm khít tai mà không gây khó chịu. Với công nghệ True Wireless, bạn hoàn toàn tự do di chuyển, tập luyện hay làm việc mà không vướng víu dây cáp. Điểm cộng lớn của Edifier X2S Trắng là thời lượng pin ấn tượng. Tận hưởng hàng giờ nghe nhạc liên tục và dễ dàng sạc lại với hộp sạc nhỏ gọn, cho tổng thời gian sử dụng lên đến cả ngày dài. Kết nối Bluetooth ổn định, độ trễ thấp đảm bảo trải nghiệm đồng bộ hóa hoàn hảo, đặc biệt hữu ích khi xem phim hoặc chơi game. Điều khiển cảm ứng trực quan giúp bạn dễ dàng quản lý cuộc gọi, phát/tạm dừng nhạc hay kích hoạt trợ lý giọng nói chỉ với một chạm nhẹ. Edifier X2S Trắng không chỉ là tai nghe, mà là người bạn đồng hành lý tưởng cho cuộc sống năng động, mang đến âm nhạc chất lượng cao mọi lúc, mọi nơi.',
            12, 'https://product.hstatic.net/200000722513/product/25818-681c9839ec416173cdbb27ebed5f7c25_22db6fb1e8cc4de1818f4fd43ad2c063.png', '2024-05-08T07:42:51+00:00',1);
        
INSERT INTO product_image (name, product_variant_id, image_url, is_main)
VALUES
    ('Ảnh 1', 59, 'https://product.hstatic.net/200000722513/product/25818-681c9839ec416173cdbb27ebed5f7c25_22db6fb1e8cc4de1818f4fd43ad2c063.png', TRUE),
    ('Ảnh 2', 59, 'https://product.hstatic.net/200000722513/product/25818-0c408c524910cdc3e5af73ab1dd53d5f_3c35126b79054be9a5856684e4e0d26c.png', FALSE),
    ('Ảnh 3', 59, 'https://product.hstatic.net/200000722513/product/25818-40fb139d77a57d5676d6f3183f9ca095_8d030659868348569d75388b270cd418.png', FALSE),
    ('Ảnh 4', 59, 'https://product.hstatic.net/200000722513/product/25818-d20f8028884576765a73e9526dd93072_50ca19b0359d42c58fb1a112f9cc68f1.png', FALSE),
    ('Ảnh 5', 59, 'https://product.hstatic.net/200000722513/product/25818-d548d94ac06f0cb43ff594a6d51d9967_d196ad2658134a5083a81b413745a843.png', FALSE),
    ('Ảnh 6', 59, 'https://product.hstatic.net/200000722513/product/25818-edifier-x2s---m--u-tr---ng_d72000d2779944958960fd66cdf806f3.png', FALSE);
---
INSERT INTO product (name, seo_name, brand_id, specifications, description, created_by, image_url) 
    VALUES (
        'Tai nghe E-Dra EH412 Pro RGB USB 7.1', 'tai-nghe-e-dra-eh412-pro', 23,
        '{"Sản phẩm": "Tai nghe", "Hãng sản xuất": "E-DRA", "Model": "EH412", "Thiết kế": "Chụp tai", "Kết nối": "USB", "Micro": "Có", "Màu sắc": "Đen", "Kích thước micro": "4.0 x 1.5mm", "Độ nhạy micro": "-48±3dB", "Hướng thu": "Đa hướng (Omnidirectional)", "Đường kính loa": "50mm", "Trở kháng": "2.2kΩ", "Dải tần số": "20~2000Hz", "Công suất đầu vào tối đa": "100mW", "Độ nhạy loa (S.P.L)": "98±3dB"}',
        'Tai nghe E-Dra EH412 Pro RGB USB 7.1 là sự kết hợp hoàn hảo giữa hiệu năng âm thanh vòm sống động và thiết kế ấn tượng, mang đến trải nghiệm giải trí và chơi game đỉnh cao. Với công nghệ âm thanh vòm 7.1 ảo, EH412 Pro tái tạo không gian âm thanh 3D chân thực, giúp bạn xác định chính xác vị trí kẻ địch, đắm chìm hoàn toàn vào thế giới game hoặc thưởng thức âm nhạc, phim ảnh với chất lượng âm thanh chi tiết và mạnh mẽ. Màng loa lớn mang lại dải tần âm thanh rộng, âm bass sâu lắng và âm treble trong trẻo, đáp ứng mọi nhu cầu nghe nhạc của người dùng khó tính nhất. Điểm nhấn nổi bật của EH412 Pro chính là hệ thống đèn LED RGB với nhiều chế độ hiệu ứng đa dạng, có thể tùy chỉnh theo sở thích, tạo nên một không gian gaming rực rỡ và cá tính. Thiết kế tai nghe chú trọng đến sự thoải mái khi sử dụng trong thời gian dài. Earcup bọc da mềm mại, ôm trọn vành tai, cách âm hiệu quả, trong khi headband có thể điều chỉnh linh hoạt, phân bổ đều trọng lượng giúp giảm áp lực lên đầu. Microphone có khả năng lọc tiếng ồn, thu âm giọng nói rõ ràng, hỗ trợ đàm thoại tốt trong mọi môi trường. Kết nối USB tiện lợi, tương thích với nhiều hệ điều hành và thiết bị. E-Dra EH412 Pro RGB USB 7.1 không chỉ là một chiếc tai nghe, mà còn là một phụ kiện thời trang, một công cụ đắc lực giúp bạn chinh phục mọi thử thách trong thế giới ảo.',
        1, 'https://product.hstatic.net/200000722513/product/tai-nghe-e-dra-eh410-pro-1_4b258b7897e34366b9b5b4b3ac49d4ab_8327864f95954272b641ee65ea66194f.jpg'
    );
INSERT INTO product_category (product_id, category_id) VALUES (60, 24);
INSERT INTO product_variant (
        product_id, name, seo_name, supplier_id, price, price_sale, quantity, sku, model, barcode, 
        specifications, description, warranty, image_url, release_at, created_by)
        VALUES ( 60, 'Tai nghe E-Dra EH412 Pro RGB USB 7.1', 'tai-nghe-e-dra-eh412-pro',
            1, 690000, 390000, 10, 'TAI-EDRA-EH412-PRO',
            'TAI-EDRA-EH412-PRO', 'TAI-EDRA-EH412-PRO',
            '{"Sản phẩm": "Tai nghe", "Hãng sản xuất": "E-DRA", "Model": "EH412", "Thiết kế": "Chụp tai", "Kết nối": "USB", "Micro": "Có", "Màu sắc": "Đen", "Kích thước micro": "4.0 x 1.5mm", "Độ nhạy micro": "-48±3dB", "Hướng thu": "Đa hướng (Omnidirectional)", "Đường kính loa": "50mm", "Trở kháng": "2.2kΩ", "Dải tần số": "20~2000Hz", "Công suất đầu vào tối đa": "100mW", "Độ nhạy loa (S.P.L)": "98±3dB"}',
            'Tai nghe E-Dra EH412 Pro RGB USB 7.1 là sự kết hợp hoàn hảo giữa hiệu năng âm thanh vòm sống động và thiết kế ấn tượng, mang đến trải nghiệm giải trí và chơi game đỉnh cao. Với công nghệ âm thanh vòm 7.1 ảo, EH412 Pro tái tạo không gian âm thanh 3D chân thực, giúp bạn xác định chính xác vị trí kẻ địch, đắm chìm hoàn toàn vào thế giới game hoặc thưởng thức âm nhạc, phim ảnh với chất lượng âm thanh chi tiết và mạnh mẽ. Màng loa lớn mang lại dải tần âm thanh rộng, âm bass sâu lắng và âm treble trong trẻo, đáp ứng mọi nhu cầu nghe nhạc của người dùng khó tính nhất. Điểm nhấn nổi bật của EH412 Pro chính là hệ thống đèn LED RGB với nhiều chế độ hiệu ứng đa dạng, có thể tùy chỉnh theo sở thích, tạo nên một không gian gaming rực rỡ và cá tính. Thiết kế tai nghe chú trọng đến sự thoải mái khi sử dụng trong thời gian dài. Earcup bọc da mềm mại, ôm trọn vành tai, cách âm hiệu quả, trong khi headband có thể điều chỉnh linh hoạt, phân bổ đều trọng lượng giúp giảm áp lực lên đầu. Microphone có khả năng lọc tiếng ồn, thu âm giọng nói rõ ràng, hỗ trợ đàm thoại tốt trong mọi môi trường. Kết nối USB tiện lợi, tương thích với nhiều hệ điều hành và thiết bị. E-Dra EH412 Pro RGB USB 7.1 không chỉ là một chiếc tai nghe, mà còn là một phụ kiện thời trang, một công cụ đắc lực giúp bạn chinh phục mọi thử thách trong thế giới ảo.',
            24, 'https://product.hstatic.net/200000722513/product/tai-nghe-e-dra-eh410-pro-1_4b258b7897e34366b9b5b4b3ac49d4ab_8327864f95954272b641ee65ea66194f.jpg', '2024-03-31T09:57:45+00:00',1);
        
INSERT INTO product_image (name, product_variant_id, image_url, is_main)
VALUES
    ('Ảnh 1', 60, 'https://product.hstatic.net/200000722513/product/tai-nghe-e-dra-eh410-pro-1_4b258b7897e34366b9b5b4b3ac49d4ab_8327864f95954272b641ee65ea66194f.jpg', TRUE),
    ('Ảnh 2', 60, 'https://product.hstatic.net/200000722513/product/tai-nghe-e-dra-eh410-pro-2_2337bce2dad74b39a416e35b60b779c5_a1e7e40d717d482bbed099666e1a87f2.jpg', FALSE),
    ('Ảnh 3', 60, 'https://product.hstatic.net/200000722513/product/tai-nghe-e-dra-eh410-pro-3_2b09a99aef184b9e918bbb8e0ed1a08e_1dd9a2ecfe1e49eebf8b5e857b76ac9c.jpg', FALSE),
    ('Ảnh 4', 60, 'https://product.hstatic.net/200000722513/product/tai-nghe-e-dra-eh410-pro-4_691111d04933438e8d28e43884238a04_6f3cf0ff582e469982d20b905ba03e7f.jpg', FALSE);
---
INSERT INTO product (name, seo_name, brand_id, specifications, description, created_by, image_url) 
    VALUES (
        'Tai nghe E-Dra EH494W White', 'tai-nghe-e-dra-eh494w-white', 23,
        '{"Model": "E-Dra EH494W White", "Micro": "Mic rời", "Hướng bắt âm micro": "Đa hướng", "Độ nhạy mic": "-42dB", "Trở kháng mic": "2.2Ω", "Trang bị củ loa": "50mm", "Phạm vi kết nối": "15 mét", "Độ nhạy loa": "119dB", "Trở kháng": "30Ω", "Pin": "1000mAh", "Kết nối": "2.4GHz / Bluetooth 5.0 / Có dây", "Sạc pin": "Qua cổng Type-C trên tai nghe"}',
        'Tai nghe E-Dra EH494W White là một lựa chọn tuyệt vời cho những ai đang tìm kiếm một chiếc tai nghe không dây với chất lượng âm thanh tốt, thiết kế hiện đại và tính năng tiện lợi. Với gam màu trắng tinh khôi, EH494W mang đến vẻ ngoài sang trọng, trẻ trung, dễ dàng phối hợp với nhiều phong cách khác nhau. Công nghệ kết nối không dây Bluetooth 5.0 đảm bảo đường truyền ổn định, phạm vi kết nối rộng và tiết kiệm năng lượng, cho bạn trải nghiệm âm nhạc liền mạch mà không bị gián đoạn. Chất âm của tai nghe được tinh chỉnh để mang lại sự cân bằng giữa các dải tần, từ tiếng bass sâu lắng, mạnh mẽ đến các nốt treble trong trẻo, chi tiết, phù hợp với nhiều thể loại nhạc khác nhau. Bên cạnh đó, EH494W còn được trang bị micro chất lượng cao, hỗ trợ đàm thoại rõ ràng, giúp bạn dễ dàng nghe gọi trong công việc hay khi di chuyển. Thiết kế ear-cup êm ái, ôm sát tai, tạo cảm giác thoải mái ngay cả khi sử dụng trong thời gian dài. Đệm tai được làm từ chất liệu cao cấp, thoáng khí, hạn chế tình trạng bí tai, nóng tai. E-Dra EH494W White còn có dung lượng pin ấn tượng, cho phép bạn nghe nhạc liên tục trong nhiều giờ liền, đáp ứng nhu cầu sử dụng cả ngày. Nút điều khiển tích hợp trên tai nghe cho phép bạn dễ dàng điều chỉnh âm lượng, chuyển bài, nhận cuộc gọi mà không cần thao tác trên điện thoại. Sản phẩm này thực sự là sự kết hợp hoàn hảo giữa hiệu năng, thẩm mỹ và sự tiện dụng, là người bạn đồng hành lý tưởng cho mọi hoạt động giải trí và công việc của bạn.',
        1, 'https://product.hstatic.net/200000722513/product/gearvn-tai-nghe-e-dra-eh494w-white-1_46cdca3aaf3b448bbccc0d74c6d72782_603b4458b3b0406b891a4a63f0efe9ef.png'
    );
INSERT INTO product_category (product_id, category_id) VALUES (61, 24);
INSERT INTO product_variant (
        product_id, name, seo_name, supplier_id, price, price_sale, quantity, sku, model, barcode, 
        specifications, description, warranty, image_url, release_at, created_by)
        VALUES ( 61, 'Tai nghe E-Dra EH494W White', 'tai-nghe-e-dra-eh494w-white',
            1, 1390000, 950000, 10, 'TAI-EDRA-EH494W-WHITE',
            'TAI-EDRA-EH494W-WHITE', 'TAI-EDRA-EH494W-WHITE',
            '{"Model": "E-Dra EH494W White", "Micro": "Mic rời", "Hướng bắt âm micro": "Đa hướng", "Độ nhạy mic": "-42dB", "Trở kháng mic": "2.2Ω", "Trang bị củ loa": "50mm", "Phạm vi kết nối": "15 mét", "Độ nhạy loa": "119dB", "Trở kháng": "30Ω", "Pin": "1000mAh", "Kết nối": "2.4GHz / Bluetooth 5.0 / Có dây", "Sạc pin": "Qua cổng Type-C trên tai nghe"}',
            'Tai nghe E-Dra EH494W White là một lựa chọn tuyệt vời cho những ai đang tìm kiếm một chiếc tai nghe không dây với chất lượng âm thanh tốt, thiết kế hiện đại và tính năng tiện lợi. Với gam màu trắng tinh khôi, EH494W mang đến vẻ ngoài sang trọng, trẻ trung, dễ dàng phối hợp với nhiều phong cách khác nhau. Công nghệ kết nối không dây Bluetooth 5.0 đảm bảo đường truyền ổn định, phạm vi kết nối rộng và tiết kiệm năng lượng, cho bạn trải nghiệm âm nhạc liền mạch mà không bị gián đoạn. Chất âm của tai nghe được tinh chỉnh để mang lại sự cân bằng giữa các dải tần, từ tiếng bass sâu lắng, mạnh mẽ đến các nốt treble trong trẻo, chi tiết, phù hợp với nhiều thể loại nhạc khác nhau. Bên cạnh đó, EH494W còn được trang bị micro chất lượng cao, hỗ trợ đàm thoại rõ ràng, giúp bạn dễ dàng nghe gọi trong công việc hay khi di chuyển. Thiết kế ear-cup êm ái, ôm sát tai, tạo cảm giác thoải mái ngay cả khi sử dụng trong thời gian dài. Đệm tai được làm từ chất liệu cao cấp, thoáng khí, hạn chế tình trạng bí tai, nóng tai. E-Dra EH494W White còn có dung lượng pin ấn tượng, cho phép bạn nghe nhạc liên tục trong nhiều giờ liền, đáp ứng nhu cầu sử dụng cả ngày. Nút điều khiển tích hợp trên tai nghe cho phép bạn dễ dàng điều chỉnh âm lượng, chuyển bài, nhận cuộc gọi mà không cần thao tác trên điện thoại. Sản phẩm này thực sự là sự kết hợp hoàn hảo giữa hiệu năng, thẩm mỹ và sự tiện dụng, là người bạn đồng hành lý tưởng cho mọi hoạt động giải trí và công việc của bạn.',
            24, 'https://product.hstatic.net/200000722513/product/gearvn-tai-nghe-e-dra-eh494w-white-1_46cdca3aaf3b448bbccc0d74c6d72782_603b4458b3b0406b891a4a63f0efe9ef.png', '2024-05-29T11:45:55+00:00',1);
        
INSERT INTO product_image (name, product_variant_id, image_url, is_main)
VALUES
    ('Ảnh 1', 61, 'https://product.hstatic.net/200000722513/product/gearvn-tai-nghe-e-dra-eh494w-white-1_46cdca3aaf3b448bbccc0d74c6d72782_603b4458b3b0406b891a4a63f0efe9ef.png', TRUE),
    ('Ảnh 2', 61, 'https://product.hstatic.net/200000722513/product/gearvn-tai-nghe-e-dra-eh494w-white-2_def7fee9b9d04e48a6638ee79d672c94_8517c1e111f941e8a8c3345a8d8d8fd7.png', FALSE);
---
INSERT INTO product (name, seo_name, brand_id, specifications, description, created_by, image_url) 
    VALUES (
        'Tai nghe Corsair HS55 Wireless Core Black (CA-9011290-AP)', 'tai-nghe-corsair-hs55-wireless-core-black-ca-9011290-ap', 5,
        '{"Thương hiệu": "Corsair", "Bảo hành": "24 tháng", "Model": "Tai nghe Corsair HS55 Wireless Core Black (CA-9011290-AP)", "Màu sắc": "Đen", "Kiểu tai nghe": "Over-ear", "Kiểu kết nối": "Không dây (USB Wireless Receiver), Bluetooth", "Thời lượng pin": "Lên đến 24 giờ", "Phạm vi tai nghe không dây": "30ft (10.2m)", "Microphone": "Đa hướng", "Chất liệu khung": "Khung kim loại, đệm tai bằng xốp Foam", "Tương thích": "PC, PlayStation 4", "Trở kháng": "Tai nghe: 32 Ohms; Micro: 1 kHz", "Tần số": "Tai nghe: 20Hz - 20.000Hz; Micro: 100Hz - 10.000Hz", "Độ nhạy": "Tai nghe: 114dB (+/- 3dB); Micro: -41dB (+/- 2dB)", "Chất lượng âm thanh": "Stereo", "Âm thanh vòm": "Không", "Khả năng cách âm": "Có", "Trình điều khiển tai nghe": "50mm"}',
        'Corsair là một cái tên đình đám trong làng game thủ, ghi dấu ấn với người dùng qua những gaming gear ấn tượng đến những linh kiện máy tính chất lượng. Tai nghe Corsair HS55 Wireless Core Black không ngoài dự đoán trở thành cái tên nổi bật trong thời gian gần đây nhờ vào kiểu thiết kế hiện đại, đẹp mắt, độ trễ thấp cùng khả năng kết nối linh hoạt. Tất cả đã đưa Corsair HS55 lên một tầm cao mới so với những chiếc tai nghe không dây thông thường.',
        1, 'https://product.hstatic.net/200000722513/product/hinh-1_2735fbceb0a14ddb955bdf64b63e45b7_ac360205755f44648b50ec4bcf0a7fcd.gif'
    );
INSERT INTO product_category (product_id, category_id) VALUES (62, 24);
INSERT INTO product_variant (
        product_id, name, seo_name, supplier_id, price, price_sale, quantity, sku, model, barcode, 
        specifications, description, warranty, image_url, release_at, created_by)
        VALUES ( 62, 'Tai nghe Corsair HS55 Wireless Core Black (CA-9011290-AP)', 'tai-nghe-corsair-hs55-wireless-core-black-ca-9011290-ap',
            1, 1790000, 1590000, 10, 'TAI-HS55-WL-CORE-BLACK-CA-9011290-AP',
            'TAI-HS55-WL-CORE-BLACK-CA-9011290-AP', 'TAI-HS55-WL-CORE-BLACK-CA-9011290-AP',
            '{"Thương hiệu": "Corsair", "Bảo hành": "24 tháng", "Model": "Tai nghe Corsair HS55 Wireless Core Black (CA-9011290-AP)", "Màu sắc": "Đen", "Kiểu tai nghe": "Over-ear", "Kiểu kết nối": "Không dây (USB Wireless Receiver), Bluetooth", "Thời lượng pin": "Lên đến 24 giờ", "Phạm vi tai nghe không dây": "30ft (10.2m)", "Microphone": "Đa hướng", "Chất liệu khung": "Khung kim loại, đệm tai bằng xốp Foam", "Tương thích": "PC, PlayStation 4", "Trở kháng": "Tai nghe: 32 Ohms; Micro: 1 kHz", "Tần số": "Tai nghe: 20Hz - 20.000Hz; Micro: 100Hz - 10.000Hz", "Độ nhạy": "Tai nghe: 114dB (+/- 3dB); Micro: -41dB (+/- 2dB)", "Chất lượng âm thanh": "Stereo", "Âm thanh vòm": "Không", "Khả năng cách âm": "Có", "Trình điều khiển tai nghe": "50mm"}',
            'Corsair là một cái tên đình đám trong làng game thủ. Nó ghi dấu ấn với người dùng qua những gaming gear ấn tượng đến những linh kiện máy tính chất lượng. Tai nghe Corsair HS55 Wireless Core Black không ngoài dự đoán trở thành cái tên nổi bật trong thời gian gần đây nhờ vào kiểu thiết kế hiện đại, đẹp mắt, độ trễ thấp cùng khả năng kết nối linh hoạt. Tất cả đã đưa Corsair HS55 lên một tầm cao mới so với những chiếc tai nghe không dây thông thường.\n\n- Tai nghe Corsair HS55 Wireless Core Black (CA-9011290-AP)\n\nKhả năng kết nối không dây với độ trễ thấp\nTận hưởng âm thanh chất lượng cao với phạm vi phủ sóng lên đến 50 ft. Song song đó, khả năng kết nối Bluetooth tiện lợi và hiện đại giúp Corsair HS55 có thể kết nối nhanh với nhiều thiết bị di động khác như PC, PlayStation 4. \n\n- Tai nghe Corsair HS55 Wireless Core Black (CA-9011290-AP)\n\nThiết kế hiện đại và thu hút\nCorsair HS55 Wireless Core Black sở hữu ngoại hình hiện đại và bắt mắt với tông màu đen nhám mạnh mẽ. Được hoàn thiện bằng chất liệu nhựa cứng cáp, chắc chắn đảm bảo không tạo ra cảm giác ọp ẹp trong lúc sử dụng. Hai bên tai nghe được cách điệu bằng họa tiết đa vòng tròn kết hợp logo Corsair quen thuộc. Dù cùng tông màu đen nhưng lại không kém phần nổi bật.\n\n- Tai nghe Corsair HS55 Wireless Core Black (CA-9011290-AP)\n\nỞ phần earcups, tai nghe Bluetooth này được tích hợp con lăn điều chỉnh âm lượng và nút bật tắt microphone tiện lợi. Bạn có thể dễ dàng điều chỉnh mọi thao tác của mình một cách nhanh chóng mà không cần thông qua một thao tác trung gian nào nữa.\n\n- Tai nghe Corsair HS55 Wireless Core Black (CA-9011290-AP)\n\nTrọng lượng nhẹ như bông\nSắc đen mạnh mẽ là thế như Corsair HS55 Wireless Core Black lại sở hữu một trọng lượng siêu nhẹ. Khi chỉ nặng khoảng hơn 250g với phần headband có thể điều chỉnh cùng phần earcups được làm phần mút hoạt tính sang trọng.\n\n- Tai nghe Corsair HS55 Wireless Core Black (CA-9011290-AP)\n\nDung lượng pin trâu\nCorsair HS55 Wireless Core Black có lẽ là một trong những mẫu tai nghe chụp tai có dung lượng pin trâu nhất từ trước đến nay. Bạn có thể sử dụng tai nghe gaming này lên đến 24 giờ đồng hồ. Chỉ 15 cắm sạc là bạn đã có thể sử dụng liên tục tận 6 tiếng rồi. \n\n- Tai nghe Corsair HS55 Wireless Core Black (CA-9011290-AP)\n\nChất lượng âm thanh “chìm sâu”.\n“You make me chìm sâu” là tất cả những gì chúng ta có thể miêu tả về chất lượng âm thanh của Corsair HS55 Wireless Core Black. Âm thanh chất lượng cao, driver âm thanh có thể điều chỉnh 50mm neodymium mang đến âm thanh xuất sắc trong phạm vi cần thiết để lắng nghe mọi hành động của kẻ thù trong trận chiến.\n\n- Tai nghe Corsair HS55 Wireless Core Black (CA-9011290-AP)\n\nGiọng nói siêu trong trẻo\nCorsair HS55 Wireless Core Black được trang bị microphone omnidirectional để thu âm giọng nói của bạn với độ rõ ràng và chính xác nhất có thể. Nó đã vinh dự nhận được chứng nhận từ Discord (Discord Certified) về khả năng thu âm chất lượng, âm thanh trong trẻo và vô cùng nổi bật.',
            24, 'https://product.hstatic.net/200000722513/product/hinh-1_2735fbceb0a14ddb955bdf64b63e45b7_ac360205755f44648b50ec4bcf0a7fcd.gif', '2023-06-02T05:18:21+00:00',1);
        
INSERT INTO product_image (name, product_variant_id, image_url, is_main)
VALUES
    ('Ảnh 1', 62, 'https://product.hstatic.net/200000722513/product/hinh-1_2735fbceb0a14ddb955bdf64b63e45b7_ac360205755f44648b50ec4bcf0a7fcd.gif', TRUE),
    ('Ảnh 2', 62, 'https://product.hstatic.net/200000722513/product/hs55-2_a9dd4988ec474fd2ab60c7bb34feb640_597e56ba3bf241bfb2e9d36a92a39747.gif', FALSE),
    ('Ảnh 3', 62, 'https://product.hstatic.net/200000722513/product/hs55-5_f917ba45bcf0481f9703c352c6f50fb2_00129845e1d940cb87303147366edad8.gif', FALSE),
    ('Ảnh 4', 62, 'https://product.hstatic.net/200000722513/product/hs55-3_106ec2fb030546febaf619e8e02192f4_96d7642c7a7144f2b23b2061f8f42d9a.gif', FALSE),
    ('Ảnh 5', 62, 'https://product.hstatic.net/200000722513/product/hs55_e2aa7092f7ff4f99a85666caa0a35f0b_80fe36efd4254d62ad3a45eccbfaacaa.gif', FALSE);
---
INSERT INTO product (name, seo_name, brand_id, specifications, description, created_by, image_url) 
    VALUES (
        'Tai nghe Razer Barracuda X 2022', 'tai-nghe-razer-barracuda-x-2022', 15,
        '{"Thương hiệu": "Razer", "Model": "Razer Barracuda X 2022", "Màu sắc": "Đen", "Kiểu tai nghe": "Over-ear", "Kiểu kết nối": "Không dây USB Type-C (2.4GHz), Bluetooth 5.2, Analog 3.5mm", "Kích thước": "Đường kính củ tai bên trong: 60 mm x 40 mm", "Độ nhạy": "-42 ± 3 dB", "Trọng lượng": "250g", "Tần số": "20 Hz – 20 kHz"}',
        'Tai nghe chụp tai Razer Barracuda X là sản phẩm đáng để mọi game thủ trang bị khi sở hữu khả năng xử lý âm thanh đầu vào, đầu ra rõ ràng, chi tiết để giúp nâng cao hiệu quả các trận đấu. Sản phẩm còn hỗ trợ nhiều phương thức kết nối để người dùng dễ dàng chuyển đổi và sử dụng cùng lúc trên nhiều thiết bị.\n\nXử lý âm thanh xuất sắc với driver Razer Triforce\nTai nghe chụp tai Razer Barracuda X được trang bị trình điều khiển được cấp bằng sáng chế riêng, Razer Triforce. Với trình điều khiển 40mm độc quyền này, tai nghe Razer Barracuda X có thể thể xử lý tốt các dải âm trầm, âm trung và âm cao để không gây hiện tượng chói tai trong quá trình sử dụng. Nhờ đó mà người dùng cũng sẽ có được trải nghiệm chơi game, xem phim, nghe nhạc,...tốt hơn trên mẫu tai nghe của Razer.\n\nChất lượng âm thanh của tai nghe chụp tai Razer Barracuda X\n\nPhần đệm tai được làm bằng bọt khí đặc biệt sẽ còn giúp tai nghe Razer Barracuda X có thể hạn chế các tạp âm và có được khả năng chống ồn bị động để cải thiện trải nghiệm nghe. Ngoài ra, mẫu tai nghe chụp tai Razer này còn có thể nâng cấp lên chất lượng âm thanh vòm 7.1 thông qua ứng dụng THX Spatial Audio để người dùng có được chất lượng giải trí chuyên nghiệp.\n\nThiết kế tối ưu trải nghiệm đeo\nTai nghe chụp tai Razer Barracuda X được thiết kế dạng overear để có thể ôm trọn vẹn phần tai người dùng và mang tới chất lượng âm thanh tốt nhất trong quá trình giải trí. Mẫu tai nghe chụp tai Razer này không chỉ sở hữu thiết kế trang nhã, cao cấp vốn có của dòng headphone Razer mà còn có được trọng lượng nhẹ, chỉ 250g, để người đeo có được sự thoải mái khi hoạt động đầu.\n\nThiết kế tai nghe chụp tai Razer Barracuda X\n\nLớp bọt khí của phần đệm tai Razer Barracuda X dù tiêu âm hiệu quả nhưng vẫn đảm bảo thoáng khí, mềm mại để tạo sự thoải mái kể cả khi sử dụng trong thời gian dài. Phần đệm khí oval này còn có khả năng ghi nhớ khuôn đầu của người dùng để đảm bảo không tạo áp lực xung quanh tai trong quá trình đeo.\n\nNâng cao chất lượng đàm thoại với Razer Cardioid Mic\nĐể nâng cao chất lượng đàm thoại, tai nghe chụp tai Razer Barracuda X còn được trang bị Mic Razer Cardioid độc quyền. Micro trên Razer Barracuda X vừa có khả năng tăng cường chất lượng giọng nói trong game, vừa có thể khử tiếng ồn tới từ môi trường xung quanh để đem tới khả năng truyền tải nội dung rõ ràng trong quá trình tương tác với đồng đội trong các tựa game online.\n\nChất lượng đàm thoại của tai nghe chụp tai Razer Barracuda X\n\nMic Razer Hyperclear Cardioid còn có thể dễ dàng tháo rời chi với một thao tác xoay khi không cần sử dụng. Điều này sẽ giúp tai nghe Razer Barracuda X có được tính cơ động để dễ dàng mang theo bên người và sử dụng ở bất cứ nơi đâu mà bạn muốn.\n\nHoạt động bền bỉ tối đa tới 50 giờ\nThời lượng hoạt động của tai nghe chụp tai Razer Barracuda X cũng là một điểm được đánh giá cao. Chỉ với một lần sạc, mẫu tai nghe chụp Razer này có thể hoạt động liên tục tới 50 giờ để đảm bảo được quá trình chơi game, giải trí ổn định. Razer còn trang bị cho tai nghe cổng sạc Type-C để đẩy nhanh quá trình nạp đầy pin cho thiết bị và rút ngắn thời gian chờ đợi giữa các lần sạc pin.\n\nThời lượng hoạt động của tai nghe chụp tai Razer Barracuda X\n\nHỗ trợ kết nối ổn định cùng lúc trên nhiều thiết bị\nTai nghe chụp tai Razer Barracuda X được trang bị tới 3 phương thức kết nối, bao gồm cáp Analog 3.5mm, Wireless 2.4GHz và Bluetooth 5.2. Hai dạng kết nối không dây sẽ giúp tai nghe Razer Barracuda X có thể dễ dàng ghép nối với game console, laptop, PC, smartphone,...Với tính năng SmartSwitch, người dùng có thể thuận tiện chuyển đổi liền mạch để có thể sử dụng song song cùng lúc tới 4 thiết bị.\n\nKhả năng kết nối của tai nghe chụp tai Razer Barracuda XRazer Barracuda Xx còn sở hữu tính năng HyperSpeed để nhanh chóng chuyển đổi giữa hai chế độ kết nối Bluetooth và Wireless tùy theo mục đích sử dụng. Ngoài ra, sản phẩm còn có chế độ không làm phiền tích hợp trong ứng dụng Razer Audio để người dùng chủ động chặn các cuộc gọi đến thiết bị kết nối với tai nghe để tăng sự tập trung trong quá trình chơi game.',
        1, 'https://product.hstatic.net/200000722513/product/thumbtainghe_2dabdc1c9373434ab81022d11552600c_a27bc61bd0564a69b22b79b5c08aa857.png'
    );
INSERT INTO product_category (product_id, category_id) VALUES (63, 24);
INSERT INTO product_variant (
        product_id, name, seo_name, supplier_id, price, price_sale, quantity, sku, model, barcode, 
        specifications, description, warranty, image_url, release_at, created_by)
        VALUES ( 63, 'Tai nghe Razer Barracuda X 2022', 'tai-nghe-razer-barracuda-x-2022',
            1, 2750000, 2390000, 10, 'TAI-RAZER-BARRACUDA-X-2022',
            'TAI-RAZER-BARRACUDA-X-2022', 'TAI-RAZER-BARRACUDA-X-2022',
            '{"Thương hiệu": "Razer", "Model": "Razer Barracuda X 2022", "Màu sắc": "Đen", "Kiểu tai nghe": "Over-ear", "Kiểu kết nối": "Không dây USB Type-C (2.4GHz), Bluetooth 5.2, Analog 3.5mm", "Kích thước": "Đường kính củ tai bên trong: 60 mm x 40 mm", "Độ nhạy": "-42 ± 3 dB", "Trọng lượng": "250g", "Tần số": "20 Hz – 20 kHz"}',
            'Tai nghe chụp tai Razer Barracuda X là sản phẩm đáng để mọi game thủ trang bị khi sở hữu khả năng xử lý âm thanh đầu vào, đầu ra rõ ràng, chi tiết để giúp nâng cao hiệu quả các trận đấu. Sản phẩm còn hỗ trợ nhiều phương thức kết nối để người dùng dễ dàng chuyển đổi và sử dụng cùng lúc trên nhiều thiết bị.\n\nXử lý âm thanh xuất sắc với driver Razer Triforce\nTai nghe chụp tai Razer Barracuda X được trang bị trình điều khiển được cấp bằng sáng chế riêng, Razer Triforce. Với trình điều khiển 40mm độc quyền này, tai nghe Razer Barracuda X có thể thể xử lý tốt các dải âm trầm, âm trung và âm cao để không gây hiện tượng chói tai trong quá trình sử dụng. Nhờ đó mà người dùng cũng sẽ có được trải nghiệm chơi game, xem phim, nghe nhạc,...tốt hơn trên mẫu tai nghe của Razer.\n\nChất lượng âm thanh của tai nghe chụp tai Razer Barracuda X\n\nPhần đệm tai được làm bằng bọt khí đặc biệt sẽ còn giúp tai nghe Razer Barracuda X có thể hạn chế các tạp âm và có được khả năng chống ồn bị động để cải thiện trải nghiệm nghe. Ngoài ra, mẫu tai nghe chụp tai Razer này còn có thể nâng cấp lên chất lượng âm thanh vòm 7.1 thông qua ứng dụng THX Spatial Audio để người dùng có được chất lượng giải trí chuyên nghiệp.\n\nThiết kế tối ưu trải nghiệm đeo\nTai nghe chụp tai Razer Barracuda X được thiết kế dạng overear để có thể ôm trọn vẹn phần tai người dùng và mang tới chất lượng âm thanh tốt nhất trong quá trình giải trí. Mẫu tai nghe chụp tai Razer này không chỉ sở hữu thiết kế trang nhã, cao cấp vốn có của dòng headphone Razer mà còn có được trọng lượng nhẹ, chỉ 250g, để người đeo có được sự thoải mái khi hoạt động đầu.\n\nThiết kế tai nghe chụp tai Razer Barracuda X\n\nLớp bọt khí của phần đệm tai Razer Barracuda X dù tiêu âm hiệu quả nhưng vẫn đảm bảo thoáng khí, mềm mại để tạo sự thoải mái kể cả khi sử dụng trong thời gian dài. Phần đệm khí oval này còn có khả năng ghi nhớ khuôn đầu của người dùng để đảm bảo không tạo áp lực xung quanh tai trong quá trình đeo.\n\nNâng cao chất lượng đàm thoại với Razer Cardioid Mic\nĐể nâng cao chất lượng đàm thoại, tai nghe chụp tai Razer Barracuda X còn được trang bị Mic Razer Cardioid độc quyền. Micro trên Razer Barracuda X vừa có khả năng tăng cường chất lượng giọng nói trong game, vừa có thể khử tiếng ồn tới từ môi trường xung quanh để đem tới khả năng truyền tải nội dung rõ ràng trong quá trình tương tác với đồng đội trong các tựa game online.\n\nChất lượng đàm thoại của tai nghe chụp tai Razer Barracuda X\n\nMic Razer Hyperclear Cardioid còn có thể dễ dàng tháo rời chi với một thao tác xoay khi không cần sử dụng. Điều này sẽ giúp tai nghe Razer Barracuda X có được tính cơ động để dễ dàng mang theo bên người và sử dụng ở bất cứ nơi đâu mà bạn muốn.\n\nHoạt động bền bỉ tối đa tới 50 giờ\nThời lượng hoạt động của tai nghe chụp tai Razer Barracuda X cũng là một điểm được đánh giá cao. Chỉ với một lần sạc, mẫu tai nghe chụp Razer này có thể hoạt động liên tục tới 50 giờ để đảm bảo được quá trình chơi game, giải trí ổn định. Razer còn trang bị cho tai nghe cổng sạc Type-C để đẩy nhanh quá trình nạp đầy pin cho thiết bị và rút ngắn thời gian chờ đợi giữa các lần sạc pin.\n\nThời lượng hoạt động của tai nghe chụp tai Razer Barracuda X\n\nHỗ trợ kết nối ổn định cùng lúc trên nhiều thiết bị\nTai nghe chụp tai Razer Barracuda X được trang bị tới 3 phương thức kết nối, bao gồm cáp Analog 3.5mm, Wireless 2.4GHz và Bluetooth 5.2. Hai dạng kết nối không dây sẽ giúp tai nghe Razer Barracuda X có thể dễ dàng ghép nối với game console, laptop, PC, smartphone,...Với tính năng SmartSwitch, người dùng có thể thuận tiện chuyển đổi liền mạch để có thể sử dụng song song cùng lúc tới 4 thiết bị.\n\nKhả năng kết nối của tai nghe chụp tai Razer Barracuda XRazer Barracuda Xx còn sở hữu tính năng HyperSpeed để nhanh chóng chuyển đổi giữa hai chế độ kết nối Bluetooth và Wireless tùy theo mục đích sử dụng. Ngoài ra, sản phẩm còn có chế độ không làm phiền tích hợp trong ứng dụng Razer Audio để người dùng chủ động chặn các cuộc gọi đến thiết bị kết nối với tai nghe để tăng sự tập trung trong quá trình chơi game.',
            24, 'https://product.hstatic.net/200000722513/product/thumbtainghe_2dabdc1c9373434ab81022d11552600c_a27bc61bd0564a69b22b79b5c08aa857.png', '2023-06-02T14:54:18+00:00',1);
        
INSERT INTO product_image (name, product_variant_id, image_url, is_main)
VALUES
    ('Ảnh 1', 63, 'https://product.hstatic.net/200000722513/product/thumbtainghe_2dabdc1c9373434ab81022d11552600c_a27bc61bd0564a69b22b79b5c08aa857.png', TRUE),
    ('Ảnh 2', 63, 'https://product.hstatic.net/200000722513/product/tai-nghe-razer-barracuda-x-2022-5_4e32c8395f2e4a908182de7be63375b6_5eb98aba178c40c9bc2041a0b9350489.jpg', FALSE),
    ('Ảnh 3', 63, 'https://product.hstatic.net/200000722513/product/tai-nghe-razer-barracuda-x-2022-6_d49cac9fd075497987b72fc23b30e020_d51f1719e81a40ad83ee2c2469c02a85.jpg', FALSE),
    ('Ảnh 4', 63, 'https://product.hstatic.net/200000722513/product/tai-nghe-razer-barracuda-x-2022-4_aec8d51f27a44546a6a31fc6b30e2b55_589dc33f899b4239a53d230475482c91.jpg', FALSE),
    ('Ảnh 5', 63, 'https://product.hstatic.net/200000722513/product/tai-nghe-razer-barracuda-x-2022-8_78bc27df494d471ab4287e3d453d56cd_8508e93ea208476f969652122d2f30b0.jpg', FALSE),
    ('Ảnh 6', 63, 'https://product.hstatic.net/200000722513/product/tai-nghe-razer-barracuda-x-2022-9_d9805b390c9740b3ba120b7aeca73b8b_9b8d9ec5e10b43b4af40c5bab0b7665b.jpg', FALSE),
    ('Ảnh 7', 63, 'https://product.hstatic.net/200000722513/product/tai-nghe-razer-barracuda-x-2022-10_beb6e4a0ae25495da3c8d53a28c80287_583a290843e441a98f60b9782a43bc02.jpg', FALSE),
    ('Ảnh 8', 63, 'https://product.hstatic.net/200000722513/product/tai-nghe-razer-barracuda-x-2022-1_1bf080b2dd2e44ff9bc69d9611b91ec8_c7c80cbc2434433cba44accb8282bb56.jpg', FALSE),
    ('Ảnh 9', 63, 'https://product.hstatic.net/200000722513/product/tai-nghe-razer-barracuda-x-2022-2_e38c7c8978694032b83918864d803bf3_42140f433de140cfb3de7834f0cdc444.jpg', FALSE),
    ('Ảnh 10', 63, 'https://product.hstatic.net/200000722513/product/tai-nghe-razer-barracuda-x-2022-3_bd252b57ba254cb6ade72d1161a17c90_9618b54eae074cafb95e2fdd4810323e.jpg', FALSE);
---
INSERT INTO product (name, seo_name, brand_id, specifications, description, created_by, image_url) 
    VALUES (
        'Tai nghe Logitech G435 Lightspeed Wireless - Black', 'tai-nghe-logitech-g435-lightspeed-wireless-black', 13,
        '{"Thương hiệu": "Logitech", "Model": "G435", "Trọng lượng": "165 g", "Kích thước": "163 x 170 x 71 mm", "Driver": "40 mm", "Kết nối": "LIGHTSPEED không dây qua USB 2.0 (Type-A), Bluetooth, tương thích Dolby Atmos, Tempest 3D AudioTech và Windows Sonic Spatial Sound", "Phạm vi kết nối": "10 m", "Pin": "Thời lượng 18 giờ, sạc qua USB-C, dây sạc USB-A sang USB-C", "Phụ kiện đi kèm": "Tai nghe G435, USB-A LIGHTSPEED, dây sạc USB-C sang USB-A, tài liệu hướng dẫn sử dụng", "Độ nhạy tần số": "20 Hz - 20 kHz", "Trở kháng": "45 Ω (bị động)", "Độ nhạy": "83,1 dB SPL/mW"}',
        'Tai nghe Logitech G435 Lightspeed Wireless - Black mang đến trải nghiệm âm thanh không dây đỉnh cao, tự do di chuyển và sự thoải mái vượt trội cho mọi game thủ. Với công nghệ Lightspeed độc quyền của Logitech, tai nghe này cung cấp kết nối không dây cực kỳ nhanh chóng và ổn định, loại bỏ hoàn toàn độ trễ, giúp bạn phản ứng tức thời trong mọi tình huống game. Thiết kế siêu nhẹ chỉ 255g cùng đệm tai mềm mại, thoáng khí, đảm bảo sự thoải mái ngay cả khi sử dụng trong thời gian dài. Màu đen (Black) sang trọng, tinh tế, dễ dàng phối hợp với mọi setup gaming. Loa 40mm mang lại âm thanh sống động, chi tiết, tái tạo chân thực mọi hiệu ứng âm thanh, từ tiếng bước chân kẻ địch đến những pha hành động bùng nổ. Micro tích hợp công nghệ beamforming loại bỏ tiếng ồn xung quanh, thu giọng nói rõ ràng, trong trẻo, giúp bạn giao tiếp hiệu quả với đồng đội. Pin sạc cho thời lượng sử dụng ấn tượng lên đến 18 giờ, thoải mái chiến game cả ngày. Tương thích đa nền tảng: PC, PlayStation, Nintendo Switch, Xbox, thiết bị di động, mang đến sự linh hoạt tối đa. Dễ dàng điều chỉnh âm lượng, tắt/bật mic ngay trên tai nghe. Logitech G435 Lightspeed Wireless - Black không chỉ là một chiếc tai nghe, mà còn là người bạn đồng hành đắc lực, nâng tầm trải nghiệm gaming của bạn lên một tầm cao mới.',
        1, 'https://product.hstatic.net/200000722513/product/tech-g435-lightspeed-wireless-black-1_d9659ca84d664ca38f9f800184e6ac0a_33fb716cdce04b90a09ad00c2de1672e.jpg'
    );
INSERT INTO product_category (product_id, category_id) VALUES (64, 24);
INSERT INTO product_variant (
        product_id, name, seo_name, supplier_id, price, price_sale, quantity, sku, model, barcode, 
        specifications, description, warranty, image_url, release_at, created_by)
        VALUES ( 64, 'Tai nghe Logitech G435 Lightspeed Wireless - Black', 'tai-nghe-logitech-g435-lightspeed-wireless-black',
            1, 1790000, 1390000, 10, 'TAI-LOG-G435-LW-BLACK',
            'TAI-LOG-G435-LW-BLACK', 'TAI-LOG-G435-LW-BLACK',
            '{"Thương hiệu": "Logitech", "Model": "G435", "Trọng lượng": "165 g", "Kích thước": "163 x 170 x 71 mm", "Driver": "40 mm", "Kết nối": "LIGHTSPEED không dây qua USB 2.0 (Type-A), Bluetooth, tương thích Dolby Atmos, Tempest 3D AudioTech và Windows Sonic Spatial Sound", "Phạm vi kết nối": "10 m", "Pin": "Thời lượng 18 giờ, sạc qua USB-C, dây sạc USB-A sang USB-C", "Phụ kiện đi kèm": "Tai nghe G435, USB-A LIGHTSPEED, dây sạc USB-C sang USB-A, tài liệu hướng dẫn sử dụng", "Độ nhạy tần số": "20 Hz - 20 kHz", "Trở kháng": "45 Ω (bị động)", "Độ nhạy": "83,1 dB SPL/mW"}',
            'Tai nghe Logitech G435 Lightspeed Wireless - Black mang đến trải nghiệm âm thanh không dây đỉnh cao, tự do di chuyển và sự thoải mái vượt trội cho mọi game thủ. Với công nghệ Lightspeed độc quyền của Logitech, tai nghe này cung cấp kết nối không dây cực kỳ nhanh chóng và ổn định, loại bỏ hoàn toàn độ trễ, giúp bạn phản ứng tức thời trong mọi tình huống game. Thiết kế siêu nhẹ chỉ 255g cùng đệm tai mềm mại, thoáng khí, đảm bảo sự thoải mái ngay cả khi sử dụng trong thời gian dài. Màu đen (Black) sang trọng, tinh tế, dễ dàng phối hợp với mọi setup gaming. Loa 40mm mang lại âm thanh sống động, chi tiết, tái tạo chân thực mọi hiệu ứng âm thanh, từ tiếng bước chân kẻ địch đến những pha hành động bùng nổ. Micro tích hợp công nghệ beamforming loại bỏ tiếng ồn xung quanh, thu giọng nói rõ ràng, trong trẻo, giúp bạn giao tiếp hiệu quả với đồng đội. Pin sạc cho thời lượng sử dụng ấn tượng lên đến 18 giờ, thoải mái chiến game cả ngày. Tương thích đa nền tảng: PC, PlayStation, Nintendo Switch, Xbox, thiết bị di động, mang đến sự linh hoạt tối đa. Dễ dàng điều chỉnh âm lượng, tắt/bật mic ngay trên tai nghe. Logitech G435 Lightspeed Wireless - Black không chỉ là một chiếc tai nghe, mà còn là người bạn đồng hành đắc lực, nâng tầm trải nghiệm gaming của bạn lên một tầm cao mới.',
            24, 'https://product.hstatic.net/200000722513/product/tech-g435-lightspeed-wireless-black-1_d9659ca84d664ca38f9f800184e6ac0a_33fb716cdce04b90a09ad00c2de1672e.jpg', '2023-11-16T07:00:45+00:00',1);
        
INSERT INTO product_image (name, product_variant_id, image_url, is_main)
VALUES
    ('Ảnh 1', 64, 'https://product.hstatic.net/200000722513/product/tech-g435-lightspeed-wireless-black-1_d9659ca84d664ca38f9f800184e6ac0a_33fb716cdce04b90a09ad00c2de1672e.jpg', TRUE),
    ('Ảnh 2', 64, 'https://product.hstatic.net/200000722513/product/tech-g435-lightspeed-wireless-black-2_a446fcb354414f5caba68d35edf0aacb_0c674d34111840f79a218b63512a4b09.jpg', FALSE),
    ('Ảnh 3', 64, 'https://product.hstatic.net/200000722513/product/tech-g435-lightspeed-wireless-black-3_0339b886192a4789bf6b56df4fa8e963_98038abf42e749eaa5270b2705765e89.jpg', FALSE),
    ('Ảnh 4', 64, 'https://product.hstatic.net/200000722513/product/tech-g435-lightspeed-wireless-black-4_68abadd8a64e4e26aea6616e5ce9d1b2_a29108838b984576a772a66952e7bbdb.jpg', FALSE),
    ('Ảnh 5', 64, 'https://product.hstatic.net/200000722513/product/tech-g435-lightspeed-wireless-black-5_34b5471bd2cc487ea8e42b738e2316fc_ba7c853d3a1e4d6da5eab559f4ea9e6e.jpg', FALSE);
---
INSERT INTO product (name, seo_name, brand_id, specifications, description, created_by, image_url) 
    VALUES (
        'Tai nghe Logitech G733 LIGHTSPEED Wireless Black', 'tai-nghe-logitech-g733-lightspeed-wireless-black', 13,
        '{"Thương hiệu:": "Logitech", "Bảo hành:": "24 tháng", "Series/Model:": "G733 Lightspeed Wireless Black", "Màu sắc:": "Đen", "Kiểu tai nghe:": "Over-ear", "Kiểu kết nối:": "Không dây", "LED:": "Có LED RGB", "Chuẩn kết nối:": "Receiver USB type A", "Microphone:": "Có thể tháo rời", "Trở kháng:": "1kHz 32 Ohm", "Tần số:": "20Hz - 20KHz", "Khả năng cách âm:": "Có", "Chất liệu khung:": "Nhựa", "Chất liệu đệm tai nghe:": "Vải thoáng", "Phụ kiện đi kèm:": "Hướng dẫn sử dụng, Receiver USB, Cáp sạc USB type A to USB type C", "Tương thích:": "Windows 7 trở lên / macOS X 10.12 trở lên / PlayStation 4", "Chức năng đặc biệt:": "Công nghệ kết nối không dây Lightspeed độc quyền Logitech"}',
        'Tai nghe Logitech G733 LIGHTSPEED Wireless Black là lựa chọn hoàn hảo cho game thủ yêu cầu hiệu suất cao, sự thoải mái tối đa và thiết kế thời thượng. Với công nghệ không dây LIGHTSPEED tiên tiến, bạn sẽ trải nghiệm âm thanh game sống động, không độ trễ, mang lại lợi thế cạnh tranh vượt trội. Dải tần đáp ứng rộng từ 20 Hz đến 20 kHz cùng driver PRO-G độc quyền cho âm thanh chi tiết, mạnh mẽ, tái hiện chính xác mọi âm thanh trong game, từ tiếng bước chân nhỏ nhất đến những vụ nổ hoành tráng. Microphone GƯNG với công nghệ lọc tiếng ồn BLUE VO!CE, được chứng nhận bởi Discord, đảm bảo giọng nói của bạn luôn rõ ràng, chuyên nghiệp khi giao tiếp với đồng đội. Đệm tai bằng mút hoạt tính memory foam mềm mại, cùng thiết kế headband treo độc đáo, phân bổ trọng lượng đều, giúp bạn đeo tai nghe trong nhiều giờ liền mà không cảm thấy mỏi hay khó chịu. Vỏ tai nghe được làm từ vật liệu cao cấp, nhẹ nhàng nhưng bền bỉ, với tông màu đen huyền bí, tô điểm thêm phong cách cho không gian chơi game của bạn. Pin sạc cho thời lượng sử dụng lên đến 29 giờ, đủ sức chinh phục mọi trận đấu dài hơi. Hỗ trợ kết nối đa nền tảng qua USB Receiver, tương thích với PC, PlayStation và Nintendo Switch. Tùy chỉnh hiệu ứng ánh sáng RGB LIGHTSYNC cá nhân hóa theo sở thích để thể hiện cá tính riêng. Logitech G733 LIGHTSPEED Wireless Black – Trải nghiệm âm thanh đỉnh cao, tự do không dây và phong cách dẫn đầu.',
        1, 'https://product.hstatic.net/200000722513/product/ch-g733-lightspeed-wireless-black-666_2eb1a71d562e4a6d853a0f086723cbe3_f7f15fa3c25c4d6190c05c6db168fbf7.png'
    );
INSERT INTO product_category (product_id, category_id) VALUES (65, 24);
INSERT INTO product_variant (
        product_id, name, seo_name, supplier_id, price, price_sale, quantity, sku, model, barcode, 
        specifications, description, warranty, image_url, release_at, created_by)
        VALUES ( 65, 'Tai nghe Logitech G733 LIGHTSPEED Wireless Black', 'tai-nghe-logitech-g733-lightspeed-wireless-black',
            1, 2890000, 2300000, 10, 'TAI-LOG-G733-LS-WL-BL',
            'TAI-LOG-G733-LS-WL-BL', 'TAI-LOG-G733-LS-WL-BL',
            '{"Thương hiệu:": "Logitech", "Bảo hành:": "24 tháng", "Series/Model:": "G733 Lightspeed Wireless Black", "Màu sắc:": "Đen", "Kiểu tai nghe:": "Over-ear", "Kiểu kết nối:": "Không dây", "LED:": "Có LED RGB", "Chuẩn kết nối:": "Receiver USB type A", "Microphone:": "Có thể tháo rời", "Trở kháng:": "1kHz 32 Ohm", "Tần số:": "20Hz - 20KHz", "Khả năng cách âm:": "Có", "Chất liệu khung:": "Nhựa", "Chất liệu đệm tai nghe:": "Vải thoáng", "Phụ kiện đi kèm:": "Hướng dẫn sử dụng, Receiver USB, Cáp sạc USB type A to USB type C", "Tương thích:": "Windows 7 trở lên / macOS X 10.12 trở lên / PlayStation 4", "Chức năng đặc biệt:": "Công nghệ kết nối không dây Lightspeed độc quyền Logitech"}',
            'Tai nghe Logitech G733 LIGHTSPEED Wireless Black là lựa chọn hoàn hảo cho game thủ yêu cầu hiệu suất cao, sự thoải mái tối đa và thiết kế thời thượng. Với công nghệ không dây LIGHTSPEED tiên tiến, bạn sẽ trải nghiệm âm thanh game sống động, không độ trễ, mang lại lợi thế cạnh tranh vượt trội. Dải tần đáp ứng rộng từ 20 Hz đến 20 kHz cùng driver PRO-G độc quyền cho âm thanh chi tiết, mạnh mẽ, tái hiện chính xác mọi âm thanh trong game, từ tiếng bước chân nhỏ nhất đến những vụ nổ hoành tráng. Microphone GƯNG với công nghệ lọc tiếng ồn BLUE VO!CE, được chứng nhận bởi Discord, đảm bảo giọng nói của bạn luôn rõ ràng, chuyên nghiệp khi giao tiếp với đồng đội. Đệm tai bằng mút hoạt tính memory foam mềm mại, cùng thiết kế headband treo độc đáo, phân bổ trọng lượng đều, giúp bạn đeo tai nghe trong nhiều giờ liền mà không cảm thấy mỏi hay khó chịu. Vỏ tai nghe được làm từ vật liệu cao cấp, nhẹ nhàng nhưng bền bỉ, với tông màu đen huyền bí, tô điểm thêm phong cách cho không gian chơi game của bạn. Pin sạc cho thời lượng sử dụng lên đến 29 giờ, đủ sức chinh phục mọi trận đấu dài hơi. Hỗ trợ kết nối đa nền tảng qua USB Receiver, tương thích với PC, PlayStation và Nintendo Switch. Tùy chỉnh hiệu ứng ánh sáng RGB LIGHTSYNC cá nhân hóa theo sở thích để thể hiện cá tính riêng. Logitech G733 LIGHTSPEED Wireless Black – Trải nghiệm âm thanh đỉnh cao, tự do không dây và phong cách dẫn đầu.',
            24, 'https://product.hstatic.net/200000722513/product/ch-g733-lightspeed-wireless-black-666_2eb1a71d562e4a6d853a0f086723cbe3_f7f15fa3c25c4d6190c05c6db168fbf7.png', '2023-06-03T07:32:10+00:00',1);
        
INSERT INTO product_image (name, product_variant_id, image_url, is_main)
VALUES
    ('Ảnh 1', 65, 'https://product.hstatic.net/200000722513/product/ch-g733-lightspeed-wireless-black-666_2eb1a71d562e4a6d853a0f086723cbe3_f7f15fa3c25c4d6190c05c6db168fbf7.png', TRUE),
    ('Ảnh 2', 65, 'https://product.hstatic.net/200000722513/product/tech-g733-lightspeed-wireless-black-3_4b8afa333a37400e94cb6d1fa9f41018_1d957f1bb53e4d5bb93b656bb302c6b2.jpg', FALSE),
    ('Ảnh 3', 65, 'https://product.hstatic.net/200000722513/product/tech-g733-lightspeed-wireless-black-2_b1b42f28ee2d45f780855b0172801b20_f79b23ef6dab4fe0904bf07c1e680fdb.jpg', FALSE);
---
INSERT INTO product (name, seo_name, brand_id, specifications, description, created_by, image_url) 
    VALUES (
        'Tai nghe Corsair Virtuoso RGB Wireless Pearl', 'tai-nghe-corsair-virtuoso-rgb-wireless-pearl', 5,
        '{"Thương hiệu": "Corsair", "Tên sản phẩm": "Tai nghe Corsair Virtuoso RGB Wireless Pearl", "Model": "Virtuoso Wireless", "Loại tai nghe": "Không dây", "Chất liệu": "Khung kim loại, đệm tai mút Memory Foam", "Màu sắc": "Ngọc trai (Pearl)", "LED": "RGB", "Kết nối": "Có dây và Không dây", "Chất lượng âm thanh": "7.1 Surround", "Âm thanh vòm": "Có", "Kích thước màng loa": "50 mm", "Tần số đáp ứng": "100Hz đến 10kHz", "Trở kháng": "2.0k Ohms", "Độ nhạy tai nghe": "109dB (+/-3dB)", "Tương thích": "PC, PS5, PS4", "Phần mềm": "Audio CUE", "Kích thước (mm)": "160 x 100 x 205", "Loại microphone": "Khử ồn 1 chiều", "Độ nhạy microphone": "-40dB (+/-3dB)", "Khử tiếng ồn": "Có", "Phụ kiện": "Sách hướng dẫn sử dụng"}',
        'Tai nghe Corsair Virtuoso RGB Wireless Pearl mang đến trải nghiệm âm thanh không dây đỉnh cao, kết hợp giữa hiệu suất vượt trội, thiết kế sang trọng và sự thoải mái tối đa. Với trình điều khiển loa neodymium bằng vải titan tùy chỉnh 50mm, Virtuoso RGB Wireless Pearl tái tạo âm thanh chi tiết, mạnh mẽ và sống động, từ những tiếng bass sâu lắng đến những nốt cao trong trẻo, cho bạn đắm chìm hoàn toàn vào thế giới game, nhạc và phim ảnh. Công nghệ kết nối không dây SLIPSTREAM CORSAIR WIRELESS tiên tiến mang đến tín hiệu siêu nhanh, độ trễ cực thấp và phạm vi hoạt động lên đến 18 mét, đảm bảo trải nghiệm chơi game mượt mà, không bị gián đoạn. Ngoài ra, bạn có thể kết nối linh hoạt qua cáp USB-C hoặc cổng 3.5mm tùy theo nhu cầu. Đệm tai bằng bọt hoạt tính cao cấp bọc da tổng hợp mềm mại cùng với phần đệm đầu có thể điều chỉnh mang lại sự thoải mái ngay cả khi đeo trong thời gian dài. Micro định hướng đa hướng có thể tháo rời, được chứng nhận bởi Discord, mang lại giọng nói rõ ràng, chuyên nghiệp khi giao tiếp với đồng đội. Hệ thống đèn RGB tùy chỉnh trên củ tai cho phép bạn thể hiện phong cách cá nhân với hàng triệu màu sắc và hiệu ứng động ấn tượng. Phần mềm iCUE mạnh mẽ cho phép bạn tinh chỉnh EQ âm thanh, điều khiển đèn RGB và quản lý các cài đặt khác một cách dễ dàng. Pin sạc cho thời lượng sử dụng lên đến 20 giờ liên tục, giúp bạn thoải mái chơi game, làm việc hoặc giải trí mà không lo hết pin giữa chừng. Thiết kế màu trắng ngọc trai (Pearl) tinh tế, sang trọng, phù hợp với mọi không gian làm việc và giải trí. Tai nghe Corsair Virtuoso RGB Wireless Pearl là sự lựa chọn hoàn hảo cho game thủ, người sáng tạo nội dung và bất kỳ ai đòi hỏi chất lượng âm thanh cao cấp và trải nghiệm không dây tiện lợi.',
        1, 'https://product.hstatic.net/200000722513/product/-rgb-config-gallery-virtuoso-pearl-01_0f6ede8325c14c34a37e1a23f8ccef67_353e158e839445f38e8fefc42097f71b.png'
    );
INSERT INTO product_category (product_id, category_id) VALUES (66, 24);
INSERT INTO product_variant (
        product_id, name, seo_name, supplier_id, price, price_sale, quantity, sku, model, barcode, 
        specifications, description, warranty, image_url, release_at, created_by)
        VALUES ( 66, 'Tai nghe Corsair Virtuoso RGB Wireless Pearl', 'tai-nghe-corsair-virtuoso-rgb-wireless-pearl',
            1, 4690000, 2990000, 10, 'TAI-COR-VIR-RGB-WIR-PEARL',
            'TAI-COR-VIR-RGB-WIR-PEARL', 'TAI-COR-VIR-RGB-WIR-PEARL',
            '{"Thương hiệu": "Corsair", "Tên sản phẩm": "Tai nghe Corsair Virtuoso RGB Wireless Pearl", "Model": "Virtuoso Wireless", "Loại tai nghe": "Không dây", "Chất liệu": "Khung kim loại, đệm tai mút Memory Foam", "Màu sắc": "Ngọc trai (Pearl)", "LED": "RGB", "Kết nối": "Có dây và Không dây", "Chất lượng âm thanh": "7.1 Surround", "Âm thanh vòm": "Có", "Kích thước màng loa": "50 mm", "Tần số đáp ứng": "100Hz đến 10kHz", "Trở kháng": "2.0k Ohms", "Độ nhạy tai nghe": "109dB (+/-3dB)", "Tương thích": "PC, PS5, PS4", "Phần mềm": "Audio CUE", "Kích thước (mm)": "160 x 100 x 205", "Loại microphone": "Khử ồn 1 chiều", "Độ nhạy microphone": "-40dB (+/-3dB)", "Khử tiếng ồn": "Có", "Phụ kiện": "Sách hướng dẫn sử dụng"}',
            'Tai nghe Corsair Virtuoso RGB Wireless Pearl mang đến trải nghiệm âm thanh không dây đỉnh cao, kết hợp giữa hiệu suất vượt trội, thiết kế sang trọng và sự thoải mái tối đa. Với trình điều khiển loa neodymium bằng vải titan tùy chỉnh 50mm, Virtuoso RGB Wireless Pearl tái tạo âm thanh chi tiết, mạnh mẽ và sống động, từ những tiếng bass sâu lắng đến những nốt cao trong trẻo, cho bạn đắm chìm hoàn toàn vào thế giới game, nhạc và phim ảnh. Công nghệ kết nối không dây SLIPSTREAM CORSAIR WIRELESS tiên tiến mang đến tín hiệu siêu nhanh, độ trễ cực thấp và phạm vi hoạt động lên đến 18 mét, đảm bảo trải nghiệm chơi game mượt mà, không bị gián đoạn. Ngoài ra, bạn có thể kết nối linh hoạt qua cáp USB-C hoặc cổng 3.5mm tùy theo nhu cầu. Đệm tai bằng bọt hoạt tính cao cấp bọc da tổng hợp mềm mại cùng với phần đệm đầu có thể điều chỉnh mang lại sự thoải mái ngay cả khi đeo trong thời gian dài. Micro định hướng đa hướng có thể tháo rời, được chứng nhận bởi Discord, mang lại giọng nói rõ ràng, chuyên nghiệp khi giao tiếp với đồng đội. Hệ thống đèn RGB tùy chỉnh trên củ tai cho phép bạn thể hiện phong cách cá nhân với hàng triệu màu sắc và hiệu ứng động ấn tượng. Phần mềm iCUE mạnh mẽ cho phép bạn tinh chỉnh EQ âm thanh, điều khiển đèn RGB và quản lý các cài đặt khác một cách dễ dàng. Pin sạc cho thời lượng sử dụng lên đến 20 giờ liên tục, giúp bạn thoải mái chơi game, làm việc hoặc giải trí mà không lo hết pin giữa chừng. Thiết kế màu trắng ngọc trai (Pearl) tinh tế, sang trọng, phù hợp với mọi không gian làm việc và giải trí. Tai nghe Corsair Virtuoso RGB Wireless Pearl là sự lựa chọn hoàn hảo cho game thủ, người sáng tạo nội dung và bất kỳ ai đòi hỏi chất lượng âm thanh cao cấp và trải nghiệm không dây tiện lợi.',
            24, 'https://product.hstatic.net/200000722513/product/-rgb-config-gallery-virtuoso-pearl-01_0f6ede8325c14c34a37e1a23f8ccef67_353e158e839445f38e8fefc42097f71b.png', '2023-06-03T06:59:30+00:00',1);
        
INSERT INTO product_image (name, product_variant_id, image_url, is_main)
VALUES
    ('Ảnh 1', 66, 'https://product.hstatic.net/200000722513/product/-rgb-config-gallery-virtuoso-pearl-01_0f6ede8325c14c34a37e1a23f8ccef67_353e158e839445f38e8fefc42097f71b.png', TRUE),
    ('Ảnh 2', 66, 'https://product.hstatic.net/200000722513/product/-rgb-config-gallery-virtuoso-pearl-17_0a8e0197c8924a6a950d470cb1c77605_aad78b37e3684e67af79cc981e2f9b32.png', FALSE),
    ('Ảnh 3', 66, 'https://product.hstatic.net/200000722513/product/-rgb-config-gallery-virtuoso-pearl-22_68a7ee78bae74d0fa79f576631810ea0_a02d1f63c17f4ba2898f5eff04753aab.png', FALSE),
    ('Ảnh 4', 66, 'https://product.hstatic.net/200000722513/product/-rgb-config-gallery-virtuoso-pearl-19_1f1dab59faa44d1586afcd0f69820d6a_460d1bc9b3b8432eba7eb260103c9070.png', FALSE),
    ('Ảnh 5', 66, 'https://product.hstatic.net/200000722513/product/-rgb-config-gallery-virtuoso-pearl-20_d15766d0545b418d90c550c971a96714_74dfa9e0293e4505a9e05a15c6a309f5.png', FALSE),
    ('Ảnh 6', 66, 'https://product.hstatic.net/200000722513/product/-rgb-config-gallery-virtuoso-pearl-25_d3c123ef56ad4c12a17756a26582ec0d_10a5a9b8418447e28a4c6417a2497bf8.png', FALSE);
---
INSERT INTO product (name, seo_name, brand_id, specifications, description, created_by, image_url) 
    VALUES (
        'Tai nghe Edifier Không dây W820NB Plus Đen', 'tai-nghe-edifier-khong-day-w820nb-plus-den', 30,
        '{"Công nghệ âm thanh": "Chống ồn chủ động ANC", "Thời lượng pin": "49 giờ", "Thời gian sạc": "1.5 giờ", "Cổng sạc": "Type-C - Sạc nhanh", "Kiểu tai nghe": "Over-ear", "Kiểu kết nối": "USB Type-C, Bluetooth 5.2", "Micro": "Có", "Phạm vi kết nối": "10m", "Thao tác điều khiển": "Chuyển bài, điều chỉnh âm lượng, trả lời cuộc gọi, chuyển đổi giữa các chế độ khác nhau"}',
        'Tai nghe Edifier Không dây W820NB Plus Đen mang đến trải nghiệm âm thanh đỉnh cao với công nghệ chống ồn chủ động (ANC) tiên tiến, loại bỏ hiệu quả tiếng ồn xung quanh, cho bạn đắm chìm hoàn toàn vào thế giới âm nhạc, podcast hay cuộc gọi. Màng loa titan 40mm cỡ lớn tái tạo âm thanh chi tiết, mạnh mẽ, với âm trầm sâu lắng và âm cao trong trẻo, đáp ứng mọi thể loại nhạc. Thời lượng pin ấn tượng lên đến 48 giờ (khi tắt ANC) và 33 giờ (khi bật ANC) đảm bảo bạn có thể sử dụng liên tục trong nhiều ngày mà không lo hết pin. Công nghệ sạc nhanh cho phép bạn có thêm 4 giờ nghe nhạc chỉ với 10 phút sạc. Kết nối Bluetooth 5.2 mới nhất mang đến kết nối ổn định, nhanh chóng và tiết kiệm năng lượng. Chế độ độ trễ thấp (Low Latency Mode) cực kỳ hữu ích cho game thủ, đồng bộ hóa âm thanh và hình ảnh mượt mà. Thiết kế over-ear (trùm tai) với đệm tai bằng da protein mềm mại và phần đệm đầu có thể điều chỉnh mang lại sự thoải mái tối đa ngay cả khi đeo trong thời gian dài. Tích hợp micro kép với công nghệ giảm tiếng ồn ENC giúp thu âm giọng nói rõ ràng, giảm thiểu tiếng ồn từ môi trường, đảm bảo chất lượng cuộc gọi thoại tốt nhất. Nút điều khiển vật lý trực quan trên củ tai cho phép bạn dễ dàng điều chỉnh âm lượng, chuyển bài, nhận/từ chối cuộc gọi và kích hoạt chế độ ANC/chế độ xuyên âm (Ambient Sound Mode) để nghe rõ âm thanh xung quanh khi cần thiết. Ứng dụng Edifier Connect cho phép tùy chỉnh EQ, cập nhật firmware và thiết lập các chế độ nghe phù hợp với sở thích cá nhân. Tai nghe có kiểu dáng tối giản, hiện đại với tông màu đen sang trọng, phù hợp với mọi phong cách. Edifier W820NB Plus Đen là sự lựa chọn hoàn hảo cho những ai yêu thích âm nhạc, thường xuyên di chuyển hoặc làm việc trong môi trường ồn ào, cần một thiết bị âm thanh chất lượng cao, tiện lợi và thoải mái.',
        1, 'https://product.hstatic.net/200000722513/product/d355c57c4f4a47b7f109c7f6bd50ee20_772faa967d304c3d8ee29e3a2aff2e21.png'
    );
INSERT INTO product_category (product_id, category_id) VALUES (67, 24);
INSERT INTO product_variant (
        product_id, name, seo_name, supplier_id, price, price_sale, quantity, sku, model, barcode, 
        specifications, description, warranty, image_url, release_at, created_by)
        VALUES ( 67, 'Tai nghe Edifier Không dây W820NB Plus Đen', 'tai-nghe-edifier-khong-day-w820nb-plus-den',
            1, 1490000, 1090000, 10, 'TAI-EDIFIER-W820NB-PLUS-DEN',
            'TAI-EDIFIER-W820NB-PLUS-DEN', 'TAI-EDIFIER-W820NB-PLUS-DEN',
            '{"Công nghệ âm thanh": "Chống ồn chủ động ANC", "Thời lượng pin": "49 giờ", "Thời gian sạc": "1.5 giờ", "Cổng sạc": "Type-C - Sạc nhanh", "Kiểu tai nghe": "Over-ear", "Kiểu kết nối": "USB Type-C, Bluetooth 5.2", "Micro": "Có", "Phạm vi kết nối": "10m", "Thao tác điều khiển": "Chuyển bài, điều chỉnh âm lượng, trả lời cuộc gọi, chuyển đổi giữa các chế độ khác nhau"}',
            'Tai nghe Edifier Không dây W820NB Plus Đen mang đến trải nghiệm âm thanh đỉnh cao với công nghệ chống ồn chủ động (ANC) tiên tiến, loại bỏ hiệu quả tiếng ồn xung quanh, cho bạn đắm chìm hoàn toàn vào thế giới âm nhạc, podcast hay cuộc gọi. Màng loa titan 40mm cỡ lớn tái tạo âm thanh chi tiết, mạnh mẽ, với âm trầm sâu lắng và âm cao trong trẻo, đáp ứng mọi thể loại nhạc. Thời lượng pin ấn tượng lên đến 48 giờ (khi tắt ANC) và 33 giờ (khi bật ANC) đảm bảo bạn có thể sử dụng liên tục trong nhiều ngày mà không lo hết pin. Công nghệ sạc nhanh cho phép bạn có thêm 4 giờ nghe nhạc chỉ với 10 phút sạc. Kết nối Bluetooth 5.2 mới nhất mang đến kết nối ổn định, nhanh chóng và tiết kiệm năng lượng. Chế độ độ trễ thấp (Low Latency Mode) cực kỳ hữu ích cho game thủ, đồng bộ hóa âm thanh và hình ảnh mượt mà. Thiết kế over-ear (trùm tai) với đệm tai bằng da protein mềm mại và phần đệm đầu có thể điều chỉnh mang lại sự thoải mái tối đa ngay cả khi đeo trong thời gian dài. Tích hợp micro kép với công nghệ giảm tiếng ồn ENC giúp thu âm giọng nói rõ ràng, giảm thiểu tiếng ồn từ môi trường, đảm bảo chất lượng cuộc gọi thoại tốt nhất. Nút điều khiển vật lý trực quan trên củ tai cho phép bạn dễ dàng điều chỉnh âm lượng, chuyển bài, nhận/từ chối cuộc gọi và kích hoạt chế độ ANC/chế độ xuyên âm (Ambient Sound Mode) để nghe rõ âm thanh xung quanh khi cần thiết. Ứng dụng Edifier Connect cho phép tùy chỉnh EQ, cập nhật firmware và thiết lập các chế độ nghe phù hợp với sở thích cá nhân. Tai nghe có kiểu dáng tối giản, hiện đại với tông màu đen sang trọng, phù hợp với mọi phong cách. Edifier W820NB Plus Đen là sự lựa chọn hoàn hảo cho những ai yêu thích âm nhạc, thường xuyên di chuyển hoặc làm việc trong môi trường ồn ào, cần một thiết bị âm thanh chất lượng cao, tiện lợi và thoải mái.',
            12, 'https://product.hstatic.net/200000722513/product/d355c57c4f4a47b7f109c7f6bd50ee20_772faa967d304c3d8ee29e3a2aff2e21.png', '2024-03-28T09:47:01+00:00',1);
        
INSERT INTO product_image (name, product_variant_id, image_url, is_main)
VALUES
    ('Ảnh 1', 67, 'https://product.hstatic.net/200000722513/product/d355c57c4f4a47b7f109c7f6bd50ee20_772faa967d304c3d8ee29e3a2aff2e21.png', TRUE),
    ('Ảnh 2', 67, 'https://product.hstatic.net/200000722513/product/d55d665ef85e13736f798576ff684208_cfcfd4ba2ee84ec298194f3d1fe17488.png', FALSE),
    ('Ảnh 3', 67, 'https://product.hstatic.net/200000722513/product/bf78d44d13ea49afc4f17d9617948cf0_4b1bdce08e67419ca76a8b1024826ee0.png', FALSE),
    ('Ảnh 4', 67, 'https://product.hstatic.net/200000722513/product/e9c9f1ee1412d7d710ac0eb90b2b58df_cebe7d8ba5db41ae94cce4fd9db0c147.png', FALSE),
    ('Ảnh 5', 67, 'https://product.hstatic.net/200000722513/product/b0d03c8c6e0604478b2f3a184654121e_820f4dd818b5424cb72baba6bdfa155b.png', FALSE);
---
INSERT INTO product (name, seo_name, brand_id, specifications, description, created_by, image_url) 
    VALUES (
        'Tai nghe Steelseries Arctis Nova 7 Dragon Edition', 'tai-nghe-steelseries-arctis-nova-7-dragon-edition', 18,
        '{"Kết nối": "Không dây 2.4 GHz / Bluetooth", "Micro": "ClearCast Gen 2, khử tiếng ồn hai chiều", "Pin": "38 giờ (2.4GHz Quantum 2.0 Gaming Wireless), 26 giờ (2.4GHz Quantum 2.0 Gaming Wireless + Bluetooth). Thời gian sử dụng có thể thay đổi tùy theo nhu cầu sử dụng.", "Sạc nhanh": " USB-C15 15 phút cho 6 giờ chơi", "Trở kháng": "Tai nghe: 36 Ohm", "Độ nhạy": "Tai nghe: 93 dB SPL, Micro: -38 dB", "Tần số": "Tai nghe: 20–22.000 Hz, Micro: 100–6.500 Hz", "Neodymium Drivers": "40 mm", "Tương thích": "PC / Mac / PS4, PS5 / Nintendo / Mobile / Oculus Quest 2"}',
        'Tai nghe Steelseries Arctis Nova 7 sở hữu một thiết kế đột phá và mới mẻ hơn so với những dòng tai nghe trước. Thiết kế này không còn mang cảm giác mỏng manh, thay vào đó là sự cứng cáp và chắc chắn. Mặc dù vậy, trọng lượng của chiếc tai nghe không dây này vẫn khá nhẹ (thép phủ PVD nhẹ hơn 14%), nên không mang lại cảm giác nặng nề khi đeo trong thời gian dài.',
        1, 'https://product.hstatic.net/200000722513/product/_edition_pdp_img_buy_01.png__192-photoroom_533cdb322ee8418f879836f371014ab8.png'
    );
INSERT INTO product_category (product_id, category_id) VALUES (68, 24);
INSERT INTO product_variant (
        product_id, name, seo_name, supplier_id, price, price_sale, quantity, sku, model, barcode, 
        specifications, description, warranty, image_url, release_at, created_by)
        VALUES ( 68, 'Tai nghe Steelseries Arctis Nova 7 Dragon Edition', 'tai-nghe-steelseries-arctis-nova-7-dragon-edition',
            1, 6990000, 3990000, 10, 'TAI-STEEL-ARCTIS-NOVA-7-DE',
            'TAI-STEEL-ARCTIS-NOVA-7-DE', 'TAI-STEEL-ARCTIS-NOVA-7-DE',
            '{"Kết nối": "Không dây 2.4 GHz / Bluetooth", "Micro": "ClearCast Gen 2, khử tiếng ồn hai chiều", "Pin": "38 giờ (2.4GHz Quantum 2.0 Gaming Wireless), 26 giờ (2.4GHz Quantum 2.0 Gaming Wireless + Bluetooth). Thời gian sử dụng có thể thay đổi tùy theo nhu cầu sử dụng.", "Sạc nhanh": " USB-C15 15 phút cho 6 giờ chơi", "Trở kháng": "Tai nghe: 36 Ohm", "Độ nhạy": "Tai nghe: 93 dB SPL, Micro: -38 dB", "Tần số": "Tai nghe: 20–22.000 Hz, Micro: 100–6.500 Hz", "Neodymium Drivers": "40 mm", "Tương thích": "PC / Mac / PS4, PS5 / Nintendo / Mobile / Oculus Quest 2"}',
            'Tai nghe Steelseries Arctis Nova 7 Dragon Edition có thiết kế đặc biệt dành cho game thủ\nTai nghe Steelseries Arctis Nova 7 sở hữu một thiết kế đột phá và mới mẻ hơn so với những dòng tai nghe trước, không còn mang cảm giác mỏng manh, thay vào đó là sự cứng cáp và chắc chắn hơn. Nhưng trọng lượng của chiếc tai nghe không dây này vẫn khá nhẹ (thép phủ PVD nhẹ hơn 14%), nên không mang lại cảm giác nặng nề khi đeo quá lâu.\n\nTai nghe Steelseries Arctis Nova 7 Dragon EditionTai nghe chụp tai sở hữu phần headband êm ái với tùy chọn lắp mở rộng ở 4 điểm điều chỉnh dễ dàng, cho bạn có cảm giác vừa vặn thoải mái mà vẫn đảm bảo sự thông thoáng khí.\n\nChất lượng âm thanh - Micrô AI ClearCast\nDù định hướng sản xuất của sản phẩm này là tai nghe gaming nhưng Steelseries Arctis Nova 7 vẫn được trang bị hệ thống âm thanh chất lượng với âm bass chân thực, sống động.\n\nTai nghe Steelseries Arctis Nova 7 Dragon Edition\n\nNhờ có thuật toán của AI bạn có thể loại bỏ các tiếng ồn không cần thiết như: tiếng bàn phím cơ, tiếng nói của đồng đội bên cạnh,tiếng quạt.... nhưng vẫn đảm bảo việc truyền tải âm thanh của \"chính bạn\" vẫn được truyền tải qua mic đây  là một \"trải nghiệm vượt trội\" đấy.\n\nThời lượng Pin siêu trâu\n\nKhông chỉ là một chiếc tai nghe tai nghe Bluetooth mới nhất từ Steelseries mà nó còn là một sản phẩm có một dung lượng pin khủng, lên đến 38 giờ đồng hồ, nên bạn không cần lo sợ tai nghe hết pin giữa chừng khi đang chiến game.',
            12, 'https://product.hstatic.net/200000722513/product/_edition_pdp_img_buy_01.png__192-photoroom_533cdb322ee8418f879836f371014ab8.png', '2024-02-05T07:12:38+00:00',1);
        
INSERT INTO product_image (name, product_variant_id, image_url, is_main)
VALUES
    ('Ảnh 1', 68, 'https://product.hstatic.net/200000722513/product/_edition_pdp_img_buy_01.png__192-photoroom_533cdb322ee8418f879836f371014ab8.png', TRUE),
    ('Ảnh 2', 68, 'https://product.hstatic.net/200000722513/product/_edition_pdp_img_buy_02.png__1920x1080_crop-fit_optimize_subsampling-2_f641aa250b084e0b8735607f800671fd.png', FALSE),
    ('Ảnh 3', 68, 'https://product.hstatic.net/200000722513/product/_edition_pdp_img_buy_03.png__1920x1080_crop-fit_optimize_subsampling-2_117df52c57d943baa275e2666f599d47.png', FALSE),
    ('Ảnh 4', 68, 'https://product.hstatic.net/200000722513/product/_edition_pdp_img_buy_04.png__1920x1080_crop-fit_optimize_subsampling-2_70e4cbb025924b35be64acef3c55018e.png', FALSE);
---
INSERT INTO product (name, seo_name, brand_id, specifications, description, created_by, image_url) 
    VALUES (
        'Tai nghe Logitech G PRO X 2 LIGHTSPEED Pink', 'tai-nghe-logitech-g-pro-x-2-lightspeed-pink', 13,
        '{"Kiểu tai nghe": "Over-ear","Loại kết nối": "LIGHTSPEED 2.4GHz","Màng loa": "Graphene 50 mm","Nam châm": "Neodymium","Độ nhạy tần số": "Tai nghe: 20 Hz-20 KHz, Micro: 100 Hz-10 KHz","Trở kháng": "38 ôm (thụ động): 38 Ohms","Độ nhạy": "87.8 dB SPL @ 1 mW & 1 cm","Chất liệu": "Khớp: Nhôm, Quai đeo: Thép, Miếng đệm tai nghe và quai đeo: Giả da bằng cao su non, Miếng đệm tai tặng thêm: Vải bọc cao su non","Kiểu thu âm micrô": "Cardioid (đơn hướng)","Tuổi thọ pin (có thể sạc lại)": "Lên đến 50 giờ","Phạm vi không dây": "Lên đến 30 m","Kích thước": "176 x 95 x 189 mm, Chiều dài cáp nguồn: 1,8 m","Trọng lượng": "345 g","Phụ kiện đi kèm": "Tai nghe chơi game PRO X 2 LIGHTSPEED, Miếng đệm giả da bọc cao su non, Miếng đệm dự phòng bằng cao su non bọc vải, Bộ chuyển đổi không dây USB-A LIGHTSPEED với cổng 3,5 mm, Mic có thể tháo rời với mút chắn gió, Dây USB-A tới USB-C, Dây 3,5 mm, Túi cất trữ mềm, Tài liệu hướng dẫn sử dụng","Tương thích": "PC COMPATIBLE: Máy tính có Windows® 10 trở lên và cổng USB 2.0. Cần kết nối Internet để tải về Phần mềm Logitech G HUB. CONSOLE COMPATIBLE: PlayStationⓇ 5 và PlayStation 4 (chỉ âm thanh nổi không dây USB), Nintendo Switch (âm thanh nổi không dây khi gắn vào dock)."}',
        'Tai nghe Logitech G PRO X 2 LIGHTSPEED Pink là một tuyệt tác công nghệ âm thanh, được thiết kế đặc biệt cho game thủ chuyên nghiệp và những người đam mê âm nhạc với phong cách độc đáo. Phiên bản màu hồng pastel mang đến sự trẻ trung, năng động và cá tính, khác biệt hoàn toàn so với các thiết bị gaming truyền thống. Công nghệ không dây LIGHTSPEED tiên tiến đảm bảo kết nối siêu nhạy, độ trễ cực thấp, mang đến trải nghiệm chơi game liền mạch và mượt mà như có dây, ngay cả trong những trận đấu căng thẳng nhất. Màng loa Graphene đường kính 50mm mang đến âm thanh sống động, chi tiết, tái tạo âm thanh vòm chính xác, giúp bạn xác định vị trí kẻ địch với độ chính xác tuyệt đối. Microphone PRO-G cũng được nâng cấp với công nghệ Blue VO!CE, mang lại chất lượng đàm thoại trong trẻo, rõ ràng, loại bỏ tiếng ồn xung quanh, giúp giao tiếp với đồng đội hiệu quả hơn bao giờ hết. Thiết kế công thái học với đệm tai bằng da protein cao cấp và mút hoạt tính mang lại sự thoải mái tối đa ngay cả khi đeo trong thời gian dài. Khung tai nghe bằng nhôm và thép bền bỉ, kết hợp khả năng xoay 90 độ của cúp tai, đảm bảo sự vừa vặn và chắc chắn. Thời lượng pin ấn tượng lên đến 50 giờ cho mỗi lần sạc, cho phép bạn thỏa sức chiến đấu và giải trí mà không lo gián đoạn. Tai nghe còn hỗ trợ kết nối Bluetooth, mang đến sự linh hoạt tối đa. Logitech G PRO X 2 LIGHTSPEED Pink không chỉ là một thiết bị âm thanh, mà còn là tuyên ngôn phong cách, là vũ khí bí mật giúp bạn chinh phục mọi thử thách.',
        1, 'https://product.hstatic.net/200000722513/product/l5hy1jih_3e71a044db784c5bbf451c75b25207b4.png'
    );
INSERT INTO product_category (product_id, category_id) VALUES (69, 24);
INSERT INTO product_variant (
        product_id, name, seo_name, supplier_id, price, price_sale, quantity, sku, model, barcode, 
        specifications, description, warranty, image_url, release_at, created_by)
        VALUES ( 69, 'Tai nghe Logitech G PRO X 2 LIGHTSPEED Pink', 'tai-nghe-logitech-g-pro-x-2-lightspeed-pink',
            1, 6199000, 4670000, 10, 'TAI-LOGITECH-G-PRO-X2-LS-PINK',
            'TAI-LOGITECH-G-PRO-X2-LS-PINK', 'TAI-LOGITECH-G-PRO-X2-LS-PINK',
            '{"Kiểu tai nghe": "Over-ear","Loại kết nối": "LIGHTSPEED 2.4GHz","Màng loa": "Graphene 50 mm","Nam châm": "Neodymium","Độ nhạy tần số": "Tai nghe: 20 Hz-20 KHz, Micro: 100 Hz-10 KHz","Trở kháng": "38 ôm (thụ động): 38 Ohms","Độ nhạy": "87.8 dB SPL @ 1 mW & 1 cm","Chất liệu": "Khớp: Nhôm, Quai đeo: Thép, Miếng đệm tai nghe và quai đeo: Giả da bằng cao su non, Miếng đệm tai tặng thêm: Vải bọc cao su non","Kiểu thu âm micrô": "Cardioid (đơn hướng)","Tuổi thọ pin (có thể sạc lại)": "Lên đến 50 giờ","Phạm vi không dây": "Lên đến 30 m","Kích thước": "176 x 95 x 189 mm, Chiều dài cáp nguồn: 1,8 m","Trọng lượng": "345 g","Phụ kiện đi kèm": "Tai nghe chơi game PRO X 2 LIGHTSPEED, Miếng đệm giả da bọc cao su non, Miếng đệm dự phòng bằng cao su non bọc vải, Bộ chuyển đổi không dây USB-A LIGHTSPEED với cổng 3,5 mm, Mic có thể tháo rời với mút chắn gió, Dây USB-A tới USB-C, Dây 3,5 mm, Túi cất trữ mềm, Tài liệu hướng dẫn sử dụng","Tương thích": "PC COMPATIBLE: Máy tính có Windows® 10 trở lên và cổng USB 2.0. Cần kết nối Internet để tải về Phần mềm Logitech G HUB. CONSOLE COMPATIBLE: PlayStationⓇ 5 và PlayStation 4 (chỉ âm thanh nổi không dây USB), Nintendo Switch (âm thanh nổi không dây khi gắn vào dock)."}',
            'Tai nghe Logitech G PRO X 2 LIGHTSPEED Pink là một tuyệt tác công nghệ âm thanh, được thiết kế đặc biệt cho game thủ chuyên nghiệp và những người đam mê âm nhạc với phong cách độc đáo. Phiên bản màu hồng pastel mang đến sự trẻ trung, năng động và cá tính, khác biệt hoàn toàn so với các thiết bị gaming truyền thống. Công nghệ không dây LIGHTSPEED tiên tiến đảm bảo kết nối siêu nhạy, độ trễ cực thấp, mang đến trải nghiệm chơi game liền mạch và mượt mà như có dây, ngay cả trong những trận đấu căng thẳng nhất. Màng loa Graphene đường kính 50mm mang đến âm thanh sống động, chi tiết, tái tạo âm thanh vòm chính xác, giúp bạn xác định vị trí kẻ địch với độ chính xác tuyệt đối. Microphone PRO-G cũng được nâng cấp với công nghệ Blue VO!CE, mang lại chất lượng đàm thoại trong trẻo, rõ ràng, loại bỏ tiếng ồn xung quanh, giúp giao tiếp với đồng đội hiệu quả hơn bao giờ hết. Thiết kế công thái học với đệm tai bằng da protein cao cấp và mút hoạt tính mang lại sự thoải mái tối đa ngay cả khi đeo trong thời gian dài. Khung tai nghe bằng nhôm và thép bền bỉ, kết hợp khả năng xoay 90 độ của cúp tai, đảm bảo sự vừa vặn và chắc chắn. Thời lượng pin ấn tượng lên đến 50 giờ cho mỗi lần sạc, cho phép bạn thỏa sức chiến đấu và giải trí mà không lo gián đoạn. Tai nghe còn hỗ trợ kết nối Bluetooth, mang đến sự linh hoạt tối đa. Logitech G PRO X 2 LIGHTSPEED Pink không chỉ là một thiết bị âm thanh, mà còn là tuyên ngôn phong cách, là vũ khí bí mật giúp bạn chinh phục mọi thử thách.',
            24, 'https://product.hstatic.net/200000722513/product/l5hy1jih_3e71a044db784c5bbf451c75b25207b4.png', '2024-05-06T08:40:37+00:00',1);
        
INSERT INTO product_image (name, product_variant_id, image_url, is_main)
VALUES
    ('Ảnh 1', 69, 'https://product.hstatic.net/200000722513/product/l5hy1jih_3e71a044db784c5bbf451c75b25207b4.png', TRUE),
    ('Ảnh 2', 69, 'https://product.hstatic.net/200000722513/product/54yl5hwf_6efb900fea364efe938e7084a3c53472.png', FALSE),
    ('Ảnh 3', 69, 'https://product.hstatic.net/200000722513/product/kfioskyb_7b425c4c864245bd9f73d6dbd4ffe95a.png', FALSE),
    ('Ảnh 4', 69, 'https://product.hstatic.net/200000722513/product/qf5duqfg_2caba5bf39f148f59fda98bd4429d115.png', FALSE),
    ('Ảnh 5', 69, 'https://product.hstatic.net/200000722513/product/19u50pbz_4cbe27ca19bb4dcbbca36d7be89a55fc.png', FALSE),
    ('Ảnh 6', 69, 'https://product.hstatic.net/200000722513/product/7xrd7ux7_7bb15d9a3e8f44fa8762e7cf498504d8.png', FALSE);
---
INSERT INTO product (name, seo_name, brand_id, specifications, description, created_by, image_url) 
    VALUES (
        'Tai nghe Corsair HS35 Surround v2 Carbon', 'tai-nghe-corsair-hs35-surround-v2-carbon', 5,
        '{"Thương hiệu": "Corsair", "Bảo hành": "24 Tháng", "Model": "Corsair HS35 v2 Surround", "Màu sắc": "Đen", "Kiểu tai nghe": "Over-ear", "Kiểu kết nối": "Có dây", "Microphone": "Có", "Dây": "Dài 1,8m", "Drivers": "50mm", "Tương thích": "PC, Mac, PlayStation 4/5, Xbox One/Series XS, Nintendo Switch, Mobile devices", "Khả năng cách âm": "Có"}',
        'Khám phá thế giới âm thanh đỉnh cao với tai nghe Corsair HS35 Surround v2 Carbon. Sở hữu công nghệ âm thanh đỉnh cao đưa bạn vào trung tâm của hành động, cho bạn trải nghiệm mọi chi tiết âm thanh một cách sống động và chân thực. Từ những bước chân nhẹ nhàng đến những tiếng nổ vang dội, mọi thứ đều rõ ràng và chi tiết, giúp bạn nắm bắt mọi khoảnh khắc trong game và phản ứng nhanh chóng, tạo nên lợi thế lớn trong các trận đấu cạnh tranh.',
        1, 'https://product.hstatic.net/200000722513/product/hs35_v2_surround_artboard01_aa_d075135e44d14ffcb889dc0fa3c77396.jpg'
    );
INSERT INTO product_category (product_id, category_id) VALUES (70, 24);
INSERT INTO product_variant (
        product_id, name, seo_name, supplier_id, price, price_sale, quantity, sku, model, barcode, 
        specifications, description, warranty, image_url, release_at, created_by)
        VALUES ( 70, 'Tai nghe Corsair HS35 Surround v2 Carbon', 'tai-nghe-corsair-hs35-surround-v2-carbon',
            1, 1490000, 1290000, 10, 'TAI-CORSAIR-H35-SUR-V2-CARBON',
            'TAI-CORSAIR-H35-SUR-V2-CARBON', 'TAI-CORSAIR-H35-SUR-V2-CARBON',
            '{"Thương hiệu": "Corsair", "Bảo hành": "24 Tháng", "Model": "Corsair HS35 v2 Surround", "Màu sắc": "Đen", "Kiểu tai nghe": "Over-ear", "Kiểu kết nối": "Có dây", "Microphone": "Có", "Dây": "Dài 1,8m", "Drivers": "50mm", "Tương thích": "PC, Mac, PlayStation 4/5, Xbox One/Series XS, Nintendo Switch, Mobile devices", "Khả năng cách âm": "Có"}',
            'Khám phá thế giới âm thanh đỉnh cao với tai nghe Corsair HS35 Surround v2 Carbon. Sở hữu công nghệ âm thanh đỉnh cao đưa bạn vào trung tâm của hành động, cho bạn trải nghiệm mọi chi tiết âm thanh một cách sống động và chân thực. Từ những bước chân nhẹ nhàng đến những tiếng nổ vang dội, mọi thứ đều rõ ràng và chi tiết, giúp bạn nắm bắt mọi khoảnh khắc trong game và phản ứng nhanh chóng, tạo nên lợi thế lớn trong các trận đấu cạnh tranh.',
            24, 'https://product.hstatic.net/200000722513/product/hs35_v2_surround_artboard01_aa_d075135e44d14ffcb889dc0fa3c77396.jpg', '2024-04-22T03:51:45+00:00',1);
        
INSERT INTO product_image (name, product_variant_id, image_url, is_main)
VALUES
    ('Ảnh 1', 70, 'https://product.hstatic.net/200000722513/product/hs35_v2_surround_artboard01_aa_d075135e44d14ffcb889dc0fa3c77396.jpg', TRUE),
    ('Ảnh 2', 70, 'https://product.hstatic.net/200000722513/product/hs35_v2_surround_artboard10_aa_341d5d9f06a64d8c9a6090f1e63fbea8.jpg', FALSE),
    ('Ảnh 3', 70, 'https://product.hstatic.net/200000722513/product/hs35_surround_v2_01_6879b95c25594f319cb269fa30c1c27a.png', FALSE),
    ('Ảnh 4', 70, 'https://product.hstatic.net/200000722513/product/hs35_v2_surround_artboard02_aa_b7d5e8547d154a58a88aea87f2723cd0.jpg', FALSE),
    ('Ảnh 5', 70, 'https://product.hstatic.net/200000722513/product/hs35_v2_surround_artboard03_aa_0e5baa9ce5274b4a920901f4f719a17f.jpg', FALSE),
    ('Ảnh 6', 70, 'https://product.hstatic.net/200000722513/product/hs35_v2_surround_artboard04_aa_39d7e7ada1b442c5ae8b6f88c1c77c4d.jpg', FALSE),
    ('Ảnh 7', 70, 'https://product.hstatic.net/200000722513/product/hs35_v2_surround_artboard05_aa_96701dc5e6264485a9b9449767eed0a4.jpg', FALSE),
    ('Ảnh 8', 70, 'https://product.hstatic.net/200000722513/product/hs35_v2_surround_artboard06_aa_2f481f73534645ee890f2a2590925144.jpg', FALSE),
    ('Ảnh 9', 70, 'https://product.hstatic.net/200000722513/product/hs35_v2_surround_artboard07_aa_5a186f2f1d944003b4d1ab6b658ef379.jpg', FALSE),
    ('Ảnh 10', 70, 'https://product.hstatic.net/200000722513/product/hs35_v2_surround_artboard08_aa_412c41890a8d4ade85e5e47696a62786.jpg', FALSE),
    ('Ảnh 11', 70, 'https://product.hstatic.net/200000722513/product/hs35_v2_surround_artboard09_aa_6a8bd26c15894436bcf94fcfb1580d0f.jpg', FALSE);
---
INSERT INTO product (name, seo_name, brand_id, specifications, description, created_by, image_url) 
    VALUES (
        'Tai nghe Corsair HS35 V2 Xanh', 'tai-nghe-corsair-hs35-v2-xanh', 5,
        '{"Thương hiệu:": "Corsair", "Bảo hành:": "24 tháng", "Model:": "Corsair HS35 v2 Carbon", "Màu sắc:": "Đen", "Kiểu tai nghe": "Over-ear", "Kiểu kết nối:": "Có dây", "Microphone:": "Có", "Dây:": "Dài 1,8m", "Drivers:": "50mm", "Tương thích:": "PC, Mac, PlayStation 4/5, Xbox One / Series XS, Nintendo Switch, Thiết bị di động"}',
        'Tai nghe Corsair HS35 V2 Xanh là một sản phẩm vượt trội trên thị trường tai nghe chơi game hiện nay. Được thiết kế đặc biệt dành cho game thủ, chiếc tai nghe này mang đến chất lượng âm thanh tuyệt vời, giúp bạn có những trải nghiệm chơi game đỉnh cao. Kết hợp với các sản phẩm công nghệ khác như bàn phím cơ, bạn sẽ có một không gian chơi game hoàn hảo, nâng cao hiệu suất và niềm vui trong mỗi trận đấu. Nếu bạn đang tìm kiếm một chiếc tai nghe chất lượng, Tai nghe Corsair HS35 V2 Xanh chính là sự lựa chọn không thể bỏ qua!\n\n**Âm thanh sống động**\nMột trong những điểm nổi bật của tai nghe Corsair HS35 V2 Xanh là khả năng cung cấp âm thanh vòm 7.1. Với công nghệ này, bạn sẽ được trải nghiệm âm thanh sống động, bao trùm, giúp cảm nhận rõ ràng từng chi tiết trong game. Từ tiếng bước chân của kẻ địch đến âm thanh bắn súng, tất cả đều trở nên chân thực và rõ ràng hơn bao giờ hết.\n\n**Micro khử tiếng ồn**\nCorsair HS35 V2 Xanh được trang bị micro khử tiếng ồn, cho phép giao tiếp rõ ràng với đồng đội. Micro này có thể tháo rời, tiện lợi khi bạn không sử dụng hoặc muốn di chuyển. Với tính năng này, bạn sẽ không bỏ lỡ bất kỳ thông tin quan trọng nào từ đồng đội, giúp phối hợp tốt hơn trong các trận đấu.\n\n**Thiết kế thoải mái**\nThiết kế của Corsair HS35 V2 Xanh đặc biệt chú trọng đến sự thoải mái. Tai nghe được làm từ các vật liệu nhẹ, đệm tai mềm mại và khung đầu có thể điều chỉnh, phù hợp cho các phiên chơi game kéo dài mà không gây cảm giác khó chịu. Điều này đặc biệt quan trọng đối với những game thủ thường xuyên chơi game trong thời gian dài.\n\n**Tương thích với đa nền tảng**\nMột ưu điểm không thể bỏ qua của Corsair HS35 V2 Xanh là tính tương thích cao. Tai nghe này có thể dễ dàng kết nối với nhiều nền tảng khác nhau như PC, PS4, Xbox One và Nintendo Switch. Giúp bạn linh hoạt trong việc sử dụng và không cần phải sắm nhiều tai nghe cho từng thiết bị.',
        1, 'https://product.hstatic.net/200000722513/product/7q3arvrl_34a2259ac9714da0adad025b0d38ea51.png'
    );
INSERT INTO product_category (product_id, category_id) VALUES (71, 24);
INSERT INTO product_variant (
        product_id, name, seo_name, supplier_id, price, price_sale, quantity, sku, model, barcode, 
        specifications, description, warranty, image_url, release_at, created_by)
        VALUES ( 71, 'Tai nghe Corsair HS35 V2 Xanh', 'tai-nghe-corsair-hs35-v2-xanh',
            1, 1290000, 990000, 10, 'TAI-CORSAIR-H35-V2-BLUE',
            'TAI-CORSAIR-H35-V2-BLUE', 'TAI-CORSAIR-H35-V2-BLUE',
            '{"Thương hiệu:": "Corsair", "Bảo hành:": "24 tháng", "Model:": "Corsair HS35 v2 Carbon", "Màu sắc:": "Đen", "Kiểu tai nghe": "Over-ear", "Kiểu kết nối:": "Có dây", "Microphone:": "Có", "Dây:": "Dài 1,8m", "Drivers:": "50mm", "Tương thích:": "PC, Mac, PlayStation 4/5, Xbox One / Series XS, Nintendo Switch, Thiết bị di động"}',
            'Tai nghe Corsair HS35 V2 Xanh là một sản phẩm vượt trội trên thị trường tai nghe chơi game hiện nay. Được thiết kế đặc biệt dành cho game thủ, chiếc tai nghe này mang đến chất lượng âm thanh tuyệt vời, giúp bạn có những trải nghiệm chơi game đỉnh cao. Kết hợp với các sản phẩm công nghệ khác như bàn phím cơ, bạn sẽ có một không gian chơi game hoàn hảo, nâng cao hiệu suất và niềm vui trong mỗi trận đấu. Nếu bạn đang tìm kiếm một chiếc tai nghe chất lượng, Tai nghe Corsair HS35 V2 Xanh chính là sự lựa chọn không thể bỏ qua!\n\n**Âm thanh sống động**\nMột trong những điểm nổi bật của tai nghe Corsair HS35 V2 Xanh là khả năng cung cấp âm thanh vòm 7.1. Với công nghệ này, bạn sẽ được trải nghiệm âm thanh sống động, bao trùm, giúp cảm nhận rõ ràng từng chi tiết trong game. Từ tiếng bước chân của kẻ địch đến âm thanh bắn súng, tất cả đều trở nên chân thực và rõ ràng hơn bao giờ hết.\n\n**Micro khử tiếng ồn**\nCorsair HS35 V2 Xanh được trang bị micro khử tiếng ồn, cho phép giao tiếp rõ ràng với đồng đội. Micro này có thể tháo rời, tiện lợi khi bạn không sử dụng hoặc muốn di chuyển. Với tính năng này, bạn sẽ không bỏ lỡ bất kỳ thông tin quan trọng nào từ đồng đội, giúp phối hợp tốt hơn trong các trận đấu.\n\n**Thiết kế thoải mái**\nThiết kế của Corsair HS35 V2 Xanh đặc biệt chú trọng đến sự thoải mái. Tai nghe được làm từ các vật liệu nhẹ, đệm tai mềm mại và khung đầu có thể điều chỉnh, phù hợp cho các phiên chơi game kéo dài mà không gây cảm giác khó chịu. Điều này đặc biệt quan trọng đối với những game thủ thường xuyên chơi game trong thời gian dài.\n\n**Tương thích với đa nền tảng**\nMột ưu điểm không thể bỏ qua của Corsair HS35 V2 Xanh là tính tương thích cao. Tai nghe này có thể dễ dàng kết nối với nhiều nền tảng khác nhau như PC, PS4, Xbox One và Nintendo Switch. Giúp bạn linh hoạt trong việc sử dụng và không cần phải sắm nhiều tai nghe cho từng thiết bị.',
            24, 'https://product.hstatic.net/200000722513/product/7q3arvrl_34a2259ac9714da0adad025b0d38ea51.png', '2024-04-22T03:52:41+00:00',1);
        
INSERT INTO product_image (name, product_variant_id, image_url, is_main)
VALUES
    ('Ảnh 1', 71, 'https://product.hstatic.net/200000722513/product/7q3arvrl_34a2259ac9714da0adad025b0d38ea51.png', TRUE),
    ('Ảnh 2', 71, 'https://product.hstatic.net/200000722513/product/erp3oqhr_80cbadeab93b41e6aa78456f2b7773eb.png', FALSE),
    ('Ảnh 3', 71, 'https://product.hstatic.net/200000722513/product/vyketuqd_5b40700b42e14b3b9388f7444b8eb53e.png', FALSE),
    ('Ảnh 4', 71, 'https://product.hstatic.net/200000722513/product/53po5epr_ae9a64bda0e44118ae58264b73bb912a.png', FALSE),
    ('Ảnh 5', 71, 'https://product.hstatic.net/200000722513/product/e9a8v9j4_0fe7d72995a34d60a4f3f014d6a690ad.png', FALSE),
    ('Ảnh 6', 71, 'https://product.hstatic.net/200000722513/product/zmwv7iat_da1238b7592e44d1985ea3d0037d4b25.png', FALSE);
---
INSERT INTO product (name, seo_name, brand_id, specifications, description, created_by, image_url) 
    VALUES (
        'Tai nghe Logitech Không dây Zone Vibe 100 Trắng', 'tai-nghe-logitech-khong-day-zone-vibe-100-trang', 13,
        '{"Thương hiệu": "Logitech", "Model": "Zone Vibe 100", "Trọng lượng": "185 g", "Micro": "Mic MEMS kép đa hướng với chùm tia định hướng và DSP, dải tần số 100~8 kHz", "Kết nối": "Bluetooth 5.2, phạm vi không dây 30 m, cáp sạc USB-C 1.5 m", "Pin": "Pin Lithium-ion, thời gian đàm thoại 18 giờ, nghe nhạc 20 giờ", "Loa": "Driver 40 mm, độ nhạy 118±3 dB @1mW/1kHz, dải tần số 100~8 kHz", "Phụ kiện": "Tai nghe không dây, dây sạc USB-A, túi du lịch, hướng dẫn sử dụng", "Phát triển bền vững": "Nhựa chứa 25% vật liệu tái chế, bao bì đạt chứng nhận FSC™, trung hòa carbon"}',
        'Tai nghe Logitech Không dây Zone Vibe 100 Trắng mang đến trải nghiệm âm thanh đỉnh cao kết hợp với thiết kế hiện đại, tinh tế, phù hợp cho cả công việc và giải trí. Với gam màu trắng trang nhã, chiếc tai nghe này không chỉ là một thiết bị âm thanh mà còn là một phụ kiện thời trang, dễ dàng phối hợp với mọi phong cách. Công nghệ không dây tiên tiến cho phép bạn di chuyển tự do, không bị vướng víu bởi dây cáp, với phạm vi kết nối ổn định, đảm bảo âm thanh liền mạch. Chất lượng âm thanh được tối ưu hóa để mang lại âm bass sâu, âm trung rõ ràng và âm cao sáng trong, tái tạo âm nhạc và giọng nói một cách chân thực nhất. Micro tích hợp với khả năng khử tiếng ồn hiệu quả giúp giọng nói của bạn luôn rõ ràng trong các cuộc gọi, ngay cả trong môi trường ồn ào. Tai nghe được thiết kế công thái học với đệm tai mềm mại, êm ái, ôm trọn vành tai, tạo cảm giác thoải mái khi đeo trong thời gian dài. Khung tai nghe nhẹ nhàng, bền bỉ, cùng khả năng điều chỉnh linh hoạt, phù hợp với nhiều kích cỡ đầu khác nhau. Thời lượng pin ấn tượng cho phép bạn sử dụng liên tục trong nhiều giờ, đáp ứng mọi nhu cầu từ nghe nhạc, xem phim đến làm việc trực tuyến. Logitech Zone Vibe 100 Trắng là sự lựa chọn hoàn hảo cho những ai tìm kiếm sự cân bằng giữa hiệu suất âm thanh, tính di động và phong cách thiết kế.',
        1, 'https://product.hstatic.net/200000722513/product/undp6pbz_8d4ad2d5fc32407cbeaaeca5003f22c2.png'
    );
INSERT INTO product_category (product_id, category_id) VALUES (72, 24);
INSERT INTO product_variant (
        product_id, name, seo_name, supplier_id, price, price_sale, quantity, sku, model, barcode, 
        specifications, description, warranty, image_url, release_at, created_by)
        VALUES ( 72, 'Tai nghe Logitech Không dây Zone Vibe 100 Trắng', 'tai-nghe-logitech-khong-day-zone-vibe-100-trang',
            1, 2390000, 1980000, 10, 'TAI-LOG-ZONE-VIBE-100-TRANG',
            'TAI-LOG-ZONE-VIBE-100-TRANG', 'TAI-LOG-ZONE-VIBE-100-TRANG',
            '{"Thương hiệu": "Logitech", "Model": "Zone Vibe 100", "Trọng lượng": "185 g", "Micro": "Mic MEMS kép đa hướng với chùm tia định hướng và DSP, dải tần số 100~8 kHz", "Kết nối": "Bluetooth 5.2, phạm vi không dây 30 m, cáp sạc USB-C 1.5 m", "Pin": "Pin Lithium-ion, thời gian đàm thoại 18 giờ, nghe nhạc 20 giờ", "Loa": "Driver 40 mm, độ nhạy 118±3 dB @1mW/1kHz, dải tần số 100~8 kHz", "Phụ kiện": "Tai nghe không dây, dây sạc USB-A, túi du lịch, hướng dẫn sử dụng", "Phát triển bền vững": "Nhựa chứa 25% vật liệu tái chế, bao bì đạt chứng nhận FSC™, trung hòa carbon"}',
            'Tai nghe Logitech Không dây Zone Vibe 100 Trắng mang đến trải nghiệm âm thanh đỉnh cao kết hợp với thiết kế hiện đại, tinh tế, phù hợp cho cả công việc và giải trí. Với gam màu trắng trang nhã, chiếc tai nghe này không chỉ là một thiết bị âm thanh mà còn là một phụ kiện thời trang, dễ dàng phối hợp với mọi phong cách. Công nghệ không dây tiên tiến cho phép bạn di chuyển tự do, không bị vướng víu bởi dây cáp, với phạm vi kết nối ổn định, đảm bảo âm thanh liền mạch. Chất lượng âm thanh được tối ưu hóa để mang lại âm bass sâu, âm trung rõ ràng và âm cao sáng trong, tái tạo âm nhạc và giọng nói một cách chân thực nhất. Micro tích hợp với khả năng khử tiếng ồn hiệu quả giúp giọng nói của bạn luôn rõ ràng trong các cuộc gọi, ngay cả trong môi trường ồn ào. Tai nghe được thiết kế công thái học với đệm tai mềm mại, êm ái, ôm trọn vành tai, tạo cảm giác thoải mái khi đeo trong thời gian dài. Khung tai nghe nhẹ nhàng, bền bỉ, cùng khả năng điều chỉnh linh hoạt, phù hợp với nhiều kích cỡ đầu khác nhau. Thời lượng pin ấn tượng cho phép bạn sử dụng liên tục trong nhiều giờ, đáp ứng mọi nhu cầu từ nghe nhạc, xem phim đến làm việc trực tuyến. Logitech Zone Vibe 100 Trắng là sự lựa chọn hoàn hảo cho những ai tìm kiếm sự cân bằng giữa hiệu suất âm thanh, tính di động và phong cách thiết kế.',
            24, 'https://product.hstatic.net/200000722513/product/undp6pbz_8d4ad2d5fc32407cbeaaeca5003f22c2.png', '2024-04-22T04:05:49+00:00',1);
        
INSERT INTO product_image (name, product_variant_id, image_url, is_main)
VALUES
    ('Ảnh 1', 72, 'https://product.hstatic.net/200000722513/product/undp6pbz_8d4ad2d5fc32407cbeaaeca5003f22c2.png', TRUE),
    ('Ảnh 2', 72, 'https://product.hstatic.net/200000722513/product/fqy060pr_bba8b5f870334e7084ad86045b494709.png', FALSE),
    ('Ảnh 3', 72, 'https://product.hstatic.net/200000722513/product/pv4oq03b_919fa486dbf24a9a95550385e8051b48.png', FALSE),
    ('Ảnh 4', 72, 'https://product.hstatic.net/200000722513/product/pod4y63o_2fcd8d83274c437a91e662a086535d75.png', FALSE),
    ('Ảnh 5', 72, 'https://product.hstatic.net/200000722513/product/z1qr3qnr_47548ca67fd340ffb99ea76a0850a02a.png', FALSE),
    ('Ảnh 6', 72, 'https://product.hstatic.net/200000722513/product/bvr644do_16393687ef084e428fd880ead2aabfac.png', FALSE);
---
INSERT INTO product (name, seo_name, brand_id, specifications, description, created_by, image_url) 
    VALUES (
        'Tai nghe Logitech Không dây Zone Vibe 100 Đen', 'tai-nghe-logitech-khong-day-zone-vibe-100-den', 13,
        '{"Thương hiệu": "Logitech", "Model": "Zone Vibe 100", "Trọng lượng": "185 g", "Micro": "Mic MEMS kép đa hướng với chùm tia định hướng và DSP, dải tần số 100~8 kHz", "Kết nối": "Bluetooth 5.2, phạm vi không dây 30 m, cáp sạc USB-C 1.5 m", "Pin": "Pin Lithium-ion, thời gian đàm thoại 18 giờ, nghe nhạc 20 giờ", "Loa": "Driver 40 mm, độ nhạy 118±3 dB @1mW/1kHz, dải tần số 100~8 kHz", "Phụ kiện": "Tai nghe không dây, dây sạc USB-A, túi du lịch, hướng dẫn sử dụng", "Phát triển bền vững": "Nhựa chứa 25% vật liệu tái chế, bao bì đạt chứng nhận FSC™, trung hòa carbon"}',
        'Tai nghe Logitech Không dây Zone Vibe 100 Đen mang đến trải nghiệm âm thanh đỉnh cao, kết hợp với sự thoải mái vượt trội và thiết kế hiện đại, năng động. Đây là lựa chọn lý tưởng cho cả công việc và giải trí, giúp bạn luôn kết nối và đắm chìm trong thế giới âm thanh yêu thích. Với công nghệ không dây tiên tiến, Zone Vibe 100 cho phép bạn di chuyển tự do lên đến 30 mét, loại bỏ hoàn toàn sự vướng víu của dây cáp. Thời lượng pin ấn tượng lên đến 20 giờ đàm thoại và 34 giờ nghe nhạc, giúp bạn thoải mái sử dụng cả ngày dài mà không cần lo lắng về việc sạc pin. Chất lượng âm thanh rõ ràng, chi tiết với driver 40mm mang lại âm bass mạnh mẽ và âm treble trong trẻo, lý tưởng cho các cuộc họp trực tuyến, nghe podcast hoặc thưởng thức âm nhạc. Micrô đa hướng có thể xoay gập giúp thu âm giọng nói của bạn một cách rõ ràng, giảm thiểu tiếng ồn xung quanh, đồng thời có thể gập gọn lên tai nghe khi không sử dụng, tạo sự liền mạch cho thiết kế. Thiết kế đệm tai bằng mút hoạt tính bọc vải dệt kim mềm mại, thoáng khí, cùng với khung tai nghe nhẹ nhàng, linh hoạt, mang lại cảm giác đeo êm ái và dễ chịu ngay cả khi sử dụng trong thời gian dài. Nút điều khiển tích hợp trên tai nghe giúp bạn dễ dàng điều chỉnh âm lượng, phát/tạm dừng nhạc, trả lời/kết thúc cuộc gọi và bật/tắt tiếng mic một cách nhanh chóng và tiện lợi. Khả năng kết nối kép qua Bluetooth và USB receiver giúp bạn dễ dàng chuyển đổi giữa các thiết bị như máy tính, điện thoại thông minh hoặc máy tính bảng. Tai nghe Logitech Zone Vibe 100 Đen không chỉ là một thiết bị âm thanh mà còn là một phụ kiện thời trang, thể hiện phong cách trẻ trung và chuyên nghiệp của người sử dụng.',
        1, 'https://product.hstatic.net/200000722513/product/7wk56qml_fa907ce26410436d8c9cee254e3a98d4.png'
    );
INSERT INTO product_category (product_id, category_id) VALUES (73, 24);
INSERT INTO product_variant (
        product_id, name, seo_name, supplier_id, price, price_sale, quantity, sku, model, barcode, 
        specifications, description, warranty, image_url, release_at, created_by)
        VALUES ( 73, 'Tai nghe Logitech Không dây Zone Vibe 100 Đen', 'tai-nghe-logitech-khong-day-zone-vibe-100-den',
            1, 2390000, 1980000, 10, 'TAI-LOG-ZONE-VIBE-100-DEN',
            'TAI-LOG-ZONE-VIBE-100-DEN', 'TAI-LOG-ZONE-VIBE-100-DEN',
            '{"Thương hiệu": "Logitech", "Model": "Zone Vibe 100", "Trọng lượng": "185 g", "Micro": "Mic MEMS kép đa hướng với chùm tia định hướng và DSP, dải tần số 100~8 kHz", "Kết nối": "Bluetooth 5.2, phạm vi không dây 30 m, cáp sạc USB-C 1.5 m", "Pin": "Pin Lithium-ion, thời gian đàm thoại 18 giờ, nghe nhạc 20 giờ", "Loa": "Driver 40 mm, độ nhạy 118±3 dB @1mW/1kHz, dải tần số 100~8 kHz", "Phụ kiện": "Tai nghe không dây, dây sạc USB-A, túi du lịch, hướng dẫn sử dụng", "Phát triển bền vững": "Nhựa chứa 25% vật liệu tái chế, bao bì đạt chứng nhận FSC™, trung hòa carbon"}',
            'Tai nghe Logitech Không dây Zone Vibe 100 Đen mang đến trải nghiệm âm thanh đỉnh cao, kết hợp với sự thoải mái vượt trội và thiết kế hiện đại, năng động. Đây là lựa chọn lý tưởng cho cả công việc và giải trí, giúp bạn luôn kết nối và đắm chìm trong thế giới âm thanh yêu thích. Với công nghệ không dây tiên tiến, Zone Vibe 100 cho phép bạn di chuyển tự do lên đến 30 mét, loại bỏ hoàn toàn sự vướng víu của dây cáp. Thời lượng pin ấn tượng lên đến 20 giờ đàm thoại và 34 giờ nghe nhạc, giúp bạn thoải mái sử dụng cả ngày dài mà không cần lo lắng về việc sạc pin. Chất lượng âm thanh rõ ràng, chi tiết với driver 40mm mang lại âm bass mạnh mẽ và âm treble trong trẻo, lý tưởng cho các cuộc họp trực tuyến, nghe podcast hoặc thưởng thức âm nhạc. Micrô đa hướng có thể xoay gập giúp thu âm giọng nói của bạn một cách rõ ràng, giảm thiểu tiếng ồn xung quanh, đồng thời có thể gập gọn lên tai nghe khi không sử dụng, tạo sự liền mạch cho thiết kế. Thiết kế đệm tai bằng mút hoạt tính bọc vải dệt kim mềm mại, thoáng khí, cùng với khung tai nghe nhẹ nhàng, linh hoạt, mang lại cảm giác đeo êm ái và dễ chịu ngay cả khi sử dụng trong thời gian dài. Nút điều khiển tích hợp trên tai nghe giúp bạn dễ dàng điều chỉnh âm lượng, phát/tạm dừng nhạc, trả lời/kết thúc cuộc gọi và bật/tắt tiếng mic một cách nhanh chóng và tiện lợi. Khả năng kết nối kép qua Bluetooth và USB receiver giúp bạn dễ dàng chuyển đổi giữa các thiết bị như máy tính, điện thoại thông minh hoặc máy tính bảng. Tai nghe Logitech Zone Vibe 100 Đen không chỉ là một thiết bị âm thanh mà còn là một phụ kiện thời trang, thể hiện phong cách trẻ trung và chuyên nghiệp của người sử dụng.',
            24, 'https://product.hstatic.net/200000722513/product/7wk56qml_fa907ce26410436d8c9cee254e3a98d4.png', '2024-04-22T04:04:57+00:00',1);
        
INSERT INTO product_image (name, product_variant_id, image_url, is_main)
VALUES
    ('Ảnh 1', 73, 'https://product.hstatic.net/200000722513/product/7wk56qml_fa907ce26410436d8c9cee254e3a98d4.png', TRUE),
    ('Ảnh 2', 73, 'https://product.hstatic.net/200000722513/product/vin0kk6c_90340ef19d9d4bd08bbeae36bdd4a447.png', FALSE),
    ('Ảnh 3', 73, 'https://product.hstatic.net/200000722513/product/1hxh54ra_c72671695dac4e8889a05f6e091c54f0.png', FALSE),
    ('Ảnh 4', 73, 'https://product.hstatic.net/200000722513/product/xyf0o2qt_43010ccb8b934f3fb8ded03cbf0ec2de.png', FALSE),
    ('Ảnh 5', 73, 'https://product.hstatic.net/200000722513/product/6a36rl5c_b8fa127ce11d40f5a79034c77afb0d56.png', FALSE),
    ('Ảnh 6', 73, 'https://product.hstatic.net/200000722513/product/v2u2xlp9_c0effa447aa34dffbbf4622b04081f16.png', FALSE);
---
INSERT INTO product (name, seo_name, brand_id, specifications, description, created_by, image_url) 
    VALUES (
        'Tai nghe Edifier Không dây W820NB Plus Xanh Lá', 'tai-nghe-edifier-khong-day-w820nb-plus-xanh-la', 30,
        '{"Tên sản phẩm": "Tai nghe Edifier Không dây W820NB Plus", "Thương hiệu": "Edifier", "Model": "W820NB Plus", "Màu sắc": "Xanh Lá", "Loại tai nghe": "Chụp tai (Over-ear)", "Kết nối": "Không dây (Bluetooth), Có dây (jack 3.5mm)", "Phiên bản Bluetooth": "5.2", "Codec âm thanh": "LDAC, LHDC, SBC", "Công nghệ khử tiếng ồn": "Khử ồn chủ động (ANC) Hybrid", "Kích thước màng loa": "40mm", "Đáp ứng tần số": "20Hz - 40kHz", "Thời lượng pin (nghe nhạc)": "49 giờ (tắt ANC)", "Thời lượng pin (khi bật ANC)": "29 giờ", "Thời gian sạc đầy": "Khoảng 1.5 giờ", "Cổng sạc": "USB-C", "Độ trễ (Gaming Mode)": "Khoảng 0.08 giây", "Trọng lượng": "Khoảng 220g", "Micrô": "Có", "Tính năng đặc biệt": "Chế độ âm thanh xung quanh (Ambient Sound), Chế độ chơi game độ trễ thấp", "Ứng dụng hỗ trợ": "Edifier Connect", "Chất liệu đệm tai": "Da protein mềm mại", "Hỗ trợ sạc nhanh": "Sạc 10 phút dùng 8 giờ"}',
        'Tai nghe bluetooth Edifier W820NB Plus là một bản nâng cấp rất đáng giá, trang bị nhiều tính năng hiện đại. Và nhà sản xuất hoàn thiện thiết bị tai nghe Edifier cực kỳ tối ưu, đơn giản, thiết kế trẻ trung. \n\nNgoại hình tối giản\nTai nghe Edifier W820NB Plus được thiết kế nhỏ gọn, một số đường góc cạnh bo tròn nhẹ, tạo nên sự tinh tế. Bên cạnh đó, sản phẩm có trọng lượng không quá nặng, đem lại cảm giác dễ chịu khi đeo lên tai.\n\nThiết kế tai nghe Edifier W820NB Plus\n\nChưa kể, phần đệm của thiết bị này mềm mại, bao trùm cả tai, âm thanh không bị lọt ra ngoài. Từ đó, người dùng sẽ nghe được trọn vẹn những bản nhạc yêu thích. \n\n>>> Xem nhanh mẫu tai nghe Edifier W820NB Pro mới đang có nhiều ưu đãi cực tốt.\n\nDung lượng pin bền bỉ\nTai nghe Edifier W820NB Plus cải tiến trình điều khiển, kết hợp với Hi-res Audio, mang đến chất âm chân thực, hài hòa. Đặc biệt, sản phẩm chống ồn rất tốt, thoải mái vừa nghe nhạc, vừa tập thể dục ngoài trời, không lo bị ảnh hưởng tạp âm xung quanh.\n\nÂm thanh tai nghe Edifier W820NB Plus\n\nThiết bị hỗ trợ cả chế độ Game Mode, tối ưu độ trễ cực thấp, giúp bạn trải nghiệm chơi game sống động, hòa mình vào trong trận đấu. Dung lượng pin của chiếc tai nghe bluetooth Edifier W820NB Plus đã được nâng cấp đáng kể, thời gian sử dụng lâu hơn 49 giờ. ',
        1, 'https://product.hstatic.net/200000722513/product/63d01bb21a039e50a6e33115aee07246_5afa890529f443388bede00a760d2ae2.png'
    );
INSERT INTO product_category (product_id, category_id) VALUES (74, 24);
INSERT INTO product_variant (
        product_id, name, seo_name, supplier_id, price, price_sale, quantity, sku, model, barcode, 
        specifications, description, warranty, image_url, release_at, created_by)
        VALUES ( 74, 'Tai nghe Edifier Không dây W820NB Plus Xanh Lá', 'tai-nghe-edifier-khong-day-w820nb-plus-xanh-la',
            1, 1490000, 1090000, 10, 'TAI-EDIFIER-W820NB-PLUS-XANH-LA',
            'TAI-EDIFIER-W820NB-PLUS-XANH-LA', 'TAI-EDIFIER-W820NB-PLUS-XANH-LA',
            '{"Tên sản phẩm": "Tai nghe Edifier Không dây W820NB Plus", "Thương hiệu": "Edifier", "Model": "W820NB Plus", "Màu sắc": "Xanh Lá", "Loại tai nghe": "Chụp tai (Over-ear)", "Kết nối": "Không dây (Bluetooth), Có dây (jack 3.5mm)", "Phiên bản Bluetooth": "5.2", "Codec âm thanh": "LDAC, LHDC, SBC", "Công nghệ khử tiếng ồn": "Khử ồn chủ động (ANC) Hybrid", "Kích thước màng loa": "40mm", "Đáp ứng tần số": "20Hz - 40kHz", "Thời lượng pin (nghe nhạc)": "49 giờ (tắt ANC)", "Thời lượng pin (khi bật ANC)": "29 giờ", "Thời gian sạc đầy": "Khoảng 1.5 giờ", "Cổng sạc": "USB-C", "Độ trễ (Gaming Mode)": "Khoảng 0.08 giây", "Trọng lượng": "Khoảng 220g", "Micrô": "Có", "Tính năng đặc biệt": "Chế độ âm thanh xung quanh (Ambient Sound), Chế độ chơi game độ trễ thấp", "Ứng dụng hỗ trợ": "Edifier Connect", "Chất liệu đệm tai": "Da protein mềm mại", "Hỗ trợ sạc nhanh": "Sạc 10 phút dùng 8 giờ"}',
            'Tai nghe bluetooth Edifier W820NB Plus là một bản nâng cấp rất đáng giá, trang bị nhiều tính năng hiện đại. Và nhà sản xuất hoàn thiện thiết bị tai nghe Edifier cực kỳ tối ưu, đơn giản, thiết kế trẻ trung. \n\nNgoại hình tối giản\nTai nghe Edifier W820NB Plus được thiết kế nhỏ gọn, một số đường góc cạnh bo tròn nhẹ, tạo nên sự tinh tế. Bên cạnh đó, sản phẩm có trọng lượng không quá nặng, đem lại cảm giác dễ chịu khi đeo lên tai.\n\nThiết kế tai nghe Edifier W820NB Plus\n\nChưa kể, phần đệm của thiết bị này mềm mại, bao trùm cả tai, âm thanh không bị lọt ra ngoài. Từ đó, người dùng sẽ nghe được trọn vẹn những bản nhạc yêu thích. \n\n>>> Xem nhanh mẫu tai nghe Edifier W820NB Pro mới đang có nhiều ưu đãi cực tốt.\n\nDung lượng pin bền bỉ\nTai nghe Edifier W820NB Plus cải tiến trình điều khiển, kết hợp với Hi-res Audio, mang đến chất âm chân thực, hài hòa. Đặc biệt, sản phẩm chống ồn rất tốt, thoải mái vừa nghe nhạc, vừa tập thể dục ngoài trời, không lo bị ảnh hưởng tạp âm xung quanh.\n\nÂm thanh tai nghe Edifier W820NB Plus\n\nThiết bị hỗ trợ cả chế độ Game Mode, tối ưu độ trễ cực thấp, giúp bạn trải nghiệm chơi game sống động, hòa mình vào trong trận đấu. Dung lượng pin của chiếc tai nghe bluetooth Edifier W820NB Plus đã được nâng cấp đáng kể, thời gian sử dụng lâu hơn 49 giờ. ',
            12, 'https://product.hstatic.net/200000722513/product/63d01bb21a039e50a6e33115aee07246_5afa890529f443388bede00a760d2ae2.png', '2024-03-28T09:46:55+00:00',1);
        
INSERT INTO product_image (name, product_variant_id, image_url, is_main)
VALUES
    ('Ảnh 1', 74, 'https://product.hstatic.net/200000722513/product/63d01bb21a039e50a6e33115aee07246_5afa890529f443388bede00a760d2ae2.png', TRUE),
    ('Ảnh 2', 74, 'https://product.hstatic.net/200000722513/product/15ee2b41a260832e647697a58fec5009_d172cb7ee14940ee87401bb84269ed44.png', FALSE),
    ('Ảnh 3', 74, 'https://product.hstatic.net/200000722513/product/248ef74afa48e1809de59d1216899ef5_977642b757f5476695d103be8f886c1a.png', FALSE),
    ('Ảnh 4', 74, 'https://product.hstatic.net/200000722513/product/d6f153e7f9371100aefe6f028101d93e_eb7474c841314cfabc8bcf70ee10e0a3.png', FALSE),
    ('Ảnh 5', 74, 'https://product.hstatic.net/200000722513/product/6277bf9a67969b85f662ed003eaf6911_e8991828b46d4c3f8750c2da902533d6.png', FALSE);
---
INSERT INTO product (name, seo_name, brand_id, specifications, description, created_by, image_url) 
    VALUES (
        'Tai nghe Edifier Không dây W820NB Plus Xanh Dương', 'tai-nghe-edifier-khong-day-w820nb-plus-xanh-duong', 30,
        '{"Kích thước": "164.8 x 191.3 x 82.3 mm", "Trọng lượng": "221 g", "Công nghệ âm thanh": "Chống ồn chủ động ANC, Hi-Res audio", "Micro": "Có, 5 micro", "Loa": "Driver 40 mm", "Tính năng": "Chống ồn, Xuyên âm, Có mic đàm thoại", "Kết nối": "Không dây", "Bluetooth": "5.2", "Ứng dụng kết nối": "Edifier Connect", "Phạm vi kết nối": "10 m", "Dung lượng pin": "400 mAh 3.8V", "Thời lượng sử dụng pin": "49 giờ khi bật ANC / 33 giờ khi tắt ANC", "Cổng sạc": "USB-C", "Thời gian sạc": "1.5 giờ", "Tính năng khác": "Sạc nhanh", "Hãng sản xuất": "Edifier"}',
        'Tai nghe bluetooth Edifier W820NB Plus là một bản nâng cấp rất đáng giá, trang bị nhiều tính năng hiện đại. Và nhà sản xuất hoàn thiện thiết bị tai nghe Edifier cực kỳ tối ưu, đơn giản, thiết kế trẻ trung. \n\nNgoại hình tối giản\nTai nghe Edifier W820NB Plus được thiết kế nhỏ gọn, một số đường góc cạnh bo tròn nhẹ, tạo nên sự tinh tế. Bên cạnh đó, sản phẩm có trọng lượng không quá nặng, đem lại cảm giác dễ chịu khi đeo lên tai.\n\nThiết kế tai nghe Edifier W820NB Plus\n\nChưa kể, phần đệm của thiết bị này mềm mại, bao trùm cả tai, âm thanh không bị lọt ra ngoài. Từ đó, người dùng sẽ nghe được trọn vẹn những bản nhạc yêu thích. \n\n>>> Xem nhanh mẫu tai nghe Edifier W820NB Pro mới đang có nhiều ưu đãi cực tốt.\n\nDung lượng pin bền bỉ\nTai nghe Edifier W820NB Plus cải tiến trình điều khiển, kết hợp với Hi-res Audio, mang đến chất âm chân thực, hài hòa. Đặc biệt, sản phẩm chống ồn rất tốt, thoải mái vừa nghe nhạc, vừa tập thể dục ngoài trời, không lo bị ảnh hưởng tạp âm xung quanh.\n\nÂm thanh tai nghe Edifier W820NB Plus\n\nThiết bị hỗ trợ cả chế độ Game Mode, tối ưu độ trễ cực thấp, giúp bạn trải nghiệm chơi game sống động, hòa mình vào trong trận đấu. Dung lượng pin của chiếc tai nghe bluetooth Edifier W820NB Plus đã được nâng cấp đáng kể, thời gian sử dụng lâu hơn 49 giờ.',
        1, 'https://product.hstatic.net/200000722513/product/bd14a80cafe9eb5c44dd5e1f826dd9bf_32a5b028d5034e1e8340d24b27aca92b.png'
    );
INSERT INTO product_category (product_id, category_id) VALUES (75, 24);
INSERT INTO product_variant (
        product_id, name, seo_name, supplier_id, price, price_sale, quantity, sku, model, barcode, 
        specifications, description, warranty, image_url, release_at, created_by)
        VALUES ( 75, 'Tai nghe Edifier Không dây W820NB Plus Xanh Dương', 'tai-nghe-edifier-khong-day-w820nb-plus-xanh-duong',
            1, 1490000, 1090000, 10, 'TAI-EDIFIER-W820NB-PLUS-XANH-DUONG',
            'TAI-EDIFIER-W820NB-PLUS-XANH-DUONG', 'TAI-EDIFIER-W820NB-PLUS-XANH-DUONG',
            '{"Kích thước": "164.8 x 191.3 x 82.3 mm", "Trọng lượng": "221 g", "Công nghệ âm thanh": "Chống ồn chủ động ANC, Hi-Res audio", "Micro": "Có, 5 micro", "Loa": "Driver 40 mm", "Tính năng": "Chống ồn, Xuyên âm, Có mic đàm thoại", "Kết nối": "Không dây", "Bluetooth": "5.2", "Ứng dụng kết nối": "Edifier Connect", "Phạm vi kết nối": "10 m", "Dung lượng pin": "400 mAh 3.8V", "Thời lượng sử dụng pin": "49 giờ khi bật ANC / 33 giờ khi tắt ANC", "Cổng sạc": "USB-C", "Thời gian sạc": "1.5 giờ", "Tính năng khác": "Sạc nhanh", "Hãng sản xuất": "Edifier"}',
            'Tai nghe bluetooth Edifier W820NB Plus là một bản nâng cấp rất đáng giá, trang bị nhiều tính năng hiện đại. Và nhà sản xuất hoàn thiện thiết bị tai nghe Edifier cực kỳ tối ưu, đơn giản, thiết kế trẻ trung. \n\nNgoại hình tối giản\nTai nghe Edifier W820NB Plus được thiết kế nhỏ gọn, một số đường góc cạnh bo tròn nhẹ, tạo nên sự tinh tế. Bên cạnh đó, sản phẩm có trọng lượng không quá nặng, đem lại cảm giác dễ chịu khi đeo lên tai.\n\nThiết kế tai nghe Edifier W820NB Plus\n\nChưa kể, phần đệm của thiết bị này mềm mại, bao trùm cả tai, âm thanh không bị lọt ra ngoài. Từ đó, người dùng sẽ nghe được trọn vẹn những bản nhạc yêu thích. \n\n>>> Xem nhanh mẫu tai nghe Edifier W820NB Pro mới đang có nhiều ưu đãi cực tốt.\n\nDung lượng pin bền bỉ\nTai nghe Edifier W820NB Plus cải tiến trình điều khiển, kết hợp với Hi-res Audio, mang đến chất âm chân thực, hài hòa. Đặc biệt, sản phẩm chống ồn rất tốt, thoải mái vừa nghe nhạc, vừa tập thể dục ngoài trời, không lo bị ảnh hưởng tạp âm xung quanh.\n\nÂm thanh tai nghe Edifier W820NB Plus\n\nThiết bị hỗ trợ cả chế độ Game Mode, tối ưu độ trễ cực thấp, giúp bạn trải nghiệm chơi game sống động, hòa mình vào trong trận đấu. Dung lượng pin của chiếc tai nghe bluetooth Edifier W820NB Plus đã được nâng cấp đáng kể, thời gian sử dụng lâu hơn 49 giờ. ',
            12, 'https://product.hstatic.net/200000722513/product/bd14a80cafe9eb5c44dd5e1f826dd9bf_32a5b028d5034e1e8340d24b27aca92b.png', '2024-03-28T09:46:56+00:00',1);
        
INSERT INTO product_image (name, product_variant_id, image_url, is_main)
VALUES
    ('Ảnh 1', 75, 'https://product.hstatic.net/200000722513/product/bd14a80cafe9eb5c44dd5e1f826dd9bf_32a5b028d5034e1e8340d24b27aca92b.png', TRUE),
    ('Ảnh 2', 75, 'https://product.hstatic.net/200000722513/product/612d4666e3c6a2ec71e5f4da2dc1cf86_6d76d80e321a43ac8f97c13facad5960.png', FALSE),
    ('Ảnh 3', 75, 'https://product.hstatic.net/200000722513/product/84026260c8056a0eee05f1af5ff20b02_23b8e07aa5644eb5b2ae460b5a70890b.png', FALSE),
    ('Ảnh 4', 75, 'https://product.hstatic.net/200000722513/product/d244b126016d79e1fbe042f4a56903de_77483ef36c024896805a826147d5ee72.png', FALSE),
    ('Ảnh 5', 75, 'https://product.hstatic.net/200000722513/product/58bed1f9da33d3bfa42661c83834ba4c_dea9c1085a2c414ead3ef48be6ac28bd.png', FALSE);
---
INSERT INTO product (name, seo_name, brand_id, specifications, description, created_by, image_url) 
    VALUES (
        'Tai nghe Edifier Không dây W820NB Plus Trắng Ngà', 'tai-nghe-edifier-khong-day-w820nb-plus-trang-nga', 30,
        '{"Công nghệ âm thanh": "Chống ồn chủ động ANC", "Thời lượng pin": "49 giờ", "Thời gian sạc": "1.5 giờ", "Cổng sạc": "Type-C, Sạc nhanh", "Kiểu tai nghe": "Over-ear", "Kiểu kết nối": "USB Type-C, Bluetooth 5.2", "Micro": "Có", "Phạm vi kết nối": "10m", "Thao tác điều khiển": "Chuyển bài, Điều chỉnh âm lượng, Trả lời cuộc gọi, Chuyển đổi giữa các chế độ khác nhau"}',
        'Trên thị trường tai nghe Bluetooth ngày càng đa dạng, Edifier W820NB Plus Trắng Ngà nổi bật với sự kết hợp hoàn hảo giữa thiết kế đẹp mắt, chất âm tinh tế và tính năng chống ồn hiệu quả. Đây không chỉ là một sản phẩm tai nghe thông thường, mà còn là một trợ thủ đắc lực cho những người yêu thích âm nhạc và cần sự tập trung trong môi trường ồn ào.\n\n**Thiết kế siêu nhẹ, tiện lợi**\n\nVới trọng lượng siêu nhẹ chỉ 220g và thiết kế nhỏ gọn, tai nghe Edifier W820NB Plus Trắng Ngà mang lại cảm giác thoải mái và dễ dàng mang theo bên mình. Khung kim loại chắc chắn có thể điều chỉnh kích cỡ để phù hợp với mọi kích cỡ đầu, đảm bảo sự vững chắc và thoải mái cho người sử dụng. Đặc biệt, vỏ tai bằng nhựa ABS cao cấp kết hợp với chụp tai bằng da protein mềm mại, êm ái, tạo ra một trải nghiệm đeo không gây khó chịu ngay cả trong thời gian dài. Khả năng gập gọn khi không sử dụng giúp sản phẩm trở nên tiện lợi và dễ dàng cất giữ.\n\n**Âm thanh tinh tế và chân thật**\n\nTai nghe Edifier W820NB Plus Trắng Ngà, trong tầm giá chỉ 1 triệu, không chỉ gây ấn tượng với thiết kế mà còn với chất âm tuyệt vời. Sản phẩm được trang bị công nghệ âm thanh Hi-Res chất lượng cao, mang lại những chi tiết rõ ràng và sống động, từ những dải âm bass mạnh mẽ cho đến những âm mid và treble trong trẻo.\n\nVới hỗ trợ LDAC - codec Bluetooth cao cấp, Edifier W820NB Plus Trắng Ngà cho phép truyền tải âm thanh chất lượng cao, đảm bảo trải nghiệm nghe nhạc tuyệt vời nhất cho người dùng. Đồng thời, tính năng chống ồn chủ động với khả năng giảm tiếng ồn hiệu quả lên đến 43dB giúp người dùng tập trung vào âm nhạc hoặc cuộc trò chuyện mà không bị ảnh hưởng bởi tiếng ồn xung quanh.\n\n**Thời lượng pin cao**\n\nVới thời lượng pin lên đến 49 giờ sử dụng liên tục sau mỗi lần sạc đầy và hỗ trợ sạc nhanh chóng chỉ trong 1,5 giờ, giúp tiết kiệm thời gian và tối ưu hóa trải nghiệm người dùng. Edifier W820NB Plus Trắng Ngà là sự lựa chọn lý tưởng cho những người thường xuyên di chuyển và cần sự đồng hành của âm nhạc. Ngoài ra, các tính năng khác như micro đàm thoại tích hợp, kết nối Bluetooth 5.2 ổn định, hỗ trợ aptX, cổng kết nối Type-C và tương thích với ứng dụng Edifier Connect giúp người dùng dễ dàng điều chỉnh cài đặt và cập nhật phần mềm.',
        1, 'https://product.hstatic.net/200000722513/product/8fb4d7148326dbafe6c7949eeea20d43_10f0e89552c74fcfbaf376e82ab53397.png'
    );
INSERT INTO product_category (product_id, category_id) VALUES (76, 24);
INSERT INTO product_variant (
        product_id, name, seo_name, supplier_id, price, price_sale, quantity, sku, model, barcode, 
        specifications, description, warranty, image_url, release_at, created_by)
        VALUES ( 76, 'Tai nghe Edifier Không dây W820NB Plus Trắng Ngà', 'tai-nghe-edifier-khong-day-w820nb-plus-trang-nga',
            1, 1490000, 990000, 10, 'TAI-EDIFIER-W820NB-PLUS-TRANG',
            'TAI-EDIFIER-W820NB-PLUS-TRANG', 'TAI-EDIFIER-W820NB-PLUS-TRANG',
            '{"Công nghệ âm thanh": "Chống ồn chủ động ANC", "Thời lượng pin": "49 giờ", "Thời gian sạc": "1.5 giờ", "Cổng sạc": "Type-C, Sạc nhanh", "Kiểu tai nghe": "Over-ear", "Kiểu kết nối": "USB Type-C, Bluetooth 5.2", "Micro": "Có", "Phạm vi kết nối": "10m", "Thao tác điều khiển": "Chuyển bài, Điều chỉnh âm lượng, Trả lời cuộc gọi, Chuyển đổi giữa các chế độ khác nhau"}',
            'Trên thị trường tai nghe Bluetooth ngày càng đa dạng, Edifier W820NB Plus Trắng Ngà nổi bật với sự kết hợp hoàn hảo giữa thiết kế đẹp mắt, chất âm tinh tế và tính năng chống ồn hiệu quả. Đây không chỉ là một sản phẩm tai nghe thông thường, mà còn là một trợ thủ đắc lực cho những người yêu thích âm nhạc và cần sự tập trung trong môi trường ồn ào.\n\n**Thiết kế siêu nhẹ, tiện lợi**\n\nVới trọng lượng siêu nhẹ chỉ 220g và thiết kế nhỏ gọn, tai nghe Edifier W820NB Plus Trắng Ngà mang lại cảm giác thoải mái và dễ dàng mang theo bên mình. Khung kim loại chắc chắn có thể điều chỉnh kích cỡ để phù hợp với mọi kích cỡ đầu, đảm bảo sự vững chắc và thoải mái cho người sử dụng. Đặc biệt, vỏ tai bằng nhựa ABS cao cấp kết hợp với chụp tai bằng da protein mềm mại, êm ái, tạo ra một trải nghiệm đeo không gây khó chịu ngay cả trong thời gian dài. Khả năng gập gọn khi không sử dụng giúp sản phẩm trở nên tiện lợi và dễ dàng cất giữ.\n\n**Âm thanh tinh tế và chân thật**\n\nTai nghe Edifier W820NB Plus Trắng Ngà, trong tầm giá chỉ 1 triệu, không chỉ gây ấn tượng với thiết kế mà còn với chất âm tuyệt vời. Sản phẩm được trang bị công nghệ âm thanh Hi-Res chất lượng cao, mang lại những chi tiết rõ ràng và sống động, từ những dải âm bass mạnh mẽ cho đến những âm mid và treble trong trẻo.\n\nVới hỗ trợ LDAC - codec Bluetooth cao cấp, Edifier W820NB Plus Trắng Ngà cho phép truyền tải âm thanh chất lượng cao, đảm bảo trải nghiệm nghe nhạc tuyệt vời nhất cho người dùng. Đồng thời, tính năng chống ồn chủ động với khả năng giảm tiếng ồn hiệu quả lên đến 43dB giúp người dùng tập trung vào âm nhạc hoặc cuộc trò chuyện mà không bị ảnh hưởng bởi tiếng ồn xung quanh.\n\n**Thời lượng pin cao**\n\nVới thời lượng pin lên đến 49 giờ sử dụng liên tục sau mỗi lần sạc đầy và hỗ trợ sạc nhanh chóng chỉ trong 1,5 giờ, giúp tiết kiệm thời gian và tối ưu hóa trải nghiệm người dùng. Edifier W820NB Plus Trắng Ngà là sự lựa chọn lý tưởng cho những người thường xuyên di chuyển và cần sự đồng hành của âm nhạc. Ngoài ra, các tính năng khác như micro đàm thoại tích hợp, kết nối Bluetooth 5.2 ổn định, hỗ trợ aptX, cổng kết nối Type-C và tương thích với ứng dụng Edifier Connect giúp người dùng dễ dàng điều chỉnh cài đặt và cập nhật phần mềm.',
            12, 'https://product.hstatic.net/200000722513/product/8fb4d7148326dbafe6c7949eeea20d43_10f0e89552c74fcfbaf376e82ab53397.png', '2024-03-28T09:46:59+00:00',1);
        
INSERT INTO product_image (name, product_variant_id, image_url, is_main)
VALUES
    ('Ảnh 1', 76, 'https://product.hstatic.net/200000722513/product/8fb4d7148326dbafe6c7949eeea20d43_10f0e89552c74fcfbaf376e82ab53397.png', TRUE),
    ('Ảnh 2', 76, 'https://product.hstatic.net/200000722513/product/1b1860fde9515420018d19fd952e1649_ef5ea9af636b4568911591f11594b49b.png', FALSE),
    ('Ảnh 3', 76, 'https://product.hstatic.net/200000722513/product/e3d09fcb22a7670053dc86c0f1a03f04_32e33466cca64e18b5802f9b119d3a7d.png', FALSE),
    ('Ảnh 4', 76, 'https://product.hstatic.net/200000722513/product/35b93338bb7dbe1f6aad175512dc9409_38dea188c4e4472487c79f3332a7cfed.png', FALSE),
    ('Ảnh 5', 76, 'https://product.hstatic.net/200000722513/product/376ba97f2aa9ed06a85fcf7b659bc08c_b7a74eba8b0846b0a4a1ef0baeabb56d.png', FALSE);
---
INSERT INTO product (name, seo_name, brand_id, specifications, description, created_by, image_url) 
    VALUES (
        'Tai nghe Edifier Không dây WH700NB Trắng Ngà', 'tai-nghe-edifier-khong-day-wh700nb-trang-nga', 30,
        '{"Công nghệ âm thanh": "Chống ồn chủ động (ANC)", "Thời lượng pin": "Bật ANC: 68 giờ, Tắt ANC: 45 giờ", "Thời gian sạc": "2 giờ", "Cổng sạc": "Type-C, sạc nhanh", "Kiểu tai nghe": "Over-ear", "Kiểu kết nối": "USB Type-C, Bluetooth 5.0", "Micro": "Có", "Phạm vi kết nối": "10m"}',
        'Tai nghe Edifier Không dây WH700NB Trắng Ngà là sự kết hợp tinh tế giữa công nghệ âm thanh tiên tiến và thiết kế thời thượng, mang đến trải nghiệm nghe nhạc đẳng cấp cùng phong cách thanh lịch. Với gam màu trắng ngà sang trọng và cuốn hút, chiếc tai nghe này không chỉ là một thiết bị âm thanh mà còn là một phụ kiện thời trang nổi bật, dễ dàng phối hợp với mọi trang phục và hoàn cảnh.\n\nĐiểm nhấn vượt trội của WH700NB chính là khả năng Khử tiếng ồn chủ động (Active Noise Cancellation - ANC) mạnh mẽ, giúp loại bỏ hiệu quả các tạp âm xung quanh, từ tiếng ồn giao thông ồn ào đến tiếng trò chuyện trong văn phòng, cho phép bạn hoàn toàn đắm chìm vào không gian âm nhạc riêng tư, yên tĩnh tuyệt đối. Công nghệ âm thanh danh tiếng của Edifier đảm bảo chất lượng âm thanh sống động, chi tiết với âm bass trầm ấm, chắc gọn và âm treble trong trẻo, mang đến những giai điệu chân thực và đầy cảm xúc.\n\nKết nối không dây ổn định và mượt mà qua Bluetooth tiên tiến, đảm bảo truyền tải âm thanh liền mạch và nhanh chóng đến mọi thiết bị của bạn. Thiết kế công thái học với đệm tai mềm mại, ôm sát vừa vặn, tạo cảm giác thoải mái tối đa ngay cả khi sử dụng liên tục trong nhiều giờ. Thời lượng pin ấn tượng giúp bạn thoải mái nghe nhạc, làm việc hoặc giải trí suốt cả ngày dài mà không lo gián đoạn. Tai nghe Edifier WH700NB Trắng Ngà chính là lựa chọn hoàn hảo cho những ai tìm kiếm sự cân bằng giữa chất lượng âm thanh đỉnh cao, sự thoải mái vượt trội và một vẻ ngoài đầy phong cách.',
        1, 'https://product.hstatic.net/200000722513/product/e2c01c2ad210abc59313082a20af7e7d_6485690408fc4b199df5129ffd6e59f6.png'
    );
INSERT INTO product_category (product_id, category_id) VALUES (77, 24);
INSERT INTO product_variant (
        product_id, name, seo_name, supplier_id, price, price_sale, quantity, sku, model, barcode, 
        specifications, description, warranty, image_url, release_at, created_by)
        VALUES ( 77, 'Tai nghe Edifier Không dây WH700NB Trắng Ngà', 'tai-nghe-edifier-khong-day-wh700nb-trang-nga',
            1, 890000, 640000, 10, 'TAI-EDIFIER-WH700NB-TRANG',
            'TAI-EDIFIER-WH700NB-TRANG', 'TAI-EDIFIER-WH700NB-TRANG',
            '{"Công nghệ âm thanh": "Chống ồn chủ động (ANC)", "Thời lượng pin": "Bật ANC: 68 giờ, Tắt ANC: 45 giờ", "Thời gian sạc": "2 giờ", "Cổng sạc": "Type-C, sạc nhanh", "Kiểu tai nghe": "Over-ear", "Kiểu kết nối": "USB Type-C, Bluetooth 5.0", "Micro": "Có", "Phạm vi kết nối": "10m"}',
            'Tai nghe Edifier Không dây WH700NB Trắng Ngà là sự kết hợp tinh tế giữa công nghệ âm thanh tiên tiến và thiết kế thời thượng, mang đến trải nghiệm nghe nhạc đẳng cấp cùng phong cách thanh lịch. Với gam màu trắng ngà sang trọng và cuốn hút, chiếc tai nghe này không chỉ là một thiết bị âm thanh mà còn là một phụ kiện thời trang nổi bật, dễ dàng phối hợp với mọi trang phục và hoàn cảnh.\n\nĐiểm nhấn vượt trội của WH700NB chính là khả năng Khử tiếng ồn chủ động (Active Noise Cancellation - ANC) mạnh mẽ, giúp loại bỏ hiệu quả các tạp âm xung quanh, từ tiếng ồn giao thông ồn ào đến tiếng trò chuyện trong văn phòng, cho phép bạn hoàn toàn đắm chìm vào không gian âm nhạc riêng tư, yên tĩnh tuyệt đối. Công nghệ âm thanh danh tiếng của Edifier đảm bảo chất lượng âm thanh sống động, chi tiết với âm bass trầm ấm, chắc gọn và âm treble trong trẻo, mang đến những giai điệu chân thực và đầy cảm xúc.\n\nKết nối không dây ổn định và mượt mà qua Bluetooth tiên tiến, đảm bảo truyền tải âm thanh liền mạch và nhanh chóng đến mọi thiết bị của bạn. Thiết kế công thái học với đệm tai mềm mại, ôm sát vừa vặn, tạo cảm giác thoải mái tối đa ngay cả khi sử dụng liên tục trong nhiều giờ. Thời lượng pin ấn tượng giúp bạn thoải mái nghe nhạc, làm việc hoặc giải trí suốt cả ngày dài mà không lo gián đoạn. Tai nghe Edifier WH700NB Trắng Ngà chính là lựa chọn hoàn hảo cho những ai tìm kiếm sự cân bằng giữa chất lượng âm thanh đỉnh cao, sự thoải mái vượt trội và một vẻ ngoài đầy phong cách.',
            12, 'https://product.hstatic.net/200000722513/product/e2c01c2ad210abc59313082a20af7e7d_6485690408fc4b199df5129ffd6e59f6.png', '2024-04-02T07:23:13+00:00',1);
        
INSERT INTO product_image (name, product_variant_id, image_url, is_main)
VALUES
    ('Ảnh 1', 77, 'https://product.hstatic.net/200000722513/product/e2c01c2ad210abc59313082a20af7e7d_6485690408fc4b199df5129ffd6e59f6.png', TRUE),
    ('Ảnh 2', 77, 'https://product.hstatic.net/200000722513/product/aae237be705ab4320e8ec4207eebc51e_0f87f1ee3d354c6f99b22328b3138b17.png', FALSE),
    ('Ảnh 3', 77, 'https://product.hstatic.net/200000722513/product/e561072a12276b671a495288e3c933ce_3ed482f334134d73a58b7d3bcee3e9af.png', FALSE),
    ('Ảnh 4', 77, 'https://product.hstatic.net/200000722513/product/79bfc3ea9bfc8fe90466e70ae00c9691_b8634112a2f0401fa9aa03e0d93fac36.png', FALSE),
    ('Ảnh 5', 77, 'https://product.hstatic.net/200000722513/product/af2b09bb76e2782e780a02cea8024486_4a2bc00c3d6541fa8dabe662a8538a56.png', FALSE);
---
INSERT INTO product (name, seo_name, brand_id, specifications, description, created_by, image_url) 
    VALUES (
        'Tai nghe Edifier True Wireless X2S Xám', 'tai-nghe-edifier-true-wireless-x2s-xam', 30,
        '{"Tên sản phẩm": "Tai nghe Edifier True Wireless X2S Xám", "Thương hiệu": "Edifier", "Màu sắc": "Xám", "Kiểu tai nghe": "True Wireless In-ear", "Kết nối": "Bluetooth", "Phiên bản Bluetooth": "5.3", "Kích thước driver": "13mm", "Dải tần đáp ứng": "20Hz - 20kHz", "Thời lượng pin tai nghe (một lần sạc)": "Khoảng 6.5 giờ", "Tổng thời lượng pin (với hộp sạc)": "Khoảng 26 giờ", "Cổng sạc": "USB-C", "Mức độ chống nước và bụi": "IP54", "Tính năng nổi bật": "Chống ồn cuộc gọi (ENC), Chế độ chơi game độ trễ thấp, Hỗ trợ ứng dụng Edifier Connect", "Microphone": "Có", "Loại điều khiển": "Cảm ứng", "Codec âm thanh": "SBC", "Thời gian sạc tai nghe": "Khoảng 1.5 giờ", "Thời gian sạc hộp sạc": "Khoảng 2 giờ"}',
        'Thế giới âm nhạc không giới hạn với tai nghe Edifier True Wireless X2S, sự kết hợp hoàn hảo giữa tiện ích và hiệu suất. Với thiết kế nhỏ gọn, trang bị công nghệ hiện đại như kết nối Bluetooth tiên tiến, tai nghe mang lại sự kết nối không dây ổn định và linh hoạt, giúp bạn thoải mái di chuyển mà không cần lo lắng về dây cáp rối. Không chỉ đơn thuần nghe nhạc, bạn còn có thể trải nghiệm mọi chi tiết âm thanh, từ giai điệu mềm mại đến những nốt trầm sâu. Khả năng tái tạo âm thanh chất lượng cao của X2S giúp bạn tận hưởng mỗi bài hát một cách hoàn hảo nhất.\n\n**Thuật toán AI chống ồn hiện đại**\n\nBộ điều khiển động 13mm cao cấp cùng thuật toán chống ồn AI tiên tiến làm nổi bật chất âm vượt trội. Driver hiện đại không chỉ mang lại trải nghiệm âm thanh sống động và hấp dẫn mà còn cung cấp âm thanh chi tiết, rõ ràng, giúp cảm nhận mọi giai điệu khác nhau. Với dải tần số rộng và bass mạnh mẽ, X2S không chỉ tái tạo âm trầm sâu lắng mà còn thể hiện âm cao sắc nét, tạo ra trải nghiệm âm thanh sống động và toàn diện nhất cho người sử dụng.\n\n**Thiết kế tinh tế, nhỏ gọn**\n\nKiểu dáng tinh tế và trọng lượng nhẹ chỉ từ 3.6g mỗi bên, tai nghe Edifier X2S không chỉ là một sản phẩm công nghệ mà còn là biểu tượng của phong cách cá nhân và sự sang trọng. Thiết kế tai nghe phù hợp với dáng tai người, với tần số gần như bằng không, giúp mang lại cảm giác thoải mái và đảm bảo an toàn trong suốt thời gian sử dụng.\n\n**Nâng cao độ bền bỉ với tiêu chuẩn chống nước, bụi IP54**\n\nTiêu chuẩn chống nước, bụi IP54 giúp tăng cường độ bền và sử dụng linh hoạt trong mọi điều kiện thời tiết và môi trường. Khả năng chống nước này cho phép bạn thưởng thức âm nhạc dưới mưa nhẹ hoặc trong các hoạt động vận động mạnh mà không lo ngại về hỏng hóc, giúp tai nghe luôn hoạt động mượt mà và ổn định, đảm bảo tuổi thọ và hiệu suất của sản phẩm.\n\n**Kết nối đa dạng, thời gian sạc pin**\n\nMang lại thời lượng pin lên đến 19 giờ, cho phép bạn thoải mái sử dụng suốt cả ngày. Khả năng kết nối Bluetooth 5.3 đảm bảo một kết nối không dây ổn định và đáng tin cậy, mở rộng phạm vi kết nối lên tới 10 mét.',
        1, 'https://product.hstatic.net/200000722513/product/fbc7c5ba2ed97ae302e171a8630f9082_d115e1862c8541898841d878b1caf878.png'
    );
INSERT INTO product_category (product_id, category_id) VALUES (78, 24);
INSERT INTO product_variant (
        product_id, name, seo_name, supplier_id, price, price_sale, quantity, sku, model, barcode, 
        specifications, description, warranty, image_url, release_at, created_by)
        VALUES ( 78, 'Tai nghe Edifier True Wireless X2S Xám', 'tai-nghe-edifier-true-wireless-x2s-xam',
            1, 390000, 350000, 10, 'TAI-EDIFIER-X2S-XAM',
            'TAI-EDIFIER-X2S-XAM', 'TAI-EDIFIER-X2S-XAM',
            '{"Tên sản phẩm": "Tai nghe Edifier True Wireless X2S Xám", "Thương hiệu": "Edifier", "Màu sắc": "Xám", "Kiểu tai nghe": "True Wireless In-ear", "Kết nối": "Bluetooth", "Phiên bản Bluetooth": "5.3", "Kích thước driver": "13mm", "Dải tần đáp ứng": "20Hz - 20kHz", "Thời lượng pin tai nghe (một lần sạc)": "Khoảng 6.5 giờ", "Tổng thời lượng pin (với hộp sạc)": "Khoảng 26 giờ", "Cổng sạc": "USB-C", "Mức độ chống nước và bụi": "IP54", "Tính năng nổi bật": "Chống ồn cuộc gọi (ENC), Chế độ chơi game độ trễ thấp, Hỗ trợ ứng dụng Edifier Connect", "Microphone": "Có", "Loại điều khiển": "Cảm ứng", "Codec âm thanh": "SBC", "Thời gian sạc tai nghe": "Khoảng 1.5 giờ", "Thời gian sạc hộp sạc": "Khoảng 2 giờ"}',
            'Thế giới âm nhạc không giới hạn với tai nghe Edifier True Wireless X2S, sự kết hợp hoàn hảo giữa tiện ích và hiệu suất. Với thiết kế nhỏ gọn, trang bị công nghệ hiện đại như kết nối Bluetooth tiên tiến, tai nghe mang lại sự kết nối không dây ổn định và linh hoạt, giúp bạn thoải mái di chuyển mà không cần lo lắng về dây cáp rối. Không chỉ đơn thuần nghe nhạc, bạn còn có thể trải nghiệm mọi chi tiết âm thanh, từ giai điệu mềm mại đến những nốt trầm sâu. Khả năng tái tạo âm thanh chất lượng cao của X2S giúp bạn tận hưởng mỗi bài hát một cách hoàn hảo nhất.\n\n**Thuật toán AI chống ồn hiện đại**\n\nBộ điều khiển động 13mm cao cấp cùng thuật toán chống ồn AI tiên tiến làm nổi bật chất âm vượt trội. Driver hiện đại không chỉ mang lại trải nghiệm âm thanh sống động và hấp dẫn mà còn cung cấp âm thanh chi tiết, rõ ràng, giúp cảm nhận mọi giai điệu khác nhau. Với dải tần số rộng và bass mạnh mẽ, X2S không chỉ tái tạo âm trầm sâu lắng mà còn thể hiện âm cao sắc nét, tạo ra trải nghiệm âm thanh sống động và toàn diện nhất cho người sử dụng.\n\n**Thiết kế tinh tế, nhỏ gọn**\n\nKiểu dáng tinh tế và trọng lượng nhẹ chỉ từ 3.6g mỗi bên, tai nghe Edifier X2S không chỉ là một sản phẩm công nghệ mà còn là biểu tượng của phong cách cá nhân và sự sang trọng. Thiết kế tai nghe phù hợp với dáng tai người, với tần số gần như bằng không, giúp mang lại cảm giác thoải mái và đảm bảo an toàn trong suốt thời gian sử dụng.\n\n**Nâng cao độ bền bỉ với tiêu chuẩn chống nước, bụi IP54**\n\nTiêu chuẩn chống nước, bụi IP54 giúp tăng cường độ bền và sử dụng linh hoạt trong mọi điều kiện thời tiết và môi trường. Khả năng chống nước này cho phép bạn thưởng thức âm nhạc dưới mưa nhẹ hoặc trong các hoạt động vận động mạnh mà không lo ngại về hỏng hóc, giúp tai nghe luôn hoạt động mượt mà và ổn định, đảm bảo tuổi thọ và hiệu suất của sản phẩm.\n\n**Kết nối đa dạng, thời gian sạc pin**\n\nMang lại thời lượng pin lên đến 19 giờ, cho phép bạn thoải mái sử dụng suốt cả ngày. Khả năng kết nối Bluetooth 5.3 đảm bảo một kết nối không dây ổn định và đáng tin cậy, mở rộng phạm vi kết nối lên tới 10 mét.',
            12, 'https://product.hstatic.net/200000722513/product/fbc7c5ba2ed97ae302e171a8630f9082_d115e1862c8541898841d878b1caf878.png', '2024-03-28T09:45:22+00:00',1);
        
INSERT INTO product_image (name, product_variant_id, image_url, is_main)
VALUES
    ('Ảnh 1', 78, 'https://product.hstatic.net/200000722513/product/fbc7c5ba2ed97ae302e171a8630f9082_d115e1862c8541898841d878b1caf878.png', TRUE),
    ('Ảnh 2', 78, 'https://product.hstatic.net/200000722513/product/c4812ecae14e277055679236c9b996b8_21b49b8957924da5b793243d21d4ffd9.png', FALSE),
    ('Ảnh 3', 78, 'https://product.hstatic.net/200000722513/product/f236290b553d94665c8fc447af6d55a8_da9677a4d43242e684abae5a1c258e46.png', FALSE),
    ('Ảnh 4', 78, 'https://product.hstatic.net/200000722513/product/0be9de84ee6d6960f83dd94098647e56_7f9df4a02b0745f38ea15b9bc9066c40.png', FALSE),
    ('Ảnh 5', 78, 'https://product.hstatic.net/200000722513/product/6c55a91add2ea8bd8e8949dc07380609_77158d70dc0c4514b49e9fbfe40f3fd7.png', FALSE);
---
INSERT INTO product (name, seo_name, brand_id, specifications, description, created_by, image_url) 
    VALUES (
        'Tai nghe Edifier True Wireless X2S Xanh lá', 'tai-nghe-edifier-true-wireless-x2s-xanh-la', 30,
        '{"Micro": "Có", "Loa": "Driver 13 mm", "Tính năng": "Chống ồn", "Kết nối": "Không dây", "Bluetooth": "5.3", "Ứng dụng kết nối": "Edifier Convect", "Phạm vi kết nối": "10 m", "Dung lượng pin": "Tai nghe: 5V 200 mA, Hộp sạc: 5V 1A", "Thời lượng sử dụng pin": "Tai nghe: 6.5 giờ, Hộp sạc: 19.5 giờ", "Cổng sạc": "Type-C", "Thời gian sạc": "Tai nghe: 1.5 giờ, Hộp sạc: 2 giờ", "Tính năng khác": "Game mode, Chống nước và bụi IP54", "Hãng sản xuất": "Edifier"}',
        'Đắm chìm vào thế giới âm nhạc không giới hạn với Tai nghe Edifier True Wireless X2S Xanh lá – sự kết hợp hoàn hảo giữa phong cách cá tính, âm thanh đỉnh cao và công nghệ hiện đại. Với thiết kế True Wireless nhỏ gọn, bạn sẽ trải nghiệm sự tự do tuyệt đối, không còn vướng víu dây dợ, mang đến trải nghiệm nghe nhạc tiện lợi tối đa mọi lúc mọi nơi.\n\nMàu xanh lá tươi mát, năng động không chỉ tạo điểm nhấn độc đáo mà còn thể hiện cá tính riêng của bạn, giúp bạn nổi bật giữa đám đông. Edifier X2S được tối ưu hóa để mang đến chất âm sống động, dải bass mạnh mẽ, âm trung rõ ràng và âm cao trong trẻo, cho dù bạn đang thưởng thức playlist yêu thích, podcast hay thực hiện cuộc gọi quan trọng, mọi chi tiết âm thanh đều được tái hiện chân thực và sắc nét.\n\nVới công nghệ Bluetooth 5.3 tiên tiến, tai nghe đảm bảo kết nối ổn định, mượt mà và tiết kiệm năng lượng, giảm thiểu độ trễ tối đa. Thời lượng pin ấn tượng lên đến 7 giờ chỉ với một lần sạc và tổng cộng 28 giờ khi kèm hộp sạc, giúp bạn thoải mái nghe nhạc, trò chuyện suốt cả ngày dài mà không lo hết pin. Đặc biệt, Chế độ Game Mode với độ trễ cực thấp (60ms) sẽ nâng tầm trải nghiệm chơi game và xem phim của bạn, mang lại lợi thế cạnh tranh và sự nhập tâm hoàn hảo.\n\nEdifier X2S còn tích hợp công nghệ chống ồn môi trường (ENC) cho các cuộc gọi, đảm bảo giọng nói của bạn luôn rõ ràng, trong trẻo ngay cả trong môi trường ồn ào, đông đúc. Các thao tác điều khiển cảm ứng trực quan giúp bạn dễ dàng phát/tạm dừng nhạc, chuyển bài, nhận cuộc gọi hoặc kích hoạt trợ lý giọng nói chỉ với vài chạm nhẹ. Với trọng lượng nhẹ, thiết kế công thái học vừa vặn và khả năng chống nước IP54, Edifier X2S Xanh lá là người bạn đồng hành lý tưởng cho mọi hoạt động, từ làm việc, tập luyện đến thư giãn. Khám phá sự kết hợp hoàn hảo giữa hiệu năng, độ bền và phong cách chỉ với một chiếc tai nghe nhỏ gọn này!',
        1, 'https://product.hstatic.net/200000722513/product/f0480a000773b8de24b2388ea22bff6d_a13f698b93f54ff9bf538766f0d0dba5.png'
    );
INSERT INTO product_category (product_id, category_id) VALUES (79, 24);
INSERT INTO product_variant (
        product_id, name, seo_name, supplier_id, price, price_sale, quantity, sku, model, barcode, 
        specifications, description, warranty, image_url, release_at, created_by)
        VALUES ( 79, 'Tai nghe Edifier True Wireless X2S Xanh lá', 'tai-nghe-edifier-true-wireless-x2s-xanh-la',
            1, 390000, 350000, 10, 'TAI-EDIFIER-X2S-XANH',
            'TAI-EDIFIER-X2S-XANH', 'TAI-EDIFIER-X2S-XANH',
            '{"Thương hiệu": "Edifier", "Tên sản phẩm": "Edifier True Wireless X2S", "Màu sắc": "Xanh lá", "Phiên bản Bluetooth": "5.3", "Driver âm thanh": "Dynamic 13mm", "Tần số đáp ứng": "20Hz - 20KHz", "Thời lượng pin tai nghe": "6.5 giờ", "Thời lượng pin hộp sạc": "19.5 giờ", "Tổng thời lượng pin (tai nghe + hộp sạc)": "26 giờ", "Chống nước / bụi": "IP54", "Kết nối": "Bluetooth 5.3, USB-C", "Tính năng khác": "Game mode, AI ENC (khử tiếng ồn môi trường), Điều khiển cảm ứng, Hỗ trợ ứng dụng Edifier Connect", "Trọng lượng": "3.6g mỗi bên tai nghe"}',
            'Đắm chìm vào thế giới âm nhạc không giới hạn với Tai nghe Edifier True Wireless X2S Xanh lá – sự kết hợp hoàn hảo giữa phong cách cá tính, âm thanh đỉnh cao và công nghệ hiện đại. Với thiết kế True Wireless nhỏ gọn, bạn sẽ trải nghiệm sự tự do tuyệt đối, không còn vướng víu dây dợ, mang đến trải nghiệm nghe nhạc tiện lợi tối đa mọi lúc mọi nơi.\n\nMàu xanh lá tươi mát, năng động không chỉ tạo điểm nhấn độc đáo mà còn thể hiện cá tính riêng của bạn, giúp bạn nổi bật giữa đám đông. Edifier X2S được tối ưu hóa để mang đến chất âm sống động, dải bass mạnh mẽ, âm trung rõ ràng và âm cao trong trẻo, cho dù bạn đang thưởng thức playlist yêu thích, podcast hay thực hiện cuộc gọi quan trọng, mọi chi tiết âm thanh đều được tái hiện chân thực và sắc nét.\n\nVới công nghệ Bluetooth 5.3 tiên tiến, tai nghe đảm bảo kết nối ổn định, mượt mà và tiết kiệm năng lượng, giảm thiểu độ trễ tối đa. Thời lượng pin ấn tượng lên đến 7 giờ chỉ với một lần sạc và tổng cộng 28 giờ khi kèm hộp sạc, giúp bạn thoải mái nghe nhạc, trò chuyện suốt cả ngày dài mà không lo hết pin. Đặc biệt, Chế độ Game Mode với độ trễ cực thấp (60ms) sẽ nâng tầm trải nghiệm chơi game và xem phim của bạn, mang lại lợi thế cạnh tranh và sự nhập tâm hoàn hảo.\n\nEdifier X2S còn tích hợp công nghệ chống ồn môi trường (ENC) cho các cuộc gọi, đảm bảo giọng nói của bạn luôn rõ ràng, trong trẻo ngay cả trong môi trường ồn ào, đông đúc. Các thao tác điều khiển cảm ứng trực quan giúp bạn dễ dàng phát/tạm dừng nhạc, chuyển bài, nhận cuộc gọi hoặc kích hoạt trợ lý giọng nói chỉ với vài chạm nhẹ. Với trọng lượng nhẹ, thiết kế công thái học vừa vặn và khả năng chống nước IP54, Edifier X2S Xanh lá là người bạn đồng hành lý tưởng cho mọi hoạt động, từ làm việc, tập luyện đến thư giãn. Khám phá sự kết hợp hoàn hảo giữa hiệu năng, độ bền và phong cách chỉ với một chiếc tai nghe nhỏ gọn này!',
            12, 'https://product.hstatic.net/200000722513/product/f0480a000773b8de24b2388ea22bff6d_a13f698b93f54ff9bf538766f0d0dba5.png', '2024-03-28T09:45:25+00:00',1);
        
INSERT INTO product_image (name, product_variant_id, image_url, is_main)
VALUES
    ('Ảnh 1', 79, 'https://product.hstatic.net/200000722513/product/f0480a000773b8de24b2388ea22bff6d_a13f698b93f54ff9bf538766f0d0dba5.png', TRUE),
    ('Ảnh 2', 79, 'https://product.hstatic.net/200000722513/product/b00a1c32fd444b1e9c87b7a5c406d592_2a1438d454c1457d852596fe69e88376.png', FALSE),
    ('Ảnh 3', 79, 'https://product.hstatic.net/200000722513/product/2d3d7c81820bdc26a9ff9d9ad47b6df3_4b2ae4e5817b40f4b8052da5b051c706.png', FALSE),
    ('Ảnh 4', 79, 'https://product.hstatic.net/200000722513/product/3099123abb6251547f0e5221c1464547_2953796f09ef4daa8b1373ac3420f5df.png', FALSE),
    ('Ảnh 5', 79, 'https://product.hstatic.net/200000722513/product/54fa5ac03a5c1ca918d16a6f0dd537a8_9b0001f73e04454eb93729a044e303b5.png', FALSE);
---
INSERT INTO product (name, seo_name, brand_id, specifications, description, created_by, image_url) 
    VALUES (
        'Tai nghe Edifier True Wireless X2S Đen', 'tai-nghe-edifier-true-wireless-x2s-den', 30,
        '{"Micro": "Có", "Loa": "Driver 13 mm", "Tính năng": "Chống ồn", "Kết nối": "Không dây", "Bluetooth": "5.3", "Ứng dụng kết nối": "Edifier Convect", "Phạm vi kết nối": "10 m", "Dung lượng pin": "Tai nghe: 5V 200 mA, Hộp sạc: 5V 1A", "Thời lượng sử dụng pin": "Tai nghe: 6.5 giờ, Hộp sạc: 19.5 giờ", "Cổng sạc": "Type-C", "Thời gian sạc": "Tai nghe: 1.5 giờ, Hộp sạc: 2 giờ", "Tính năng khác": "Game mode, Chống nước và bụi IP54", "Hãng sản xuất": "Edifier"}',
        'Nâng tầm trải nghiệm âm thanh di động của bạn với Tai nghe Edifier True Wireless X2S Đen – sự kết hợp hoàn hảo giữa phong cách, hiệu suất và sự tiện lợi. Được thiết kế dành cho những người yêu âm nhạc hiện đại, X2S Đen mang đến một thế giới âm thanh sống động ngay trong tầm tay bạn.\n\nVới công nghệ âm thanh tiên tiến của Edifier, mỗi nốt nhạc, mỗi giai điệu đều được tái hiện một cách chân thực và mạnh mẽ. Trải nghiệm dải trầm sâu lắng, âm trung rõ ràng và âm cao trong trẻo, cho dù bạn đang thưởng thức bản nhạc yêu thích, nghe podcast hay đắm chìm vào thế giới game. Chế độ Game Mode chuyên biệt giúp giảm độ trễ xuống mức tối thiểu, đảm bảo đồng bộ hóa hoàn hảo giữa hình ảnh và âm thanh, mang lại lợi thế cạnh tranh trong mọi trận đấu.\n\nKết nối Bluetooth 5.3 siêu ổn định mang đến sự tự do di chuyển tuyệt đối mà không lo gián đoạn. Edifier X2S Đen được tối ưu hóa để duy trì kết nối mạnh mẽ và đáng tin cậy, dù bạn đang ở văn phòng, phòng tập hay trên đường.\n\nThiết kế in-ear công thái học, nhẹ nhàng và vừa vặn an toàn, đảm bảo sự thoải mái tối đa ngay cả khi sử dụng trong thời gian dài. Vẻ ngoài màu đen sang trọng không chỉ tôn lên phong cách của bạn mà còn dễ dàng phối hợp với mọi trang phục và phụ kiện. Chuẩn kháng nước và bụi IP54 giúp tai nghe của bạn an toàn trước mồ hôi và mưa nhẹ, lý tưởng cho những buổi tập luyện hoặc hoạt động ngoài trời.\n\nKhông còn lo lắng về pin với tổng thời lượng sử dụng lên đến 28 giờ (7 giờ từ tai nghe và thêm 21 giờ từ hộp sạc). Hộp sạc nhỏ gọn, dễ dàng bỏ túi, luôn sẵn sàng nạp năng lượng cho những cuộc phiêu lưu âm nhạc của bạn.\n\nĐiều khiển cảm ứng trực quan cho phép bạn dễ dàng quản lý phát nhạc, nhận/kết thúc cuộc gọi và kích hoạt trợ lý giọng nói chỉ với một chạm. Microphone tích hợp với công nghệ giảm tiếng ồn ENC (Environmental Noise Cancellation) đảm bảo các cuộc gọi thoại rõ ràng, không bị nhiễu bởi tiếng ồn xung quanh.\n\nTai nghe Edifier True Wireless X2S Đen không chỉ là một thiết bị âm thanh, mà là người bạn đồng hành không thể thiếu, giúp bạn sống trọn vẹn từng khoảnh khắc với âm nhạc đỉnh cao và sự tiện lợi tối đa.',
        1, 'https://product.hstatic.net/200000722513/product/1d4f73c2c65eb338c63d877e48ccdfe3_77a166fe42704512a76080e63844f585.png'
    );
INSERT INTO product_category (product_id, category_id) VALUES (80, 24);
INSERT INTO product_variant (
        product_id, name, seo_name, supplier_id, price, price_sale, quantity, sku, model, barcode, 
        specifications, description, warranty, image_url, release_at, created_by)
        VALUES ( 80, 'Tai nghe Edifier True Wireless X2S Đen', 'tai-nghe-edifier-true-wireless-x2s-den',
            1, 390000, 350000, 10, 'TAI-EDIFIER-X2S-DEN',
            'TAI-EDIFIER-X2S-DEN', 'TAI-EDIFIER-X2S-DEN',
            '{"Micro": "Có", "Loa": "Driver 13 mm", "Tính năng": "Chống ồn", "Kết nối": "Không dây", "Bluetooth": "5.3", "Ứng dụng kết nối": "Edifier Convect", "Phạm vi kết nối": "10 m", "Dung lượng pin": "Tai nghe: 5V 200 mA, Hộp sạc: 5V 1A", "Thời lượng sử dụng pin": "Tai nghe: 6.5 giờ, Hộp sạc: 19.5 giờ", "Cổng sạc": "Type-C", "Thời gian sạc": "Tai nghe: 1.5 giờ, Hộp sạc: 2 giờ", "Tính năng khác": "Game mode, Chống nước và bụi IP54", "Hãng sản xuất": "Edifier"}',
            'Nâng tầm trải nghiệm âm thanh di động của bạn với Tai nghe Edifier True Wireless X2S Đen – sự kết hợp hoàn hảo giữa phong cách, hiệu suất và sự tiện lợi. Được thiết kế dành cho những người yêu âm nhạc hiện đại, X2S Đen mang đến một thế giới âm thanh sống động ngay trong tầm tay bạn.\n\nVới công nghệ âm thanh tiên tiến của Edifier, mỗi nốt nhạc, mỗi giai điệu đều được tái hiện một cách chân thực và mạnh mẽ. Trải nghiệm dải trầm sâu lắng, âm trung rõ ràng và âm cao trong trẻo, cho dù bạn đang thưởng thức bản nhạc yêu thích, nghe podcast hay đắm chìm vào thế giới game. Chế độ Game Mode chuyên biệt giúp giảm độ trễ xuống mức tối thiểu, đảm bảo đồng bộ hóa hoàn hảo giữa hình ảnh và âm thanh, mang lại lợi thế cạnh tranh trong mọi trận đấu.\n\nKết nối Bluetooth 5.3 siêu ổn định mang đến sự tự do di chuyển tuyệt đối mà không lo gián đoạn. Edifier X2S Đen được tối ưu hóa để duy trì kết nối mạnh mẽ và đáng tin cậy, dù bạn đang ở văn phòng, phòng tập hay trên đường.\n\nThiết kế in-ear công thái học, nhẹ nhàng và vừa vặn an toàn, đảm bảo sự thoải mái tối đa ngay cả khi sử dụng trong thời gian dài. Vẻ ngoài màu đen sang trọng không chỉ tôn lên phong cách của bạn mà còn dễ dàng phối hợp với mọi trang phục và phụ kiện. Chuẩn kháng nước và bụi IP54 giúp tai nghe của bạn an toàn trước mồ hôi và mưa nhẹ, lý tưởng cho những buổi tập luyện hoặc hoạt động ngoài trời.\n\nKhông còn lo lắng về pin với tổng thời lượng sử dụng lên đến 28 giờ (7 giờ từ tai nghe và thêm 21 giờ từ hộp sạc). Hộp sạc nhỏ gọn, dễ dàng bỏ túi, luôn sẵn sàng nạp năng lượng cho những cuộc phiêu lưu âm nhạc của bạn.\n\nĐiều khiển cảm ứng trực quan cho phép bạn dễ dàng quản lý phát nhạc, nhận/kết thúc cuộc gọi và kích hoạt trợ lý giọng nói chỉ với một chạm. Microphone tích hợp với công nghệ giảm tiếng ồn ENC (Environmental Noise Cancellation) đảm bảo các cuộc gọi thoại rõ ràng, không bị nhiễu bởi tiếng ồn xung quanh.\n\nTai nghe Edifier True Wireless X2S Đen không chỉ là một thiết bị âm thanh, mà là người bạn đồng hành không thể thiếu, giúp bạn sống trọn vẹn từng khoảnh khắc với âm nhạc đỉnh cao và sự tiện lợi tối đa.',
            12, 'https://product.hstatic.net/200000722513/product/1d4f73c2c65eb338c63d877e48ccdfe3_77a166fe42704512a76080e63844f585.png', '2024-03-28T09:45:27+00:00',1);
        
INSERT INTO product_image (name, product_variant_id, image_url, is_main)
VALUES
    ('Ảnh 1', 80, 'https://product.hstatic.net/200000722513/product/1d4f73c2c65eb338c63d877e48ccdfe3_77a166fe42704512a76080e63844f585.png', TRUE),
    ('Ảnh 2', 80, 'https://product.hstatic.net/200000722513/product/339339f94b6710a80541a0d61d253997_de86a82706ff47a19254ab563eff31a0.png', FALSE),
    ('Ảnh 3', 80, 'https://product.hstatic.net/200000722513/product/3fd69486d7c1bb2d519cc580dd8368a1_60a3480e7b694537b4751ebbb33e8321.png', FALSE),
    ('Ảnh 4', 80, 'https://product.hstatic.net/200000722513/product/91eb12089accf80d3aeb8dd41c1a28a0_34fc48c0d53a4c28a8a059eee7b6d37a.png', FALSE);
---
INSERT INTO product (name, seo_name, brand_id, specifications, description, created_by, image_url) 
    VALUES (
        'Tai nghe Logitech G333 Black', 'tai-nghe-logitech-g333', 13,
        '{"Hai màng loa động kép": "5,8 mm + 9,2 mm", "Độ nhạy tần số": "20 Hz - 20 KHz", "Trở kháng": "24 Ôm ±20%", "Micrô ECM 4 mm, độ nhạy": "-42 dB", "Nền tảng tương thích": "PC, mobile, Xbox, PlayStation, Nintendo, v.v.", "Kiểu tai nghe": "In-Ear", "Kiểu kết nối": "Jack 3.5mm / USB Type-C", "Trọng lượng": "19 gram"}',
        'Tai nghe gaming Logitech G333 là một trong những sản phẩm thuộc dự án hợp tác giữa Logitech và tựa game đình đám Liên Minh Huyền Thoại, và sẽ là mẫu tai nghe gaming tuyệt vời cho những game thủ đích thực.\n\nVỏ nhôm cứng cáp sang trọng, nút tai silicone êm ái cho tai khi đeo\nTai nghe Logitech G333 được thiết kế theo dạng tai nghe có dây với khả năng kết nối kép hai chuẩn USB Type-C và jack 3.5mm, giúp bạn có thể sử dụng Logitech G333 cho cả điện thoại lẫn máy tính hoặc laptop chơi game.\n\nLớp vỏ nhôm cứng cáp với logo chữ \"G\" trứ danh của hãng Logitech góp phần làm nên vẻ ngoài sang trọng cho mẫu tai nghe gaming này. Phần dây nối hiện diện các phím điều chỉnh âm lượng và microphone tích hợp sẵn, giúp cho thao tác voice chat trong game thuận tiện và to rõ.\n\nVỏ nhôm cứng cáp sang trọng, nút tai silicone êm ái cho tai khi đeo\n\nTai nghe Logitech mới này mang đến trải nghiệm âm thanh thoải mái nhất cho bạn thông qua kết cấu nút tai silicone êm ái. Đi kèm trong hộp sản phẩm còn có ba kích cỡ nút tai khác nhau để bạn dễ dàng tùy chỉnh theo ý muốn.\n\nTrang bị màng loa kép cho âm thanh sống động\nLogitech G333 là mẫu tai nghe được hãng Logitech tối ưu hóa cho những tựa game đình đám hiện nay. Trang bị hệ thống màng loa động kép bên trong, Logitech G333 có khả năng tái tạo âm thanh không chỉ mạnh mẽ, mà còn chân thực và sống động ở mọi góc. Bạn sẽ không hề bỏ lỡ bất kỳ chi tiết âm thanh nào trong trò chơi với Logitech G333.\n\nTrang bị màng loa kép cho âm thanh sống động\n\nMàng loa kép được Logitech tinh chỉnh cho âm cao, âm trung và âm trầm cân bằng hoàn hảo, giúp tạo nên một hệ thống âm thanh vòm bao phủ xung quanh bạn. Không chỉ phù hợp cho nhu cầu gaming, tai nghe Logitech G333 còn đáp ứng tốt cả nhu cầu nghe nhạc, làm việc lẫn xem phim với chất lượng âm thanh tuyệt hảo.',
        1, 'https://product.hstatic.net/200000722513/product/logitech-g333_e38d46257e63487c9d72d6d10b1722d3_89596760e3e7462bb9ab6b50d7739876.jpg'
    );
INSERT INTO product_category (product_id, category_id) VALUES (81, 24);
INSERT INTO product_variant (
        product_id, name, seo_name, supplier_id, price, price_sale, quantity, sku, model, barcode, 
        specifications, description, warranty, image_url, release_at, created_by)
        VALUES ( 81, 'Tai nghe Logitech G333 Black', 'tai-nghe-logitech-g333',
            1, 1290000, 960000, 10, 'TAI-LOG-G333-BLA',
            'TAI-LOG-G333-BLA', 'TAI-LOG-G333-BLA',
            '{"Hai màng loa động kép": "5,8 mm + 9,2 mm", "Độ nhạy tần số": "20 Hz - 20 KHz", "Trở kháng": "24 Ôm ±20%", "Micrô ECM 4 mm, độ nhạy": "-42 dB", "Nền tảng tương thích": "PC, mobile, Xbox, PlayStation, Nintendo, v.v.", "Kiểu tai nghe": "In-Ear", "Kiểu kết nối": "Jack 3.5mm / USB Type-C", "Trọng lượng": "19 gram"}',
            'Tai nghe gaming Logitech G333 là một trong những sản phẩm thuộc dự án hợp tác giữa Logitech và tựa game đình đám Liên Minh Huyền Thoại, và sẽ là mẫu tai nghe gaming tuyệt vời cho những game thủ đích thực.\n\nVỏ nhôm cứng cáp sang trọng, nút tai silicone êm ái cho tai khi đeo\nTai nghe Logitech G333 được thiết kế theo dạng tai nghe có dây với khả năng kết nối kép hai chuẩn USB Type-C và jack 3.5mm, giúp bạn có thể sử dụng Logitech G333 cho cả điện thoại lẫn máy tính hoặc laptop chơi game.\n\nLớp vỏ nhôm cứng cáp với logo chữ \"G\" trứ danh của hãng Logitech góp phần làm nên vẻ ngoài sang trọng cho mẫu tai nghe gaming này. Phần dây nối hiện diện các phím điều chỉnh âm lượng và microphone tích hợp sẵn, giúp cho thao tác voice chat trong game thuận tiện và to rõ.\n\nVỏ nhôm cứng cáp sang trọng, nút tai silicone êm ái cho tai khi đeo\n\nTai nghe Logitech mới này mang đến trải nghiệm âm thanh thoải mái nhất cho bạn thông qua kết cấu nút tai silicone êm ái. Đi kèm trong hộp sản phẩm còn có ba kích cỡ nút tai khác nhau để bạn dễ dàng tùy chỉnh theo ý muốn.\n\nTrang bị màng loa kép cho âm thanh sống động\nLogitech G333 là mẫu tai nghe được hãng Logitech tối ưu hóa cho những tựa game đình đám hiện nay. Trang bị hệ thống màng loa động kép bên trong, Logitech G333 có khả năng tái tạo âm thanh không chỉ mạnh mẽ, mà còn chân thực và sống động ở mọi góc. Bạn sẽ không hề bỏ lỡ bất kỳ chi tiết âm thanh nào trong trò chơi với Logitech G333.\n\nTrang bị màng loa kép cho âm thanh sống động\n\nMàng loa kép được Logitech tinh chỉnh cho âm cao, âm trung và âm trầm cân bằng hoàn hảo, giúp tạo nên một hệ thống âm thanh vòm bao phủ xung quanh bạn. Không chỉ phù hợp cho nhu cầu gaming, tai nghe Logitech G333 còn đáp ứng tốt cả nhu cầu nghe nhạc, làm việc lẫn xem phim với chất lượng âm thanh tuyệt hảo.',
            24, 'https://product.hstatic.net/200000722513/product/logitech-g333_e38d46257e63487c9d72d6d10b1722d3_89596760e3e7462bb9ab6b50d7739876.jpg', '2023-06-03T02:54:45+00:00',1);
        
INSERT INTO product_image (name, product_variant_id, image_url, is_main)
VALUES
    ('Ảnh 1', 81, 'https://product.hstatic.net/200000722513/product/logitech-g333_e38d46257e63487c9d72d6d10b1722d3_89596760e3e7462bb9ab6b50d7739876.jpg', TRUE),
    ('Ảnh 2', 81, 'https://product.hstatic.net/200000722513/product/logitech-g333-black-3_28e4b9790a5448a2adcbdb8d55fc38d9_6fbbe75aab4c476c98d3f00e1585a85e.jpg', FALSE),
    ('Ảnh 3', 81, 'https://product.hstatic.net/200000722513/product/logitech-g333-black-5_428fd2b2fd264b948340a8b8e22f7066_b7d215aee1c14057bc3b4e12a57d7063.jpg', FALSE),
    ('Ảnh 4', 81, 'https://product.hstatic.net/200000722513/product/logitech-g333-black-4_de4536e369a14326be2389083efd7942_fba1f8a756f447c3a1c506a80a2c0019.jpg', FALSE),
    ('Ảnh 5', 81, 'https://product.hstatic.net/200000722513/product/logitech-g333-purple-2_ba09a61d402f4121832eb5a08a6b5db5_0f685409a58e49a1a2cc6f91ccfd299f.jpg', FALSE),
    ('Ảnh 6', 81, 'https://product.hstatic.net/200000722513/product/logitech-g333-purple-4_12d48d9038a34e228ac06d6adbd35a47_f0872a63430b409cba3518d1ad171694.jpg', FALSE),
    ('Ảnh 7', 81, 'https://product.hstatic.net/200000722513/product/logitech-g333-purple-3_7c0aac30a6004b8a8f4398b4d980378f_a61dd81d77614657889f99e57e5318fb.jpg', FALSE),
    ('Ảnh 8', 81, 'https://product.hstatic.net/200000722513/product/logitech-g333-white-4_78ec07e02c634787ab4ac7bf932ea89d_c8a6abed9ffc4459a04dd1f9873e0bac.jpg', FALSE),
    ('Ảnh 9', 81, 'https://product.hstatic.net/200000722513/product/logitech-g333-white-3_0bf99d277b284ea6809620237163fedb_05898394f1ab43658b54f331018da045.jpg', FALSE),
    ('Ảnh 10', 81, 'https://product.hstatic.net/200000722513/product/logitech-g333-white-o1_870564d5c92444c0ad4505487473e3ff_df38c62f4132425f860441beb10fde2d.jpg', FALSE),
    ('Ảnh 11', 81, 'https://product.hstatic.net/200000722513/product/tai-nghe-logitech-g333-black-_2c0f3653a4ff4f6dbb0b7c23f9ba6c2e_282d7ede8573465d9dfb085a9e41013a.jpg', FALSE);
---
INSERT INTO product (name, seo_name, brand_id, specifications, description, created_by, image_url) 
    VALUES (
        'Tai nghe Steelseries Arctis Nova 4X Wireless', 'tai-nghe-steelseries-arctis-nova-4x-wireless', 18,
        '{
  "Kết nối": "Không dây 2.4 GHz / Bluetooth",
  "Micro": "ClearCast Gen 2 khử tiếng ồn 2 chiều",
  "Pin": "36 giờ (kết nối không dây Quantum 2.0 Gaming Wireless 2.4 GHz), thời gian có thể thay đổi tùy theo nhu cầu",
  "Sạc nhanh USB-C": "15 phút cho 6 giờ chơi",
  "Trở kháng": "Tai nghe: 36 Ω",
  "Độ nhạy": "Tai nghe: 93 dB SPL, Micro: -38 dB",
  "Tần số": "Tai nghe: 20–22.000 Hz, Micro: 100–6.500 Hz",
  "Neodymium Drivers": "40 mm",
  "Tương thích": "Xbox, PlayStation 5, PlayStation 4, PC Gaming, Nintendo Switch, thiết bị di động / Android"
}',
        'SteelSeries Arctis Nova 4X Wireless là mẫu tai nghe tầm trung gây ấn tượng mạnh mẽ trong cộng đồng game thủ khi mang lại trải nghiệm âm thanh vượt trội, kèm theo loạt tính năng khử ồn, kết nối không dây ổn định và pin “trâu”.\n\nTiếp nối thành công từ series Arctis trứ danh, Steelseries tiếp tục ra mắt dòng tai nghe Arctis Nova 4X Wireless với hàng loạt những công nghệ đáng giá. Điểm nổi bật của sản phẩm nằm ở khả năng cách âm, thời lượng pin ấn tượng, micro ClearCast Gen 2 khử ồn bằng AI, cũng như kiểu dáng over-ear ôm trọn tai, tạo sự thoải mái khi đeo trong thời gian dài. Nếu bạn đang tìm kiếm tai nghe đáp ứng đầy đủ nhu cầu từ chơi game, làm việc trực tuyến cho đến giải trí, đây chính là lựa chọn đáng cân nhắc.\n\nThiết kế ấn tượng, bền bỉ và tối ưu cho game thủ\nTổng thể Arctis Nova 4X Wireless mang phong cách tối giản, hiện đại. Màu đen chủ đạo tạo nên vẻ ngoài lịch lãm, phù hợp với cả những người dùng không thích sự màu mè. Thiết kế over-ear (chụp tai) với kích thước vừa vặn giúp ôm khít vào tai, tạo ra không gian kín để hạn chế tiếng ồn bên ngoài.\n\nTổng thể Arctis Nova 4X Wireless mang phong cách tối giản\nPhần khung chính của tai nghe sử dụng kim loại bền bỉ, có khả năng chịu lực, giúp sản phẩm giữ form tốt qua thời gian. Lớp vỏ ngoài bằng nhựa cao cấp vừa hạn chế trầy xước, vừa giảm trọng lượng để người dùng không gặp tình trạng đau vai, mỏi cổ. Tổng trọng lượng chỉ khoảng 262g, đủ nhẹ để sử dụng lâu mà vẫn thoải mái.\n\nTổng trọng lượng chỉ khoảng 262g, đủ nhẹ để sử dụng lâu\nĐiểm cộng “ăn tiền” khác của SteelSeries Arctis Nova 4X nằm ở phần đệm tai AirWeave thoáng khí. Nhờ chất liệu vải mềm, thoát nhiệt tốt, tai của bạn sẽ không bị bí bách, nóng nực khi đeo liên tục nhiều giờ. Đặc biệt, dây đeo co giãn (ComfortMAX) cho phép điều chỉnh độ rộng, chiều cao phù hợp với từng kích cỡ đầu, tăng cường độ ôm sát nhưng vẫn giữ được cảm giác dễ chịu.\n\nphần đệm tai AirWeave thoáng khí\nMicro của Arctis Nova 4X có thể thu gọn vào trong earcup, giúp tai nghe trở nên gọn gàng hơn khi bạn không cần dùng đến chức năng đàm thoại. Ngoài ra, thiết kế tinh gọn này còn giảm thiểu rủi ro va chạm hoặc gãy micro khi bỏ tai nghe vào túi xách, balo – một ưu điểm quan trọng nếu bạn thường xuyên di chuyển.\n\nMicro của Arctis Nova 4X có thể thu gọn vào trong earcup\nNhờ thiết kế gọn gàng và trọng lượng nhẹ, tai nghe rất tiện lợi để bạn mang theo khi ra ngoài, đi café làm việc hoặc du lịch. Bạn có thể cất gọn trong balo mà không lo ngại micro bị gãy hay dây rối. Bên cạnh đó, vẻ ngoài tối giản, hiện đại cũng giúp Arctis Nova 4X phù hợp với nhiều môi trường khác nhau, không quá hầm hố gây chú ý.\n\nNút điều khiển tiện lợi, ChatMix tối ưu trò chuyện\nTrên earcup của Arctis Nova 4X, SteelSeries bố trí các nút điều khiển trực quan như nút gạt tắt/mở micro, bánh lăn thay đổi âm lượng… Những nút này được thiết kế có độ nảy tốt, dễ cảm nhận và định vị. Đèn LED trên micro cũng báo hiệu rõ ràng trạng thái bật/tắt, tránh những tình huống nhạy cảm khi bạn quên tắt mic.\n\nNút điều khiển tiện lợi, ChatMix tối ưu trò chuyện\nChatMix là một tính năng đặc trưng của SteelSeries, cho phép người dùng cân bằng âm lượng giữa game và kênh chat (ví dụ Discord) chỉ bằng một thao tác xoay nút. Bạn có thể tăng âm tiếng đồng đội khi chiến game chung, hoặc giảm tiếng game để nghe đối phương rõ ràng hơn khi họp online… Tính năng này giúp tối ưu thời gian và cải thiện trải nghiệm giao tiếp đáng kể.\n\nChất lượng âm thanh sống động, chân thực\nVới Arctis Nova 4X Wireless, SteelSeries trang bị công nghệ Nova Acoustic System cùng driver độ trung thực cao, đem lại khả năng tái tạo âm thanh sống động, đa chiều. Người dùng sẽ cảm nhận rõ ràng từng chi tiết: tiếng bước chân khẽ khàng của kẻ địch trong game bắn súng, hay sự phân lớp của nhạc cụ trong những bản nhạc yêu thích.\n\nteelSeries trang bị công nghệ Nova Acoustic System cùng driver độ trung thực cao\nArctis Nova 4X hỗ trợ giả lập âm vòm 360 độ, giúp người chơi game bắn súng hoặc MOBA định vị chính xác hướng di chuyển, âm thanh kỹ năng của đối thủ. Trong khi đó, khi xem phim, nghe nhạc, âm trường mở rộng mang lại hiệu ứng “rạp hát tại gia”, giúp bạn đắm chìm vào không gian giải trí cá nhân mà không bị phân tâm bởi tạp âm bên ngoài.\n\nArctis Nova 4X hỗ trợ giả lập âm vòm 360 độ\nThiết kế over-ear cùng đệm tai dày dặn tạo lớp cách âm thụ động tự nhiên, ngăn chặn tạp âm xung quanh lọt vào. Bạn có thể thoải mái tập trung vào game hay buổi livestream, không sợ bị gián đoạn bởi âm thanh ồn ào bên ngoài. Đối với những môi trường nhiều tiếng ồn như quán cà phê, văn phòng đông người, chức năng này tỏ ra vô cùng hữu ích.\n\nMicro Clearcast Gen 2 – khử ồn đỉnh cao bằng AI\nMicro ClearCast Gen 2 trên Arctis Nova 4X không chỉ có chất lượng thu âm rõ ràng, mà còn tích hợp AI (trí tuệ nhân tạo) thông qua phần mềm Sonar Software, hỗ trợ lọc tạp âm hai chiều. Nhờ đó, giọng nói của bạn được truyền tải một cách chân thực, trong trẻo; đồng đội và đối tác nghe rõ từng câu chữ mà không bị lẫn các âm thanh xung quanh như tiếng gió quạt, tiếng người nói chuyện…\n\nMicro Clearcast Gen 2 – khử ồn đỉnh cao bằng AI\nCho dù bạn đang gọi video trên Zoom, họp trực tuyến qua Microsoft Teams hay Discord, micro ClearCast Gen 2 vẫn đảm bảo chất lượng thu âm ổn định. Độ trễ thấp, âm thanh rành mạch, không méo tiếng – tất cả tạo nên một trải nghiệm liên lạc liền mạch. Bạn cũng có thể tinh chỉnh EQ micro, tăng giảm độ nhạy qua phần mềm đi kèm để tối ưu âm thanh cho mọi tình huống.\n\nKết nối không dây, tương thích đa dạng thiết bị\nArctis Nova 4X Wireless hỗ trợ kết nối 2.4GHz qua dongle USB-C siêu nhỏ gọn, giúp độ trễ giảm xuống mức cực thấp – yếu tố quan trọng với game thủ thi đấu. Ngoài ra, tai nghe còn có Bluetooth, cho phép kết nối linh hoạt với điện thoại, laptop, máy tính bảng… Nhờ đó, bạn dễ dàng chuyển đổi giữa chơi game trên PC, nhận cuộc gọi trên điện thoại mà không cần tháo-rút bất tiện.\n\nKết nối không dây, tương thích đa dạng thiết bị\nMột trong những điểm cộng lớn của Arctis Nova 4X là khả năng tương thích với nhiều hệ máy: PC, Mac, Xbox, PlayStation, Nintendo Switch, Steam Deck, Meta Quest 2, và cả thiết bị di động dùng cổng USB-C. Nếu bạn sở hữu nhiều thiết bị hoặc thường xuyên thay đổi nền tảng chơi game, tính “all-in-one” này giúp tiết kiệm chi phí và thời gian kết nối.\n\nMột trong những điểm cộng lớn của Arctis Nova 4X là khả năng tương thích với nhiều hệ máy\nTai nghe cho phép bạn cùng lúc kết nối với 2 nguồn khác nhau (ví dụ, PC qua dongle 2.4GHz và điện thoại qua Bluetooth). Khi cần nghe cuộc gọi đến, bạn có thể tạm dừng âm thanh trên PC và trả lời qua Bluetooth. Sự liền mạch trong trải nghiệm này đặc biệt hữu ích với những người phải thường xuyên hội họp online, trò chuyện công việc trong lúc chơi game giải trí.\n\nThời lượng pin 36 giờ, hỗ trợ sạc nhanh\nĐiểm nhấn không thể bỏ qua ở Arctis Nova 4X chính là thời lượng pin lên đến 36 giờ sau mỗi lần sạc. Con số ấn tượng này đủ để bạn dùng tai nghe xuyên suốt cho cả ngày làm việc, buổi tối chơi game và sáng hôm sau vẫn còn pin. Khi so sánh với các dòng tai nghe wireless khác chỉ 20-25 giờ, Nova 4X tỏ ra vượt trội hơn hẳn.\n\nThời lượng pin 36 giờ, hỗ trợ sạc nhanh\nNếu bạn đang gấp rút ra ngoài mà tai nghe còn ít pin, tính năng sạc nhanh qua cổng USB-C sẽ giải quyết ngay vấn đề. Chỉ cần 15 phút sạc, bạn đã có thêm 6 giờ hoạt động. Đây là cứu cánh hoàn hảo trong những tình huống cần dùng tai nghe gấp, hoặc lúc chuẩn bị lên xe, ra sân bay mà không có thời gian ngồi chờ sạc đầy.\n\nTùy chỉnh qua phần mềm hỗ trợ\nSteelSeries cung cấp phần mềm đi kèm (Engine hoặc Sonar Software) với giao diện trực quan, cho phép bạn tùy chỉnh sâu EQ âm thanh, cài đặt macro, đổi cấu hình âm thanh theo thể loại game… Thậm chí, micro ClearCast Gen 2 còn có thể điều chỉnh mức lọc ồn, đảm bảo bạn luôn tự tin giao tiếp trong mọi tình huống.\n\nLý do nên chọn tai nghe SteelSeries Arctis Nova 4X Wireless\nThiết kế hiện đại, nhẹ nhàng: Khung kim loại chắc chắn, vỏ nhựa cao cấp, đệm tai AirWeave êm ái và trọng lượng chỉ 268g.\nChất âm sống động: Driver cao cấp cùng công nghệ Nova Acoustic System mang lại âm thanh rõ ràng, giả lập âm vòm 360 độ chân thực.\nMicro ClearCast Gen 2 khử ồn AI: Loại bỏ tạp âm hai chiều, đảm bảo giọng nói trong trẻo khi giao tiếp trong game, họp trực tuyến hay streaming.\nKết nối không dây linh hoạt: Kết hợp 2.4GHz (qua USB-C dongle) và Bluetooth, tương thích đa nền tảng (Xbox, PC, Mac, PlayStation, Switch, điện thoại…).\nPin 36 giờ, sạc nhanh USB-C: Cho phép sử dụng thoải mái cả ngày, sạc 15 phút được 6 giờ, tiết kiệm thời gian chờ đợi.\nChatMix tiện dụng: Cân bằng âm lượng giữa game và kênh trò chuyện một cách nhanh chóng, phù hợp với game thủ thường xuyên tương tác đồng đội.\nĐa năng: Không chỉ dành cho game thủ, bạn có thể tận dụng Arctis Nova 4X để nghe nhạc, xem phim, học online, livestream…\nSteelSeries Arctis Nova 4X Wireless là lựa chọn xứng tầm cho game thủ hay người dùng yêu công nghệ, muốn sở hữu một chiếc tai nghe không dây đa năng. Từ thiết kế tinh tế, thoáng khí, đến chất lượng âm thanh sống động, micro khử ồn AI hiện đại và thời lượng pin lên đến 36 giờ, tất cả yếu tố này giúp Nova 4X trở thành “vũ khí bí mật” hỗ trợ bạn trong mọi cuộc chơi hay công việc trực tuyến.',
        1, 'https://product.hstatic.net/200000722513/product/npeb53ds_5438e98bd87043fe828d3d41384e9110.png'
    );
INSERT INTO product_category (product_id, category_id) VALUES (82, 24);
INSERT INTO product_variant (
        product_id, name, seo_name, supplier_id, price, price_sale, quantity, sku, model, barcode, 
        specifications, description, warranty, image_url, release_at, created_by)
        VALUES ( 82, 'Tai nghe Steelseries Arctis Nova 4X Wireless', 'tai-nghe-steelseries-arctis-nova-4x-wireless',
            1, 3590000, 3290000, 10, 'TAI-STEEL-ARCTIS-NOVA-4-WL',
            'TAI-STEEL-ARCTIS-NOVA-4-WL', 'TAI-STEEL-ARCTIS-NOVA-4-WL',
            '{
  "Kết nối": "Không dây 2.4 GHz / Bluetooth",
  "Micro": "ClearCast Gen 2 khử tiếng ồn 2 chiều",
  "Pin": "36 giờ (kết nối không dây Quantum 2.0 Gaming Wireless 2.4 GHz), thời gian có thể thay đổi tùy theo nhu cầu",
  "Sạc nhanh USB-C": "15 phút cho 6 giờ chơi",
  "Trở kháng": "Tai nghe: 36 Ω",
  "Độ nhạy": "Tai nghe: 93 dB SPL, Micro: -38 dB",
  "Tần số": "Tai nghe: 20–22.000 Hz, Micro: 100–6.500 Hz",
  "Neodymium Drivers": "40 mm",
  "Tương thích": "Xbox, PlayStation 5, PlayStation 4, PC Gaming, Nintendo Switch, thiết bị di động / Android"
}',
            'SteelSeries Arctis Nova 4X Wireless là mẫu tai nghe tầm trung gây ấn tượng mạnh mẽ trong cộng đồng game thủ khi mang lại trải nghiệm âm thanh vượt trội, kèm theo loạt tính năng khử ồn, kết nối không dây ổn định và pin “trâu”.\n\nTiếp nối thành công từ series Arctis trứ danh, Steelseries tiếp tục ra mắt dòng tai nghe Arctis Nova 4X Wireless với hàng loạt những công nghệ đáng giá. Điểm nổi bật của sản phẩm nằm ở khả năng cách âm, thời lượng pin ấn tượng, micro ClearCast Gen 2 khử ồn bằng AI, cũng như kiểu dáng over-ear ôm trọn tai, tạo sự thoải mái khi đeo trong thời gian dài. Nếu bạn đang tìm kiếm tai nghe đáp ứng đầy đủ nhu cầu từ chơi game, làm việc trực tuyến cho đến giải trí, đây chính là lựa chọn đáng cân nhắc.\n\nThiết kế ấn tượng, bền bỉ và tối ưu cho game thủ\nTổng thể Arctis Nova 4X Wireless mang phong cách tối giản, hiện đại. Màu đen chủ đạo tạo nên vẻ ngoài lịch lãm, phù hợp với cả những người dùng không thích sự màu mè. Thiết kế over-ear (chụp tai) với kích thước vừa vặn giúp ôm khít vào tai, tạo ra không gian kín để hạn chế tiếng ồn bên ngoài.\n\nTổng thể Arctis Nova 4X Wireless mang phong cách tối giản\nPhần khung chính của tai nghe sử dụng kim loại bền bỉ, có khả năng chịu lực, giúp sản phẩm giữ form tốt qua thời gian. Lớp vỏ ngoài bằng nhựa cao cấp vừa hạn chế trầy xước, vừa giảm trọng lượng để người dùng không gặp tình trạng đau vai, mỏi cổ. Tổng trọng lượng chỉ khoảng 262g, đủ nhẹ để sử dụng lâu mà vẫn thoải mái.\n\nTổng trọng lượng chỉ khoảng 262g, đủ nhẹ để sử dụng lâu\nĐiểm cộng “ăn tiền” khác của SteelSeries Arctis Nova 4X nằm ở phần đệm tai AirWeave thoáng khí. Nhờ chất liệu vải mềm, thoát nhiệt tốt, tai của bạn sẽ không bị bí bách, nóng nực khi đeo liên tục nhiều giờ. Đặc biệt, dây đeo co giãn (ComfortMAX) cho phép điều chỉnh độ rộng, chiều cao phù hợp với từng kích cỡ đầu, tăng cường độ ôm sát nhưng vẫn giữ được cảm giác dễ chịu.\n\nphần đệm tai AirWeave thoáng khí\nMicro của Arctis Nova 4X có thể thu gọn vào trong earcup, giúp tai nghe trở nên gọn gàng hơn khi bạn không cần dùng đến chức năng đàm thoại. Ngoài ra, thiết kế tinh gọn này còn giảm thiểu rủi ro va chạm hoặc gãy micro khi bỏ tai nghe vào túi xách, balo – một ưu điểm quan trọng nếu bạn thường xuyên di chuyển.\n\nMicro của Arctis Nova 4X có thể thu gọn vào trong earcup\nNhờ thiết kế gọn gàng và trọng lượng nhẹ, tai nghe rất tiện lợi để bạn mang theo khi ra ngoài, đi café làm việc hoặc du lịch. Bạn có thể cất gọn trong balo mà không lo ngại micro bị gãy hay dây rối. Bên cạnh đó, vẻ ngoài tối giản, hiện đại cũng giúp Arctis Nova 4X phù hợp với nhiều môi trường khác nhau, không quá hầm hố gây chú ý.\n\nNút điều khiển tiện lợi, ChatMix tối ưu trò chuyện\nTrên earcup của Arctis Nova 4X, SteelSeries bố trí các nút điều khiển trực quan như nút gạt tắt/mở micro, bánh lăn thay đổi âm lượng… Những nút này được thiết kế có độ nảy tốt, dễ cảm nhận và định vị. Đèn LED trên micro cũng báo hiệu rõ ràng trạng thái bật/tắt, tránh những tình huống nhạy cảm khi bạn quên tắt mic.\n\nNút điều khiển tiện lợi, ChatMix tối ưu trò chuyện\nChatMix là một tính năng đặc trưng của SteelSeries, cho phép người dùng cân bằng âm lượng giữa game và kênh chat (ví dụ Discord) chỉ bằng một thao tác xoay nút. Bạn có thể tăng âm tiếng đồng đội khi chiến game chung, hoặc giảm tiếng game để nghe đối phương rõ ràng hơn khi họp online… Tính năng này giúp tối ưu thời gian và cải thiện trải nghiệm giao tiếp đáng kể.\n\nChất lượng âm thanh sống động, chân thực\nVới Arctis Nova 4X Wireless, SteelSeries trang bị công nghệ Nova Acoustic System cùng driver độ trung thực cao, đem lại khả năng tái tạo âm thanh sống động, đa chiều. Người dùng sẽ cảm nhận rõ ràng từng chi tiết: tiếng bước chân khẽ khàng của kẻ địch trong game bắn súng, hay sự phân lớp của nhạc cụ trong những bản nhạc yêu thích.\n\nteelSeries trang bị công nghệ Nova Acoustic System cùng driver độ trung thực cao\nArctis Nova 4X hỗ trợ giả lập âm vòm 360 độ, giúp người chơi game bắn súng hoặc MOBA định vị chính xác hướng di chuyển, âm thanh kỹ năng của đối thủ. Trong khi đó, khi xem phim, nghe nhạc, âm trường mở rộng mang lại hiệu ứng “rạp hát tại gia”, giúp bạn đắm chìm vào không gian giải trí cá nhân mà không bị phân tâm bởi tạp âm bên ngoài.\n\nArctis Nova 4X hỗ trợ giả lập âm vòm 360 độ\nThiết kế over-ear cùng đệm tai dày dặn tạo lớp cách âm thụ động tự nhiên, ngăn chặn tạp âm xung quanh lọt vào. Bạn có thể thoải mái tập trung vào game hay buổi livestream, không sợ bị gián đoạn bởi âm thanh ồn ào bên ngoài. Đối với những môi trường nhiều tiếng ồn như quán cà phê, văn phòng đông người, chức năng này tỏ ra vô cùng hữu ích.\n\nMicro Clearcast Gen 2 – khử ồn đỉnh cao bằng AI\nMicro ClearCast Gen 2 trên Arctis Nova 4X không chỉ có chất lượng thu âm rõ ràng, mà còn tích hợp AI (trí tuệ nhân tạo) thông qua phần mềm Sonar Software, hỗ trợ lọc tạp âm hai chiều. Nhờ đó, giọng nói của bạn được truyền tải một cách chân thực, trong trẻo; đồng đội và đối tác nghe rõ từng câu chữ mà không bị lẫn các âm thanh xung quanh như tiếng gió quạt, tiếng người nói chuyện…\n\nMicro Clearcast Gen 2 – khử ồn đỉnh cao bằng AI\nCho dù bạn đang gọi video trên Zoom, họp trực tuyến qua Microsoft Teams hay Discord, micro ClearCast Gen 2 vẫn đảm bảo chất lượng thu âm ổn định. Độ trễ thấp, âm thanh rành mạch, không méo tiếng – tất cả tạo nên một trải nghiệm liên lạc liền mạch. Bạn cũng có thể tinh chỉnh EQ micro, tăng giảm độ nhạy qua phần mềm đi kèm để tối ưu âm thanh cho mọi tình huống.\n\nKết nối không dây, tương thích đa dạng thiết bị\nArctis Nova 4X Wireless hỗ trợ kết nối 2.4GHz qua dongle USB-C siêu nhỏ gọn, giúp độ trễ giảm xuống mức cực thấp – yếu tố quan trọng với game thủ thi đấu. Ngoài ra, tai nghe còn có Bluetooth, cho phép kết nối linh hoạt với điện thoại, laptop, máy tính bảng… Nhờ đó, bạn dễ dàng chuyển đổi giữa chơi game trên PC, nhận cuộc gọi trên điện thoại mà không cần tháo-rút bất tiện.\n\nKết nối không dây, tương thích đa dạng thiết bị\nMột trong những điểm cộng lớn của Arctis Nova 4X là khả năng tương thích với nhiều hệ máy: PC, Mac, Xbox, PlayStation, Nintendo Switch, Steam Deck, Meta Quest 2, và cả thiết bị di động dùng cổng USB-C. Nếu bạn sở hữu nhiều thiết bị hoặc thường xuyên thay đổi nền tảng chơi game, tính “all-in-one” này giúp tiết kiệm chi phí và thời gian kết nối.\n\nMột trong những điểm cộng lớn của Arctis Nova 4X là khả năng tương thích với nhiều hệ máy\nTai nghe cho phép bạn cùng lúc kết nối với 2 nguồn khác nhau (ví dụ, PC qua dongle 2.4GHz và điện thoại qua Bluetooth). Khi cần nghe cuộc gọi đến, bạn có thể tạm dừng âm thanh trên PC và trả lời qua Bluetooth. Sự liền mạch trong trải nghiệm này đặc biệt hữu ích với những người phải thường xuyên hội họp online, trò chuyện công việc trong lúc chơi game giải trí.\n\nThời lượng pin 36 giờ, hỗ trợ sạc nhanh\nĐiểm nhấn không thể bỏ qua ở Arctis Nova 4X chính là thời lượng pin lên đến 36 giờ sau mỗi lần sạc. Con số ấn tượng này đủ để bạn dùng tai nghe xuyên suốt cho cả ngày làm việc, buổi tối chơi game và sáng hôm sau vẫn còn pin. Khi so sánh với các dòng tai nghe wireless khác chỉ 20-25 giờ, Nova 4X tỏ ra vượt trội hơn hẳn.\n\nThời lượng pin 36 giờ, hỗ trợ sạc nhanh\nNếu bạn đang gấp rút ra ngoài mà tai nghe còn ít pin, tính năng sạc nhanh qua cổng USB-C sẽ giải quyết ngay vấn đề. Chỉ cần 15 phút sạc, bạn đã có thêm 6 giờ hoạt động. Đây là cứu cánh hoàn hảo trong những tình huống cần dùng tai nghe gấp, hoặc lúc chuẩn bị lên xe, ra sân bay mà không có thời gian ngồi chờ sạc đầy.\n\nTùy chỉnh qua phần mềm hỗ trợ\nSteelSeries cung cấp phần mềm đi kèm (Engine hoặc Sonar Software) với giao diện trực quan, cho phép bạn tùy chỉnh sâu EQ âm thanh, cài đặt macro, đổi cấu hình âm thanh theo thể loại game… Thậm chí, micro ClearCast Gen 2 còn có thể điều chỉnh mức lọc ồn, đảm bảo bạn luôn tự tin giao tiếp trong mọi tình huống.\n\nLý do nên chọn tai nghe SteelSeries Arctis Nova 4X Wireless\nThiết kế hiện đại, nhẹ nhàng: Khung kim loại chắc chắn, vỏ nhựa cao cấp, đệm tai AirWeave êm ái và trọng lượng chỉ 268g.\nChất âm sống động: Driver cao cấp cùng công nghệ Nova Acoustic System mang lại âm thanh rõ ràng, giả lập âm vòm 360 độ chân thực.\nMicro ClearCast Gen 2 khử ồn AI: Loại bỏ tạp âm hai chiều, đảm bảo giọng nói trong trẻo khi giao tiếp trong game, họp trực tuyến hay streaming.\nKết nối không dây linh hoạt: Kết hợp 2.4GHz (qua USB-C dongle) và Bluetooth, tương thích đa nền tảng (Xbox, PC, Mac, PlayStation, Switch, điện thoại…).\nPin 36 giờ, sạc nhanh USB-C: Cho phép sử dụng thoải mái cả ngày, sạc 15 phút được 6 giờ, tiết kiệm thời gian chờ đợi.\nChatMix tiện dụng: Cân bằng âm lượng giữa game và kênh trò chuyện một cách nhanh chóng, phù hợp với game thủ thường xuyên tương tác đồng đội.\nĐa năng: Không chỉ dành cho game thủ, bạn có thể tận dụng Arctis Nova 4X để nghe nhạc, xem phim, học online, livestream…\nSteelSeries Arctis Nova 4X Wireless là lựa chọn xứng tầm cho game thủ hay người dùng yêu công nghệ, muốn sở hữu một chiếc tai nghe không dây đa năng. Từ thiết kế tinh tế, thoáng khí, đến chất lượng âm thanh sống động, micro khử ồn AI hiện đại và thời lượng pin lên đến 36 giờ, tất cả yếu tố này giúp Nova 4X trở thành “vũ khí bí mật” hỗ trợ bạn trong mọi cuộc chơi hay công việc trực tuyến.',
            12, 'https://product.hstatic.net/200000722513/product/npeb53ds_5438e98bd87043fe828d3d41384e9110.png', '2024-03-19T10:49:10+00:00',1);
        
INSERT INTO product_image (name, product_variant_id, image_url, is_main)
VALUES
    ('Ảnh 1', 82, 'https://product.hstatic.net/200000722513/product/npeb53ds_5438e98bd87043fe828d3d41384e9110.png', TRUE),
    ('Ảnh 2', 82, 'https://product.hstatic.net/200000722513/product/npeb53ds_3d55e9310f494f0481a5d7a12c9e7ccc.png', FALSE),
    ('Ảnh 3', 82, 'https://product.hstatic.net/200000722513/product/xop73g88_887dc34e5a5946998d34a3f53c51628a.png', FALSE),
    ('Ảnh 4', 82, 'https://product.hstatic.net/200000722513/product/bvaxkwqa_4117145b79ea4c9bb8f4c5236217de34.png', FALSE),
    ('Ảnh 5', 82, 'https://product.hstatic.net/200000722513/product/kd98qrox_0e7615fa68654cedab81065487de1cea.png', FALSE),
    ('Ảnh 6', 82, 'https://product.hstatic.net/200000722513/product/yaa0sqil_facf41497be14f56ae111dd999186354.png', FALSE);
---
INSERT INTO product (name, seo_name, brand_id, specifications, description, created_by, image_url) 
    VALUES (
        'Tai nghe E-Dra EH412 Pro RGB USB 7.1 Hồng', 'tai-nghe-e-dra-eh412-pro-rgb-usb-7-1-hong', 23,
        '{"Kích thước micro": "4.0 x 1.5mm", "Độ nhạy micro": "-48±3dB", "Hướng thu": "Đa hướng (Omnidirectional)", "Đường kính loa": "50mm", "Trở kháng": "2.2kΩ", "Dải tần số": "20~2000Hz", "Công suất đầu vào tối đa": "100mW", "Độ nhạy loa (S.P.L)": "98±3dB", "Chiều dài dây": "2.3m", "Cổng kết nối": "USB"}',
        'Tai nghe E-Dra EH412 Pro RGB USB 7.1 Hồng là một lựa chọn tuyệt vời cho các game thủ và người yêu âm nhạc, mang đến trải nghiệm âm thanh vòm sống động và thiết kế thời trang. Với công nghệ âm thanh vòm ảo 7.1, EH412 Pro tái tạo không gian âm thanh 3D chân thực, giúp bạn dễ dàng định vị kẻ địch trong game hoặc đắm chìm hoàn toàn vào thế giới âm nhạc. Driver âm thanh kích thước lớn 50mm cung cấp âm bass mạnh mẽ, âm trung rõ ràng và âm cao chi tiết, đảm bảo mọi sắc thái âm thanh đều được truyền tải trọn vẹn. Thiết kế của EH412 Pro vô cùng nổi bật với tông màu hồng pastel ngọt ngào, kết hợp cùng hệ thống đèn LED RGB đa sắc trên củ tai và micro. Bạn có thể tùy chỉnh hiệu ứng ánh sáng theo sở thích, tạo nên một cỗ máy chơi game cá tính và độc đáo. E-Dra EH412 Pro được trang bị microphone đa hướng có khả năng lọc tiếng ồn, đảm bảo giọng nói của bạn luôn rõ ràng và mạch lạc trong mọi cuộc giao tiếp. Phần đệm tai được làm từ chất liệu da mềm mại, thoáng khí, kết hợp với khung choàng đầu có thể điều chỉnh linh hoạt, mang lại cảm giác thoải mái tối đa ngay cả khi sử dụng trong thời gian dài. Kết nối USB tiện lợi cho phép Plug and Play, tương thích với hầu hết các hệ điều hành phổ biến. Sản phẩm không chỉ là một thiết bị âm thanh, mà còn là một phụ kiện thời trang, thể hiện phong cách riêng của bạn.',
        1, 'https://product.hstatic.net/200000722513/product/212_412_1_ffc2b400297f416b981964242eafac38.jpg'
    );
INSERT INTO product_category (product_id, category_id) VALUES (83, 24);
INSERT INTO product_variant (
        product_id, name, seo_name, supplier_id, price, price_sale, quantity, sku, model, barcode, 
        specifications, description, warranty, image_url, release_at, created_by)
        VALUES ( 83, 'Tai nghe E-Dra EH412 Pro RGB USB 7.1 Hồng', 'tai-nghe-e-dra-eh412-pro-rgb-usb-7-1-hong',
            1, 690000, 390000, 10, 'TAI-EDRA-EH412-PRO-HONG',
            'TAI-EDRA-EH412-PRO-HONG', 'TAI-EDRA-EH412-PRO-HONG',
            '{"Kích thước micro": "4.0 x 1.5mm", "Độ nhạy micro": "-48±3dB", "Hướng thu": "Đa hướng (Omnidirectional)", "Đường kính loa": "50mm", "Trở kháng": "2.2kΩ", "Dải tần số": "20~2000Hz", "Công suất đầu vào tối đa": "100mW", "Độ nhạy loa (S.P.L)": "98±3dB", "Chiều dài dây": "2.3m", "Cổng kết nối": "USB"}',
            'Tai nghe E-Dra EH412 Pro RGB USB 7.1 Hồng là một lựa chọn tuyệt vời cho các game thủ và người yêu âm nhạc, mang đến trải nghiệm âm thanh vòm sống động và thiết kế thời trang. Với công nghệ âm thanh vòm ảo 7.1, EH412 Pro tái tạo không gian âm thanh 3D chân thực, giúp bạn dễ dàng định vị kẻ địch trong game hoặc đắm chìm hoàn toàn vào thế giới âm nhạc. Driver âm thanh kích thước lớn 50mm cung cấp âm bass mạnh mẽ, âm trung rõ ràng và âm cao chi tiết, đảm bảo mọi sắc thái âm thanh đều được truyền tải trọn vẹn. Thiết kế của EH412 Pro vô cùng nổi bật với tông màu hồng pastel ngọt ngào, kết hợp cùng hệ thống đèn LED RGB đa sắc trên củ tai và micro. Bạn có thể tùy chỉnh hiệu ứng ánh sáng theo sở thích, tạo nên một cỗ máy chơi game cá tính và độc đáo. E-Dra EH412 Pro được trang bị microphone đa hướng có khả năng lọc tiếng ồn, đảm bảo giọng nói của bạn luôn rõ ràng và mạch lạc trong mọi cuộc giao tiếp. Phần đệm tai được làm từ chất liệu da mềm mại, thoáng khí, kết hợp với khung choàng đầu có thể điều chỉnh linh hoạt, mang lại cảm giác thoải mái tối đa ngay cả khi sử dụng trong thời gian dài. Kết nối USB tiện lợi cho phép Plug and Play, tương thích với hầu hết các hệ điều hành phổ biến. Sản phẩm không chỉ là một thiết bị âm thanh, mà còn là một phụ kiện thời trang, thể hiện phong cách riêng của bạn.',
            24, 'https://product.hstatic.net/200000722513/product/212_412_1_ffc2b400297f416b981964242eafac38.jpg', '2024-03-31T09:55:55+00:00',1);
        
INSERT INTO product_image (name, product_variant_id, image_url, is_main)
VALUES
    ('Ảnh 1', 83, 'https://product.hstatic.net/200000722513/product/212_412_1_ffc2b400297f416b981964242eafac38.jpg', TRUE),
    ('Ảnh 2', 83, 'https://product.hstatic.net/200000722513/product/212_412_2_32929d3b53fd40acb067166609ae836c.jpg', FALSE),
    ('Ảnh 3', 83, 'https://product.hstatic.net/200000722513/product/212_412_3_41b49f35b02a4d96a1e46f4e7d0bea3e.jpg', FALSE),
    ('Ảnh 4', 83, 'https://product.hstatic.net/200000722513/product/212_412_4_377f711747c24f3d94e8d2316b2f0fa3.jpg', FALSE),
    ('Ảnh 5', 83, 'https://product.hstatic.net/200000722513/product/212_412_5_b50dff7aebf440f79748f549b1896647.jpg', FALSE);
---
INSERT INTO product (name, seo_name, brand_id, specifications, description, created_by, image_url) 
    VALUES (
        'Tai nghe DareU EH722X 7.1 Black', 'tai-nghe-dareu-eh722x-7-1-black', 25,
        '{"Thương hiệu:": "DareU", "Bảo hành:": "12 tháng", "Series/Model:": "EH722X 7.1 Black", "Màu sắc:": "Đen", "Kiểu tai nghe:": "Over-ear", "Kiểu kết nối:": "Có dây", "LED:": "Có LED RGB tự thay đổi màu sắc", "Chuẩn kết nối:": "USB type A", "Microphone:": "Có thể điều chỉnh hướng", "Trở kháng:": "24 ± 15% (Ohm)", "Tần số:": "20Hz - 20KHz", "Khả năng cách âm:": "Có", "Chất liệu khung:": "Hợp kim", "Chất liệu đệm tai nghe:": "Da mềm", "Phụ kiện đi kèm:": "Hướng dẫn sử dụng", "Tương thích:": "Windows / MacOS", "Chức năng đặc biệt:": "Giả lập âm thanh 7.1"}',
        'Tai nghe DareU EH722X 7.1 Black là một lựa chọn tuyệt vời cho các game thủ và người yêu âm thanh, mang đến trải nghiệm nghe nhìn sống động và chân thực. Với công nghệ âm thanh vòm 7.1 ảo, EH722X tái tạo không gian âm thanh đa chiều, giúp bạn dễ dàng xác định vị trí kẻ địch trong game, nghe rõ từng tiếng bước chân hay tiếng súng.\n\nThiết kế của tai nghe DareU EH722X rất ấn tượng với tông màu đen chủ đạo, toát lên vẻ mạnh mẽ và chuyên nghiệp. Phần đệm tai được làm từ chất liệu da mềm mại, êm ái, ôm trọn tai, tạo cảm giác thoải mái ngay cả khi sử dụng trong thời gian dài. Vòm tai nghe có thể điều chỉnh linh hoạt, phù hợp với nhiều kích cỡ đầu khác nhau. Đèn LED RGB trên cúp tai không chỉ tăng thêm vẻ ngoài hiện đại mà còn có thể tùy chỉnh theo sở thích của người dùng, tạo nên không gian giải trí độc đáo.\n\nChất lượng âm thanh của EH722X được đánh giá cao với màng loa kích thước lớn, cho âm bass mạnh mẽ, âm trung rõ ràng và âm cao chi tiết. Micro thu âm chất lượng cao, có khả năng chống ồn, giúp giọng nói của bạn luôn rõ ràng và mạch lạc khi giao tiếp với đồng đội hoặc trong các cuộc gọi.\n\nNgoài ra, tai nghe DareU EH722X 7.1 Black còn sở hữu các tính năng tiện ích như nút điều chỉnh âm lượng và tắt/mở micro nhanh chóng ngay trên dây cáp. Dây cáp bọc dù chắc chắn, chống rối hiệu quả, đảm bảo độ bền và tuổi thọ cho sản phẩm. Kết nối USB tiện lợi, tương thích với nhiều thiết bị như máy tính, laptop. Với DareU EH722X, bạn sẽ có những giờ phút giải trí đỉnh cao và trải nghiệm âm thanh tuyệt vời.',
        1, 'https://product.hstatic.net/200000722513/product/n-tai-nghe-dareu-eh722x-7-1-black-666_b52e47ea70be411bb8d8eb894e254934_a77f91fa66874b2c914e7b7aa33adcde.jpg'
    );
INSERT INTO product_category (product_id, category_id) VALUES (84, 24);
INSERT INTO product_variant (
        product_id, name, seo_name, supplier_id, price, price_sale, quantity, sku, model, barcode, 
        specifications, description, warranty, image_url, release_at, created_by)
        VALUES ( 84, 'Tai nghe DareU EH722X 7.1 Black', 'tai-nghe-dareu-eh722x-7-1-black',
            1, 710000, 590000, 10, 'TAI-DAR-EH722X-BLACK',
            'TAI-DAR-EH722X-BLACK', 'TAI-DAR-EH722X-BLACK',
            '{"Thương hiệu:": "DareU", "Bảo hành:": "12 tháng", "Series/Model:": "EH722X 7.1 Black", "Màu sắc:": "Đen", "Kiểu tai nghe:": "Over-ear", "Kiểu kết nối:": "Có dây", "LED:": "Có LED RGB tự thay đổi màu sắc", "Chuẩn kết nối:": "USB type A", "Microphone:": "Có thể điều chỉnh hướng", "Trở kháng:": "24 ± 15% (Ohm)", "Tần số:": "20Hz - 20KHz", "Khả năng cách âm:": "Có", "Chất liệu khung:": "Hợp kim", "Chất liệu đệm tai nghe:": "Da mềm", "Phụ kiện đi kèm:": "Hướng dẫn sử dụng", "Tương thích:": "Windows / MacOS", "Chức năng đặc biệt:": "Giả lập âm thanh 7.1"}',
            'Tai nghe DareU EH722X 7.1 Black là một lựa chọn tuyệt vời cho các game thủ và người yêu âm thanh, mang đến trải nghiệm nghe nhìn sống động và chân thực. Với công nghệ âm thanh vòm 7.1 ảo, EH722X tái tạo không gian âm thanh đa chiều, giúp bạn dễ dàng xác định vị trí kẻ địch trong game, nghe rõ từng tiếng bước chân hay tiếng súng.\n\nThiết kế của tai nghe DareU EH722X rất ấn tượng với tông màu đen chủ đạo, toát lên vẻ mạnh mẽ và chuyên nghiệp. Phần đệm tai được làm từ chất liệu da mềm mại, êm ái, ôm trọn tai, tạo cảm giác thoải mái ngay cả khi sử dụng trong thời gian dài. Vòm tai nghe có thể điều chỉnh linh hoạt, phù hợp với nhiều kích cỡ đầu khác nhau. Đèn LED RGB trên cúp tai không chỉ tăng thêm vẻ ngoài hiện đại mà còn có thể tùy chỉnh theo sở thích của người dùng, tạo nên không gian giải trí độc đáo.\n\nChất lượng âm thanh của EH722X được đánh giá cao với màng loa kích thước lớn, cho âm bass mạnh mẽ, âm trung rõ ràng và âm cao chi tiết. Micro thu âm chất lượng cao, có khả năng chống ồn, giúp giọng nói của bạn luôn rõ ràng và mạch lạc khi giao tiếp với đồng đội hoặc trong các cuộc gọi.\n\nNgoài ra, tai nghe DareU EH722X 7.1 Black còn sở hữu các tính năng tiện ích như nút điều chỉnh âm lượng và tắt/mở micro nhanh chóng ngay trên dây cáp. Dây cáp bọc dù chắc chắn, chống rối hiệu quả, đảm bảo độ bền và tuổi thọ cho sản phẩm. Kết nối USB tiện lợi, tương thích với nhiều thiết bị như máy tính, laptop. Với DareU EH722X, bạn sẽ có những giờ phút giải trí đỉnh cao và trải nghiệm âm thanh tuyệt vời.',
            12, 'https://product.hstatic.net/200000722513/product/n-tai-nghe-dareu-eh722x-7-1-black-666_b52e47ea70be411bb8d8eb894e254934_a77f91fa66874b2c914e7b7aa33adcde.jpg', '2023-06-03T07:30:59+00:00',1);
        
INSERT INTO product_image (name, product_variant_id, image_url, is_main)
VALUES
    ('Ảnh 1', 84, 'https://product.hstatic.net/200000722513/product/n-tai-nghe-dareu-eh722x-7-1-black-666_b52e47ea70be411bb8d8eb894e254934_a77f91fa66874b2c914e7b7aa33adcde.jpg', TRUE),
    ('Ảnh 2', 84, 'https://product.hstatic.net/200000722513/product/rvn-tai-nghe-dareu-eh722x-7-1-black-1_8bc5aaf1129c489b82794ada9ca9854b_a94c6e7968a34b47a38caf23be2961d2.jpg', FALSE),
    ('Ảnh 3', 84, 'https://product.hstatic.net/200000722513/product/rvn-tai-nghe-dareu-eh722x-7-1-black-4_25aeb15fd04445bfa9a33ad22a46e6ac_46e879b2b8b44668b77fca7737386106.jpg', FALSE),
    ('Ảnh 4', 84, 'https://product.hstatic.net/200000722513/product/rvn-tai-nghe-dareu-eh722x-7-1-black-2_19cae162f3154599896af5d057c0f297_32886648869146ba9097528a18f91499.jpg', FALSE),
    ('Ảnh 5', 84, 'https://product.hstatic.net/200000722513/product/rvn-tai-nghe-dareu-eh722x-7-1-black-3_17d6ac885b3a402a85a194600b8d7024_05b3dd0929b3428285d201d8e629f9f4.jpg', FALSE);
---
INSERT INTO product (name, seo_name, brand_id, specifications, description, created_by, image_url) 
    VALUES (
        'Tai nghe DareU EH416 RGB', 'tai-nghe-dareu-eh416-rgb', 25,
        '{"Thương hiệu:": "DareU", "Bảo hành:": "12 tháng", "Series/Model:": "EH416 RGB", "Màu sắc:": "Đen", "Kiểu tai nghe:": "Over-ear", "Kiểu kết nối:": "Có dây", "LED:": "Có LED RGB tự thay đổi màu sắc", "Chuẩn kết nối:": "USB type A", "Microphone:": "Có thể điều chỉnh hướng", "Trở kháng:": "24 ± 15% (Ohm)", "Tần số:": "20Hz - 20KHz", "Khả năng cách âm:": "Có", "Chất liệu khung:": "Hợp kim", "Chất liệu đệm tai nghe:": "Da mềm", "Phụ kiện đi kèm:": "Hướng dẫn sử dụng", "Tương thích:": "Windows / MacOS có cổng USB type A", "Chức năng đặc biệt:": "Hiệu ứng giả lập 7.1"}',
        'Tai nghe DareU EH416 RGB là một lựa chọn tuyệt vời cho game thủ và những người yêu thích âm nhạc, mang đến trải nghiệm âm thanh sống động và hiệu ứng ánh sáng ấn tượng. Thiết kế hiện đại với tông màu chủ đạo là đen, kết hợp cùng dải đèn LED RGB chạy dọc hai củ tai, tạo nên điểm nhấn thẩm mỹ độc đáo, phù hợp với mọi dàn PC gaming. Chất lượng âm thanh được tối ưu hóa với driver đường kính 50mm, tái tạo âm bass mạnh mẽ, âm trung chi tiết và âm cao trong trẻo, giúp bạn nghe rõ từng bước chân địch thủ trong game hoặc thưởng thức trọn vẹn từng giai điệu bài hát. Micro định hướng đa hướng có khả năng lọc tiếng ồn hiệu quả, đảm bảo giọng nói của bạn luôn rõ ràng và sắc nét khi giao tiếp với đồng đội hoặc trong các cuộc gọi trực tuyến. Đệm tai làm từ chất liệu da mềm mại, êm ái, ôm trọn vành tai, mang lại cảm giác thoải mái ngay cả khi sử dụng trong thời gian dài. Khung tai nghe có thể điều chỉnh linh hoạt, phù hợp với nhiều kích cỡ đầu khác nhau. Cổng kết nối USB tiện lợi, dễ dàng tương thích với nhiều thiết bị như máy tính, laptop. Dây cáp dài 2m cung cấp không gian di chuyển thoải mái. Tai nghe DareU EH416 RGB không chỉ là một thiết bị âm thanh mà còn là một phụ kiện thời trang, nâng tầm không gian giải trí của bạn.',
        1, 'https://product.hstatic.net/200000722513/product/gearvn-tai-nghe-dareu-eh416-rgb-1_50b1586d8678429aaee7922ec536c3f3_418f44656d36414e8b56e8c62927e5c7.png'
    );
INSERT INTO product_category (product_id, category_id) VALUES (85, 24);
INSERT INTO product_variant (
        product_id, name, seo_name, supplier_id, price, price_sale, quantity, sku, model, barcode, 
        specifications, description, warranty, image_url, release_at, created_by)
        VALUES ( 85, 'Tai nghe DareU EH416 RGB', 'tai-nghe-dareu-eh416-rgb',
            1, 490000, 370000, 10, 'TAI-DAR-EH416-RGB',
            'TAI-DAR-EH416-RGB', 'TAI-DAR-EH416-RGB',
            '{"Thương hiệu:": "DareU", "Bảo hành:": "12 tháng", "Series/Model:": "EH416 RGB", "Màu sắc:": "Đen", "Kiểu tai nghe:": "Over-ear", "Kiểu kết nối:": "Có dây", "LED:": "Có LED RGB tự thay đổi màu sắc", "Chuẩn kết nối:": "USB type A", "Microphone:": "Có thể điều chỉnh hướng", "Trở kháng:": "24 ± 15% (Ohm)", "Tần số:": "20Hz - 20KHz", "Khả năng cách âm:": "Có", "Chất liệu khung:": "Hợp kim", "Chất liệu đệm tai nghe:": "Da mềm", "Phụ kiện đi kèm:": "Hướng dẫn sử dụng", "Tương thích:": "Windows / MacOS có cổng USB type A", "Chức năng đặc biệt:": "Hiệu ứng giả lập 7.1"}',
            'Tai nghe DareU EH416 RGB là một lựa chọn tuyệt vời cho game thủ và những người yêu thích âm nhạc, mang đến trải nghiệm âm thanh sống động và hiệu ứng ánh sáng ấn tượng. Thiết kế hiện đại với tông màu chủ đạo là đen, kết hợp cùng dải đèn LED RGB chạy dọc hai củ tai, tạo nên điểm nhấn thẩm mỹ độc đáo, phù hợp với mọi dàn PC gaming. Chất lượng âm thanh được tối ưu hóa với driver đường kính 50mm, tái tạo âm bass mạnh mẽ, âm trung chi tiết và âm cao trong trẻo, giúp bạn nghe rõ từng bước chân địch thủ trong game hoặc thưởng thức trọn vẹn từng giai điệu bài hát. Micro định hướng đa hướng có khả năng lọc tiếng ồn hiệu quả, đảm bảo giọng nói của bạn luôn rõ ràng và sắc nét khi giao tiếp với đồng đội hoặc trong các cuộc gọi trực tuyến. Đệm tai làm từ chất liệu da mềm mại, êm ái, ôm trọn vành tai, mang lại cảm giác thoải mái ngay cả khi sử dụng trong thời gian dài. Khung tai nghe có thể điều chỉnh linh hoạt, phù hợp với nhiều kích cỡ đầu khác nhau. Cổng kết nối USB tiện lợi, dễ dàng tương thích với nhiều thiết bị như máy tính, laptop. Dây cáp dài 2m cung cấp không gian di chuyển thoải mái. Tai nghe DareU EH416 RGB không chỉ là một thiết bị âm thanh mà còn là một phụ kiện thời trang, nâng tầm không gian giải trí của bạn.',
            12, 'https://product.hstatic.net/200000722513/product/gearvn-tai-nghe-dareu-eh416-rgb-1_50b1586d8678429aaee7922ec536c3f3_418f44656d36414e8b56e8c62927e5c7.png', '2024-07-17T08:30:28+00:00',1);
        
INSERT INTO product_image (name, product_variant_id, image_url, is_main)
VALUES
    ('Ảnh 1', 85, 'https://product.hstatic.net/200000722513/product/gearvn-tai-nghe-dareu-eh416-rgb-1_50b1586d8678429aaee7922ec536c3f3_418f44656d36414e8b56e8c62927e5c7.png', TRUE),
    ('Ảnh 2', 85, 'https://product.hstatic.net/200000722513/product/gearvn-tai-nghe-dareu-eh416-rgb-2_73f2274861974819ad77f03d7edad7f7_07e620bb63d14989b4e62c3ba202b87e.png', FALSE);
---
INSERT INTO product (name, seo_name, brand_id, specifications, description, created_by, image_url) 
    VALUES (
        'Tai nghe Razer Barracuda X 2022 Mecury', 'tai-nghe-razer-barracuda-x-2022-mercury', 15,
        '{"Nhà Sản Xuất": "Razer", "Tình Trạng": "Mới 100% - Fullbox", "Kết nối": "USB Type-C Wireless (2.4GHz), Bluetooth 5.2, 3.5mm Analog", "Bảo Hành": "24 tháng"}',
        'Tai nghe Razer Barracuda X 2022 Mercury là sự kết hợp hoàn hảo giữa hiệu năng mạnh mẽ, thiết kế thoải mái và tính linh hoạt vượt trội, mang đến trải nghiệm âm thanh đỉnh cao cho mọi nhu cầu giải trí và làm việc. Phiên bản Mercury với tông màu trắng tinh tế, hiện đại, phù hợp với mọi phong cách. Nổi bật với trình điều khiển Razer TriForce Titanium 50mm, chiếc tai nghe này tái tạo âm thanh chi tiết, sắc nét với dải âm trầm sâu lắng, âm trung rõ ràng và âm cao trong trẻo, giúp bạn đắm chìm hoàn toàn vào thế giới game, phim ảnh hay âm nhạc. Micro cardioid có thể tháo rời với khả năng lọc tiếng ồn tốt, đảm bảo giọng nói của bạn luôn rõ ràng và không bị ảnh hưởng bởi tạp âm xung quanh. Thiết kế công thái học với đệm tai bằng mút hoạt tính mềm mại và headband có thể điều chỉnh, mang lại sự thoải mái tối đa ngay cả khi sử dụng trong thời gian dài. Kết nối không dây 2.4GHz siêu nhanh thông qua USB-C dongle mang đến độ trễ cực thấp, lý tưởng cho game thủ yêu cầu phản xạ nhanh nhạy. Bên cạnh đó, cổng 3.5mm đi kèm cho phép kết nối đa dạng với các thiết bị khác nhau như PC, console, điện thoại di động. Pin sạc lên đến 20 giờ sử dụng liên tục, cho phép bạn thoải mái trải nghiệm mà không lo gián đoạn. Trọng lượng nhẹ chỉ 250g giúp giảm áp lực lên đầu và cổ, tăng cường sự thoải mái khi di chuyển. Tai nghe Razer Barracuda X 2022 Mercury không chỉ là một thiết bị âm thanh, mà còn là một phụ kiện thời trang, nâng tầm trải nghiệm của bạn.',
        1, 'https://product.hstatic.net/200000722513/product/fa444e5000345c08a0423239a1f74e0_b0be69c248e648859e4e38b77797585a_large_85b9c829cc454533aa48f303327eb87b.gif'
    );
INSERT INTO product_category (product_id, category_id) VALUES (86, 24);
INSERT INTO product_variant (
        product_id, name, seo_name, supplier_id, price, price_sale, quantity, sku, model, barcode, 
        specifications, description, warranty, image_url, release_at, created_by)
        VALUES ( 86, 'Tai nghe Razer Barracuda X 2022 Mecury', 'tai-nghe-razer-barracuda-x-2022-mercury',
            1, 2390000, 2750000, 10, 'TAI-RAZER-BARRACUDA-X-2022-MERCURY',
            'TAI-RAZER-BARRACUDA-X-2022-MERCURY', 'TAI-RAZER-BARRACUDA-X-2022-MERCURY',
            '{"Thương hiệu": "Razer", "Mẫu mã": "Razer Barracuda X 2022 Mercury", "Màu sắc": "Trắng (Mercury White)", "Kiểu tai nghe": "Chụp tai (Over-ear)", "Kết nối": "USB Type-C Wireless (2.4GHz), Bluetooth 5.2, 3.5mm Analog", "Drivers": "Razer TriForce 40mm", "Dải tần đáp ứng": "20 Hz - 20 kHz", "Trở kháng": "32 Ω (1 kHz)", "Độ nhạy": "96dBSPL/mW@1KHz by HATS", "Đường kính củ tai bên trong": "60 mm x 40 mm", "Chất liệu đệm tai": "Ultra-soft FlowKnit memory foam", "Microphone": "Razer HyperClear Cardioid có thể tháo rời", "Trọng lượng": "Khoảng 250g", "Thời lượng pin": "Tối đa 50 giờ", "Sạc": "USB-C", "Tương thích": "PC, PlayStation (PS4, PS5), Nintendo Switch, Android (hỗ trợ USB Type-C hoặc Bluetooth 5.2)"}',
            'Tai nghe Razer Barracuda X 2022 Mercury là sự kết hợp hoàn hảo giữa hiệu năng mạnh mẽ, thiết kế thoải mái và tính linh hoạt vượt trội, mang đến trải nghiệm âm thanh đỉnh cao cho mọi nhu cầu giải trí và làm việc. Phiên bản Mercury với tông màu trắng tinh tế, hiện đại, phù hợp với mọi phong cách. Nổi bật với trình điều khiển Razer TriForce Titanium 50mm, chiếc tai nghe này tái tạo âm thanh chi tiết, sắc nét với dải âm trầm sâu lắng, âm trung rõ ràng và âm cao trong trẻo, giúp bạn đắm chìm hoàn toàn vào thế giới game, phim ảnh hay âm nhạc. Micro cardioid có thể tháo rời với khả năng lọc tiếng ồn tốt, đảm bảo giọng nói của bạn luôn rõ ràng và không bị ảnh hưởng bởi tạp âm xung quanh. Thiết kế công thái học với đệm tai bằng mút hoạt tính mềm mại và headband có thể điều chỉnh, mang lại sự thoải mái tối đa ngay cả khi sử dụng trong thời gian dài. Kết nối không dây 2.4GHz siêu nhanh thông qua USB-C dongle mang đến độ trễ cực thấp, lý tưởng cho game thủ yêu cầu phản xạ nhanh nhạy. Bên cạnh đó, cổng 3.5mm đi kèm cho phép kết nối đa dạng với các thiết bị khác nhau như PC, console, điện thoại di động. Pin sạc lên đến 20 giờ sử dụng liên tục, cho phép bạn thoải mái trải nghiệm mà không lo gián đoạn. Trọng lượng nhẹ chỉ 250g giúp giảm áp lực lên đầu và cổ, tăng cường sự thoải mái khi di chuyển. Tai nghe Razer Barracuda X 2022 Mercury không chỉ là một thiết bị âm thanh, mà còn là một phụ kiện thời trang, nâng tầm trải nghiệm của bạn.',
            24, 'https://product.hstatic.net/200000722513/product/fa444e5000345c08a0423239a1f74e0_b0be69c248e648859e4e38b77797585a_large_85b9c829cc454533aa48f303327eb87b.gif', '2024-02-29T03:19:08+00:00',1);
        
INSERT INTO product_image (name, product_variant_id, image_url, is_main)
VALUES
    ('Ảnh 1', 86, 'https://product.hstatic.net/200000722513/product/fa444e5000345c08a0423239a1f74e0_b0be69c248e648859e4e38b77797585a_large_85b9c829cc454533aa48f303327eb87b.gif', TRUE),
    ('Ảnh 2', 86, 'https://product.hstatic.net/200000722513/product/97518e9e64fe3ac91e11d2103e617_9209ab3a03474ed79eb5a3685725ed36_compact_771a4db72b464dd5b69493030e30ec9c.jpg', FALSE),
    ('Ảnh 3', 86, 'https://product.hstatic.net/200000722513/product/3932a83af43a0a945cd4facf5428e_937f0529a9e74b79943cb0930ae5d5e5_compact_cb4a4d63e7224cfeb08e1bb879882bc0.gif', FALSE),
    ('Ảnh 4', 86, 'https://product.hstatic.net/200000722513/product/5fc31ae79498283cad2a73822b74c_5f894d6b751943a0accca896e9231b98_compact_3ec48018be8f4eb69cb8c5851603cbf3.jpg', FALSE);
---
INSERT INTO product (name, seo_name, brand_id, specifications, description, created_by, image_url) 
    VALUES (
        'Tai nghe Steelseries Arctis Nova 3', 'tai-nghe-steelseries-arctis-nova-3', 18,
        '{"Kết nối": "Có dây", "Micro": "ClearCast Gen 2, khử tiếng ồn hai chiều", "Trở kháng": "36 Ohm", "Độ nhạy": "Tai nghe: 93 dBSPL, Micro: -38 dBV/Pa", "Tần số": "Tai nghe: 20–22.000 Hz, Micro: 100-10.000 Hz", "Neodymium Drivers": "40mm", "Tương thích": "PC / Mac / Xbox / PS4, PS5 / Switch / Mobile", "Yêu cầu phần mềm": "Windows 8.1 trở lên, Mac OS 10.13 trở lên, Windows 10 trở lên (Bắt buộc đối với tính năng Khử tiếng ồn bằng AI trên PC)"}',
        'Tai nghe Steelseries Arctis Nova 3 là sự kết hợp hoàn hảo giữa hiệu suất âm thanh đỉnh cao, thiết kế thoải mái và tính năng hiện đại, mang đến trải nghiệm nghe nhạc, chơi game và giải trí đa phương tiện tuyệt vời. Với hệ thống âm thanh Nova Acoustic độc quyền của Steelseries, Arctis Nova 3 tái tạo âm thanh chi tiết, sống động và cân bằng, giúp bạn nghe rõ từng bước chân địch, từng nốt nhạc tinh tế hay từng lời thoại quan trọng. Màng loa Neodymium 40mm được tinh chỉnh chuyên nghiệp cho âm trầm mạnh mẽ, âm trung rõ ràng và âm cao sắc nét, tạo nên một không gian âm thanh chân thực và đắm chìm.\n\nThiết kế của Arctis Nova 3 tập trung vào sự thoải mái tối đa cho người dùng, ngay cả trong những phiên sử dụng kéo dài. Earcup bọc đệm da PU mềm mại, thoáng khí, ôm trọn tai mà không gây áp lực khó chịu. Phần headband có thể điều chỉnh linh hoạt, phân bổ trọng lượng đều, giảm thiểu cảm giác nặng nề. Cùng với đó là trọng lượng nhẹ nhàng, giúp tai nghe trở nên gần như vô hình khi đeo.\n\nNgoài ra, Arctis Nova 3 còn tích hợp micro ClearCast Gen 2 có khả năng khử tiếng ồn AI thông minh, đảm bảo giọng nói của bạn luôn rõ ràng, mạch lạc trong mọi cuộc trò chuyện. Hệ thống đèn LED RGB PrismSync 10 vùng trên earcup cho phép tùy chỉnh hiệu ứng ánh sáng theo ý thích, tạo nên phong cách cá nhân độc đáo và làm nổi bật không gian giải trí của bạn. Khả năng tương thích đa nền tảng với cổng USB-C tiện lợi giúp bạn dễ dàng kết nối với PC, PlayStation, Nintendo Switch, Xbox và các thiết bị di động, mang đến sự linh hoạt tối đa.',
        1, 'https://product.hstatic.net/200000722513/product/-tai-nghe-steelseries-arctis-nova-3-1_9815cec074e24304993ab174e6d380ef_b73fc3f7d93948d78c62d38c8ac8ad57.png'
    );
INSERT INTO product_category (product_id, category_id) VALUES (87, 24);
INSERT INTO product_variant (
        product_id, name, seo_name, supplier_id, price, price_sale, quantity, sku, model, barcode, 
        specifications, description, warranty, image_url, release_at, created_by)
        VALUES ( 87, 'Tai nghe Steelseries Arctis Nova 3', 'tai-nghe-steelseries-arctis-nova-3',
            1, 3490000, 2950000, 10, 'TAI-STEEL-ARCTIS-NOVA-3',
            'TAI-STEEL-ARCTIS-NOVA-3', 'TAI-STEEL-ARCTIS-NOVA-3',
            '{"Kết nối": "Có dây", "Micro": "ClearCast Gen 2, khử tiếng ồn hai chiều", "Trở kháng": "36 Ohm", "Độ nhạy": "Tai nghe: 93 dBSPL, Micro: -38 dBV/Pa", "Tần số": "Tai nghe: 20–22.000 Hz, Micro: 100-10.000 Hz", "Neodymium Drivers": "40mm", "Tương thích": "PC / Mac / Xbox / PS4, PS5 / Switch / Mobile", "Yêu cầu phần mềm": "Windows 8.1 trở lên, Mac OS 10.13 trở lên, Windows 10 trở lên (Bắt buộc đối với tính năng Khử tiếng ồn bằng AI trên PC)"}',
            'Tai nghe Steelseries Arctis Nova 3 là sự kết hợp hoàn hảo giữa hiệu suất âm thanh đỉnh cao, thiết kế thoải mái và tính năng hiện đại, mang đến trải nghiệm nghe nhạc, chơi game và giải trí đa phương tiện tuyệt vời. Với hệ thống âm thanh Nova Acoustic độc quyền của Steelseries, Arctis Nova 3 tái tạo âm thanh chi tiết, sống động và cân bằng, giúp bạn nghe rõ từng bước chân địch, từng nốt nhạc tinh tế hay từng lời thoại quan trọng. Màng loa Neodymium 40mm được tinh chỉnh chuyên nghiệp cho âm trầm mạnh mẽ, âm trung rõ ràng và âm cao sắc nét, tạo nên một không gian âm thanh chân thực và đắm chìm.\n\nThiết kế của Arctis Nova 3 tập trung vào sự thoải mái tối đa cho người dùng, ngay cả trong những phiên sử dụng kéo dài. Earcup bọc đệm da PU mềm mại, thoáng khí, ôm trọn tai mà không gây áp lực khó chịu. Phần headband có thể điều chỉnh linh hoạt, phân bổ trọng lượng đều, giảm thiểu cảm giác nặng nề. Cùng với đó là trọng lượng nhẹ nhàng, giúp tai nghe trở nên gần như vô hình khi đeo.\n\nNgoài ra, Arctis Nova 3 còn tích hợp micro ClearCast Gen 2 có khả năng khử tiếng ồn AI thông minh, đảm bảo giọng nói của bạn luôn rõ ràng, mạch lạc trong mọi cuộc trò chuyện. Hệ thống đèn LED RGB PrismSync 10 vùng trên earcup cho phép tùy chỉnh hiệu ứng ánh sáng theo ý thích, tạo nên phong cách cá nhân độc đáo và làm nổi bật không gian giải trí của bạn. Khả năng tương thích đa nền tảng với cổng USB-C tiện lợi giúp bạn dễ dàng kết nối với PC, PlayStation, Nintendo Switch, Xbox và các thiết bị di động, mang đến sự linh hoạt tối đa.',
            12, 'https://product.hstatic.net/200000722513/product/-tai-nghe-steelseries-arctis-nova-3-1_9815cec074e24304993ab174e6d380ef_b73fc3f7d93948d78c62d38c8ac8ad57.png', '2023-06-02T07:05:27+00:00',1);
        
INSERT INTO product_image (name, product_variant_id, image_url, is_main)
VALUES
    ('Ảnh 1', 87, 'https://product.hstatic.net/200000722513/product/-tai-nghe-steelseries-arctis-nova-3-1_9815cec074e24304993ab174e6d380ef_b73fc3f7d93948d78c62d38c8ac8ad57.png', TRUE),
    ('Ảnh 2', 87, 'https://product.hstatic.net/200000722513/product/-tai-nghe-steelseries-arctis-nova-3-2_0a1da53f2587417394c7396e2e92ac33_65306c95e2bc40b4981cd209b95e5cda.png', FALSE),
    ('Ảnh 3', 87, 'https://product.hstatic.net/200000722513/product/-tai-nghe-steelseries-arctis-nova-3-3_294c30dbd74b4e17ad4a5bb2b1426b17_1b385f0786a0428cb80812d7baa5cfd2.png', FALSE),
    ('Ảnh 4', 87, 'https://product.hstatic.net/200000722513/product/-tai-nghe-steelseries-arctis-nova-3-4_1d3737250b60430eb171d5bd3a93698c_a0e02372cb7b445d8def57e877f965a6.png', FALSE),
    ('Ảnh 5', 87, 'https://product.hstatic.net/200000722513/product/-tai-nghe-steelseries-arctis-nova-3-5_e7015f4b9b0c4835bd3319743d506806_3f24e776d09c4d3a983f6732828d9ba7.png', FALSE);
---
INSERT INTO product (name, seo_name, brand_id, specifications, description, created_by, image_url) 
    VALUES (
        'Tai nghe E-Dra EH493W', 'tai-nghe-e-dra-eh493w', 23,
        '{"Hãng sản xuất": "E-Dra", "Tình trạng": "Mới", "Bảo hành": "24 tháng"}',
        'Đánh giá chi tiết tai nghe E-Dra EH493w\n\nDòng tai nghe gaming E-DRA EH493w được xem là chiếc tai nghe có chất lượng âm thanh tốt nhất từ trước tới nay của nhà E-DRA. Không chỉ mang lại âm thanh sống động mà chiếc tai nghe này còn đem đến cảm giác thoải mái kể cả khi đeo nhiều giờ liên tục.\n\nTai nghe không dây với thiết kế siêu nhẹ nhàng\n\nTai nghe chơi game E-DRA EH493w với thiết kế khung đầu làm bằng thép bọc da vô cùng đứng form nhưng lại mang đến cảm giác nhẹ nhàng, thoải mái. Đệm tai được làm kiểu tai nghe over-ear với lớp đệm ôm trọn tai bằng da PU, mang cảm giác ôm tai nhưng vẫn vô cùng dễ chịu. Được thiết kế là tai nghe không dây, thời lượng pin của tai nghe E-DRA EH493w lên tới 18 tiếng đồng hồ, phù hợp cho bạn sử dụng trong một thời gian dài.\n\nCủ loa 50mm với âm thanh 3D ấn tượng\n\nĐược thiết kế với độ nhạy loa 119db cùng với củ loa 50mm, bạn sẽ trải nghiệm từng độ cao, độ sâu của âm thanh. Âm thanh được tạo ra từ tai nghe gaming E-DRA EH493w cho chúng ta trải nghiệm rõ ràng, chân thực từng loại âm thanh khác nhau một cách vô cùng chi tiết.\n\nMicrophone thu gọn dễ dàng\n\nTai nghe chơi game E-DRA EH493w có thiết kế microphone thu gọn, kéo dài bên trong tai nghe để bạn có thể tiết kiệm diện tích nhất có thể. Bên cạnh đó, mic cũng được thiết kế bắt trọn âm thanh đa hướng, đính kèm chế độ chống ồn giúp cho cuộc trò chuyện của bạn được trọn vẹn.',
        1, 'https://product.hstatic.net/200000722513/product/gearvn-tai-nghe-e-dra-eh493w-1_27b2b485e0054c89bca407e6cda32d98.png'
    );
INSERT INTO product_category (product_id, category_id) VALUES (88, 24);
INSERT INTO product_variant (
        product_id, name, seo_name, supplier_id, price, price_sale, quantity, sku, model, barcode, 
        specifications, description, warranty, image_url, release_at, created_by)
        VALUES ( 88, 'Tai nghe E-Dra EH493W', 'tai-nghe-e-dra-eh493w',
            1, 1059000, 690000, 10, 'TAI-EDRA-EH493W',
            'TAI-EDRA-EH493W', 'TAI-EDRA-EH493W',
            '{"Thương hiệu": "E-Dra", "Mẫu mã": "EH493W", "Loại kết nối": "Không dây 2.4Ghz", "Kích thước củ loa": "50mm", "Độ nhạy loa": "119db", "Trở kháng loa": "32Ω", "Tầm hoạt động tối đa": "12 mét", "Mic chống ồn": "Có", "Hướng bắt âm micro": "Đa hướng", "Độ nhạy micro": "-42 db", "Trở kháng micro": "2.2Ω", "Cổng sạc": "Type-C", "Chiều dài dây (sạc/dùng có dây)": "1.8m", "Màu sắc": "Đen"}',
            'Đánh giá chi tiết tai nghe E-Dra EH493w\n\nDòng tai nghe gaming E-DRA EH493w được xem là chiếc tai nghe có chất lượng âm thanh tốt nhất từ trước tới nay của nhà E-DRA. Không chỉ mang lại âm thanh sống động mà chiếc tai nghe này còn đem đến cảm giác thoải mái kể cả khi đeo nhiều giờ liên tục.\n\nTai nghe không dây với thiết kế siêu nhẹ nhàng\n\nTai nghe chơi game E-DRA EH493w với thiết kế khung đầu làm bằng thép bọc da vô cùng đứng form nhưng lại mang đến cảm giác nhẹ nhàng, thoải mái. Đệm tai được làm kiểu tai nghe over-ear với lớp đệm ôm trọn tai bằng da PU, mang cảm giác ôm tai nhưng vẫn vô cùng dễ chịu. Được thiết kế là tai nghe không dây, thời lượng pin của tai nghe E-DRA EH493w lên tới 18 tiếng đồng hồ, phù hợp cho bạn sử dụng trong một thời gian dài.\n\nCủ loa 50mm với âm thanh 3D ấn tượng\n\nĐược thiết kế với độ nhạy loa 119db cùng với củ loa 50mm, bạn sẽ trải nghiệm từng độ cao, độ sâu của âm thanh. Âm thanh được tạo ra từ tai nghe gaming E-DRA EH493w cho chúng ta trải nghiệm rõ ràng, chân thực từng loại âm thanh khác nhau một cách vô cùng chi tiết.\n\nMicrophone thu gọn dễ dàng\n\nTai nghe chơi game E-DRA EH493w có thiết kế microphone thu gọn, kéo dài bên trong tai nghe để bạn có thể tiết kiệm diện tích nhất có thể. Bên cạnh đó, mic cũng được thiết kế bắt trọn âm thanh đa hướng, đính kèm chế độ chống ồn giúp cho cuộc trò chuyện của bạn được trọn vẹn.',
            24, 'https://product.hstatic.net/200000722513/product/gearvn-tai-nghe-e-dra-eh493w-1_27b2b485e0054c89bca407e6cda32d98.png', '2024-06-10T00:17:34+00:00',1);
        
INSERT INTO product_image (name, product_variant_id, image_url, is_main)
VALUES
    ('Ảnh 1', 88, 'https://product.hstatic.net/200000722513/product/gearvn-tai-nghe-e-dra-eh493w-1_27b2b485e0054c89bca407e6cda32d98.png', TRUE),
    ('Ảnh 2', 88, 'https://product.hstatic.net/200000722513/product/gearvn-tai-nghe-e-dra-eh493w-1_5c78b1091a344e959861edbf733b4ac9.jpg', FALSE),
    ('Ảnh 3', 88, 'https://product.hstatic.net/200000722513/product/gearvn-tai-nghe-e-dra-eh493w-2_124c63effb574491b4cc8fe077ecafd0.jpg', FALSE),
    ('Ảnh 4', 88, 'https://product.hstatic.net/200000722513/product/gearvn-tai-nghe-e-dra-eh493w-3_5b28516ff80a41739a27673471a8b166.jpg', FALSE),
    ('Ảnh 5', 88, 'https://product.hstatic.net/200000722513/product/gearvn-tai-nghe-e-dra-eh493w-4_a2a3d8a4ac484a74baaae40065047310.jpg', FALSE),
    ('Ảnh 6', 88, 'https://product.hstatic.net/200000722513/product/gearvn-tai-nghe-e-dra-eh493w-5_3b7bccf5847447bab6d64b99536c0433.jpg', FALSE),
    ('Ảnh 7', 88, 'https://product.hstatic.net/200000722513/product/gearvn-tai-nghe-e-dra-eh493w-6_250503b39feb4bddaadab606a63a9cc8.jpg', FALSE),
    ('Ảnh 8', 88, 'https://product.hstatic.net/200000722513/product/gearvn-tai-nghe-e-dra-eh493w-7_caa299f44e1942cc8bb6650a9d3cf760.jpg', FALSE);
---
INSERT INTO product (name, seo_name, brand_id, specifications, description, created_by, image_url) 
    VALUES (
        'Tai nghe SteelSeries Arctis Nova 1 White', 'tai-nghe-steelseries-arctis-nova-1-white', 18,
        '{"Kết nối": "Có dây", "Micro": "ClearCast Gen 2 Khử tiếng ồn hai chiều", "Trở kháng": "36 Ohm", "Độ nhạy": "Tai nghe: 93dBSPL, Micro: -38 dBV/Pa", "Tần số": "Tai nghe: 20–22.000 Hz, Micro: 100-10.000Hz", "Drivers": "40mm", "Điều khiển trên tai nghe": "Tăng, giảm âm lượng - Tắt tiếng", "Tương thích": "PC / Mac / PS4 / PS5 / Nintendo Switch / Điện thoại / Xbox", "Yêu cầu phần mềm": "Windows 8.1 trở lên, Mac OS 10.13 trở lên"}',
        'Tai nghe SteelSeries Arctis Nova 1 White không chỉ là một chiếc tai nghe gaming thông thường, mà còn là một tuyên ngôn về phong cách và hiệu suất vượt trội. Khoác lên mình tông màu trắng tinh khôi, Arctis Nova 1 White mang đến vẻ ngoài thanh lịch, hiện đại và cực kỳ cuốn hút, phù hợp với mọi không gian gaming hay làm việc. Với thiết kế siêu nhẹ, đây là lựa chọn lý tưởng cho những phiên chơi game dài mà không gây cảm giác nặng nề hay khó chịu.\n\nĐược trang bị hệ thống âm thanh Nova Acoustic System đột phá, với driver High Fidelity độc quyền, bạn sẽ được đắm chìm hoàn toàn vào thế giới game với chất âm rõ ràng, chi tiết đến kinh ngạc. Từ tiếng bước chân nhỏ nhất của kẻ địch đến những vụ nổ vang dội, mọi thứ đều được tái hiện chân thực, mang lại lợi thế cạnh tranh không nhỏ. Công nghệ âm thanh không gian 360° (360° Spatial Audio) càng làm tăng thêm trải nghiệm nhập vai, giúp bạn định vị chính xác mọi âm thanh trong môi trường ảo.\n\nSự thoải mái là ưu tiên hàng đầu với Arctis Nova 1. Thiết kế nhẹ nhàng cùng hệ thống ComfortMAX độc quyền, bao gồm đệm tai AirWeave thoáng khí và băng đô co giãn bốn điểm có thể điều chỉnh, đảm bảo bạn có thể chơi game hàng giờ liền mà không cảm thấy khó chịu hay nóng bức.\n\nMicrophone ClearCast Gen 2 tích hợp khả năng khử tiếng ồn mạnh mẽ, mang lại giọng nói trong trẻo, tự nhiên, giúp việc giao tiếp với đồng đội luôn rõ ràng và hiệu quả, loại bỏ hoàn toàn tạp âm từ môi trường xung quanh. Thiết kế có thể thu gọn vào earcup khi không sử dụng cũng cực kỳ tiện lợi và gọn gàng.\n\nĐa năng trên mọi nền tảng, Arctis Nova 1 White tương thích hoàn hảo với PC, PlayStation, Switch, Xbox và các thiết bị di động thông qua cổng 3.5mm phổ biến. Đây chắc chắn là lựa chọn lý tưởng cho game thủ đang tìm kiếm sự kết hợp hoàn hảo giữa phong cách, sự thoải mái và hiệu suất âm thanh đỉnh cao trong một sản phẩm.',
        1, 'https://product.hstatic.net/200000722513/product/thumbtainghe-recovered-recovered_7e457f00ed8740afa352ee77b19310ff_fac958d86ad447c7aa65f8d9211906ff.gif'
    );
INSERT INTO product_category (product_id, category_id) VALUES (89, 24);
INSERT INTO product_variant (
        product_id, name, seo_name, supplier_id, price, price_sale, quantity, sku, model, barcode, 
        specifications, description, warranty, image_url, release_at, created_by)
        VALUES ( 89, 'Tai nghe SteelSeries Arctis Nova 1 White', 'tai-nghe-steelseries-arctis-nova-1-white',
            1, 1790000, 1490000, 10, 'TAI-STEEL-ARCTIS-NOVA-1-WHITE',
            'TAI-STEEL-ARCTIS-NOVA-1-WHITE', 'TAI-STEEL-ARCTIS-NOVA-1-WHITE',
            '{"Kết nối": "Có dây", "Micro": "ClearCast Gen 2 Khử tiếng ồn hai chiều", "Trở kháng": "36 Ohm", "Độ nhạy": "Tai nghe: 93dBSPL, Micro: -38 dBV/Pa", "Tần số": "Tai nghe: 20–22.000 Hz, Micro: 100-10.000Hz", "Drivers": "40mm", "Điều khiển trên tai nghe": "Tăng, giảm âm lượng - Tắt tiếng", "Tương thích": "PC / Mac / PS4 / PS5 / Nintendo Switch / Điện thoại / Xbox", "Yêu cầu phần mềm": "Windows 8.1 trở lên, Mac OS 10.13 trở lên"}',
            'Tai nghe SteelSeries Arctis Nova 1 White không chỉ là một chiếc tai nghe gaming thông thường, mà còn là một tuyên ngôn về phong cách và hiệu suất vượt trội. Khoác lên mình tông màu trắng tinh khôi, Arctis Nova 1 White mang đến vẻ ngoài thanh lịch, hiện đại và cực kỳ cuốn hút, phù hợp với mọi không gian gaming hay làm việc. Với thiết kế siêu nhẹ, đây là lựa chọn lý tưởng cho những phiên chơi game dài mà không gây cảm giác nặng nề hay khó chịu.\n\nĐược trang bị hệ thống âm thanh Nova Acoustic System đột phá, với driver High Fidelity độc quyền, bạn sẽ được đắm chìm hoàn toàn vào thế giới game với chất âm rõ ràng, chi tiết đến kinh ngạc. Từ tiếng bước chân nhỏ nhất của kẻ địch đến những vụ nổ vang dội, mọi thứ đều được tái hiện chân thực, mang lại lợi thế cạnh tranh không nhỏ. Công nghệ âm thanh không gian 360° (360° Spatial Audio) càng làm tăng thêm trải nghiệm nhập vai, giúp bạn định vị chính xác mọi âm thanh trong môi trường ảo.\n\nSự thoải mái là ưu tiên hàng đầu với Arctis Nova 1. Thiết kế nhẹ nhàng cùng hệ thống ComfortMAX độc quyền, bao gồm đệm tai AirWeave thoáng khí và băng đô co giãn bốn điểm có thể điều chỉnh, đảm bảo bạn có thể chơi game hàng giờ liền mà không cảm thấy khó chịu hay nóng bức.\n\nMicrophone ClearCast Gen 2 tích hợp khả năng khử tiếng ồn mạnh mẽ, mang lại giọng nói trong trẻo, tự nhiên, giúp việc giao tiếp với đồng đội luôn rõ ràng và hiệu quả, loại bỏ hoàn toàn tạp âm từ môi trường xung quanh. Thiết kế có thể thu gọn vào earcup khi không sử dụng cũng cực kỳ tiện lợi và gọn gàng.\n\nĐa năng trên mọi nền tảng, Arctis Nova 1 White tương thích hoàn hảo với PC, PlayStation, Switch, Xbox và các thiết bị di động thông qua cổng 3.5mm phổ biến. Đây chắc chắn là lựa chọn lý tưởng cho game thủ đang tìm kiếm sự kết hợp hoàn hảo giữa phong cách, sự thoải mái và hiệu suất âm thanh đỉnh cao trong một sản phẩm.',
            12, 'https://product.hstatic.net/200000722513/product/thumbtainghe-recovered-recovered_7e457f00ed8740afa352ee77b19310ff_fac958d86ad447c7aa65f8d9211906ff.gif', '2023-06-02T06:15:36+00:00',1);
        
INSERT INTO product_image (name, product_variant_id, image_url, is_main)
VALUES
    ('Ảnh 1', 89, 'https://product.hstatic.net/200000722513/product/thumbtainghe-recovered-recovered_7e457f00ed8740afa352ee77b19310ff_fac958d86ad447c7aa65f8d9211906ff.gif', TRUE),
    ('Ảnh 2', 89, 'https://product.hstatic.net/200000722513/product/steelsereis-arctis-nova-1-white-_3__7e83cf9ff22d4cd88c6d443973897abe_f5dc20af467e4df3aab155427595c74d.jpg', FALSE),
    ('Ảnh 3', 89, 'https://product.hstatic.net/200000722513/product/steelsereis-arctis-nova-1-white-_1__bb39172f8a2844c7b61b7fc34634c6bf_3a7cc74e5c9a47048e3449ef94b7a797.jpg', FALSE);
---
INSERT INTO product (name, seo_name, brand_id, specifications, description, created_by, image_url) 
    VALUES (
        'Tai nghe SteelSeries Arctis Nova 1', 'tai-nghe-steelseries-arctis-nova-1', 18,
        '{"Kết nối": "Có dây", "Micro": "ClearCast Gen 2, khử tiếng ồn hai chiều", "Trở kháng": "36 Ohm", "Độ nhạy": "Tai nghe: 93 dBSPL; Micro: -38 dBV/Pa", "Tần số": "Tai nghe: 20–22.000 Hz; Micro: 100-10.000 Hz", "Drivers": "40mm", "Điều khiển trên tai nghe": "Tăng, giảm âm lượng, tắt tiếng", "Tương thích": "PC / Mac / PS4 / PS5 / Nintendo Switch / Điện thoại / Xbox", "Yêu cầu phần mềm": "Windows 8.1 trở lên, Mac OS 10.13 trở lên"}',
        'Tai nghe SteelSeries Arctis Nova 1 là một lựa chọn tuyệt vời cho game thủ và người dùng yêu thích âm thanh chất lượng cao. Với thiết kế hiện đại, thoải mái và hiệu năng âm thanh vượt trội, Arctis Nova 1 mang đến trải nghiệm nghe nhìn sống động và chân thực. Hệ thống loa Neodymium đường kính 40mm tái tạo âm thanh chi tiết, rõ ràng, từ những tiếng bước chân tinh tế đến những vụ nổ mạnh mẽ, giúp bạn hoàn toàn đắm chìm vào thế giới game. Micro ClearCast có thể thu vào với khả năng khử tiếng ồn hai chiều đảm bảo giọng nói của bạn luôn rõ ràng trong mọi cuộc gọi hoặc giao tiếp với đồng đội. Phần đệm tai bằng vải AirWeave thoáng khí cùng dây đeo tai nghe dạng Suspension Headband có thể điều chỉnh linh hoạt giúp phân bổ trọng lượng đều, mang lại sự thoải mái tối đa ngay cả khi sử dụng trong thời gian dài. Thiết kế xoay của củ tai cũng giúp bạn dễ dàng đặt tai nghe nghỉ ngơi khi không sử dụng. Arctis Nova 1 tương thích với nhiều nền tảng khác nhau, bao gồm PC, PlayStation, Xbox, Switch và thiết bị di động thông qua cổng kết nối 3.5mm phổ biến. Vỏ ngoài bền bỉ và các vật liệu cao cấp đảm bảo độ bền lâu dài. Đây là chiếc tai nghe lý tưởng cho những ai tìm kiếm sự cân bằng giữa hiệu suất, sự thoải mái và giá trị.',
        1, 'https://product.hstatic.net/200000722513/product/thumbtainghe-recovered_98cd6388269344c8a5a051edc3609aef_cc8120e49835498aae344671b8018378.gif'
    );
INSERT INTO product_category (product_id, category_id) VALUES (90, 24);
INSERT INTO product_variant (
        product_id, name, seo_name, supplier_id, price, price_sale, quantity, sku, model, barcode, 
        specifications, description, warranty, image_url, release_at, created_by)
        VALUES ( 90, 'Tai nghe SteelSeries Arctis Nova 1', 'tai-nghe-steelseries-arctis-nova-1',
            1, 1790000, 1490000, 10, 'TAI-STEEL-ARCTIS-NOVA-1',
            'TAI-STEEL-ARCTIS-NOVA-1', 'TAI-STEEL-ARCTIS-NOVA-1',
            '{"Kết nối": "Có dây", "Micro": "ClearCast Gen 2, khử tiếng ồn hai chiều", "Trở kháng": "36 Ohm", "Độ nhạy": "Tai nghe: 93 dBSPL; Micro: -38 dBV/Pa", "Tần số": "Tai nghe: 20–22.000 Hz; Micro: 100-10.000 Hz", "Drivers": "40mm", "Điều khiển trên tai nghe": "Tăng, giảm âm lượng, tắt tiếng", "Tương thích": "PC / Mac / PS4 / PS5 / Nintendo Switch / Điện thoại / Xbox", "Yêu cầu phần mềm": "Windows 8.1 trở lên, Mac OS 10.13 trở lên"}',
            'Tai nghe SteelSeries Arctis Nova 1 là một lựa chọn tuyệt vời cho game thủ và người dùng yêu thích âm thanh chất lượng cao. Với thiết kế hiện đại, thoải mái và hiệu năng âm thanh vượt trội, Arctis Nova 1 mang đến trải nghiệm nghe nhìn sống động và chân thực. Hệ thống loa Neodymium đường kính 40mm tái tạo âm thanh chi tiết, rõ ràng, từ những tiếng bước chân tinh tế đến những vụ nổ mạnh mẽ, giúp bạn hoàn toàn đắm chìm vào thế giới game. Micro ClearCast có thể thu vào với khả năng khử tiếng ồn hai chiều đảm bảo giọng nói của bạn luôn rõ ràng trong mọi cuộc gọi hoặc giao tiếp với đồng đội. Phần đệm tai bằng vải AirWeave thoáng khí cùng dây đeo tai nghe dạng Suspension Headband có thể điều chỉnh linh hoạt giúp phân bổ trọng lượng đều, mang lại sự thoải mái tối đa ngay cả khi sử dụng trong thời gian dài. Thiết kế xoay của củ tai cũng giúp bạn dễ dàng đặt tai nghe nghỉ ngơi khi không sử dụng. Arctis Nova 1 tương thích với nhiều nền tảng khác nhau, bao gồm PC, PlayStation, Xbox, Switch và thiết bị di động thông qua cổng kết nối 3.5mm phổ biến. Vỏ ngoài bền bỉ và các vật liệu cao cấp đảm bảo độ bền lâu dài. Đây là chiếc tai nghe lý tưởng cho những ai tìm kiếm sự cân bằng giữa hiệu suất, sự thoải mái và giá trị.',
            12, 'https://product.hstatic.net/200000722513/product/thumbtainghe-recovered_98cd6388269344c8a5a051edc3609aef_cc8120e49835498aae344671b8018378.gif', '2023-06-02T06:15:32+00:00',1);
        
INSERT INTO product_image (name, product_variant_id, image_url, is_main)
VALUES
    ('Ảnh 1', 90, 'https://product.hstatic.net/200000722513/product/thumbtainghe-recovered_98cd6388269344c8a5a051edc3609aef_cc8120e49835498aae344671b8018378.gif', TRUE),
    ('Ảnh 2', 90, 'https://product.hstatic.net/200000722513/product/800_crop-scale_optimize_subsampling-2_da872635d8ea4580b78d64bdd65353b4_788e4d823c4341cba07af4f0243984d4.png', FALSE),
    ('Ảnh 3', 90, 'https://product.hstatic.net/200000722513/product/x1080_crop-fit_optimize_subsampling-2_26f6dc5a181d46a792fc7ea9f2d9b2ad_555c99c79ee74f258f625ccfa5fabc47.png', FALSE),
    ('Ảnh 4', 90, 'https://product.hstatic.net/200000722513/product/x1080_crop-fit_optimize_subsampling-2_c0d134da2c32480886afbb002494d10e_8ffe886beb3f4157905fb61304dc172b.png', FALSE),
    ('Ảnh 5', 90, 'https://product.hstatic.net/200000722513/product/800_crop-scale_optimize_subsampling-2_de568a52599046a2923dd48361f89920_2db1959e17b244fd8101d6cff209a3b5.png', FALSE);
---
INSERT INTO product (name, seo_name, brand_id, specifications, description, created_by, image_url) 
    VALUES (
        'Tai Nghe Rapoo VH650 RGB Virtual 7.1 Purple', 'tai-nghe-rapoo-vh650-rgb-virtual-7-1-purple', 29,
        '{"Thương hiệu:": "Rapoo", "Bảo hành:": "24 tháng", "Model:": "Rapoo VH650 7.1", "Màu sắc:": "Tím", "Kiểu tai nghe:": "Over-ear", "Khả năng cách âm:": "Có", "Kiểu kết nối:": "Có dây", "Đèn LED:": "RGB", "Chuẩn kết nối:": "USB 2.0", "Microphone:": "Có", "Chất liệu đệm tai nghe:": "Chất liệu cao cấp", "Tần số:": "20Hz - 20000Hz", "Trở kháng:": "Tai nghe: 32 ohm, Micro: 2200 ohm", "Độ nhạy:": "Tai nghe: 103 ±3dB, Micro: -42 ±2dB", "Trọng lượng:": "389g"}',
        'Tai nghe Rapoo VH650 RGB Virtual 7.1 Purple là một lựa chọn tuyệt vời cho các game thủ đang tìm kiếm một chiếc tai nghe thoải mái, giá cả phải chăng với chất lượng âm thanh tốt và âm thanh vòm ảo 7.1. Đây cũng là một lựa chọn tốt cho những người nghe nhạc thông thường muốn có một chiếc tai nghe có đèn RGB.',
        1, 'https://product.hstatic.net/200000722513/product/20634_0a63891fb273429cb4e89cc5a7137ecf.png'
    );
INSERT INTO product_category (product_id, category_id) VALUES (91, 24);
INSERT INTO product_variant (
        product_id, name, seo_name, supplier_id, price, price_sale, quantity, sku, model, barcode, 
        specifications, description, warranty, image_url, release_at, created_by)
        VALUES ( 91, 'Tai Nghe Rapoo VH650 RGB Virtual 7.1 Purple', 'tai-nghe-rapoo-vh650-rgb-virtual-7-1-purple',
            1, 990000, 850000, 10, 'TAI-RAPOO-VH650-PURPLE',
            'TAI-RAPOO-VH650-PURPLE', 'TAI-RAPOO-VH650-PURPLE',
            '{"Thương hiệu:": "Rapoo", "Bảo hành:": "24 tháng", "Model:": "Rapoo VH650 7.1", "Màu sắc:": "Tím", "Kiểu tai nghe:": "Over-ear", "Khả năng cách âm:": "Có", "Kiểu kết nối:": "Có dây", "Đèn LED:": "RGB", "Chuẩn kết nối:": "USB 2.0", "Microphone:": "Có", "Chất liệu đệm tai nghe:": "Chất liệu cao cấp", "Tần số:": "20Hz - 20000Hz", "Trở kháng:": "Tai nghe: 32 ohm, Micro: 2200 ohm", "Độ nhạy:": "Tai nghe: 103 ±3dB, Micro: -42 ±2dB", "Trọng lượng:": "389g"}',
            'Tai nghe Rapoo VH650 RGB Virtual 7.1 Purple là một lựa chọn tuyệt vời cho các game thủ đang tìm kiếm một chiếc tai nghe thoải mái, giá cả phải chăng với chất lượng âm thanh tốt và âm thanh vòm ảo 7.1. Đây cũng là một lựa chọn tốt cho những người nghe nhạc thông thường muốn có một chiếc tai nghe có đèn RGB.',
            24, 'https://product.hstatic.net/200000722513/product/20634_0a63891fb273429cb4e89cc5a7137ecf.png', '2023-11-27T09:14:31+00:00',1);
        
INSERT INTO product_image (name, product_variant_id, image_url, is_main)
VALUES
    ('Ảnh 1', 91, 'https://product.hstatic.net/200000722513/product/20634_0a63891fb273429cb4e89cc5a7137ecf.png', TRUE),
    ('Ảnh 2', 91, 'https://product.hstatic.net/200000722513/product/20640_646faa4095ba4cf2a1aaddfd42c475e6.jpg', FALSE),
    ('Ảnh 3', 91, 'https://product.hstatic.net/200000722513/product/20635_c196d71c44c247aba229e25125e22b0b.jpg', FALSE),
    ('Ảnh 4', 91, 'https://product.hstatic.net/200000722513/product/20638_115d7e59d7424dddac1e81f489110b44.jpg', FALSE),
    ('Ảnh 5', 91, 'https://product.hstatic.net/200000722513/product/20639_71021cf000b74d69ba45d3617ec61385.jpg', FALSE);
---
INSERT INTO product (name, seo_name, brand_id, specifications, description, created_by, image_url) 
    VALUES (
        'Tai nghe Asus ROG Delta S Animate', 'tai-nghe-asus-rog-delta-s-animate', 3,
        '{"Thương hiệu": "Asus", "Model": "ROG Delta S Animate", "Màu sắc": "Đen", "Kết nối": "Có dây", "Đầu nối": "USB 2.0 Type-C", "Chất liệu trình điều khiển": "Nam châm neodymium", "Kích thước trình điều khiển": "50 mm", "Kiểu tai nghe": "Over-ear", "Trọng lượng": "310 g", "Trở kháng": "32 Ohm", "Tần số": "20 ~ 40000 Hz", "Khả năng cách âm": "Có", "Độ nhạy của microphone": "-40 dB", "Đáp ứng tần số microphone": "100 ~ 10000 Hz", "Microphone khử tiếng ồn AI": "Có", "Kiểu thu âm của microphone": "Định hướng", "Tương thích": "PC, Mac, PlayStation 4, PlayStation 5, Nintendo Switch, iPad Pro (qua USB-C, chỉ âm thanh). Hỗ trợ PC, PS4, PS5 qua adapter USB-C sang USB-A đi kèm", "Hi-Fi DAC": "ESS 9281 Pro", "Hi-Fi Amp": "ESS 9281 Pro", "Khử tiếng ồn chủ động": "Không", "Kênh âm thanh": "Virtual 7.1", "Hệ thống đèn": "Đèn LED một màu", "Aura Sync": "Không", "Có thể gấp": "Có", "Đệm tai bổ sung": "Có", "Chiều dài cáp": "USB-C: 1.5 m, USB-A: 1 m", "Phụ kiện đi kèm": "Micro tháo rời, Hướng dẫn sử dụng, Đệm tai ROG Hybrid, Adapter USB-C sang USB-A"}',
        'Tai nghe Asus ROG Delta S Animate mang đến trải nghiệm âm thanh đỉnh cao và phong cách gaming độc đáo. Với công nghệ ESS 9281 Hi-Fi DAC và ESS Sabre Hi-Fi có bộ khuếch đại, sản phẩm này tái tạo âm thanh chi tiết, sống động, cho phép bạn nghe rõ từng bước chân, tiếng súng trong game, tạo lợi thế cạnh tranh. Driver ASUS Essence 50mm nam châm neodymium mang đến âm bass mạnh mẽ và âm trường rộng rãi, bao trùm mọi giác quan. Điểm nhấn đặc biệt của ROG Delta S Animate chính là màn hình LED AniMe Matrix™ tùy chỉnh được. Bạn có thể hiển thị hoạt ảnh tùy chỉnh, logo cá nhân hoặc hiệu ứng ánh sáng RGB độc đáo ngay trên cúp tai, thể hiện cá tính game thủ. Công nghệ hủy tiếng ồn AI cho micro kép tự động loại bỏ tiếng ồn xung quanh, đảm bảo giọng nói của bạn luôn rõ ràng, sắc nét trong giao tiếp với đồng đội. Thiết kế công thái học với đệm tai bằng da protein và mút hoạt tính mang lại sự thoải mái tối đa ngay cả khi đeo trong thời gian dài. Kết nối USB-C đa nền tảng cho phép bạn sử dụng tai nghe trên PC, Mac, PlayStation, Nintendo Switch và các thiết bị di động khác. Trọng lượng nhẹ chỉ 300g giúp giảm áp lực lên đầu và cổ. Phần mềm Armoury Crate cho phép tùy chỉnh sâu âm thanh, hiệu ứng ánh sáng và các cài đặt khác, mang đến trải nghiệm cá nhân hóa hoàn hảo.',
        1, 'https://product.hstatic.net/200000722513/product/h732_c276333bd82247469df863ff8638e9a2_cd0815db033d4a418be27bb9cf43312b.png'
    );
INSERT INTO product_category (product_id, category_id) VALUES (92, 24);
INSERT INTO product_variant (
        product_id, name, seo_name, supplier_id, price, price_sale, quantity, sku, model, barcode, 
        specifications, description, warranty, image_url, release_at, created_by)
        VALUES ( 92, 'Tai nghe Asus ROG Delta S Animate', 'tai-nghe-asus-rog-delta-s-animate',
            1, 5790000, 5290000, 10, 'TN-ASUS-ROG-DELTA-S-ANI',
            'TN-ASUS-ROG-DELTA-S-ANI', 'TN-ASUS-ROG-DELTA-S-ANI',
            '{"Thương hiệu": "Asus", "Model": "ROG Delta S Animate", "Màu sắc": "Đen", "Kết nối": "Có dây", "Đầu nối": "USB 2.0 Type-C", "Chất liệu trình điều khiển": "Nam châm neodymium", "Kích thước trình điều khiển": "50mm", "Kiểu tai nghe": "Over-ear", "Trọng lượng": "310 g", "Trở kháng": "32 Ohm", "Tần số": "20 ~ 40000 Hz", "Khả năng cách âm": "Có", "Độ nhạy của microphone": "-40 dB", "Đáp ứng tần số microphone": "100 ~ 10000 Hz", "Microphone khử tiếng ồn AI": "Có", "Kiểu pick-up của microphone": "Định hướng", "Tương thích": "PC, Mac, PlayStation 4, PlayStation 5, Máy chơi game Nintendo Switch, Hỗ trợ PC, PS4, PS5 thông qua sử dụng bộ chuyển đổi adapter USB-C sang USB-A đi kèm, Support iPad Pro by USB-C connection (Audio Only)", "Hi-Fi DAC": "ESS 9281 Pro", "Hi-Fi Amp": "ESS 9281 Pro", "Khử tiếng ồn chủ động": "Không", "Kênh": "Virtual 7.1", "Hệ thống đèn": "Đèn LED một màu", "Aura Sync": "Không", "Có thể gấp": "Có", "Đệm tai bổ sung": "Có", "Cáp": "Cáp USB-C: 1.5m, Cáp USB-A: 1m", "Phụ kiện": "Microphone tháo rời được, Hướng dẫn người dùng, Đệm tai ROG Hybrid, Adapter chuyển đổi USB USB-C sang USB-A"}',
            'Tai nghe Asus ROG Delta S Animate mang đến trải nghiệm âm thanh đỉnh cao và phong cách gaming độc đáo. Với công nghệ ESS 9281 Hi-Fi DAC và ESS Sabre Hi-Fi có bộ khuếch đại, sản phẩm này tái tạo âm thanh chi tiết, sống động, cho phép bạn nghe rõ từng bước chân, tiếng súng trong game, tạo lợi thế cạnh tranh. Driver ASUS Essence 50mm nam châm neodymium mang đến âm bass mạnh mẽ và âm trường rộng rãi, bao trùm mọi giác quan. Điểm nhấn đặc biệt của ROG Delta S Animate chính là màn hình LED AniMe Matrix™ tùy chỉnh được. Bạn có thể hiển thị hoạt ảnh tùy chỉnh, logo cá nhân hoặc hiệu ứng ánh sáng RGB độc đáo ngay trên cúp tai, thể hiện cá tính game thủ. Công nghệ hủy tiếng ồn AI cho micro kép tự động loại bỏ tiếng ồn xung quanh, đảm bảo giọng nói của bạn luôn rõ ràng, sắc nét trong giao tiếp với đồng đội. Thiết kế công thái học với đệm tai bằng da protein và mút hoạt tính mang lại sự thoải mái tối đa ngay cả khi đeo trong thời gian dài. Kết nối USB-C đa nền tảng cho phép bạn sử dụng tai nghe trên PC, Mac, PlayStation, Nintendo Switch và các thiết bị di động khác. Trọng lượng nhẹ chỉ 300g giúp giảm áp lực lên đầu và cổ. Phần mềm Armoury Crate cho phép tùy chỉnh sâu âm thanh, hiệu ứng ánh sáng và các cài đặt khác, mang đến trải nghiệm cá nhân hóa hoàn hảo.',
            24, 'https://product.hstatic.net/200000722513/product/h732_c276333bd82247469df863ff8638e9a2_cd0815db033d4a418be27bb9cf43312b.png', '2025-06-21T05:50:34+00:00',1);
        
INSERT INTO product_image (name, product_variant_id, image_url, is_main)
VALUES
    ('Ảnh 1', 92, 'https://product.hstatic.net/200000722513/product/h732_c276333bd82247469df863ff8638e9a2_cd0815db033d4a418be27bb9cf43312b.png', TRUE),
    ('Ảnh 2', 92, 'https://product.hstatic.net/200000722513/product/h732__2__46d3cb8ea64749379d6357f6d4316199_dae399921c2343de97cd91a919396e8f.png', FALSE),
    ('Ảnh 3', 92, 'https://product.hstatic.net/200000722513/product/h732__4__b668521ba96d41e182fdb3e2bb0d7d30_f334f205a3d6401585a33e09fe5f6a1f.png', FALSE),
    ('Ảnh 4', 92, 'https://product.hstatic.net/200000722513/product/h732__3__a2104aaca6754c64b48f0439191942b5_553ed7b93b0d43879083d9e41fae7449.png', FALSE),
    ('Ảnh 5', 92, 'https://product.hstatic.net/200000722513/product/h732__1__856c6e92acde49a881f3bc3bad57aa97_23bf6d2435cf4555b814d84d06d78e28.png', FALSE);
---
INSERT INTO product (name, seo_name, brand_id, specifications, description, created_by, image_url) 
    VALUES (
        'Tai Nghe Rapoo không dây VH800 RGB White Orange', 'tai-nghe-rapoo-khong-day-vh800-rgb-white-orange', 29,
        '{"Thương hiệu:": "Rapoo", "Bảo hành:": "24 tháng", "Model:": "Rapoo VH800", "Màu sắc:": "Cam - Trắng", "Kiểu tai nghe:": "Over-ear", "Khả năng cách âm:": "Có", "Kiểu kết nối:": "Có dây / Wireless / Bluetooth", "Đèn LED:": "Có RGB", "Chuẩn kết nối:": "USB 2.0", "Microphone:": "Có", "Chất liệu đệm tai nghe:": "Chất liệu cao cấp", "Tần số:": "20Hz - 20000Hz", "Trở kháng:": "Tai nghe: 32 ohm, Micro: 2200 ohm", "Độ nhạy:": "Tai nghe: 103 ±3dB, Micro: -42 ±3dB", "Trọng lượng:": "345g"}',
        'Giải phóng mọi giác quan và đắm chìm vào thế giới giải trí đỉnh cao với Tai nghe Rapoo không dây VH800 RGB Trắng Cam – kiệt tác công nghệ kết hợp giữa phong cách, hiệu suất và sự thoải mái.\n\nTrải nghiệm sự tự do tuyệt đối với kết nối không dây mạnh mẽ, cho phép bạn di chuyển linh hoạt mà không bị giới hạn bởi dây cáp. VH800 mang đến chất lượng âm thanh vượt trội, với âm trầm sâu lắng, âm trung rõ ràng và âm cao chi tiết, giúp bạn nghe rõ từng tiếng bước chân của đối thủ, cảm nhận từng nhịp điệu của bản nhạc yêu thích một cách sống động nhất.\n\nĐiểm nhấn không thể bỏ qua là hệ thống đèn nền RGB rực rỡ, tùy chỉnh đa sắc màu, biến không gian chơi game của bạn trở thành một sân khấu ánh sáng đầy mê hoặc. Đặc biệt, phối màu Trắng Cam tươi mới và năng động không chỉ làm nổi bật cá tính riêng mà còn mang lại vẻ ngoài cực kỳ hiện đại và cuốn hút.\n\nVới thiết kế công thái học thông minh, đệm tai mềm mại ôm sát và headband điều chỉnh linh hoạt, VH800 đảm bảo sự thoải mái tối đa ngay cả trong những phiên sử dụng kéo dài. Micro chống ồn tích hợp giúp giao tiếp trong game luôn rõ ràng, liền mạch, nâng cao tinh thần đồng đội. Pin dung lượng cao cho phép bạn tận hưởng hàng giờ liền không gián đoạn.\n\nTai nghe Rapoo VH800 RGB Trắng Cam không chỉ là một chiếc tai nghe, mà là một tuyên ngôn về phong cách và hiệu năng. Nâng tầm trải nghiệm của bạn ngay hôm nay!',
        1, 'https://product.hstatic.net/200000722513/product/___-4_8a6e11f5ad214208aec6da016c664b51.png'
    );
INSERT INTO product_category (product_id, category_id) VALUES (93, 24);
INSERT INTO product_variant (
        product_id, name, seo_name, supplier_id, price, price_sale, quantity, sku, model, barcode, 
        specifications, description, warranty, image_url, release_at, created_by)
        VALUES ( 93, 'Tai Nghe Rapoo không dây VH800 RGB White Orange', 'tai-nghe-rapoo-khong-day-vh800-rgb-white-orange',
            1, 1990000, 1490000, 10, 'TAI-RAPOO-VH800-RGB-WHITE-ORANGE',
            'TAI-RAPOO-VH800-RGB-WHITE-ORANGE', 'TAI-RAPOO-VH800-RGB-WHITE-ORANGE',
            '{"Thương hiệu:": "Rapoo", "Bảo hành:": "24 tháng", "Model:": "Rapoo VH800", "Màu sắc:": "Cam - Trắng", "Kiểu tai nghe:": "Over-ear", "Khả năng cách âm:": "Có", "Kiểu kết nối:": "Có dây / Wireless / Bluetooth", "Đèn LED:": "Có RGB", "Chuẩn kết nối:": "USB 2.0", "Microphone:": "Có", "Chất liệu đệm tai nghe:": "Chất liệu cao cấp", "Tần số:": "20Hz - 20000Hz", "Trở kháng:": "Tai nghe: 32 ohm, Micro: 2200 ohm", "Độ nhạy:": "Tai nghe: 103 ±3dB, Micro: -42 ±3dB", "Trọng lượng:": "345g"}',
            'Giải phóng mọi giác quan và đắm chìm vào thế giới giải trí đỉnh cao với Tai nghe Rapoo không dây VH800 RGB Trắng Cam – kiệt tác công nghệ kết hợp giữa phong cách, hiệu suất và sự thoải mái.\n\nTrải nghiệm sự tự do tuyệt đối với kết nối không dây mạnh mẽ, cho phép bạn di chuyển linh hoạt mà không bị giới hạn bởi dây cáp. VH800 mang đến chất lượng âm thanh vượt trội, với âm trầm sâu lắng, âm trung rõ ràng và âm cao chi tiết, giúp bạn nghe rõ từng tiếng bước chân của đối thủ, cảm nhận từng nhịp điệu của bản nhạc yêu thích một cách sống động nhất.\n\nĐiểm nhấn không thể bỏ qua là hệ thống đèn nền RGB rực rỡ, tùy chỉnh đa sắc màu, biến không gian chơi game của bạn trở thành một sân khấu ánh sáng đầy mê hoặc. Đặc biệt, phối màu Trắng Cam tươi mới và năng động không chỉ làm nổi bật cá tính riêng mà còn mang lại vẻ ngoài cực kỳ hiện đại và cuốn hút.\n\nVới thiết kế công thái học thông minh, đệm tai mềm mại ôm sát và headband điều chỉnh linh hoạt, VH800 đảm bảo sự thoải mái tối đa ngay cả trong những phiên sử dụng kéo dài. Micro chống ồn tích hợp giúp giao tiếp trong game luôn rõ ràng, liền mạch, nâng cao tinh thần đồng đội. Pin dung lượng cao cho phép bạn tận hưởng hàng giờ liền không gián đoạn.\n\nTai nghe Rapoo VH800 RGB Trắng Cam không chỉ là một chiếc tai nghe, mà là một tuyên ngôn về phong cách và hiệu năng. Nâng tầm trải nghiệm của bạn ngay hôm nay!',
            24, 'https://product.hstatic.net/200000722513/product/___-4_8a6e11f5ad214208aec6da016c664b51.png', '2023-11-27T10:17:58+00:00',1);
        
INSERT INTO product_image (name, product_variant_id, image_url, is_main)
VALUES
    ('Ảnh 1', 93, 'https://product.hstatic.net/200000722513/product/___-4_8a6e11f5ad214208aec6da016c664b51.png', TRUE),
    ('Ảnh 2', 93, 'https://product.hstatic.net/200000722513/product/jp28185-scaled_2ef3717f32854c6386c496b1426db6e5.jpg', FALSE),
    ('Ảnh 3', 93, 'https://product.hstatic.net/200000722513/product/jp28107-8-scaled_c2239852ecf14ac7b2159166c5cb7c1c.jpg', FALSE),
    ('Ảnh 4', 93, 'https://product.hstatic.net/200000722513/product/jp28156-2-scaled_f39204ff2f324b249d071660220c2b74.jpg', FALSE),
    ('Ảnh 5', 93, 'https://product.hstatic.net/200000722513/product/2.__vh800____3eb0edc82f5349ed9627027f9aadedf8.png', FALSE);
---
INSERT INTO product (name, seo_name, brand_id, specifications, description, created_by, image_url) 
    VALUES (
        'Tai Nghe Rapoo VH650 RGB Virtual 7.1 Black', 'tai-nghe-rapoo-vh650-rgb-virtual-7-1-black', 29,
        '{"Thương hiệu": "Rapoo", "Bảo hành": "24 tháng", "Model": "Rapoo VH650 7.1", "Màu sắc": "Đen", "Kiểu tai nghe": "Over-ear", "Khả năng cách âm": "Có", "Kiểu kết nối": "Có dây", "Đèn LED": "Có RGB", "Chuẩn kết nối": "USB 2.0", "Microphone": "Có", "Chất liệu đệm tai nghe": "Chất liệu cao cấp", "Tần số": "20Hz - 20000Hz", "Trở kháng": "Tai nghe: 32 ohm, Micro: 2200 ohm", "Độ nhạy": "Tai nghe: 103 ±3dB, Micro: -42 ±2dB", "Trọng lượng": "389g"}',
        'Tai Nghe Rapoo VH650 RGB Virtual 7.1 Black mang đến trải nghiệm âm thanh sống động và đắm chìm, lý tưởng cho game thủ và người yêu âm nhạc. Với công nghệ âm thanh vòm ảo 7.1, bạn sẽ cảm nhận được mọi chi tiết âm thanh từ mọi hướng, từ tiếng bước chân kẻ thù đến những giai điệu tinh tế trong game hay phim ảnh. Thiết kế hầm hố, hiện đại với dải đèn RGB tùy chỉnh độc đáo tạo điểm nhấn phong cách cho góc chơi game của bạn. Đệm tai êm ái, thoáng khí cùng khung tai nghe có thể điều chỉnh linh hoạt, đảm bảo sự thoải mái tối đa ngay cả khi sử dụng trong thời gian dài. Micro có khả năng lọc tiếng ồn, thu âm rõ ràng, giúp bạn giao tiếp hiệu quả với đồng đội hoặc thực hiện các cuộc gọi. Chất lượng âm thanh vượt trội với màng loa lớn cho âm bass mạnh mẽ và âm treble sắc nét. Kết nối USB tiện lợi, tương thích với nhiều thiết bị. Phần mềm đi kèm cho phép tùy chỉnh EQ, hiệu ứng âm thanh và hiệu ứng ánh sáng RGB theo ý thích, mang đến trải nghiệm cá nhân hóa hoàn hảo. Tai Nghe Rapoo VH650 RGB Virtual 7.1 Black không chỉ là một thiết bị âm thanh mà còn là một tuyên ngôn phong cách, nâng tầm trải nghiệm giải trí của bạn.',
        1, 'https://product.hstatic.net/200000722513/product/gearvn-tai-nghe-rapoo-vh650-rgb-virtual-7-1-black-1_90958547256444ba93460a8133b83549.png'
    );
INSERT INTO product_category (product_id, category_id) VALUES (94, 24);
INSERT INTO product_variant (
        product_id, name, seo_name, supplier_id, price, price_sale, quantity, sku, model, barcode, 
        specifications, description, warranty, image_url, release_at, created_by)
        VALUES ( 94, 'Tai Nghe Rapoo VH650 RGB Virtual 7.1 Black', 'tai-nghe-rapoo-vh650-rgb-virtual-7-1-black',
            1, 990000, 850000, 10, 'TAI-RAPOO-VH650-BLK',
            'TAI-RAPOO-VH650-BLK', 'TAI-RAPOO-VH650-BLK',
            '{"Thương hiệu": "Rapoo", "Bảo hành": "24 tháng", "Model": "Rapoo VH650 7.1", "Màu sắc": "Đen", "Kiểu tai nghe": "Over-ear", "Khả năng cách âm": "Có", "Kiểu kết nối": "Có dây", "Đèn LED": "Có RGB", "Chuẩn kết nối": "USB 2.0", "Microphone": "Có", "Chất liệu đệm tai nghe": "Chất liệu cao cấp", "Tần số": "20Hz - 20000Hz", "Trở kháng": "Tai nghe: 32 ohm, Micro: 2200 ohm", "Độ nhạy": "Tai nghe: 103 ±3dB, Micro: -42 ±2dB", "Trọng lượng": "389g"}',
            'Tai Nghe Rapoo VH650 RGB Virtual 7.1 Black mang đến trải nghiệm âm thanh sống động và đắm chìm, lý tưởng cho game thủ và người yêu âm nhạc. Với công nghệ âm thanh vòm ảo 7.1, bạn sẽ cảm nhận được mọi chi tiết âm thanh từ mọi hướng, từ tiếng bước chân kẻ thù đến những giai điệu tinh tế trong game hay phim ảnh. Thiết kế hầm hố, hiện đại với dải đèn RGB tùy chỉnh độc đáo tạo điểm nhấn phong cách cho góc chơi game của bạn. Đệm tai êm ái, thoáng khí cùng khung tai nghe có thể điều chỉnh linh hoạt, đảm bảo sự thoải mái tối đa ngay cả khi sử dụng trong thời gian dài. Micro có khả năng lọc tiếng ồn, thu âm rõ ràng, giúp bạn giao tiếp hiệu quả với đồng đội hoặc thực hiện các cuộc gọi. Chất lượng âm thanh vượt trội với màng loa lớn cho âm bass mạnh mẽ và âm treble sắc nét. Kết nối USB tiện lợi, tương thích với nhiều thiết bị. Phần mềm đi kèm cho phép tùy chỉnh EQ, hiệu ứng âm thanh và hiệu ứng ánh sáng RGB theo ý thích, mang đến trải nghiệm cá nhân hóa hoàn hảo. Tai Nghe Rapoo VH650 RGB Virtual 7.1 Black không chỉ là một thiết bị âm thanh mà còn là một tuyên ngôn phong cách, nâng tầm trải nghiệm giải trí của bạn.',
            24, 'https://product.hstatic.net/200000722513/product/gearvn-tai-nghe-rapoo-vh650-rgb-virtual-7-1-black-1_90958547256444ba93460a8133b83549.png', '2023-11-27T09:17:53+00:00',1);
        
INSERT INTO product_image (name, product_variant_id, image_url, is_main)
VALUES
    ('Ảnh 1', 94, 'https://product.hstatic.net/200000722513/product/gearvn-tai-nghe-rapoo-vh650-rgb-virtual-7-1-black-1_90958547256444ba93460a8133b83549.png', TRUE),
    ('Ảnh 2', 94, 'https://product.hstatic.net/200000722513/product/gearvn-tai-nghe-rapoo-vh650-rgb-virtual-7-1-black-2_bcd2d68b20eb4ebfb49cbaee216f861c.png', FALSE),
    ('Ảnh 3', 94, 'https://product.hstatic.net/200000722513/product/gearvn-tai-nghe-rapoo-vh650-rgb-virtual-7-1-black-3_06db7564efd04d40848d7fe6d5f9caff.png', FALSE);
---
INSERT INTO product (name, seo_name, brand_id, specifications, description, created_by, image_url) 
    VALUES (
        'Tai nghe HP HyperX Cloud III Wireless Black', 'tai-nghe-hp-hyperx-cloud-iii-wireless-black', 27,
        '{"Hãng sản xuất": "HP HyperX", "Model": "Cloud III Black Wireless", "Bảo hành": "24 tháng", "Tần số đáp ứng": "10 Hz - 21 kHz", "Chiều dài dây cáp": "Cáp tai nghe 1.2 m, Cáp USB dongle 1.3 m", "Màng loa": "53 mm", "Loại khung": "Nhôm", "Độ nhạy": "-21.5 dBV (0 dB = 1 V / Pa ở 1 kHz)", "Kết nối thông qua jack": "USB-A hoặc USB-C", "Phụ kiện đi kèm": "Microphone, Sound card USB", "Tương thích": "PC, PS5, PS4, Xbox Series X|S, Xbox One, Nintendo Switch, Mac và các thiết bị di động, các đầu nối 3.5 mm, USB-A và USB-C", "Âm thanh vòm": "7.1", "Phạm vi tai nghe không dây": "Lên đến 20 m", "Dung lượng pin": "120 giờ", "Thời gian sạc": "4.5 giờ"}',
        'Tai nghe HP HyperX Cloud III Wireless Black là một bước tiến vượt bậc trong trải nghiệm âm thanh không dây, mang đến sự kết hợp hoàn hảo giữa hiệu suất đỉnh cao, thiết kế thoải mái và công nghệ tiên tiến. Với thời lượng pin ấn tượng lên đến 120 giờ cho một lần sạc, bạn có thể đắm chìm trong thế giới game hoặc âm nhạc yêu thích mà không lo gián đoạn. Công nghệ âm thanh vòm DTS Headphone:X Spatial Audio cung cấp định vị âm thanh chính xác đến từng chi tiết, giúp bạn phản ứng nhanh nhạy trong mọi tình huống game và tận hưởng âm nhạc sống động như thật. Driver Neodymium 50mm được tùy chỉnh mang đến âm bass mạnh mẽ, âm trung rõ ràng và âm cao sắc nét, tái tạo mọi sắc thái âm thanh một cách chân thực. Khung tai nghe làm từ nhôm chắc chắn, kết hợp với đệm tai bằng da PU mềm mại và mút hoạt tính Memory Foam êm ái, đảm bảo sự thoải mái tối đa ngay cả khi sử dụng trong thời gian dài. Micro định hướng có thể tháo rời, tích hợp kính lọc pop, cung cấp khả năng thu âm giọng nói rõ ràng, loại bỏ tiếng ồn xung quanh, giúp giao tiếp với đồng đội trở nên hiệu quả hơn. Kết nối không dây 2.4GHz cho độ trễ thấp, đảm bảo tín hiệu âm thanh ổn định và liền mạch. Tương thích đa nền tảng với PC, PlayStation 5, PS4, Xbox Series X|S, Xbox One, Nintendo Switch, di động và các thiết bị hỗ trợ USB-C, mang đến sự linh hoạt tối đa cho người dùng. Thiết kế màu đen sang trọng, logo HyperX tinh tế, tạo nên vẻ ngoài đẳng cấp và chuyên nghiệp. Tai nghe HP HyperX Cloud III Wireless Black không chỉ là một thiết bị âm thanh, mà còn là người bạn đồng hành lý tưởng cho mọi game thủ và người yêu nhạc.',
        1, 'https://product.hstatic.net/200000722513/product/q0wcp8h5_955f4a8d44b14005a4be5f6ecdb1f429.png'
    );
INSERT INTO product_category (product_id, category_id) VALUES (95, 24);
INSERT INTO product_variant (
        product_id, name, seo_name, supplier_id, price, price_sale, quantity, sku, model, barcode, 
        specifications, description, warranty, image_url, release_at, created_by)
        VALUES ( 95, 'Tai nghe HP HyperX Cloud III Wireless Black', 'tai-nghe-hp-hyperx-cloud-iii-wireless-black',
            1, 4390000, 3190000, 10, 'TAI-HP-HYPERX-CLOUD-III-BLACK-WL',
            'TAI-HP-HYPERX-CLOUD-III-BLACK-WL', 'TAI-HP-HYPERX-CLOUD-III-BLACK-WL',
            '{"Hãng sản xuất": "HP HyperX", "Model": "Cloud III Black Wireless", "Bảo hành": "24 tháng", "Tần số đáp ứng": "10 Hz - 21 kHz", "Chiều dài dây cáp": "Cáp tai nghe 1.2 m, Cáp USB dongle 1.3 m", "Màng loa": "53 mm", "Loại khung": "Nhôm", "Độ nhạy": "-21.5 dBV (0 dB = 1 V / Pa ở 1 kHz)", "Kết nối thông qua jack": "USB-A hoặc USB-C", "Phụ kiện đi kèm": "Microphone, Sound card USB", "Tương thích": "PC, PS5, PS4, Xbox Series X|S, Xbox One, Nintendo Switch, Mac và các thiết bị di động, các đầu nối 3.5 mm, USB-A và USB-C", "Âm thanh vòm": "7.1", "Phạm vi tai nghe không dây": "Lên đến 20 m", "Dung lượng pin": "120 giờ", "Thời gian sạc": "4.5 giờ"}',
            'Tai nghe HP HyperX Cloud III Wireless Black là một bước tiến vượt bậc trong trải nghiệm âm thanh không dây, mang đến sự kết hợp hoàn hảo giữa hiệu suất đỉnh cao, thiết kế thoải mái và công nghệ tiên tiến. Với thời lượng pin ấn tượng lên đến 120 giờ cho một lần sạc, bạn có thể đắm chìm trong thế giới game hoặc âm nhạc yêu thích mà không lo gián đoạn. Công nghệ âm thanh vòm DTS Headphone:X Spatial Audio cung cấp định vị âm thanh chính xác đến từng chi tiết, giúp bạn phản ứng nhanh nhạy trong mọi tình huống game và tận hưởng âm nhạc sống động như thật. Driver Neodymium 50mm được tùy chỉnh mang đến âm bass mạnh mẽ, âm trung rõ ràng và âm cao sắc nét, tái tạo mọi sắc thái âm thanh một cách chân thực. Khung tai nghe làm từ nhôm chắc chắn, kết hợp với đệm tai bằng da PU mềm mại và mút hoạt tính Memory Foam êm ái, đảm bảo sự thoải mái tối đa ngay cả khi sử dụng trong thời gian dài. Micro định hướng có thể tháo rời, tích hợp kính lọc pop, cung cấp khả năng thu âm giọng nói rõ ràng, loại bỏ tiếng ồn xung quanh, giúp giao tiếp với đồng đội trở nên hiệu quả hơn. Kết nối không dây 2.4GHz cho độ trễ thấp, đảm bảo tín hiệu âm thanh ổn định và liền mạch. Tương thích đa nền tảng với PC, PlayStation 5, PS4, Xbox Series X|S, Xbox One, Nintendo Switch, di động và các thiết bị hỗ trợ USB-C, mang đến sự linh hoạt tối đa cho người dùng. Thiết kế màu đen sang trọng, logo HyperX tinh tế, tạo nên vẻ ngoài đẳng cấp và chuyên nghiệp. Tai nghe HP HyperX Cloud III Wireless Black không chỉ là một thiết bị âm thanh, mà còn là người bạn đồng hành lý tưởng cho mọi game thủ và người yêu nhạc.',
            24, 'https://product.hstatic.net/200000722513/product/q0wcp8h5_955f4a8d44b14005a4be5f6ecdb1f429.png', '2023-11-16T09:38:26+00:00',1);
        
INSERT INTO product_image (name, product_variant_id, image_url, is_main)
VALUES
    ('Ảnh 1', 95, 'https://product.hstatic.net/200000722513/product/q0wcp8h5_955f4a8d44b14005a4be5f6ecdb1f429.png', TRUE),
    ('Ảnh 2', 95, 'https://product.hstatic.net/200000722513/product/7af1chue_0665ae179e724247b75a34daece6a832.png', FALSE),
    ('Ảnh 3', 95, 'https://product.hstatic.net/200000722513/product/3v8sfi6f_c1e4263e255d436eb3aa661f1e20b2de.png', FALSE),
    ('Ảnh 4', 95, 'https://product.hstatic.net/200000722513/product/7wgzjp0m_eaa2698b88f64e909a672068166ad100.png', FALSE),
    ('Ảnh 5', 95, 'https://product.hstatic.net/200000722513/product/7s94smqr_90af979bc5694a15ba26580d3d7e7197.png', FALSE),
    ('Ảnh 6', 95, 'https://product.hstatic.net/200000722513/product/r0cxjeng_8c48c9c4e8f44137ae2401548b0d70bb.png', FALSE),
    ('Ảnh 7', 95, 'https://product.hstatic.net/200000722513/product/ch2uqj39_7d36f1819a68491da3106890e0afb37c.png', FALSE);
---
INSERT INTO product (name, seo_name, brand_id, specifications, description, created_by, image_url) 
    VALUES (
        'Tai nghe HP HyperX Cloud III Wireless Red', 'tai-nghe-hp-hyperx-cloud-iii-wireless-red', 27,
        '{"Hãng sản xuất": "HP HyperX", "Model": "Cloud III RED Wireless", "Bảo hành": "24 Tháng", "Tần số đáp ứng": "10Hz-21kHz", "Chiều dài cáp": "Cáp tai nghe 1.2m, Cáp USB dongle 1m3", "Màng loa": "53mm", "Loại khung": "Nhôm", "Độ nhạy": "-21.5 dBV (0dB = 1V / Pa ở 1kHz)", "Kết nối qua jack": "USB-A hoặc USB-C", "Phụ kiện đi kèm": "Microphone, soundcard USB", "Tương thích": "- PC, PS5, PS4, Xbox Series X|S, Xbox One, Nintendo Switch, Mac và các thiết bị di động.- Các đầu nối 3,5mm, USB-A và USB-C", "Âm thanh vòm": "7.1", "Phạm vi tai nghe không dây": "Lên đến 20m", "Pin": "Dung lượng pin: 120 giờ, Thời gian sạc: 4.5 giờ"}',
        'Tai nghe HP HyperX Cloud III Wireless Red mang đến trải nghiệm âm thanh đỉnh cao và sự tự do không dây vượt trội. Với thiết kế công thái học tinh tế, đệm tai bằng mút hoạt tính cao cấp và phần chụp tai xoay 90 độ, tai nghe này đảm bảo sự thoải mái tối đa ngay cả trong những phiên sử dụng kéo dài. Driver âm thanh 50mm được tùy chỉnh mang đến âm bass sâu lắng, âm trung rõ ràng và âm cao sắc nét, tái tạo mọi chi tiết âm thanh trong trò chơi, phim ảnh hay âm nhạc với độ chính xác ấn tượng. Công nghệ âm thanh vòm DTS Headphone:X® Spatial Audio nâng tầm trải nghiệm nghe, giúp bạn xác định chính xác vị trí kẻ địch hoặc thưởng thức âm thanh sống động như thật. Khả năng kết nối không dây 2.4GHz với độ trễ cực thấp qua bộ thu USB-C đảm bảo tín hiệu âm thanh ổn định và liền mạch, cho phép bạn di chuyển tự do mà không lo gián đoạn. Pin sạc dung lượng lớn cung cấp thời lượng sử dụng lên đến 120 giờ chỉ với một lần sạc, lý tưởng cho những buổi chơi game marathon hoặc làm việc xuyên suốt. Micro đa hướng có thể tháo rời, tích hợp bộ lọc tiếng ồn và công nghệ khử tiếng vang mang đến chất lượng đàm thoại rõ ràng, chuyên nghiệp, giúp bạn giao tiếp hiệu quả với đồng đội hoặc trong các cuộc họp trực tuyến. Vỏ ngoài bằng kim loại bền bỉ, gam màu đỏ nổi bật thể hiện phong cách năng động và cá tính. Tương thích đa nền tảng với PC, PlayStation 5, PlayStation 4, Xbox Series X|S, Xbox One, Nintendo Switch và các thiết bị di động hỗ trợ USB-C. Nút điều khiển trực quan trên tai nghe giúp dễ dàng tùy chỉnh âm lượng, tắt tiếng micro và quản lý các chức năng khác.',
        1, 'https://product.hstatic.net/200000722513/product/gearvn-tai-nghe-hp-hyperx-cloud-iii-wireless-red-1_b529095e42444b128058cb0da4703266.png'
    );
INSERT INTO product_category (product_id, category_id) VALUES (96, 24);
INSERT INTO product_variant (
        product_id, name, seo_name, supplier_id, price, price_sale, quantity, sku, model, barcode, 
        specifications, description, warranty, image_url, release_at, created_by)
        VALUES ( 96, 'Tai nghe HP HyperX Cloud III Wireless Red', 'tai-nghe-hp-hyperx-cloud-iii-wireless-red',
            1, 4390000, 3190000, 10, 'TAI-HP-HYPERX-CLOUD-III-RED-WL',
            'TAI-HP-HYPERX-CLOUD-III-RED-WL', 'TAI-HP-HYPERX-CLOUD-III-RED-WL',
            '{"Hãng sản xuất": "HP HyperX", "Model": "Cloud III RED Wireless", "Bảo hành": "24 Tháng", "Tần số đáp ứng": "10Hz-21kHz", "Chiều dài cáp": "Cáp tai nghe 1.2m, Cáp USB dongle 1m3", "Màng loa": "53mm", "Loại khung": "Nhôm", "Độ nhạy": "-21.5 dBV (0dB = 1V / Pa ở 1kHz)", "Kết nối qua jack": "USB-A hoặc USB-C", "Phụ kiện đi kèm": "Microphone, soundcard USB", "Tương thích": "- PC, PS5, PS4, Xbox Series X|S, Xbox One, Nintendo Switch, Mac và các thiết bị di động.- Các đầu nối 3,5mm, USB-A và USB-C", "Âm thanh vòm": "7.1", "Phạm vi tai nghe không dây": "Lên đến 20m", "Pin": "Dung lượng pin: 120 giờ, Thời gian sạc: 4.5 giờ"}',
            'Tai nghe HP HyperX Cloud III Wireless Red mang đến trải nghiệm âm thanh đỉnh cao và sự tự do không dây vượt trội. Với thiết kế công thái học tinh tế, đệm tai bằng mút hoạt tính cao cấp và phần chụp tai xoay 90 độ, tai nghe này đảm bảo sự thoải mái tối đa ngay cả trong những phiên sử dụng kéo dài. Driver âm thanh 50mm được tùy chỉnh mang đến âm bass sâu lắng, âm trung rõ ràng và âm cao sắc nét, tái tạo mọi chi tiết âm thanh trong trò chơi, phim ảnh hay âm nhạc với độ chính xác ấn tượng. Công nghệ âm thanh vòm DTS Headphone:X® Spatial Audio nâng tầm trải nghiệm nghe, giúp bạn xác định chính xác vị trí kẻ địch hoặc thưởng thức âm thanh sống động như thật. Khả năng kết nối không dây 2.4GHz với độ trễ cực thấp qua bộ thu USB-C đảm bảo tín hiệu âm thanh ổn định và liền mạch, cho phép bạn di chuyển tự do mà không lo gián đoạn. Pin sạc dung lượng lớn cung cấp thời lượng sử dụng lên đến 120 giờ chỉ với một lần sạc, lý tưởng cho những buổi chơi game marathon hoặc làm việc xuyên suốt. Micro đa hướng có thể tháo rời, tích hợp bộ lọc tiếng ồn và công nghệ khử tiếng vang mang đến chất lượng đàm thoại rõ ràng, chuyên nghiệp, giúp bạn giao tiếp hiệu quả với đồng đội hoặc trong các cuộc họp trực tuyến. Vỏ ngoài bằng kim loại bền bỉ, gam màu đỏ nổi bật thể hiện phong cách năng động và cá tính. Tương thích đa nền tảng với PC, PlayStation 5, PlayStation 4, Xbox Series X|S, Xbox One, Nintendo Switch và các thiết bị di động hỗ trợ USB-C. Nút điều khiển trực quan trên tai nghe giúp dễ dàng tùy chỉnh âm lượng, tắt tiếng micro và quản lý các chức năng khác.',
            24, 'https://product.hstatic.net/200000722513/product/gearvn-tai-nghe-hp-hyperx-cloud-iii-wireless-red-1_b529095e42444b128058cb0da4703266.png', '2023-11-16T09:38:31+00:00',1);
        
INSERT INTO product_image (name, product_variant_id, image_url, is_main)
VALUES
    ('Ảnh 1', 96, 'https://product.hstatic.net/200000722513/product/gearvn-tai-nghe-hp-hyperx-cloud-iii-wireless-red-1_b529095e42444b128058cb0da4703266.png', TRUE),
    ('Ảnh 2', 96, 'https://product.hstatic.net/200000722513/product/gearvn-tai-nghe-hp-hyperx-cloud-iii-wireless-red-2_64cb1e8956f448e29c62f3dd3179b0e5.png', FALSE),
    ('Ảnh 3', 96, 'https://product.hstatic.net/200000722513/product/gearvn-tai-nghe-hp-hyperx-cloud-iii-wireless-red-3_5d3b15a0575c42979758e7fbd38d80d8.png', FALSE),
    ('Ảnh 4', 96, 'https://product.hstatic.net/200000722513/product/gearvn-tai-nghe-hp-hyperx-cloud-iii-wireless-red-4_9412c4b7dc1a4dc5a30ba4698072192d.png', FALSE),
    ('Ảnh 5', 96, 'https://product.hstatic.net/200000722513/product/gearvn-tai-nghe-hp-hyperx-cloud-iii-wireless-red-5_07e7144e75b14dfd892122dd3f2774ec.png', FALSE);
---
INSERT INTO product (name, seo_name, brand_id, specifications, description, created_by, image_url) 
    VALUES (
        'Tai nghe Corsair HS55 Carbon (CA-9011260-AP)', 'tai-nghe-corsair-hs55-carbon', 5,
        '{"Thương hiệu:": "Corsair", "Bảo hành:": "24 Tháng", "Model:": "Corsair HS55 Carbon", "Màu sắc:": "Đen", "Kiểu tai nghe": "Over-ear", "Kiểu kết nối:": "Có dây", "Microphone:": "Có", "Dây:": "Dài 1,8m", "Tần số :": "Tai nghe: 20Hz - 20000Hz, Micro: 100Hz - 10000Hz", "Trở kháng:": "Tai nghe: 32 Ohms @ 1 kHz, Micro: 2.2k Ohms", "Độ nhạy:": "Tai nghe: 114dB (+/-3dB), Micro: -41dB (+/-3dB)", "Drivers:": "50mm", "Tương thích:": "PC, Mac, PlayStation 4/5, Xbox One / Series XS, Nintendo Switch, Thiết bị di động", "Khả năng cách âm:": "Có"}',
        'HS55 Stereo là dòng sản phẩm tai nghe máy tính mới nhất đến từ Corsair, mang đến nhiều cải tiến về công nghệ âm thanh, giúp người dùng có những trải nghiệm tuyệt vời trong các trò chơi yêu thích.\n\n**Thiết kế ấn tượng, sang trọng**\n\nCorsair là hãng sản xuất thiết bị gaming gear chất lượng cao, được người tiêu dùng đánh giá cao về hiệu năng và thiết kế, từ bàn phím, chuột máy tính, tai nghe cho đến ghế gaming. Tai nghe chơi game Corsair HS55 Stereo là một thiết bị ấn tượng mà bất kỳ game thủ nào, dù là nghiệp dư hay chuyên nghiệp, cũng nên sở hữu. Với thiết kế over-ear (tai nghe chụp tai), sản phẩm mang đến âm thanh tốt và khả năng lọc tiếng ồn hiệu quả. Phối màu carbon sang trọng phù hợp với mọi không gian chơi game, làm việc. Đây không chỉ là phụ kiện giúp nâng cao chất lượng giải trí mà còn làm cho dàn PC của bạn thêm phần nổi bật.\n\n**Công nghệ âm thanh neodymium 50mm**\n\nSử dụng công nghệ âm thanh neodymium 50mm, HS55 Stereo cho phép người dùng tùy chỉnh âm thanh thông qua phần mềm hỗ trợ. Với dải tần số 20Hz - 20000Hz, sản phẩm mang đến âm thanh sống động, mạnh mẽ trong mọi trò chơi, nâng cao trải nghiệm cho mọi nhu cầu sử dụng, từ học tập đến giải trí.\n\n**Micro hỗ trợ thu giọng nói tuyệt vời**\n\nĐể người chơi có thể giao tiếp với đồng đội trong mọi trò chơi, HS55 Stereo Carbon được trang bị microphone gắn liền, có thể điều chỉnh qua phần mềm. Microphone này cho phép thu giọng nói rõ ràng, giúp bạn dễ dàng trao đổi thông tin trong mọi tình huống.\n\n**Trọng lượng siêu nhẹ**\n\nCorsair HS55 Carbon là dòng tai nghe siêu nhẹ, chỉ nặng 284g. Phần headband và chụp tai nghe được làm bằng nhựa, bọc chất liệu giả da cùng đệm foam cao cấp, mang đến sự thoải mái khi sử dụng trong thời gian dài.\n\n**Khả năng tương thích đa thiết bị**\n\nKết nối với nhiều nền tảng bao gồm PC, Xbox One, PlayStation, Switch và thiết bị di động thông qua cổng audio 3.5mm. Đi kèm với tai nghe là bộ chuyển đổi, cho phép HS55 hoạt động dễ dàng trên các máy tính cũ.',
        1, 'https://product.hstatic.net/200000722513/product/thumbtainghe-recovered_78f62db1124e4716a12f057d1a73f1c8_54d79267e0374aa8a441c68dc4c2e094.png'
    );
INSERT INTO product_category (product_id, category_id) VALUES (97, 24);
INSERT INTO product_variant (
        product_id, name, seo_name, supplier_id, price, price_sale, quantity, sku, model, barcode, 
        specifications, description, warranty, image_url, release_at, created_by)
        VALUES ( 97, 'Tai nghe Corsair HS55 Carbon (CA-9011260-AP)', 'tai-nghe-corsair-hs55-carbon',
            1, 1590000, 990000, 10, 'TAI-CORSAIR-H55-CARBON',
            'TAI-CORSAIR-H55-CARBON', 'TAI-CORSAIR-H55-CARBON',
            '{"Thương hiệu:": "Corsair", "Bảo hành:": "24 Tháng", "Model:": "Corsair HS55 Carbon", "Màu sắc:": "Đen", "Kiểu tai nghe": "Over-ear", "Kiểu kết nối:": "Có dây", "Microphone:": "Có", "Dây:": "Dài 1,8m", "Tần số :": "Tai nghe: 20Hz - 20000Hz, Micro: 100Hz - 10000Hz", "Trở kháng:": "Tai nghe: 32 Ohms @ 1 kHz, Micro: 2.2k Ohms", "Độ nhạy:": "Tai nghe: 114dB (+/-3dB), Micro: -41dB (+/-3dB)", "Drivers:": "50mm", "Tương thích:": "PC, Mac, PlayStation 4/5, Xbox One / Series XS, Nintendo Switch, Thiết bị di động", "Khả năng cách âm:": "Có"}',
            'HS55 Stereo là dòng sản phẩm tai nghe máy tính mới nhất đến từ Corsair, mang đến nhiều cải tiến về công nghệ âm thanh, giúp người dùng có những trải nghiệm tuyệt vời trong các trò chơi yêu thích.\n\n**Thiết kế ấn tượng, sang trọng**\n\nCorsair là hãng sản xuất thiết bị gaming gear chất lượng cao, được người tiêu dùng đánh giá cao về hiệu năng và thiết kế, từ bàn phím, chuột máy tính, tai nghe cho đến ghế gaming. Tai nghe chơi game Corsair HS55 Stereo là một thiết bị ấn tượng mà bất kỳ game thủ nào, dù là nghiệp dư hay chuyên nghiệp, cũng nên sở hữu. Với thiết kế over-ear (tai nghe chụp tai), sản phẩm mang đến âm thanh tốt và khả năng lọc tiếng ồn hiệu quả. Phối màu carbon sang trọng phù hợp với mọi không gian chơi game, làm việc. Đây không chỉ là phụ kiện giúp nâng cao chất lượng giải trí mà còn làm cho dàn PC của bạn thêm phần nổi bật.\n\n**Công nghệ âm thanh neodymium 50mm**\n\nSử dụng công nghệ âm thanh neodymium 50mm, HS55 Stereo cho phép người dùng tùy chỉnh âm thanh thông qua phần mềm hỗ trợ. Với dải tần số 20Hz - 20000Hz, sản phẩm mang đến âm thanh sống động, mạnh mẽ trong mọi trò chơi, nâng cao trải nghiệm cho mọi nhu cầu sử dụng, từ học tập đến giải trí.\n\n**Micro hỗ trợ thu giọng nói tuyệt vời**\n\nĐể người chơi có thể giao tiếp với đồng đội trong mọi trò chơi, HS55 Stereo Carbon được trang bị microphone gắn liền, có thể điều chỉnh qua phần mềm. Microphone này cho phép thu giọng nói rõ ràng, giúp bạn dễ dàng trao đổi thông tin trong mọi tình huống.\n\n**Trọng lượng siêu nhẹ**\n\nCorsair HS55 Carbon là dòng tai nghe siêu nhẹ, chỉ nặng 284g. Phần headband và chụp tai nghe được làm bằng nhựa, bọc chất liệu giả da cùng đệm foam cao cấp, mang đến sự thoải mái khi sử dụng trong thời gian dài.\n\n**Khả năng tương thích đa thiết bị**\n\nKết nối với nhiều nền tảng bao gồm PC, Xbox One, PlayStation, Switch và thiết bị di động thông qua cổng audio 3.5mm. Đi kèm với tai nghe là bộ chuyển đổi, cho phép HS55 hoạt động dễ dàng trên các máy tính cũ.',
            24, 'https://product.hstatic.net/200000722513/product/thumbtainghe-recovered_78f62db1124e4716a12f057d1a73f1c8_54d79267e0374aa8a441c68dc4c2e094.png', '2023-06-02T12:40:44+00:00',1);
        
INSERT INTO product_image (name, product_variant_id, image_url, is_main)
VALUES
    ('Ảnh 1', 97, 'https://product.hstatic.net/200000722513/product/thumbtainghe-recovered_78f62db1124e4716a12f057d1a73f1c8_54d79267e0374aa8a441c68dc4c2e094.png', TRUE),
    ('Ảnh 2', 97, 'https://product.hstatic.net/200000722513/product/2147_366689ccaa246e7cecfb6dbb589e85c5_6b734e4a285f4b4c981bda5690013345_96f5f7104f2e4dafb72c4e212ca94daa.jpg', FALSE),
    ('Ảnh 3', 97, 'https://product.hstatic.net/200000722513/product/2140_92f8bcb22ba3f930b23cda90b53770c1_200a7a1552d74b408e2f1fe12c58f7a1_68215882ee7941b6a85f980968043449.jpg', FALSE),
    ('Ảnh 4', 97, 'https://product.hstatic.net/200000722513/product/0625_1f1b7078767f105f89b59aeb4381eec8_896c290a37d44e72ae06751780faf1f2_841e761590b941feb8c8f2d6fa39088b.jpg', FALSE);
---
INSERT INTO product (name, seo_name, brand_id, specifications, description, created_by, image_url) 
    VALUES (
        'Tai nghe Corsair HS55 Wireless Carbon', 'tai-nghe-corsair-hs55-wireless-carbon', 5,
        '{"Thương hiệu": "Corsair", "Bảo hành": "24 tháng", "Model": "Tai nghe Corsair HS55 Wireless Carbon", "Màu sắc": "Đen", "Kiểu tai nghe": "Over-ear", "Kiểu kết nối": "Không dây (USB Wireless Receiver), Bluetooth", "Thời lượng pin": "Lên đến 24 giờ", "Phạm vi tai nghe không dây": "50ft (14.2m)", "Microphone": "Đa hướng", "Chất liệu khung": "Khung kim loại, đệm tai xốp Foam", "Tương thích": "PC, PlayStation 4", "Trở kháng": "Tai nghe: 32 Ohms, Micro: 1 kHz", "Tần số": "Tai nghe: 20Hz - 20000Hz, Micro: 100Hz - 10000Hz", "Độ nhạy": "Tai nghe: 114dB (+/- 3dB), Micro: -41dB (+/- 2dB)", "Chất lượng âm thanh": "Âm thanh Dolby 7.1", "Âm thanh vòm": "Có", "Khả năng cách âm": "Có", "Trình điều khiển tai nghe": "50mm", "Phần mềm": "Audio iCUE"}',
        'Tai nghe Corsair HS55 Wireless Carbon mang đến trải nghiệm âm thanh không dây vượt trội, kết hợp sự thoải mái, chất lượng âm thanh đỉnh cao và kết nối ổn định. Với thiết kế gọn nhẹ và đệm tai bằng bọt hoạt tính cao cấp bọc da nhân tạo, HS55 Wireless Carbon đảm bảo sự êm ái ngay cả khi sử dụng trong thời gian dài. Công nghệ âm thanh vòm Dolby Audio mang đến trường âm thanh sống động, giúp bạn đắm chìm hoàn toàn vào thế giới game, nhạc hay phim ảnh. Khả năng kết nối không dây 2.4GHz qua dongle USB-C cho độ trễ cực thấp, đảm bảo mọi âm thanh đều được truyền tải chính xác và tức thời. Ngoài ra, bạn còn có thể kết nối Bluetooth dễ dàng với các thiết bị di động. Micro có khả năng khử tiếng ồn giúp giọng nói của bạn luôn rõ ràng, rành mạch trong mọi cuộc gọi hay giao tiếp với đồng đội. Thời lượng pin ấn tượng lên đến 24 giờ sử dụng liên tục cho phép bạn thỏa sức giải trí mà không lo gián đoạn. Tích hợp các nút điều khiển trực quan trên củ tai giúp bạn dễ dàng điều chỉnh âm lượng, bật/tắt micro hoặc thay đổi cài đặt âm thanh. Tương thích rộng rãi với PC, PlayStation, Nintendo Switch và các thiết bị di động hỗ trợ Bluetooth. Tai nghe Corsair HS55 Wireless Carbon là lựa chọn hoàn hảo cho game thủ và người dùng yêu cầu chất lượng âm thanh cao, sự tiện lợi và thoải mái tối đa.',
        1, 'https://product.hstatic.net/200000722513/product/hs55-4_1ab2059600864d91996767dd35112177_73e284e6c19647c4aff885c7bbf72feb.gif'
    );
INSERT INTO product_category (product_id, category_id) VALUES (98, 24);
INSERT INTO product_variant (
        product_id, name, seo_name, supplier_id, price, price_sale, quantity, sku, model, barcode, 
        specifications, description, warranty, image_url, release_at, created_by)
        VALUES ( 98, 'Tai nghe Corsair HS55 Wireless Carbon', 'tai-nghe-corsair-hs55-wireless-carbon',
            1, 0, 2090000, 10, 'TAI-HS55-WL-CARBON',
            'TAI-HS55-WL-CARBON', 'TAI-HS55-WL-CARBON',
            '{"Thương hiệu": "Corsair", "Bảo hành": "24 tháng", "Model": "Tai nghe Corsair HS55 Wireless Carbon", "Màu sắc": "Đen", "Kiểu tai nghe": "Over-ear", "Kiểu kết nối": "Không dây (USB Wireless Receiver), Bluetooth", "Thời lượng pin": "Lên đến 24 giờ", "Phạm vi tai nghe không dây": "50ft (14.2m)", "Microphone": "Đa hướng", "Chất liệu khung": "Khung kim loại, đệm tai xốp Foam", "Tương thích": "PC, PlayStation 4", "Trở kháng": "Tai nghe: 32 Ohms, Micro: 1 kHz", "Tần số": "Tai nghe: 20Hz - 20000Hz, Micro: 100Hz - 10000Hz", "Độ nhạy": "Tai nghe: 114dB (+/- 3dB), Micro: -41dB (+/- 2dB)", "Chất lượng âm thanh": "Âm thanh Dolby 7.1", "Âm thanh vòm": "Có", "Khả năng cách âm": "Có", "Trình điều khiển tai nghe": "50mm", "Phần mềm": "Audio iCUE"}',
            'Tai nghe Corsair HS55 Wireless Carbon mang đến trải nghiệm âm thanh không dây vượt trội, kết hợp sự thoải mái, chất lượng âm thanh đỉnh cao và kết nối ổn định. Với thiết kế gọn nhẹ và đệm tai bằng bọt hoạt tính cao cấp bọc da nhân tạo, HS55 Wireless Carbon đảm bảo sự êm ái ngay cả khi sử dụng trong thời gian dài. Công nghệ âm thanh vòm Dolby Audio mang đến trường âm thanh sống động, giúp bạn đắm chìm hoàn toàn vào thế giới game, nhạc hay phim ảnh. Khả năng kết nối không dây 2.4GHz qua dongle USB-C cho độ trễ cực thấp, đảm bảo mọi âm thanh đều được truyền tải chính xác và tức thời. Ngoài ra, bạn còn có thể kết nối Bluetooth dễ dàng với các thiết bị di động. Micro có khả năng khử tiếng ồn giúp giọng nói của bạn luôn rõ ràng, rành mạch trong mọi cuộc gọi hay giao tiếp với đồng đội. Thời lượng pin ấn tượng lên đến 24 giờ sử dụng liên tục cho phép bạn thỏa sức giải trí mà không lo gián đoạn. Tích hợp các nút điều khiển trực quan trên củ tai giúp bạn dễ dàng điều chỉnh âm lượng, bật/tắt micro hoặc thay đổi cài đặt âm thanh. Tương thích rộng rãi với PC, PlayStation, Nintendo Switch và các thiết bị di động hỗ trợ Bluetooth. Tai nghe Corsair HS55 Wireless Carbon là lựa chọn hoàn hảo cho game thủ và người dùng yêu cầu chất lượng âm thanh cao, sự tiện lợi và thoải mái tối đa.',
            24, 'https://product.hstatic.net/200000722513/product/hs55-4_1ab2059600864d91996767dd35112177_73e284e6c19647c4aff885c7bbf72feb.gif', '2023-06-02T05:18:17+00:00',1);
        
INSERT INTO product_image (name, product_variant_id, image_url, is_main)
VALUES
    ('Ảnh 1', 98, 'https://product.hstatic.net/200000722513/product/hs55-4_1ab2059600864d91996767dd35112177_73e284e6c19647c4aff885c7bbf72feb.gif', TRUE),
    ('Ảnh 2', 98, 'https://product.hstatic.net/200000722513/product/gearvn-tai-nghe-corsair-hs55-wireless-carbon-1_d44291377a7444b6bf1923b0a9036476.jpg', FALSE),
    ('Ảnh 3', 98, 'https://product.hstatic.net/200000722513/product/gearvn-tai-nghe-corsair-hs55-wireless-carbon-2_4472f340d5e44fb5ba75ea7d6b33b55e.jpg', FALSE),
    ('Ảnh 4', 98, 'https://product.hstatic.net/200000722513/product/gearvn-tai-nghe-corsair-hs55-wireless-carbon-3_6bb0065be9ef4e378411d4284504f0e3.jpg', FALSE),
    ('Ảnh 5', 98, 'https://product.hstatic.net/200000722513/product/gearvn-tai-nghe-corsair-hs55-wireless-carbon-4_0ed82b7a3e494f2d95daec941df5b7b2.jpg', FALSE),
    ('Ảnh 6', 98, 'https://product.hstatic.net/200000722513/product/gearvn-tai-nghe-corsair-hs55-wireless-carbon-5_877983c0081247669e7936170206dd96.jpg', FALSE),
    ('Ảnh 7', 98, 'https://product.hstatic.net/200000722513/product/gearvn-tai-nghe-corsair-hs55-wireless-carbon-6_7f4ed22f3c1345c3bb9395a4604c21af.jpg', FALSE),
    ('Ảnh 8', 98, 'https://product.hstatic.net/200000722513/product/gearvn-tai-nghe-corsair-hs55-wireless-carbon-7_076e2c7a18fa44af988f7e60ed024d74.jpg', FALSE);
---
INSERT INTO product (name, seo_name, brand_id, specifications, description, created_by, image_url) 
    VALUES (
        'Tai nghe Corsair HS55 Wireless White', 'tai-nghe-corsair-hs55-wireless-white', 5,
        '{"Thương hiệu": "Corsair", "Bảo hành": "24 tháng", "Model": "Tai nghe Corsair HS55 Wireless White", "Màu sắc": "Trắng", "Kiểu tai nghe": "Over-ear", "Kiểu kết nối": "Không dây (USB Wireless Receiver), Bluetooth", "Thời lượng pin": "Lên đến 24 giờ", "Phạm vi tai nghe không dây": "50ft (14.2m)", "Microphone": "Đa hướng", "Chất liệu khung": "Khung kim loại, đệm tai xốp Foam", "Tương thích": "PC, PlayStation 4", "Trở kháng": "Tai nghe: 32 Ohms, Micro: 1 kHz", "Tần số": "Tai nghe: 20Hz - 20000Hz, Micro: 100Hz - 10000Hz", "Độ nhạy": "Tai nghe: 114dB (+/- 3dB), Micro: -41dB (+/- 2dB)", "Chất lượng âm thanh": "Âm thanh Dolby 7.1", "Âm thanh vòm": "Có", "Khả năng cách âm": "Có", "Trình điều khiển tai nghe": "50mm", "Phần mềm": "Audio iCUE"}',
        'Tai nghe Corsair HS55 Wireless White là sự kết hợp hoàn hảo giữa hiệu suất âm thanh đỉnh cao, sự thoải mái vượt trội và kết nối không dây tiện lợi, mang đến trải nghiệm giải trí và chơi game sống động. Sở hữu thiết kế hiện đại, gam màu trắng trang nhã, chiếc tai nghe này không chỉ là một thiết bị âm thanh mà còn là một phụ kiện thời trang cá tính.\n\nVới công nghệ không dây 2.4GHz độ trễ thấp, Corsair HS55 Wireless White cho phép bạn di chuyển tự do mà không lo gián đoạn tín hiệu, đảm bảo âm thanh luôn rõ ràng, sắc nét và đồng bộ với hình ảnh. Thời lượng pin ấn tượng lên đến 40 giờ sử dụng liên tục sau mỗi lần sạc đầy, bạn có thể yên tâm tận hưởng âm nhạc, phim ảnh hoặc những trận game kéo dài mà không cần lo lắng về việc hết pin.\n\nMàng loa Neodymium tùy chỉnh kích thước 50mm mang đến âm thanh vòm sống động, tái hiện chi tiết mọi cung bậc âm thanh, từ những tiếng bước chân nhỏ nhất trong game đến những giai điệu du dương của bản nhạc yêu thích. Micro đa hướng có khả năng khử tiếng ồn, có thể gập lên để tắt tiếng, đảm bảo giọng nói của bạn luôn rõ ràng và dễ nghe khi giao tiếp với đồng đội hoặc thực hiện các cuộc gọi.\n\nĐệm tai bằng mút hoạt tính (memory foam) bọc vải lưới thoáng khí mang lại cảm giác êm ái, dễ chịu ngay cả khi đeo trong thời gian dài. Thiết kế choàng đầu có thể điều chỉnh linh hoạt, phù hợp với nhiều kích cỡ đầu khác nhau. Các nút điều khiển trực quan được tích hợp ngay trên củ tai, giúp bạn dễ dàng điều chỉnh âm lượng, bật/tắt micro và quản lý kết nối chỉ với thao tác đơn giản.\n\nCorsair HS55 Wireless White tương thích với nhiều nền tảng như PC, PlayStation, Nintendo Switch, mang đến sự linh hoạt tối đa cho người dùng. Đây là lựa chọn lý tưởng cho những ai tìm kiếm một chiếc tai nghe không dây đa dụng, chất lượng cao, mang lại trải nghiệm âm thanh tuyệt vời và sự thoải mái tối đa.',
        1, 'https://product.hstatic.net/200000722513/product/hs55-w-1_e2f0634da6ce45c5990919d4102a7013_2313fe50d69b43e3988d6865017c1681.gif'
    );
INSERT INTO product_category (product_id, category_id) VALUES (99, 24);
INSERT INTO product_variant (
        product_id, name, seo_name, supplier_id, price, price_sale, quantity, sku, model, barcode, 
        specifications, description, warranty, image_url, release_at, created_by)
        VALUES ( 99, 'Tai nghe Corsair HS55 Wireless White', 'tai-nghe-corsair-hs55-wireless-white',
            1, 2590000, 2090000, 10, 'TAI-CORSAIR-HS55-WL-WHITE',
            'TAI-CORSAIR-HS55-WL-WHITE', 'TAI-CORSAIR-HS55-WL-WHITE',
            '{"Thương hiệu": "Corsair", "Bảo hành": "24 tháng", "Model": "Tai nghe Corsair HS55 Wireless White", "Màu sắc": "Trắng", "Kiểu tai nghe": "Over-ear", "Kiểu kết nối": "Không dây (USB Wireless Receiver), Bluetooth", "Thời lượng pin": "Lên đến 24 giờ", "Phạm vi tai nghe không dây": "50ft (14.2m)", "Microphone": "Đa hướng", "Chất liệu khung": "Khung kim loại, đệm tai xốp Foam", "Tương thích": "PC, PlayStation 4", "Trở kháng": "Tai nghe: 32 Ohms, Micro: 1 kHz", "Tần số": "Tai nghe: 20Hz - 20000Hz, Micro: 100Hz - 10000Hz", "Độ nhạy": "Tai nghe: 114dB (+/- 3dB), Micro: -41dB (+/- 2dB)", "Chất lượng âm thanh": "Âm thanh Dolby 7.1", "Âm thanh vòm": "Có", "Khả năng cách âm": "Có", "Trình điều khiển tai nghe": "50mm", "Phần mềm": "Audio iCUE"}',
            'Tai nghe Corsair HS55 Wireless White là sự kết hợp hoàn hảo giữa hiệu suất âm thanh đỉnh cao, sự thoải mái vượt trội và kết nối không dây tiện lợi, mang đến trải nghiệm giải trí và chơi game sống động. Sở hữu thiết kế hiện đại, gam màu trắng trang nhã, chiếc tai nghe này không chỉ là một thiết bị âm thanh mà còn là một phụ kiện thời trang cá tính.\n\nVới công nghệ không dây 2.4GHz độ trễ thấp, Corsair HS55 Wireless White cho phép bạn di chuyển tự do mà không lo gián đoạn tín hiệu, đảm bảo âm thanh luôn rõ ràng, sắc nét và đồng bộ với hình ảnh. Thời lượng pin ấn tượng lên đến 40 giờ sử dụng liên tục sau mỗi lần sạc đầy, bạn có thể yên tâm tận hưởng âm nhạc, phim ảnh hoặc những trận game kéo dài mà không cần lo lắng về việc hết pin.\n\nMàng loa Neodymium tùy chỉnh kích thước 50mm mang đến âm thanh vòm sống động, tái hiện chi tiết mọi cung bậc âm thanh, từ những tiếng bước chân nhỏ nhất trong game đến những giai điệu du dương của bản nhạc yêu thích. Micro đa hướng có khả năng khử tiếng ồn, có thể gập lên để tắt tiếng, đảm bảo giọng nói của bạn luôn rõ ràng và dễ nghe khi giao tiếp với đồng đội hoặc thực hiện các cuộc gọi.\n\nĐệm tai bằng mút hoạt tính (memory foam) bọc vải lưới thoáng khí mang lại cảm giác êm ái, dễ chịu ngay cả khi đeo trong thời gian dài. Thiết kế choàng đầu có thể điều chỉnh linh hoạt, phù hợp với nhiều kích cỡ đầu khác nhau. Các nút điều khiển trực quan được tích hợp ngay trên củ tai, giúp bạn dễ dàng điều chỉnh âm lượng, bật/tắt micro và quản lý kết nối chỉ với thao tác đơn giản.\n\nCorsair HS55 Wireless White tương thích với nhiều nền tảng như PC, PlayStation, Nintendo Switch, mang đến sự linh hoạt tối đa cho người dùng. Đây là lựa chọn lý tưởng cho những ai tìm kiếm một chiếc tai nghe không dây đa dụng, chất lượng cao, mang lại trải nghiệm âm thanh tuyệt vời và sự thoải mái tối đa.',
            24, 'https://product.hstatic.net/200000722513/product/hs55-w-1_e2f0634da6ce45c5990919d4102a7013_2313fe50d69b43e3988d6865017c1681.gif', '2023-06-02T05:18:27+00:00',1);
        
INSERT INTO product_image (name, product_variant_id, image_url, is_main)
VALUES
    ('Ảnh 1', 99, 'https://product.hstatic.net/200000722513/product/hs55-w-1_e2f0634da6ce45c5990919d4102a7013_2313fe50d69b43e3988d6865017c1681.gif', TRUE),
    ('Ảnh 2', 99, 'https://product.hstatic.net/200000722513/product/hs55-w-2_d5ce020c4b16495595ba907f081bc6da_055254f927e04811aeac57f3bd5cb2ab.gif', FALSE),
    ('Ảnh 3', 99, 'https://product.hstatic.net/200000722513/product/hs55-w-3_a1443aec4bd84620862541fb095f36c5_ad7790a0aa2e441c819d13dfb1e0dbbb.gif', FALSE),
    ('Ảnh 4', 99, 'https://product.hstatic.net/200000722513/product/hs55-w-4_ede1c29341c14563933862d14d36d4b2_e6c663b09e4e49a8b73475316cf2c9d7.gif', FALSE),
    ('Ảnh 5', 99, 'https://product.hstatic.net/200000722513/product/hs55-w-5_0e5c94a34a7a43a48ce99f25fbf87602_0224d76c10e34b8784f1d6d7e75d19aa.gif', FALSE);
---
INSERT INTO product (name, seo_name, brand_id, specifications, description, created_by, image_url) 
    VALUES (
        'Tai nghe DareU EH406 (MULTI-LED)', 'tai-nghe-dareu-eh406-multi-led', 25,
        '{"Thương hiệu": "Dare-U", "Tình trạng": "Mới", "Bảo hành": "12 tháng", "Màu sắc": "Đen"}',
        'DareU EH406 (MULTI-LED) là chiếc tai nghe gaming không chỉ mang đến trải nghiệm âm thanh sống động mà còn là điểm nhấn phong cách cho không gian chơi game của bạn. Nổi bật với hệ thống đèn LED đa sắc (MULTI-LED) rực rỡ, EH406 cho phép bạn đắm chìm vào thế giới game với hiệu ứng ánh sáng đồng bộ, thể hiện cá tính riêng biệt. Được trang bị củ loa chất lượng cao, tai nghe tái tạo âm thanh vòm chân thực, chi tiết đến từng tiếng bước chân của kẻ địch hay tiếng nổ uy lực, giúp bạn dễ dàng chiếm ưu thế trong mọi trận chiến. Micro đa hướng tích hợp công nghệ khử tiếng ồn đảm bảo giao tiếp rõ ràng, mạch lạc với đồng đội, loại bỏ mọi tạp âm gây nhiễu. Thiết kế công thái học với đệm tai mềm mại, thoáng khí và headband có thể điều chỉnh linh hoạt mang lại cảm giác thoải mái tối đa, ngay cả trong những phiên chơi game kéo dài. Dây cáp bền bỉ và kết nối USB tiện lợi hoàn thiện gói sản phẩm hoàn hảo này, biến DareU EH406 (MULTI-LED) thành lựa chọn lý tưởng cho mọi game thủ yêu thích sự kết hợp giữa hiệu năng vượt trội và phong cách ấn tượng.',
        1, 'https://product.hstatic.net/200000722513/product/1_2cc845a01c7e49b092fcb5b8924c12b4.jpg'
    );
INSERT INTO product_category (product_id, category_id) VALUES (100, 24);
INSERT INTO product_variant (
        product_id, name, seo_name, supplier_id, price, price_sale, quantity, sku, model, barcode, 
        specifications, description, warranty, image_url, release_at, created_by)
        VALUES ( 100, 'Tai nghe DareU EH406 (MULTI-LED)', 'tai-nghe-dareu-eh406-multi-led',
            1, 399000, 260000, 10, 'TAI-DAREU-EH406',
            'TAI-DAREU-EH406', 'TAI-DAREU-EH406',
            '{"Loại tai nghe": "Có dây", "Kết nối": "Có dây", "Thiết kế": "Chụp tai", "Chuẩn kết nối": "USB", "Microphone": "Có", "Driver": "50mm", "Chip xử lý âm thanh": "DareU-GPD8106B", "Hiệu ứng âm thanh": "Giả lập 7.1", "Chất liệu đệm tai": "Da mềm", "Vòng chụp đầu": "Kim loại", "Dải tần số": "20Hz-20KHz", "Chiều dài dây": "2.0m"}',
            'DareU EH406 (MULTI-LED) là chiếc tai nghe gaming không chỉ mang đến trải nghiệm âm thanh sống động mà còn là điểm nhấn phong cách cho không gian chơi game của bạn. Nổi bật với hệ thống đèn LED đa sắc (MULTI-LED) rực rỡ, EH406 cho phép bạn đắm chìm vào thế giới game với hiệu ứng ánh sáng đồng bộ, thể hiện cá tính riêng biệt. Được trang bị củ loa chất lượng cao, tai nghe tái tạo âm thanh vòm chân thực, chi tiết đến từng tiếng bước chân của kẻ địch hay tiếng nổ uy lực, giúp bạn dễ dàng chiếm ưu thế trong mọi trận chiến. Micro đa hướng tích hợp công nghệ khử tiếng ồn đảm bảo giao tiếp rõ ràng, mạch lạc với đồng đội, loại bỏ mọi tạp âm gây nhiễu. Thiết kế công thái học với đệm tai mềm mại, thoáng khí và headband có thể điều chỉnh linh hoạt mang lại cảm giác thoải mái tối đa, ngay cả trong những phiên chơi game kéo dài. Dây cáp bền bỉ và kết nối USB tiện lợi hoàn thiện gói sản phẩm hoàn hảo này, biến DareU EH406 (MULTI-LED) thành lựa chọn lý tưởng cho mọi game thủ yêu thích sự kết hợp giữa hiệu năng vượt trội và phong cách ấn tượng.',
            12, 'https://product.hstatic.net/200000722513/product/1_2cc845a01c7e49b092fcb5b8924c12b4.jpg', '2023-11-02T01:54:21+00:00',1);
        
INSERT INTO product_image (name, product_variant_id, image_url, is_main)
VALUES
    ('Ảnh 1', 100, 'https://product.hstatic.net/200000722513/product/1_2cc845a01c7e49b092fcb5b8924c12b4.jpg', TRUE),
    ('Ảnh 2', 100, 'https://product.hstatic.net/200000722513/product/30005a18077dd4bd5879debad2965887_66aba1995a2f42098d74786c930923c3.png', FALSE),
    ('Ảnh 3', 100, 'https://product.hstatic.net/200000722513/product/9973ddfd80b42e122ad4d9703161266e_41f6c55ba3e34fe48e5932443335561a.png', FALSE),
    ('Ảnh 4', 100, 'https://product.hstatic.net/200000722513/product/7e616841c62c9d53f1d9f8ccc97b486c_a7f94172350343639f12963f17bfd6fa.png', FALSE);
---
INSERT INTO product (name, seo_name, brand_id, specifications, description, created_by, image_url) 
    VALUES (
        'Tai nghe Gaming Havit TW920', 'tai-nghe-gaming-havit-tw920', 59,
        '{"Phiên bản Bluetooth:": "V5.1", "Pin tai nghe:": "30mAh*2 (Sạc đầy trong 1.5H)", "Hộp sạc pin:": "300mAh", "Thời gian sử dụng:": "4H (60% âm lượng)", "Thời gian đàm thoại:": "3 giờ", "Thời gian sạc:": "~1.5 giờ", "Trọng lượng:": "40g", "Loa:": "10MM*2", "Cổng sạc:": "USB-C", "Phạm vi tai nghe:": "10M (Không có chướng ngại vật)"}',
        'Tai nghe Gaming Havit TW920 là một lựa chọn tuyệt vời cho các game thủ chuyên nghiệp và người yêu âm nhạc, mang đến trải nghiệm âm thanh sống động và chi tiết. Với thiết kế hiện đại, năng động và chất liệu cao cấp, Havit TW920 không chỉ đảm bảo sự thoải mái khi sử dụng trong thời gian dài mà còn tạo nên phong cách riêng biệt cho người dùng. Âm thanh vòm 7.1 ảo tái tạo không gian game chân thực, giúp bạn dễ dàng xác định vị trí kẻ địch và phản ứng nhanh nhạy. Màng loa lớn với công nghệ âm thanh tiên tiến mang đến âm bass mạnh mẽ, âm trung rõ ràng và âm cao trong trẻo, làm nổi bật từng hiệu ứng âm thanh trong game, từ tiếng bước chân, tiếng súng cho đến những giai điệu nhạc nền kịch tính. Microphone tích hợp có khả năng lọc tiếng ồn hiệu quả, thu âm giọng nói trong trẻo, giúp bạn giao tiếp rõ ràng với đồng đội mà không bị ảnh hưởng bởi tiếng ồn xung quanh. Đệm tai bằng chất liệu da mềm mại, thoáng khí, ôm sát tai, giảm thiểu áp lực và cách âm tốt, cho phép bạn tập trung hoàn toàn vào trận đấu. Thiết kế khung tai nghe có thể điều chỉnh linh hoạt, phù hợp với mọi kích cỡ đầu. Đèn LED RGB trên tai nghe tạo hiệu ứng ánh sáng đẹp mắt, tăng thêm phần hấp dẫn cho không gian giải trí của bạn. Cổng kết nối USB tiện lợi, tương thích với nhiều thiết bị như PC, laptop, PlayStation, Xbox. Sản phẩm được chế tác từ vật liệu bền bỉ, đảm bảo tuổi thọ cao, là người bạn đồng hành đáng tin cậy trên mọi chiến trường ảo.',
        1, 'https://product.hstatic.net/200000722513/product/gearvn-tai-nghe-gaming-havit-tw920-true-wireless-1_e69737f6000241d1bf4465e0e7b29ab4.png'
    );
INSERT INTO product_category (product_id, category_id) VALUES (101, 24);
INSERT INTO product_variant (
        product_id, name, seo_name, supplier_id, price, price_sale, quantity, sku, model, barcode, 
        specifications, description, warranty, image_url, release_at, created_by)
        VALUES ( 101, 'Tai nghe Gaming Havit TW920', 'tai-nghe-gaming-havit-tw920',
            1, 490000, 350000, 10, 'TAI-HAVIT-TW920',
            'TAI-HAVIT-TW920', 'TAI-HAVIT-TW920',
            '{"Phiên bản Bluetooth:": "V5.1", "Pin tai nghe:": "30mAh*2 (Sạc đầy trong 1.5H)", "Hộp sạc pin:": "300mAh", "Thời gian sử dụng:": "4H (60% âm lượng)", "Thời gian đàm thoại:": "3 giờ", "Thời gian sạc:": "~1.5 giờ", "Trọng lượng:": "40g", "Loa:": "10MM*2", "Cổng sạc:": "USB-C", "Phạm vi tai nghe:": "10M (Không có chướng ngại vật)"}',
            'Tai nghe Gaming Havit TW920 là một lựa chọn tuyệt vời cho các game thủ chuyên nghiệp và người yêu âm nhạc, mang đến trải nghiệm âm thanh sống động và chi tiết. Với thiết kế hiện đại, năng động và chất liệu cao cấp, Havit TW920 không chỉ đảm bảo sự thoải mái khi sử dụng trong thời gian dài mà còn tạo nên phong cách riêng biệt cho người dùng. Âm thanh vòm 7.1 ảo tái tạo không gian game chân thực, giúp bạn dễ dàng xác định vị trí kẻ địch và phản ứng nhanh nhạy. Màng loa lớn với công nghệ âm thanh tiên tiến mang đến âm bass mạnh mẽ, âm trung rõ ràng và âm cao trong trẻo, làm nổi bật từng hiệu ứng âm thanh trong game, từ tiếng bước chân, tiếng súng cho đến những giai điệu nhạc nền kịch tính. Microphone tích hợp có khả năng lọc tiếng ồn hiệu quả, thu âm giọng nói trong trẻo, giúp bạn giao tiếp rõ ràng với đồng đội mà không bị ảnh hưởng bởi tiếng ồn xung quanh. Đệm tai bằng chất liệu da mềm mại, thoáng khí, ôm sát tai, giảm thiểu áp lực và cách âm tốt, cho phép bạn tập trung hoàn toàn vào trận đấu. Thiết kế khung tai nghe có thể điều chỉnh linh hoạt, phù hợp với mọi kích cỡ đầu. Đèn LED RGB trên tai nghe tạo hiệu ứng ánh sáng đẹp mắt, tăng thêm phần hấp dẫn cho không gian giải trí của bạn. Cổng kết nối USB tiện lợi, tương thích với nhiều thiết bị như PC, laptop, PlayStation, Xbox. Sản phẩm được chế tác từ vật liệu bền bỉ, đảm bảo tuổi thọ cao, là người bạn đồng hành đáng tin cậy trên mọi chiến trường ảo.',
            12, 'https://product.hstatic.net/200000722513/product/gearvn-tai-nghe-gaming-havit-tw920-true-wireless-1_e69737f6000241d1bf4465e0e7b29ab4.png', '2023-11-14T08:17:07+00:00',1);
        
INSERT INTO product_image (name, product_variant_id, image_url, is_main)
VALUES
    ('Ảnh 1', 101, 'https://product.hstatic.net/200000722513/product/gearvn-tai-nghe-gaming-havit-tw920-true-wireless-1_e69737f6000241d1bf4465e0e7b29ab4.png', TRUE),
    ('Ảnh 2', 101, 'https://product.hstatic.net/200000722513/product/gearvn-tai-nghe-gaming-havit-tw920-true-wireless-2_5bdb62b393f742279d649130eeaa66d6.png', FALSE),
    ('Ảnh 3', 101, 'https://product.hstatic.net/200000722513/product/gearvn-tai-nghe-gaming-havit-tw920-true-wireless-3_b000d316bb9d471e940df5efe1a88ec4.png', FALSE);
---
INSERT INTO product (name, seo_name, brand_id, specifications, description, created_by, image_url) 
    VALUES (
        'Tai nghe Corsair HS80 White RGB Wireless', 'tai-nghe-corsair-hs80-white-rgb-wireless', 5,
        '{"Thương hiệu": "Corsair", "Tần số": "Tai nghe: 20Hz - 40kHz, Micro: 100Hz - 10kHz", "Pin": "Thời lượng lên đến 20 tiếng", "Độ nhạy": "Tai nghe: 116dB (+/-3dB), Micro: -40dB (+/-3dB)", "Kết nối": "Không dây Wireless", "Trở kháng": "Tai nghe: 32k Ohms @ 1kHz, Micro: 2.2k Ohms", "Led": "RGB", "Drivers": "50mm", "Công nghệ âm thanh": "Dolby Atmos", "Tương thích": "PC, Mac, PlayStation 4/5"}',
        'Tai nghe HS80 RGB nó mang đến âm thanh cực kỳ rõ nét thông qua trình điều khiển âm thanh neodymium 50mm, được tuỳ chỉnh điều chỉnh bằng Dolby Atmos đắm chìm.\n\n\n\nHS80 RGB sở hữu chất lượng âm thanh vượt trội\nDòng sản phẩm tai nghe HS80 RGB được trang bị driver âm thanh neodymium 50mm cùng với dải tần số lên đến 20Hz - 30kHz, tai nghe Corsair sẽ đem lại những âm thanh rõ nét nhất từ những tiếng bước chân nhỏ nhẹ đến những vụ nổ chấn động.\n\nTNC Store Tai Nghe Corsair HS80 RGB USB White\n\nChất build tuyệt vời cho cảm giác đeo thoải mái\nHai miếng đệm tai của HS80 RGB được làm từ mút hoạt tính, được bọc bằng lớp vải thoáng khí và headband tự co giãn cho cảm giác thoải mái khi đeo tai nghe để làm việc hoặc giải trí trong thời gian dài mà không bị nặng đầu, khó chịu như những chiếc tai nghe Bluetooth khác.\n\nCông nghệ Dolby Atmos\nTai nghe gaming HS80 RGB trang bị công nghệ âm thanh cao cấp Dolby Atmos mang lại sự chính xác cho âm thanh trong các tựa game, cho bạn cảm nhận và xử lý vượt trội trong nhiều trận thi đấu.\n\nThoải mái kết nối\nSở hữu WIRELESS SLIPSTREAM, Corsair HS80 RGB Wireless cung cấp cho bạn một khả năng kết nối với độ trễ cực thấp, siêu nhanh cùng phạm vi kết nối lên tới 60ft và thời gian sử dụng bền bỉ, 20 tiếng. Đây sẽ là chiếc tai nghe wireless gaming mà bạn sẽ muốn sở hữu đấy.\n\nMicro đa hướng tiện lợi\nBạn có thể thao tác một cách dễ dàng với micro đa hướng của Corsair HS80 RGB Wireless, khi có thể gập lên không sử dụng và gạt xuống để bật mic. Cùng với đèn báo tích hợp ngay trên micro giúp bạn biết tình trạng hoạt động của microphone.\n\nTNC Store Tai Nghe Corsair HS80 RGB USB White\n\nNhững tính năng đi kèm\nĐiều tạo nên sự cải tiến của tai nghe Corsair HS80 RGB đó là những tính năng đi kèm, bao gồm:\n\n \n\nĐiều chỉnh dễ dàng: Bạn có thể nhanh chóng điều chỉnh âm lượng và tắt mic ngay trên tai nghe mà không cần tạm ngưng trò chơi.\nKết nối 3 trong 1: Với một bộ thu USB, có thể hỗ trợ 3 thiết bị có WIRELESS SLIPSTREAM.\nRGB rực rỡ: Tùy chỉnh LED RGB trên Corsair HS80 RGB Wireless cùng hòa mình vào bữa tiệc ánh sáng.\nTương thích PS4 và PS5: Tai nghe gaming Corsair HS80 RGB Wireless có thể kết nối với cả những chiếc máy chơi game console PS4 và PS5.',
        1, 'https://product.hstatic.net/200000722513/product/thumbtainghe_63461bb2a1984570a743fe2b315ee032_30bb537abcc24c5ab103da07b50eb4f1.png'
    );
INSERT INTO product_category (product_id, category_id) VALUES (102, 24);
INSERT INTO product_variant (
        product_id, name, seo_name, supplier_id, price, price_sale, quantity, sku, model, barcode, 
        specifications, description, warranty, image_url, release_at, created_by)
        VALUES ( 102, 'Tai nghe Corsair HS80 White RGB Wireless', 'tai-nghe-corsair-hs80-white-rgb-wireless',
            1, 0, 3450000, 10, 'TAI-COR-HS80-WHITE-RGB-WL',
            'TAI-COR-HS80-WHITE-RGB-WL', 'TAI-COR-HS80-WHITE-RGB-WL',
            '{"Thương hiệu": "Corsair", "Tần số": "Tai nghe: 20Hz - 40kHz, Micro: 100Hz - 10kHz", "Pin": "Thời lượng lên đến 20 tiếng", "Độ nhạy": "Tai nghe: 116dB (+/-3dB), Micro: -40dB (+/-3dB)", "Kết nối": "Không dây Wireless", "Trở kháng": "Tai nghe: 32k Ohms @ 1kHz, Micro: 2.2k Ohms", "Led": "RGB", "Drivers": "50mm", "Công nghệ âm thanh": "Dolby Atmos", "Tương thích": "PC, Mac, PlayStation 4/5"}',
            'Tai nghe HS80 RGB nó mang đến âm thanh cực kỳ rõ nét thông qua trình điều khiển âm thanh neodymium 50mm, được tuỳ chỉnh điều chỉnh bằng Dolby Atmos đắm chìm.\n\n\n\nHS80 RGB sở hữu chất lượng âm thanh vượt trội\nDòng sản phẩm tai nghe HS80 RGB được trang bị driver âm thanh neodymium 50mm cùng với dải tần số lên đến 20Hz - 30kHz, tai nghe Corsair sẽ đem lại những âm thanh rõ nét nhất từ những tiếng bước chân nhỏ nhẹ đến những vụ nổ chấn động.\n\nTNC Store Tai Nghe Corsair HS80 RGB USB White\n\nChất build tuyệt vời cho cảm giác đeo thoải mái\nHai miếng đệm tai của HS80 RGB được làm từ mút hoạt tính, được bọc bằng lớp vải thoáng khí và headband tự co giãn cho cảm giác thoải mái khi đeo tai nghe để làm việc hoặc giải trí trong thời gian dài mà không bị nặng đầu, khó chịu như những chiếc tai nghe Bluetooth khác.\n\nCông nghệ Dolby Atmos\nTai nghe gaming HS80 RGB trang bị công nghệ âm thanh cao cấp Dolby Atmos mang lại sự chính xác cho âm thanh trong các tựa game, cho bạn cảm nhận và xử lý vượt trội trong nhiều trận thi đấu.\n\nThoải mái kết nối\nSở hữu WIRELESS SLIPSTREAM, Corsair HS80 RGB Wireless cung cấp cho bạn một khả năng kết nối với độ trễ cực thấp, siêu nhanh cùng phạm vi kết nối lên tới 60ft và thời gian sử dụng bền bỉ, 20 tiếng. Đây sẽ là chiếc tai nghe wireless gaming mà bạn sẽ muốn sở hữu đấy.\n\nMicro đa hướng tiện lợi\nBạn có thể thao tác một cách dễ dàng với micro đa hướng của Corsair HS80 RGB Wireless, khi có thể gập lên không sử dụng và gạt xuống để bật mic. Cùng với đèn báo tích hợp ngay trên micro giúp bạn biết tình trạng hoạt động của microphone.\n\nTNC Store Tai Nghe Corsair HS80 RGB USB White\n\nNhững tính năng đi kèm\nĐiều tạo nên sự cải tiến của tai nghe Corsair HS80 RGB đó là những tính năng đi kèm, bao gồm:\n\n \n\nĐiều chỉnh dễ dàng: Bạn có thể nhanh chóng điều chỉnh âm lượng và tắt mic ngay trên tai nghe mà không cần tạm ngưng trò chơi.\nKết nối 3 trong 1: Với một bộ thu USB, có thể hỗ trợ 3 thiết bị có WIRELESS SLIPSTREAM.\nRGB rực rỡ: Tùy chỉnh LED RGB trên Corsair HS80 RGB Wireless cùng hòa mình vào bữa tiệc ánh sáng.\nTương thích PS4 và PS5: Tai nghe gaming Corsair HS80 RGB Wireless có thể kết nối với cả những chiếc máy chơi game console PS4 và PS5.',
            24, 'https://product.hstatic.net/200000722513/product/thumbtainghe_63461bb2a1984570a743fe2b315ee032_30bb537abcc24c5ab103da07b50eb4f1.png', '2023-06-02T12:41:28+00:00',1);
        
INSERT INTO product_image (name, product_variant_id, image_url, is_main)
VALUES
    ('Ảnh 1', 102, 'https://product.hstatic.net/200000722513/product/thumbtainghe_63461bb2a1984570a743fe2b315ee032_30bb537abcc24c5ab103da07b50eb4f1.png', TRUE),
    ('Ảnh 2', 102, 'https://product.hstatic.net/200000722513/product/0185_84a1a6f1918e7cdcc449486a9c9cf6a3_1001d0e919e049c6a0766bdac4c4da26_a6c62ca4e7f7471fa11a7b6221f110ef.jpg', FALSE),
    ('Ảnh 3', 102, 'https://product.hstatic.net/200000722513/product/6621_6539e30e1f15d203eea789372e1828f6_48b0272eb6d54dafb3bceb1d062f2161_54ec653d200c40f08c66e0260dee0176.jpg', FALSE),
    ('Ảnh 4', 102, 'https://product.hstatic.net/200000722513/product/5342_8d421041d99d3257b30e2ad3d7f43740_c303f5243c624113ad2b8736fb569a6c_e830dd3f6dd046aa93b7534711311791.jpg', FALSE),
    ('Ảnh 5', 102, 'https://product.hstatic.net/200000722513/product/6897_4d17e20bfc0bdf52c3f11eb11f13bc8f_7adef77879d14c4b9eba5a95607346c1_707cdf1816e04567a4b3375dbb1f4f8f.jpg', FALSE),
    ('Ảnh 6', 102, 'https://product.hstatic.net/200000722513/product/8251_f91a853ea43dab909497320b70e004ce_2ebfc1c9e64944c3bcb25ff6e6eed8ad_a0e1c9b343dc4c6987b11d38a53eec94.jpg', FALSE),
    ('Ảnh 7', 102, 'https://product.hstatic.net/200000722513/product/1293_839cbc5ad80c73664fdd8af33915302b_caa3360815dd4a7a953dc1bcc71f746e_d89ac49d99c242789c45829cc797d391.jpg', FALSE);
---
INSERT INTO product (name, seo_name, brand_id, specifications, description, created_by, image_url) 
    VALUES (
        'Tai nghe Corsair Virtuoso RGB Wireless SE Espresso', 'tai-nghe-corsair-virtuoso-rgb-wireless-se-espresso', 5,
        '{"Hãng sản xuất:": "Corsair", "Model:": "Virtuoso RGB Wireless SE Espresso", "Loại tai nghe:": "Wireless", "Chất liệu:": "Khung kim loại, đệm tai nghe xốp Foam", "Màu sắc:": "Espresso", "Chất lượng âm thanh:": "7.1 Surround", "Âm thanh vòm:": "Có", "Kích thước màng loa (mm):": "50", "Tần số đáp ứng (Hz):": "20Hz - 40kHz", "Trở kháng:": "32 Ohms", "Độ nhạy tai nghe:": "109dB (+/-3dB)", "Tương thích:": "PC, PlayStation 5, PS4", "Phần mềm:": "Audio CUE", "Loại microphone:": "Khử ồn 1 chiều", "Tần số microphone:": "100Hz - 10kHz", "Trở kháng microphone:": "2.2k Ohms", "Kích thước:": "160 x 100 x 205 (mm)"}',
        'Tai nghe Corsair Virtuoso RGB Wireless SE Espresso là đỉnh cao của âm thanh không dây, mang đến trải nghiệm chơi game và giải trí tuyệt vời. Với thiết kế sang trọng tông màu Espresso đầy cuốn hút, sản phẩm không chỉ đẹp mắt mà còn sở hữu chất lượng âm thanh đỉnh cao nhờ củ loa neodymium cao cấp kích thước 50mm, tái tạo âm thanh chi tiết, sống động và mạnh mẽ. Công nghệ âm thanh vòm Dolby® Headphone 7.1 mang đến khả năng định vị âm thanh chính xác, giúp bạn phản ứng nhanh nhạy trong mọi tình huống game. Kết nối không dây độ trễ thấp 2.4GHz Slipstream Wireless đảm bảo tín hiệu ổn định, liền mạch, không giật lag, cùng với tùy chọn kết nối có dây qua USB và 3.5mm cho sự linh hoạt tối đa. Micro đa hướng chất lượng phòng thu có thể tháo rời, trang bị đèn LED báo trạng thái, thu âm giọng nói rõ ràng, khử tiếng ồn hiệu quả, giúp giao tiếp với đồng đội trở nên mượt mà. Đệm tai bằng bọt hoạt tính cao cấp bọc da protein mềm mại, cùng với khung tai nghe bằng nhôm nhẹ nhàng, mang lại sự thoải mái tối đa ngay cả khi đeo trong thời gian dài. Hệ thống đèn LED RGB tùy chỉnh với hàng triệu màu sắc trên củ tai và logo Corsair, cho phép bạn thể hiện phong cách cá nhân độc đáo. Pin sạc dung lượng lớn cung cấp thời gian sử dụng lên đến 20 giờ, đáp ứng nhu cầu sử dụng liên tục. Phần mềm iCUE mạnh mẽ cho phép tùy chỉnh EQ, hiệu ứng ánh sáng và nhiều cài đặt âm thanh khác, mang đến trải nghiệm âm thanh hoàn toàn theo ý muốn của bạn. Corsair Virtuoso RGB Wireless SE Espresso - lựa chọn hoàn hảo cho game thủ và người yêu âm nhạc.',
        1, 'https://product.hstatic.net/200000722513/product/11181-na-gallery-virtuoso-se-brown-01_925fbcaeb9894d5d826ee9f4b805618e_b6b38f6665df470b8137973797647ba6.png'
    );
INSERT INTO product_category (product_id, category_id) VALUES (103, 24);
INSERT INTO product_variant (
        product_id, name, seo_name, supplier_id, price, price_sale, quantity, sku, model, barcode, 
        specifications, description, warranty, image_url, release_at, created_by)
        VALUES ( 103, 'Tai nghe Corsair Virtuoso RGB Wireless SE Espresso', 'tai-nghe-corsair-virtuoso-rgb-wireless-se-espresso',
            1, 5600000, 5490000, 10, 'TAI-COR-VIR-RGB-WIR-SE-ESP',
            'TAI-COR-VIR-RGB-WIR-SE-ESP', 'TAI-COR-VIR-RGB-WIR-SE-ESP',
            '{"Hãng sản xuất:": "Corsair", "Model:": "Virtuoso RGB Wireless SE Espresso", "Loại tai nghe:": "Wireless", "Chất liệu:": "Khung kim loại, đệm tai nghe xốp Foam", "Màu sắc:": "Espresso", "Chất lượng âm thanh:": "7.1 Surround", "Âm thanh vòm:": "Có", "Kích thước màng loa (mm):": "50", "Tần số đáp ứng (Hz):": "20Hz - 40kHz", "Trở kháng:": "32 Ohms", "Độ nhạy tai nghe:": "109dB (+/-3dB)", "Tương thích:": "PC, PlayStation 5, PS4", "Phần mềm:": "Audio CUE", "Loại microphone:": "Khử ồn 1 chiều", "Tần số microphone:": "100Hz - 10kHz", "Trở kháng microphone:": "2.2k Ohms", "Kích thước:": "160 x 100 x 205 (mm)"}',
            'Tai nghe Corsair Virtuoso RGB Wireless SE Espresso là đỉnh cao của âm thanh không dây, mang đến trải nghiệm chơi game và giải trí tuyệt vời. Với thiết kế sang trọng tông màu Espresso đầy cuốn hút, sản phẩm không chỉ đẹp mắt mà còn sở hữu chất lượng âm thanh đỉnh cao nhờ củ loa neodymium cao cấp kích thước 50mm, tái tạo âm thanh chi tiết, sống động và mạnh mẽ. Công nghệ âm thanh vòm Dolby® Headphone 7.1 mang đến khả năng định vị âm thanh chính xác, giúp bạn phản ứng nhanh nhạy trong mọi tình huống game. Kết nối không dây độ trễ thấp 2.4GHz Slipstream Wireless đảm bảo tín hiệu ổn định, liền mạch, không giật lag, cùng với tùy chọn kết nối có dây qua USB và 3.5mm cho sự linh hoạt tối đa. Micro đa hướng chất lượng phòng thu có thể tháo rời, trang bị đèn LED báo trạng thái, thu âm giọng nói rõ ràng, khử tiếng ồn hiệu quả, giúp giao tiếp với đồng đội trở nên mượt mà. Đệm tai bằng bọt hoạt tính cao cấp bọc da protein mềm mại, cùng với khung tai nghe bằng nhôm nhẹ nhàng, mang lại sự thoải mái tối đa ngay cả khi đeo trong thời gian dài. Hệ thống đèn LED RGB tùy chỉnh với hàng triệu màu sắc trên củ tai và logo Corsair, cho phép bạn thể hiện phong cách cá nhân độc đáo. Pin sạc dung lượng lớn cung cấp thời gian sử dụng lên đến 20 giờ, đáp ứng nhu cầu sử dụng liên tục. Phần mềm iCUE mạnh mẽ cho phép tùy chỉnh EQ, hiệu ứng ánh sáng và nhiều cài đặt âm thanh khác, mang đến trải nghiệm âm thanh hoàn toàn theo ý muốn của bạn. Corsair Virtuoso RGB Wireless SE Espresso - lựa chọn hoàn hảo cho game thủ và người yêu âm nhạc.',
            24, 'https://product.hstatic.net/200000722513/product/11181-na-gallery-virtuoso-se-brown-01_925fbcaeb9894d5d826ee9f4b805618e_b6b38f6665df470b8137973797647ba6.png', '2023-06-03T06:59:35+00:00',1);
        
INSERT INTO product_image (name, product_variant_id, image_url, is_main)
VALUES
    ('Ảnh 1', 103, 'https://product.hstatic.net/200000722513/product/11181-na-gallery-virtuoso-se-brown-01_925fbcaeb9894d5d826ee9f4b805618e_b6b38f6665df470b8137973797647ba6.png', TRUE),
    ('Ảnh 2', 103, 'https://product.hstatic.net/200000722513/product/11181-na-gallery-virtuoso-se-brown-20_c5e5bb5fbc884c9d8c217fd1ce975dd3_f1103f856ae44bb3b0916dd6008ae040.png', FALSE),
    ('Ảnh 3', 103, 'https://product.hstatic.net/200000722513/product/11181-na-gallery-virtuoso-se-brown-22_71cc3fc81f6e4f89838c81dfb7a300a8_41d1b0b06e554c388899290ca9ce490f.png', FALSE),
    ('Ảnh 4', 103, 'https://product.hstatic.net/200000722513/product/11181-na-gallery-virtuoso-se-brown-25_c2550c57613642538a37f0d916b0f0c3_3f770eaeca74415b8d1ee38ddaa27973.png', FALSE),
    ('Ảnh 5', 103, 'https://product.hstatic.net/200000722513/product/11181-na-gallery-virtuoso-se-brown-24_1aeda0dd179c49d99698954e11ba3bfc_e1d0b7fcd9bc480ca144c9d2fdfb78d6.png', FALSE),
    ('Ảnh 6', 103, 'https://product.hstatic.net/200000722513/product/11181-na-gallery-virtuoso-se-brown-26_b1aa286528fe4ad5a602707e955524c7_44c7d3ef9a7b4c84aa801e6d5cd2afa0.png', FALSE),
    ('Ảnh 7', 103, 'https://product.hstatic.net/200000722513/product/11181-na-gallery-virtuoso-se-brown-29_2ac6275ddf934244bef31e36d6f57170_2697c739f7234964be629e91659d3a16.png', FALSE);
---
INSERT INTO product (name, seo_name, brand_id, specifications, description, created_by, image_url) 
    VALUES (
        'Tai nghe Corsair Virtuoso RGB Wireless - Gunmetal (CA-9011180-AP)', 'corsair-virtuoso-rgb-wireless-gunmetal', 5,
        '{"Hãng sản xuất": "Corsair", "Model": "Virtuoso", "Kết nối": "Không dây Slipstream / USB / 3.5mm", "Âm Thanh": "7.1", "Dải tần số": "Tai nghe: 20-40000Hz, Micro: 100-10000Hz", "Drivers": "50mm", "Micro": "9.5mm đa hướng có thể tháo rời", "Phạm vi kết nối không dây": "18m", "Thời gian sử dụng": "20 giờ", "LED": "RGB", "Chất liệu": "Nhôm cao cấp"}',
        'CORSAIR VIRTUOSO RGB Wireless mang đến trải nghiệm âm thanh độ trung thực cao, sự thoải mái cả ngày với miếng đệm tai bằng bọt cao cấp và kết nối siêu nhanh nhờ công nghệ SLIPSTREAM WIRELESS. Từ những bước chân nhẹ nhất đến âm bass sâu nhất, bạn sẽ nghe thấy nhiều hơn với VIRTUOSO RGB Wireless. Cặp trình điều khiển neodymium mật độ cao, được tinh chỉnh chính xác 50mm, tự hào có dải tần số 20Hz-40.000Hz – gấp đôi những gì bạn nhận được từ hầu hết các tai nghe chơi game.',
        1, 'https://product.hstatic.net/200000722513/product/-ca-9011180-na-gallery-virtuoso-se-11_0312d32babb44973b41681254bcfdd4e_6c8906a882a344bf8d0ea35a56b81b23.png'
    );
INSERT INTO product_category (product_id, category_id) VALUES (104, 24);
INSERT INTO product_variant (
        product_id, name, seo_name, supplier_id, price, price_sale, quantity, sku, model, barcode, 
        specifications, description, warranty, image_url, release_at, created_by)
        VALUES ( 104, 'Tai nghe Corsair Virtuoso RGB Wireless - Gunmetal (CA-9011180-AP)', 'corsair-virtuoso-rgb-wireless-gunmetal',
            1, 5600000, 5390000, 10, 'TAI-COR-VIRTUOSO-GUN',
            'TAI-COR-VIRTUOSO-GUN', 'TAI-COR-VIRTUOSO-GUN',
            '{"Hãng sản xuất": "Corsair", "Model": "Virtuoso", "Kết nối": "Không dây Slipstream / USB / 3.5mm", "Âm Thanh": "7.1", "Dải tần số": "Tai nghe: 20-40000Hz, Micro: 100-10000Hz", "Drivers": "50mm", "Micro": "9.5mm đa hướng có thể tháo rời", "Phạm vi kết nối không dây": "18m", "Thời gian sử dụng": "20 giờ", "LED": "RGB", "Chất liệu": "Nhôm cao cấp"}',
            'CORSAIR VIRTUOSO RGB Wireless mang đến trải nghiệm âm thanh độ trung thực cao, sự thoải mái cả ngày với miếng đệm tai bằng bọt cao cấp và kết nối siêu nhanh nhờ công nghệ SLIPSTREAM WIRELESS. Từ những bước chân nhẹ nhất đến âm bass sâu nhất, bạn sẽ nghe thấy nhiều hơn với VIRTUOSO RGB Wireless. Cặp trình điều khiển neodymium mật độ cao, được tinh chỉnh chính xác 50mm, tự hào có dải tần số 20Hz-40.000Hz – gấp đôi những gì bạn nhận được từ hầu hết các tai nghe chơi game.',
            24, 'https://product.hstatic.net/200000722513/product/-ca-9011180-na-gallery-virtuoso-se-11_0312d32babb44973b41681254bcfdd4e_6c8906a882a344bf8d0ea35a56b81b23.png', '2023-06-02T13:15:04+00:00',1);
        
INSERT INTO product_image (name, product_variant_id, image_url, is_main)
VALUES
    ('Ảnh 1', 104, 'https://product.hstatic.net/200000722513/product/-ca-9011180-na-gallery-virtuoso-se-11_0312d32babb44973b41681254bcfdd4e_6c8906a882a344bf8d0ea35a56b81b23.png', TRUE),
    ('Ảnh 2', 104, 'https://product.hstatic.net/200000722513/product/-ca-9011180-na-gallery-virtuoso-se-01_08c30bb17f3c4309b649f357717f1cf7_ddcf204f47794e9f844ba009a285b800.png', FALSE),
    ('Ảnh 3', 104, 'https://product.hstatic.net/200000722513/product/-ca-9011180-na-gallery-virtuoso-se-13_00e70c7f52dc41d98779452fdaaa90a0_8dcf12f5f8c249eeab4631ac191b3880.png', FALSE),
    ('Ảnh 4', 104, 'https://product.hstatic.net/200000722513/product/-ca-9011180-na-gallery-virtuoso-se-29_ddd44878a8034602aed80ca6c2a60451_f78dd86b490345918bfbfb4e2c9425a6.png', FALSE),
    ('Ảnh 5', 104, 'https://product.hstatic.net/200000722513/product/-ca-9011180-na-gallery-virtuoso-se-26_2f104327df534fb886802cccbe906f99_5243a554d21e466aac55044c5eb7ebf0.png', FALSE),
    ('Ảnh 6', 104, 'https://product.hstatic.net/200000722513/product/-ca-9011180-na-gallery-virtuoso-se-28_60fdd8c1cf784845a72153ab270ce180_e8c968a8d01f4b96b7f3a1f892cd7fda.png', FALSE),
    ('Ảnh 7', 104, 'https://product.hstatic.net/200000722513/product/-ca-9011180-na-gallery-virtuoso-se-15_2bc734f182334438bc007facf8638092_d3ad5fe5c7a84fb483ac90de8bf93190.png', FALSE);
---
INSERT INTO product (name, seo_name, brand_id, specifications, description, created_by, image_url) 
    VALUES (
        'Tai nghe Corsair Virtuoso RGB Wireless - White (CA-9011186-AP)', 'corsair-virtuoso-rgb-wireless-white', 5,
        '{"Hãng sản xuất": "Corsair", "Model": "Virtuoso", "Kết nối": "Không dây Slipstream / USB / 3.5mm", "Âm thanh": "7.1", "Dải tần số": "Tai nghe: 20-40000Hz / Micro: 100-10000Hz", "Drivers": "50mm", "Micro": "9.5mm đa hướng có thể tháo rời", "Phạm vi kết nối không dây": "18m", "Thời gian sử dụng": "20 giờ", "LED": "RGB", "Chất liệu": "Nhôm cao cấp"}',
        'Từ âm thanh bước chân cực kỳ nhẹ cho tới âm bass sâu trầm nhất, tai nghe không dây chơi game Corsair Virtuoso RGB Wireless - White sẽ mang đến cho bạn tất cả mọi thứ. Với bộ driver neodymium 50mm mật độ cao có dải tần số 20Hz-40.000Hz, chiếc tai nghe này có dải tần gấp đôi so với các tai nghe gaming trước đây của mọi hãng.',
        1, 'https://product.hstatic.net/200000722513/product/-9011186-ap-gallery-virtuoso-white-01_736fb4ea9de345108ce8acc4bcf24b1e_46dabf7ed8d548ecaab9f93cb9967425.png'
    );
INSERT INTO product_category (product_id, category_id) VALUES (105, 24);
INSERT INTO product_variant (
        product_id, name, seo_name, supplier_id, price, price_sale, quantity, sku, model, barcode, 
        specifications, description, warranty, image_url, release_at, created_by)
        VALUES ( 105, 'Tai nghe Corsair Virtuoso RGB Wireless - White (CA-9011186-AP)', 'corsair-virtuoso-rgb-wireless-white',
            1, 4890000, 4490000, 10, 'TAI-COR-VIRTUOSO-WHITE',
            'TAI-COR-VIRTUOSO-WHITE', 'TAI-COR-VIRTUOSO-WHITE',
            '{"Hãng sản xuất": "Corsair", "Model": "Virtuoso", "Kết nối": "Không dây Slipstream / USB / 3.5mm", "Âm thanh": "7.1", "Dải tần số": "Tai nghe: 20-40000Hz / Micro: 100-10000Hz", "Drivers": "50mm", "Micro": "9.5mm đa hướng có thể tháo rời", "Phạm vi kết nối không dây": "18m", "Thời gian sử dụng": "20 giờ", "LED": "RGB", "Chất liệu": "Nhôm cao cấp"}',
            'Từ âm thanh bước chân cực kỳ nhẹ cho tới âm bass sâu trầm nhất, tai nghe không dây chơi game Corsair Virtuoso RGB Wireless - White sẽ mang đến cho bạn tất cả mọi thứ. Với bộ driver neodymium 50mm mật độ cao có dải tần số 20Hz-40.000Hz, chiếc tai nghe này có dải tần gấp đôi so với các tai nghe gaming trước đây của mọi hãng.',
            24, 'https://product.hstatic.net/200000722513/product/-9011186-ap-gallery-virtuoso-white-01_736fb4ea9de345108ce8acc4bcf24b1e_46dabf7ed8d548ecaab9f93cb9967425.png', '2023-06-02T13:15:18+00:00',1);
        
INSERT INTO product_image (name, product_variant_id, image_url, is_main)
VALUES
    ('Ảnh 1', 105, 'https://product.hstatic.net/200000722513/product/-9011186-ap-gallery-virtuoso-white-01_736fb4ea9de345108ce8acc4bcf24b1e_46dabf7ed8d548ecaab9f93cb9967425.png', TRUE),
    ('Ảnh 2', 105, 'https://product.hstatic.net/200000722513/product/-9011186-ap-gallery-virtuoso-white-11_fc0d4cdf4927496ba3cf4b35c0f19917_5a2745010b0045fd85fcc3810305e058.png', FALSE),
    ('Ảnh 3', 105, 'https://product.hstatic.net/200000722513/product/-9011186-ap-gallery-virtuoso-white-15_6d6f63cfead04ecd80b906c2011da814_5b7b6f60b0064131992be21511940a7a.png', FALSE),
    ('Ảnh 4', 105, 'https://product.hstatic.net/200000722513/product/-9011186-ap-gallery-virtuoso-white-24_7fa19b41ca2f4309829c220df45ebb8f_c71a80b362c94791b4b7b576d75e8bfe.png', FALSE),
    ('Ảnh 5', 105, 'https://product.hstatic.net/200000722513/product/-9011186-ap-gallery-virtuoso-white-20_99d71aa3077d45ea9829a2c38bb4ef7c_a32ce68aaf6145d2aea4650d067c7f61.png', FALSE);
---
INSERT INTO product (name, seo_name, brand_id, specifications, description, created_by, image_url) 
    VALUES (
        'Tai nghe Corsair HS65 Carbon', 'tai-nghe-corsair-hs65-carbon', 5,
        '{"Màu sắc": "Đen", "Drivers": "50mm", "Chiều dài cáp": "1.8m", "Tương thích": "PC, Mac, PlayStation 4/5, Xbox One / Series XS, Nintendo Switch, thiết bị di động", "Trở kháng Micro": "2.2k Ohms", "Đáp ứng tần số Micro": "100Hz – 10kHz", "Độ nhạy micro": "-41dB (+/-3dB)", "Loại tai nghe": "Có dây", "Trở kháng tai nghe": "32 Ohm", "Độ nhạy tai nghe": "114dB (+/-3dB)", "Đáp ứng tần số tai nghe": "20Hz – 20kHz"}',
        'Tai nghe Corsair HS65 Carbon là sự kết hợp hoàn hảo giữa hiệu suất âm thanh đỉnh cao, sự thoải mái vượt trội và thiết kế bền bỉ, mang đến trải nghiệm chơi game và giải trí sống động. Sở hữu driver neodymium tùy chỉnh 50mm, HS65 Carbon tái tạo âm thanh chi tiết, sắc nét với dải bass mạnh mẽ, âm trung rõ ràng và treble bay bổng, giúp bạn nghe rõ từng bước chân địch thủ, tiếng súng nổ hay từng giai điệu âm nhạc. Micro đa hướng có thể tháo rời, tích hợp công nghệ chống ồn, đảm bảo giọng nói của bạn luôn rõ ràng và truyền tải mượt mà trong mọi cuộc gọi hay giao tiếp đồng đội. Thiết kế công thái học với đệm tai bằng bọt hoạt tính cao cấp bọc da, cùng viền tai nghe mềm mại, ôm trọn tai, giảm áp lực và mang lại cảm giác thoải mái tối đa ngay cả khi sử dụng trong thời gian dài. Khung tai nghe bằng nhôm chải xước không chỉ tăng thêm vẻ sang trọng mà còn đảm bảo độ bền chắc chắn. Tương thích đa nền tảng với kết nối jack 3.5mm, tai nghe Corsair HS65 Carbon dễ dàng kết nối với PC, PlayStation, Xbox, Nintendo Switch và các thiết bị di động khác. Nút điều chỉnh âm lượng và tắt tiếng micro được tích hợp trực quan trên củ tai, giúp bạn dễ dàng tùy chỉnh âm thanh ngay lập tức. Corsair HS65 Carbon không chỉ là một chiếc tai nghe gaming, mà còn là người bạn đồng hành lý tưởng cho mọi nhu cầu giải trí của bạn.',
        1, 'https://product.hstatic.net/200000722513/product/hs65-headset-black_8e092b3ba8c540fc9fc04becd5bae89c_620011a225af460dbb451775be3f4c5f.png'
    );
INSERT INTO product_category (product_id, category_id) VALUES (106, 24);
INSERT INTO product_variant (
        product_id, name, seo_name, supplier_id, price, price_sale, quantity, sku, model, barcode, 
        specifications, description, warranty, image_url, release_at, created_by)
        VALUES ( 106, 'Tai nghe Corsair HS65 Carbon', 'tai-nghe-corsair-hs65-carbon',
            1, 0, 1890000, 10, 'TAI-CORSAIR-HS65-CARBON',
            'TAI-CORSAIR-HS65-CARBON', 'TAI-CORSAIR-HS65-CARBON',
            '{"Màu sắc": "Đen", "Drivers": "50mm", "Chiều dài cáp": "1.8m", "Tương thích": "PC, Mac, PlayStation 4/5, Xbox One / Series XS, Nintendo Switch, thiết bị di động", "Trở kháng Micro": "2.2k Ohms", "Đáp ứng tần số Micro": "100Hz – 10kHz", "Độ nhạy micro": "-41dB (+/-3dB)", "Loại tai nghe": "Có dây", "Trở kháng tai nghe": "32 Ohm", "Độ nhạy tai nghe": "114dB (+/-3dB)", "Đáp ứng tần số tai nghe": "20Hz – 20kHz"}',
            'Tai nghe Corsair HS65 Carbon là sự kết hợp hoàn hảo giữa hiệu suất âm thanh đỉnh cao, sự thoải mái vượt trội và thiết kế bền bỉ, mang đến trải nghiệm chơi game và giải trí sống động. Sở hữu driver neodymium tùy chỉnh 50mm, HS65 Carbon tái tạo âm thanh chi tiết, sắc nét với dải bass mạnh mẽ, âm trung rõ ràng và treble bay bổng, giúp bạn nghe rõ từng bước chân địch thủ, tiếng súng nổ hay từng giai điệu âm nhạc. Micro đa hướng có thể tháo rời, tích hợp công nghệ chống ồn, đảm bảo giọng nói của bạn luôn rõ ràng và truyền tải mượt mà trong mọi cuộc gọi hay giao tiếp đồng đội. Thiết kế công thái học với đệm tai bằng bọt hoạt tính cao cấp bọc da, cùng viền tai nghe mềm mại, ôm trọn tai, giảm áp lực và mang lại cảm giác thoải mái tối đa ngay cả khi sử dụng trong thời gian dài. Khung tai nghe bằng nhôm chải xước không chỉ tăng thêm vẻ sang trọng mà còn đảm bảo độ bền chắc chắn. Tương thích đa nền tảng với kết nối jack 3.5mm, tai nghe Corsair HS65 Carbon dễ dàng kết nối với PC, PlayStation, Xbox, Nintendo Switch và các thiết bị di động khác. Nút điều chỉnh âm lượng và tắt tiếng micro được tích hợp trực quan trên củ tai, giúp bạn dễ dàng tùy chỉnh âm thanh ngay lập tức. Corsair HS65 Carbon không chỉ là một chiếc tai nghe gaming, mà còn là người bạn đồng hành lý tưởng cho mọi nhu cầu giải trí của bạn.',
            24, 'https://product.hstatic.net/200000722513/product/hs65-headset-black_8e092b3ba8c540fc9fc04becd5bae89c_620011a225af460dbb451775be3f4c5f.png', '2023-06-02T12:41:06+00:00',1);
        
INSERT INTO product_image (name, product_variant_id, image_url, is_main)
VALUES
    ('Ảnh 1', 106, 'https://product.hstatic.net/200000722513/product/hs65-headset-black_8e092b3ba8c540fc9fc04becd5bae89c_620011a225af460dbb451775be3f4c5f.png', TRUE),
    ('Ảnh 2', 106, 'https://product.hstatic.net/200000722513/product/hs65-headset-black_8852fec121854b2aa1beb18bab62add9_1d110acc8b6f4ac4994cbee1f5814ff2.png', FALSE),
    ('Ảnh 3', 106, 'https://product.hstatic.net/200000722513/product/8457_7be6411122dec6db11fd376d18b228e2_1767167f66ac48a59979322c72711e5f_18d4c9d969be4dcd86d054abf9916a90.jpg', FALSE),
    ('Ảnh 4', 106, 'https://product.hstatic.net/200000722513/product/8876_373651c8a2162fa9a4eaab5252e0c146_fdad3eaf8c0b457a9034a5466ca9366d_ba10c0fabe3148499a6564ebd7b21f86.jpg', FALSE),
    ('Ảnh 5', 106, 'https://product.hstatic.net/200000722513/product/3858_8ee541c90aa160054913e2cd18bb1934_c2fa4113cf6e41309871fe4e5169f779_e13d38c18dca49a384d725629d3dfe86.jpg', FALSE),
    ('Ảnh 6', 106, 'https://product.hstatic.net/200000722513/product/hs65-card-image-black-3_ff56bf346c864517901f4bb6ab49d95a_10fcd092b55840b79379e2ba813cd901.png', FALSE),
    ('Ảnh 7', 106, 'https://product.hstatic.net/200000722513/product/hs65-card-image-black-2_fe7160d53bc348a8a26d8cdad024ba07_a84d95da0d8545d492b1f67b9bfd8b2b.png', FALSE),
    ('Ảnh 8', 106, 'https://product.hstatic.net/200000722513/product/hs65-card-image-black-1_b21b49d0f8e249d5a11806d75c277b06_0df46252d32b4a3f94f3f6e150a977ff.png', FALSE);
---
INSERT INTO product (name, seo_name, brand_id, specifications, description, created_by, image_url) 
    VALUES (
        'Tai nghe Corsair HS65 White', 'tai-nghe-corsair-hs65-white', 5,
        '{"Màu sắc": "Trắng", "Drivers": "50mm", "Chiều dài cáp": "1,8m", "Tương thích": "PC, Mac, PlayStation 4/5, Xbox One / Series XS, Nintendo Switch, Thiết bị di động", "Trở kháng Micro": "2.2k Ohms", "Đáp ứng tần số micro": "100Hz – 10kHz", "Độ nhạy micro": "-41dB (+/-3dB)", "Loại tai nghe": "Có dây", "Trở kháng tai nghe": "32 Ohm", "Độ nhạy tai nghe": "114dB (+/-3dB)", "Đáp ứng tần số tai nghe": "20Hz – 20kHz"}',
        'Tai nghe Corsair HS65 White mang đến trải nghiệm âm thanh sống động và thoải mái vượt trội cho game thủ. Với thiết kế hiện đại, gam màu trắng tinh khôi, HS65 White không chỉ là một thiết bị âm thanh mà còn là một phụ kiện thời trang tô điểm cho góc máy tính của bạn.\n\nSở hữu màng loa neodymium tùy chỉnh kích thước 50mm, tai nghe tái tạo âm thanh chi tiết, rõ ràng, cho phép bạn nghe rõ từng bước chân, tiếng súng hay lời thoại trong game, mang lại lợi thế cạnh tranh. Công nghệ âm thanh vòm Sonarworks SoundID tích hợp mang đến khả năng tùy chỉnh EQ mạnh mẽ, giúp bạn tinh chỉnh âm thanh theo sở thích cá nhân hoặc theo từng loại game cụ thể, tối ưu hóa trải nghiệm nghe.\n\nĐược chế tác từ nhôm anodized và thép chắc chắn, cùng với đệm tai bằng bọt hoạt tính (memory foam) mềm mại bọc da cao cấp, Corsair HS65 White đảm bảo sự thoải mái tối đa ngay cả trong những phiên chơi game kéo dài. Cấu trúc nhẹ và khả năng điều chỉnh linh hoạt của dây đeo đầu giúp tai nghe vừa vặn với mọi kích cỡ đầu, giảm áp lực lên tai.\n\nMicro định hướng có thể tháo rời với công nghệ khử tiếng ồn giúp giọng nói của bạn luôn rõ ràng và tách bạch trong mọi cuộc gọi thoại hay giao tiếp đồng đội. Khả năng tương thích đa nền tảng với kết nối USB, 3.5mm giúp tai nghe hoạt động mượt mà trên PC, PlayStation, Xbox, Switch và các thiết bị di động khác. Nút điều khiển âm lượng và tắt tiếng micro trực quan trên cúp tai giúp bạn dễ dàng điều chỉnh cài đặt mà không làm gián đoạn trải nghiệm chơi game.',
        1, 'https://product.hstatic.net/200000722513/product/2-750x750_07559a328de54c1691999663f7bbbc25_b4ace10e922b45fb8e6b773bbcc3a94f.png'
    );
INSERT INTO product_category (product_id, category_id) VALUES (107, 24);
INSERT INTO product_variant (
        product_id, name, seo_name, supplier_id, price, price_sale, quantity, sku, model, barcode, 
        specifications, description, warranty, image_url, release_at, created_by)
        VALUES ( 107, 'Tai nghe Corsair HS65 White', 'tai-nghe-corsair-hs65-white',
            1, 0, 1890000, 10, 'TAI-CORSAIR-HS65-WHITE',
            'TAI-CORSAIR-HS65-WHITE', 'TAI-CORSAIR-HS65-WHITE',
            '{"Màu sắc": "Trắng", "Drivers": "50mm", "Chiều dài cáp": "1,8m", "Tương thích": "PC, Mac, PlayStation 4/5, Xbox One / Series XS, Nintendo Switch, Thiết bị di động", "Trở kháng Micro": "2.2k Ohms", "Đáp ứng tần số micro": "100Hz – 10kHz", "Độ nhạy micro": "-41dB (+/-3dB)", "Loại tai nghe": "Có dây", "Trở kháng tai nghe": "32 Ohm", "Độ nhạy tai nghe": "114dB (+/-3dB)", "Đáp ứng tần số tai nghe": "20Hz – 20kHz"}',
            'Tai nghe Corsair HS65 White mang đến trải nghiệm âm thanh sống động và thoải mái vượt trội cho game thủ. Với thiết kế hiện đại, gam màu trắng tinh khôi, HS65 White không chỉ là một thiết bị âm thanh mà còn là một phụ kiện thời trang tô điểm cho góc máy tính của bạn.\n\nSở hữu màng loa neodymium tùy chỉnh kích thước 50mm, tai nghe tái tạo âm thanh chi tiết, rõ ràng, cho phép bạn nghe rõ từng bước chân, tiếng súng hay lời thoại trong game, mang lại lợi thế cạnh tranh. Công nghệ âm thanh vòm Sonarworks SoundID tích hợp mang đến khả năng tùy chỉnh EQ mạnh mẽ, giúp bạn tinh chỉnh âm thanh theo sở thích cá nhân hoặc theo từng loại game cụ thể, tối ưu hóa trải nghiệm nghe.\n\nĐược chế tác từ nhôm anodized và thép chắc chắn, cùng với đệm tai bằng bọt hoạt tính (memory foam) mềm mại bọc da cao cấp, Corsair HS65 White đảm bảo sự thoải mái tối đa ngay cả trong những phiên chơi game kéo dài. Cấu trúc nhẹ và khả năng điều chỉnh linh hoạt của dây đeo đầu giúp tai nghe vừa vặn với mọi kích cỡ đầu, giảm áp lực lên tai.\n\nMicro định hướng có thể tháo rời với công nghệ khử tiếng ồn giúp giọng nói của bạn luôn rõ ràng và tách bạch trong mọi cuộc gọi thoại hay giao tiếp đồng đội. Khả năng tương thích đa nền tảng với kết nối USB, 3.5mm giúp tai nghe hoạt động mượt mà trên PC, PlayStation, Xbox, Switch và các thiết bị di động khác. Nút điều khiển âm lượng và tắt tiếng micro trực quan trên cúp tai giúp bạn dễ dàng điều chỉnh cài đặt mà không làm gián đoạn trải nghiệm chơi game.',
            24, 'https://product.hstatic.net/200000722513/product/2-750x750_07559a328de54c1691999663f7bbbc25_b4ace10e922b45fb8e6b773bbcc3a94f.png', '2023-06-02T14:54:15+00:00',1);
        
INSERT INTO product_image (name, product_variant_id, image_url, is_main)
VALUES
    ('Ảnh 1', 107, 'https://product.hstatic.net/200000722513/product/2-750x750_07559a328de54c1691999663f7bbbc25_b4ace10e922b45fb8e6b773bbcc3a94f.png', TRUE),
    ('Ảnh 2', 107, 'https://product.hstatic.net/200000722513/product/3-750x750_8f925364ab114ec2aa5caf85c7991e36_e77f5192762f449288ede5f4b18681cc.png', FALSE),
    ('Ảnh 3', 107, 'https://product.hstatic.net/200000722513/product/1_5190423b856b46849103f5bdec90c1cb_810a844bafc04bc9b95ae481dbee4ab3.png', FALSE);
---
INSERT INTO product (name, seo_name, brand_id, specifications, description, created_by, image_url) 
    VALUES (
        'Tai nghe Corsair HS65 Surround White', 'tai-nghe-corsair-hs65-surround-white', 5,
        '{"Thương hiệu": "Corsair", "Bảo hành": "24 Tháng", "Model": "Corsair HS65 Surround White", "Màu sắc": "Trắng", "Kiểu tai nghe": "Over-ear", "Kiểu kết nối": "Có dây", "Microphone": "Có (không thể tháo rời)", "Âm thanh": "Dolby Audio", "Âm thanh vòm": "Có", "Trọng lượng": "282g", "Tần số": "20Hz - 20 kHz", "Trở kháng": "32k Ohms @ 1 kHz", "Độ nhạy": "114dB (+/-3dB)", "Drivers": "50mm", "Phần mềm": "Audio CUE", "Chiều dài cáp": "1.8m", "Tương thích": "PC, Mac, PlayStation 4/5, Xbox One / Series XS, Nintendo Switch, Mobile devices", "Khả năng cách âm": "Có"}',
        'Corsair HS65 Surround White đặt vào mắt người dùng với là một thiết kế vô cùng trực quan. Cảm giác chắc chắn khi được hoàn thiện với những chi tiết từ kim loại nhưng chiếc tai nghe Corsair vẫn sở hữu cho mình trọng lượng chỉ 282g. Trọng lượng nhẹ kết hợp cùng băng đô với những sợi thoáng khí li ti, cộng thêm phần đệm tai nghe từ mút hoạt tính bọc bên ngoài là lớp giả da, tất cả đều hướng tới trải nghiệm đeo tai nghe thoải mái và tuyệt vời nhất.\n\n- Tai nghe Corsair HS65 Surround White\n\nCon lăn điều chỉnh âm lượng cùng micro trên Corsair HS65 Surround White đặt tại vị trí dễ dàng cho việc thao tác.\n\nNâng cấp trải nghiệm âm thanh\nHướng tới một trải nghiệm nghe đỉnh cao, Corsair đã kết hợp phần driver tai nghe neodymium 50mm cùng công nghệ Dolby Audio 7.1 Surround ngay trên HS65 Surround White. Từ đó, chiếc tai nghe gaming từ Corsair biến thành chiếc chìa khóa đưa bạn những trận chiến, cảm nhận từng tiếng bước chân và tiếng súng hay đắm mình vào những bản nhạc, bộ phim yêu thích.\n\n- Tai nghe Corsair HS65 Surround White\n\nCải thiện chất lượng cuộc gọi \nMicrophone đa hướng trên Corsair HS65 Surround White sẽ giúp bạn thu và ghi lại giọng nói một cách tối đa. Corsair HS65 Surround White được một trong những platform nổi tiếng về mạng xã hội, nhắn tin và gọi với game thủ - Discord, công nhận về chất lượng mọi cuộc gọi khi luôn đem lại âm thanh giao tiếp rõ ràng, nâng cao chất lượng mọi cuộc hội thoại online.\n\n- Tai nghe Corsair HS65 Surround White\n\nNgoài ra, micro trên Corsair HS65 Surround White dễ dàng tắt/bật chỉ thông qua thao tác gạt lên/xuống, cho phép người dùng có thể thao tác song song với mọi công việc đang thực hiện. \n\nThoải mái kết nối\nĐi kèm với Corsair HS65 Surround White là chiếc USB adapter. Ngoài khả năng kích hoạt tính năng Dolby Audio 7.1 và SoundID mà đây còn là cầu nối giúp cho chiếc tai nghe kết nối với những thiết bị, bao gồm PC Gaming, laptop, máy chơi game console và các thiết bị mobile thông qua cổng 3.5mm. Xứng đáng là một chiếc tai nghe có dây đa dụng cho mọi nhu cầu của một game thủ.',
        1, 'https://product.hstatic.net/200000722513/product/thumbtainghe_dcded1dce11c468fa3b139e9a82b8efd_0b9f408fdc0445d1b1269484afc45aad.png'
    );
INSERT INTO product_category (product_id, category_id) VALUES (108, 24);
INSERT INTO product_variant (
        product_id, name, seo_name, supplier_id, price, price_sale, quantity, sku, model, barcode, 
        specifications, description, warranty, image_url, release_at, created_by)
        VALUES ( 108, 'Tai nghe Corsair HS65 Surround White', 'tai-nghe-corsair-hs65-surround-white',
            1, 0, 1850000, 10, 'TAI-CORSAIR-HS65-SURROUND-WHITE',
            'TAI-CORSAIR-HS65-SURROUND-WHITE', 'TAI-CORSAIR-HS65-SURROUND-WHITE',
            '{"Thương hiệu": "Corsair", "Bảo hành": "24 Tháng", "Model": "Corsair HS65 Surround White", "Màu sắc": "Trắng", "Kiểu tai nghe": "Over-ear", "Kiểu kết nối": "Có dây", "Microphone": "Có (không thể tháo rời)", "Âm thanh": "Dolby Audio", "Âm thanh vòm": "Có", "Trọng lượng": "282g", "Tần số": "20Hz - 20 kHz", "Trở kháng": "32k Ohms @ 1 kHz", "Độ nhạy": "114dB (+/-3dB)", "Drivers": "50mm", "Phần mềm": "Audio CUE", "Chiều dài cáp": "1.8m", "Tương thích": "PC, Mac, PlayStation 4/5, Xbox One / Series XS, Nintendo Switch, Mobile devices", "Khả năng cách âm": "Có"}',
            'Corsair HS65 Surround White đặt vào mắt người dùng với là một thiết kế vô cùng trực quan. Cảm giác chắc chắn khi được hoàn thiện với những chi tiết từ kim loại nhưng chiếc tai nghe Corsair vẫn sở hữu cho mình trọng lượng chỉ 282g. Trọng lượng nhẹ kết hợp cùng băng đô với những sợi thoáng khí li ti, cộng thêm phần đệm tai nghe từ mút hoạt tính bọc bên ngoài là lớp giả da, tất cả đều hướng tới trải nghiệm đeo tai nghe thoải mái và tuyệt vời nhất.\n\n- Tai nghe Corsair HS65 Surround White\n\nCon lăn điều chỉnh âm lượng cùng micro trên Corsair HS65 Surround White đặt tại vị trí dễ dàng cho việc thao tác.\n\nNâng cấp trải nghiệm âm thanh\nHướng tới một trải nghiệm nghe đỉnh cao, Corsair đã kết hợp phần driver tai nghe neodymium 50mm cùng công nghệ Dolby Audio 7.1 Surround ngay trên HS65 Surround White. Từ đó, chiếc tai nghe gaming từ Corsair biến thành chiếc chìa khóa đưa bạn những trận chiến, cảm nhận từng tiếng bước chân và tiếng súng hay đắm mình vào những bản nhạc, bộ phim yêu thích.\n\n- Tai nghe Corsair HS65 Surround White\n\nCải thiện chất lượng cuộc gọi \nMicrophone đa hướng trên Corsair HS65 Surround White sẽ giúp bạn thu và ghi lại giọng nói một cách tối đa. Corsair HS65 Surround White được một trong những platform nổi tiếng về mạng xã hội, nhắn tin và gọi với game thủ - Discord, công nhận về chất lượng mọi cuộc gọi khi luôn đem lại âm thanh giao tiếp rõ ràng, nâng cao chất lượng mọi cuộc hội thoại online.\n\n- Tai nghe Corsair HS65 Surround White\n\nNgoài ra, micro trên Corsair HS65 Surround White dễ dàng tắt/bật chỉ thông qua thao tác gạt lên/xuống, cho phép người dùng có thể thao tác song song với mọi công việc đang thực hiện. \n\nThoải mái kết nối\nĐi kèm với Corsair HS65 Surround White là chiếc USB adapter. Ngoài khả năng kích hoạt tính năng Dolby Audio 7.1 và SoundID mà đây còn là cầu nối giúp cho chiếc tai nghe kết nối với những thiết bị, bao gồm PC Gaming, laptop, máy chơi game console và các thiết bị mobile thông qua cổng 3.5mm. Xứng đáng là một chiếc tai nghe có dây đa dụng cho mọi nhu cầu của một game thủ.',
            24, 'https://product.hstatic.net/200000722513/product/thumbtainghe_dcded1dce11c468fa3b139e9a82b8efd_0b9f408fdc0445d1b1269484afc45aad.png', '2023-06-02T12:41:24+00:00',1);
        
INSERT INTO product_image (name, product_variant_id, image_url, is_main)
VALUES
    ('Ảnh 1', 108, 'https://product.hstatic.net/200000722513/product/thumbtainghe_dcded1dce11c468fa3b139e9a82b8efd_0b9f408fdc0445d1b1269484afc45aad.png', TRUE),
    ('Ảnh 2', 108, 'https://product.hstatic.net/200000722513/product/9512_5f419a3c99db54b18f7dcc5adb572eea_b965977ee3194e4ebe35eb4f1a84f7f7_5d4399e3ba3a425bb95a4e72a6c721db.jpg', FALSE),
    ('Ảnh 3', 108, 'https://product.hstatic.net/200000722513/product/9488_096deb1e648b2369182693b84ca91525_e0fd14a23d91475fbe4858ce48bd1125_f9b6369263b74e98a08fd5003a3079ae.jpg', FALSE),
    ('Ảnh 4', 108, 'https://product.hstatic.net/200000722513/product/9493_dcb07c84188f8c9711e66716b417d3eb_22079bd3e0ce4ac1b8f779dfcd853e07_6f43ff9c747746a787165914f184e246.jpg', FALSE),
    ('Ảnh 5', 108, 'https://product.hstatic.net/200000722513/product/9661_892693b574ead9678cdca4fd14d4480c_a4a95d1815ab4b3bb3042ae519c1e32b_8a7464e5575744e7b0cfab0aa4932d10.jpg', FALSE);
---
INSERT INTO product (name, seo_name, brand_id, specifications, description, created_by, image_url) 
    VALUES (
        'Tai nghe Corsair HS65 Surround Carbon', 'tai-nghe-corsair-hs65-surround-carbon', 5,
        '{"Thương hiệu:": "Corsair", "Bảo hành:": "24 Tháng", "Model:": "Tai nghe Corsair HS65 Surround Carbon", "Màu sắc:": "Đen", "Kiểu tai nghe": "Over-ear", "Kiểu kết nối:": "Có dây", "Microphone:": "Có (không thể tháo rời)", "Âm thanh:": "Dolby Audio", "Âm thanh vòm:": "Có", "Trọng lượng:": "282g", "Tần số :": "20Hz - 20 kHz", "Trở kháng:": "32 Ohms @ 1 kHz", "Độ nhạy:": "114dB (+/-3dB)", "Drivers:": "50mm", "Phần mềm:": "Audio CUE", "Chiều dài cáp:": "1.8m", "Tương thích:": "PC, Mac, PlayStation 4/5, Xbox One / Series XS, Nintendo Switch, Thiết bị di động", "Khả năng cách âm:": "Có"}',
        'Đắm chìm vào thế giới game với Tai nghe Corsair HS65 Surround Carbon – sự kết hợp hoàn hảo giữa âm thanh sống động, sự thoải mái vượt trội và phong cách tinh tế. Được thiết kế dành cho game thủ yêu cầu chất lượng cao, HS65 Surround mang đến trải nghiệm âm thanh vòm 7.1 chân thực trên PC thông qua phần mềm iCUE, giúp bạn nghe rõ từng bước chân đối thủ hay tiếng súng vang dội từ mọi hướng. Với trình điều khiển neodymium 50mm tùy chỉnh, tai nghe này tái tạo dải âm rộng, rõ ràng từ âm trầm sâu lắng đến âm cao sắc nét.\n\nSự thoải mái là yếu tố cốt lõi: với trọng lượng siêu nhẹ chỉ 282g và đệm tai bằng mút hoạt tính bọc da tổng hợp mềm mại, HS65 Surround đảm bảo bạn có thể chơi game hàng giờ mà không cảm thấy khó chịu. Khung nhôm chắc chắn nhưng linh hoạt đảm bảo độ bền bỉ và vừa vặn hoàn hảo với mọi kích cỡ đầu.\n\nGiao tiếp rõ ràng là chìa khóa chiến thắng. Micro đa hướng được chứng nhận Discord với chức năng lật để tắt tiếng (flip-to-mute) thu giọng nói của bạn một cách rõ ràng và loại bỏ tiếng ồn xung quanh, đảm bảo đồng đội luôn nghe thấy bạn một cách hoàn hảo.\n\nKhả năng tương thích đa nền tảng linh hoạt qua jack cắm 3.5mm cho phép bạn sử dụng tai nghe trên PC, Mac, PlayStation, Xbox, Nintendo Switch và thiết bị di động. Riêng trên PC, USB adapter đi kèm còn mở khóa công nghệ Dolby Audio 7.1 Surround Sound và tính năng SoundID được hỗ trợ bởi Sonarworks, giúp bạn cá nhân hóa trải nghiệm âm thanh của riêng mình.\n\nVới thiết kế Carbon màu đen lịch lãm, Tai nghe Corsair HS65 Surround Carbon không chỉ là một công cụ chơi game mạnh mẽ mà còn là một phụ kiện thời trang đẳng cấp. Hãy sẵn sàng thống trị mọi trận chiến với lợi thế âm thanh tuyệt vời mà HS65 Surround mang lại!',
        1, 'https://product.hstatic.net/200000722513/product/thumbtainghe_09cc127393684af58143cd53500bb166_0f72c877ac704fc79ad84a255e54128e.png'
    );
INSERT INTO product_category (product_id, category_id) VALUES (109, 24);
INSERT INTO product_variant (
        product_id, name, seo_name, supplier_id, price, price_sale, quantity, sku, model, barcode, 
        specifications, description, warranty, image_url, release_at, created_by)
        VALUES ( 109, 'Tai nghe Corsair HS65 Surround Carbon', 'tai-nghe-corsair-hs65-surround-carbon',
            1, 2099000, 1890000, 10, 'TAI-CORSAIR-HS65-SURROUND-CARBON',
            'TAI-CORSAIR-HS65-SURROUND-CARBON', 'TAI-CORSAIR-HS65-SURROUND-CARBON',
            '{"Thương hiệu:": "Corsair", "Bảo hành:": "24 Tháng", "Model:": "Tai nghe Corsair HS65 Surround Carbon", "Màu sắc:": "Đen", "Kiểu tai nghe": "Over-ear", "Kiểu kết nối:": "Có dây", "Microphone:": "Có (không thể tháo rời)", "Âm thanh:": "Dolby Audio", "Âm thanh vòm:": "Có", "Trọng lượng:": "282g", "Tần số :": "20Hz - 20 kHz", "Trở kháng:": "32 Ohms @ 1 kHz", "Độ nhạy:": "114dB (+/-3dB)", "Drivers:": "50mm", "Phần mềm:": "Audio CUE", "Chiều dài cáp:": "1.8m", "Tương thích:": "PC, Mac, PlayStation 4/5, Xbox One / Series XS, Nintendo Switch, Thiết bị di động", "Khả năng cách âm:": "Có"}',
            'Đắm chìm vào thế giới game với Tai nghe Corsair HS65 Surround Carbon – sự kết hợp hoàn hảo giữa âm thanh sống động, sự thoải mái vượt trội và phong cách tinh tế. Được thiết kế dành cho game thủ yêu cầu chất lượng cao, HS65 Surround mang đến trải nghiệm âm thanh vòm 7.1 chân thực trên PC thông qua phần mềm iCUE, giúp bạn nghe rõ từng bước chân đối thủ hay tiếng súng vang dội từ mọi hướng. Với trình điều khiển neodymium 50mm tùy chỉnh, tai nghe này tái tạo dải âm rộng, rõ ràng từ âm trầm sâu lắng đến âm cao sắc nét.\n\nSự thoải mái là yếu tố cốt lõi: với trọng lượng siêu nhẹ chỉ 282g và đệm tai bằng mút hoạt tính bọc da tổng hợp mềm mại, HS65 Surround đảm bảo bạn có thể chơi game hàng giờ mà không cảm thấy khó chịu. Khung nhôm chắc chắn nhưng linh hoạt đảm bảo độ bền bỉ và vừa vặn hoàn hảo với mọi kích cỡ đầu.\n\nGiao tiếp rõ ràng là chìa khóa chiến thắng. Micro đa hướng được chứng nhận Discord với chức năng lật để tắt tiếng (flip-to-mute) thu giọng nói của bạn một cách rõ ràng và loại bỏ tiếng ồn xung quanh, đảm bảo đồng đội luôn nghe thấy bạn một cách hoàn hảo.\n\nKhả năng tương thích đa nền tảng linh hoạt qua jack cắm 3.5mm cho phép bạn sử dụng tai nghe trên PC, Mac, PlayStation, Xbox, Nintendo Switch và thiết bị di động. Riêng trên PC, USB adapter đi kèm còn mở khóa công nghệ Dolby Audio 7.1 Surround Sound và tính năng SoundID được hỗ trợ bởi Sonarworks, giúp bạn cá nhân hóa trải nghiệm âm thanh của riêng mình.\n\nVới thiết kế Carbon màu đen lịch lãm, Tai nghe Corsair HS65 Surround Carbon không chỉ là một công cụ chơi game mạnh mẽ mà còn là một phụ kiện thời trang đẳng cấp. Hãy sẵn sàng thống trị mọi trận chiến với lợi thế âm thanh tuyệt vời mà HS65 Surround mang lại!',
            24, 'https://product.hstatic.net/200000722513/product/thumbtainghe_09cc127393684af58143cd53500bb166_0f72c877ac704fc79ad84a255e54128e.png', '2023-06-02T12:41:19+00:00',1);
        
INSERT INTO product_image (name, product_variant_id, image_url, is_main)
VALUES
    ('Ảnh 1', 109, 'https://product.hstatic.net/200000722513/product/thumbtainghe_09cc127393684af58143cd53500bb166_0f72c877ac704fc79ad84a255e54128e.png', TRUE),
    ('Ảnh 2', 109, 'https://product.hstatic.net/200000722513/product/i-nghe-corsair-hs65-surround-carbon-1_3bd5530780c243408d7428883ddc1a48_fb73cf73415c4060a439e375be4359a5.jpg', FALSE),
    ('Ảnh 3', 109, 'https://product.hstatic.net/200000722513/product/i-nghe-corsair-hs65-surround-carbon-2_bf1fc8db88ce4ab68d4fcae598b5e1d5_53cec837048f43b1b4188d25ecc92635.jpg', FALSE),
    ('Ảnh 4', 109, 'https://product.hstatic.net/200000722513/product/i-nghe-corsair-hs65-surround-carbon-3_fb3e6c72b5d449e0afd33c104cafc56e_8b61b5c71b3743368fe6900b6c363bb1.jpg', FALSE),
    ('Ảnh 5', 109, 'https://product.hstatic.net/200000722513/product/i-nghe-corsair-hs65-surround-carbon-4_a0fdc763a9ac4b48b97e81a4f78dfd90_3a80245fae14406c863a4744f8b84ba0.jpg', FALSE),
    ('Ảnh 6', 109, 'https://product.hstatic.net/200000722513/product/i-nghe-corsair-hs65-surround-carbon-5_1ea9fbbb86614104baecda9568232f82_1950403a6e1c433eb78709648eb5fea0.jpg', FALSE);
---
INSERT INTO product (name, seo_name, brand_id, specifications, description, created_by, image_url) 
    VALUES (
        'Tai nghe Corsair HS55 Surround Carbon', 'tai-nghe-corsair-hs55-surround-carbon', 5,
        '{"Thương hiệu": "Corsair", "Bảo hành": "24 Tháng", "Model": "Tai nghe Corsair HS55 Surround Carbon", "Màu sắc": "Đen", "Kiểu tai nghe": "Over-ear", "Kiểu kết nối": "Có dây", "Microphone": "Có (không thể tháo rời)", "Âm thanh": "Dolby Audio", "Âm thanh vòm": "Có", "Trọng lượng": "284g", "Tần số": "20Hz - 20 kHz", "Trở kháng": "32k Ohms @ 1 kHz", "Độ nhạy": "114dB (+/-3dB)", "Drivers": "50mm", "Phần mềm": "Audio CUE", "Chiều dài cáp": "1.8m", "Tương thích": "PC, Mac, PlayStation 4/5, Xbox One / Series XS, Nintendo Switch, Mobile devices", "Khả năng cách âm": "Có"}',
        'Đắm chìm vào thế giới game với Tai nghe Corsair HS55 Surround Carbon – sự kết hợp hoàn hảo giữa âm thanh sống động, sự thoải mái vượt trội và thiết kế bền bỉ. Với âm thanh vòm 7.1 ảo được kích hoạt qua bộ chuyển đổi USB đi kèm, bạn sẽ nghe rõ từng bước chân của kẻ thù, từng tiếng súng nổ và chìm đắm hoàn toàn vào không gian game chân thực, mang lại lợi thế chiến thuật rõ rệt.\n\nĐược thiết kế cho các phiên chơi game kéo dài, HS55 Surround Carbon sở hữu trọng lượng siêu nhẹ chỉ 273g và đệm tai nghe bằng mút hoạt tính bọc da cao cấp, mang đến cảm giác êm ái, thoáng khí, không gây áp lực dù sử dụng trong nhiều giờ liên tục. Microphone đa hướng tích hợp đảm bảo giọng nói của bạn luôn được truyền tải rõ ràng và sắc nét đến đồng đội, loại bỏ tiếng ồn xung quanh, cùng tính năng gập mic để tắt tiếng (flip-to-mute) tiện lợi.\n\nKhung kim loại chắc chắn cùng lớp hoàn thiện màu Carbon tinh tế không chỉ tạo nên vẻ ngoài mạnh mẽ mà còn đảm bảo độ bền vượt thời gian. Điều khiển âm lượng và tắt tiếng dễ dàng ngay trên chụp tai.\n\nTương thích đa nền tảng từ PC, Mac (với âm thanh vòm 7.1 qua USB), cho đến PlayStation, Xbox, Nintendo Switch và thiết bị di động (qua jack 3.5mm), Corsair HS55 Surround Carbon chính là lựa chọn lý tưởng để nâng tầm trải nghiệm âm thanh và giao tiếp của bạn.',
        1, 'https://product.hstatic.net/200000722513/product/thumbtainghe_c5847b1d157747aa8f173645a679827f_b2ff9f1558cc43e3a6b6ce6a0b9fcc8e.png'
    );
INSERT INTO product_category (product_id, category_id) VALUES (110, 24);
INSERT INTO product_variant (
        product_id, name, seo_name, supplier_id, price, price_sale, quantity, sku, model, barcode, 
        specifications, description, warranty, image_url, release_at, created_by)
        VALUES ( 110, 'Tai nghe Corsair HS55 Surround Carbon', 'tai-nghe-corsair-hs55-surround-carbon',
            1, 2190000, 1590000, 10, 'TAI-CORSAIR-HS55-SURROUND-CARBON',
            'TAI-CORSAIR-HS55-SURROUND-CARBON', 'TAI-CORSAIR-HS55-SURROUND-CARBON',
            '{"Thương hiệu": "Corsair", "Bảo hành": "24 Tháng", "Model": "Tai nghe Corsair HS55 Surround Carbon", "Màu sắc": "Đen", "Kiểu tai nghe": "Over-ear", "Kiểu kết nối": "Có dây", "Microphone": "Có (không thể tháo rời)", "Âm thanh": "Dolby Audio", "Âm thanh vòm": "Có", "Trọng lượng": "284g", "Tần số": "20Hz - 20 kHz", "Trở kháng": "32k Ohms @ 1 kHz", "Độ nhạy": "114dB (+/-3dB)", "Drivers": "50mm", "Phần mềm": "Audio CUE", "Chiều dài cáp": "1.8m", "Tương thích": "PC, Mac, PlayStation 4/5, Xbox One / Series XS, Nintendo Switch, Mobile devices", "Khả năng cách âm": "Có"}',
            'Đắm chìm vào thế giới game với Tai nghe Corsair HS55 Surround Carbon – sự kết hợp hoàn hảo giữa âm thanh sống động, sự thoải mái vượt trội và thiết kế bền bỉ. Với âm thanh vòm 7.1 ảo được kích hoạt qua bộ chuyển đổi USB đi kèm, bạn sẽ nghe rõ từng bước chân của kẻ thù, từng tiếng súng nổ và chìm đắm hoàn toàn vào không gian game chân thực, mang lại lợi thế chiến thuật rõ rệt.\n\nĐược thiết kế cho các phiên chơi game kéo dài, HS55 Surround Carbon sở hữu trọng lượng siêu nhẹ chỉ 273g và đệm tai nghe bằng mút hoạt tính bọc da cao cấp, mang đến cảm giác êm ái, thoáng khí, không gây áp lực dù sử dụng trong nhiều giờ liên tục. Microphone đa hướng tích hợp đảm bảo giọng nói của bạn luôn được truyền tải rõ ràng và sắc nét đến đồng đội, loại bỏ tiếng ồn xung quanh, cùng tính năng gập mic để tắt tiếng (flip-to-mute) tiện lợi.\n\nKhung kim loại chắc chắn cùng lớp hoàn thiện màu Carbon tinh tế không chỉ tạo nên vẻ ngoài mạnh mẽ mà còn đảm bảo độ bền vượt thời gian. Điều khiển âm lượng và tắt tiếng dễ dàng ngay trên chụp tai.\n\nTương thích đa nền tảng từ PC, Mac (với âm thanh vòm 7.1 qua USB), cho đến PlayStation, Xbox, Nintendo Switch và thiết bị di động (qua jack 3.5mm), Corsair HS55 Surround Carbon chính là lựa chọn lý tưởng để nâng tầm trải nghiệm âm thanh và giao tiếp của bạn.',
            24, 'https://product.hstatic.net/200000722513/product/thumbtainghe_c5847b1d157747aa8f173645a679827f_b2ff9f1558cc43e3a6b6ce6a0b9fcc8e.png', '2023-06-02T12:40:48+00:00',1);
        
INSERT INTO product_image (name, product_variant_id, image_url, is_main)
VALUES
    ('Ảnh 1', 110, 'https://product.hstatic.net/200000722513/product/thumbtainghe_c5847b1d157747aa8f173645a679827f_b2ff9f1558cc43e3a6b6ce6a0b9fcc8e.png', TRUE),
    ('Ảnh 2', 110, 'https://product.hstatic.net/200000722513/product/i-nghe-corsair-hs55-surround-carbon-1_93273f9c12294225858a9fa50e41193c_3cdf95f95b0048d280c8ffdef5a3191e.jpg', FALSE),
    ('Ảnh 3', 110, 'https://product.hstatic.net/200000722513/product/i-nghe-corsair-hs55-surround-carbon-2_b0c9e11836e249cea48d872f23991fd4_21023c35489b4e8bbd6a9fbf3b8b14e7.jpg', FALSE),
    ('Ảnh 4', 110, 'https://product.hstatic.net/200000722513/product/i-nghe-corsair-hs55-surround-carbon-3_5a9c9cdc2ebc485793439ec3a59175ee_21e76a1643b3481ba4a2b29e293fc498.jpg', FALSE),
    ('Ảnh 5', 110, 'https://product.hstatic.net/200000722513/product/i-nghe-corsair-hs55-surround-carbon-4_9148ba55f8d3453dbadb761858e6c565_39100de50552401d964cf1fc484bf596.jpg', FALSE),
    ('Ảnh 6', 110, 'https://product.hstatic.net/200000722513/product/i-nghe-corsair-hs55-surround-carbon-5_0737873aec884a92bbf6ce96e25fbae1_0cb38f5abdd84fc0a87ddabe454937e1.jpg', FALSE),
    ('Ảnh 7', 110, 'https://product.hstatic.net/200000722513/product/i-nghe-corsair-hs55-surround-carbon-6_fb963eabcc994f9f94b633a4d9be7f44_eb8c97c39c0746958f505de5f565ab63.jpg', FALSE);
---
INSERT INTO product (name, seo_name, brand_id, specifications, description, created_by, image_url) 
    VALUES (
        'Tai nghe Corsair HS55 Surround White', 'tai-nghe-corsair-hs55-surround-white', 5,
        '{"Thương hiệu": "Corsair", "Bảo hành": "24 Tháng", "Model": "Corsair HS55 Surround White", "Màu sắc": "Trắng", "Kiểu tai nghe": "Over-ear", "Kiểu kết nối": "Có dây", "Microphone": "Có (không thể tháo rời)", "Âm thanh": "Dolby Audio", "Âm thanh vòm": "Có", "Trọng lượng": "284g", "Tần số": "20Hz - 20 kHz", "Trở kháng": "32 Ohms @ 1 kHz", "Độ nhạy": "114dB (+/-3dB)", "Drivers": "50mm", "Phần mềm": "Audio CUE", "Chiều dài cáp": "1.8m", "Tương thích": "PC, Mac, PlayStation 4/5, Xbox One / Series XS, Nintendo Switch, Thiết bị di động", "Khả năng cách âm": "Có"}',
        'Corsair HS55 Surround có phần chụp tai được hoàn thiện từ da và memory foam, cho bạn cảm giác thoải mái khi sử dụng. Sản phẩm tai nghe với màu trắng sang trọng này sẽ giúp bạn trông cực ngầu và chuẩn gaming khi sử dụng. Tai nghe sở hữu con lăn âm lượng trên tai và micro có thể lật để tắt tiếng giúp bạn dễ dàng điều khiển.\n\n \n\n\n\nCorsair HS55 Surround White mang đến âm thanh tuyệt vời\nTNC Store Tai nghe Corsair HS55 Surround White\n\nTrình điều khiển âm thanh neodymium 50mm tùy chỉnh, chất lượng cao mang đến âm thanh tuyệt vời để nghe mọi thứ trên các tựa game. Tai nghe ghi lại giọng nói của bạn với độ trong trẻo nhờ micro đa hướng có chức năng lật để tắt tiếng, được Chứng nhận Discord cho khả năng giao tiếp trong trẻo và âm thanh vượt trội.\n\nThoải mái hoàn toàn\nTNC Store Tai nghe Corsair HS55 Surround White\n\nCorsair HS55 Surround mang lại sự thoải mái trong suốt các phiên chơi game kéo dài với memory foam và chụp tai nghe giả da sang trọng.\n\nLightWeight\n \n\nCorsair HS55 Surround thiết kế siêu nhẹ với 273g. Bạn có thể sử dụng với thời gian dài mà như không cảm nhận sự tồn tại của nó.\n\nDễ dàng điều khiển âm thanh\nTNC Store Tai nghe Corsair HS55 Surround White\n\nPhần điều chỉnh âm thanh tích hợp trên tai nghe Corsair HS55 Surround giúp bạn dễ dàng và nhanh chóng thực hiện điều chỉnh\n\nTương thích đa nền tảng\n \n\nTai nghe Corsair Sử dụng bộ điều hợp USB đi kèm để bật âm thanh vòm Dolby Audio 7.1 để kết nối với nhiều nền tảng bao gồm PC, Xbox One, PS4, Switch và thiết bị di động thông qua cổng audio 3.5mm.\n\nTùy chỉnh cấu hình\nTNC Store Tai nghe Corsair HS55 Surround White\n\nPhần mềm CORSAIR iCUE mạnh mẽ cho phép cài đặt bộ cân bằng âm thanh tùy chỉnh, âm thanh vòm Dolby Audio 7.1, v.v.',
        1, 'https://product.hstatic.net/200000722513/product/hs55-headset-white_6e961b5cd7114ca5adff1b939628db09_0df0e3396f3d451fa6d6e0e54b60ad05.png'
    );
INSERT INTO product_category (product_id, category_id) VALUES (111, 24);
INSERT INTO product_variant (
        product_id, name, seo_name, supplier_id, price, price_sale, quantity, sku, model, barcode, 
        specifications, description, warranty, image_url, release_at, created_by)
        VALUES ( 111, 'Tai nghe Corsair HS55 Surround White', 'tai-nghe-corsair-hs55-surround-white',
            1, 2190000, 1600000, 10, 'TAI-CORSAIR-HS55-SURROUND-WHITE',
            'TAI-CORSAIR-HS55-SURROUND-WHITE', 'TAI-CORSAIR-HS55-SURROUND-WHITE',
            '{"Thương hiệu": "Corsair", "Bảo hành": "24 Tháng", "Model": "Corsair HS55 Surround White", "Màu sắc": "Trắng", "Kiểu tai nghe": "Over-ear", "Kiểu kết nối": "Có dây", "Microphone": "Có (không thể tháo rời)", "Âm thanh": "Dolby Audio", "Âm thanh vòm": "Có", "Trọng lượng": "284g", "Tần số": "20Hz - 20 kHz", "Trở kháng": "32 Ohms @ 1 kHz", "Độ nhạy": "114dB (+/-3dB)", "Drivers": "50mm", "Phần mềm": "Audio CUE", "Chiều dài cáp": "1.8m", "Tương thích": "PC, Mac, PlayStation 4/5, Xbox One / Series XS, Nintendo Switch, Thiết bị di động", "Khả năng cách âm": "Có"}',
            'Corsair HS55 Surround có phần chụp tai được hoàn thiện từ da và memory foam, cho bạn cảm giác thoải mái khi sử dụng. Sản phẩm tai nghe với màu trắng sang trọng này sẽ giúp bạn trông cực ngầu và chuẩn gaming khi sử dụng. Tai nghe sở hữu con lăn âm lượng trên tai và micro có thể lật để tắt tiếng giúp bạn dễ dàng điều khiển.\n\n \n\n\n\nCorsair HS55 Surround White mang đến âm thanh tuyệt vời\nTNC Store Tai nghe Corsair HS55 Surround White\n\nTrình điều khiển âm thanh neodymium 50mm tùy chỉnh, chất lượng cao mang đến âm thanh tuyệt vời để nghe mọi thứ trên các tựa game. Tai nghe ghi lại giọng nói của bạn với độ trong trẻo nhờ micro đa hướng có chức năng lật để tắt tiếng, được Chứng nhận Discord cho khả năng giao tiếp trong trẻo và âm thanh vượt trội.\n\nThoải mái hoàn toàn\nTNC Store Tai nghe Corsair HS55 Surround White\n\nCorsair HS55 Surround mang lại sự thoải mái trong suốt các phiên chơi game kéo dài với memory foam và chụp tai nghe giả da sang trọng.\n\nLightWeight\n \n\nCorsair HS55 Surround thiết kế siêu nhẹ với 273g. Bạn có thể sử dụng với thời gian dài mà như không cảm nhận sự tồn tại của nó.\n\nDễ dàng điều khiển âm thanh\nTNC Store Tai nghe Corsair HS55 Surround White\n\nPhần điều chỉnh âm thanh tích hợp trên tai nghe Corsair HS55 Surround giúp bạn dễ dàng và nhanh chóng thực hiện điều chỉnh\n\nTương thích đa nền tảng\n \n\nTai nghe Corsair Sử dụng bộ điều hợp USB đi kèm để bật âm thanh vòm Dolby Audio 7.1 để kết nối với nhiều nền tảng bao gồm PC, Xbox One, PS4, Switch và thiết bị di động thông qua cổng audio 3.5mm.\n\nTùy chỉnh cấu hình\nTNC Store Tai nghe Corsair HS55 Surround White\n\nPhần mềm CORSAIR iCUE mạnh mẽ cho phép cài đặt bộ cân bằng âm thanh tùy chỉnh, âm thanh vòm Dolby Audio 7.1, v.v.',
            24, 'https://product.hstatic.net/200000722513/product/hs55-headset-white_6e961b5cd7114ca5adff1b939628db09_0df0e3396f3d451fa6d6e0e54b60ad05.png', '2023-06-02T12:40:55+00:00',1);
        
INSERT INTO product_image (name, product_variant_id, image_url, is_main)
VALUES
    ('Ảnh 1', 111, 'https://product.hstatic.net/200000722513/product/hs55-headset-white_6e961b5cd7114ca5adff1b939628db09_0df0e3396f3d451fa6d6e0e54b60ad05.png', TRUE),
    ('Ảnh 2', 111, 'https://product.hstatic.net/200000722513/product/hs55_surround_wht_hero_a7eb0c9da47440e08f864098dc2dff0d_72436cc1706c4d7a85fd70b392423aae.png', FALSE),
    ('Ảnh 3', 111, 'https://product.hstatic.net/200000722513/product/hs55-white-nomic_a9ec3b6c28564b0c98bd821de836e866_c52ea510e5314eb293716a8c072b09c5.png', FALSE),
    ('Ảnh 4', 111, 'https://product.hstatic.net/200000722513/product/hs55-card-white-2_d986ea0c179247689d4b471efb50808f_46f6ea261df6464cbb8cba4d2ff9540c.png', FALSE),
    ('Ảnh 5', 111, 'https://product.hstatic.net/200000722513/product/hs55-card-white-3_7b9893148a0e4083afbf3e51ee5b8400_0c17ec07b32847f3ba464df7342c850d.png', FALSE),
    ('Ảnh 6', 111, 'https://product.hstatic.net/200000722513/product/hs55-card-white-1_b47b87829fe841f79004104467b91376_12cdf00172ef49f7badb62a9a6f498df.png', FALSE);
---
INSERT INTO product (name, seo_name, brand_id, specifications, description, created_by, image_url) 
    VALUES (
        'Tai nghe Corsair Virtuoso RGB Wireless - Carbon (CA-9011185-AP)', 'corsair-virtuoso-rgb-wireless-carbon', 5,
        '{"Kiểu tai nghe:": "Over-ear", "Kiểu kết nối:": "Không dây, USB", "LED:": "RGB có thể chỉnh qua ICUE", "Chuẩn kết nối:": "USB/ Không dây/ Jack 3.5mm", "Microphone:": "Có thể tháo rời", "Trở kháng:": "2.0k Ohm", "Tần số:": "100Hz - 10kHz", "Khả năng cách âm:": "Có", "Chất liệu khung:": "Kim loại", "Chất liệu đệm tai nghe:": "Da", "Phụ kiện đi kèm:": "Tai nghe, dây kết nối, bộ thu sóng, Tài liệu hướng dẫn sử dụng", "Tương thích:": "PC / PS4"}',
        'Tai nghe Corsair Virtuoso RGB Wireless - Carbon (CA-9011185-AP) là dòng tai nghe gaming cao cấp, mang đến trải nghiệm âm thanh đỉnh cao, kết nối không dây liền mạch và thiết kế sang trọng. Với trình điều khiển âm thanh neodymium siêu mịn 50mm, Virtuoso RGB Wireless tái tạo mọi âm thanh với độ chi tiết đáng kinh ngạc, từ tiếng bước chân nhỏ nhất đến những vụ nổ hoành tráng, giúp bạn hoàn toàn đắm chìm trong thế giới game. Công nghệ âm thanh vòm Dolby® 7.1 mang đến âm thanh định vị chính xác, cho bạn lợi thế vượt trội trong mọi cuộc giao tranh. Kết nối không dây SLIPSTREAM CORSAIR siêu tốc với độ trễ cực thấp đảm bảo tín hiệu ổn định, không bị gián đoạn, cho phép bạn tự do di chuyển mà không ảnh hưởng đến chất lượng âm thanh. Ngoài ra, bạn còn có thể kết nối qua cổng USB hoặc jack 3.5mm để linh hoạt sử dụng với nhiều thiết bị khác nhau. Micro thu âm chất lượng phòng thu có thể tháo rời, trang bị đèn LED báo hiệu trạng thái, mang đến giọng nói rõ ràng, sắc nét cho đồng đội. Đệm tai bằng mút hoạt tính bọc da cao cấp và khung tai nghe bằng nhôm bền bỉ, trọng lượng nhẹ, kết hợp với thiết kế công thái học, mang lại sự thoải mái tối đa ngay cả khi sử dụng trong thời gian dài. Hệ thống đèn RGB tùy chỉnh với hàng triệu màu sắc và hiệu ứng đa dạng trên cả hai củ tai, cho phép bạn thể hiện cá tính và đồng bộ với hệ sinh thái Corsair iCUE. Pin sạc cho thời lượng sử dụng lên đến 20 giờ, đáp ứng nhu cầu chơi game, làm việc và giải trí liên tục. Tai nghe Corsair Virtuoso RGB Wireless - Carbon (CA-9011185-AP) là sự lựa chọn hoàn hảo cho các game thủ chuyên nghiệp và những người đam mê âm thanh muốn sở hữu một thiết bị đa năng, hiệu suất cao và phong cách.',
        1, 'https://product.hstatic.net/200000722513/product/9011185-ap-gallery-virtuoso-carbon-01_e6d0975e928c4189883b4cc65b374786_e5fc1605bae6453a965f5b4a9c756336.png'
    );
INSERT INTO product_category (product_id, category_id) VALUES (112, 24);
INSERT INTO product_variant (
        product_id, name, seo_name, supplier_id, price, price_sale, quantity, sku, model, barcode, 
        specifications, description, warranty, image_url, release_at, created_by)
        VALUES ( 112, 'Tai nghe Corsair Virtuoso RGB Wireless - Carbon (CA-9011185-AP)', 'corsair-virtuoso-rgb-wireless-carbon',
            1, 4890000, 4490000, 10, 'TAI-COR-VIRTUOSO-CARBON',
            'TAI-COR-VIRTUOSO-CARBON', 'TAI-COR-VIRTUOSO-CARBON',
            '{"Kiểu tai nghe:": "Over-ear", "Kiểu kết nối:": "Không dây, USB", "LED:": "RGB có thể chỉnh qua ICUE", "Chuẩn kết nối:": "USB/ Không dây/ Jack 3.5mm", "Microphone:": "Có thể tháo rời", "Trở kháng:": "2.0k Ohm", "Tần số:": "100Hz - 10kHz", "Khả năng cách âm:": "Có", "Chất liệu khung:": "Kim loại", "Chất liệu đệm tai nghe:": "Da", "Phụ kiện đi kèm:": "Tai nghe, dây kết nối, bộ thu sóng, Tài liệu hướng dẫn sử dụng", "Tương thích:": "PC / PS4"}',
            'Tai nghe Corsair Virtuoso RGB Wireless - Carbon (CA-9011185-AP) là dòng tai nghe gaming cao cấp, mang đến trải nghiệm âm thanh đỉnh cao, kết nối không dây liền mạch và thiết kế sang trọng. Với trình điều khiển âm thanh neodymium siêu mịn 50mm, Virtuoso RGB Wireless tái tạo mọi âm thanh với độ chi tiết đáng kinh ngạc, từ tiếng bước chân nhỏ nhất đến những vụ nổ hoành tráng, giúp bạn hoàn toàn đắm chìm trong thế giới game. Công nghệ âm thanh vòm Dolby® 7.1 mang đến âm thanh định vị chính xác, cho bạn lợi thế vượt trội trong mọi cuộc giao tranh. Kết nối không dây SLIPSTREAM CORSAIR siêu tốc với độ trễ cực thấp đảm bảo tín hiệu ổn định, không bị gián đoạn, cho phép bạn tự do di chuyển mà không ảnh hưởng đến chất lượng âm thanh. Ngoài ra, bạn còn có thể kết nối qua cổng USB hoặc jack 3.5mm để linh hoạt sử dụng với nhiều thiết bị khác nhau. Micro thu âm chất lượng phòng thu có thể tháo rời, trang bị đèn LED báo hiệu trạng thái, mang đến giọng nói rõ ràng, sắc nét cho đồng đội. Đệm tai bằng mút hoạt tính bọc da cao cấp và khung tai nghe bằng nhôm bền bỉ, trọng lượng nhẹ, kết hợp với thiết kế công thái học, mang lại sự thoải mái tối đa ngay cả khi sử dụng trong thời gian dài. Hệ thống đèn RGB tùy chỉnh với hàng triệu màu sắc và hiệu ứng đa dạng trên cả hai củ tai, cho phép bạn thể hiện cá tính và đồng bộ với hệ sinh thái Corsair iCUE. Pin sạc cho thời lượng sử dụng lên đến 20 giờ, đáp ứng nhu cầu chơi game, làm việc và giải trí liên tục. Tai nghe Corsair Virtuoso RGB Wireless - Carbon (CA-9011185-AP) là sự lựa chọn hoàn hảo cho các game thủ chuyên nghiệp và những người đam mê âm thanh muốn sở hữu một thiết bị đa năng, hiệu suất cao và phong cách.',
            24, 'https://product.hstatic.net/200000722513/product/9011185-ap-gallery-virtuoso-carbon-01_e6d0975e928c4189883b4cc65b374786_e5fc1605bae6453a965f5b4a9c756336.png', '2023-06-02T13:14:53+00:00',1);
        
INSERT INTO product_image (name, product_variant_id, image_url, is_main)
VALUES
    ('Ảnh 1', 112, 'https://product.hstatic.net/200000722513/product/9011185-ap-gallery-virtuoso-carbon-01_e6d0975e928c4189883b4cc65b374786_e5fc1605bae6453a965f5b4a9c756336.png', TRUE),
    ('Ảnh 2', 112, 'https://product.hstatic.net/200000722513/product/9011185-ap-gallery-virtuoso-carbon-11_d3137555811f40f4a186121b2c85b5c6_5d4dea42ba464e05b87e05101a520e5c.png', FALSE),
    ('Ảnh 3', 112, 'https://product.hstatic.net/200000722513/product/9011185-ap-gallery-virtuoso-carbon-23_8c195e340b5a452b9ec6bec59da8bc4b_6a753f98ab354cc39602656a17a9f235.png', FALSE),
    ('Ảnh 4', 112, 'https://product.hstatic.net/200000722513/product/9011185-ap-gallery-virtuoso-carbon-22_3cdbd2dac1144511917dc780c46ba5fc_e66865f1f522445cad4b5535d8b0667c.png', FALSE),
    ('Ảnh 5', 112, 'https://product.hstatic.net/200000722513/product/9011185-ap-gallery-virtuoso-carbon-15_eb5f99b2463847a8aa1b29419e10447a_122219d23508476f87969c85010e8eac.png', FALSE);
---
INSERT INTO product (name, seo_name, brand_id, specifications, description, created_by, image_url) 
    VALUES (
        'Tai nghe Logitech G PRO X 2 LIGHTSPEED White', 'tai-nghe-logitech-g-pro-x-2-lightspeed-white', 13,
        '{"Kiểu tai nghe": "Over-ear", "Loại kết nối": "LIGHTSPEED 2.4GHz", "Màng loa": "Graphene 50 mm", "Nam châm": "Neodymium", "Độ nhạy tần số": "Tai nghe: 20 Hz-20 KHz, Micro: 100 Hz-10 KHz", "Trở kháng": "38 ôm (thụ động)", "Độ nhạy": "87.8 dB SPL @ 1 mW & 1 cm", "Chất liệu": "Khớp: Nhôm, Quai đeo: Thép, Miếng đệm tai nghe và quai đeo: Giả da bằng cao su non, Miếng đệm tai tặng thêm: Vải bọc cao su non", "Kiểu thu âm micrô": "Cardioid (đơn hướng)", "Tuổi thọ pin (có thể sạc lại)": "Lên đến 50 giờ", "Phạm vi không dây": "Lên đến 30 m", "Kích thước": "176 x 95 x 189 mm, Chiều dài cáp nguồn: 1,8 m", "Trọng lượng": "345 g", "Phụ kiện đi kèm": "Tai nghe chơi game PRO X 2 LIGHTSPEED, Miếng đệm giả da bọc cao su non, Miếng đệm dự phòng bằng cao su non bọc vải, Bộ chuyển đổi không dây USB-A LIGHTSPEED với cổng 3,5 mm, Mic có thể tháo rời với mút chắn gió, Dây USB-A tới USB-C, Dây 3,5 mm, Túi cất trữ mềm, Tài liệu hướng dẫn sử dụng", "Tương thích": "PC: Tương thích với Windows® 10 trở lên và cổng USB 2.0. Cần kết nối Internet để tải về phần mềm Logitech G HUB. CONSOLE: Tương thích với PlayStation® 5 và PlayStation 4 (chỉ âm thanh nổi không dây USB), Nintendo Switch (âm thanh nổi không dây khi gắn vào dock)."}',
        'Tai nghe Logitech G PRO X 2 LIGHTSPEED White là lựa chọn hoàn hảo cho các game thủ chuyên nghiệp và những người đam mê âm thanh chất lượng cao. Với công nghệ kết nối không dây LIGHTSPEED tiên tiến, bạn có thể trải nghiệm âm thanh không độ trễ, đảm bảo mọi phản ứng trong game đều diễn ra tức thời và chính xác. Màu trắng tinh tế mang đến vẻ ngoài sang trọng, hiện đại, phù hợp với mọi không gian setup gaming.\n\nPRO X 2 LIGHTSPEED được trang bị driver âm thanh PRO-G GRAPHENE đường kính 50mm, cho âm thanh cực kỳ rõ nét, chi tiết và mạnh mẽ. Dải tần rộng từ 20Hz đến 20kHz giúp tái tạo mọi âm thanh, từ tiếng bước chân siêu nhỏ đến những vụ nổ hoành tráng, mang đến trải nghiệm đắm chìm tuyệt đối. Công nghệ DTS Headphone:X 2.0 mang đến âm thanh vòm 7.1 ảo, giúp định vị đối thủ chính xác và nâng cao lợi thế chiến thuật của bạn.\n\nMicrophone rời có thể tháo lắp với công nghệ lọc tiếng ồn BLUE VO!CE mang đến giọng nói trong trẻo, chuyên nghiệp, giúp đồng đội nghe rõ mọi mệnh lệnh. Thiết kế công thái học với đệm tai bằng mút hoạt tính và da tổng hợp cao cấp, cùng khung tai nghe bằng nhôm và thép, đảm bảo sự thoải mái tối đa ngay cả trong những phiên chơi game dài. Thời lượng pin ấn tượng lên đến 40 giờ sử dụng cho mỗi lần sạc, cho phép bạn thoải mái chinh chiến mà không lo gián đoạn. Tai nghe còn hỗ trợ kết nối Bluetooth, cho phép bạn chuyển đổi linh hoạt giữa PC, console và thiết bị di động.',
        1, 'https://product.hstatic.net/200000722513/product/keoh8zko_73e0f853672741e89304c1054deb0e78.png'
    );
INSERT INTO product_category (product_id, category_id) VALUES (113, 24);
INSERT INTO product_variant (
        product_id, name, seo_name, supplier_id, price, price_sale, quantity, sku, model, barcode, 
        specifications, description, warranty, image_url, release_at, created_by)
        VALUES ( 113, 'Tai nghe Logitech G PRO X 2 LIGHTSPEED White', 'tai-nghe-logitech-g-pro-x-2-lightspeed-white',
            1, 6199000, 4690000, 10, 'TAI-LOGITECH-G-PRO-X2-LS-WHITE',
            'TAI-LOGITECH-G-PRO-X2-LS-WHITE', 'TAI-LOGITECH-G-PRO-X2-LS-WHITE',
            '{"Kiểu tai nghe": "Over-ear", "Loại kết nối": "LIGHTSPEED 2.4GHz", "Màng loa": "Graphene 50 mm", "Nam châm": "Neodymium", "Độ nhạy tần số": "Tai nghe: 20 Hz-20 KHz, Micro: 100 Hz-10 KHz", "Trở kháng": "38 ôm (thụ động)", "Độ nhạy": "87.8 dB SPL @ 1 mW & 1 cm", "Chất liệu": "Khớp: Nhôm, Quai đeo: Thép, Miếng đệm tai nghe và quai đeo: Giả da bằng cao su non, Miếng đệm tai tặng thêm: Vải bọc cao su non", "Kiểu thu âm micrô": "Cardioid (đơn hướng)", "Tuổi thọ pin (có thể sạc lại)": "Lên đến 50 giờ", "Phạm vi không dây": "Lên đến 30 m", "Kích thước": "176 x 95 x 189 mm, Chiều dài cáp nguồn: 1,8 m", "Trọng lượng": "345 g", "Phụ kiện đi kèm": "Tai nghe chơi game PRO X 2 LIGHTSPEED, Miếng đệm giả da bọc cao su non, Miếng đệm dự phòng bằng cao su non bọc vải, Bộ chuyển đổi không dây USB-A LIGHTSPEED với cổng 3,5 mm, Mic có thể tháo rời với mút chắn gió, Dây USB-A tới USB-C, Dây 3,5 mm, Túi cất trữ mềm, Tài liệu hướng dẫn sử dụng", "Tương thích": "PC: Tương thích với Windows® 10 trở lên và cổng USB 2.0. Cần kết nối Internet để tải về phần mềm Logitech G HUB. CONSOLE: Tương thích với PlayStation® 5 và PlayStation 4 (chỉ âm thanh nổi không dây USB), Nintendo Switch (âm thanh nổi không dây khi gắn vào dock)."}',
            'Tai nghe Logitech G PRO X 2 LIGHTSPEED White là lựa chọn hoàn hảo cho các game thủ chuyên nghiệp và những người đam mê âm thanh chất lượng cao. Với công nghệ kết nối không dây LIGHTSPEED tiên tiến, bạn có thể trải nghiệm âm thanh không độ trễ, đảm bảo mọi phản ứng trong game đều diễn ra tức thời và chính xác. Màu trắng tinh tế mang đến vẻ ngoài sang trọng, hiện đại, phù hợp với mọi không gian setup gaming.\n\nPRO X 2 LIGHTSPEED được trang bị driver âm thanh PRO-G GRAPHENE đường kính 50mm, cho âm thanh cực kỳ rõ nét, chi tiết và mạnh mẽ. Dải tần rộng từ 20Hz đến 20kHz giúp tái tạo mọi âm thanh, từ tiếng bước chân siêu nhỏ đến những vụ nổ hoành tráng, mang đến trải nghiệm đắm chìm tuyệt đối. Công nghệ DTS Headphone:X 2.0 mang đến âm thanh vòm 7.1 ảo, giúp định vị đối thủ chính xác và nâng cao lợi thế chiến thuật của bạn.\n\nMicrophone rời có thể tháo lắp với công nghệ lọc tiếng ồn BLUE VO!CE mang đến giọng nói trong trẻo, chuyên nghiệp, giúp đồng đội nghe rõ mọi mệnh lệnh. Thiết kế công thái học với đệm tai bằng mút hoạt tính và da tổng hợp cao cấp, cùng khung tai nghe bằng nhôm và thép, đảm bảo sự thoải mái tối đa ngay cả trong những phiên chơi game dài. Thời lượng pin ấn tượng lên đến 40 giờ sử dụng cho mỗi lần sạc, cho phép bạn thoải mái chinh chiến mà không lo gián đoạn. Tai nghe còn hỗ trợ kết nối Bluetooth, cho phép bạn chuyển đổi linh hoạt giữa PC, console và thiết bị di động.',
            24, 'https://product.hstatic.net/200000722513/product/keoh8zko_73e0f853672741e89304c1054deb0e78.png', '2023-07-24T08:19:31+00:00',1);
        
INSERT INTO product_image (name, product_variant_id, image_url, is_main)
VALUES
    ('Ảnh 1', 113, 'https://product.hstatic.net/200000722513/product/keoh8zko_73e0f853672741e89304c1054deb0e78.png', TRUE),
    ('Ảnh 2', 113, 'https://product.hstatic.net/200000722513/product/gallery-4-pro-x-2-lightspeed-gaming-headset-white_f98566506d7747ca84f6b6c6604fbc08.png', FALSE),
    ('Ảnh 3', 113, 'https://product.hstatic.net/200000722513/product/gallery-5-pro-x-2-lightspeed-gaming-headset-white_1ce285fe8fad4c9e9b931b773d4588f9.png', FALSE),
    ('Ảnh 4', 113, 'https://product.hstatic.net/200000722513/product/gallery-3-pro-x-2-lightspeed-gaming-headset-white_5d348ec13ab74fa7a0f9e4f9b82ff1cb.png', FALSE),
    ('Ảnh 5', 113, 'https://product.hstatic.net/200000722513/product/gallery-2-pro-x-2-lightspeed-gaming-headset-white_d9b7c649927247c28e51468c2ff768f2.png', FALSE),
    ('Ảnh 6', 113, 'https://product.hstatic.net/200000722513/product/gallery-6-pro-x-2-lightspeed-gaming-headset-white_cee93bb68a2e42b6bc095f818b73ea08.png', FALSE);
---
INSERT INTO product (name, seo_name, brand_id, specifications, description, created_by, image_url) 
    VALUES (
        'Tai nghe Logitech G PRO X 2 LIGHTSPEED Black', 'tai-nghe-logitech-g-pro-x-2-lightspeed-black', 13,
        '{"Kiểu tai nghe": "Over-ear", "Loại kết nối": "LIGHTSPEED 2.4GHz", "Màng loa": "Graphene 50 mm", "Nam châm": "Neodymium", "Độ nhạy tần số": "Tai nghe: 20 Hz - 20 KHz; Micro: 100 Hz - 10 KHz", "Trở kháng": "38 ôm (thụ động)", "Độ nhạy": "87.8 dB SPL @ 1 mW & 1 cm", "Chất liệu": "Khớp: Nhôm; Quai đeo: Thép; Miếng đệm tai nghe và quai đeo: Giả da bằng cao su non; Miếng đệm tai tặng thêm: Vải bọc cao su non", "Kiểu thu âm micrô": "Cardioid (đơn hướng)", "Tuổi thọ pin (có thể sạc lại)": "Lên đến 50 giờ", "Phạm vi không dây": "Lên đến 30 m", "Kích thước": "176 x 95 x 189 mm; Chiều dài cáp nguồn: 1,8 m", "Trọng lượng": "345 g", "Phụ kiện đi kèm": "Tai nghe chơi game PRO X 2 LIGHTSPEED; Miếng đệm giả da bọc cao su non; Miếng đệm dự phòng bằng cao su non bọc vải; Bộ chuyển đổi không dây USB-A LIGHTSPEED với cổng 3,5 mm; Mic có thể tháo rời với mút chắn gió; Dây USB-A tới USB-C; Dây 3,5 mm; Túi cất trữ mềm; Tài liệu hướng dẫn sử dụng", "Tương thích": "PC COMPATIBLE: Máy tính có Windows® 10 trở lên và cổng USB 2.0. Cần kết nối Internet để tải về Phần mềm Logitech G HUB. CONSOLE COMPATIBLE: PlayStationⓇ 5 và PlayStation 4 (chỉ âm thanh nổi không dây USB), Nintendo Switch (âm thanh nổi không dây khi gắn vào dock)."}',
        'Tai nghe Logitech G PRO X 2 LIGHTSPEED Black là đỉnh cao của công nghệ âm thanh gaming, được thiết kế đặc biệt cho các tuyển thủ chuyên nghiệp và những người đam mê trải nghiệm âm thanh sống động. Nổi bật với công nghệ không dây LIGHTSPEED tiên tiến, tai nghe mang đến kết nối siêu nhanh, độ trễ cực thấp, đảm bảo mọi âm thanh trong game đều được truyền tải tức thời và chính xác, mang lại lợi thế cạnh tranh quyết định. Driver âm thanh Graphene 50mm thế hệ mới tái tạo âm thanh với độ chi tiết đáng kinh ngạc, từ những tiếng bước chân nhỏ nhất đến những vụ nổ hoành tráng, cho bạn đắm chìm hoàn toàn vào thế giới game. Công nghệ Blue VO!CE tích hợp trên micro có thể tùy chỉnh cho phép người dùng điều chỉnh giọng nói của mình trở nên rõ ràng, chuyên nghiệp hơn, loại bỏ tiếng ồn xung quanh hiệu quả, giúp giao tiếp với đồng đội trở nên thông suốt và hiệu quả. Thiết kế công thái học với đệm tai bằng da protein cao cấp và mút hoạt tính (memory foam) mang lại sự thoải mái tối đa ngay cả trong những phiên chơi game kéo dài. Khung tai nghe bằng nhôm và thép chắc chắn đảm bảo độ bền bỉ theo thời gian. Pin có thời lượng sử dụng ấn tượng lên đến 40 giờ, đủ sức đáp ứng mọi nhu cầu giải trí và thi đấu. Ngoài ra, tai nghe còn hỗ trợ kết nối Bluetooth, mang đến sự linh hoạt tối đa cho người dùng khi sử dụng với nhiều thiết bị khác nhau như PC, console và di động. Màu đen huyền bí, sang trọng, phù hợp với mọi phong cách gaming chuyên nghiệp.',
        1, 'https://product.hstatic.net/200000722513/product/gg8eh9a3_d2b2d4b1a1ea4cbc90c1f8cf559ec020.png'
    );
INSERT INTO product_category (product_id, category_id) VALUES (114, 24);
INSERT INTO product_variant (
        product_id, name, seo_name, supplier_id, price, price_sale, quantity, sku, model, barcode, 
        specifications, description, warranty, image_url, release_at, created_by)
        VALUES ( 114, 'Tai nghe Logitech G PRO X 2 LIGHTSPEED Black', 'tai-nghe-logitech-g-pro-x-2-lightspeed-black',
            1, 6199000, 4690000, 10, 'TAI-LOGITECH-G-PRO-X2-LS-BLACK',
            'TAI-LOGITECH-G-PRO-X2-LS-BLACK', 'TAI-LOGITECH-G-PRO-X2-LS-BLACK',
            '{"Kiểu tai nghe": "Over-ear", "Loại kết nối": "LIGHTSPEED 2.4GHz", "Màng loa": "Graphene 50 mm", "Nam châm": "Neodymium", "Độ nhạy tần số": "Tai nghe: 20 Hz - 20 KHz; Micro: 100 Hz - 10 KHz", "Trở kháng": "38 ôm (thụ động)", "Độ nhạy": "87.8 dB SPL @ 1 mW & 1 cm", "Chất liệu": "Khớp: Nhôm; Quai đeo: Thép; Miếng đệm tai nghe và quai đeo: Giả da bằng cao su non; Miếng đệm tai tặng thêm: Vải bọc cao su non", "Kiểu thu âm micrô": "Cardioid (đơn hướng)", "Tuổi thọ pin (có thể sạc lại)": "Lên đến 50 giờ", "Phạm vi không dây": "Lên đến 30 m", "Kích thước": "176 x 95 x 189 mm; Chiều dài cáp nguồn: 1,8 m", "Trọng lượng": "345 g", "Phụ kiện đi kèm": "Tai nghe chơi game PRO X 2 LIGHTSPEED; Miếng đệm giả da bọc cao su non; Miếng đệm dự phòng bằng cao su non bọc vải; Bộ chuyển đổi không dây USB-A LIGHTSPEED với cổng 3,5 mm; Mic có thể tháo rời với mút chắn gió; Dây USB-A tới USB-C; Dây 3,5 mm; Túi cất trữ mềm; Tài liệu hướng dẫn sử dụng", "Tương thích": "PC COMPATIBLE: Máy tính có Windows® 10 trở lên và cổng USB 2.0. Cần kết nối Internet để tải về Phần mềm Logitech G HUB. CONSOLE COMPATIBLE: PlayStationⓇ 5 và PlayStation 4 (chỉ âm thanh nổi không dây USB), Nintendo Switch (âm thanh nổi không dây khi gắn vào dock)."}',
            'Tai nghe Logitech G PRO X 2 LIGHTSPEED Black là đỉnh cao của công nghệ âm thanh gaming, được thiết kế đặc biệt cho các tuyển thủ chuyên nghiệp và những người đam mê trải nghiệm âm thanh sống động. Nổi bật với công nghệ không dây LIGHTSPEED tiên tiến, tai nghe mang đến kết nối siêu nhanh, độ trễ cực thấp, đảm bảo mọi âm thanh trong game đều được truyền tải tức thời và chính xác, mang lại lợi thế cạnh tranh quyết định. Driver âm thanh Graphene 50mm thế hệ mới tái tạo âm thanh với độ chi tiết đáng kinh ngạc, từ những tiếng bước chân nhỏ nhất đến những vụ nổ hoành tráng, cho bạn đắm chìm hoàn toàn vào thế giới game. Công nghệ Blue VO!CE tích hợp trên micro có thể tùy chỉnh cho phép người dùng điều chỉnh giọng nói của mình trở nên rõ ràng, chuyên nghiệp hơn, loại bỏ tiếng ồn xung quanh hiệu quả, giúp giao tiếp với đồng đội trở nên thông suốt và hiệu quả. Thiết kế công thái học với đệm tai bằng da protein cao cấp và mút hoạt tính (memory foam) mang lại sự thoải mái tối đa ngay cả trong những phiên chơi game kéo dài. Khung tai nghe bằng nhôm và thép chắc chắn đảm bảo độ bền bỉ theo thời gian. Pin có thời lượng sử dụng ấn tượng lên đến 40 giờ, đủ sức đáp ứng mọi nhu cầu giải trí và thi đấu. Ngoài ra, tai nghe còn hỗ trợ kết nối Bluetooth, mang đến sự linh hoạt tối đa cho người dùng khi sử dụng với nhiều thiết bị khác nhau như PC, console và di động. Màu đen huyền bí, sang trọng, phù hợp với mọi phong cách gaming chuyên nghiệp.',
            24, 'https://product.hstatic.net/200000722513/product/gg8eh9a3_d2b2d4b1a1ea4cbc90c1f8cf559ec020.png', '2023-07-21T15:04:01+00:00',1);
        
INSERT INTO product_image (name, product_variant_id, image_url, is_main)
VALUES
    ('Ảnh 1', 114, 'https://product.hstatic.net/200000722513/product/gg8eh9a3_d2b2d4b1a1ea4cbc90c1f8cf559ec020.png', TRUE),
    ('Ảnh 2', 114, 'https://product.hstatic.net/200000722513/product/gallery-4-pro-x-2-lightspeed-gaming-headset-black_0c7500efe9e04dd9a415c13f3892a8d9.png', FALSE),
    ('Ảnh 3', 114, 'https://product.hstatic.net/200000722513/product/gallery-5-pro-x-2-lightspeed-gaming-headset-black_6bfb821ce6844dc5b9f1b53aae2b9628.png', FALSE),
    ('Ảnh 4', 114, 'https://product.hstatic.net/200000722513/product/gallery-3-pro-x-2-lightspeed-gaming-headset-black_b8a76c1476e14163ad7f5b8c9454c8e0.png', FALSE),
    ('Ảnh 5', 114, 'https://product.hstatic.net/200000722513/product/gallery-2-pro-x-2-lightspeed-gaming-headset-black_6a78544b4d0643959d92fb996acf90d4.png', FALSE),
    ('Ảnh 6', 114, 'https://product.hstatic.net/200000722513/product/gallery-6-pro-x-2-lightspeed-gaming-headset-black_7492d9a67f1d436e93045cbd9e27a42e.png', FALSE);
---
INSERT INTO product (name, seo_name, brand_id, specifications, description, created_by, image_url) 
    VALUES (
        'Tai nghe Kingston HyperX Cloud Stinger Core 7.1 Wireless', 'tai-nghe-kingston-hyperx-cloud-stinger-core-7-1-wireless', 41,
        '{"Nhà sản xuất": "HyperX", "Tình trạng": "Mới", "Bảo hành": "24 tháng", "Màu sắc": "Đen"}',
        'Tai nghe Kingston HyperX Cloud Stinger Core 7.1 Wireless mang đến trải nghiệm âm thanh vòm sống động, liền mạch, loại bỏ hoàn toàn sự vướng víu của dây cáp. Với công nghệ âm thanh vòm 7.1 ảo, bạn sẽ dễ dàng xác định vị trí kẻ địch, nhận biết mọi âm thanh trong game, từ tiếng bước chân nhỏ nhất đến tiếng vũ khí vang dội. Tai nghe được thiết kế để mang lại sự thoải mái tối đa ngay cả trong những phiên chơi game kéo dài. Đệm tai mềm mại, bọc da cao cấp cùng vòm tai có thể điều chỉnh linh hoạt giúp giảm áp lực lên tai và đầu. Driver âm thanh 40mm được tùy chỉnh mang lại âm bass mạnh mẽ và âm thanh rõ nét, giúp bạn đắm chìm hoàn toàn vào thế giới game. Micro thu âm chất lượng cao, có khả năng chống ồn, đảm bảo giọng nói của bạn luôn rõ ràng khi giao tiếp với đồng đội. Tích hợp tính năng tắt tiếng micro bằng cách gạt lên tiện lợi. Pin sạc cho thời lượng sử dụng ấn tượng lên đến 17 giờ, đủ sức đáp ứng nhu cầu chơi game cả ngày. Kết nối không dây 2.4GHz ổn định, độ trễ thấp, mang lại trải nghiệm mượt mà không giật lag. Tương thích đa nền tảng, bao gồm PC, PlayStation 4, PlayStation 5 và Nintendo Switch, cho phép bạn dễ dàng chuyển đổi thiết bị sử dụng. Vỏ ngoài được làm từ chất liệu bền bỉ, cùng thiết kế hiện đại, năng động, phù hợp với mọi game thủ.',
        1, 'https://product.hstatic.net/200000722513/product/stinger_core_wl_1_bdeed1f4220c408ca26ee8fa9ac89f74_cea6cddf0c6b40df81c8526f6a138a79.jpg'
    );
INSERT INTO product_category (product_id, category_id) VALUES (115, 24);
INSERT INTO product_variant (
        product_id, name, seo_name, supplier_id, price, price_sale, quantity, sku, model, barcode, 
        specifications, description, warranty, image_url, release_at, created_by)
        VALUES ( 115, 'Tai nghe Kingston HyperX Cloud Stinger Core 7.1 Wireless', 'tai-nghe-kingston-hyperx-cloud-stinger-core-7-1-wireless',
            1, 1990000, 1590000, 10, 'TAI-HYP-CLOUD-STINGER-CORE-WL',
            'TAI-HYP-CLOUD-STINGER-CORE-WL', 'TAI-HYP-CLOUD-STINGER-CORE-WL',
            '{"Hãng sản xuất": "Kingston HyperX", "Model": "Cloud Stinger Core 7.1 Wireless", "Màng loa": "Động, 40mm hoặc 50mm với nam châm đất hiếm", "Loại tai nghe": "Chụp đầu, Đóng kín", "Tần số đáp ứng": "20Hz–20kHz (hoặc 10Hz–21kHz)", "Trở kháng": "16 Ω hoặc 32 Ω", "Mức áp suất âm": "103dBSPL/mW at 1kHz (hoặc 109dBSPL/mW at 1kHz)", "Tổng độ biến dạng sóng hài (T.H.D)": "≤ 2% hoặc <2%", "Trọng lượng": "244g hoặc 270g", "Loại kết nối": "Không dây 2.4GHz", "Khoảng cách kết nối": "20 mét", "Thời lượng pin": "17 giờ", "Thời gian sạc": "3 giờ", "Chất lượng âm thanh": "Âm thanh vòm ảo 7.1 (DTS® Headphone:X® Spatial Audio)", "Micrô": "Khử nhiễu, có thể xoay để tắt tiếng", "Tính năng khác": "Thanh trượt bằng thép có thể điều chỉnh, Nút chỉnh âm tích hợp, Chụp tai xoay 90°", "Tương thích": "PC, PS4™, PS5"}',
            'Tai nghe Kingston HyperX Cloud Stinger Core 7.1 Wireless mang đến trải nghiệm âm thanh vòm sống động, liền mạch, loại bỏ hoàn toàn sự vướng víu của dây cáp. Với công nghệ âm thanh vòm 7.1 ảo, bạn sẽ dễ dàng xác định vị trí kẻ địch, nhận biết mọi âm thanh trong game, từ tiếng bước chân nhỏ nhất đến tiếng vũ khí vang dội. Tai nghe được thiết kế để mang lại sự thoải mái tối đa ngay cả trong những phiên chơi game kéo dài. Đệm tai mềm mại, bọc da cao cấp cùng vòm tai có thể điều chỉnh linh hoạt giúp giảm áp lực lên tai và đầu. Driver âm thanh 40mm được tùy chỉnh mang lại âm bass mạnh mẽ và âm thanh rõ nét, giúp bạn đắm chìm hoàn toàn vào thế giới game. Micro thu âm chất lượng cao, có khả năng chống ồn, đảm bảo giọng nói của bạn luôn rõ ràng khi giao tiếp với đồng đội. Tích hợp tính năng tắt tiếng micro bằng cách gạt lên tiện lợi. Pin sạc cho thời lượng sử dụng ấn tượng lên đến 17 giờ, đủ sức đáp ứng nhu cầu chơi game cả ngày. Kết nối không dây 2.4GHz ổn định, độ trễ thấp, mang lại trải nghiệm mượt mà không giật lag. Tương thích đa nền tảng, bao gồm PC, PlayStation 4, PlayStation 5 và Nintendo Switch, cho phép bạn dễ dàng chuyển đổi thiết bị sử dụng. Vỏ ngoài được làm từ chất liệu bền bỉ, cùng thiết kế hiện đại, năng động, phù hợp với mọi game thủ.',
            24, 'https://product.hstatic.net/200000722513/product/stinger_core_wl_1_bdeed1f4220c408ca26ee8fa9ac89f74_cea6cddf0c6b40df81c8526f6a138a79.jpg', '2023-06-02T18:09:43+00:00',1);
        
INSERT INTO product_image (name, product_variant_id, image_url, is_main)
VALUES
    ('Ảnh 1', 115, 'https://product.hstatic.net/200000722513/product/stinger_core_wl_1_bdeed1f4220c408ca26ee8fa9ac89f74_cea6cddf0c6b40df81c8526f6a138a79.jpg', TRUE),
    ('Ảnh 2', 115, 'https://product.hstatic.net/200000722513/product/stinger_core_wl_6_68ed4f33d7cc47029f215d71cd92b229_2dc1d518f70d4203b715c68870e32df6.jpg', FALSE),
    ('Ảnh 3', 115, 'https://product.hstatic.net/200000722513/product/stinger_core_wl_3_d6bdf984ab0449aba2ec62404fe56dd7_d790fbc2d9dc4baa933c5e5ea1aabec2.jpg', FALSE),
    ('Ảnh 4', 115, 'https://product.hstatic.net/200000722513/product/stinger_core_wl_2_4fdeef7e731e48aa80a5646e2d79524d_b92205b4f0264c0d9d3d7b372a5d78ff.jpg', FALSE),
    ('Ảnh 5', 115, 'https://product.hstatic.net/200000722513/product/stinger_core_wl_5_78a41a8ac150415aa44c7f06afa9e6e9_5f28011e5eb448f8ad704994f5b88956.jpg', FALSE),
    ('Ảnh 6', 115, 'https://product.hstatic.net/200000722513/product/stinger_core_wl_4_eb0e596b8a83451987290a8e60307a58_5bf9d3a7acea42cca64f30dd4a0bd242.jpg', FALSE),
    ('Ảnh 7', 115, 'https://product.hstatic.net/200000722513/product/stinger_core_wl_11_58b3a1731e8c4db481891190e7adf36e_381243c100174c6b92b0f32a371dedfd.jpg', FALSE),
    ('Ảnh 8', 115, 'https://product.hstatic.net/200000722513/product/stinger_core_wl_8_cbf99b248eb240628f0bf06ca8b03483_a75da56974644d4e9209720090e8977b.jpg', FALSE),
    ('Ảnh 9', 115, 'https://product.hstatic.net/200000722513/product/stinger_core_wl_9_193375c787854d35851e6dc4420dbc4e_1af492e3846b48e5ae7df9972b2d32ea.jpg', FALSE),
    ('Ảnh 10', 115, 'https://product.hstatic.net/200000722513/product/stinger_core_wl_7_7ea3243c9c3e479982cfc14b1e34b0fa_a3ef0f7a5e6f407482c215baf388d341.jpg', FALSE);
---
INSERT INTO product (name, seo_name, brand_id, specifications, description, created_by, image_url) 
    VALUES (
        'Tai nghe HP HyperX Cloud III Black', 'tai-nghe-hp-hyperx-cloud-iii-black', 27,
        '{"Hãng sản xuất": "HP HyperX", "Model": "Cloud III BLACK", "Bảo hành": "24 Tháng", "Tần số đáp ứng": "10Hz-21kHz", "Chiều dài dây cáp": "Cáp tai nghe 1.2m, Cáp USB dongle 1m3", "Màng loa": "53mm", "Loại khung": "Nhôm", "Độ nhạy": "-42dBV (0dB = 1V / Pa ở 1kHz)", "Kết nối thông qua jack": "3.5mm, USB", "Phụ kiện đi kèm": "Microphone, soundcard USB", "Tương thích": "- PC, PS5, PS4, Xbox Series X|S, Xbox One, Nintendo Switch, Mac và các thiết bị di động. Các đầu nối 3,5mm, USB-A và USB-C", "Âm thanh vòm": "7.1"}',
        'Tai nghe HP HyperX Cloud III Black mang đến trải nghiệm âm thanh đỉnh cao cho game thủ và người yêu nhạc. Với thiết kế hiện đại, màu đen huyền bí, chiếc tai nghe này không chỉ là một phụ kiện chơi game mà còn là biểu tượng phong cách. HyperX Cloud III được trang bị củ loa Neodymium kích thước lớn 53mm, mang lại âm thanh sống động, chi tiết và mạnh mẽ, giúp bạn dễ dàng nhận diện mọi âm thanh trong game, từ tiếng bước chân kẻ địch đến những vụ nổ hoành tráng. Màng loa được tinh chỉnh đặc biệt để tối ưu hóa âm thanh vòm, tạo ra không gian âm thanh 3D chân thực, nâng cao khả năng định vị và phản xạ nhanh nhạy trong mọi tình huống. Đệm tai bằng mút hoạt tính cao cấp bọc da PU mềm mại, ôm sát tai, mang lại sự thoải mái tối đa ngay cả khi sử dụng trong thời gian dài. Khung tai nghe làm từ nhôm cao cấp, vừa chắc chắn, bền bỉ, vừa nhẹ nhàng, giảm áp lực lên đầu. Micro thu âm có thể tháo rời, tích hợp công nghệ khử tiếng ồn, đảm bảo giọng nói của bạn luôn rõ ràng, trong trẻo khi giao tiếp với đồng đội hoặc tham gia các cuộc gọi. Cổng kết nối USB-C đa dụng, tương thích với nhiều thiết bị như PC, PlayStation 5, Xbox Series X|S, Nintendo Switch và các thiết bị di động khác. Dây cáp dài, bọc vải chống rối, tăng cường độ bền và sự tiện lợi khi sử dụng. Tai nghe HP HyperX Cloud III Black là sự kết hợp hoàn hảo giữa hiệu năng âm thanh vượt trội, thiết kế công thái học và độ bền bỉ, là lựa chọn lý tưởng cho mọi game thủ chuyên nghiệp.',
        1, 'https://product.hstatic.net/200000722513/product/hinh-1_06b4ca8ba58943b19ace76203ecc8b01_db698b18b73a43a7955f45f105ba989e.gif'
    );
INSERT INTO product_category (product_id, category_id) VALUES (116, 24);
INSERT INTO product_variant (
        product_id, name, seo_name, supplier_id, price, price_sale, quantity, sku, model, barcode, 
        specifications, description, warranty, image_url, release_at, created_by)
        VALUES ( 116, 'Tai nghe HP HyperX Cloud III Black', 'tai-nghe-hp-hyperx-cloud-iii-black',
            1, 2990000, 1990000, 10, 'TAI-HP-HYPERX-CLOUD-III-BLACK',
            'TAI-HP-HYPERX-CLOUD-III-BLACK', 'TAI-HP-HYPERX-CLOUD-III-BLACK',
            '{"Hãng sản xuất": "HP HyperX", "Model": "Cloud III BLACK", "Bảo hành": "24 Tháng", "Tần số đáp ứng": "10Hz-21kHz", "Chiều dài dây cáp": "Cáp tai nghe 1.2m, Cáp USB dongle 1m3", "Màng loa": "53mm", "Loại khung": "Nhôm", "Độ nhạy": "-42dBV (0dB = 1V / Pa ở 1kHz)", "Kết nối thông qua jack": "3.5mm, USB", "Phụ kiện đi kèm": "Microphone, soundcard USB", "Tương thích": "- PC, PS5, PS4, Xbox Series X|S, Xbox One, Nintendo Switch, Mac và các thiết bị di động. Các đầu nối 3,5mm, USB-A và USB-C", "Âm thanh vòm": "7.1"}',
            'Tai nghe HP HyperX Cloud III Black mang đến trải nghiệm âm thanh đỉnh cao cho game thủ và người yêu nhạc. Với thiết kế hiện đại, màu đen huyền bí, chiếc tai nghe này không chỉ là một phụ kiện chơi game mà còn là biểu tượng phong cách. HyperX Cloud III được trang bị củ loa Neodymium kích thước lớn 53mm, mang lại âm thanh sống động, chi tiết và mạnh mẽ, giúp bạn dễ dàng nhận diện mọi âm thanh trong game, từ tiếng bước chân kẻ địch đến những vụ nổ hoành tráng. Màng loa được tinh chỉnh đặc biệt để tối ưu hóa âm thanh vòm, tạo ra không gian âm thanh 3D chân thực, nâng cao khả năng định vị và phản xạ nhanh nhạy trong mọi tình huống. Đệm tai bằng mút hoạt tính cao cấp bọc da PU mềm mại, ôm sát tai, mang lại sự thoải mái tối đa ngay cả khi sử dụng trong thời gian dài. Khung tai nghe làm từ nhôm cao cấp, vừa chắc chắn, bền bỉ, vừa nhẹ nhàng, giảm áp lực lên đầu. Micro thu âm có thể tháo rời, tích hợp công nghệ khử tiếng ồn, đảm bảo giọng nói của bạn luôn rõ ràng, trong trẻo khi giao tiếp với đồng đội hoặc tham gia các cuộc gọi. Cổng kết nối USB-C đa dụng, tương thích với nhiều thiết bị như PC, PlayStation 5, Xbox Series X|S, Nintendo Switch và các thiết bị di động khác. Dây cáp dài, bọc vải chống rối, tăng cường độ bền và sự tiện lợi khi sử dụng. Tai nghe HP HyperX Cloud III Black là sự kết hợp hoàn hảo giữa hiệu năng âm thanh vượt trội, thiết kế công thái học và độ bền bỉ, là lựa chọn lý tưởng cho mọi game thủ chuyên nghiệp.',
            24, 'https://product.hstatic.net/200000722513/product/hinh-1_06b4ca8ba58943b19ace76203ecc8b01_db698b18b73a43a7955f45f105ba989e.gif', '2023-06-02T05:18:41+00:00',1);
        
INSERT INTO product_image (name, product_variant_id, image_url, is_main)
VALUES
    ('Ảnh 1', 116, 'https://product.hstatic.net/200000722513/product/hinh-1_06b4ca8ba58943b19ace76203ecc8b01_db698b18b73a43a7955f45f105ba989e.gif', TRUE),
    ('Ảnh 2', 116, 'https://product.hstatic.net/200000722513/product/hinh-1-white_46ed6d32fabf4f7b99d0604dfc4887ae_fc48ed6a87d74cb1aa3992e3258552b8.gif', FALSE),
    ('Ảnh 3', 116, 'https://product.hstatic.net/200000722513/product/hinh-2_295d0d338bab449990526bfe27d5de32_23ad8b69a3094317875c30e91a75bd82.gif', FALSE),
    ('Ảnh 4', 116, 'https://product.hstatic.net/200000722513/product/hinh-2-white_2aa42ddbe05f4b36984114f607727da8_5172fa7668ae401cbf7d423c64adb2f7.gif', FALSE),
    ('Ảnh 5', 116, 'https://product.hstatic.net/200000722513/product/hinh-3_d0a25889dec3423b8bbb7909ef4262ab_b9b0214f1f664d94b355276855e671df.gif', FALSE),
    ('Ảnh 6', 116, 'https://product.hstatic.net/200000722513/product/hinh-3-white_37ca3a9b3b704d54979a3110866167f8_e1572536871b428195dedfb3106ae513.gif', FALSE);
---
INSERT INTO product (name, seo_name, brand_id, specifications, description, created_by, image_url) 
    VALUES (
        'Tai nghe HP HyperX Cloud III Red', 'tai-nghe-hp-hyperx-cloud-iii-red', 27,
        '{"Hãng sản xuất:": "HP HyperX", "Model:": "Cloud III RED", "Bảo hành": "24 Tháng", "Tần số đáp ứng:": "10Hz - 21kHz", "Chiều dài dây cáp:": "Cáp tai nghe: 1.2m, Cáp USB dongle: 1.3m", "Màng loa:": "53mm", "Loại khung:": "Nhôm", "Độ nhạy:": "-42dBV (0dB = 1V / Pa ở 1kHz)", "Kết nối thông qua jack:": "3.5mm, USB", "Phụ kiện đi kèm:": "Microphone, soundcard USB", "Tương thích:": "- PC, PS5, PS4, Xbox Series X|S, Xbox One, Nintendo Switch, Mac và các thiết bị di động.\n- Các đầu nối 3,5mm, USB-A và USB-C", "Âm thanh vòm:": "7.1"}',
        'Tai nghe HP HyperX Cloud III Red mang đến trải nghiệm âm thanh đỉnh cao, thiết kế thoải mái vượt trội và độ bền ấn tượng, là sự lựa chọn hoàn hảo cho game thủ chuyên nghiệp và người yêu âm nhạc. Với driver âm thanh 53mm được tinh chỉnh đặc biệt, Cloud III Red tái tạo âm thanh chân thực, sống động, với âm bass mạnh mẽ, âm trung rõ ràng và âm cao chi tiết, giúp bạn đắm chìm hoàn toàn vào thế giới game hoặc thưởng thức trọn vẹn từng giai điệu. Microphone rời có khả năng khử tiếng ồn và công nghệ Dòng tín hiệu kép giúp giọng nói của bạn luôn rõ ràng, trong trẻo, giao tiếp hiệu quả với đồng đội. Đệm tai nghe được làm từ bọt hoạt tính cao cấp và lớp da PU mềm mại, ôm sát tai, giảm áp lực, mang lại cảm giác thoải mái ngay cả khi sử dụng trong thời gian dài. Khung tai nghe bằng nhôm chắc chắn, bền bỉ, chịu được những tác động mạnh mẽ trong quá trình sử dụng. Thiết kế công thái học với phần đệm đầu linh hoạt, tự điều chỉnh theo kích thước đầu, mang đến sự vừa vặn tối ưu cho mọi người dùng. Kết nối USB-C tiện lợi, tương thích với đa dạng thiết bị như PC, PlayStation, Xbox, Nintendo Switch và các thiết bị di động khác. Phiên bản màu Red đỏ rực rỡ, cá tính, thể hiện phong cách năng động và mạnh mẽ của người sở hữu. Tai nghe HP HyperX Cloud III Red không chỉ là một thiết bị âm thanh, mà còn là người bạn đồng hành đáng tin cậy, nâng tầm trải nghiệm giải trí của bạn lên một tầm cao mới.',
        1, 'https://product.hstatic.net/200000722513/product/hinh-1_3b11da8a826f404f886613107278b85e_a86a5f556b154780a4c98035f4e22a68.gif'
    );
INSERT INTO product_category (product_id, category_id) VALUES (117, 24);
INSERT INTO product_variant (
        product_id, name, seo_name, supplier_id, price, price_sale, quantity, sku, model, barcode, 
        specifications, description, warranty, image_url, release_at, created_by)
        VALUES ( 117, 'Tai nghe HP HyperX Cloud III Red', 'tai-nghe-hp-hyperx-cloud-iii-red',
            1, 2990000, 1990000, 10, 'TAI-HP-HYPERX-CLOUD-III-RED',
            'TAI-HP-HYPERX-CLOUD-III-RED', 'TAI-HP-HYPERX-CLOUD-III-RED',
            '{"Hãng sản xuất:": "HP HyperX", "Model:": "Cloud III RED", "Bảo hành": "24 Tháng", "Tần số đáp ứng:": "10Hz - 21kHz", "Chiều dài dây cáp:": "Cáp tai nghe: 1.2m, Cáp USB dongle: 1.3m", "Màng loa:": "53mm", "Loại khung:": "Nhôm", "Độ nhạy:": "-42dBV (0dB = 1V / Pa ở 1kHz)", "Kết nối thông qua jack:": "3.5mm, USB", "Phụ kiện đi kèm:": "Microphone, soundcard USB", "Tương thích:": "- PC, PS5, PS4, Xbox Series X|S, Xbox One, Nintendo Switch, Mac và các thiết bị di động.\n- Các đầu nối 3,5mm, USB-A và USB-C", "Âm thanh vòm:": "7.1"}',
            'Tai nghe HP HyperX Cloud III Red mang đến trải nghiệm âm thanh đỉnh cao, thiết kế thoải mái vượt trội và độ bền ấn tượng, là sự lựa chọn hoàn hảo cho game thủ chuyên nghiệp và người yêu âm nhạc. Với driver âm thanh 53mm được tinh chỉnh đặc biệt, Cloud III Red tái tạo âm thanh chân thực, sống động, với âm bass mạnh mẽ, âm trung rõ ràng và âm cao chi tiết, giúp bạn đắm chìm hoàn toàn vào thế giới game hoặc thưởng thức trọn vẹn từng giai điệu. Microphone rời có khả năng khử tiếng ồn và công nghệ Dòng tín hiệu kép giúp giọng nói của bạn luôn rõ ràng, trong trẻo, giao tiếp hiệu quả với đồng đội. Đệm tai nghe được làm từ bọt hoạt tính cao cấp và lớp da PU mềm mại, ôm sát tai, giảm áp lực, mang lại cảm giác thoải mái ngay cả khi sử dụng trong thời gian dài. Khung tai nghe bằng nhôm chắc chắn, bền bỉ, chịu được những tác động mạnh mẽ trong quá trình sử dụng. Thiết kế công thái học với phần đệm đầu linh hoạt, tự điều chỉnh theo kích thước đầu, mang đến sự vừa vặn tối ưu cho mọi người dùng. Kết nối USB-C tiện lợi, tương thích với đa dạng thiết bị như PC, PlayStation, Xbox, Nintendo Switch và các thiết bị di động khác. Phiên bản màu Red đỏ rực rỡ, cá tính, thể hiện phong cách năng động và mạnh mẽ của người sở hữu. Tai nghe HP HyperX Cloud III Red không chỉ là một thiết bị âm thanh, mà còn là người bạn đồng hành đáng tin cậy, nâng tầm trải nghiệm giải trí của bạn lên một tầm cao mới.',
            24, 'https://product.hstatic.net/200000722513/product/hinh-1_3b11da8a826f404f886613107278b85e_a86a5f556b154780a4c98035f4e22a68.gif', '2023-06-02T05:18:45+00:00',1);
        
INSERT INTO product_image (name, product_variant_id, image_url, is_main)
VALUES
    ('Ảnh 1', 117, 'https://product.hstatic.net/200000722513/product/hinh-1_3b11da8a826f404f886613107278b85e_a86a5f556b154780a4c98035f4e22a68.gif', TRUE),
    ('Ảnh 2', 117, 'https://product.hstatic.net/200000722513/product/hinh-1-white_6b01ca2fb6824a8ebc6e72d1846ffc82_f5b8bcfd22084d7fadd32a777abb04a3.gif', FALSE),
    ('Ảnh 3', 117, 'https://product.hstatic.net/200000722513/product/hinh-3_6abf8821a16942c2b5f078e03f2418f4_47d5ef615d43479aa5257310699acdaf.gif', FALSE),
    ('Ảnh 4', 117, 'https://product.hstatic.net/200000722513/product/hinh-3-white_0fa9049249d547468ed7350a878e2819_876311f021bc4cb893e225d8d06d2c57.gif', FALSE),
    ('Ảnh 5', 117, 'https://product.hstatic.net/200000722513/product/hinh-2-white_d881d2373549447fa1d0c2bb972148e4_d09b5db392ce499995ace96ee0dc36c7.gif', FALSE),
    ('Ảnh 6', 117, 'https://product.hstatic.net/200000722513/product/post-01_0df7385e19e345709cbf6f68a261cfb8.jpg', FALSE),
    ('Ảnh 7', 117, 'https://product.hstatic.net/200000722513/product/post-07_e14ed32cb0614195bfd8cffb4994534a.jpg', FALSE),
    ('Ảnh 8', 117, 'https://product.hstatic.net/200000722513/product/post-08_9bfff38506c94e92a683b095f78d87e6.jpg', FALSE),
    ('Ảnh 9', 117, 'https://product.hstatic.net/200000722513/product/post-17_011ae25bcb074fe29148cb77695db149.jpg', FALSE),
    ('Ảnh 10', 117, 'https://product.hstatic.net/200000722513/product/post-18_461a509c4afd4cf4b538ec1b662af906.jpg', FALSE),
    ('Ảnh 11', 117, 'https://product.hstatic.net/200000722513/product/post-20_c1e5797afb914e17aa9fd2c79d0da5b5.jpg', FALSE),
    ('Ảnh 12', 117, 'https://product.hstatic.net/200000722513/product/post-21_5ee5670dee0345fcb0feb4b1d27a3917.jpg', FALSE),
    ('Ảnh 13', 117, 'https://product.hstatic.net/200000722513/product/post-22_425c1c7a64134ca7a6584b2fe565329f.jpg', FALSE),
    ('Ảnh 14', 117, 'https://product.hstatic.net/200000722513/product/post-23_b67969e547724f92b61427fbc7c57675.jpg', FALSE),
    ('Ảnh 15', 117, 'https://product.hstatic.net/200000722513/product/post-24_396a5da2b7424c89b8be87cf8eff19d5.jpg', FALSE);
---
INSERT INTO product (name, seo_name, brand_id, specifications, description, created_by, image_url) 
    VALUES (
        'Tai nghe Logitech G733 LIGHTSPEED Wireless White', 'tai-nghe-logitech-g733-lightspeed-wireless-white', 13,
        '{"Thương hiệu:": "Logitech", "Bảo hành:": "24 tháng", "Series/Model:": "G733 LightSpeed Wireless White", "Màu sắc:": "Trắng", "Kiểu tai nghe:": "Over-ear", "Kiểu kết nối:": "Không dây", "LED:": "Có LED RGB", "Chuẩn kết nối:": "Receiver USB type A", "Microphone:": "Có thể tháo rời", "Trở kháng:": "1kHz 32 Ohm", "Tần số:": "20Hz - 20KHz", "Khả năng cách âm:": "Có", "Chất liệu khung:": "Nhựa", "Chất liệu đệm tai nghe:": "Vải thoáng khí", "Phụ kiện đi kèm:": "Hướng dẫn sử dụng, Receiver USB, Cáp sạc USB type A to USB type C", "Tương thích:": "Windows 7 trở lên, MacOS X 10.12 trở lên, PlayStation 4", "Chức năng đặc biệt:": "Công nghệ kết nối không dây Lightspeed độc quyền Logitech"}',
        'Tai nghe Logitech G733 LIGHTSPEED Wireless White là một lựa chọn tuyệt vời cho các game thủ và người dùng yêu cầu chất lượng âm thanh cao cùng sự tiện lợi không dây. Với công nghệ không dây LIGHTSPEED tiên tiến, tai nghe mang đến kết nối siêu ổn định và độ trễ cực thấp, giúp bạn phản ứng nhanh nhạy trong mọi tình huống game. Thiết kế màu trắng tinh khôi, hiện đại và trọng lượng siêu nhẹ chỉ khoảng 278g, G733 tạo cảm giác thoải mái khi đeo trong thời gian dài. Đệm tai bằng bọt hoạt tính thoáng khí và dây đeo đầu mềm mại có thể điều chỉnh giúp phân bổ trọng lượng đều, giảm áp lực lên đầu. Màng loa PRO-G độc quyền của Logitech cho âm thanh sống động, chi tiết với dải tần rộng, tái hiện chân thực mọi âm thanh trong game, từ tiếng bước chân nhỏ nhất đến những vụ nổ hoành tráng. Công nghệ DTS Headphone:X v2.0 mang đến âm thanh vòm 7.1 thế hệ mới, giúp định vị chính xác nguồn âm thanh, mang lại lợi thế cạnh tranh vượt trội. Micrô kép với công nghệ lọc tiếng ồn Blue VO!CE tiên tiến giúp giọng nói của bạn trong trẻo, rõ ràng, loại bỏ tạp âm môi trường, đảm bảo giao tiếp hiệu quả với đồng đội. Pin sạc cho thời lượng sử dụng lên đến 29 giờ với đèn RGB tắt và khoảng 20 giờ khi bật đèn, thoải mái sử dụng cả ngày dài. Hệ thống đèn LED RGB LIGHTSYNC tùy chỉnh với hơn 16.8 triệu màu, cho phép bạn thể hiện phong cách cá nhân và đồng bộ với các thiết bị Logitech G khác. Tai nghe còn hỗ trợ kết nối đa nền tảng qua cổng USB-C, tương thích với PC, PlayStation, Nintendo Switch và các thiết bị di động. Bao gồm cáp sạc USB-C và bộ thu USB LIGHTSPEED.',
        1, 'https://product.hstatic.net/200000722513/product/-g733-lightspeed-wireless-white-66666_142abc4187744aa7b7fe009d7486696c_5a3256dbfe0746d9a5549eb5e11bf773.png'
    );
INSERT INTO product_category (product_id, category_id) VALUES (118, 24);
INSERT INTO product_variant (
        product_id, name, seo_name, supplier_id, price, price_sale, quantity, sku, model, barcode, 
        specifications, description, warranty, image_url, release_at, created_by)
        VALUES ( 118, 'Tai nghe Logitech G733 LIGHTSPEED Wireless White', 'tai-nghe-logitech-g733-lightspeed-wireless-white',
            1, 2890000, 2300000, 10, 'TAI-LOG-G733-LS-WL-W',
            'TAI-LOG-G733-LS-WL-W', 'TAI-LOG-G733-LS-WL-W',
            '{"Thương hiệu:": "Logitech", "Bảo hành:": "24 tháng", "Series/Model:": "G733 LightSpeed Wireless White", "Màu sắc:": "Trắng", "Kiểu tai nghe:": "Over-ear", "Kiểu kết nối:": "Không dây", "LED:": "Có LED RGB", "Chuẩn kết nối:": "Receiver USB type A", "Microphone:": "Có thể tháo rời", "Trở kháng:": "1kHz 32 Ohm", "Tần số:": "20Hz - 20KHz", "Khả năng cách âm:": "Có", "Chất liệu khung:": "Nhựa", "Chất liệu đệm tai nghe:": "Vải thoáng khí", "Phụ kiện đi kèm:": "Hướng dẫn sử dụng, Receiver USB, Cáp sạc USB type A to USB type C", "Tương thích:": "Windows 7 trở lên, MacOS X 10.12 trở lên, PlayStation 4", "Chức năng đặc biệt:": "Công nghệ kết nối không dây Lightspeed độc quyền Logitech"}',
            'Tai nghe Logitech G733 LIGHTSPEED Wireless White là một lựa chọn tuyệt vời cho các game thủ và người dùng yêu cầu chất lượng âm thanh cao cùng sự tiện lợi không dây. Với công nghệ không dây LIGHTSPEED tiên tiến, tai nghe mang đến kết nối siêu ổn định và độ trễ cực thấp, giúp bạn phản ứng nhanh nhạy trong mọi tình huống game. Thiết kế màu trắng tinh khôi, hiện đại và trọng lượng siêu nhẹ chỉ khoảng 278g, G733 tạo cảm giác thoải mái khi đeo trong thời gian dài. Đệm tai bằng bọt hoạt tính thoáng khí và dây đeo đầu mềm mại có thể điều chỉnh giúp phân bổ trọng lượng đều, giảm áp lực lên đầu. Màng loa PRO-G độc quyền của Logitech cho âm thanh sống động, chi tiết với dải tần rộng, tái hiện chân thực mọi âm thanh trong game, từ tiếng bước chân nhỏ nhất đến những vụ nổ hoành tráng. Công nghệ DTS Headphone:X v2.0 mang đến âm thanh vòm 7.1 thế hệ mới, giúp định vị chính xác nguồn âm thanh, mang lại lợi thế cạnh tranh vượt trội. Micrô kép với công nghệ lọc tiếng ồn Blue VO!CE tiên tiến giúp giọng nói của bạn trong trẻo, rõ ràng, loại bỏ tạp âm môi trường, đảm bảo giao tiếp hiệu quả với đồng đội. Pin sạc cho thời lượng sử dụng lên đến 29 giờ với đèn RGB tắt và khoảng 20 giờ khi bật đèn, thoải mái sử dụng cả ngày dài. Hệ thống đèn LED RGB LIGHTSYNC tùy chỉnh với hơn 16.8 triệu màu, cho phép bạn thể hiện phong cách cá nhân và đồng bộ với các thiết bị Logitech G khác. Tai nghe còn hỗ trợ kết nối đa nền tảng qua cổng USB-C, tương thích với PC, PlayStation, Nintendo Switch và các thiết bị di động. Bao gồm cáp sạc USB-C và bộ thu USB LIGHTSPEED.',
            24, 'https://product.hstatic.net/200000722513/product/-g733-lightspeed-wireless-white-66666_142abc4187744aa7b7fe009d7486696c_5a3256dbfe0746d9a5549eb5e11bf773.png', '2023-06-03T07:32:15+00:00',1);
        
INSERT INTO product_image (name, product_variant_id, image_url, is_main)
VALUES
    ('Ảnh 1', 118, 'https://product.hstatic.net/200000722513/product/-g733-lightspeed-wireless-white-66666_142abc4187744aa7b7fe009d7486696c_5a3256dbfe0746d9a5549eb5e11bf773.png', TRUE),
    ('Ảnh 2', 118, 'https://product.hstatic.net/200000722513/product/ech-g733-lightspeed-wireless-white-11_b76d45f28f904783b17c794a8bbdcdca_e796d4e40313463c8f928e8e524ee92d.jpg', FALSE),
    ('Ảnh 3', 118, 'https://product.hstatic.net/200000722513/product/ech-g733-lightspeed-wireless-white-22_84e4867eb34b4dda8aee0283eeea541a_6ddf6950f41b49eb9622258d2c7fcc9c.jpg', FALSE);
---
INSERT INTO product (name, seo_name, brand_id, specifications, description, created_by, image_url) 
    VALUES (
        'Tai nghe DareU EH925s Pro 7.1 RGB', 'tai-nghe-dareu-eh925-rgb-pro', 25,
        '{"Kiểu tai nghe": "Over Ear", "Kiểu kết nối": "USB", "Đèn LED": "RGB", "Microphone": "Mic tháo rời", "Tần số": "20Hz - 20KHz", "Chất liệu khung": "Kim loại", "Chất liệu đệm tai nghe": "Da mềm", "Tương thích": "PC", "Chức năng đặc biệt": "Khử tiếng ồn môi trường, âm thanh vòm 7.1", "Trọng lượng": "300g"}',
        'Tai nghe DareU EH925s Pro 7.1 RGB là lựa chọn hoàn hảo cho game thủ và người yêu âm nhạc, mang đến trải nghiệm âm thanh sống động và thiết kế ấn tượng. Với công nghệ âm thanh vòm 7.1 ảo, EH925s Pro tái tạo không gian âm thanh chân thực, giúp bạn dễ dàng xác định vị trí kẻ địch trong game hoặc đắm chìm vào từng giai điệu. Dải tần đáp ứng rộng 20Hz - 20kHz cùng driver Neodymium 50mm mạnh mẽ cho âm bass sâu, âm treble rõ ràng và chi tiết, tái hiện mọi sắc thái âm thanh một cách tinh tế. Đệm tai bằng da cao cấp và khung tai nghe có thể điều chỉnh linh hoạt mang lại sự thoải mái tối đa ngay cả khi sử dụng trong thời gian dài. Microphone đa hướng có khả năng chống ồn, thu âm giọng nói rõ ràng, lọc bỏ tạp âm xung quanh, đảm bảo giao tiếp mượt mà với đồng đội. Điểm nhấn độc đáo của EH925s Pro chính là hệ thống đèn LED RGB 16.8 triệu màu với nhiều chế độ hiệu ứng đa dạng, có thể tùy chỉnh qua phần mềm đi kèm, tạo nên một không gian chơi game đầy màu sắc và cá tính. Vỏ ngoài được chế tác từ chất liệu nhựa ABS cao cấp, bền bỉ, kết hợp với dây cáp bọc dù chống rối, tăng cường độ bền và tuổi thọ sản phẩm. Tai nghe kết nối qua cổng USB, tương thích với nhiều nền tảng như PC, laptop, mang đến sự tiện lợi tối ưu.',
        1, 'https://product.hstatic.net/200000722513/product/9917_3d278326a4674152ac3cf9872750d932_fe96fb5359a948c3ab904f8b441bdc21.png'
    );
INSERT INTO product_category (product_id, category_id) VALUES (119, 24);
INSERT INTO product_variant (
        product_id, name, seo_name, supplier_id, price, price_sale, quantity, sku, model, barcode, 
        specifications, description, warranty, image_url, release_at, created_by)
        VALUES ( 119, 'Tai nghe DareU EH925s Pro 7.1 RGB', 'tai-nghe-dareu-eh925-rgb-pro',
            1, 1290000, 990000, 10, 'TAI-DAR-EH925-PRO-RGB',
            'TAI-DAR-EH925-PRO-RGB', 'TAI-DAR-EH925-PRO-RGB',
            '{"Kiểu tai nghe": "Over Ear", "Kiểu kết nối": "USB", "Đèn LED": "RGB", "Microphone": "Mic tháo rời", "Tần số": "20Hz - 20KHz", "Chất liệu khung": "Kim loại", "Chất liệu đệm tai nghe": "Da mềm", "Tương thích": "PC", "Chức năng đặc biệt": "Khử tiếng ồn môi trường, âm thanh vòm 7.1", "Trọng lượng": "300g"}',
            'Tai nghe DareU EH925s Pro 7.1 RGB là lựa chọn hoàn hảo cho game thủ và người yêu âm nhạc, mang đến trải nghiệm âm thanh sống động và thiết kế ấn tượng. Với công nghệ âm thanh vòm 7.1 ảo, EH925s Pro tái tạo không gian âm thanh chân thực, giúp bạn dễ dàng xác định vị trí kẻ địch trong game hoặc đắm chìm vào từng giai điệu. Dải tần đáp ứng rộng 20Hz - 20kHz cùng driver Neodymium 50mm mạnh mẽ cho âm bass sâu, âm treble rõ ràng và chi tiết, tái hiện mọi sắc thái âm thanh một cách tinh tế. Đệm tai bằng da cao cấp và khung tai nghe có thể điều chỉnh linh hoạt mang lại sự thoải mái tối đa ngay cả khi sử dụng trong thời gian dài. Microphone đa hướng có khả năng chống ồn, thu âm giọng nói rõ ràng, lọc bỏ tạp âm xung quanh, đảm bảo giao tiếp mượt mà với đồng đội. Điểm nhấn độc đáo của EH925s Pro chính là hệ thống đèn LED RGB 16.8 triệu màu với nhiều chế độ hiệu ứng đa dạng, có thể tùy chỉnh qua phần mềm đi kèm, tạo nên một không gian chơi game đầy màu sắc và cá tính. Vỏ ngoài được chế tác từ chất liệu nhựa ABS cao cấp, bền bỉ, kết hợp với dây cáp bọc dù chống rối, tăng cường độ bền và tuổi thọ sản phẩm. Tai nghe kết nối qua cổng USB, tương thích với nhiều nền tảng như PC, laptop, mang đến sự tiện lợi tối ưu.',
            12, 'https://product.hstatic.net/200000722513/product/9917_3d278326a4674152ac3cf9872750d932_fe96fb5359a948c3ab904f8b441bdc21.png', '2023-06-02T07:59:13+00:00',1);
        
INSERT INTO product_image (name, product_variant_id, image_url, is_main)
VALUES
    ('Ảnh 1', 119, 'https://product.hstatic.net/200000722513/product/9917_3d278326a4674152ac3cf9872750d932_fe96fb5359a948c3ab904f8b441bdc21.png', TRUE),
    ('Ảnh 2', 119, 'https://product.hstatic.net/200000722513/product/9918_39a765f4aa7e46ce980d67d9aab205fb_caa4e71b420a444a88e8fd8a829ca89b.png', FALSE),
    ('Ảnh 3', 119, 'https://product.hstatic.net/200000722513/product/9919_73ab4f8b11e74194adb518a2c17fa528_f62c60a67478480eb894f78d95dd4775.png', FALSE),
    ('Ảnh 4', 119, 'https://product.hstatic.net/200000722513/product/9920_db5e00531fb34f419a4cfa95c8554fb7_fa5c9ae0895748a5883ff7bc185b58bc.png', FALSE),
    ('Ảnh 5', 119, 'https://product.hstatic.net/200000722513/product/9921_c4f9888bd0b04c78a0c0b7acd9954080_4f10957cd660482082165c3f9f69cdfa.png', FALSE),
    ('Ảnh 6', 119, 'https://product.hstatic.net/200000722513/product/9922_435fb98b8b03401aa5862f6e886b3a62_eea6d5d6643e4e52858c0b0909ed359d.png', FALSE);
---
INSERT INTO product (name, seo_name, brand_id, specifications, description, created_by, image_url) 
    VALUES (
        'Tai nghe Corsair HS55 Stereo White (CA-9011261-AP)', 'tai-nghe-corsair-hs55-white', 5,
        '{"Thương hiệu:": "Corsair", "Bảo hành:": "24 tháng", "Model:": "Corsair HS55 White", "Màu sắc:": "Trắng", "Kiểu tai nghe": "Over-ear", "Kiểu kết nối:": "Có dây", "Microphone:": "Có", "Dây:": "Dài 1,8m", "Tần số :": "Tai nghe: 20Hz - 20.000Hz, Micro: 100Hz - 10.000Hz", "Trở kháng:": "Tai nghe: 32 Ohms @ 1kHz, Micro: 2.2k Ohms", "Độ nhạy:": "Tai nghe: 114dB (+/-3dB), Micro: -41dB (+/-3dB)", "Drivers:": "50mm", "Tương thích:": "PC, Mac, PlayStation 4/5, Xbox One / Series XS, Nintendo Switch, Thiết bị di động", "Khả năng cách âm:": "Có"}',
        'Corsair được biết đến là một trong những hãng chuyên sản xuất các dòng sản phẩm gaming gear chất lượng, được người dùng đánh giá cao về hiệu năng lẫn thiết kế, từ bàn phím, chuột máy tính, tai nghe cho đến ghế gaming.\n\nHS55 Stereo là dòng tai nghe máy tính mới nhất đến từ Corsair, với nhiều cải tiến về công nghệ âm thanh, mang đến cho người dùng những trải nghiệm tuyệt vời trong những trò chơi mình yêu thích.\n\n**Thiết kế ấn tượng, sang trọng**\n\nVới thiết kế dạng tai nghe chụp tai (Over-ear), mang đến cho người nghe âm thanh tốt và khả năng lọc tiếng ồn hiệu quả. Tai nghe chơi game Corsair HS55 Stereo là dòng tai nghe sở hữu nhiều tính năng ấn tượng mà bất kỳ game thủ nào, dù bình thường hay chuyên nghiệp, cũng nên yêu thích.\n\nPhối màu White sang trọng nhưng vẫn không mất đi những đường nét gaming đặc trưng của các dòng tai nghe gaming Corsair. Với Corsair HS55 Stereo White, bạn có thể tạo nên không gian chơi game và làm việc ấn tượng, tăng cảm hứng sáng tạo trong công việc và nâng cao nhu cầu giải trí với các tựa game yêu thích.\n\n**Công nghệ âm thanh neodymium 50mm**\n\nĐể người dùng có những trải nghiệm âm thanh chất lượng, sắc nét trong trò chơi, HS55 Stereo White được Corsair trang bị công nghệ âm thanh mới nhất neodymium 50mm, dễ dàng tùy chỉnh thông qua phần mềm hỗ trợ. Cùng với dải tần số 20Hz - 20000Hz, mang đến chất lượng âm thanh mạnh mẽ, sống động.\n\n**Micro hỗ trợ thu giọng nói tuyệt vời**\n\nKhi sử dụng tai nghe Corsair HS55 Stereo White, người chơi hoàn toàn có thể yên tâm về khả năng giao tiếp với đồng đội. HS55 Stereo White được trang bị microphone gắn liền có thể điều chỉnh qua phần mềm, cho phép thu giọng nói tuyệt vời, giúp bạn dễ dàng trao đổi thông tin trong mọi nhu cầu sử dụng.\n\n**Trọng lượng siêu nhẹ, sử dụng thoải mái cả ngày dài**\n\nCorsair HS55 White là dòng tai nghe siêu nhẹ, chỉ với 284g. Với phần headband và chụp tai nghe làm bằng nhựa được bọc với chất liệu giả da cùng đệm foam cao cấp, mang đến sự thoải mái khi sử dụng trong thời gian dài.\n\n**Khả năng tương thích đa thiết bị**\n\nKết nối với nhiều nền tảng bao gồm PC, Xbox One, PlayStation, Switch và thiết bị di động thông qua cổng audio 3.5mm. Đi kèm với tai nghe là bộ chuyển đổi cho phép HS55 hoạt động trên các máy tính cũ một cách dễ dàng.',
        1, 'https://product.hstatic.net/200000722513/product/thumbtainghe-recovered_2_eb58c6226a844396bf19ace0cadaf6f7_67f61c83cada49c38fd5aee5db18cf66.png'
    );
INSERT INTO product_category (product_id, category_id) VALUES (120, 24);
INSERT INTO product_variant (
        product_id, name, seo_name, supplier_id, price, price_sale, quantity, sku, model, barcode, 
        specifications, description, warranty, image_url, release_at, created_by)
        VALUES ( 120, 'Tai nghe Corsair HS55 Stereo White (CA-9011261-AP)', 'tai-nghe-corsair-hs55-white',
            1, 1590000, 890000, 10, 'TAI-CORSAIR-H55-WHITE',
            'TAI-CORSAIR-H55-WHITE', 'TAI-CORSAIR-H55-WHITE',
            '{"Thương hiệu:": "Corsair", "Bảo hành:": "24 tháng", "Model:": "Corsair HS55 White", "Màu sắc:": "Trắng", "Kiểu tai nghe": "Over-ear", "Kiểu kết nối:": "Có dây", "Microphone:": "Có", "Dây:": "Dài 1,8m", "Tần số :": "Tai nghe: 20Hz - 20.000Hz, Micro: 100Hz - 10.000Hz", "Trở kháng:": "Tai nghe: 32 Ohms @ 1kHz, Micro: 2.2k Ohms", "Độ nhạy:": "Tai nghe: 114dB (+/-3dB), Micro: -41dB (+/-3dB)", "Drivers:": "50mm", "Tương thích:": "PC, Mac, PlayStation 4/5, Xbox One / Series XS, Nintendo Switch, Thiết bị di động", "Khả năng cách âm:": "Có"}',
            'Corsair được biết đến là một trong những hãng chuyên sản xuất các dòng sản phẩm gaming gear chất lượng, được người dùng đánh giá cao về hiệu năng lẫn thiết kế, từ bàn phím, chuột máy tính, tai nghe cho đến ghế gaming.\n\nHS55 Stereo là dòng tai nghe máy tính mới nhất đến từ Corsair, với nhiều cải tiến về công nghệ âm thanh, mang đến cho người dùng những trải nghiệm tuyệt vời trong những trò chơi mình yêu thích.\n\n**Thiết kế ấn tượng, sang trọng**\n\nVới thiết kế dạng tai nghe chụp tai (Over-ear), mang đến cho người nghe âm thanh tốt và khả năng lọc tiếng ồn hiệu quả. Tai nghe chơi game Corsair HS55 Stereo là dòng tai nghe sở hữu nhiều tính năng ấn tượng mà bất kỳ game thủ nào, dù bình thường hay chuyên nghiệp, cũng nên yêu thích.\n\nPhối màu White sang trọng nhưng vẫn không mất đi những đường nét gaming đặc trưng của các dòng tai nghe gaming Corsair. Với Corsair HS55 Stereo White, bạn có thể tạo nên không gian chơi game và làm việc ấn tượng, tăng cảm hứng sáng tạo trong công việc và nâng cao nhu cầu giải trí với các tựa game yêu thích.\n\n**Công nghệ âm thanh neodymium 50mm**\n\nĐể người dùng có những trải nghiệm âm thanh chất lượng, sắc nét trong trò chơi, HS55 Stereo White được Corsair trang bị công nghệ âm thanh mới nhất neodymium 50mm, dễ dàng tùy chỉnh thông qua phần mềm hỗ trợ. Cùng với dải tần số 20Hz - 20000Hz, mang đến chất lượng âm thanh mạnh mẽ, sống động.\n\n**Micro hỗ trợ thu giọng nói tuyệt vời**\n\nKhi sử dụng tai nghe Corsair HS55 Stereo White, người chơi hoàn toàn có thể yên tâm về khả năng giao tiếp với đồng đội. HS55 Stereo White được trang bị microphone gắn liền có thể điều chỉnh qua phần mềm, cho phép thu giọng nói tuyệt vời, giúp bạn dễ dàng trao đổi thông tin trong mọi nhu cầu sử dụng.\n\n**Trọng lượng siêu nhẹ, sử dụng thoải mái cả ngày dài**\n\nCorsair HS55 White là dòng tai nghe siêu nhẹ, chỉ với 284g. Với phần headband và chụp tai nghe làm bằng nhựa được bọc với chất liệu giả da cùng đệm foam cao cấp, mang đến sự thoải mái khi sử dụng trong thời gian dài.\n\n**Khả năng tương thích đa thiết bị**\n\nKết nối với nhiều nền tảng bao gồm PC, Xbox One, PlayStation, Switch và thiết bị di động thông qua cổng audio 3.5mm. Đi kèm với tai nghe là bộ chuyển đổi cho phép HS55 hoạt động trên các máy tính cũ một cách dễ dàng.',
            24, 'https://product.hstatic.net/200000722513/product/thumbtainghe-recovered_2_eb58c6226a844396bf19ace0cadaf6f7_67f61c83cada49c38fd5aee5db18cf66.png', '2023-06-02T12:41:03+00:00',1);
        
INSERT INTO product_image (name, product_variant_id, image_url, is_main)
VALUES
    ('Ảnh 1', 120, 'https://product.hstatic.net/200000722513/product/thumbtainghe-recovered_2_eb58c6226a844396bf19ace0cadaf6f7_67f61c83cada49c38fd5aee5db18cf66.png', TRUE),
    ('Ảnh 2', 120, 'https://product.hstatic.net/200000722513/product/9273_7781da931be979772c11c38ded18cf28_cdedc81b58c74084b166484c877ebcc8_f5540e83e0dc46eeb381d7ab7b404688.jpg', FALSE),
    ('Ảnh 3', 120, 'https://product.hstatic.net/200000722513/product/9259_8e2e145b94705b7065632d71f619f149_e89ecdecf3a8405aa2c2bd7d01b73514_e7716af71d8742958f487c0ac11d0019.jpg', FALSE),
    ('Ảnh 4', 120, 'https://product.hstatic.net/200000722513/product/8572_936614c0b7e11f2873f74679fcd902aa_eb443582cbe94fe5b56383692ec3add9_436b88a0b7b046adb28a2e9321fa65b1.jpg', FALSE);
---
INSERT INTO product (name, seo_name, brand_id, specifications, description, created_by, image_url) 
    VALUES (
        'Tai nghe Gaming Rapoo VH160', 'tai-nghe-gaming-rapoo-vh160', 29,
        '{"Thương hiệu": "Rapoo", "Bảo hành": "24 tháng", "Series/Model": "VH160", "Màu sắc": "Đen", "Kiểu tai nghe": "Over-ear", "Độ nhạy": "103 dB", "LED": "RGB", "Kết nối": "Có dây", "Microphone": "Có", "Trở kháng": "32 Ohm", "Tần số": "20 Hz - 20 kHz", "Khả năng cách âm": "Có", "Trọng lượng": "340 g"}',
        'Tai nghe Gaming Rapoo VH160 là lựa chọn hoàn hảo cho các game thủ yêu cầu chất lượng âm thanh đỉnh cao và trải nghiệm chơi game sống động. Với thiết kế hầm hố, hiện đại, VH160 không chỉ là một phụ kiện gaming mà còn là tuyên ngôn về phong cách của bạn.\n\nHệ thống âm thanh vòm 7.1 mang đến khả năng định vị âm thanh cực kỳ chính xác, giúp bạn dễ dàng xác định vị trí kẻ địch, tận hưởng trọn vẹn từng tiếng bước chân, tiếng súng hay hiệu ứng môi trường trong game. Màng loa kích thước lớn 50mm cung cấp dải âm bass mạnh mẽ, âm treble trong trẻo, tái tạo âm thanh chi tiết và đầy đặn, làm cho mọi cuộc chiến trở nên chân thực hơn bao giờ hết.\n\nMicrophone đa hướng có khả năng khử tiếng ồn, đảm bảo giọng nói của bạn luôn rõ ràng, rành mạch khi giao tiếp với đồng đội, ngay cả trong môi trường ồn ào. Đệm tai nghe được làm từ chất liệu cao cấp, mềm mại và thoáng khí, ôm trọn vành tai, mang lại sự thoải mái tối đa ngay cả trong những phiên chơi game kéo dài.\n\nKhung tai nghe chắc chắn, có thể điều chỉnh linh hoạt phù hợp với mọi kích cỡ đầu. Đèn LED RGB với hiệu ứng ánh sáng đa dạng không chỉ tăng thêm phần cuốn hút cho tai nghe mà còn tạo không khí sôi động cho góc gaming của bạn. Dây cáp bọc dù bền bỉ, chống rối hiệu quả, tăng cường tuổi thọ cho sản phẩm.\n\nRapoo VH160 tương thích rộng rãi với nhiều nền tảng như PC, laptop, PS4, Xbox One (có thể cần adapter). Đây là một sự đầu tư xứng đáng cho bất kỳ game thủ nào muốn nâng tầm trải nghiệm giải trí của mình.',
        1, 'https://product.hstatic.net/200000722513/product/gearvn-tai-nghe-gaming-rapoo-vh160-1_03c10c9a8cdd46039cc536c3292f663f_9288f6c2b45f4996892b94306f135188.png'
    );
INSERT INTO product_category (product_id, category_id) VALUES (121, 24);
INSERT INTO product_variant (
        product_id, name, seo_name, supplier_id, price, price_sale, quantity, sku, model, barcode, 
        specifications, description, warranty, image_url, release_at, created_by)
        VALUES ( 121, 'Tai nghe Gaming Rapoo VH160', 'tai-nghe-gaming-rapoo-vh160',
            1, 790000, 310000, 10, 'TAI-RAPOO-VH160',
            'TAI-RAPOO-VH160', 'TAI-RAPOO-VH160',
            '{"Thương hiệu": "Rapoo", "Bảo hành": "24 tháng", "Series/Model": "VH160", "Màu sắc": "Đen", "Kiểu tai nghe": "Over-ear", "Độ nhạy": "103 dB", "LED": "RGB", "Kết nối": "Có dây", "Microphone": "Có", "Trở kháng": "32 Ohm", "Tần số": "20 Hz - 20 kHz", "Khả năng cách âm": "Có", "Trọng lượng": "340 g"}',
            'Tai nghe Gaming Rapoo VH160 là lựa chọn hoàn hảo cho các game thủ yêu cầu chất lượng âm thanh đỉnh cao và trải nghiệm chơi game sống động. Với thiết kế hầm hố, hiện đại, VH160 không chỉ là một phụ kiện gaming mà còn là tuyên ngôn về phong cách của bạn.\n\nHệ thống âm thanh vòm 7.1 mang đến khả năng định vị âm thanh cực kỳ chính xác, giúp bạn dễ dàng xác định vị trí kẻ địch, tận hưởng trọn vẹn từng tiếng bước chân, tiếng súng hay hiệu ứng môi trường trong game. Màng loa kích thước lớn 50mm cung cấp dải âm bass mạnh mẽ, âm treble trong trẻo, tái tạo âm thanh chi tiết và đầy đặn, làm cho mọi cuộc chiến trở nên chân thực hơn bao giờ hết.\n\nMicrophone đa hướng có khả năng khử tiếng ồn, đảm bảo giọng nói của bạn luôn rõ ràng, rành mạch khi giao tiếp với đồng đội, ngay cả trong môi trường ồn ào. Đệm tai nghe được làm từ chất liệu cao cấp, mềm mại và thoáng khí, ôm trọn vành tai, mang lại sự thoải mái tối đa ngay cả trong những phiên chơi game kéo dài.\n\nKhung tai nghe chắc chắn, có thể điều chỉnh linh hoạt phù hợp với mọi kích cỡ đầu. Đèn LED RGB với hiệu ứng ánh sáng đa dạng không chỉ tăng thêm phần cuốn hút cho tai nghe mà còn tạo không khí sôi động cho góc gaming của bạn. Dây cáp bọc dù bền bỉ, chống rối hiệu quả, tăng cường tuổi thọ cho sản phẩm.\n\nRapoo VH160 tương thích rộng rãi với nhiều nền tảng như PC, laptop, PS4, Xbox One (có thể cần adapter). Đây là một sự đầu tư xứng đáng cho bất kỳ game thủ nào muốn nâng tầm trải nghiệm giải trí của mình.',
            24, 'https://product.hstatic.net/200000722513/product/gearvn-tai-nghe-gaming-rapoo-vh160-1_03c10c9a8cdd46039cc536c3292f663f_9288f6c2b45f4996892b94306f135188.png', '2024-03-11T10:48:24+00:00',1);
        
INSERT INTO product_image (name, product_variant_id, image_url, is_main)
VALUES
    ('Ảnh 1', 121, 'https://product.hstatic.net/200000722513/product/gearvn-tai-nghe-gaming-rapoo-vh160-1_03c10c9a8cdd46039cc536c3292f663f_9288f6c2b45f4996892b94306f135188.png', TRUE),
    ('Ảnh 2', 121, 'https://product.hstatic.net/200000722513/product/gearvn-tai-nghe-gaming-rapoo-vh160-3_106a064cafeb48b0a87cd95e0ea49efa_c183fa4ca7b94392ac72400a6fe771f9.png', FALSE),
    ('Ảnh 3', 121, 'https://product.hstatic.net/200000722513/product/gearvn-tai-nghe-gaming-rapoo-vh160-4_3a66563695144db0b9a93946f4bca8c2_eacb0ec703344cb883cdee785d3973a7.png', FALSE),
    ('Ảnh 4', 121, 'https://product.hstatic.net/200000722513/product/gearvn-tai-nghe-gaming-rapoo-vh160-5_d41ed90f7cf64ddd9c5df06e288e083a_416333e7b20d4c96a0d8734deb3881ff.png', FALSE),
    ('Ảnh 5', 121, 'https://product.hstatic.net/200000722513/product/gearvn-tai-nghe-gaming-rapoo-vh160-6_63af39d3fc464536a5e5d88547aede76_fb785f2c46c645a69d3b69c599c66f95.png', FALSE);
---
INSERT INTO product (name, seo_name, brand_id, specifications, description, created_by, image_url) 
    VALUES (
        'Tai nghe Asus ROG Cetra True Wireless White', 'tai-nghe-asus-rog-cetra-true-wireless-white', 3,
        '{"Thương hiệu": "Asus", "Model": "Asus ROG Cetra True Wireless White", "Bảo hành": "24 tháng", "Kiểu": "In-ear", "Sử dụng": "Chơi game, Đa phương tiện", "Kết nối": "Không dây, Bluetooth", "Nền tảng hỗ trợ": "PC, MAC, Máy chơi game, Nintendo Switch, iOS, Android, Thiết bị Bluetooth", "Chất liệu trình điều khiển": "Nam châm Neodymium", "Kích thước trình điều khiển": "10 mm", "Trở kháng của tai nghe": "32 ohm", "Đáp ứng tần số tai nghe": "20Hz - 20KHz", "Kiểu pick-up của microphone": "Đa hướng (Omnidirectional)", "Độ nhạy của microphone": "-38 dB", "Đáp ứng tần số microphone": "100Hz - 10KHz", "Microphone khử tiếng ồn AI": "Không", "Khử tiếng ồn chủ động": "Có", "Kênh": "Stereo", "Aura Sync": "Không", "Pin": "4.8 + 17 giờ (Bật ANC), 5.5 + 21.5 giờ (Tắt ANC)", "Có thể gấp": "Không", "Trọng lượng": "Tai nghe (mỗi bên) nặng 5g, Hộp đựng nặng 42g", "Đệm tai bổ sung": "Không", "Màu sắc": "Trắng", "Phụ kiện": "2 đôi nút tai, Cáp sạc (60cm), Hướng dẫn nhanh"}',
        'Tai nghe Asus ROG Cetra True Wireless White mang đến trải nghiệm âm thanh đỉnh cao với công nghệ chống ồn chủ động (ANC) tiên tiến, loại bỏ tiếng ồn xung quanh để bạn hoàn toàn đắm chìm trong thế giới âm nhạc, game hoặc podcast yêu thích. Thiết kế công thái học, siêu nhẹ cùng đệm tai bằng silicon mềm mại đảm bảo sự thoải mái tối đa ngay cả khi sử dụng trong thời gian dài. Phiên bản màu trắng tinh khôi, sang trọng, không chỉ là một thiết bị âm thanh mà còn là một phụ kiện thời trang độc đáo. Âm thanh chất lượng cao được tái tạo bởi driver 10mm tùy chỉnh, mang đến âm bass mạnh mẽ, âm trung chi tiết và âm cao trong trẻo, phù hợp với mọi thể loại nhạc và trải nghiệm game. Kết nối Bluetooth 5.2 siêu ổn định với độ trễ cực thấp, lý tưởng cho các game thủ yêu cầu phản hồi tức thì. Tích hợp micro đa hướng với công nghệ khử ồn AI, đảm bảo giọng nói của bạn luôn rõ ràng, rành mạch trong các cuộc gọi hoặc khi giao tiếp trong game. Thời lượng pin ấn tượng lên đến 25.5 giờ khi bật ANC (bao gồm cả hộp sạc), cho phép bạn sử dụng cả ngày mà không lo hết pin. Hộp sạc nhỏ gọn, hỗ trợ sạc nhanh và sạc không dây tiện lợi. Chuẩn kháng nước IPX4 giúp tai nghe an toàn trước mồ hôi và các tia nước nhẹ, lý tưởng cho các hoạt động thể thao. Ứng dụng Armoury Crate độc quyền của ROG cho phép tùy chỉnh EQ, hiệu ứng ánh sáng Aura RGB (trên hộp sạc) và các cài đặt khác theo sở thích cá nhân. Tai nghe Asus ROG Cetra True Wireless White là sự kết hợp hoàn hảo giữa hiệu năng âm thanh, công nghệ hiện đại, thiết kế tinh tế và sự thoải mái vượt trội, là lựa chọn lý tưởng cho game thủ, người yêu nhạc và những ai tìm kiếm sự tiện lợi, đẳng cấp.',
        1, 'https://product.hstatic.net/200000722513/product/rog-cetra-true-wireless-moonlight-white-04_5bb19878ce434380b79f176c883fc814.jpg'
    );
INSERT INTO product_category (product_id, category_id) VALUES (122, 24);
INSERT INTO product_variant (
        product_id, name, seo_name, supplier_id, price, price_sale, quantity, sku, model, barcode, 
        specifications, description, warranty, image_url, release_at, created_by)
        VALUES ( 122, 'Tai nghe Asus ROG Cetra True Wireless White', 'tai-nghe-asus-rog-cetra-true-wireless-white',
            1, 2790000, 1750000, 10, 'TAI-ASUS-CETRA-TRUE-WL-WHITE',
            'TAI-ASUS-CETRA-TRUE-WL-WHITE', 'TAI-ASUS-CETRA-TRUE-WL-WHITE',
            '{"Thương hiệu": "Asus", "Model": "Asus ROG Cetra True Wireless White", "Bảo hành": "24 tháng", "Kiểu": "In-ear", "Sử dụng": "Chơi game, Đa phương tiện", "Kết nối": "Không dây, Bluetooth", "Nền tảng hỗ trợ": "PC, MAC, Máy chơi game, Nintendo Switch, iOS, Android, Thiết bị Bluetooth", "Chất liệu trình điều khiển": "Nam châm Neodymium", "Kích thước trình điều khiển": "10 mm", "Trở kháng của tai nghe": "32 ohm", "Đáp ứng tần số tai nghe": "20Hz - 20KHz", "Kiểu pick-up của microphone": "Đa hướng (Omnidirectional)", "Độ nhạy của microphone": "-38 dB", "Đáp ứng tần số microphone": "100Hz - 10KHz", "Microphone khử tiếng ồn AI": "Không", "Khử tiếng ồn chủ động": "Có", "Kênh": "Stereo", "Aura Sync": "Không", "Pin": "4.8 + 17 giờ (Bật ANC), 5.5 + 21.5 giờ (Tắt ANC)", "Có thể gấp": "Không", "Trọng lượng": "Tai nghe (mỗi bên) nặng 5g, Hộp đựng nặng 42g", "Đệm tai bổ sung": "Không", "Màu sắc": "Trắng", "Phụ kiện": "2 đôi nút tai, Cáp sạc (60cm), Hướng dẫn nhanh"}',
            'Tai nghe Asus ROG Cetra True Wireless White mang đến trải nghiệm âm thanh đỉnh cao với công nghệ chống ồn chủ động (ANC) tiên tiến, loại bỏ tiếng ồn xung quanh để bạn hoàn toàn đắm chìm trong thế giới âm nhạc, game hoặc podcast yêu thích. Thiết kế công thái học, siêu nhẹ cùng đệm tai bằng silicon mềm mại đảm bảo sự thoải mái tối đa ngay cả khi sử dụng trong thời gian dài. Phiên bản màu trắng tinh khôi, sang trọng, không chỉ là một thiết bị âm thanh mà còn là một phụ kiện thời trang độc đáo. Âm thanh chất lượng cao được tái tạo bởi driver 10mm tùy chỉnh, mang đến âm bass mạnh mẽ, âm trung chi tiết và âm cao trong trẻo, phù hợp với mọi thể loại nhạc và trải nghiệm game. Kết nối Bluetooth 5.2 siêu ổn định với độ trễ cực thấp, lý tưởng cho các game thủ yêu cầu phản hồi tức thì. Tích hợp micro đa hướng với công nghệ khử ồn AI, đảm bảo giọng nói của bạn luôn rõ ràng, rành mạch trong các cuộc gọi hoặc khi giao tiếp trong game. Thời lượng pin ấn tượng lên đến 25.5 giờ khi bật ANC (bao gồm cả hộp sạc), cho phép bạn sử dụng cả ngày mà không lo hết pin. Hộp sạc nhỏ gọn, hỗ trợ sạc nhanh và sạc không dây tiện lợi. Chuẩn kháng nước IPX4 giúp tai nghe an toàn trước mồ hôi và các tia nước nhẹ, lý tưởng cho các hoạt động thể thao. Ứng dụng Armoury Crate độc quyền của ROG cho phép tùy chỉnh EQ, hiệu ứng ánh sáng Aura RGB (trên hộp sạc) và các cài đặt khác theo sở thích cá nhân. Tai nghe Asus ROG Cetra True Wireless White là sự kết hợp hoàn hảo giữa hiệu năng âm thanh, công nghệ hiện đại, thiết kế tinh tế và sự thoải mái vượt trội, là lựa chọn lý tưởng cho game thủ, người yêu nhạc và những ai tìm kiếm sự tiện lợi, đẳng cấp.',
            24, 'https://product.hstatic.net/200000722513/product/rog-cetra-true-wireless-moonlight-white-04_5bb19878ce434380b79f176c883fc814.jpg', '2023-06-02T07:04:37+00:00',1);
        
INSERT INTO product_image (name, product_variant_id, image_url, is_main)
VALUES
    ('Ảnh 1', 122, 'https://product.hstatic.net/200000722513/product/rog-cetra-true-wireless-moonlight-white-04_5bb19878ce434380b79f176c883fc814.jpg', TRUE),
    ('Ảnh 2', 122, 'https://product.hstatic.net/200000722513/product/rog-cetra-true-wireless-moonlight-white-01_c9addaf4f3604a798521a1ad6b72c240.jpg', FALSE),
    ('Ảnh 3', 122, 'https://product.hstatic.net/200000722513/product/rog-cetra-true-wireless-moonlight-white-03_98bd3e54836c4d23bc6755c847eb6785.jpg', FALSE),
    ('Ảnh 4', 122, 'https://product.hstatic.net/200000722513/product/rog-cetra-true-wireless-moonlight-white-06_63970131b93f40da8fdf990bf7b2b75c.jpg', FALSE),
    ('Ảnh 5', 122, 'https://product.hstatic.net/200000722513/product/rog-cetra-true-wireless-moonlight-white-05_d73372fbe5b1465688540b037ac1555e.jpg', FALSE),
    ('Ảnh 6', 122, 'https://product.hstatic.net/200000722513/product/rog-cetra-true-wireless-moonlight-white-02_af7d97a593794818a83033bf54adc9f2.jpg', FALSE);
---
INSERT INTO product (name, seo_name, brand_id, specifications, description, created_by, image_url) 
    VALUES (
        'Tai nghe Logitech G435 Lightspeed Wireless - White', 'tai-nghe-logitech-g435-lightspeed-wireless-white', 13,
        '{"Thương hiệu": "Logitech", "Model": "G435", "Trọng lượng": "165 g", "Kích thước": "163 x 170 x 71 mm", "Driver": "40 mm", "Kết nối": "LIGHTSPEED không dây qua USB 2.0 (Type-A), Bluetooth, tương thích Dolby Atmos, Tempest 3D AudioTech và Windows Sonic Spatial Sound", "Phạm vi kết nối": "10 m", "Pin": "Thời lượng 18 giờ, sạc qua USB-C, dây sạc USB-A sang USB-C", "Phụ kiện đi kèm": "Tai nghe G435, USB-A LIGHTSPEED, dây sạc USB-C sang USB-A, tài liệu hướng dẫn sử dụng", "Độ nhạy tần số": "20 Hz - 20 kHz", "Trở kháng": "45 Ω (bị động)", "Độ nhạy": "83,1 dB SPL/mW"}',
        'Tai nghe Logitech G435 Lightspeed Wireless phiên bản màu Trắng mang đến trải nghiệm âm thanh đỉnh cao, kết hợp với sự tự do không dây vượt trội. Được thiết kế đặc biệt cho game thủ và người yêu âm nhạc, G435 sở hữu công nghệ Lightspeed độc quyền của Logitech, đảm bảo kết nối không dây ổn định, độ trễ cực thấp, mang lại phản hồi tức thời trong mọi tình huống, từ những trận game kịch tính đến những bản nhạc yêu thích. Trọng lượng siêu nhẹ chỉ 255 gram giúp người dùng thoải mái sử dụng trong nhiều giờ liền mà không gây mỏi hay khó chịu. Màng loa Neodymium 40mm cho âm thanh rõ ràng, chi tiết với dải tần rộng, tái tạo âm bass mạnh mẽ và âm treble sắc nét, giúp bạn đắm chìm hoàn toàn vào thế giới ảo hoặc tận hưởng âm nhạc trọn vẹn. Micro kép tích hợp công nghệ beamforming giúp lọc tiếng ồn xung quanh, chỉ thu giọng nói của bạn, đảm bảo liên lạc rõ ràng với đồng đội hoặc trong các cuộc gọi. Pin sạc tích hợp cho thời lượng sử dụng lên đến 18 giờ, đáp ứng nhu cầu sử dụng cả ngày. Thiết kế hiện đại, tối giản với tông màu trắng tinh khôi, phù hợp với mọi không gian làm việc và giải trí. Tương thích đa nền tảng, bao gồm PC, PlayStation, Nintendo Switch và thiết bị di động thông qua cổng USB-C hoặc Bluetooth, mang đến sự linh hoạt tối đa.',
        1, 'https://product.hstatic.net/200000722513/product/tech-g435-lightspeed-wireless-white-1_9af011ebd64e4a7990c4747a3576a909_041ae18de1764e3b96bf687d649c0c6c.jpg'
    );
INSERT INTO product_category (product_id, category_id) VALUES (123, 24);
INSERT INTO product_variant (
        product_id, name, seo_name, supplier_id, price, price_sale, quantity, sku, model, barcode, 
        specifications, description, warranty, image_url, release_at, created_by)
        VALUES ( 123, 'Tai nghe Logitech G435 Lightspeed Wireless - White', 'tai-nghe-logitech-g435-lightspeed-wireless-white',
            1, 1790000, 1390000, 10, 'TAI-LOG-G435-LW-WHITE',
            'TAI-LOG-G435-LW-WHITE', 'TAI-LOG-G435-LW-WHITE',
            '{"Thương hiệu": "Logitech", "Model": "G435", "Trọng lượng": "165 g", "Kích thước": "163 x 170 x 71 mm", "Driver": "40 mm", "Kết nối": "LIGHTSPEED không dây qua USB 2.0 (Type-A), Bluetooth, tương thích Dolby Atmos, Tempest 3D AudioTech và Windows Sonic Spatial Sound", "Phạm vi kết nối": "10 m", "Pin": "Thời lượng 18 giờ, sạc qua USB-C, dây sạc USB-A sang USB-C", "Phụ kiện đi kèm": "Tai nghe G435, USB-A LIGHTSPEED, dây sạc USB-C sang USB-A, tài liệu hướng dẫn sử dụng", "Độ nhạy tần số": "20 Hz - 20 kHz", "Trở kháng": "45 Ω (bị động)", "Độ nhạy": "83,1 dB SPL/mW"}',
            'Tai nghe Logitech G435 Lightspeed Wireless phiên bản màu Trắng mang đến trải nghiệm âm thanh đỉnh cao, kết hợp với sự tự do không dây vượt trội. Được thiết kế đặc biệt cho game thủ và người yêu âm nhạc, G435 sở hữu công nghệ Lightspeed độc quyền của Logitech, đảm bảo kết nối không dây ổn định, độ trễ cực thấp, mang lại phản hồi tức thời trong mọi tình huống, từ những trận game kịch tính đến những bản nhạc yêu thích. Trọng lượng siêu nhẹ chỉ 255 gram giúp người dùng thoải mái sử dụng trong nhiều giờ liền mà không gây mỏi hay khó chịu. Màng loa Neodymium 40mm cho âm thanh rõ ràng, chi tiết với dải tần rộng, tái tạo âm bass mạnh mẽ và âm treble sắc nét, giúp bạn đắm chìm hoàn toàn vào thế giới ảo hoặc tận hưởng âm nhạc trọn vẹn. Micro kép tích hợp công nghệ beamforming giúp lọc tiếng ồn xung quanh, chỉ thu giọng nói của bạn, đảm bảo liên lạc rõ ràng với đồng đội hoặc trong các cuộc gọi. Pin sạc tích hợp cho thời lượng sử dụng lên đến 18 giờ, đáp ứng nhu cầu sử dụng cả ngày. Thiết kế hiện đại, tối giản với tông màu trắng tinh khôi, phù hợp với mọi không gian làm việc và giải trí. Tương thích đa nền tảng, bao gồm PC, PlayStation, Nintendo Switch và thiết bị di động thông qua cổng USB-C hoặc Bluetooth, mang đến sự linh hoạt tối đa.',
            24, 'https://product.hstatic.net/200000722513/product/tech-g435-lightspeed-wireless-white-1_9af011ebd64e4a7990c4747a3576a909_041ae18de1764e3b96bf687d649c0c6c.jpg', '2023-06-02T23:59:11+00:00',1);
        
INSERT INTO product_image (name, product_variant_id, image_url, is_main)
VALUES
    ('Ảnh 1', 123, 'https://product.hstatic.net/200000722513/product/tech-g435-lightspeed-wireless-white-1_9af011ebd64e4a7990c4747a3576a909_041ae18de1764e3b96bf687d649c0c6c.jpg', TRUE),
    ('Ảnh 2', 123, 'https://product.hstatic.net/200000722513/product/tech-g435-lightspeed-wireless-white-0_ff60e64979b141108553149eb34915fa_21e090eec9324e819c39314e787c8348.jpg', FALSE),
    ('Ảnh 3', 123, 'https://product.hstatic.net/200000722513/product/tech-g435-lightspeed-wireless-white-4_0ea72a1246f3484ab4f5d433e413a440_35baf1bfbffb41a3b81f9e8003c2db37.jpg', FALSE),
    ('Ảnh 4', 123, 'https://product.hstatic.net/200000722513/product/tech-g435-lightspeed-wireless-white-7_0b6e64f181ce4cada93efbc89c25fc28_c3c2015e095d496fa597533ead3d31d3.jpg', FALSE),
    ('Ảnh 5', 123, 'https://product.hstatic.net/200000722513/product/ech-g435-lightspeed-wireless-white-14_9ea9687e298d4da38361e4a4ff320388_f6c4e7e0cfad47c1b9169b06cea036f7.jpg', FALSE),
    ('Ảnh 6', 123, 'https://product.hstatic.net/200000722513/product/ech-g435-lightspeed-wireless-white-18_4d89443507ee402d87d27f973dff2c87_ef8bf382cd2d403f9f947ee124f7af56.jpg', FALSE),
    ('Ảnh 7', 123, 'https://product.hstatic.net/200000722513/product/ech-g435-lightspeed-wireless-white-28_3dd192d70fca42dc9fa394ab553b3327_0913a4e740bf485dbc15e048aba4adc8.jpg', FALSE),
    ('Ảnh 8', 123, 'https://product.hstatic.net/200000722513/product/ech-g435-lightspeed-wireless-white-31_0fb36e4b24fc4b6db80ecaf95289dfa8_4cc9e5f1511e41cc85a21960f7e5ebf4.jpg', FALSE);
---
INSERT INTO product (name, seo_name, brand_id, specifications, description, created_by, image_url) 
    VALUES (
        'Tai nghe HP HYPERX Cloud Earbuds II Black', 'tai-nghe-hp-hyperx-cloud-earbuds-ii-black', 27,
        '{"Hãng": "HP HyperX", "Mẫu": "HP HYPERX Cloud Earbuds II Red", "Drivers": "14mm", "Dải tần số": "20Hz - 20000Hz", "Kết nối": "Jack 3.5mm", "Micro": "Đa hướng", "Tương thích": "PC, Nintendo, Steam Deck, một số thiết bị di động", "Chất liệu đệm tai": "Cao su", "Trọng lượng": "19g"}',
        'Tai nghe HP HYPERX Cloud Earbuds II Black là sự lựa chọn hoàn hảo cho game thủ và người yêu âm nhạc, mang đến trải nghiệm âm thanh sống động và chân thực. Thiết kế tối giản, hiện đại với tông màu đen chủ đạo, vừa mạnh mẽ vừa thời trang, phù hợp với mọi phong cách. Điểm nhấn đặc biệt là housing được chế tác từ nhôm cao cấp, không chỉ tăng cường độ bền mà còn tạo nên vẻ ngoài sang trọng, cao cấp. Củ loa neodymium 14mm, lớn hơn đáng kể so với các tai nghe thông thường, đảm bảo âm bass mạnh mẽ, âm trung rõ ràng và âm cao chi tiết, tái hiện trọn vẹn mọi cung bậc cảm xúc trong game cũng như âm nhạc. Micro kép với công nghệ khử tiếng ồn tiên tiến giúp loại bỏ tiếng ồn xung quanh hiệu quả, mang lại giọng nói trong trẻo, rõ ràng cho những cuộc giao tiếp trong game hoặc khi đàm thoại. Đầu tai nghe được thiết kế công thái học với 3 kích cỡ đệm tai (S, M, L) đi kèm, giúp người dùng dễ dàng tìm được kích thước phù hợp nhất, mang lại cảm giác đeo thoải mái, chắc chắn ngay cả khi sử dụng trong thời gian dài. Dây cáp dài 1.3 mét với đầu cắm 3.5mm tương thích rộng rãi với nhiều thiết bị như PC, laptop, PlayStation, Xbox, Nintendo Switch và điện thoại di động. Tích hợp nút điều khiển đa chức năng trên dây cáp cho phép người dùng dễ dàng điều chỉnh âm lượng, tạm dừng/phát nhạc, trả lời/kết thúc cuộc gọi mà không cần thao tác trên thiết bị. Tai nghe HP HYPERX Cloud Earbuds II Black không chỉ là một phụ kiện giải trí mà còn là một người bạn đồng hành đáng tin cậy, nâng tầm trải nghiệm của bạn.',
        1, 'https://product.hstatic.net/200000722513/product/hinh-2-white_a9e4b00076054a6792a4b71ba9ae965f_365afd3bf0e54ce8ba39a7551d81d811.gif'
    );
INSERT INTO product_category (product_id, category_id) VALUES (124, 24);
INSERT INTO product_variant (
        product_id, name, seo_name, supplier_id, price, price_sale, quantity, sku, model, barcode, 
        specifications, description, warranty, image_url, release_at, created_by)
        VALUES ( 124, 'Tai nghe HP HYPERX Cloud Earbuds II Black', 'tai-nghe-hp-hyperx-cloud-earbuds-ii-black',
            1, 1090000, 790000, 10, 'TAI-HP-HYPERX-CLOUD-EARBUDS-II-BLACK',
            'TAI-HP-HYPERX-CLOUD-EARBUDS-II-BLACK', 'TAI-HP-HYPERX-CLOUD-EARBUDS-II-BLACK',
            '{"Hãng": "HP HyperX", "Mẫu": "HP HYPERX Cloud Earbuds II Red", "Drivers": "14mm", "Dải tần số": "20Hz - 20000Hz", "Kết nối": "Jack 3.5mm", "Micro": "Đa hướng", "Tương thích": "PC, Nintendo, Steam Deck, một số thiết bị di động", "Chất liệu đệm tai": "Cao su", "Trọng lượng": "19g"}',
            'Tai nghe HP HYPERX Cloud Earbuds II Black là sự lựa chọn hoàn hảo cho game thủ và người yêu âm nhạc, mang đến trải nghiệm âm thanh sống động và chân thực. Thiết kế tối giản, hiện đại với tông màu đen chủ đạo, vừa mạnh mẽ vừa thời trang, phù hợp với mọi phong cách. Điểm nhấn đặc biệt là housing được chế tác từ nhôm cao cấp, không chỉ tăng cường độ bền mà còn tạo nên vẻ ngoài sang trọng, cao cấp. Củ loa neodymium 14mm, lớn hơn đáng kể so với các tai nghe thông thường, đảm bảo âm bass mạnh mẽ, âm trung rõ ràng và âm cao chi tiết, tái hiện trọn vẹn mọi cung bậc cảm xúc trong game cũng như âm nhạc. Micro kép với công nghệ khử tiếng ồn tiên tiến giúp loại bỏ tiếng ồn xung quanh hiệu quả, mang lại giọng nói trong trẻo, rõ ràng cho những cuộc giao tiếp trong game hoặc khi đàm thoại. Đầu tai nghe được thiết kế công thái học với 3 kích cỡ đệm tai (S, M, L) đi kèm, giúp người dùng dễ dàng tìm được kích thước phù hợp nhất, mang lại cảm giác đeo thoải mái, chắc chắn ngay cả khi sử dụng trong thời gian dài. Dây cáp dài 1.3 mét với đầu cắm 3.5mm tương thích rộng rãi với nhiều thiết bị như PC, laptop, PlayStation, Xbox, Nintendo Switch và điện thoại di động. Tích hợp nút điều khiển đa chức năng trên dây cáp cho phép người dùng dễ dàng điều chỉnh âm lượng, tạm dừng/phát nhạc, trả lời/kết thúc cuộc gọi mà không cần thao tác trên thiết bị. Tai nghe HP HYPERX Cloud Earbuds II Black không chỉ là một phụ kiện giải trí mà còn là một người bạn đồng hành đáng tin cậy, nâng tầm trải nghiệm của bạn.',
            24, 'https://product.hstatic.net/200000722513/product/hinh-2-white_a9e4b00076054a6792a4b71ba9ae965f_365afd3bf0e54ce8ba39a7551d81d811.gif', '2023-06-02T05:18:33+00:00',1);
        
INSERT INTO product_image (name, product_variant_id, image_url, is_main)
VALUES
    ('Ảnh 1', 124, 'https://product.hstatic.net/200000722513/product/hinh-2-white_a9e4b00076054a6792a4b71ba9ae965f_365afd3bf0e54ce8ba39a7551d81d811.gif', TRUE),
    ('Ảnh 2', 124, 'https://product.hstatic.net/200000722513/product/hinh-3_d01bd495ba3440c48bdd8f9a94b59d3a_46d321bee5c045d0a1e50cb4f85fa4de.gif', FALSE),
    ('Ảnh 3', 124, 'https://product.hstatic.net/200000722513/product/hinh-3-white_664143d6a38f442e81b21445adc0724d_1185767a5acf43c09dd13aa281ede181.gif', FALSE),
    ('Ảnh 4', 124, 'https://product.hstatic.net/200000722513/product/hinh-2_540199399f8a4572b530b56ffdc93778_e588842890a84423ac399aad94a81c30.gif', FALSE);
---
INSERT INTO product (name, seo_name, brand_id, specifications, description, created_by, image_url) 
    VALUES (
        'Tai nghe DareU EH925 Black Red RGB', 'tai-nghe-dareu-eh925-black-red-rgb', 25,
        '{"Thương hiệu": "DareU", "Màu sắc": "Đen đỏ", "Driver": "Φ53mm", "Hiệu ứng âm thanh": "Giả lập 7.1", "Kết nối": "USB", "Đệm tai": "Da mềm", "Chất liệu headband": "Kim loại", "Tần số đáp ứng": "20Hz-20KHz", "Chiều dài dây cáp": "2.0m", "Trọng lượng": "300 ± 10g"}',
        'Tai nghe DareU EH925 Black Red RGB là một lựa chọn tuyệt vời cho game thủ và người yêu nhạc nhờ thiết kế hầm hố, chất lượng âm thanh sống động và các tính năng nổi bật. Sản phẩm sở hữu gam màu đen chủ đạo, kết hợp với các chi tiết màu đỏ tạo nên vẻ ngoài mạnh mẽ, cá tính. Điểm nhấn đặc biệt là hệ thống đèn RGB có thể tùy chỉnh, mang đến hiệu ứng ánh sáng ấn tượng, làm bừng sáng không gian giải trí của bạn. Màng loa 53mm cho âm thanh vòm chân thực, giúp bạn dễ dàng xác định vị trí kẻ địch trong game hoặc đắm chìm vào thế giới âm nhạc. Đệm tai nghe được làm từ chất liệu cao cấp, mềm mại, thoáng khí, ôm trọn tai, mang lại cảm giác thoải mái khi sử dụng trong thời gian dài. Khung tai nghe chắc chắn, bền bỉ, có thể điều chỉnh kích thước phù hợp với mọi người dùng. Microphone có khả năng lọc tiếng ồn, thu âm rõ ràng, hỗ trợ đàm thoại, voice chat hiệu quả. Ngoài ra, Tai nghe DareU EH925 Black Red RGB còn được trang bị cổng kết nối USB tiện lợi, tương thích với nhiều thiết bị như máy tính, laptop. Đây chắc chắn sẽ là một phụ kiện không thể thiếu cho những ai đam mê trải nghiệm âm thanh đỉnh cao và muốn thể hiện phong cách riêng.',
        1, 'https://product.hstatic.net/200000722513/product/22_tai_nghe_dareu_eh925_rgb_black_red_ba84e226bf154e6d8988a859043d4995_ffc77a6fa6954e0c8ee4aca2b688cb5f.jpg'
    );
INSERT INTO product_category (product_id, category_id) VALUES (125, 24);
INSERT INTO product_variant (
        product_id, name, seo_name, supplier_id, price, price_sale, quantity, sku, model, barcode, 
        specifications, description, warranty, image_url, release_at, created_by)
        VALUES ( 125, 'Tai nghe DareU EH925 Black Red RGB', 'tai-nghe-dareu-eh925-black-red-rgb',
            1, 999000, 790000, 10, 'TAI-DAR-EH925-BLACK-RED-RGB',
            'TAI-DAR-EH925-BLACK-RED-RGB', 'TAI-DAR-EH925-BLACK-RED-RGB',
            '{"Thương hiệu": "DareU", "Màu sắc": "Đen đỏ", "Driver": "Φ53mm", "Hiệu ứng âm thanh": "Giả lập 7.1", "Kết nối": "USB", "Đệm tai": "Da mềm", "Chất liệu headband": "Kim loại", "Tần số đáp ứng": "20Hz-20KHz", "Chiều dài dây cáp": "2.0m", "Trọng lượng": "300 ± 10g"}',
            'Tai nghe DareU EH925 Black Red RGB là một lựa chọn tuyệt vời cho game thủ và người yêu nhạc nhờ thiết kế hầm hố, chất lượng âm thanh sống động và các tính năng nổi bật. Sản phẩm sở hữu gam màu đen chủ đạo, kết hợp với các chi tiết màu đỏ tạo nên vẻ ngoài mạnh mẽ, cá tính. Điểm nhấn đặc biệt là hệ thống đèn RGB có thể tùy chỉnh, mang đến hiệu ứng ánh sáng ấn tượng, làm bừng sáng không gian giải trí của bạn. Màng loa 53mm cho âm thanh vòm chân thực, giúp bạn dễ dàng xác định vị trí kẻ địch trong game hoặc đắm chìm vào thế giới âm nhạc. Đệm tai nghe được làm từ chất liệu cao cấp, mềm mại, thoáng khí, ôm trọn tai, mang lại cảm giác thoải mái khi sử dụng trong thời gian dài. Khung tai nghe chắc chắn, bền bỉ, có thể điều chỉnh kích thước phù hợp với mọi người dùng. Microphone có khả năng lọc tiếng ồn, thu âm rõ ràng, hỗ trợ đàm thoại, voice chat hiệu quả. Ngoài ra, Tai nghe DareU EH925 Black Red RGB còn được trang bị cổng kết nối USB tiện lợi, tương thích với nhiều thiết bị như máy tính, laptop. Đây chắc chắn sẽ là một phụ kiện không thể thiếu cho những ai đam mê trải nghiệm âm thanh đỉnh cao và muốn thể hiện phong cách riêng.',
            12, 'https://product.hstatic.net/200000722513/product/22_tai_nghe_dareu_eh925_rgb_black_red_ba84e226bf154e6d8988a859043d4995_ffc77a6fa6954e0c8ee4aca2b688cb5f.jpg', '2023-06-02T23:58:42+00:00',1);
        
INSERT INTO product_image (name, product_variant_id, image_url, is_main)
VALUES
    ('Ảnh 1', 125, 'https://product.hstatic.net/200000722513/product/22_tai_nghe_dareu_eh925_rgb_black_red_ba84e226bf154e6d8988a859043d4995_ffc77a6fa6954e0c8ee4aca2b688cb5f.jpg', TRUE),
    ('Ảnh 2', 125, 'https://product.hstatic.net/200000722513/product/10031_ac6c5a08d00147c79bb169830c83c6ca_77f6f5512a0a446eb5f2a5552d7b5208.jpg', FALSE);
---
INSERT INTO product (name, seo_name, brand_id, specifications, description, created_by, image_url) 
    VALUES (
        'Tai nghe Bluetooth SoundPeats Air 3 Pro', 'tai-nghe-bluetooth-soundpeats-air-3-pro', 60,
        '{"Thương hiệu": "Soundpeats", "Bảo hành": "12 Tháng", "Màu sắc": "Đen", "Dung lượng pin": "40mAh*2 + 280mAh", "Thời gian sạc": "Tai nghe: 1.5 giờ; Hộp sạc: 2 giờ", "Chống nước": "IPX4", "Nguồn sạc": "5V/1A", "Tổng thời gian sử dụng": "20 giờ", "Kết nối": "Micro USB", "Trọng lượng": "97g"}',
        'Tai nghe Bluetooth SoundPeats Air 3 Pro trang bị chipset cực kì nổi tiếng trong dòng mobile đến từ Snapdragon - Qualcomm QCC3046, Air 3 Pro sở hữu cho mình khả năng kết nối bluetooth mạnh mẽ với tốc độ nhanh hơn, truyền tải dữ liệu tốt hơn đem lại độ trễ thấp nhất trong quá trình sử dụng. Là chiếc tai nghe bluetooth được đánh giá rất cao về tốc độ kết nối, hứa hẹn đem lại trải nghiệm sử dụng tốt nhất.\n\n- Tai nghe Bluetooth SoundPeats Air 3 Pro\n\nTrải nghiệm thính giác đỉnh cao\nVới kiểu dáng thiết kế tai nghe in ear cùng màng lọc âm thanh của Air 3 Pro được tạo nên từ bio cellulose siêu mịn, đảm bảo khả năng tái tạo âm thanh ở dải trung cao chân thật và dễ chịu nhất, không thua kém gì những chiếc tai nghe audio trên thị trường. Kết hợp cùng driver 12mm, những âm thanh ở mọi tần số đều được chiếc tai nghe SOUNDPEATS tái tạo ở mức rất tốt. Từ đó âm thanh của những bản nhạc, thước phim trở nên tự nhiên và trong trẻo hơn bao giờ hết.\n\n- Tai nghe Bluetooth SoundPeats Air 3 Pro\n\nTính năng chống ồn siêu đỉnh\nNhắc tối tai nghe bluetooth ta không thể không nhắc khả năng chống ồn của chúng. Nhằm bắt kịp thời đại của những chiếc tai nghe cao cấp như AirPods hay từ Sony, SOUNDPEATS đã củng cố cho “đứa con” của mình bộ chống ồn ANC giúp loại bỏ những tiếng ồn từ bên ngoại, giảm thiểu tạp âm rồi giúp bạn chìm sâu trong những không gian âm thanh của riêng mình.\n\n- Tai nghe Bluetooth SoundPeats Air 3 Pro\n\nChống ồn cuộc gọi cao cấp\nKhông chỉ giúp bạn tập trung với những trải nghiệm âm thanh cá nhân, Air 3 Pro hỗ trợ rất nhiều vào khả năng liên lạc của mình dùng. Công nghệ chống ồn cVc được SOUNDPEATS trang bị cho Air 3 Pro cho âm thanh của những cuộc gọi tốt nhất, rõ rệt nhất khi loại bỏ tạp âm không mong muốn từ bên ngoài môi trường. Qua đó, giọng nói của bạn cũng được truyền đi rõ ràng hơn.\n\n- Tai nghe Bluetooth SoundPeats Air 3 Pro\n\nThời lượng sử dụng bền bỉ\nĐược sử dụng cho nhu cầu di động của người dùng, Air 3 Pro đã đem đến cho người dùng thời gian sử dụng lâu dài với thời lượng pin trong khoảng 6 tiếng đồng hồ liên tục (nếu tắt chế độ ANC). Kết hợp cùng case sạc dung lượng 280mAh, bạn đã có thể tiếp tục chiếc tai nghe không dây với 3 lần sạc với thời gian sử dụng lên đến 24 tiếng. Một thời lượng pin đủ sức đáp ứng, thỏa mãn mọi nhu cầu và đối tượng sử dụng tai nghe hiện nay.\n\n- Tai nghe Bluetooth SoundPeats Air 3 Pro\n\nGame Mode\nHoàn thiện với những tính năng tuyệt vời dành cho audio, Air 3 Pro vẫn hướng đến phân khúc tai nghe gaming dành cho game thủ với ngoại hình cùng tính năng Game Mode hàng đầu. Khi kích hoạt, chiếc tai nghe từ SOUNDPEATS sẽ tối ưu độ trễ xuống mức tối đa là 60ms cho tai nghe và 80ms cho toàn bộ những kết nối. Tất cả những tiếng động, âm thanh trong tựa game đều nhận được sự phản hồi nhanh, giúp bạn đưa ra những hành động chính xác trong những pha đấu trí.',
        1, 'https://product.hstatic.net/200000722513/product/thumbtainghe-recovered-recovered_cb2ca6ec5e274101b63c894353a488ee_cea3706f6f3a4c479c9c86227dedc635.png'
    );
INSERT INTO product_category (product_id, category_id) VALUES (126, 24);
INSERT INTO product_variant (
        product_id, name, seo_name, supplier_id, price, price_sale, quantity, sku, model, barcode, 
        specifications, description, warranty, image_url, release_at, created_by)
        VALUES ( 126, 'Tai nghe Bluetooth SoundPeats Air 3 Pro', 'tai-nghe-bluetooth-soundpeats-air-3-pro',
            1, 1790000, 1590000, 10, 'TAI-SPEAT-AIR-3-PRO',
            'TAI-SPEAT-AIR-3-PRO', 'TAI-SPEAT-AIR-3-PRO',
            '{"Thương hiệu": "Soundpeats", "Bảo hành": "12 Tháng", "Màu sắc": "Đen", "Dung lượng pin": "40mAh*2 + 280mAh", "Thời gian sạc": "Tai nghe: 1.5 giờ; Hộp sạc: 2 giờ", "Chống nước": "IPX4", "Nguồn sạc": "5V/1A", "Tổng thời gian sử dụng": "20 giờ", "Kết nối": "Micro USB", "Trọng lượng": "97g"}',
            'Tai nghe Bluetooth SoundPeats Air 3 Pro trang bị chipset cực kì nổi tiếng trong dòng mobile đến từ Snapdragon - Qualcomm QCC3046, Air 3 Pro sở hữu cho mình khả năng kết nối bluetooth mạnh mẽ với tốc độ nhanh hơn, truyền tải dữ liệu tốt hơn đem lại độ trễ thấp nhất trong quá trình sử dụng. Là chiếc tai nghe bluetooth được đánh giá rất cao về tốc độ kết nối, hứa hẹn đem lại trải nghiệm sử dụng tốt nhất.\n\n- Tai nghe Bluetooth SoundPeats Air 3 Pro\n\nTrải nghiệm thính giác đỉnh cao\nVới kiểu dáng thiết kế tai nghe in ear cùng màng lọc âm thanh của Air 3 Pro được tạo nên từ bio cellulose siêu mịn, đảm bảo khả năng tái tạo âm thanh ở dải trung cao chân thật và dễ chịu nhất, không thua kém gì những chiếc tai nghe audio trên thị trường. Kết hợp cùng driver 12mm, những âm thanh ở mọi tần số đều được chiếc tai nghe SOUNDPEATS tái tạo ở mức rất tốt. Từ đó âm thanh của những bản nhạc, thước phim trở nên tự nhiên và trong trẻo hơn bao giờ hết.\n\n- Tai nghe Bluetooth SoundPeats Air 3 Pro\n\nTính năng chống ồn siêu đỉnh\nNhắc tối tai nghe bluetooth ta không thể không nhắc khả năng chống ồn của chúng. Nhằm bắt kịp thời đại của những chiếc tai nghe cao cấp như AirPods hay từ Sony, SOUNDPEATS đã củng cố cho “đứa con” của mình bộ chống ồn ANC giúp loại bỏ những tiếng ồn từ bên ngoại, giảm thiểu tạp âm rồi giúp bạn chìm sâu trong những không gian âm thanh của riêng mình.\n\n- Tai nghe Bluetooth SoundPeats Air 3 Pro\n\nChống ồn cuộc gọi cao cấp\nKhông chỉ giúp bạn tập trung với những trải nghiệm âm thanh cá nhân, Air 3 Pro hỗ trợ rất nhiều vào khả năng liên lạc của mình dùng. Công nghệ chống ồn cVc được SOUNDPEATS trang bị cho Air 3 Pro cho âm thanh của những cuộc gọi tốt nhất, rõ rệt nhất khi loại bỏ tạp âm không mong muốn từ bên ngoài môi trường. Qua đó, giọng nói của bạn cũng được truyền đi rõ ràng hơn.\n\n- Tai nghe Bluetooth SoundPeats Air 3 Pro\n\nThời lượng sử dụng bền bỉ\nĐược sử dụng cho nhu cầu di động của người dùng, Air 3 Pro đã đem đến cho người dùng thời gian sử dụng lâu dài với thời lượng pin trong khoảng 6 tiếng đồng hồ liên tục (nếu tắt chế độ ANC). Kết hợp cùng case sạc dung lượng 280mAh, bạn đã có thể tiếp tục chiếc tai nghe không dây với 3 lần sạc với thời gian sử dụng lên đến 24 tiếng. Một thời lượng pin đủ sức đáp ứng, thỏa mãn mọi nhu cầu và đối tượng sử dụng tai nghe hiện nay.\n\n- Tai nghe Bluetooth SoundPeats Air 3 Pro\n\nGame Mode\nHoàn thiện với những tính năng tuyệt vời dành cho audio, Air 3 Pro vẫn hướng đến phân khúc tai nghe gaming dành cho game thủ với ngoại hình cùng tính năng Game Mode hàng đầu. Khi kích hoạt, chiếc tai nghe từ SOUNDPEATS sẽ tối ưu độ trễ xuống mức tối đa là 60ms cho tai nghe và 80ms cho toàn bộ những kết nối. Tất cả những tiếng động, âm thanh trong tựa game đều nhận được sự phản hồi nhanh, giúp bạn đưa ra những hành động chính xác trong những pha đấu trí.',
            12, 'https://product.hstatic.net/200000722513/product/thumbtainghe-recovered-recovered_cb2ca6ec5e274101b63c894353a488ee_cea3706f6f3a4c479c9c86227dedc635.png', '2024-06-05T08:47:46+00:00',1);
        
INSERT INTO product_image (name, product_variant_id, image_url, is_main)
VALUES
    ('Ảnh 1', 126, 'https://product.hstatic.net/200000722513/product/thumbtainghe-recovered-recovered_cb2ca6ec5e274101b63c894353a488ee_cea3706f6f3a4c479c9c86227dedc635.png', TRUE),
    ('Ảnh 2', 126, 'https://product.hstatic.net/200000722513/product/nghe-bluetooth-soundpeats-air-3-pro-1_7db184a6de8f46f3a16b4c69b5e297e0_7b6d1ea45b53477c8669f68ed1d5ace3.jpg', FALSE),
    ('Ảnh 3', 126, 'https://product.hstatic.net/200000722513/product/nghe-bluetooth-soundpeats-air-3-pro-2_6c251a6991114725b4ee3e70f7156226_31c741e278d64f1d8066c34f981631c5.jpg', FALSE),
    ('Ảnh 4', 126, 'https://product.hstatic.net/200000722513/product/nghe-bluetooth-soundpeats-air-3-pro-3_2e3850c0b2ed41079aeb4f866a815b45_2da67a4fb4b04c9f93d7a9c80aaafdd2.jpg', FALSE),
    ('Ảnh 5', 126, 'https://product.hstatic.net/200000722513/product/nghe-bluetooth-soundpeats-air-3-pro-4_aed26bf249ea437da636c63e2c3e929d_f0f8c18ff46f45e19f4d0c3eedd7b106.jpg', FALSE),
    ('Ảnh 6', 126, 'https://product.hstatic.net/200000722513/product/nghe-bluetooth-soundpeats-air-3-pro-5_a92a0f8495ac4b6eab6840ca06689669_92c4597844f348b283bdc39c93f8f28d.jpg', FALSE),
    ('Ảnh 7', 126, 'https://product.hstatic.net/200000722513/product/nghe-bluetooth-soundpeats-air-3-pro-6_b9617a9000e84fc69a8c753107dcaea5_57e287b681c046c88c6fd8e605b3f295.jpg', FALSE);
---
INSERT INTO product (name, seo_name, brand_id, specifications, description, created_by, image_url) 
    VALUES (
        'Tai nghe DareU EH722X 7.1 Pink', 'tai-nghe-dareu-eh722x-7-1-pink', 25,
        '{"Hãng sản xuất:": "DareU", "Model:": "EH722X Pink", "Kiểu tai nghe:": "Tai nghe chụp tai", "Loại tai nghe:": "Có dây", "Đèn LED:": "Multi", "Kết nối:": "USB", "Driver:": "Φ50mm", "Công nghệ tích hợp:": "Giả lập 7.1", "Dải tần số:": "20Hz-20KHz", "Chất liệu:": "Da mềm, gọng kim loại", "Độ dài dây:": "2.4m"}',
        'Tai nghe DareU EH722X 7.1 Pink là một lựa chọn tuyệt vời cho game thủ và những người yêu âm nhạc, mang đến trải nghiệm âm thanh vòm sống động và thiết kế thời trang. Với công nghệ âm thanh vòm 7.1 ảo, EH722X tái tạo âm thanh chính xác, giúp bạn dễ dàng định vị kẻ địch trong game, nghe rõ từng bước chân hay tiếng súng, mang lại lợi thế cạnh tranh. Chất lượng âm thanh của tai nghe được đánh giá cao, với âm bass mạnh mẽ, âm trung rõ ràng và âm cao chi tiết, phù hợp cho cả nhu cầu chơi game lẫn thưởng thức âm nhạc đa thể loại. Thiết kế của EH722X gây ấn tượng với tông màu hồng pastel nữ tính, cùng với các chi tiết tinh tế, tạo nên vẻ ngoài độc đáo và thu hút. Đệm tai nghe được làm từ chất liệu da mềm mại, thoáng khí, ôm trọn tai, mang lại cảm giác thoải mái ngay cả khi sử dụng trong thời gian dài. Khung tai nghe có thể điều chỉnh linh hoạt, phù hợp với nhiều kích cỡ đầu khác nhau. Microphone của DareU EH722X có khả năng khử tiếng ồn, thu âm giọng nói rõ ràng, giúp bạn giao tiếp hiệu quả với đồng đội trong các trận đấu game. Đèn LED RGB trên củ tai và micro tạo hiệu ứng ánh sáng bắt mắt, tăng thêm phần hưng phấn khi chơi game, đặc biệt trong môi trường thiếu sáng. Kết nối USB tiện lợi, dễ dàng cắm và sử dụng trên nhiều thiết bị. DareU EH722X 7.1 Pink không chỉ là một chiếc tai nghe chơi game, mà còn là một phụ kiện thời trang, thể hiện cá tính của người dùng.',
        1, 'https://product.hstatic.net/200000722513/product/vn-tai-nghe-dareu-eh722x-7-1-pink-666_47afec73c97a48a2a3c16fa53ed09245_17053b8a0abe461d93f83107ffabc176.jpg'
    );
INSERT INTO product_category (product_id, category_id) VALUES (127, 24);
INSERT INTO product_variant (
        product_id, name, seo_name, supplier_id, price, price_sale, quantity, sku, model, barcode, 
        specifications, description, warranty, image_url, release_at, created_by)
        VALUES ( 127, 'Tai nghe DareU EH722X 7.1 Pink', 'tai-nghe-dareu-eh722x-7-1-pink',
            1, 749000, 590000, 10, 'TAI-DAR-EH722X-PINK',
            'TAI-DAR-EH722X-PINK', 'TAI-DAR-EH722X-PINK',
            '{"Hãng sản xuất:": "DareU", "Model:": "EH722X Pink", "Kiểu tai nghe:": "Tai nghe chụp tai", "Loại tai nghe:": "Có dây", "Đèn LED:": "Multi", "Kết nối:": "USB", "Driver:": "Φ50mm", "Công nghệ tích hợp:": "Giả lập 7.1", "Dải tần số:": "20Hz-20KHz", "Chất liệu:": "Da mềm, gọng kim loại", "Độ dài dây:": "2.4m"}',
            'Tai nghe DareU EH722X 7.1 Pink là một lựa chọn tuyệt vời cho game thủ và những người yêu âm nhạc, mang đến trải nghiệm âm thanh vòm sống động và thiết kế thời trang. Với công nghệ âm thanh vòm 7.1 ảo, EH722X tái tạo âm thanh chính xác, giúp bạn dễ dàng định vị kẻ địch trong game, nghe rõ từng bước chân hay tiếng súng, mang lại lợi thế cạnh tranh. Chất lượng âm thanh của tai nghe được đánh giá cao, với âm bass mạnh mẽ, âm trung rõ ràng và âm cao chi tiết, phù hợp cho cả nhu cầu chơi game lẫn thưởng thức âm nhạc đa thể loại. Thiết kế của EH722X gây ấn tượng với tông màu hồng pastel nữ tính, cùng với các chi tiết tinh tế, tạo nên vẻ ngoài độc đáo và thu hút. Đệm tai nghe được làm từ chất liệu da mềm mại, thoáng khí, ôm trọn tai, mang lại cảm giác thoải mái ngay cả khi sử dụng trong thời gian dài. Khung tai nghe có thể điều chỉnh linh hoạt, phù hợp với nhiều kích cỡ đầu khác nhau. Microphone của DareU EH722X có khả năng khử tiếng ồn, thu âm giọng nói rõ ràng, giúp bạn giao tiếp hiệu quả với đồng đội trong các trận đấu game. Đèn LED RGB trên củ tai và micro tạo hiệu ứng ánh sáng bắt mắt, tăng thêm phần hưng phấn khi chơi game, đặc biệt trong môi trường thiếu sáng. Kết nối USB tiện lợi, dễ dàng cắm và sử dụng trên nhiều thiết bị. DareU EH722X 7.1 Pink không chỉ là một chiếc tai nghe chơi game, mà còn là một phụ kiện thời trang, thể hiện cá tính của người dùng.',
            12, 'https://product.hstatic.net/200000722513/product/vn-tai-nghe-dareu-eh722x-7-1-pink-666_47afec73c97a48a2a3c16fa53ed09245_17053b8a0abe461d93f83107ffabc176.jpg', '2023-06-03T07:31:05+00:00',1);
        
INSERT INTO product_image (name, product_variant_id, image_url, is_main)
VALUES
    ('Ảnh 1', 127, 'https://product.hstatic.net/200000722513/product/vn-tai-nghe-dareu-eh722x-7-1-pink-666_47afec73c97a48a2a3c16fa53ed09245_17053b8a0abe461d93f83107ffabc176.jpg', TRUE);
---
INSERT INTO product (name, seo_name, brand_id, specifications, description, created_by, image_url) 
    VALUES (
        'Tai nghe DareU EH722X 7.1 White', 'tai-nghe-dareu-eh722x-7-1-white', 25,
        '{"Hãng sản xuất": "DareU", "Model": "EH722X 7.1 White", "Kiểu tai nghe": "Tai nghe chụp tai", "Loại tai nghe": "Có dây", "Đèn LED": "Multi", "Kết nối": "USB", "Driver": "Φ50mm", "Công nghệ tích hợp": "Giả lập 7.1", "Dải tần số": "20Hz-20KHz", "Chất liệu": "Da mềm, gọng kim loại", "Độ dài dây": "2.4m"}',
        'Tai nghe DareU EH722X 7.1 White mang đến trải nghiệm âm thanh vòm sống động, chân thực, đưa bạn vào thế giới game hoặc âm nhạc một cách trọn vẹn. Với công nghệ âm thanh 7.1 ảo, mọi âm thanh, từ tiếng bước chân kẻ địch, tiếng súng, đến từng giai điệu âm nhạc, đều được tái hiện chi tiết, rõ ràng, giúp bạn có lợi thế trong mọi cuộc chơi và thưởng thức âm nhạc đỉnh cao. Thiết kế của EH722X gây ấn tượng với tông màu trắng tinh khôi, hiện đại, kết hợp với hệ thống đèn LED RGB Aura lung linh, tạo nên điểm nhấn phong cách cho góc máy tính của bạn. Earcup bọc da cao cấp, đệm tai dày dặn, mềm mại mang lại cảm giác thoải mái tối đa ngay cả khi sử dụng trong thời gian dài. Khung tai nghe được làm từ chất liệu cao cấp, bền bỉ, có khả năng điều chỉnh linh hoạt để phù hợp với mọi kích cỡ đầu. Micro đa hướng có khả năng lọc tiếng ồn hiệu quả, đảm bảo giọng nói của bạn luôn rõ ràng, trong trẻo khi giao tiếp với đồng đội. Tai nghe DareU EH722X 7.1 White còn được trang bị driver âm thanh kích thước lớn, cho âm bass mạnh mẽ, âm treble sắc nét, tái tạo dải tần âm thanh rộng. Dây cáp bọc dù chắc chắn, chống rối, tăng cường độ bền. Sản phẩm này là sự lựa chọn hoàn hảo cho các game thủ chuyên nghiệp và những người yêu âm nhạc, mong muốn sở hữu một thiết bị âm thanh đa năng, chất lượng cao với vẻ ngoài thời thượng.',
        1, 'https://product.hstatic.net/200000722513/product/n-tai-nghe-dareu-eh722x-7-1-white-666_0d31c9147b02414181cc6394444c96eb_a9e117eb9cbd41529da8e7e0a7e34f8b.jpg'
    );
INSERT INTO product_category (product_id, category_id) VALUES (128, 24);
INSERT INTO product_variant (
        product_id, name, seo_name, supplier_id, price, price_sale, quantity, sku, model, barcode, 
        specifications, description, warranty, image_url, release_at, created_by)
        VALUES ( 128, 'Tai nghe DareU EH722X 7.1 White', 'tai-nghe-dareu-eh722x-7-1-white',
            1, 749000, 590000, 10, 'TAI-DAR-EH722X-WHITE',
            'TAI-DAR-EH722X-WHITE', 'TAI-DAR-EH722X-WHITE',
            '{"Hãng sản xuất": "DareU", "Model": "EH722X 7.1 White", "Kiểu tai nghe": "Tai nghe chụp tai", "Loại tai nghe": "Có dây", "Đèn LED": "Multi", "Kết nối": "USB", "Driver": "Φ50mm", "Công nghệ tích hợp": "Giả lập 7.1", "Dải tần số": "20Hz-20KHz", "Chất liệu": "Da mềm, gọng kim loại", "Độ dài dây": "2.4m"}',
            'Tai nghe DareU EH722X 7.1 White mang đến trải nghiệm âm thanh vòm sống động, chân thực, đưa bạn vào thế giới game hoặc âm nhạc một cách trọn vẹn. Với công nghệ âm thanh 7.1 ảo, mọi âm thanh, từ tiếng bước chân kẻ địch, tiếng súng, đến từng giai điệu âm nhạc, đều được tái hiện chi tiết, rõ ràng, giúp bạn có lợi thế trong mọi cuộc chơi và thưởng thức âm nhạc đỉnh cao. Thiết kế của EH722X gây ấn tượng với tông màu trắng tinh khôi, hiện đại, kết hợp với hệ thống đèn LED RGB Aura lung linh, tạo nên điểm nhấn phong cách cho góc máy tính của bạn. Earcup bọc da cao cấp, đệm tai dày dặn, mềm mại mang lại cảm giác thoải mái tối đa ngay cả khi sử dụng trong thời gian dài. Khung tai nghe được làm từ chất liệu cao cấp, bền bỉ, có khả năng điều chỉnh linh hoạt để phù hợp với mọi kích cỡ đầu. Micro đa hướng có khả năng lọc tiếng ồn hiệu quả, đảm bảo giọng nói của bạn luôn rõ ràng, trong trẻo khi giao tiếp với đồng đội. Tai nghe DareU EH722X 7.1 White còn được trang bị driver âm thanh kích thước lớn, cho âm bass mạnh mẽ, âm treble sắc nét, tái tạo dải tần âm thanh rộng. Dây cáp bọc dù chắc chắn, chống rối, tăng cường độ bền. Sản phẩm này là sự lựa chọn hoàn hảo cho các game thủ chuyên nghiệp và những người yêu âm nhạc, mong muốn sở hữu một thiết bị âm thanh đa năng, chất lượng cao với vẻ ngoài thời thượng.',
            12, 'https://product.hstatic.net/200000722513/product/n-tai-nghe-dareu-eh722x-7-1-white-666_0d31c9147b02414181cc6394444c96eb_a9e117eb9cbd41529da8e7e0a7e34f8b.jpg', '2023-06-03T07:31:08+00:00',1);
        
INSERT INTO product_image (name, product_variant_id, image_url, is_main)
VALUES
    ('Ảnh 1', 128, 'https://product.hstatic.net/200000722513/product/n-tai-nghe-dareu-eh722x-7-1-white-666_0d31c9147b02414181cc6394444c96eb_a9e117eb9cbd41529da8e7e0a7e34f8b.jpg', TRUE),
    ('Ảnh 2', 128, 'https://product.hstatic.net/200000722513/product/gearvn-eh722x-white-1_d68a1a2bb55e4685944c3f877c00b39a_0a5b4f5892754b118c0add63a0da48b3.png', FALSE),
    ('Ảnh 3', 128, 'https://product.hstatic.net/200000722513/product/gearvn-eh722x-white-2_a456d478a0cc44b5beab8c4f46ff1f12_afe1cf65d1aa48c7a0a3f75b657a655e.png', FALSE),
    ('Ảnh 4', 128, 'https://product.hstatic.net/200000722513/product/gearvn-eh722x-white-3_c855fd7362984233a4e2b994dffa5eda_95b1ec7d35cb49a4a241778a89473a0a.png', FALSE);
---
INSERT INTO product (name, seo_name, brand_id, specifications, description, created_by, image_url) 
    VALUES (
        'Tai Nghe Steelseries Tusq', 'tai-nghe-steelseries-tusq', 18,
        '{"Loại tai nghe:": "in-ear, có dây", "Tần số phản hồi của loa:": "20 - 20kHz", "Độ nhạy của loa:": "102 dBSPL@1kHz, 1mW", "Độ nhiễu của loa:": "<1%", "Tần số phản hồi của micro:": "100 – 10kHz", "Loại micro:": "2 micro đa chiều, 1 có thể tháo rời", "Độ nhạy micro:": "-44dBV/Pa", "Kết nối:": "jack 3.5mm (loại 4 vạch)", "Độ dài dây:": "1.2m", "Chất liệu:": "Cao su"}',
        'Tai nghe in-ear SteelSeries TUSQ sở hữu thiết kế công thái học siêu nhẹ, mang lại cảm giác dễ chịu kết hợp chất âm chuẩn gaming. TUSQ một lần nữa nhắc chúng ta nhớ lại rằng vì sao các dòng tai nghe gaming của SteelSeries lại được cộng đồng game thủ yêu thích đến như vậy. Từ thiết kế cho đến chất âm, tất cả đều được tối ưu để mang đến trải nghiệm tuyệt vời cho chủ nhân dù ở bất kỳ tựa game nào. Thiết kế tai nghe có dây cho phép cách âm thụ động, để người chơi có thể tập trung hoàn toàn vào tựa game mình yêu thích mà không bị phân tâm bởi thế giới bên ngoài. Hãng cũng tinh tế kèm sẵn đến 3 kích thước earbud (đệm nhét tai) để các bạn có thể lựa chọn.',
        1, 'https://product.hstatic.net/200000722513/product/thumbtainghe_3c1d782be4a145aeb5d9fd692b65eea8_0fb7a4fcc5684ae0a286646d4012dea8.png'
    );
INSERT INTO product_category (product_id, category_id) VALUES (129, 24);
INSERT INTO product_variant (
        product_id, name, seo_name, supplier_id, price, price_sale, quantity, sku, model, barcode, 
        specifications, description, warranty, image_url, release_at, created_by)
        VALUES ( 129, 'Tai Nghe Steelseries Tusq', 'tai-nghe-steelseries-tusq',
            1, 990000, 790000, 10, 'TAI-STE-TUSQ',
            'TAI-STE-TUSQ', 'TAI-STE-TUSQ',
            '{"Loại tai nghe:": "in-ear, có dây", "Tần số phản hồi của loa:": "20 - 20kHz", "Độ nhạy của loa:": "102 dBSPL@1kHz, 1mW", "Độ nhiễu của loa:": "<1%", "Tần số phản hồi của micro:": "100 – 10kHz", "Loại micro:": "2 micro đa chiều, 1 có thể tháo rời", "Độ nhạy micro:": "-44dBV/Pa", "Kết nối:": "jack 3.5mm (loại 4 vạch)", "Độ dài dây:": "1.2m", "Chất liệu:": "Cao su"}',
            'Tai nghe in-ear SteelSeries TUSQ sở hữu thiết kế công thái học siêu nhẹ, mang lại cảm giác dễ chịu kết hợp chất âm chuẩn gaming. TUSQ một lần nữa nhắc chúng ta nhớ lại rằng vì sao các dòng tai nghe gaming của SteelSeries lại được cộng đồng game thủ yêu thích đến như vậy. Từ thiết kế cho đến chất âm, tất cả đều được tối ưu để mang đến trải nghiệm tuyệt vời cho chủ nhân dù ở bất kỳ tựa game nào. Thiết kế tai nghe có dây cho phép cách âm thụ động, để người chơi có thể tập trung hoàn toàn vào tựa game mình yêu thích mà không bị phân tâm bởi thế giới bên ngoài. Hãng cũng tinh tế kèm sẵn đến 3 kích thước earbud (đệm nhét tai) để các bạn có thể lựa chọn.',
            12, 'https://product.hstatic.net/200000722513/product/thumbtainghe_3c1d782be4a145aeb5d9fd692b65eea8_0fb7a4fcc5684ae0a286646d4012dea8.png', '2024-11-26T06:28:11+00:00',1);
        
INSERT INTO product_image (name, product_variant_id, image_url, is_main)
VALUES
    ('Ảnh 1', 129, 'https://product.hstatic.net/200000722513/product/thumbtainghe_3c1d782be4a145aeb5d9fd692b65eea8_0fb7a4fcc5684ae0a286646d4012dea8.png', TRUE),
    ('Ảnh 2', 129, 'https://product.hstatic.net/200000722513/product/_q100_crop-fit_optimize_subsampling-2_44a70928a700424c8d2050c22d3fc849_aaf5b79f9af24af1a561ee9294443ea6.png', FALSE),
    ('Ảnh 3', 129, 'https://product.hstatic.net/200000722513/product/_q100_crop-fit_optimize_subsampling-2_edfdb0549b1742d98c136b73773610f8_bb1d2a6e8f59465ea04f4a0e9d0d2e02.png', FALSE);
---
INSERT INTO product (name, seo_name, brand_id, specifications, description, created_by, image_url) 
    VALUES (
        'Tai nghe Logitech G435 Lightspeed Wireless - Blue Raspberry', 'tai-nghe-logitech-g435-lightspeed-wireless-blue-raspberry', 13,
        '{"Thương hiệu": "Logitech", "Model": "G435", "Trọng lượng": "165 g", "Kích thước": "163 x 170 x 71 mm", "Driver": "40 mm", "Kết nối": "LIGHTSPEED không dây qua USB 2.0 (Type-A), Bluetooth, tương thích Dolby Atmos, Tempest 3D AudioTech và Windows Sonic Spatial Sound", "Phạm vi kết nối": "10 m", "Pin": "Thời lượng 18 giờ, sạc qua USB-C, dây sạc USB-A sang USB-C", "Phụ kiện đi kèm": "Tai nghe G435, USB-A LIGHTSPEED, dây sạc USB-C sang USB-A, tài liệu hướng dẫn sử dụng", "Độ nhạy tần số": "20 Hz - 20 kHz", "Trở kháng": "45 Ω (bị động)", "Độ nhạy": "83,1 dB SPL/mW"}',
        'Tai nghe Logitech G435 Lightspeed Wireless - Blue Raspberry mang đến trải nghiệm âm thanh đỉnh cao, thiết kế siêu nhẹ và kết nối không dây tốc độ cao, hoàn hảo cho game thủ và người dùng yêu thích âm nhạc. Với trọng lượng chỉ 165 gram, G435 là một trong những tai nghe gaming không dây nhẹ nhất, giảm thiểu áp lực lên đầu và tai, cho phép bạn thoải mái sử dụng trong thời gian dài. Màu Xanh Mâm Xôi (Blue Raspberry) thời trang, năng động, mang đến phong cách riêng biệt, thể hiện cá tính của bạn. Công nghệ không dây Lightspeed độc quyền của Logitech đảm bảo kết nối siêu ổn định và độ trễ cực thấp, mang lại lợi thế cạnh tranh trong mọi trận đấu game. Ngoài ra, G435 còn hỗ trợ kết nối Bluetooth, cho phép bạn dễ dàng chuyển đổi giữa chơi game trên PC, console hoặc nghe nhạc trên điện thoại, tablet. Micro định hướng tích hợp giúp thu âm giọng nói rõ ràng, loại bỏ tiếng ồn xung quanh, đảm bảo mọi giao tiếp của bạn đều mượt mà. Màng loa 40mm mang đến âm thanh sống động, chi tiết, tái tạo âm bass mạnh mẽ và âm treble sắc nét, giúp bạn đắm chìm hoàn toàn vào thế giới game hoặc thưởng thức âm nhạc trọn vẹn. Pin sạc cho thời lượng sử dụng ấn tượng lên đến 18 giờ chỉ với một lần sạc. Vỏ ngoài được làm từ vật liệu tái chế, thể hiện cam kết của Logitech về môi trường. Nút điều khiển trực quan trên củ tai giúp bạn dễ dàng điều chỉnh âm lượng, bật/tắt micro và quản lý kết nối. Logitech G435 Lightspeed Wireless - Blue Raspberry là sự kết hợp hoàn hảo giữa hiệu năng, sự thoải mái và phong cách, là lựa chọn lý tưởng cho mọi nhu cầu giải trí đa phương tiện của bạn.',
        1, 'https://product.hstatic.net/200000722513/product/-lightspeed-wireless-blue-raspberry-2_e3ec13886fe44b5683dcc53aca9830d4_2166ec5e683b4208bd1425bacd56bede.jpg'
    );
INSERT INTO product_category (product_id, category_id) VALUES (130, 24);
INSERT INTO product_variant (
        product_id, name, seo_name, supplier_id, price, price_sale, quantity, sku, model, barcode, 
        specifications, description, warranty, image_url, release_at, created_by)
        VALUES ( 130, 'Tai nghe Logitech G435 Lightspeed Wireless - Blue Raspberry', 'tai-nghe-logitech-g435-lightspeed-wireless-blue-raspberry',
            1, 1790000, 1450000, 10, 'TAI-LOG-G435-LP-WL-BLUE-RASPBERRY',
            'TAI-LOG-G435-LP-WL-BLUE-RASPBERRY', 'TAI-LOG-G435-LP-WL-BLUE-RASPBERRY',
            '{"Thương hiệu": "Logitech", "Model": "G435", "Trọng lượng": "165 g", "Kích thước": "163 x 170 x 71 mm", "Driver": "40 mm", "Kết nối": "LIGHTSPEED không dây qua USB 2.0 (Type-A), Bluetooth, tương thích Dolby Atmos, Tempest 3D AudioTech và Windows Sonic Spatial Sound", "Phạm vi kết nối": "10 m", "Pin": "Thời lượng 18 giờ, sạc qua USB-C, dây sạc USB-A sang USB-C", "Phụ kiện đi kèm": "Tai nghe G435, USB-A LIGHTSPEED, dây sạc USB-C sang USB-A, tài liệu hướng dẫn sử dụng", "Độ nhạy tần số": "20 Hz - 20 kHz", "Trở kháng": "45 Ω (bị động)", "Độ nhạy": "83,1 dB SPL/mW"}',
            'Tai nghe Logitech G435 Lightspeed Wireless - Blue Raspberry mang đến trải nghiệm âm thanh đỉnh cao, thiết kế siêu nhẹ và kết nối không dây tốc độ cao, hoàn hảo cho game thủ và người dùng yêu thích âm nhạc. Với trọng lượng chỉ 165 gram, G435 là một trong những tai nghe gaming không dây nhẹ nhất, giảm thiểu áp lực lên đầu và tai, cho phép bạn thoải mái sử dụng trong thời gian dài. Màu Xanh Mâm Xôi (Blue Raspberry) thời trang, năng động, mang đến phong cách riêng biệt, thể hiện cá tính của bạn. Công nghệ không dây Lightspeed độc quyền của Logitech đảm bảo kết nối siêu ổn định và độ trễ cực thấp, mang lại lợi thế cạnh tranh trong mọi trận đấu game. Ngoài ra, G435 còn hỗ trợ kết nối Bluetooth, cho phép bạn dễ dàng chuyển đổi giữa chơi game trên PC, console hoặc nghe nhạc trên điện thoại, tablet. Micro định hướng tích hợp giúp thu âm giọng nói rõ ràng, loại bỏ tiếng ồn xung quanh, đảm bảo mọi giao tiếp của bạn đều mượt mà. Màng loa 40mm mang đến âm thanh sống động, chi tiết, tái tạo âm bass mạnh mẽ và âm treble sắc nét, giúp bạn đắm chìm hoàn toàn vào thế giới game hoặc thưởng thức âm nhạc trọn vẹn. Pin sạc cho thời lượng sử dụng ấn tượng lên đến 18 giờ chỉ với một lần sạc. Vỏ ngoài được làm từ vật liệu tái chế, thể hiện cam kết của Logitech về môi trường. Nút điều khiển trực quan trên củ tai giúp bạn dễ dàng điều chỉnh âm lượng, bật/tắt micro và quản lý kết nối. Logitech G435 Lightspeed Wireless - Blue Raspberry là sự kết hợp hoàn hảo giữa hiệu năng, sự thoải mái và phong cách, là lựa chọn lý tưởng cho mọi nhu cầu giải trí đa phương tiện của bạn.',
            24, 'https://product.hstatic.net/200000722513/product/-lightspeed-wireless-blue-raspberry-2_e3ec13886fe44b5683dcc53aca9830d4_2166ec5e683b4208bd1425bacd56bede.jpg', '2023-06-02T20:22:37+00:00',1);
        
INSERT INTO product_image (name, product_variant_id, image_url, is_main)
VALUES
    ('Ảnh 1', 130, 'https://product.hstatic.net/200000722513/product/-lightspeed-wireless-blue-raspberry-2_e3ec13886fe44b5683dcc53aca9830d4_2166ec5e683b4208bd1425bacd56bede.jpg', TRUE),
    ('Ảnh 2', 130, 'https://product.hstatic.net/200000722513/product/-lightspeed-wireless-blue-raspberry-1_3b342eda5ff743dca16000e5689636d0_26f38dfade9445d49ac19a185dfae339.jpg', FALSE),
    ('Ảnh 3', 130, 'https://product.hstatic.net/200000722513/product/-lightspeed-wireless-blue-raspberry-3_b6e76b7544604285b0f4baa7becdcb71_523e789b9884427599eaba2d0c95e53d.jpg', FALSE),
    ('Ảnh 4', 130, 'https://product.hstatic.net/200000722513/product/-lightspeed-wireless-blue-raspberry-4_d8fb1b52d25848f7aea8916a5bd44e6c_40d82f7163fc45c6a6a57d66579199d9.jpg', FALSE),
    ('Ảnh 5', 130, 'https://product.hstatic.net/200000722513/product/-lightspeed-wireless-blue-raspberry-5_5faf6fa44f5a41e7947b6b8cf991672e_7e8df3f6767141ea91f8c4d291a8ece9.png', FALSE),
    ('Ảnh 6', 130, 'https://product.hstatic.net/200000722513/product/-lightspeed-wireless-blue-raspberry-6_8fd515dfbde8433c837e0408e9414428_802601d4947d49a29b174f0da747bef0.jpg', FALSE);
---
INSERT INTO product (name, seo_name, brand_id, specifications, description, created_by, image_url) 
    VALUES (
        'Tai nghe Rapoo VM150 In-ear', 'tai-nghe-rapoo-vm150-in-ear', 29,
        '{"Thương hiệu:": "Rapoo", "Bảo hành:": "24 tháng", "Model:": "Rapoo VM150 In-ear", "Màu sắc:": "Đen - Đỏ", "Kiểu kết nối:": "Có dây", "Kiểu tai nghe:": "In-ear", "Đèn LED:": "Không", "Chuẩn kết nối:": "3.5mm", "Microphone:": "1 mic in-line control và 1 mic rời nhằm tăng khả năng đàm thoại", "Trở kháng:": "Tai nghe: 16 ohm; Micro: 2,2k ohm", "Tần số :": "20-20000Hz", "Độ nhạy:": "Tai nghe: 92 ±3dB; Micro: -38 ±3dB", "Khả năng cách âm:": "Có", "Chất liệu đệm tai nghe :": "Nút silicon cao cấp", "Tương thích:": "PC, laptop, điện thoại"}',
        'Rapoo VM150 In-ear là một trong những dòng tai nghe máy tính chơi game, sử dụng tốt cho cả thiết bị di động. Sở hữu thiết kế góc cạnh mang đậm chất phong cách gaming hiện đại. Thiết kế mic rời đi cùng mic in-line nhằm nâng cao khả năng trò chuyện, giao tiếp trong game.\n\n**Phụ kiện đầy đủ**\nMột trong những dòng tai nghe thuộc series Rapoo VH, được hãng trang bị kèm 1 mic rời, 1 dây chia jack 3.5, 2 cặp tip thay thế với size khác nhau, phù hợp với kích cỡ lỗ tai khác nhau. Được thiết kế dưới dạng nhét tai nên người dùng có thể tận hưởng âm thanh chất lượng, sống động, hạn chế những tạp âm bên ngoài sẽ ảnh hưởng.\n\n**Tương thích nhiều nền tảng**\nVới kết nối chuẩn 3.5mm, tai nghe Rapoo VM150 In-ear có thể sử dụng với nhiều thiết bị khác nhau, đặc biệt là các thiết bị chơi game di động. Dòng tai nghe gaming dưới 1 triệu đáng sở hữu nhất hiện nay.',
        1, 'https://product.hstatic.net/200000722513/product/vm150_2020_1-5_compressed_e0666b8c5c904e58a4063351c973386d_5bb88993ed354fc994bc918fa21389ef.jpg'
    );
INSERT INTO product_category (product_id, category_id) VALUES (131, 24);
INSERT INTO product_variant (
        product_id, name, seo_name, supplier_id, price, price_sale, quantity, sku, model, barcode, 
        specifications, description, warranty, image_url, release_at, created_by)
        VALUES ( 131, 'Tai nghe Rapoo VM150 In-ear', 'tai-nghe-rapoo-vm150-in-ear',
            1, 569000, 390000, 10, 'TAI-RAPOO-VM150',
            'TAI-RAPOO-VM150', 'TAI-RAPOO-VM150',
            '{"Thương hiệu:": "Rapoo", "Bảo hành:": "24 tháng", "Model:": "Rapoo VM150 In-ear", "Màu sắc:": "Đen - Đỏ", "Kiểu kết nối:": "Có dây", "Kiểu tai nghe:": "In-ear", "Đèn LED:": "Không", "Chuẩn kết nối:": "3.5mm", "Microphone:": "1 mic in-line control và 1 mic rời nhằm tăng khả năng đàm thoại", "Trở kháng:": "Tai nghe: 16 ohm; Micro: 2,2k ohm", "Tần số :": "20-20000Hz", "Độ nhạy:": "Tai nghe: 92 ±3dB; Micro: -38 ±3dB", "Khả năng cách âm:": "Có", "Chất liệu đệm tai nghe :": "Nút silicon cao cấp", "Tương thích:": "PC, laptop, điện thoại"}',
            'Rapoo VM150 In-ear là một trong những dòng tai nghe máy tính chơi game, sử dụng tốt cho cả thiết bị di động. Sở hữu thiết kế góc cạnh mang đậm chất phong cách gaming hiện đại. Thiết kế mic rời đi cùng mic in-line nhằm nâng cao khả năng trò chuyện, giao tiếp trong game.\n\n**Phụ kiện đầy đủ**\nMột trong những dòng tai nghe thuộc series Rapoo VH, được hãng trang bị kèm 1 mic rời, 1 dây chia jack 3.5, 2 cặp tip thay thế với size khác nhau, phù hợp với kích cỡ lỗ tai khác nhau. Được thiết kế dưới dạng nhét tai nên người dùng có thể tận hưởng âm thanh chất lượng, sống động, hạn chế những tạp âm bên ngoài sẽ ảnh hưởng.\n\n**Tương thích nhiều nền tảng**\nVới kết nối chuẩn 3.5mm, tai nghe Rapoo VM150 In-ear có thể sử dụng với nhiều thiết bị khác nhau, đặc biệt là các thiết bị chơi game di động. Dòng tai nghe gaming dưới 1 triệu đáng sở hữu nhất hiện nay.',
            24, 'https://product.hstatic.net/200000722513/product/vm150_2020_1-5_compressed_e0666b8c5c904e58a4063351c973386d_5bb88993ed354fc994bc918fa21389ef.jpg', '2023-06-02T08:01:05+00:00',1);
        
INSERT INTO product_image (name, product_variant_id, image_url, is_main)
VALUES
    ('Ảnh 1', 131, 'https://product.hstatic.net/200000722513/product/vm150_2020_1-5_compressed_e0666b8c5c904e58a4063351c973386d_5bb88993ed354fc994bc918fa21389ef.jpg', TRUE),
    ('Ảnh 2', 131, 'https://product.hstatic.net/200000722513/product/vm150_2020_1-1_compressed_3bafe43df5924396b7bcdec721d4b253_9d173fc8f3e241eda5fac937360e6d88.jpg', FALSE),
    ('Ảnh 3', 131, 'https://product.hstatic.net/200000722513/product/vm150_2020_1-6_compressed_7772d74ac97b4a9f9cc449302275fbe1_7028bddbe1f644c1b5dc209b920d668b.jpg', FALSE),
    ('Ảnh 4', 131, 'https://product.hstatic.net/200000722513/product/vm150_2020_1-2_compressed_2d3f0c73211a4b93aacec32c841f56eb_a633fdee2827497681fef2bc26ce2274.jpg', FALSE),
    ('Ảnh 5', 131, 'https://product.hstatic.net/200000722513/product/vm150_2020_1-3_compressed_b3a2be5a92704b95ba21ac8dea203355_210f9936a3b347cdbf211ee85a94488d.jpg', FALSE),
    ('Ảnh 6', 131, 'https://product.hstatic.net/200000722513/product/vm150_2020_1-4_compressed_35384adfaa644379a47b5c6b3bbf95a3_edf5f214493942418cfe4872ff74a22d.jpg', FALSE);
---
INSERT INTO product (name, seo_name, brand_id, specifications, description, created_by, image_url) 
    VALUES (
        'Tai nghe MSI H991', 'tai-nghe-msi-h991', 52,
        '{"Hãng sản xuất:": "MSI", "Model:": "MSI H991", "Màu sắc:": "Đen", "Kiểu tai nghe:": "Over-ear", "Kiểu kết nối:": "Có dây", "Chuẩn kết nối:": "Jack 3.5mm", "Đèn LED:": "Không", "Công nghệ tích hợp:": "Giả lập 7.1", "Chất liệu:": "Da mềm, gọng kim loại", "Microphone:": "Có", "Khả năng cách âm:": "Có", "Chất liệu đệm tai nghe:": "Đệm cao cấp", "Tần số:": "20 Hz - 20 kHz", "Tương thích:": "macOS, Windows,... Các thiết bị có cổng 3.5mm", "Dây:": "1.8m"}',
        'Tai nghe MSI H991 mang thiết kế chuẩn dòng sản phẩm của MSI, với tông màu đen-đỏ chủ đạo đầy hầm hố cùng logo hình rồng uy lực ở cả hai bên tai nghe. Phần housing của MSI H991 được làm từ nhựa tổng hợp cứng, trong khi phần khung choàng đầu (headband frame) làm từ kim loại dẻo phủ sơn chống rỉ sét, mang lại độ bền cao cho cặp tai nghe. Game thủ có thể kết nối tai nghe MSI H991 đến PC hoặc laptop gaming thông qua cổng jack 3.5mm với dây cáp dài 1.8m.',
        1, 'https://product.hstatic.net/200000722513/product/34065_h13_59bdf63f449e4116b7e0d6039d82f1d7_ae959173a6b24dbe8c8ec1b8e3559f64.jpg'
    );
INSERT INTO product_category (product_id, category_id) VALUES (132, 24);
INSERT INTO product_variant (
        product_id, name, seo_name, supplier_id, price, price_sale, quantity, sku, model, barcode, 
        specifications, description, warranty, image_url, release_at, created_by)
        VALUES ( 132, 'Tai nghe MSI H991', 'tai-nghe-msi-h991',
            1, 0, 1400000, 10, 'TAI-MSI-H991',
            'TAI-MSI-H991', 'TAI-MSI-H991',
            '{"Hãng sản xuất:": "MSI", "Model:": "MSI H991", "Màu sắc:": "Đen", "Kiểu tai nghe:": "Over-ear", "Kiểu kết nối:": "Có dây", "Chuẩn kết nối:": "Jack 3.5mm", "Đèn LED:": "Không", "Công nghệ tích hợp:": "Giả lập 7.1", "Chất liệu:": "Da mềm, gọng kim loại", "Microphone:": "Có", "Khả năng cách âm:": "Có", "Chất liệu đệm tai nghe:": "Đệm cao cấp", "Tần số:": "20 Hz - 20 kHz", "Tương thích:": "macOS, Windows,... Các thiết bị có cổng 3.5mm", "Dây:": "1.8m"}',
            'Tai nghe MSI H991 mang thiết kế chuẩn dòng sản phẩm của MSI, với tông màu đen-đỏ chủ đạo đầy hầm hố cùng logo hình rồng uy lực ở cả hai bên tai nghe. Phần housing của MSI H991 được làm từ nhựa tổng hợp cứng, trong khi phần khung choàng đầu (headband frame) làm từ kim loại dẻo phủ sơn chống rỉ sét, mang lại độ bền cao cho cặp tai nghe. Game thủ có thể kết nối tai nghe MSI H991 đến PC hoặc laptop gaming thông qua cổng jack 3.5mm với dây cáp dài 1.8m.',
            0, 'https://product.hstatic.net/200000722513/product/34065_h13_59bdf63f449e4116b7e0d6039d82f1d7_ae959173a6b24dbe8c8ec1b8e3559f64.jpg', '2023-08-24T02:39:59+00:00',1);
        
INSERT INTO product_image (name, product_variant_id, image_url, is_main)
VALUES
    ('Ảnh 1', 132, 'https://product.hstatic.net/200000722513/product/34065_h13_59bdf63f449e4116b7e0d6039d82f1d7_ae959173a6b24dbe8c8ec1b8e3559f64.jpg', TRUE);
---
INSERT INTO product (name, seo_name, brand_id, specifications, description, created_by, image_url) 
    VALUES (
        'Tai nghe Razer BlackShark V2 X', 'tai-nghe-razer-blackshark-v2-x', 15,
        '{"Thương hiệu": "Razer", "Bảo hành": "24 tháng", "Model": "Razer BlackShark V2 X", "Màu": "Đen", "Kiểu tai nghe": "Over-ear", "Tần số phản hồi": "Tai nghe: 12 Hz - 28.000 Hz, Micro: 100 Hz - 10.000 Hz", "Trở kháng": "32 Ohm (1 kHz)", "Độ nhạy": "Tai nghe: 100 dBSPL/mW (1 kHz), Micro: -42 dB V/Pa (1 kHz)", "Kích thước trình điều khiển (Drivers)": "50 mm", "Loại trình điều khiển": "Razer™ Triforce", "Chất liệu đệm tai nghe": "Đệm xốp thoáng khí", "Chất liệu khung": "Kim loại cao cấp", "Khử tiếng ồn": "Khử tiếng ồn thụ động nâng cao", "Kiểu kết nối": "Có dây (Analog 3,5 mm)", "Chiều dài cáp": "1,3 m", "Cân nặng": "240 g", "Kiểu micro": "Razer™ Hyperclear Cardioid mic", "Mã hóa vòm ảo": "Âm thanh vòm 7.1", "Khả năng tương thích": "PC, Mac, PS4, Xbox One, Nintendo Switch và thiết bị di động (có cổng 3,5 mm khả dụng)"}',
        'Tai nghe Razer BlackShark V2 X mang đến trải nghiệm âm thanh đỉnh cao, lý tưởng cho game thủ và người yêu âm nhạc. Với thiết kế trùm tai (Over-Ear) cực kỳ thoải mái, phần đệm tai làm từ mút hoạt tính thoáng khí và bọc da PU mềm mại, bạn có thể đeo tai nghe trong nhiều giờ liền mà không cảm thấy khó chịu. Khung tai nghe được gia cố bằng nhựa ABS bền bỉ, đảm bảo độ chắc chắn và tuổi thọ cao.\n\nĐiểm nhấn của BlackShark V2 X nằm ở chất lượng âm thanh. Driver Razer TriForce Titanium 50mm mang đến âm thanh rõ ràng, chi tiết với dải tần rộng, giúp bạn nghe rõ từng bước chân địch, tiếng vũ khí hay những bản nhạc yêu thích. Công nghệ HyperClear Cardioid Mic với khả năng thu âm định hướng giúp giọng nói của bạn luôn trong trẻo, loại bỏ tiếng ồn xung quanh, tối ưu cho giao tiếp trong game hay các cuộc gọi.\n\nTai nghe còn hỗ trợ âm thanh vòm 7.1 tiên tiến (chỉ có trên Windows 10 64-bit), tạo ra không gian âm thanh 3D sống động, giúp bạn định vị kẻ địch dễ dàng hơn trong mọi trận chiến. Kết nối qua jack 3.5mm phổ biến, tương thích với đa dạng thiết bị như PC, PlayStation, Xbox, Nintendo Switch, Mac và điện thoại di động. Nút điều khiển âm lượng và tắt tiếng mic tích hợp trên dây cáp tiện lợi cho phép bạn tùy chỉnh nhanh chóng. Tai nghe Razer BlackShark V2 X là sự lựa chọn hoàn hảo cho những ai tìm kiếm hiệu suất âm thanh xuất sắc, sự thoải mái vượt trội và độ bền bỉ trong một thiết kế gaming chuyên nghiệp.',
        1, 'https://product.hstatic.net/200000722513/product/vn-tai-nghe-razer-blackshark-v2-photoroom_e7d768a99de7423b9d24382728d710ce.png'
    );
INSERT INTO product_category (product_id, category_id) VALUES (133, 24);
INSERT INTO product_variant (
        product_id, name, seo_name, supplier_id, price, price_sale, quantity, sku, model, barcode, 
        specifications, description, warranty, image_url, release_at, created_by)
        VALUES ( 133, 'Tai nghe Razer BlackShark V2 X', 'tai-nghe-razer-blackshark-v2-x',
            1, 1990000, 1090000, 10, 'TAI-RAZ-BLACK-SHARK-V2-X',
            'TAI-RAZ-BLACK-SHARK-V2-X', 'TAI-RAZ-BLACK-SHARK-V2-X',
            '{"Thương hiệu": "Razer", "Bảo hành": "24 tháng", "Model": "Razer BlackShark V2 X", "Màu": "Đen", "Kiểu tai nghe": "Over-ear", "Tần số phản hồi": "Tai nghe: 12 Hz - 28.000 Hz, Micro: 100 Hz - 10.000 Hz", "Trở kháng": "32 Ohm (1 kHz)", "Độ nhạy": "Tai nghe: 100 dBSPL/mW (1 kHz), Micro: -42 dB V/Pa (1 kHz)", "Kích thước trình điều khiển (Drivers)": "50 mm", "Loại trình điều khiển": "Razer™ Triforce", "Chất liệu đệm tai nghe": "Đệm xốp thoáng khí", "Chất liệu khung": "Kim loại cao cấp", "Khử tiếng ồn": "Khử tiếng ồn thụ động nâng cao", "Kiểu kết nối": "Có dây (Analog 3,5 mm)", "Chiều dài cáp": "1,3 m", "Cân nặng": "240 g", "Kiểu micro": "Razer™ Hyperclear Cardioid mic", "Mã hóa vòm ảo": "Âm thanh vòm 7.1", "Khả năng tương thích": "PC, Mac, PS4, Xbox One, Nintendo Switch và thiết bị di động (có cổng 3,5 mm khả dụng)"}',
            'Tai nghe Razer BlackShark V2 X mang đến trải nghiệm âm thanh đỉnh cao, lý tưởng cho game thủ và người yêu âm nhạc. Với thiết kế trùm tai (Over-Ear) cực kỳ thoải mái, phần đệm tai làm từ mút hoạt tính thoáng khí và bọc da PU mềm mại, bạn có thể đeo tai nghe trong nhiều giờ liền mà không cảm thấy khó chịu. Khung tai nghe được gia cố bằng nhựa ABS bền bỉ, đảm bảo độ chắc chắn và tuổi thọ cao.\n\nĐiểm nhấn của BlackShark V2 X nằm ở chất lượng âm thanh. Driver Razer TriForce Titanium 50mm mang đến âm thanh rõ ràng, chi tiết với dải tần rộng, giúp bạn nghe rõ từng bước chân địch, tiếng vũ khí hay những bản nhạc yêu thích. Công nghệ HyperClear Cardioid Mic với khả năng thu âm định hướng giúp giọng nói của bạn luôn trong trẻo, loại bỏ tiếng ồn xung quanh, tối ưu cho giao tiếp trong game hay các cuộc gọi.\n\nTai nghe còn hỗ trợ âm thanh vòm 7.1 tiên tiến (chỉ có trên Windows 10 64-bit), tạo ra không gian âm thanh 3D sống động, giúp bạn định vị kẻ địch dễ dàng hơn trong mọi trận chiến. Kết nối qua jack 3.5mm phổ biến, tương thích với đa dạng thiết bị như PC, PlayStation, Xbox, Nintendo Switch, Mac và điện thoại di động. Nút điều khiển âm lượng và tắt tiếng mic tích hợp trên dây cáp tiện lợi cho phép bạn tùy chỉnh nhanh chóng. Tai nghe Razer BlackShark V2 X là sự lựa chọn hoàn hảo cho những ai tìm kiếm hiệu suất âm thanh xuất sắc, sự thoải mái vượt trội và độ bền bỉ trong một thiết kế gaming chuyên nghiệp.',
            24, 'https://product.hstatic.net/200000722513/product/vn-tai-nghe-razer-blackshark-v2-photoroom_e7d768a99de7423b9d24382728d710ce.png', '2024-08-26T06:46:17+00:00',1);
        
INSERT INTO product_image (name, product_variant_id, image_url, is_main)
VALUES
    ('Ảnh 1', 133, 'https://product.hstatic.net/200000722513/product/vn-tai-nghe-razer-blackshark-v2-photoroom_e7d768a99de7423b9d24382728d710ce.png', TRUE),
    ('Ảnh 2', 133, 'https://product.hstatic.net/200000722513/product/tai-nghe-razer-blackshark-v2-x-3-photoroom_51a83a5e02214181acbd0dfa2779d8d3.png', FALSE),
    ('Ảnh 3', 133, 'https://product.hstatic.net/200000722513/product/tai-nghe-razer-blackshark-v2-x-4-photoroom_c780669fbf9c429f803ee69cd45efaeb.png', FALSE),
    ('Ảnh 4', 133, 'https://product.hstatic.net/200000722513/product/tai-nghe-razer-blackshark-v2-x-6-photoroom_440ec866dcd34b01b32e3714852bb1d2.png', FALSE),
    ('Ảnh 5', 133, 'https://product.hstatic.net/200000722513/product/tai-nghe-razer-blackshark-v2-x-1_0d41d752920c46e0bcf15774bd78ba1e_5d539d4ae52844e48277795c68a6636a.jpg', FALSE),
    ('Ảnh 6', 133, 'https://product.hstatic.net/200000722513/product/tai-nghe-razer-blackshark-v2-x-2_f63c86f26f70471b8a62d04b03118d97_1bd9f31939374c72aac20dd12e77aa8d.jpg', FALSE);
---
INSERT INTO product (name, seo_name, brand_id, specifications, description, created_by, image_url) 
    VALUES (
        'Tai nghe HyperX Cloud Stinger Core II', 'tai-nghe-hyperx-cloud-stinger-core-ii', 27,
        '{"Drivers": "40mm", "Màu sắc": "Đen", "Kiểu tai nghe": "Over-ear", "Tần số": "20Hz - 20.000Hz", "Kết nối": "Có dây", "Micro": "Có thể tháo rời", "Trở kháng": "16 Ω", "Chiều dài cáp": "1,3m", "Trọng lượng": "215g"}',
        'Tai nghe HyperX Cloud Stinger Core II là lựa chọn hoàn hảo cho game thủ muốn trải nghiệm âm thanh đỉnh cao với mức giá phải chăng. Với thiết kế công thái học, đệm tai mềm mại và headband có thể điều chỉnh, Stinger Core II mang lại sự thoải mái tối đa ngay cả trong những phiên chơi game kéo dài. Màng loa 50mm được tinh chỉnh cẩn thận cho âm thanh vòm sống động, giúp bạn nghe rõ từng bước chân địch thủ, tiếng súng hay hiệu ứng môi trường, mang đến lợi thế cạnh tranh vượt trội. Microphone tích hợp có khả năng khử tiếng ồn, đảm bảo giọng nói của bạn luôn rõ ràng và mạch lạc khi giao tiếp với đồng đội. Đầu nối 3.5mm tương thích với nhiều nền tảng, bao gồm PC, PlayStation, Xbox, Nintendo Switch và các thiết bị di động. Khung thép bền bỉ đảm bảo tuổi thọ sản phẩm, trong khi nút điều chỉnh âm lượng trên củ tai giúp bạn dễ dàng thao tác. HyperX Cloud Stinger Core II không chỉ là một chiếc tai nghe gaming, mà còn là người bạn đồng hành đáng tin cậy trên mọi đấu trường ảo.',
        1, 'https://product.hstatic.net/200000722513/product/thumbtainghe_499f42bf16fe47d28ab00bffb7bd5748_47730811ddaf40a0a969f4e4d49c7b27.png'
    );
INSERT INTO product_category (product_id, category_id) VALUES (134, 24);
INSERT INTO product_variant (
        product_id, name, seo_name, supplier_id, price, price_sale, quantity, sku, model, barcode, 
        specifications, description, warranty, image_url, release_at, created_by)
        VALUES ( 134, 'Tai nghe HyperX Cloud Stinger Core II', 'tai-nghe-hyperx-cloud-stinger-core-ii',
            1, 990000, 890000, 10, 'TAI-HYPERX-STINGER-CORE-II',
            'TAI-HYPERX-STINGER-CORE-II', 'TAI-HYPERX-STINGER-CORE-II',
            '{"Drivers": "40mm", "Màu sắc": "Đen", "Kiểu tai nghe": "Over-ear", "Tần số": "20Hz - 20.000Hz", "Kết nối": "Có dây", "Micro": "Có thể tháo rời", "Trở kháng": "16 Ω", "Chiều dài cáp": "1,3m", "Trọng lượng": "215g"}',
            'Tai nghe HyperX Cloud Stinger Core II là lựa chọn hoàn hảo cho game thủ muốn trải nghiệm âm thanh đỉnh cao với mức giá phải chăng. Với thiết kế công thái học, đệm tai mềm mại và headband có thể điều chỉnh, Stinger Core II mang lại sự thoải mái tối đa ngay cả trong những phiên chơi game kéo dài. Màng loa 50mm được tinh chỉnh cẩn thận cho âm thanh vòm sống động, giúp bạn nghe rõ từng bước chân địch thủ, tiếng súng hay hiệu ứng môi trường, mang đến lợi thế cạnh tranh vượt trội. Microphone tích hợp có khả năng khử tiếng ồn, đảm bảo giọng nói của bạn luôn rõ ràng và mạch lạc khi giao tiếp với đồng đội. Đầu nối 3.5mm tương thích với nhiều nền tảng, bao gồm PC, PlayStation, Xbox, Nintendo Switch và các thiết bị di động. Khung thép bền bỉ đảm bảo tuổi thọ sản phẩm, trong khi nút điều chỉnh âm lượng trên củ tai giúp bạn dễ dàng thao tác. HyperX Cloud Stinger Core II không chỉ là một chiếc tai nghe gaming, mà còn là người bạn đồng hành đáng tin cậy trên mọi đấu trường ảo.',
            24, 'https://product.hstatic.net/200000722513/product/thumbtainghe_499f42bf16fe47d28ab00bffb7bd5748_47730811ddaf40a0a969f4e4d49c7b27.png', '2023-06-02T09:52:15+00:00',1);
        
INSERT INTO product_image (name, product_variant_id, image_url, is_main)
VALUES
    ('Ảnh 1', 134, 'https://product.hstatic.net/200000722513/product/thumbtainghe_499f42bf16fe47d28ab00bffb7bd5748_47730811ddaf40a0a969f4e4d49c7b27.png', TRUE),
    ('Ảnh 2', 134, 'https://product.hstatic.net/200000722513/product/_cloud_stinger_2_core_5_extended_900x_e48069d81fed4099aa18b29b624be928_5832fe76ef4e4b7eadad773d5a3726d0.jpg', FALSE),
    ('Ảnh 3', 134, 'https://product.hstatic.net/200000722513/product/rx_cloud_stinger_2_core_4_bottom_900x_ac41e5bfcbc642ebacf444174687e8f6_332f7a4cd6044728b3b86192d8974b0d.jpg', FALSE),
    ('Ảnh 4', 134, 'https://product.hstatic.net/200000722513/product/erx_cloud_stinger_2_core_3_front_900x_5765606303df4fedbfbbb99d947bc72c_1d9ac5b6903c4a5684ccaf76297400ae.jpg', FALSE),
    ('Ảnh 5', 134, 'https://product.hstatic.net/200000722513/product/perx_cloud_stinger_2_core_2_side_900x_2a26f702c7c84715962e3deecc04eae3_1258d82443594739b6137c17c70cfce9.jpg', FALSE),
    ('Ảnh 6', 134, 'https://product.hstatic.net/200000722513/product/oud_stinger_2_core_7_accessories_900x_e3be8509918040f1a028c0086d70bf7b_90c8a81bdc794d5881ab32bc75494f6c.jpg', FALSE),
    ('Ảnh 7', 134, 'https://product.hstatic.net/200000722513/product/perx_cloud_stinger_2_core_6_mute_900x_64c0cf58da2c4bd4a3d47d074f6ac26e_d0fce8d76d6e41b39fb222ef772d25d1.jpg', FALSE);
---
INSERT INTO product (name, seo_name, brand_id, specifications, description, created_by, image_url) 
    VALUES (
        'Tai nghe DAREU EH469 7.1 RGB Black', 'tai-nghe-dareu-eh469-7-1-rgb', 25,
        '{"Thương hiệu": "DareU", "Màu": "Đen", "Đường kính củ loa": "50mm", "Led": "RGB", "Hiệu ứng": "Giả lập 7.1", "Kết nối": "USB", "Dây": "2.0m", "Đệm tai": "Da mềm", "Headband": "Kim loại", "Trọng lượng": "280 +/- 10g"}',
        'Tai nghe DareU EH469 7.1 RGB Black sở hữu thiết kế đột phá. DareU EH469 là chiếc tai nghe máy tính mà chắc hẳn trong phân khúc giá 500k không có đối thủ về thiết kế. Phần chụp tai có kích thước lớn, hình oval, chụp kín tai. Phần đệm đầu có thể co giãn, cho cảm giác đeo rất thoải mái. Gọng tai nghe được làm bằng thép, cho độ chắc chắn và bền bỉ cao.\n\nChất lượng âm thanh của tai nghe DareU EH469 7.1 RGB Black trên cả tuyệt vời. Mặc dù thuộc phân khúc tai nghe có dây giá rẻ, nhưng DareU EH469 cho chất lượng âm thanh rất tốt. Điều này có được là do tai nghe được trang bị loa chất lượng cao, cùng thiết kế củ loa đặt nghiêng rất giống với các loại tai nghe cao cấp (Sennheiser). Và kết quả là DareU EH469 cực kỳ đáng tiền.\n\nTai nghe DareU EH469 7.1 RGB Black sở hữu hệ thống LED viền và logo RGB tự động. Chúng ta có thể thấy, trên tai nghe DareU EH469 có hệ thống LED viền và logo RGB tự động đổi màu rất đẹp. LED rất sáng và đổi màu mềm mại. Có thể nói, DareU EH469 thực sự đẹp, không có đối thủ trong tầm giá. Hứa hẹn đây sẽ là một trong những dòng sản phẩm thuộc phân khúc tai nghe dưới 1 triệu rất đáng để trải nghiệm.',
        1, 'https://product.hstatic.net/200000722513/product/dareu_eh469_rgb_usb_7_1_led_rgb_black_89760ada19024400ac16ba534fc195ab_b9be5feaf75248fab587ccee1c2c4636.jpg'
    );
INSERT INTO product_category (product_id, category_id) VALUES (135, 24);
INSERT INTO product_variant (
        product_id, name, seo_name, supplier_id, price, price_sale, quantity, sku, model, barcode, 
        specifications, description, warranty, image_url, release_at, created_by)
        VALUES ( 135, 'Tai nghe DAREU EH469 7.1 RGB Black', 'tai-nghe-dareu-eh469-7-1-rgb',
            1, 549000, 400000, 10, 'TAI-DAR-EH469-RGB-BLA',
            'TAI-DAR-EH469-RGB-BLA', 'TAI-DAR-EH469-RGB-BLA',
            '{"Thương hiệu": "DareU", "Màu": "Đen", "Đường kính củ loa": "50mm", "Led": "RGB", "Hiệu ứng": "Giả lập 7.1", "Kết nối": "USB", "Dây": "2.0m", "Đệm tai": "Da mềm", "Headband": "Kim loại", "Trọng lượng": "280 +/- 10g"}',
            'Tai nghe DareU EH469 7.1 RGB Black sở hữu thiết kế đột phá. DareU EH469 là chiếc tai nghe máy tính mà chắc hẳn trong phân khúc giá 500k không có đối thủ về thiết kế. Phần chụp tai có kích thước lớn, hình oval, chụp kín tai. Phần đệm đầu có thể co giãn, cho cảm giác đeo rất thoải mái. Gọng tai nghe được làm bằng thép, cho độ chắc chắn và bền bỉ cao.\n\nChất lượng âm thanh của tai nghe DareU EH469 7.1 RGB Black trên cả tuyệt vời. Mặc dù thuộc phân khúc tai nghe có dây giá rẻ, nhưng DareU EH469 cho chất lượng âm thanh rất tốt. Điều này có được là do tai nghe được trang bị loa chất lượng cao, cùng thiết kế củ loa đặt nghiêng rất giống với các loại tai nghe cao cấp (Sennheiser). Và kết quả là DareU EH469 cực kỳ đáng tiền.\n\nTai nghe DareU EH469 7.1 RGB Black sở hữu hệ thống LED viền và logo RGB tự động. Chúng ta có thể thấy, trên tai nghe DareU EH469 có hệ thống LED viền và logo RGB tự động đổi màu rất đẹp. LED rất sáng và đổi màu mềm mại. Có thể nói, DareU EH469 thực sự đẹp, không có đối thủ trong tầm giá. Hứa hẹn đây sẽ là một trong những dòng sản phẩm thuộc phân khúc tai nghe dưới 1 triệu rất đáng để trải nghiệm.',
            12, 'https://product.hstatic.net/200000722513/product/dareu_eh469_rgb_usb_7_1_led_rgb_black_89760ada19024400ac16ba534fc195ab_b9be5feaf75248fab587ccee1c2c4636.jpg', '2023-06-03T09:26:45+00:00',1);
        
INSERT INTO product_image (name, product_variant_id, image_url, is_main)
VALUES
    ('Ảnh 1', 135, 'https://product.hstatic.net/200000722513/product/dareu_eh469_rgb_usb_7_1_led_rgb_black_89760ada19024400ac16ba534fc195ab_b9be5feaf75248fab587ccee1c2c4636.jpg', TRUE),
    ('Ảnh 2', 135, 'https://product.hstatic.net/200000722513/product/tai-nghe-dareu-eh469-rgb3-chinh-hang_2a0b9852dabd4868a432728b68d62344_db4ddb59e8bd480cbaa2629efc5c9d69.jpg', FALSE),
    ('Ảnh 3', 135, 'https://product.hstatic.net/200000722513/product/tai-nghe-dareu-eh469-rgb2-gia-re_a1358593847c4daabc13488152ab4a09_ee7da83af6a94f3cb2d2ec82e3feb96d.jpg', FALSE);
---
INSERT INTO product (name, seo_name, brand_id, specifications, description, created_by, image_url) 
    VALUES (
        'Tai nghe Logitech G Pro X Gaming Black', 'tai-nghe-logitech-g-pro-x', 13,
        '{"Thương hiệu:": "Logitech", "Bảo hành:": "24 tháng", "Series/Model:": "Logitech G Pro X", "Màu sắc:": "Đen", "Kiểu tai nghe:": "Over-ear", "Kiểu kết nối:": "Có dây (dây cao su)", "LED:": "Không", "Chuẩn kết nối:": "3.5 mm / USB Type-A", "Microphone:": "Có thể tháo rời", "Trở kháng:": "35 Ohm", "Tần số:": "20Hz - 20KHz", "Khả năng cách âm:": "Có", "Chất liệu khung:": "Hợp kim", "Chất liệu đệm tai nghe:": "Da mềm", "Phụ kiện đi kèm:": "Hướng dẫn sử dụng, Cặp cúp đệm tai vải thoáng, USB sound card, Dây chia tín hiệu 1-to-2 3.5mm, Mic rời, Túi đựng", "Tương thích:": "Windows / MacOS", "Chức năng đặc biệt:": "Trang bị sound card rời"}',
        'Tai nghe Logitech G Pro X Gaming Black là một thiết bị âm thanh cao cấp, được thiết kế đặc biệt cho game thủ chuyên nghiệp, mang đến trải nghiệm âm thanh đỉnh cao và sự thoải mái tối ưu trong những trận chiến game kéo dài. Với màng loa Blue VO!CE tiên tiến, chiếc tai nghe này tái tạo âm thanh với độ chi tiết tuyệt vời, từ những bước chân nhỏ nhất đến tiếng súng vang dội, giúp bạn phản ứng nhanh nhạy và chiếm lợi thế trong mọi tình huống. Công nghệ microphone condenser rời chất lượng phòng thu, cùng bộ lọc Blue VO!CE, giúp giọng nói của bạn trở nên rõ ràng, chuyên nghiệp và loại bỏ tiếng ồn xung quanh hiệu quả, đảm bảo đồng đội luôn nghe rõ mệnh lệnh của bạn. Thiết kế earcup bọc da và mút hoạt tính mang lại cảm giác êm ái, không gây áp lực lên tai, ngay cả khi sử dụng trong thời gian dài. Khung tai nghe bằng thép và nylon gia cố bằng sợi thủy tinh đảm bảo độ bền bỉ và chắc chắn, sẵn sàng đồng hành cùng bạn qua mọi thử thách. Ngoài ra, Logitech G Pro X còn có khả năng tùy chỉnh âm thanh mạnh mẽ thông qua phần mềm G HUB, cho phép bạn điều chỉnh EQ, hiệu ứng âm thanh và cài đặt microphone theo sở thích cá nhân, tạo nên không gian âm thanh độc đáo của riêng mình. Chuẩn kết nối 3.5mm đa năng tương thích với nhiều thiết bị chơi game như PC, PlayStation, Xbox, Nintendo Switch và các thiết bị di động. Tai nghe Logitech G Pro X Gaming Black không chỉ là một phụ kiện, mà còn là một vũ khí bí mật giúp bạn nâng tầm trải nghiệm game và chinh phục mọi mục tiêu.',
        1, 'https://product.hstatic.net/200000722513/product/gvn_logitech_prox_79c556630c454086baf1bee06c577ab7_3471d9d886fd4dbe8ab5ae6bed9f4d78.png'
    );
INSERT INTO product_category (product_id, category_id) VALUES (136, 24);
INSERT INTO product_variant (
        product_id, name, seo_name, supplier_id, price, price_sale, quantity, sku, model, barcode, 
        specifications, description, warranty, image_url, release_at, created_by)
        VALUES ( 136, 'Tai nghe Logitech G Pro X Gaming Black', 'tai-nghe-logitech-g-pro-x',
            1, 2990000, 2350000, 10, 'TAI-LOG-G-PRO-X',
            'TAI-LOG-G-PRO-X', 'TAI-LOG-G-PRO-X',
            '{"Thương hiệu:": "Logitech", "Bảo hành:": "24 tháng", "Series/Model:": "Logitech G Pro X", "Màu sắc:": "Đen", "Kiểu tai nghe:": "Over-ear", "Kiểu kết nối:": "Có dây (dây cao su)", "LED:": "Không", "Chuẩn kết nối:": "3.5 mm / USB Type-A", "Microphone:": "Có thể tháo rời", "Trở kháng:": "35 Ohm", "Tần số:": "20Hz - 20KHz", "Khả năng cách âm:": "Có", "Chất liệu khung:": "Hợp kim", "Chất liệu đệm tai nghe:": "Da mềm", "Phụ kiện đi kèm:": "Hướng dẫn sử dụng, Cặp cúp đệm tai vải thoáng, USB sound card, Dây chia tín hiệu 1-to-2 3.5mm, Mic rời, Túi đựng", "Tương thích:": "Windows / MacOS", "Chức năng đặc biệt:": "Trang bị sound card rời"}',
            'Tai nghe Logitech G Pro X Gaming Black là một thiết bị âm thanh cao cấp, được thiết kế đặc biệt cho game thủ chuyên nghiệp, mang đến trải nghiệm âm thanh đỉnh cao và sự thoải mái tối ưu trong những trận chiến game kéo dài. Với màng loa Blue VO!CE tiên tiến, chiếc tai nghe này tái tạo âm thanh với độ chi tiết tuyệt vời, từ những bước chân nhỏ nhất đến tiếng súng vang dội, giúp bạn phản ứng nhanh nhạy và chiếm lợi thế trong mọi tình huống. Công nghệ microphone condenser rời chất lượng phòng thu, cùng bộ lọc Blue VO!CE, giúp giọng nói của bạn trở nên rõ ràng, chuyên nghiệp và loại bỏ tiếng ồn xung quanh hiệu quả, đảm bảo đồng đội luôn nghe rõ mệnh lệnh của bạn. Thiết kế earcup bọc da và mút hoạt tính mang lại cảm giác êm ái, không gây áp lực lên tai, ngay cả khi sử dụng trong thời gian dài. Khung tai nghe bằng thép và nylon gia cố bằng sợi thủy tinh đảm bảo độ bền bỉ và chắc chắn, sẵn sàng đồng hành cùng bạn qua mọi thử thách. Ngoài ra, Logitech G Pro X còn có khả năng tùy chỉnh âm thanh mạnh mẽ thông qua phần mềm G HUB, cho phép bạn điều chỉnh EQ, hiệu ứng âm thanh và cài đặt microphone theo sở thích cá nhân, tạo nên không gian âm thanh độc đáo của riêng mình. Chuẩn kết nối 3.5mm đa năng tương thích với nhiều thiết bị chơi game như PC, PlayStation, Xbox, Nintendo Switch và các thiết bị di động. Tai nghe Logitech G Pro X Gaming Black không chỉ là một phụ kiện, mà còn là một vũ khí bí mật giúp bạn nâng tầm trải nghiệm game và chinh phục mọi mục tiêu.',
            24, 'https://product.hstatic.net/200000722513/product/gvn_logitech_prox_79c556630c454086baf1bee06c577ab7_3471d9d886fd4dbe8ab5ae6bed9f4d78.png', '2023-06-02T11:43:51+00:00',1);
        
INSERT INTO product_image (name, product_variant_id, image_url, is_main)
VALUES
    ('Ảnh 1', 136, 'https://product.hstatic.net/200000722513/product/gvn_logitech_prox_79c556630c454086baf1bee06c577ab7_3471d9d886fd4dbe8ab5ae6bed9f4d78.png', TRUE),
    ('Ảnh 2', 136, 'https://product.hstatic.net/200000722513/product/51nqoygfx3l._sl1000__f5a0c8d4079a47799d1c5a50b74ceac5_5945f67f3c3d4621a84eaf37ccbe1ceb.jpg', FALSE),
    ('Ảnh 3', 136, 'https://product.hstatic.net/200000722513/product/61ho8y-aa6l._sl1000__2c02d350aa4a4dcf8903185ac7a7c4e3_b581dcee30f5483685c3838407e56278.jpg', FALSE),
    ('Ảnh 4', 136, 'https://product.hstatic.net/200000722513/product/51fqrrmr-3l._sl1000__4030abd1b09949b3a7eaa6f8cec45767_16a3482a508049ddab600d5094275ac3.jpg', FALSE),
    ('Ảnh 5', 136, 'https://product.hstatic.net/200000722513/product/61p7chbqoxl._sl1000__c6e1960ee6664d25b06ed01ad9ae8c81_a9b6322ef0a1428ca038685d494ca853.jpg', FALSE),
    ('Ảnh 6', 136, 'https://product.hstatic.net/200000722513/product/61yiski6zul._sl1000__e6fc3f57e32d46b0b85d34fc976d4ee4_d8684ddfff1b4519acbf53a2c75af167.jpg', FALSE);
---
INSERT INTO product (name, seo_name, brand_id, specifications, description, created_by, image_url) 
    VALUES (
        'Tai nghe Kingston HyperX Cloud Stinger S 7.1', 'tai-nghe-kingston-hyperx-cloud-stinger-s-7-1', 41,
        '{"Thương hiệu:": "Kingston HyperX", "Bảo hành:": "24 tháng", "Series/Model:": "Cloud Stinger S 7.1", "Màu sắc:": "Đen", "Kiểu tai nghe:": "Over-ear", "Kiểu kết nối:": "Có dây", "LED:": "Không", "Chuẩn kết nối:": "3.5 mm / USB Type-A", "Microphone:": "Có thể gấp gọn để tắt tiếng", "Trở kháng:": "32 Ohm", "Tần số:": "20Hz - 20KHz", "Khả năng cách âm:": "Có", "Chất liệu khung:": "Hợp kim", "Chất liệu đệm tai nghe:": "Da mềm", "Phụ kiện đi kèm:": "Hướng dẫn sử dụng, Cáp chuyển đổi 3.5mm sang USB Type-A", "Tương thích:": "Windows / MacOS", "Chức năng đặc biệt:": "Giả lập âm thanh 7.1"}',
        'Tai nghe Kingston HyperX Cloud Stinger S 7.1 là lựa chọn hoàn hảo cho game thủ yêu thích trải nghiệm âm thanh vòm sống động và chân thực. Với công nghệ âm thanh vòm 7.1 ảo, sản phẩm mang đến khả năng định vị âm thanh chính xác, giúp bạn dễ dàng nắm bắt mọi diễn biến trong game, từ tiếng bước chân kẻ địch đến những vụ nổ hoành tráng.\n\nThiết kế của Cloud Stinger S 7.1 chú trọng đến sự thoải mái khi sử dụng trong thời gian dài. Earcup xoay 90 độ giúp tai nghe vừa vặn với mọi kích cỡ đầu, trong khi đệm tai bằng bọt hoạt tính mềm mại và headband có thể điều chỉnh mang lại cảm giác êm ái, không gây áp lực. Khung thép chắc chắn đảm bảo độ bền bỉ cho sản phẩm.\n\nMicro khử tiếng ồn tích hợp giúp giọng nói của bạn luôn rõ ràng trong các cuộc giao tiếp đồng đội, đồng thời tính năng bật tắt micro thông minh bằng cách gạt lên giúp bạn nhanh chóng ngắt tiếng khi không cần thiết. Với trình điều khiển âm thanh 50mm, tai nghe tái tạo âm thanh chi tiết, cân bằng, từ những nốt trầm mạnh mẽ đến những âm cao trong trẻo. Giao diện USB đơn giản, tiện lợi, tương thích với nhiều nền tảng chơi game như PC, PlayStation, Xbox.\n\nKingston HyperX Cloud Stinger S 7.1 không chỉ là một chiếc tai nghe, mà còn là người bạn đồng hành đắc lực, nâng tầm trải nghiệm giải trí của bạn lên một tầm cao mới.',
        1, 'https://product.hstatic.net/200000722513/product/gston-hyperx-cloud-stinger-s-7-1-6666_ad27879d171549aa857f383812cc77b8_4995365e15f34def9dc33d0016785046.jpg'
    );
INSERT INTO product_category (product_id, category_id) VALUES (137, 24);
INSERT INTO product_variant (
        product_id, name, seo_name, supplier_id, price, price_sale, quantity, sku, model, barcode, 
        specifications, description, warranty, image_url, release_at, created_by)
        VALUES ( 137, 'Tai nghe Kingston HyperX Cloud Stinger S 7.1', 'tai-nghe-kingston-hyperx-cloud-stinger-s-7-1',
            1, 1590000, 1470000, 10, 'TAI-KING-HYP-CLO-STI-S',
            'TAI-KING-HYP-CLO-STI-S', 'TAI-KING-HYP-CLO-STI-S',
            '{"Thương hiệu:": "Kingston HyperX", "Bảo hành:": "24 tháng", "Series/Model:": "Cloud Stinger S 7.1", "Màu sắc:": "Đen", "Kiểu tai nghe:": "Over-ear", "Kiểu kết nối:": "Có dây", "LED:": "Không", "Chuẩn kết nối:": "3.5 mm / USB Type-A", "Microphone:": "Có thể gấp gọn để tắt tiếng", "Trở kháng:": "32 Ohm", "Tần số:": "20Hz - 20KHz", "Khả năng cách âm:": "Có", "Chất liệu khung:": "Hợp kim", "Chất liệu đệm tai nghe:": "Da mềm", "Phụ kiện đi kèm:": "Hướng dẫn sử dụng, Cáp chuyển đổi 3.5mm sang USB Type-A", "Tương thích:": "Windows / MacOS", "Chức năng đặc biệt:": "Giả lập âm thanh 7.1"}',
            'Tai nghe Kingston HyperX Cloud Stinger S 7.1 là lựa chọn hoàn hảo cho game thủ yêu thích trải nghiệm âm thanh vòm sống động và chân thực. Với công nghệ âm thanh vòm 7.1 ảo, sản phẩm mang đến khả năng định vị âm thanh chính xác, giúp bạn dễ dàng nắm bắt mọi diễn biến trong game, từ tiếng bước chân kẻ địch đến những vụ nổ hoành tráng.\n\nThiết kế của Cloud Stinger S 7.1 chú trọng đến sự thoải mái khi sử dụng trong thời gian dài. Earcup xoay 90 độ giúp tai nghe vừa vặn với mọi kích cỡ đầu, trong khi đệm tai bằng bọt hoạt tính mềm mại và headband có thể điều chỉnh mang lại cảm giác êm ái, không gây áp lực. Khung thép chắc chắn đảm bảo độ bền bỉ cho sản phẩm.\n\nMicro khử tiếng ồn tích hợp giúp giọng nói của bạn luôn rõ ràng trong các cuộc giao tiếp đồng đội, đồng thời tính năng bật tắt micro thông minh bằng cách gạt lên giúp bạn nhanh chóng ngắt tiếng khi không cần thiết. Với trình điều khiển âm thanh 50mm, tai nghe tái tạo âm thanh chi tiết, cân bằng, từ những nốt trầm mạnh mẽ đến những âm cao trong trẻo. Giao diện USB đơn giản, tiện lợi, tương thích với nhiều nền tảng chơi game như PC, PlayStation, Xbox.\n\nKingston HyperX Cloud Stinger S 7.1 không chỉ là một chiếc tai nghe, mà còn là người bạn đồng hành đắc lực, nâng tầm trải nghiệm giải trí của bạn lên một tầm cao mới.',
            24, 'https://product.hstatic.net/200000722513/product/gston-hyperx-cloud-stinger-s-7-1-6666_ad27879d171549aa857f383812cc77b8_4995365e15f34def9dc33d0016785046.jpg', '2023-06-03T07:31:56+00:00',1);
        
INSERT INTO product_image (name, product_variant_id, image_url, is_main)
VALUES
    ('Ảnh 1', 137, 'https://product.hstatic.net/200000722513/product/gston-hyperx-cloud-stinger-s-7-1-6666_ad27879d171549aa857f383812cc77b8_4995365e15f34def9dc33d0016785046.jpg', TRUE),
    ('Ảnh 2', 137, 'https://product.hstatic.net/200000722513/product/kingston-hyperx-cloud-stinger-s-7-1-5_056682baac634c08b0348b1dafc0cbb0_5d76cc9ed4934da68827a359b70681d7.jpg', FALSE),
    ('Ảnh 3', 137, 'https://product.hstatic.net/200000722513/product/kingston-hyperx-cloud-stinger-s-7-1-3_05cb44fca1c84b76942ab28ceb68c3e3_d0fd8bdaa55b4b909bb2691dd1cf4755.jpg', FALSE),
    ('Ảnh 4', 137, 'https://product.hstatic.net/200000722513/product/kingston-hyperx-cloud-stinger-s-7-1-4_1643bfc0ccd2404c8f3ce467769ad8af_603b6a49b1a246868428f70d3cb058d7.jpg', FALSE),
    ('Ảnh 5', 137, 'https://product.hstatic.net/200000722513/product/kingston-hyperx-cloud-stinger-s-7-1-2_256b82e8e1fe480099ec8f1347b1a434_45a2554c656d443fbb1761439fabd1c4.jpg', FALSE),
    ('Ảnh 6', 137, 'https://product.hstatic.net/200000722513/product/kingston-hyperx-cloud-stinger-s-7-1-1_3880b339f0704a12ac00fb37f0e995f6_0927d45e12434ddb84167966ef710d59.jpg', FALSE),
    ('Ảnh 7', 137, 'https://product.hstatic.net/200000722513/product/kingston-hyperx-cloud-stinger-s-7-1-6_9dbe3a9a2d2042b0a1a83b06a95b6ac1_a243d06d39424293a7912d8533160145.jpg', FALSE);
---
INSERT INTO product (name, seo_name, brand_id, specifications, description, created_by, image_url) 
    VALUES (
        'Tai nghe DareU EH925 7.1 RGB', 'dareu-eh925-7-1-rgb', 25,
        '{"Nhà Sản Xuất": "Dare-U", "Tình Trạng": "Mới 100% - Fullbox", "Bảo Hành": "12 tháng", "Màu sắc": "Đen", "Led": "RGB", "LED": "RGB 16.8 triệu màu", "Driver": "Φ53mm", "Hiệu ứng": "giả lập 7.1", "Kết nối": "USB", "Đệm tai": "da mềm", "Headband": "kim loại", "Frequency Range": "20Hz-20KHz", "Dây": "2.0m", "Trọng lượng": "300 +/- 10g"}',
        'Trải nghiệm đỉnh cao thế giới âm thanh sống động với Tai nghe DareU EH925 7.1 RGB – chiến hữu không thể thiếu cho mọi game thủ và tín đồ giải trí. Được thiết kế để đưa bạn thẳng vào trung tâm của hành động, EH925 nổi bật với công nghệ âm thanh vòm 7.1 giả lập, mang đến khả năng định vị chính xác mọi tiếng bước chân, tiếng súng hay hiệu ứng môi trường, giúp bạn chiếm ưu thế trong mọi trận chiến và đắm chìm hoàn toàn vào thế giới game. Không chỉ ấn tượng về âm thanh, DareU EH925 còn là một tác phẩm nghệ thuật công nghệ với hệ thống đèn nền RGB rực rỡ, tùy biến theo sở thích, tạo nên phong cách độc đáo và cá tính cho không gian gaming của bạn. Cảm giác đeo thoải mái tối đa là ưu tiên hàng đầu: cặp đệm tai êm ái, bọc da cao cấp cùng headband tự điều chỉnh linh hoạt, đảm bảo bạn có thể chơi game hay thưởng thức âm nhạc hàng giờ liền mà không hề khó chịu. Microphone tích hợp có khả năng lọc nhiễu hiệu quả, đảm bảo giọng nói của bạn luôn rõ ràng và sắc nét khi giao tiếp với đồng đội, giúp mọi chiến thuật được truyền đạt một cách trôi chảy. Với khung tai nghe bền bỉ và chất lượng hoàn thiện cao, DareU EH925 7.1 RGB không chỉ là một chiếc tai nghe, mà còn là một khoản đầu tư xứng đáng cho trải nghiệm giải trí không giới hạn và phong cách gaming đỉnh cao.',
        1, 'https://product.hstatic.net/200000722513/product/dareu-eh925-gearvn_ca015d4a5b7c4be4b7c2bbfe96930860.jpg'
    );
INSERT INTO product_category (product_id, category_id) VALUES (138, 24);
INSERT INTO product_variant (
        product_id, name, seo_name, supplier_id, price, price_sale, quantity, sku, model, barcode, 
        specifications, description, warranty, image_url, release_at, created_by)
        VALUES ( 138, 'Tai nghe DareU EH925 7.1 RGB', 'dareu-eh925-7-1-rgb',
            1, 990000, 790000, 10, 'TAI-DAR-EH925-RGB',
            'TAI-DAR-EH925-RGB', 'TAI-DAR-EH925-RGB',
            '{"Nhà Sản Xuất": "Dare-U", "Tình Trạng": "Mới 100% - Fullbox", "Bảo Hành": "12 tháng", "Màu sắc": "Đen", "Led": "RGB", "LED": "RGB 16.8 triệu màu", "Driver": "Φ53mm", "Hiệu ứng": "giả lập 7.1", "Kết nối": "USB", "Đệm tai": "da mềm", "Headband": "kim loại", "Frequency Range": "20Hz-20KHz", "Dây": "2.0m", "Trọng lượng": "300 +/- 10g"}',
            'Trải nghiệm đỉnh cao thế giới âm thanh sống động với Tai nghe DareU EH925 7.1 RGB – chiến hữu không thể thiếu cho mọi game thủ và tín đồ giải trí. Được thiết kế để đưa bạn thẳng vào trung tâm của hành động, EH925 nổi bật với công nghệ âm thanh vòm 7.1 giả lập, mang đến khả năng định vị chính xác mọi tiếng bước chân, tiếng súng hay hiệu ứng môi trường, giúp bạn chiếm ưu thế trong mọi trận chiến và đắm chìm hoàn toàn vào thế giới game. Không chỉ ấn tượng về âm thanh, DareU EH925 còn là một tác phẩm nghệ thuật công nghệ với hệ thống đèn nền RGB rực rỡ, tùy biến theo sở thích, tạo nên phong cách độc đáo và cá tính cho không gian gaming của bạn. Cảm giác đeo thoải mái tối đa là ưu tiên hàng đầu: cặp đệm tai êm ái, bọc da cao cấp cùng headband tự điều chỉnh linh hoạt, đảm bảo bạn có thể chơi game hay thưởng thức âm nhạc hàng giờ liền mà không hề khó chịu. Microphone tích hợp có khả năng lọc nhiễu hiệu quả, đảm bảo giọng nói của bạn luôn rõ ràng và sắc nét khi giao tiếp với đồng đội, giúp mọi chiến thuật được truyền đạt một cách trôi chảy. Với khung tai nghe bền bỉ và chất lượng hoàn thiện cao, DareU EH925 7.1 RGB không chỉ là một chiếc tai nghe, mà còn là một khoản đầu tư xứng đáng cho trải nghiệm giải trí không giới hạn và phong cách gaming đỉnh cao.',
            12, 'https://product.hstatic.net/200000722513/product/dareu-eh925-gearvn_ca015d4a5b7c4be4b7c2bbfe96930860.jpg', '2023-06-03T03:20:39+00:00',1);
        
INSERT INTO product_image (name, product_variant_id, image_url, is_main)
VALUES
    ('Ảnh 1', 138, 'https://product.hstatic.net/200000722513/product/dareu-eh925-gearvn_ca015d4a5b7c4be4b7c2bbfe96930860.jpg', TRUE),
    ('Ảnh 2', 138, 'https://product.hstatic.net/200000722513/product/dareu-eh925-gearvn-1_356246d7ab944241a865ce88c7cfb7af.jpg', FALSE);
---
INSERT INTO product (name, seo_name, brand_id, specifications, description, created_by, image_url) 
    VALUES (
        'Tai nghe HyperX Cloud Core Wireless', 'tai-nghe-hyperx-cloud-core-wireless', 27,
        '{"Kiểu tai nghe": "Over-ear", "Trọng lượng": "283 g", "Tần số": "10 Hz – 21 kHz", "Chụp tai": "Mút hoạt tính", "Pin": "Pin sạc", "Kết nối": "Wireless 2.4 GHz", "Tổng độ biến dạng sóng hài": "≤ 1%", "Trở kháng": "60 Ω", "Model": "HyperX Cloud Core Wireless", "Độ nhạy": "99 dBSPL/mW ở 1 kHz", "Thương hiệu": "Kingston", "Loại khung": "Nhôm"}',
        'Tai nghe HyperX Cloud Core Wireless mang đến trải nghiệm âm thanh không dây đỉnh cao, kết hợp sự thoải mái vượt trội và chất lượng âm thanh trung thực, giúp bạn đắm chìm hoàn toàn vào thế giới game và giải trí. Với công nghệ không dây 2.4GHz mạnh mẽ, tai nghe cung cấp kết nối ổn định và độ trễ thấp, đảm bảo mọi âm thanh đều được truyền tải một cách mượt mà và chính xác, giúp bạn phản ứng nhanh nhạy trong mọi tình huống. Đệm tai bằng mút hoạt tính (memory foam) cao cấp, bọc da mềm mại, cùng với phần đệm đầu có thể điều chỉnh, mang đến cảm giác êm ái, dễ chịu ngay cả khi sử dụng trong thời gian dài. Thiết kế gọng tai nghe chắc chắn, bền bỉ, phù hợp với mọi đối tượng game thủ. Driver Neodymium đường kính 53mm cho âm thanh sống động, rõ ràng với âm bass mạnh mẽ và âm treble sắc nét, giúp bạn nghe rõ từng bước chân, tiếng súng hay những giai điệu du dương. Microphone chống ồn có thể tháo rời, cho phép bạn giao tiếp rõ ràng với đồng đội hoặc loại bỏ khi không sử dụng. Thời lượng pin ấn tượng lên đến 80 giờ cho mỗi lần sạc đầy, bạn có thể thoải mái chơi game, xem phim hay nghe nhạc mà không lo gián đoạn. Khả năng tương thích rộng rãi với PC, PlayStation, Nintendo Switch và các thiết bị di động khác thông qua bộ chuyển đổi USB. HyperX Cloud Core Wireless không chỉ là một chiếc tai nghe, mà còn là người bạn đồng hành lý tưởng cho mọi nhu cầu giải trí của bạn.',
        1, 'https://product.hstatic.net/200000722513/product/hx-features-cloud-core-wireless_70150d6fc8b84627ad8f59a875a66d79_9b412bd5d9794286a8484bdefde44883.jpg'
    );
INSERT INTO product_category (product_id, category_id) VALUES (139, 24);
INSERT INTO product_variant (
        product_id, name, seo_name, supplier_id, price, price_sale, quantity, sku, model, barcode, 
        specifications, description, warranty, image_url, release_at, created_by)
        VALUES ( 139, 'Tai nghe HyperX Cloud Core Wireless', 'tai-nghe-hyperx-cloud-core-wireless',
            1, 2590000, 1990000, 10, 'TAI-HYPER-X-CLOUD-CORE-WL',
            'TAI-HYPER-X-CLOUD-CORE-WL', 'TAI-HYPER-X-CLOUD-CORE-WL',
            '{"Kiểu tai nghe": "Over-ear", "Trọng lượng": "283 g", "Tần số": "10 Hz – 21 kHz", "Chụp tai": "Mút hoạt tính", "Pin": "Pin sạc", "Kết nối": "Wireless 2.4 GHz", "Tổng độ biến dạng sóng hài": "≤ 1%", "Trở kháng": "60 Ω", "Model": "HyperX Cloud Core Wireless", "Độ nhạy": "99 dBSPL/mW ở 1 kHz", "Thương hiệu": "Kingston", "Loại khung": "Nhôm"}',
            'Tai nghe HyperX Cloud Core Wireless mang đến trải nghiệm âm thanh không dây đỉnh cao, kết hợp sự thoải mái vượt trội và chất lượng âm thanh trung thực, giúp bạn đắm chìm hoàn toàn vào thế giới game và giải trí. Với công nghệ không dây 2.4GHz mạnh mẽ, tai nghe cung cấp kết nối ổn định và độ trễ thấp, đảm bảo mọi âm thanh đều được truyền tải một cách mượt mà và chính xác, giúp bạn phản ứng nhanh nhạy trong mọi tình huống. Đệm tai bằng mút hoạt tính (memory foam) cao cấp, bọc da mềm mại, cùng với phần đệm đầu có thể điều chỉnh, mang đến cảm giác êm ái, dễ chịu ngay cả khi sử dụng trong thời gian dài. Thiết kế gọng tai nghe chắc chắn, bền bỉ, phù hợp với mọi đối tượng game thủ. Driver Neodymium đường kính 53mm cho âm thanh sống động, rõ ràng với âm bass mạnh mẽ và âm treble sắc nét, giúp bạn nghe rõ từng bước chân, tiếng súng hay những giai điệu du dương. Microphone chống ồn có thể tháo rời, cho phép bạn giao tiếp rõ ràng với đồng đội hoặc loại bỏ khi không sử dụng. Thời lượng pin ấn tượng lên đến 80 giờ cho mỗi lần sạc đầy, bạn có thể thoải mái chơi game, xem phim hay nghe nhạc mà không lo gián đoạn. Khả năng tương thích rộng rãi với PC, PlayStation, Nintendo Switch và các thiết bị di động khác thông qua bộ chuyển đổi USB. HyperX Cloud Core Wireless không chỉ là một chiếc tai nghe, mà còn là người bạn đồng hành lý tưởng cho mọi nhu cầu giải trí của bạn.',
            24, 'https://product.hstatic.net/200000722513/product/hx-features-cloud-core-wireless_70150d6fc8b84627ad8f59a875a66d79_9b412bd5d9794286a8484bdefde44883.jpg', '2023-06-02T16:18:55+00:00',1);
        
INSERT INTO product_image (name, product_variant_id, image_url, is_main)
VALUES
    ('Ảnh 1', 139, 'https://product.hstatic.net/200000722513/product/hx-features-cloud-core-wireless_70150d6fc8b84627ad8f59a875a66d79_9b412bd5d9794286a8484bdefde44883.jpg', TRUE);
---
INSERT INTO product (name, seo_name, brand_id, specifications, description, created_by, image_url) 
    VALUES (
        'Tai nghe Apple AirPods Max Pink', 'tai-nghe-apple-airpods-max-pink', 2,
        '{"Màu sắc": "Hồng", "Công nghệ âm thanh": "Trình điều khiển động do Apple thiết kế, Chủ Động Khử Tiếng Ồn Pro, Chế độ Xuyên Âm, Chế độ Âm Thanh Không Gian Cá Nhân Hóa với theo dõi chuyển động đầu, EQ Thích Ứng", "Micro": "8 mic cho Chủ Động Khử Tiếng Ồn, 3 mic cho nhận diện giọng nói", "Tính năng": "Chống ồn, Xuyên âm, Có mic đàm thoại", "Bluetooth": "5.0", "Dung lượng pin": "20 giờ", "Cổng sạc": "USB-C", "Thời gian sạc": "2 giờ", "Tính năng khác": "Sạc nhanh", "Chipset": "Chip tai nghe Apple H1", "Kích thước": "168.6 x 187.3 x 83.4 mm", "Trọng lượng": "386.2 g", "Hãng sản xuất": "Apple Chính hãng", "Cảm biến": "Cảm biến quang học mỗi bên, cảm biến vị trí mỗi bên, cảm biến phát hiện hộp mỗi bên, gia tốc kế mỗi bên, con quay hồi chuyển củ tai bên trái"}',
        'Tai nghe Apple AirPods Max Pink là một kiệt tác về âm thanh và thiết kế, mang đến trải nghiệm nghe nhạc đỉnh cao với sự kết hợp hoàn hảo giữa chất lượng âm thanh tuyệt hảo, vật liệu cao cấp và các tính năng thông minh. Phiên bản màu Hồng (Pink) thời thượng, trẻ trung, thể hiện cá tính và phong cách riêng của người dùng.\n\nMàng loa dynamic do Apple thiết kế riêng tạo nên âm bass sâu lắng, âm trung rõ nét và âm cao trong trẻo, tái hiện mọi chi tiết âm nhạc một cách sống động. Công nghệ Chống ồn chủ động (Active Noise Cancellation) loại bỏ hoàn toàn tiếng ồn xung quanh, cho phép bạn đắm chìm vào thế giới âm nhạc của riêng mình. Chế độ Xuyên âm (Transparency mode) cho phép bạn nghe rõ môi trường xung quanh mà không cần tháo tai nghe, rất tiện lợi khi cần giao tiếp hoặc chú ý đến các cảnh báo.\n\nChip Apple H1 với 10 nhân xử lý âm thanh mang lại hiệu năng vượt trội, xử lý âm thanh theo thời gian thực và hỗ trợ Âm thanh không gian (Spatial Audio) với tính năng theo dõi chuyển động đầu, tạo ra hiệu ứng âm thanh vòm sống động như đang ở trong rạp hát.\n\nThiết kế sang trọng với chụp tai bằng nhôm anodized, khung thép không gỉ và đệm tai bằng vải lưới cao cấp mang lại cảm giác đeo thoải mái suốt cả ngày. Tai nghe có thể sử dụng lên đến 20 giờ với tính năng Chống ồn chủ động và sạc nhanh chóng. Hộp đựng Smart Case giúp bảo quản và tiết kiệm pin hiệu quả.\n\nAirPods Max Pink là lựa chọn lý tưởng cho những ai yêu thích âm nhạc, đam mê công nghệ và muốn sở hữu một thiết bị âm thanh thời trang, đẳng cấp.',
        1, 'https://product.hstatic.net/200000722513/product/airpods-max-select-pink-202011_dfe301984a024ab49fa3b791a0641a49_82b09fcd6cae45ed8003d508484d117a.png'
    );
INSERT INTO product_category (product_id, category_id) VALUES (140, 60);
INSERT INTO product_variant (
        product_id, name, seo_name, supplier_id, price, price_sale, quantity, sku, model, barcode, 
        specifications, description, warranty, image_url, release_at, created_by)
        VALUES ( 140, 'Tai nghe Apple AirPods Max Pink', 'tai-nghe-apple-airpods-max-pink',
            1, 13990000, 12290000, 10, 'TAI-APPLE-AIRPODS-MAX-PINK',
            'TAI-APPLE-AIRPODS-MAX-PINK', 'TAI-APPLE-AIRPODS-MAX-PINK',
            '{"Màu sắc": "Hồng", "Công nghệ âm thanh": "Trình điều khiển động do Apple thiết kế, Chủ Động Khử Tiếng Ồn Pro, Chế độ Xuyên Âm, Chế độ Âm Thanh Không Gian Cá Nhân Hóa với theo dõi chuyển động đầu, EQ Thích Ứng", "Micro": "8 mic cho Chủ Động Khử Tiếng Ồn, 3 mic cho nhận diện giọng nói", "Tính năng": "Chống ồn, Xuyên âm, Có mic đàm thoại", "Bluetooth": "5.0", "Dung lượng pin": "20 giờ", "Cổng sạc": "USB-C", "Thời gian sạc": "2 giờ", "Tính năng khác": "Sạc nhanh", "Chipset": "Chip tai nghe Apple H1", "Kích thước": "168.6 x 187.3 x 83.4 mm", "Trọng lượng": "386.2 g", "Hãng sản xuất": "Apple Chính hãng", "Cảm biến": "Cảm biến quang học mỗi bên, cảm biến vị trí mỗi bên, cảm biến phát hiện hộp mỗi bên, gia tốc kế mỗi bên, con quay hồi chuyển củ tai bên trái"}',
            'Tai nghe Apple AirPods Max Pink là một kiệt tác về âm thanh và thiết kế, mang đến trải nghiệm nghe nhạc đỉnh cao với sự kết hợp hoàn hảo giữa chất lượng âm thanh tuyệt hảo, vật liệu cao cấp và các tính năng thông minh. Phiên bản màu Hồng (Pink) thời thượng, trẻ trung, thể hiện cá tính và phong cách riêng của người dùng.\n\nMàng loa dynamic do Apple thiết kế riêng tạo nên âm bass sâu lắng, âm trung rõ nét và âm cao trong trẻo, tái hiện mọi chi tiết âm nhạc một cách sống động. Công nghệ Chống ồn chủ động (Active Noise Cancellation) loại bỏ hoàn toàn tiếng ồn xung quanh, cho phép bạn đắm chìm vào thế giới âm nhạc của riêng mình. Chế độ Xuyên âm (Transparency mode) cho phép bạn nghe rõ môi trường xung quanh mà không cần tháo tai nghe, rất tiện lợi khi cần giao tiếp hoặc chú ý đến các cảnh báo.\n\nChip Apple H1 với 10 nhân xử lý âm thanh mang lại hiệu năng vượt trội, xử lý âm thanh theo thời gian thực và hỗ trợ Âm thanh không gian (Spatial Audio) với tính năng theo dõi chuyển động đầu, tạo ra hiệu ứng âm thanh vòm sống động như đang ở trong rạp hát.\n\nThiết kế sang trọng với chụp tai bằng nhôm anodized, khung thép không gỉ và đệm tai bằng vải lưới cao cấp mang lại cảm giác đeo thoải mái suốt cả ngày. Tai nghe có thể sử dụng lên đến 20 giờ với tính năng Chống ồn chủ động và sạc nhanh chóng. Hộp đựng Smart Case giúp bảo quản và tiết kiệm pin hiệu quả.\n\nAirPods Max Pink là lựa chọn lý tưởng cho những ai yêu thích âm nhạc, đam mê công nghệ và muốn sở hữu một thiết bị âm thanh thời trang, đẳng cấp.',
            12, 'https://product.hstatic.net/200000722513/product/airpods-max-select-pink-202011_dfe301984a024ab49fa3b791a0641a49_82b09fcd6cae45ed8003d508484d117a.png', '2023-06-03T04:56:29+00:00',1);
        
INSERT INTO product_image (name, product_variant_id, image_url, is_main)
VALUES
    ('Ảnh 1', 140, 'https://product.hstatic.net/200000722513/product/airpods-max-select-pink-202011_dfe301984a024ab49fa3b791a0641a49_82b09fcd6cae45ed8003d508484d117a.png', TRUE),
    ('Ảnh 2', 140, 'https://product.hstatic.net/200000722513/product/cts-tai-nghe-apple-airpods-max-pink_2_20b76bc449ef4bf7b6595f0fa65f2f5a_2ebf904be4df4fe786db24660f75a114.jpg', FALSE),
    ('Ảnh 3', 140, 'https://product.hstatic.net/200000722513/product/cts-tai-nghe-apple-airpods-max-pink_3_5dedf68e80174689b024a07ba5683496_87fa52c2e460447f82b91d42e7b1cb0e.jpg', FALSE),
    ('Ảnh 4', 140, 'https://product.hstatic.net/200000722513/product/cts-tai-nghe-apple-airpods-max-pink_4_047a932ef5e745d1b2b140c476f53465_b4bdf9f8840c47a4a6779bfa41c14242.jpg', FALSE),
    ('Ảnh 5', 140, 'https://product.hstatic.net/200000722513/product/ducts-tai-nghe-apple-airpods-max-pink_50fb94765e0b46028eb45261ea11c46a_eb7379259a404cb18ec56ead66866967.jpg', FALSE),
    ('Ảnh 6', 140, 'https://product.hstatic.net/200000722513/product/cts-tai-nghe-apple-airpods-max-pink-7_1ecdb13f1f0a4969828522a928ec1d8c_af788059c15e49dc9ebecbc75e53937d.jpg', FALSE);
---
INSERT INTO product (name, seo_name, brand_id, specifications, description, created_by, image_url) 
    VALUES (
        'Tai nghe Apple AirPods Max Silver', 'tai-nghe-apple-airpods-max-silver', 2,
        '{"Màu sắc": "Hồng", "Công nghệ âm thanh": "Trình điều khiển động do Apple thiết kế, Chủ Động Khử Tiếng Ồn Pro, Chế độ Xuyên Âm, Chế độ Âm Thanh Không Gian Cá Nhân Hóa với theo dõi chuyển động đầu, EQ Thích Ứng", "Micro": "8 mic cho Chủ Động Khử Tiếng Ồn, 3 mic cho nhận diện giọng nói", "Tính năng": "Chống ồn, Xuyên âm, Có mic đàm thoại", "Bluetooth": "5.0", "Dung lượng pin": "20 giờ", "Cổng sạc": "USB-C", "Thời gian sạc": "2 giờ", "Tính năng khác": "Sạc nhanh", "Chipset": "Chip tai nghe Apple H1", "Kích thước": "168.6 x 187.3 x 83.4 mm", "Trọng lượng": "386.2 g", "Hãng sản xuất": "Apple Chính hãng", "Cảm biến": "Cảm biến quang học mỗi bên, cảm biến vị trí mỗi bên, cảm biến phát hiện hộp mỗi bên, gia tốc kế mỗi bên, con quay hồi chuyển củ tai bên trái"}',
        'Tai nghe Apple AirPods Max Silver mang đến trải nghiệm âm thanh đỉnh cao với thiết kế sang trọng và công nghệ tiên tiến. Vỏ ngoài được chế tác từ nhôm anot hóa cao cấp, mang lại cảm giác chắc chắn và tinh tế. Đệm tai bằng vải lưới kỹ thuật độc đáo giúp phân bổ trọng lượng đều, tạo sự thoải mái tối đa ngay cả khi đeo trong thời gian dài. Chip Apple H1 mạnh mẽ tích hợp trong mỗi củ tai cung cấp khả năng xử lý âm thanh vượt trội, tái tạo âm bass sâu lắng, âm trung rõ ràng và âm cao trong trẻo. Công nghệ Chống ồn chủ động (Active Noise Cancellation) tiên tiến loại bỏ tiếng ồn xung quanh hiệu quả, cho bạn đắm chìm hoàn toàn vào thế giới âm nhạc hoặc podcast yêu thích. Chế độ Xuyên âm (Transparency mode) cho phép bạn nghe rõ môi trường xung quanh mà không cần tháo tai nghe, rất tiện lợi khi giao tiếp hoặc di chuyển ngoài trời. Âm thanh không gian (Spatial Audio) với tính năng theo dõi động của đầu tạo ra trải nghiệm âm thanh vòm sống động như đang ngồi trong rạp chiếu phim. Thời lượng pin ấn tượng lên đến 20 giờ nghe nhạc liên tục với Chống ồn chủ động được bật. Thiết kế tối giản với núm điều khiển Digital Crown tiện lợi cho việc điều chỉnh âm lượng, chuyển bài hát, nhận cuộc gọi và kích hoạt Siri. Kết nối liền mạch với các thiết bị Apple khác thông qua Bluetooth 5.0. Đi kèm với Smart Case giúp bảo quản tai nghe và kích hoạt chế độ năng lượng cực thấp để tiết kiệm pin. AirPods Max Silver không chỉ là một chiếc tai nghe, mà còn là một tuyên ngôn về phong cách và công nghệ.',
        1, 'https://product.hstatic.net/200000722513/product/s-tai-nghe-apple-airpods-max-silver-1_c335893771684d899d80a4225669af23_c0931c1cc73840cd9ec4e3c1ef2871bb.png'
    );
INSERT INTO product_category (product_id, category_id) VALUES (141, 59);
INSERT INTO product_variant (
        product_id, name, seo_name, supplier_id, price, price_sale, quantity, sku, model, barcode, 
        specifications, description, warranty, image_url, release_at, created_by)
        VALUES ( 141, 'Tai nghe Apple AirPods Max Silver', 'tai-nghe-apple-airpods-max-silver',
            1, 13990000, 12290000, 10, 'TAI-APPLE-AIRPODS-MAX-SILVER',
            'TAI-APPLE-AIRPODS-MAX-SILVER', 'TAI-APPLE-AIRPODS-MAX-SILVER',
            '{"Màu sắc": "Hồng", "Công nghệ âm thanh": "Trình điều khiển động do Apple thiết kế, Chủ Động Khử Tiếng Ồn Pro, Chế độ Xuyên Âm, Chế độ Âm Thanh Không Gian Cá Nhân Hóa với theo dõi chuyển động đầu, EQ Thích Ứng", "Micro": "8 mic cho Chủ Động Khử Tiếng Ồn, 3 mic cho nhận diện giọng nói", "Tính năng": "Chống ồn, Xuyên âm, Có mic đàm thoại", "Bluetooth": "5.0", "Dung lượng pin": "20 giờ", "Cổng sạc": "USB-C", "Thời gian sạc": "2 giờ", "Tính năng khác": "Sạc nhanh", "Chipset": "Chip tai nghe Apple H1", "Kích thước": "168.6 x 187.3 x 83.4 mm", "Trọng lượng": "386.2 g", "Hãng sản xuất": "Apple Chính hãng", "Cảm biến": "Cảm biến quang học mỗi bên, cảm biến vị trí mỗi bên, cảm biến phát hiện hộp mỗi bên, gia tốc kế mỗi bên, con quay hồi chuyển củ tai bên trái"}',
            'Tai nghe Apple AirPods Max Silver mang đến trải nghiệm âm thanh đỉnh cao với thiết kế sang trọng và công nghệ tiên tiến. Vỏ ngoài được chế tác từ nhôm anot hóa cao cấp, mang lại cảm giác chắc chắn và tinh tế. Đệm tai bằng vải lưới kỹ thuật độc đáo giúp phân bổ trọng lượng đều, tạo sự thoải mái tối đa ngay cả khi đeo trong thời gian dài. Chip Apple H1 mạnh mẽ tích hợp trong mỗi củ tai cung cấp khả năng xử lý âm thanh vượt trội, tái tạo âm bass sâu lắng, âm trung rõ ràng và âm cao trong trẻo. Công nghệ Chống ồn chủ động (Active Noise Cancellation) tiên tiến loại bỏ tiếng ồn xung quanh hiệu quả, cho bạn đắm chìm hoàn toàn vào thế giới âm nhạc hoặc podcast yêu thích. Chế độ Xuyên âm (Transparency mode) cho phép bạn nghe rõ môi trường xung quanh mà không cần tháo tai nghe, rất tiện lợi khi giao tiếp hoặc di chuyển ngoài trời. Âm thanh không gian (Spatial Audio) với tính năng theo dõi động của đầu tạo ra trải nghiệm âm thanh vòm sống động như đang ngồi trong rạp chiếu phim. Thời lượng pin ấn tượng lên đến 20 giờ nghe nhạc liên tục với Chống ồn chủ động được bật. Thiết kế tối giản với núm điều khiển Digital Crown tiện lợi cho việc điều chỉnh âm lượng, chuyển bài hát, nhận cuộc gọi và kích hoạt Siri. Kết nối liền mạch với các thiết bị Apple khác thông qua Bluetooth 5.0. Đi kèm với Smart Case giúp bảo quản tai nghe và kích hoạt chế độ năng lượng cực thấp để tiết kiệm pin. AirPods Max Silver không chỉ là một chiếc tai nghe, mà còn là một tuyên ngôn về phong cách và công nghệ.',
            12, 'https://product.hstatic.net/200000722513/product/s-tai-nghe-apple-airpods-max-silver-1_c335893771684d899d80a4225669af23_c0931c1cc73840cd9ec4e3c1ef2871bb.png', '2023-06-03T04:56:38+00:00',1);
        
INSERT INTO product_image (name, product_variant_id, image_url, is_main)
VALUES
    ('Ảnh 1', 141, 'https://product.hstatic.net/200000722513/product/s-tai-nghe-apple-airpods-max-silver-1_c335893771684d899d80a4225669af23_c0931c1cc73840cd9ec4e3c1ef2871bb.png', TRUE),
    ('Ảnh 2', 141, 'https://product.hstatic.net/200000722513/product/s-tai-nghe-apple-airpods-max-silver-2_8bc74cc9dd7f44c9a9d2995cbbef3731_a81bc5fd471747c089c3e881bb9d9b26.jpg', FALSE),
    ('Ảnh 3', 141, 'https://product.hstatic.net/200000722513/product/s-tai-nghe-apple-airpods-max-silver-3_4cf2bde8bb144f45a49f426a99307d4b_d6328de72f7147898fa0f87e5cf3f4e4.jpg', FALSE),
    ('Ảnh 4', 141, 'https://product.hstatic.net/200000722513/product/s-tai-nghe-apple-airpods-max-silver-4_48fc2aedc7a34036b5cd4c49d8158798_675e2401f5cc4a258ee4b47818607bf7.jpg', FALSE),
    ('Ảnh 5', 141, 'https://product.hstatic.net/200000722513/product/s-tai-nghe-apple-airpods-max-silver-5_8270961d582e45febd1f4ce94ab21f79_b4131e7c86314b29952aa5688d2515af.jpg', FALSE),
    ('Ảnh 6', 141, 'https://product.hstatic.net/200000722513/product/s-tai-nghe-apple-airpods-max-silver-6_be861960350141fba41492386473a7e1_fbf60f35e9024521a1b12b31b1dd48e1.jpg', FALSE);
---
INSERT INTO product (name, seo_name, brand_id, specifications, description, created_by, image_url) 
    VALUES (
        'Tai nghe Razer Kaira X for Playstation', 'tai-nghe-razer-kaira-x-for-playstation', 15,
        '{"Tần số phản hồi": "20 Hz - 20 kHz", "Trở kháng": "32 Ω", "Độ nhạy": "96 dBSPL/mW", "Kích thước driver": "50 mm", "Loại driver": "Razer TriForce 50mm Drivers", "Chụp tai": "Chụp tai hình bầu dục", "Kích thước earcup bên trong": "Chiều rộng: 45 mm, Chiều dài: 65 mm", "Chất liệu": "Đệm tai bằng bọt hoạt tính FlowKnit", "Kiểu kết nối": "Trực tiếp với PlayStation/PC thông qua 3,5mm", "Chiều dài cáp": "1,3 m / 51,18 inch", "Trọng lượng": "0,62 lbs / 283 g", "Tính định hướng": "Đơn hướng", "Âm thanh vòm ảo": "Không", "Tần số micro": "100 Hz - 10 kHz", "Điều chỉnh âm lượng": "Có (Bánh xe VOL+ và VOL-)", "Điều chỉnh khác": "Trên chụp tai", "Thời lượng sử dụng pin": "Không", "Đèn": "Không", "Khả năng tương thích": "PlayStation, PC, Mac, Nintendo Switch và các thiết bị di động", "Độ nhạy microphone": "-42 ± 3 dB"}',
        'Tai nghe Razer Kaira X for PlayStation mang đến trải nghiệm âm thanh đắm chìm và thoải mái vượt trội cho game thủ trên hệ máy PlayStation. Với màng loa Razer TriForce Titanium 50mm, tai nghe tái tạo âm thanh chi tiết, rõ ràng, từ những tiếng bước chân lén lút đến những vụ nổ hoành tráng, giúp bạn luôn nắm bắt mọi diễn biến trong trận chiến. Công nghệ âm thanh vòm 7.1 ảo mang đến định vị chính xác, cho phép bạn phản ứng nhanh nhạy hơn với mọi tín hiệu âm thanh. Micro định hướng Razer HyperClear Cardioid có thể tháo rời giúp giọng nói của bạn luôn rõ ràng và nổi bật khi giao tiếp với đồng đội, đồng thời giảm thiểu tiếng ồn xung quanh. Thiết kế đệm tai bằng bọt hoạt tính FlowKnit được bọc vải thoáng khí, kết hợp với chụp tai có thể xoay 90 độ, mang lại sự thoải mái tối đa ngay cả trong những phiên chơi game kéo dài. Khung tai nghe nhẹ và chắc chắn, cùng với dây cáp 3.5mm bện bền bỉ, đảm bảo sự linh hoạt và độ bền. Razer Kaira X tương thích với PlayStation 5, PlayStation 4 và các thiết bị hỗ trợ jack cắm 3.5mm khác, là lựa chọn hoàn hảo cho trải nghiệm gaming đỉnh cao.',
        1, 'https://product.hstatic.net/200000722513/product/8797_razer_kaira_x_for_playstation_2_8b587383445748dd901b3f8e785c3f97_ea1d7dc54e364f17ab7e48dc1a1dd5e6.jpg'
    );
INSERT INTO product_category (product_id, category_id) VALUES (142, 24);
INSERT INTO product_variant (
        product_id, name, seo_name, supplier_id, price, price_sale, quantity, sku, model, barcode, 
        specifications, description, warranty, image_url, release_at, created_by)
        VALUES ( 142, 'Tai nghe Razer Kaira X for Playstation', 'tai-nghe-razer-kaira-x-for-playstation',
            1, 3690000, 1690000, 10, 'TAI-RAZ-KAIRA-X-PS',
            'TAI-RAZ-KAIRA-X-PS', 'TAI-RAZ-KAIRA-X-PS',
            '{"Tần số phản hồi": "20 Hz - 20 kHz", "Trở kháng": "32 Ω", "Độ nhạy": "96 dBSPL/mW", "Kích thước driver": "50 mm", "Loại driver": "Razer TriForce 50mm Drivers", "Chụp tai": "Chụp tai hình bầu dục", "Kích thước earcup bên trong": "Chiều rộng: 45 mm, Chiều dài: 65 mm", "Chất liệu": "Đệm tai bằng bọt hoạt tính FlowKnit", "Kiểu kết nối": "Trực tiếp với PlayStation/PC thông qua 3,5mm", "Chiều dài cáp": "1,3 m / 51,18 inch", "Trọng lượng": "0,62 lbs / 283 g", "Tính định hướng": "Đơn hướng", "Âm thanh vòm ảo": "Không", "Tần số micro": "100 Hz - 10 kHz", "Điều chỉnh âm lượng": "Có (Bánh xe VOL+ và VOL-)", "Điều chỉnh khác": "Trên chụp tai", "Thời lượng sử dụng pin": "Không", "Đèn": "Không", "Khả năng tương thích": "PlayStation, PC, Mac, Nintendo Switch và các thiết bị di động", "Độ nhạy microphone": "-42 ± 3 dB"}',
            'Tai nghe Razer Kaira X for PlayStation mang đến trải nghiệm âm thanh đắm chìm và thoải mái vượt trội cho game thủ trên hệ máy PlayStation. Với màng loa Razer TriForce Titanium 50mm, tai nghe tái tạo âm thanh chi tiết, rõ ràng, từ những tiếng bước chân lén lút đến những vụ nổ hoành tráng, giúp bạn luôn nắm bắt mọi diễn biến trong trận chiến. Công nghệ âm thanh vòm 7.1 ảo mang đến định vị chính xác, cho phép bạn phản ứng nhanh nhạy hơn với mọi tín hiệu âm thanh. Micro định hướng Razer HyperClear Cardioid có thể tháo rời giúp giọng nói của bạn luôn rõ ràng và nổi bật khi giao tiếp với đồng đội, đồng thời giảm thiểu tiếng ồn xung quanh. Thiết kế đệm tai bằng bọt hoạt tính FlowKnit được bọc vải thoáng khí, kết hợp với chụp tai có thể xoay 90 độ, mang lại sự thoải mái tối đa ngay cả trong những phiên chơi game kéo dài. Khung tai nghe nhẹ và chắc chắn, cùng với dây cáp 3.5mm bện bền bỉ, đảm bảo sự linh hoạt và độ bền. Razer Kaira X tương thích với PlayStation 5, PlayStation 4 và các thiết bị hỗ trợ jack cắm 3.5mm khác, là lựa chọn hoàn hảo cho trải nghiệm gaming đỉnh cao.',
            24, 'https://product.hstatic.net/200000722513/product/8797_razer_kaira_x_for_playstation_2_8b587383445748dd901b3f8e785c3f97_ea1d7dc54e364f17ab7e48dc1a1dd5e6.jpg', '2023-06-02T23:59:43+00:00',1);
        
INSERT INTO product_image (name, product_variant_id, image_url, is_main)
VALUES
    ('Ảnh 1', 142, 'https://product.hstatic.net/200000722513/product/8797_razer_kaira_x_for_playstation_2_8b587383445748dd901b3f8e785c3f97_ea1d7dc54e364f17ab7e48dc1a1dd5e6.jpg', TRUE),
    ('Ảnh 2', 142, 'https://product.hstatic.net/200000722513/product/893214_230921-kaira-x-ps-1500x10000-5_84b48202db6743169a2a24af225319fe_b704de3ce2b24b2a87f8d1dc9efd827e.jpg', FALSE),
    ('Ảnh 3', 142, 'https://product.hstatic.net/200000722513/product/434462_230921-kaira-x-ps-1500x10000-1_e98e959d75e54ed28ba09390f806955e_0b798e34192e42b7811324d63e961de4.jpg', FALSE),
    ('Ảnh 4', 142, 'https://product.hstatic.net/200000722513/product/794910_230921-kaira-x-ps-1500x10000-4_179fa6bb442d4c32b378bf14058673f2_a3e55e48ba494228ab1096031f989068.jpg', FALSE),
    ('Ảnh 5', 142, 'https://product.hstatic.net/200000722513/product/565534_230921-kaira-x-ps-1500x10000-6_4a3da065935a4537af5837c9faeee127_2dedebafa512408082a0bd2d8d75adb3.jpg', FALSE);
---
INSERT INTO product (name, seo_name, brand_id, specifications, description, created_by, image_url) 
    VALUES (
        'Tai nghe Gaming Logitech G335 Black', 'tai-nghe-gaming-logitech-g335-black', 13,
        '{"Thương hiệu:": "Logitech", "Model:": "Logitech G335", "Màu sắc:": "Đen", "Kiểu tai nghe:": "On-ear", "Kiểu kết nối:": "Có dây", "Đèn LED:": "Không", "Chuẩn kết nối:": "3.5", "Microphone:": "Có", "Dây:": "Dài 2m", "Tần số:": "1000 Hz", "Khả năng cách âm": "Có", "Chất liệu khung:": "Nhựa", "Chất liệu đệm tai nghe:": "Vải", "Tương thích:": "PC, Xbox, PlayStation, Nintendo Switch và các thiết bị di động có giắc âm thanh 3.5", "Tính năng:": "Kết nối đa thiết bị"}',
        'Tai nghe Gaming Logitech G335 Black mang đến trải nghiệm âm thanh sống động và đắm chìm cho mọi game thủ. Với thiết kế siêu nhẹ chỉ 240 gram, G335 mang lại sự thoải mái tối đa ngay cả trong những phiên chơi game kéo dài. Đệm tai bằng bọt hoạt tính mềm mại cùng dây đeo có thể điều chỉnh linh hoạt giúp ôm sát đầu, giảm thiểu áp lực và mang đến cảm giác dễ chịu. Màng loa neodymium 40mm được tinh chỉnh chuyên nghiệp cung cấp âm thanh rõ ràng, chi tiết với âm trầm mạnh mẽ, giúp bạn nghe rõ mọi bước chân địch, tiếng súng hay hiệu ứng trong game, từ đó nâng cao lợi thế cạnh tranh. Microphone có thể gập lên và tắt tiếng một cách dễ dàng, đảm bảo giọng nói của bạn luôn rõ ràng và sắc nét khi giao tiếp với đồng đội. Tích hợp bộ điều chỉnh âm lượng trên củ tai, cho phép bạn tùy chỉnh âm lượng nhanh chóng mà không cần rời khỏi trận chiến. Tương thích rộng rãi với PC, PlayStation, Xbox, Nintendo Switch và các thiết bị di động khác thông qua jack cắm 3.5mm, G335 là lựa chọn hoàn hảo cho mọi nền tảng chơi game. Kiểu dáng hiện đại, trẻ trung với tông màu đen cá tính, phù hợp với mọi dàn máy gaming. Chất liệu cao cấp đảm bảo độ bền bỉ theo thời gian. Logitech G335 Black - người bạn đồng hành lý tưởng cho mọi hành trình chinh phục thế giới ảo.',
        1, 'https://product.hstatic.net/200000722513/product/g335-6_e1253941f7e3484890523aa330eecdff_851c5cc9a279406081d5bc1cd9294522.jpg'
    );
INSERT INTO product_category (product_id, category_id) VALUES (143, 24);
INSERT INTO product_variant (
        product_id, name, seo_name, supplier_id, price, price_sale, quantity, sku, model, barcode, 
        specifications, description, warranty, image_url, release_at, created_by)
        VALUES ( 143, 'Tai nghe Gaming Logitech G335 Black', 'tai-nghe-gaming-logitech-g335-black',
            1, 1699000, 1290000, 10, 'TAI-LOG-G3350-BLA',
            'TAI-LOG-G3350-BLA', 'TAI-LOG-G3350-BLA',
            '{"Thương hiệu:": "Logitech", "Model:": "Logitech G335", "Màu sắc:": "Đen", "Kiểu tai nghe:": "On-ear", "Kiểu kết nối:": "Có dây", "Đèn LED:": "Không", "Chuẩn kết nối:": "3.5", "Microphone:": "Có", "Dây:": "Dài 2m", "Tần số:": "1000 Hz", "Khả năng cách âm": "Có", "Chất liệu khung:": "Nhựa", "Chất liệu đệm tai nghe:": "Vải", "Tương thích:": "PC, Xbox, PlayStation, Nintendo Switch và các thiết bị di động có giắc âm thanh 3.5", "Tính năng:": "Kết nối đa thiết bị"}',
            'Tai nghe Gaming Logitech G335 Black mang đến trải nghiệm âm thanh sống động và đắm chìm cho mọi game thủ. Với thiết kế siêu nhẹ chỉ 240 gram, G335 mang lại sự thoải mái tối đa ngay cả trong những phiên chơi game kéo dài. Đệm tai bằng bọt hoạt tính mềm mại cùng dây đeo có thể điều chỉnh linh hoạt giúp ôm sát đầu, giảm thiểu áp lực và mang đến cảm giác dễ chịu. Màng loa neodymium 40mm được tinh chỉnh chuyên nghiệp cung cấp âm thanh rõ ràng, chi tiết với âm trầm mạnh mẽ, giúp bạn nghe rõ mọi bước chân địch, tiếng súng hay hiệu ứng trong game, từ đó nâng cao lợi thế cạnh tranh. Microphone có thể gập lên và tắt tiếng một cách dễ dàng, đảm bảo giọng nói của bạn luôn rõ ràng và sắc nét khi giao tiếp với đồng đội. Tích hợp bộ điều chỉnh âm lượng trên củ tai, cho phép bạn tùy chỉnh âm lượng nhanh chóng mà không cần rời khỏi trận chiến. Tương thích rộng rãi với PC, PlayStation, Xbox, Nintendo Switch và các thiết bị di động khác thông qua jack cắm 3.5mm, G335 là lựa chọn hoàn hảo cho mọi nền tảng chơi game. Kiểu dáng hiện đại, trẻ trung với tông màu đen cá tính, phù hợp với mọi dàn máy gaming. Chất liệu cao cấp đảm bảo độ bền bỉ theo thời gian. Logitech G335 Black - người bạn đồng hành lý tưởng cho mọi hành trình chinh phục thế giới ảo.',
            24, 'https://product.hstatic.net/200000722513/product/g335-6_e1253941f7e3484890523aa330eecdff_851c5cc9a279406081d5bc1cd9294522.jpg', '2023-06-03T02:54:32+00:00',1);
        
INSERT INTO product_image (name, product_variant_id, image_url, is_main)
VALUES
    ('Ảnh 1', 143, 'https://product.hstatic.net/200000722513/product/g335-6_e1253941f7e3484890523aa330eecdff_851c5cc9a279406081d5bc1cd9294522.jpg', TRUE),
    ('Ảnh 2', 143, 'https://product.hstatic.net/200000722513/product/g335-699_0f0f3480e5f0493a98a49b93656c5a86_a78f251ef9f7413c8a5594e5dd33ae35.jpg', FALSE);
---
INSERT INTO product (name, seo_name, brand_id, specifications, description, created_by, image_url) 
    VALUES (
        'Tai Nghe Rapoo VH310 Virtual 7.1', 'tai-nghe-rapoo-vh310', 29,
        '{"Thương hiệu": "Rapoo", "Bảo hành": "24 tháng", "Series/Model": "Rapoo VH310", "Màu sắc": "Đen", "Kiểu tai nghe": "Over-ear", "Microphone": "Có", "Kết nối": "Có dây", "Mô tả khác": "• Hiệu ứng âm thanh Virtual 7.1 mang đến trải nghiệm âm thanh vòm chân thực trong game.\nThiết kế khung choàng độc đáo với hệ thống treo nhẹ mang lại cảm giác thoải mái.\nÂm thanh chuyên nghiệp, rõ ràng.\nThiết kế cách âm với cúp tai mềm mại, thoải mái.\nChất liệu chế tạo cứng cáp và bền bỉ.\nChức năng điều khiển đa chức năng trên dây.\nMicrophone khử ồn ENC cho cuộc hội thoại HD, rõ ràng và ổn định.\nCó đèn LED nhịp thở định vị bắt mắt."}',
        'Tai nghe Rapoo VH310 Virtual 7.1 mang đến trải nghiệm âm thanh sống động và đắm chìm, biến mọi cuộc chơi game, xem phim hay nghe nhạc của bạn trở nên chân thực hơn bao giờ hết. Công nghệ âm thanh vòm ảo 7.1 tiên tiến tái tạo không gian âm thanh đa chiều, giúp bạn định vị chính xác nguồn âm thanh, từ tiếng bước chân kẻ địch trong game đến những giai điệu tinh tế trong bản nhạc. Màng loa lớn 50mm cho âm bass mạnh mẽ, âm treble rõ ràng và dải trung cân bằng, tái hiện mọi chi tiết âm thanh với độ chính xác cao. Đệm tai nghe được làm từ chất liệu da mềm mại, thoáng khí, kết hợp với thiết kế chụp tai ôm sát, tạo cảm giác thoải mái ngay cả khi sử dụng trong thời gian dài. Khung tai nghe có thể điều chỉnh linh hoạt, phù hợp với nhiều kích cỡ đầu khác nhau. Microphone đa hướng có khả năng giảm tiếng ồn hiệu quả, đảm bảo giọng nói của bạn luôn rõ ràng và trong trẻo khi giao tiếp với đồng đội hoặc trong các cuộc gọi. Dây cáp dài 2.2 mét với đầu cắm USB mạ vàng cho kết nối ổn định và truyền tín hiệu tối ưu. Thiết kế đèn LED RGB trên củ tai tạo điểm nhấn thẩm mỹ, mang đến vẻ ngoài gaming chuyên nghiệp và ấn tượng. Rapoo VH310 là sự lựa chọn hoàn hảo cho các game thủ, người yêu nhạc và những ai tìm kiếm một thiết bị âm thanh chất lượng cao, mang lại trải nghiệm giải trí đỉnh cao.',
        1, 'https://product.hstatic.net/200000722513/product/thumbtainghe_ee7eea45f23e43f8b3cb80849f12e820_f5115b9a6f5a4f629cb5641ce3403dd2.png'
    );
INSERT INTO product_category (product_id, category_id) VALUES (144, 24);
INSERT INTO product_variant (
        product_id, name, seo_name, supplier_id, price, price_sale, quantity, sku, model, barcode, 
        specifications, description, warranty, image_url, release_at, created_by)
        VALUES ( 144, 'Tai Nghe Rapoo VH310 Virtual 7.1', 'tai-nghe-rapoo-vh310',
            1, 590000, 390000, 10, 'TAI-RAPOO-VH310',
            'TAI-RAPOO-VH310', 'TAI-RAPOO-VH310',
            '{"Thương hiệu": "Rapoo", "Bảo hành": "24 tháng", "Series/Model": "Rapoo VH310", "Màu sắc": "Đen", "Kiểu tai nghe": "Over-ear", "Microphone": "Có", "Kết nối": "Có dây", "Mô tả khác": "Hiệu ứng âm thanh Virtual 7.1 mang đến trải nghiệm âm thanh vòm chân thực trong game.\nThiết kế khung choàng độc đáo với hệ thống treo nhẹ mang lại cảm giác thoải mái.\nÂm thanh chuyên nghiệp, rõ ràng.\nThiết kế cách âm với cúp tai mềm mại, thoải mái.\nChất liệu chế tạo cứng cáp và bền bỉ.\nChức năng điều khiển đa chức năng trên dây.\nMicrophone khử ồn ENC cho cuộc hội thoại HD, rõ ràng và ổn định.\nCó đèn LED nhịp thở định vị bắt mắt."}',
            'Tai nghe Rapoo VH310 Virtual 7.1 mang đến trải nghiệm âm thanh sống động và đắm chìm, biến mọi cuộc chơi game, xem phim hay nghe nhạc của bạn trở nên chân thực hơn bao giờ hết. Công nghệ âm thanh vòm ảo 7.1 tiên tiến tái tạo không gian âm thanh đa chiều, giúp bạn định vị chính xác nguồn âm thanh, từ tiếng bước chân kẻ địch trong game đến những giai điệu tinh tế trong bản nhạc. Màng loa lớn 50mm cho âm bass mạnh mẽ, âm treble rõ ràng và dải trung cân bằng, tái hiện mọi chi tiết âm thanh với độ chính xác cao. Đệm tai nghe được làm từ chất liệu da mềm mại, thoáng khí, kết hợp với thiết kế chụp tai ôm sát, tạo cảm giác thoải mái ngay cả khi sử dụng trong thời gian dài. Khung tai nghe có thể điều chỉnh linh hoạt, phù hợp với nhiều kích cỡ đầu khác nhau. Microphone đa hướng có khả năng giảm tiếng ồn hiệu quả, đảm bảo giọng nói của bạn luôn rõ ràng và trong trẻo khi giao tiếp với đồng đội hoặc trong các cuộc gọi. Dây cáp dài 2.2 mét với đầu cắm USB mạ vàng cho kết nối ổn định và truyền tín hiệu tối ưu. Thiết kế đèn LED RGB trên củ tai tạo điểm nhấn thẩm mỹ, mang đến vẻ ngoài gaming chuyên nghiệp và ấn tượng. Rapoo VH310 là sự lựa chọn hoàn hảo cho các game thủ, người yêu nhạc và những ai tìm kiếm một thiết bị âm thanh chất lượng cao, mang lại trải nghiệm giải trí đỉnh cao.',
            24, 'https://product.hstatic.net/200000722513/product/thumbtainghe_ee7eea45f23e43f8b3cb80849f12e820_f5115b9a6f5a4f629cb5641ce3403dd2.png', '2023-06-02T07:05:26+00:00',1);
        
INSERT INTO product_image (name, product_variant_id, image_url, is_main)
VALUES
    ('Ảnh 1', 144, 'https://product.hstatic.net/200000722513/product/thumbtainghe_ee7eea45f23e43f8b3cb80849f12e820_f5115b9a6f5a4f629cb5641ce3403dd2.png', TRUE),
    ('Ảnh 2', 144, 'https://product.hstatic.net/200000722513/product/22833-tai-nghe-rapoo-2_ca6ceb2f385045168cf9f47f10cbb0b1_54fc1f01b76646579c8a199be0b183f2.jpg', FALSE),
    ('Ảnh 3', 144, 'https://product.hstatic.net/200000722513/product/22833-tai-nghe-rapoo-3_5e7c1b8c066f405d936c2d2dc9f2936e_c5f0cec0b7ad4311b7bfdc9fb6bf9ec8.jpg', FALSE);
---
INSERT INTO product (name, seo_name, brand_id, specifications, description, created_by, image_url) 
    VALUES (
        'Tai nghe HyperX Cloud Stinger Core', 'tai-nghe-hyperx-cloud-stinger-core', 27,
        '{"Driver tai nghe": "Động 40mm với nam châm neodymium", "Kiểu tai nghe": "Chụp tai, đóng", "Dải tần số": "20Hz–20.000Hz", "Trở kháng": "16 Ohms", "Độ nhạy âm thanh": "99dBSPL/mW tại 1kHz", "Độ méo tổng hài": "<2%", "Trọng lượng": "215g", "Chiều dài dây": "1.3m", "Kết nối": "Jack 3.5mm (4 pole)", "Loại micro": "Tụ điện electret", "Hướng nhạy micro": "Khử tiếng ồn", "Dải tần số micro": "50Hz–18.000Hz", "Độ nhạy micro": "-41.5dBV (0dB=1V/Pa, 1kHz)"}',
        'Tai nghe HyperX Cloud Stinger Core là lựa chọn hoàn hảo cho game thủ muốn trải nghiệm âm thanh chất lượng cao, thoải mái và bền bỉ với mức giá phải chăng. Thiết kế nhẹ nhàng, đệm tai êm ái giúp bạn có thể đeo tai nghe trong nhiều giờ liền mà không cảm thấy khó chịu. Micro tích hợp có khả năng lọc tiếng ồn, đảm bảo giọng nói của bạn luôn rõ ràng khi giao tiếp với đồng đội. Driver âm thanh 40mm mang đến âm bass mạnh mẽ và âm thanh chi tiết, giúp bạn không bỏ lỡ bất kỳ âm thanh quan trọng nào trong game, từ tiếng bước chân địch đến những vụ nổ hoành tráng. Tương thích rộng rãi với PC, PS4, Xbox One, Nintendo Switch và các thiết bị di động khác thông qua jack cắm 3.5mm tiện lợi. Nút điều khiển âm lượng trên củ tai giúp bạn dễ dàng tùy chỉnh âm thanh nhanh chóng. Với vẻ ngoài hiện đại và logo HyperX đặc trưng, Cloud Stinger Core không chỉ là một thiết bị chơi game mà còn thể hiện phong cách của bạn. Đây là một khoản đầu tư xứng đáng cho những ai tìm kiếm sự cân bằng giữa hiệu năng, sự thoải mái và giá trị.',
        1, 'https://product.hstatic.net/200000722513/product/502a3b6c134f30ac98e0542e29a19b_grande_2f970ccc0fc44c239e117501d9ffa0d1_d88baac2ae454ba5852523240b15f25a.jpg'
    );
INSERT INTO product_category (product_id, category_id) VALUES (145, 24);
INSERT INTO product_variant (
        product_id, name, seo_name, supplier_id, price, price_sale, quantity, sku, model, barcode, 
        specifications, description, warranty, image_url, release_at, created_by)
        VALUES ( 145, 'Tai nghe HyperX Cloud Stinger Core', 'tai-nghe-hyperx-cloud-stinger-core',
            1, 890000, 799000, 10, 'TAI-HYP-CLOUD-STINGER-CORE',
            'TAI-HYP-CLOUD-STINGER-CORE', 'TAI-HYP-CLOUD-STINGER-CORE',
            '{"Driver tai nghe": "Động 40mm với nam châm neodymium", "Kiểu tai nghe": "Chụp tai, đóng", "Dải tần số": "20Hz–20.000Hz", "Trở kháng": "16 Ohms", "Độ nhạy âm thanh": "99dBSPL/mW tại 1kHz", "Độ méo tổng hài": "<2%", "Trọng lượng": "215g", "Chiều dài dây": "1.3m", "Kết nối": "Jack 3.5mm (4 pole)", "Loại micro": "Tụ điện electret", "Hướng nhạy micro": "Khử tiếng ồn", "Dải tần số micro": "50Hz–18.000Hz", "Độ nhạy micro": "-41.5dBV (0dB=1V/Pa, 1kHz)"}',
            'Tai nghe HyperX Cloud Stinger Core là lựa chọn hoàn hảo cho game thủ muốn trải nghiệm âm thanh chất lượng cao, thoải mái và bền bỉ với mức giá phải chăng. Thiết kế nhẹ nhàng, đệm tai êm ái giúp bạn có thể đeo tai nghe trong nhiều giờ liền mà không cảm thấy khó chịu. Micro tích hợp có khả năng lọc tiếng ồn, đảm bảo giọng nói của bạn luôn rõ ràng khi giao tiếp với đồng đội. Driver âm thanh 40mm mang đến âm bass mạnh mẽ và âm thanh chi tiết, giúp bạn không bỏ lỡ bất kỳ âm thanh quan trọng nào trong game, từ tiếng bước chân địch đến những vụ nổ hoành tráng. Tương thích rộng rãi với PC, PS4, Xbox One, Nintendo Switch và các thiết bị di động khác thông qua jack cắm 3.5mm tiện lợi. Nút điều khiển âm lượng trên củ tai giúp bạn dễ dàng tùy chỉnh âm thanh nhanh chóng. Với vẻ ngoài hiện đại và logo HyperX đặc trưng, Cloud Stinger Core không chỉ là một thiết bị chơi game mà còn thể hiện phong cách của bạn. Đây là một khoản đầu tư xứng đáng cho những ai tìm kiếm sự cân bằng giữa hiệu năng, sự thoải mái và giá trị.',
            24, 'https://product.hstatic.net/200000722513/product/502a3b6c134f30ac98e0542e29a19b_grande_2f970ccc0fc44c239e117501d9ffa0d1_d88baac2ae454ba5852523240b15f25a.jpg', '2023-06-02T22:02:59+00:00',1);
        
INSERT INTO product_image (name, product_variant_id, image_url, is_main)
VALUES
    ('Ảnh 1', 145, 'https://product.hstatic.net/200000722513/product/502a3b6c134f30ac98e0542e29a19b_grande_2f970ccc0fc44c239e117501d9ffa0d1_d88baac2ae454ba5852523240b15f25a.jpg', TRUE),
    ('Ảnh 2', 145, 'https://product.hstatic.net/200000722513/product/d_stinger_core_hx_hscsc2_bk_ww_0000_1_939c136f9dbc469ebfd5d6b7fc70233e_64628dbeb04640ada465372be169a290.jpg', FALSE),
    ('Ảnh 3', 145, 'https://product.hstatic.net/200000722513/product/d_stinger_core_hx_hscsc2_bk_ww_0002_4_0cc12d34e11943c897d8a653fa53d2df_7e588438384b4ee6a6411e009a4c35db.jpg', FALSE),
    ('Ảnh 4', 145, 'https://product.hstatic.net/200000722513/product/d_stinger_core_hx_hscsc2_bk_ww_0000_2_cfa9b117ff9b43248d7ab5144c736446_94c2784332154ed38265d8e27e91f49d.jpg', FALSE),
    ('Ảnh 5', 145, 'https://product.hstatic.net/200000722513/product/d_stinger_core_hx_hscsc2_bk_ww_0001_3_d58009f4dc8248f5a9e7f6784565a9ff_2b68e0d1505e4af58463a91ac0e2b28e.jpg', FALSE);
---
INSERT INTO product (name, seo_name, brand_id, specifications, description, created_by, image_url) 
    VALUES (
        'Tai nghe HyperX Cloud Orbit S', 'tai-nghe-hyperx-cloud-orbit-s', 27,
        '{"Driver": "Bộ truyền động planar 100 mm", "Dải tần số": "10Hz–50.000Hz", "Loại kết nối": "USB Type A, USB Type C, 3.5mm", "Loại âm thanh": "Stereo + Âm thanh 3D + Headtracking", "Điều khiển âm thanh": "Trên tai nghe", "Khung": "Nhựa", "Đệm tai bằng memory foam": "Có", "Loại micro khử ồn": "Có thể tháo rời", "Thời lượng pin": "Chế độ analog 3.5mm: 10 giờ", "Phụ kiện": "Túi vải", "Cáp nối dài cho PC": "Không có"}',
        'Trải nghiệm âm thanh đỉnh cao chưa từng có với Tai nghe HyperX Cloud Orbit S, một sản phẩm được thiết kế để định nghĩa lại trải nghiệm chơi game và giải trí của bạn. Được trang bị củ loa từ phẳng Audeze™ 100mm huyền thoại, Cloud Orbit S mang đến chất lượng âm thanh đẳng cấp audiophile, chi tiết đáng kinh ngạc và dải tần siêu rộng, giúp bạn nghe rõ từng tiếng bước chân, tiếng nạp đạn hay bản nhạc nền hoành tráng với độ chính xác tuyệt đối. Điểm nhấn đột phá là công nghệ âm thanh 3D Waves Nx® với tính năng theo dõi đầu tiên tiến. Công nghệ này tạo ra một trường âm thanh ba chiều ổn định, như thể âm thanh đến từ các vị trí cố định trong không gian thực, mang lại trải nghiệm đắm chìm chưa từng thấy. Dù bạn quay đầu, âm thanh vẫn giữ nguyên vị trí, tạo cảm giác bạn đang thực sự ở trong thế giới game hoặc rạp chiếu phim tại gia. Với khả năng kết nối linh hoạt qua cổng USB Type-C, USB Type-A và jack 3.5mm, Cloud Orbit S tương thích hoàn hảo với PC, PS4, Xbox One, Nintendo Switch và các thiết bị di động. Microphone khử ồn có thể tháo rời đảm bảo giao tiếp rõ ràng với đồng đội. Đệm tai bằng mút hoạt tính bọc giả da cao cấp mang lại sự thoải mái tối đa ngay cả trong những phiên chơi game marathon. HyperX Cloud Orbit S không chỉ là một chiếc tai nghe, mà là cánh cửa dẫn bạn đến một thế giới âm thanh sống động, chân thực và đầy kịch tính.',
        1, 'https://product.hstatic.net/200000722513/product/orbit-s_2e06ed76ef1142c6af0ed3dea2fd8555_36dbfa032e65400daf1b3bfb70c61bfa.jpg'
    );
INSERT INTO product_category (product_id, category_id) VALUES (146, 24);
INSERT INTO product_variant (
        product_id, name, seo_name, supplier_id, price, price_sale, quantity, sku, model, barcode, 
        specifications, description, warranty, image_url, release_at, created_by)
        VALUES ( 146, 'Tai nghe HyperX Cloud Orbit S', 'tai-nghe-hyperx-cloud-orbit-s',
            1, 8450000, 7490000, 10, 'TAI-HYP-CLOUD-ORBIT-S',
            'TAI-HYP-CLOUD-ORBIT-S', 'TAI-HYP-CLOUD-ORBIT-S',
            '{"Driver": "Bộ truyền động planar 100 mm", "Dải tần số": "10Hz–50.000Hz", "Loại kết nối": "USB Type A, USB Type C, 3.5mm", "Loại âm thanh": "Stereo + Âm thanh 3D + Headtracking", "Điều khiển âm thanh": "Trên tai nghe", "Khung": "Nhựa", "Đệm tai bằng memory foam": "Có", "Loại micro khử ồn": "Có thể tháo rời", "Thời lượng pin": "Chế độ analog 3.5mm: 10 giờ", "Phụ kiện": "Túi vải", "Cáp nối dài cho PC": "Không có"}',
            'Trải nghiệm âm thanh đỉnh cao chưa từng có với Tai nghe HyperX Cloud Orbit S, một sản phẩm được thiết kế để định nghĩa lại trải nghiệm chơi game và giải trí của bạn. Được trang bị củ loa từ phẳng Audeze™ 100mm huyền thoại, Cloud Orbit S mang đến chất lượng âm thanh đẳng cấp audiophile, chi tiết đáng kinh ngạc và dải tần siêu rộng, giúp bạn nghe rõ từng tiếng bước chân, tiếng nạp đạn hay bản nhạc nền hoành tráng với độ chính xác tuyệt đối. Điểm nhấn đột phá là công nghệ âm thanh 3D Waves Nx® với tính năng theo dõi đầu tiên tiến. Công nghệ này tạo ra một trường âm thanh ba chiều ổn định, như thể âm thanh đến từ các vị trí cố định trong không gian thực, mang lại trải nghiệm đắm chìm chưa từng thấy. Dù bạn quay đầu, âm thanh vẫn giữ nguyên vị trí, tạo cảm giác bạn đang thực sự ở trong thế giới game hoặc rạp chiếu phim tại gia. Với khả năng kết nối linh hoạt qua cổng USB Type-C, USB Type-A và jack 3.5mm, Cloud Orbit S tương thích hoàn hảo với PC, PS4, Xbox One, Nintendo Switch và các thiết bị di động. Microphone khử ồn có thể tháo rời đảm bảo giao tiếp rõ ràng với đồng đội. Đệm tai bằng mút hoạt tính bọc giả da cao cấp mang lại sự thoải mái tối đa ngay cả trong những phiên chơi game marathon. HyperX Cloud Orbit S không chỉ là một chiếc tai nghe, mà là cánh cửa dẫn bạn đến một thế giới âm thanh sống động, chân thực và đầy kịch tính.',
            24, 'https://product.hstatic.net/200000722513/product/orbit-s_2e06ed76ef1142c6af0ed3dea2fd8555_36dbfa032e65400daf1b3bfb70c61bfa.jpg', '2023-06-02T14:31:08+00:00',1);
        
INSERT INTO product_image (name, product_variant_id, image_url, is_main)
VALUES
    ('Ảnh 1', 146, 'https://product.hstatic.net/200000722513/product/orbit-s_2e06ed76ef1142c6af0ed3dea2fd8555_36dbfa032e65400daf1b3bfb70c61bfa.jpg', TRUE),
    ('Ảnh 2', 146, 'https://product.hstatic.net/200000722513/product/61cpmu7wa9l._sl1428__e4178995d1424f69b2e29d69dcc70086_2f65f0fd60b743389ddddf3b5a717350.jpg', FALSE),
    ('Ảnh 3', 146, 'https://product.hstatic.net/200000722513/product/51hv_klnydl._sl1428__ed39c189b544417ea3cc713ed8b3c8b2_f4e2eb09309e4d96bf654dd92807ba5c.jpg', FALSE),
    ('Ảnh 4', 146, 'https://product.hstatic.net/200000722513/product/61dpsxnhsfl._sl1428__65009ca1647d4a3cb30c9b56d95d05e1_6089fb0ebe924357a9caede2e8b434a2.jpg', FALSE),
    ('Ảnh 5', 146, 'https://product.hstatic.net/200000722513/product/610qycgfedl._sl1428__a6880fe43cbd4f8fa3ad6e9a61ad07e9_cc5b060487954dc6a5e088cea091f21b.jpg', FALSE),
    ('Ảnh 6', 146, 'https://product.hstatic.net/200000722513/product/61uwozwrscl._sl1428__75365f1a4c0d48399d818aed50e310ae_c57c9042e1404b839f879304035847f2.jpg', FALSE),
    ('Ảnh 7', 146, 'https://product.hstatic.net/200000722513/product/61875devbyl._sl1428__f1b3fd267f6b48ea9da8a765a7d3666b_c3d2ebeaa74444b18e98d48d4da270cb.jpg', FALSE);
---
INSERT INTO product (name, seo_name, brand_id, specifications, description, created_by, image_url) 
    VALUES (
        'Tai nghe Logitech G633S', 'tai-nghe-logitech-g633s', 13,
        '{"Chiều cao": "188 mm", "Chiều rộng": "195 mm", "Chiều dày": "87 mm", "Trọng lượng (không có dây)": "344 g", "Độ dài dây cáp máy tính PC": "2,8 m", "Độ dài dây thiết bị di động": "1,5 m", "Màng loa": "50 mm", "Dải tần số": "20 Hz-20 KHz", "Trở kháng": "39 Ohm (thụ động), 5k Ohm (chủ động)", "Độ nhạy": "93 dB SPL/mW"}',
        'Tai nghe Logitech G633S là một lựa chọn tuyệt vời cho game thủ và những người yêu âm thanh nhờ vào công nghệ âm thanh vòm 7.1 tiên tiến, mang đến trải nghiệm âm thanh sống động và chân thực. Hệ thống driver Pro-G đường kính 50mm tùy chỉnh, được làm từ vật liệu lưới tiên tiến, cho phép tái tạo âm thanh rõ ràng, chi tiết và mạnh mẽ, từ tiếng bước chân tinh tế trong game đến những nốt nhạc cao vút. Công nghệ DTS Headphone:X 2.0 mô phỏng chính xác môi trường âm thanh 7.1, giúp định vị kẻ địch và nhận biết các chi tiết âm thanh xung quanh với độ chính xác cao, mang lại lợi thế chiến thuật vượt trội.\n\nThiết kế của G633S tập trung vào sự thoải mái tối đa cho những phiên chơi game hoặc nghe nhạc kéo dài. Earcup lớn được bọc bằng chất liệu da PU cao cấp, mềm mại và thoáng khí, giảm áp lực lên tai, trong khi phần đệm đầu có khả năng điều chỉnh linh hoạt. Đèn LED RGB tùy chỉnh với 7,1 triệu màu trên logo G và dải đèn quanh viền earcup cho phép bạn cá nhân hóa phong cách của mình, dễ dàng điều khiển thông qua phần mềm Logitech G HUB.\n\nMicro có khả năng lọc tiếng ồn, có thể gập lên và tự động tắt tiếng khi đặt ở vị trí trên cùng, đảm bảo giọng nói của bạn luôn rõ ràng và không bị gián đoạn. Tai nghe tương thích đa nền tảng, bao gồm PC, PlayStation 4, Xbox One, Nintendo Switch, thiết bị di động và các thiết bị khác có cổng 3.5mm, mang lại sự linh hoạt tối đa.',
        1, 'https://product.hstatic.net/200000722513/product/gvn_g633s_964d0ac679b44f1e9879d57b44954369_63b6ba0e8c73477d8d7e11f58c2b4162.png'
    );
INSERT INTO product_category (product_id, category_id) VALUES (147, 24);
INSERT INTO product_variant (
        product_id, name, seo_name, supplier_id, price, price_sale, quantity, sku, model, barcode, 
        specifications, description, warranty, image_url, release_at, created_by)
        VALUES ( 147, 'Tai nghe Logitech G633S', 'tai-nghe-logitech-g633s',
            1, 3540000, 2490000, 10, 'TAI-LOG-G633S',
            'TAI-LOG-G633S', 'TAI-LOG-G633S',
            '{"Chiều cao": "188 mm", "Chiều rộng": "195 mm", "Chiều dày": "87 mm", "Trọng lượng (không có dây)": "344 g", "Độ dài dây cáp máy tính PC": "2,8 m", "Độ dài dây thiết bị di động": "1,5 m", "Màng loa": "50 mm", "Dải tần số": "20 Hz-20 KHz", "Trở kháng": "39 Ohm (thụ động), 5k Ohm (chủ động)", "Độ nhạy": "93 dB SPL/mW"}',
            'Tai nghe Logitech G633S là một lựa chọn tuyệt vời cho game thủ và những người yêu âm thanh nhờ vào công nghệ âm thanh vòm 7.1 tiên tiến, mang đến trải nghiệm âm thanh sống động và chân thực. Hệ thống driver Pro-G đường kính 50mm tùy chỉnh, được làm từ vật liệu lưới tiên tiến, cho phép tái tạo âm thanh rõ ràng, chi tiết và mạnh mẽ, từ tiếng bước chân tinh tế trong game đến những nốt nhạc cao vút. Công nghệ DTS Headphone:X 2.0 mô phỏng chính xác môi trường âm thanh 7.1, giúp định vị kẻ địch và nhận biết các chi tiết âm thanh xung quanh với độ chính xác cao, mang lại lợi thế chiến thuật vượt trội.\n\nThiết kế của G633S tập trung vào sự thoải mái tối đa cho những phiên chơi game hoặc nghe nhạc kéo dài. Earcup lớn được bọc bằng chất liệu da PU cao cấp, mềm mại và thoáng khí, giảm áp lực lên tai, trong khi phần đệm đầu có khả năng điều chỉnh linh hoạt. Đèn LED RGB tùy chỉnh với 7,1 triệu màu trên logo G và dải đèn quanh viền earcup cho phép bạn cá nhân hóa phong cách của mình, dễ dàng điều khiển thông qua phần mềm Logitech G HUB.\n\nMicro có khả năng lọc tiếng ồn, có thể gập lên và tự động tắt tiếng khi đặt ở vị trí trên cùng, đảm bảo giọng nói của bạn luôn rõ ràng và không bị gián đoạn. Tai nghe tương thích đa nền tảng, bao gồm PC, PlayStation 4, Xbox One, Nintendo Switch, thiết bị di động và các thiết bị khác có cổng 3.5mm, mang lại sự linh hoạt tối đa.',
            24, 'https://product.hstatic.net/200000722513/product/gvn_g633s_964d0ac679b44f1e9879d57b44954369_63b6ba0e8c73477d8d7e11f58c2b4162.png', '2023-06-02T11:43:59+00:00',1);
        
INSERT INTO product_image (name, product_variant_id, image_url, is_main)
VALUES
    ('Ảnh 1', 147, 'https://product.hstatic.net/200000722513/product/gvn_g633s_964d0ac679b44f1e9879d57b44954369_63b6ba0e8c73477d8d7e11f58c2b4162.png', TRUE),
    ('Ảnh 2', 147, 'https://product.hstatic.net/200000722513/product/gvn_g633s__2__75fb8102a57f4856891995d2dc54b95a_867d03623b3344f2b3d2f9d0c39398cd.jpg', FALSE),
    ('Ảnh 3', 147, 'https://product.hstatic.net/200000722513/product/gvn_g633s_c7928314bfa2412a852ce3e7bd3f2e93_54121320a65142b1b81a30a2c7764780.jpg', FALSE),
    ('Ảnh 4', 147, 'https://product.hstatic.net/200000722513/product/gvn_g633s__3__4ec852aa5c5749ec8770f3d61fc1e289_cfaec6a5219f4f948fcba2898954772e.jpg', FALSE);
---
INSERT INTO product (name, seo_name, brand_id, specifications, description, created_by, image_url) 
    VALUES (
        'Tai nghe Logitech G535 LIGHTSPEED Wireless Black', 'tai-nghe-logitech-g535-lightspeed-wireless-black', 13,
        '{"Thương hiệu": "Logitech", "Bảo hành": "24 tháng", "Series/Model": "G535", "Màu sắc": "Đen", "Thời lượng pin": "Có thể lên đến 33 giờ", "Kiểu tai nghe": "Over-ear", "Trọng lượng": "236g", "Drivers": "40 mm", "Kết nối": "Không dây LIGHTSPEED USB receiver", "Độ nhạy": "87.5 dB SPL/mW", "Microphone": "Có", "Trở kháng": "36 Ohms", "Tần số": "20Hz-20KHz", "Phạm vi kết nối không dây": "12 m", "Tương thích": "Windows 10 và macOS X 10.14"}',
        'Tai nghe Logitech G535 LIGHTSPEED Wireless Black là lựa chọn hoàn hảo cho game thủ yêu cầu sự tự do di chuyển và chất lượng âm thanh đỉnh cao. Với công nghệ không dây LIGHTSPEED tiên tiến, bạn sẽ trải nghiệm độ trễ siêu thấp, kết nối ổn định và phạm vi hoạt động lên đến 20 mét, cho phép bạn đắm chìm hoàn toàn vào thế giới game mà không bị gián đoạn. Trọng lượng siêu nhẹ chỉ 236 gram cùng thiết kế băng đô có thể điều chỉnh và đệm tai bằng vải thoáng khí mang lại sự thoải mái tối đa ngay cả trong những phiên chơi game kéo dài. Micro có thể lật lên để tắt tiếng và điều chỉnh vị trí dễ dàng, đảm bảo giao tiếp rõ ràng với đồng đội. Màng loa lớn 40mm mang đến âm thanh sống động, chi tiết và cân bằng, giúp bạn nghe rõ từng bước chân, tiếng súng hay mọi âm thanh quan trọng trong game. Thời lượng pin lên đến 33 giờ chơi liên tục chỉ với một lần sạc, bạn có thể thoải mái chiến đấu suốt ngày đêm. Tương thích đa nền tảng với PC, PlayStation, Nintendo Switch và các thiết bị di động khác thông qua bộ thu USB LIGHTSPEED, mang đến sự linh hoạt tối đa. Tai nghe còn tích hợp các nút điều khiển âm lượng và tắt tiếng ngay trên củ tai, giúp bạn dễ dàng tùy chỉnh mà không cần rời khỏi trận đấu. Thiết kế màu đen mạnh mẽ, hiện đại, phù hợp với mọi dàn PC gaming. Logitech G535 LIGHTSPEED Wireless Black không chỉ là một chiếc tai nghe, mà còn là vũ khí bí mật giúp bạn chinh phục mọi chiến trường ảo.',
        1, 'https://product.hstatic.net/200000722513/product/tech-g535-lightspeed-wireless-black-1_4185ee7505e341c3a8ad51b2c87009b1_5190e6a3ab164f1cbdc92e83d9f7d68e.png'
    );
INSERT INTO product_category (product_id, category_id) VALUES (148, 24);
INSERT INTO product_variant (
        product_id, name, seo_name, supplier_id, price, price_sale, quantity, sku, model, barcode, 
        specifications, description, warranty, image_url, release_at, created_by)
        VALUES ( 148, 'Tai nghe Logitech G535 LIGHTSPEED Wireless Black', 'tai-nghe-logitech-g535-lightspeed-wireless-black',
            1, 3299000, 2550000, 10, 'TAI-LOG-G535-LS-WL-BLACK',
            'TAI-LOG-G535-LS-WL-BLACK', 'TAI-LOG-G535-LS-WL-BLACK',
            '{"Thương hiệu": "Logitech", "Bảo hành": "24 tháng", "Series/Model": "G535", "Màu sắc": "Đen", "Thời lượng pin": "Có thể lên đến 33 giờ", "Kiểu tai nghe": "Over-ear", "Trọng lượng": "236g", "Drivers": "40 mm", "Kết nối": "Không dây LIGHTSPEED USB receiver", "Độ nhạy": "87.5 dB SPL/mW", "Microphone": "Có", "Trở kháng": "36 Ohms", "Tần số": "20Hz-20KHz", "Phạm vi kết nối không dây": "12 m", "Tương thích": "Windows 10 và macOS X 10.14"}',
            'Tai nghe Logitech G535 LIGHTSPEED Wireless Black là lựa chọn hoàn hảo cho game thủ yêu cầu sự tự do di chuyển và chất lượng âm thanh đỉnh cao. Với công nghệ không dây LIGHTSPEED tiên tiến, bạn sẽ trải nghiệm độ trễ siêu thấp, kết nối ổn định và phạm vi hoạt động lên đến 20 mét, cho phép bạn đắm chìm hoàn toàn vào thế giới game mà không bị gián đoạn. Trọng lượng siêu nhẹ chỉ 236 gram cùng thiết kế băng đô có thể điều chỉnh và đệm tai bằng vải thoáng khí mang lại sự thoải mái tối đa ngay cả trong những phiên chơi game kéo dài. Micro có thể lật lên để tắt tiếng và điều chỉnh vị trí dễ dàng, đảm bảo giao tiếp rõ ràng với đồng đội. Màng loa lớn 40mm mang đến âm thanh sống động, chi tiết và cân bằng, giúp bạn nghe rõ từng bước chân, tiếng súng hay mọi âm thanh quan trọng trong game. Thời lượng pin lên đến 33 giờ chơi liên tục chỉ với một lần sạc, bạn có thể thoải mái chiến đấu suốt ngày đêm. Tương thích đa nền tảng với PC, PlayStation, Nintendo Switch và các thiết bị di động khác thông qua bộ thu USB LIGHTSPEED, mang đến sự linh hoạt tối đa. Tai nghe còn tích hợp các nút điều khiển âm lượng và tắt tiếng ngay trên củ tai, giúp bạn dễ dàng tùy chỉnh mà không cần rời khỏi trận đấu. Thiết kế màu đen mạnh mẽ, hiện đại, phù hợp với mọi dàn PC gaming. Logitech G535 LIGHTSPEED Wireless Black không chỉ là một chiếc tai nghe, mà còn là vũ khí bí mật giúp bạn chinh phục mọi chiến trường ảo.',
            24, 'https://product.hstatic.net/200000722513/product/tech-g535-lightspeed-wireless-black-1_4185ee7505e341c3a8ad51b2c87009b1_5190e6a3ab164f1cbdc92e83d9f7d68e.png', '2023-06-02T12:41:37+00:00',1);
        
INSERT INTO product_image (name, product_variant_id, image_url, is_main)
VALUES
    ('Ảnh 1', 148, 'https://product.hstatic.net/200000722513/product/tech-g535-lightspeed-wireless-black-1_4185ee7505e341c3a8ad51b2c87009b1_5190e6a3ab164f1cbdc92e83d9f7d68e.png', TRUE),
    ('Ảnh 2', 148, 'https://product.hstatic.net/200000722513/product/tech-g535-lightspeed-wireless-black-1_672085da242141dfa6270ac0c23bbf2c_4efce16aa066410aba85747a6a53487d.jpg', FALSE),
    ('Ảnh 3', 148, 'https://product.hstatic.net/200000722513/product/tech-g535-lightspeed-wireless-black-2_f158e8d3772e49dea388076a834a1382_1c0edcdd27f84c4aac914ba0414d1af3.jpg', FALSE),
    ('Ảnh 4', 148, 'https://product.hstatic.net/200000722513/product/tech-g535-lightspeed-wireless-black-3_243a02d2e2e0494f9306f80acb885c64_7c08b85a1b60447b9517e72185dbb88a.jpg', FALSE),
    ('Ảnh 5', 148, 'https://product.hstatic.net/200000722513/product/tech-g535-lightspeed-wireless-black-4_0a07e94e46654ab5819ffc70580c1a2b_5031214907194d669360ea8abb2e6d98.jpg', FALSE),
    ('Ảnh 6', 148, 'https://product.hstatic.net/200000722513/product/tech-g535-lightspeed-wireless-black-5_91432be7171140b18524af61f2abe0ce_83d83e9df8d249338c5f94945b95b737.jpg', FALSE),
    ('Ảnh 7', 148, 'https://product.hstatic.net/200000722513/product/tech-g535-lightspeed-wireless-black-6_c496d5b1b4f04d35af356137bb6e6fea_6278fb4b750e475d9b76b63aaf3c5576.jpg', FALSE),
    ('Ảnh 8', 148, 'https://product.hstatic.net/200000722513/product/tech-g535-lightspeed-wireless-black-7_ef9599dfcd6b40198ed8a20eca292920_b73ddd45224746068744e233134d300d.jpg', FALSE);
---
INSERT INTO product (name, seo_name, brand_id, specifications, description, created_by, image_url) 
    VALUES (
        'Tai nghe Logitech G733 LIGHTSPEED Wireless Lilac', 'tai-nghe-logitech-g733-lightspeed-wireless-lilac', 13,
        '{"Kết nối": "Cổng USB Type-A 2.0", "Thời gian sử dụng": "Không chiếu sáng: 29 giờ, Chiếu sáng: 20 giờ", "Khả năng tương thích": "Hệ điều hành Windows 7 trở lên, macOS X 10.12 trở lên, hoặc máy chơi game PlayStation 4", "Màng loa": "PRO-G 40 mm", "Dải tần số đáp ứng": "100 Hz - 10 KHz", "Trở kháng": "39 Ohm (thụ động), 5k Ohm (chủ động)", "Độ nhạy": "87,5 dB SPL/mW", "Kiểu thu âm micro": "Cardioid (đơn hướng)", "Kích thước micro": "6 mm", "Phạm vi không dây": "Lên đến 20m", "Loại kết nối": "LIGHTSPEED không dây qua USB", "Phụ kiện đi kèm": "Quai đeo mềm hai mặt, Mic có thể tháo rời, Đầu thu không dây LIGHTSPEED (USB-A), Dây cáp sạc USB-C tới USB-A", "Kích thước": "Độ dài: 194 mm, Chiều rộng: 190 mm, Chiều sâu: 83 mm", "Trọng lượng": "278 g"}',
        'Tai nghe Logitech G733 LIGHTSPEED Wireless Lilac mang đến trải nghiệm âm thanh không dây đỉnh cao, kết hợp với thiết kế thời thượng và công nghệ tiên tiến. Được trang bị công nghệ không dây LIGHTSPEED độc quyền của Logitech G, G733 đảm bảo kết nối siêu ổn định và độ trễ cực thấp, cho phép bạn đắm chìm hoàn toàn vào thế giới game hoặc âm nhạc mà không bị gián đoạn. Công nghệ âm thanh PRO-G với màng loa làm từ vật liệu lưới độc đáo giúp tái tạo âm thanh chi tiết, rõ ràng, từ tiếng bước chân tinh tế đến những vụ nổ hoành tráng, mang lại lợi thế cạnh tranh trong mọi cuộc chơi. Microphone định hướng tiên tiến BLUE VO!CE với khả năng lọc tiếng ồn và hiệu chỉnh giọng nói theo thời gian thực, đảm bảo đồng đội của bạn luôn nghe rõ từng lời nói, ngay cả trong môi trường ồn ào. Thiết kế siêu nhẹ với trọng lượng chỉ khoảng 278g, cùng với đệm tai bằng mút hoạt tính thoáng khí và dây đeo đầu có thể điều chỉnh, mang lại sự thoải mái tối đa ngay cả khi sử dụng trong thời gian dài. Hệ thống đèn LED RGB LIGHTSYNC tùy chỉnh cho phép bạn cá nhân hóa phong cách của mình với hàng triệu màu sắc và các hiệu ứng động độc đáo, tạo nên một không gian giải trí đầy màu sắc và cá tính. Pin sạc cho thời lượng sử dụng lên đến 29 giờ, đủ sức đáp ứng nhu cầu giải trí cả ngày. Tương thích đa nền tảng với PC, PlayStation, Nintendo Switch và thiết bị di động, G733 Lilac là lựa chọn hoàn hảo cho mọi game thủ và người yêu âm nhạc. Sản phẩm nổi bật với gam màu Lilac (tím oải hương) pastel dịu dàng, mang đến vẻ ngoài thanh lịch và độc đáo, phù hợp với mọi phong cách. Với Logitech G733 LIGHTSPEED Wireless Lilac, bạn không chỉ sở hữu một thiết bị âm thanh chất lượng cao mà còn là một tuyên ngôn về phong cách cá nhân.',
        1, 'https://product.hstatic.net/200000722513/product/71ffzv1rkzl._ac_sl1500_1_866730414efa4f1e9477e7bc6472bd2d_361fa5af17db4aed818cc91c377cc2d6.jpg'
    );
INSERT INTO product_category (product_id, category_id) VALUES (149, 24);
INSERT INTO product_variant (
        product_id, name, seo_name, supplier_id, price, price_sale, quantity, sku, model, barcode, 
        specifications, description, warranty, image_url, release_at, created_by)
        VALUES ( 149, 'Tai nghe Logitech G733 LIGHTSPEED Wireless Lilac', 'tai-nghe-logitech-g733-lightspeed-wireless-lilac',
            1, 2990000, 2390000, 10, 'TAI-LOG-G733-LS-WL-LILAC',
            'TAI-LOG-G733-LS-WL-LILAC', 'TAI-LOG-G733-LS-WL-LILAC',
            '{"Kết nối": "Cổng USB Type-A 2.0", "Thời gian sử dụng": "Không chiếu sáng: 29 giờ, Chiếu sáng: 20 giờ", "Khả năng tương thích": "Hệ điều hành Windows 7 trở lên, macOS X 10.12 trở lên, hoặc máy chơi game PlayStation 4", "Màng loa": "PRO-G 40 mm", "Dải tần số đáp ứng": "100 Hz - 10 KHz", "Trở kháng": "39 Ohm (thụ động), 5k Ohm (chủ động)", "Độ nhạy": "87,5 dB SPL/mW", "Kiểu thu âm micro": "Cardioid (đơn hướng)", "Kích thước micro": "6 mm", "Phạm vi không dây": "Lên đến 20m", "Loại kết nối": "LIGHTSPEED không dây qua USB", "Phụ kiện đi kèm": "Quai đeo mềm hai mặt, Mic có thể tháo rời, Đầu thu không dây LIGHTSPEED (USB-A), Dây cáp sạc USB-C tới USB-A", "Kích thước": "Độ dài: 194 mm, Chiều rộng: 190 mm, Chiều sâu: 83 mm", "Trọng lượng": "278 g"}',
            'Tai nghe Logitech G733 LIGHTSPEED Wireless Lilac mang đến trải nghiệm âm thanh không dây đỉnh cao, kết hợp với thiết kế thời thượng và công nghệ tiên tiến. Được trang bị công nghệ không dây LIGHTSPEED độc quyền của Logitech G, G733 đảm bảo kết nối siêu ổn định và độ trễ cực thấp, cho phép bạn đắm chìm hoàn toàn vào thế giới game hoặc âm nhạc mà không bị gián đoạn. Công nghệ âm thanh PRO-G với màng loa làm từ vật liệu lưới độc đáo giúp tái tạo âm thanh chi tiết, rõ ràng, từ tiếng bước chân tinh tế đến những vụ nổ hoành tráng, mang lại lợi thế cạnh tranh trong mọi cuộc chơi. Microphone định hướng tiên tiến BLUE VO!CE với khả năng lọc tiếng ồn và hiệu chỉnh giọng nói theo thời gian thực, đảm bảo đồng đội của bạn luôn nghe rõ từng lời nói, ngay cả trong môi trường ồn ào. Thiết kế siêu nhẹ với trọng lượng chỉ khoảng 278g, cùng với đệm tai bằng mút hoạt tính thoáng khí và dây đeo đầu có thể điều chỉnh, mang lại sự thoải mái tối đa ngay cả khi sử dụng trong thời gian dài. Hệ thống đèn LED RGB LIGHTSYNC tùy chỉnh cho phép bạn cá nhân hóa phong cách của mình với hàng triệu màu sắc và các hiệu ứng động độc đáo, tạo nên một không gian giải trí đầy màu sắc và cá tính. Pin sạc cho thời lượng sử dụng lên đến 29 giờ, đủ sức đáp ứng nhu cầu giải trí cả ngày. Tương thích đa nền tảng với PC, PlayStation, Nintendo Switch và thiết bị di động, G733 Lilac là lựa chọn hoàn hảo cho mọi game thủ và người yêu âm nhạc. Sản phẩm nổi bật với gam màu Lilac (tím oải hương) pastel dịu dàng, mang đến vẻ ngoài thanh lịch và độc đáo, phù hợp với mọi phong cách. Với Logitech G733 LIGHTSPEED Wireless Lilac, bạn không chỉ sở hữu một thiết bị âm thanh chất lượng cao mà còn là một tuyên ngôn về phong cách cá nhân.',
            24, 'https://product.hstatic.net/200000722513/product/71ffzv1rkzl._ac_sl1500_1_866730414efa4f1e9477e7bc6472bd2d_361fa5af17db4aed818cc91c377cc2d6.jpg', '2023-06-02T23:59:17+00:00',1);
        
INSERT INTO product_image (name, product_variant_id, image_url, is_main)
VALUES
    ('Ảnh 1', 149, 'https://product.hstatic.net/200000722513/product/71ffzv1rkzl._ac_sl1500_1_866730414efa4f1e9477e7bc6472bd2d_361fa5af17db4aed818cc91c377cc2d6.jpg', TRUE),
    ('Ảnh 2', 149, 'https://product.hstatic.net/200000722513/product/71fbjvmv3ll._ac_sl1500__0993350b218d4640975c694394f8e40b_38efb5faabde41fab2726b9152294864.jpg', FALSE),
    ('Ảnh 3', 149, 'https://product.hstatic.net/200000722513/product/71ic0xwzwvl._ac_sl1500__cfdf9917bfa74d278fbb64444f3f784e_0a134279d72449dc9b6edaa3c484de42.jpg', FALSE),
    ('Ảnh 4', 149, 'https://product.hstatic.net/200000722513/product/71qxxqhh2el._ac_sl1500__cd7a47012513464eb0998b013766935f_c282c13cc5154a9b9021ec47c90c02e6.jpg', FALSE),
    ('Ảnh 5', 149, 'https://product.hstatic.net/200000722513/product/71x4tjhb4hl._ac_sl1500__cee2acdfa5f74b02a6ef1ed32e7301e1_530770e0659c4ce1a47fbf07d893409d.jpg', FALSE),
    ('Ảnh 6', 149, 'https://product.hstatic.net/200000722513/product/81fpm7imabl._ac_sl1500__ed5a22521dcd4c2a84d34033ff02d5e1_ea023b3993e149efb412c513945b8a95.jpg', FALSE),
    ('Ảnh 7', 149, 'https://product.hstatic.net/200000722513/product/81xmss4fb4l._ac_sl1500__9cb7b30b4da646b8a8bdbee94d1e5a0e_f578a929d4544cb9b8334abca9c92f11.jpg', FALSE),
    ('Ảnh 8', 149, 'https://product.hstatic.net/200000722513/product/71cczw09dhl._ac_sl1500__054bc0bd007949deaec480cff7057031_a7d86586d58449e0a6d5d30095e994af.jpg', FALSE);
---
INSERT INTO product (name, seo_name, brand_id, specifications, description, created_by, image_url) 
    VALUES (
        'Tai nghe Logitech G331', 'tai-nghe-logitech-g331', 13,
        '{"Thương hiệu:": "Logitech", "Bảo hành:": "24 tháng", "Series/Model:": "G331", "Màu sắc:": "Đen", "Kiểu tai nghe:": "Over-ear", "Kiểu kết nối:": "Có dây", "LED:": "Không", "Chuẩn kết nối:": "3.5mm", "Microphone:": "Có thể gấp gọn khi không sử dụng", "Trở kháng:": "32 Ohm @ 1 kHz", "Tần số:": "20Hz - 20KHz", "Khả năng cách âm:": "Có", "Chất liệu khung:": "Hợp kim", "Chất liệu đệm tai nghe:": "Da mềm", "Phụ kiện đi kèm:": "Hướng dẫn sử dụng, Dây chia tín hiệu 1-to-2 3.5mm", "Tương thích:": "Windows / MacOS / PlayStation 4 / Nintendo Switch / Smartphone có jack 3.5mm", "Chức năng đặc biệt:": "Không"}',
        'Tai nghe Logitech G Pro X Gaming Headset là một thiết bị âm thanh đỉnh cao, được thiết kế đặc biệt cho các game thủ chuyên nghiệp và những người đam mê trải nghiệm âm thanh sống động, chân thực nhất. Với công nghệ Blue VO!CE tiên tiến, G Pro X mang đến khả năng tùy chỉnh giọng nói vượt trội, giúp bạn có thể điều chỉnh micro để giọng nói của mình trở nên rõ ràng, sắc nét và chuyên nghiệp hơn bao giờ hết trong mọi cuộc giao tiếp với đồng đội. Hệ thống driver PRO-G sử dụng màng lưới dệt độc đáo, mang lại âm thanh cực kỳ chính xác và cân bằng, từ những tiếng bước chân tinh tế nhất đến những vụ nổ mạnh mẽ, giúp bạn dễ dàng định vị kẻ địch và phản ứng nhanh chóng trong mọi tình huống game. Thiết kế chụp tai bằng vật liệu cao cấp mang lại sự thoải mái tối đa ngay cả khi sử dụng trong thời gian dài, trong khi phần đệm tai có thể thay thế giúp bạn tùy chỉnh theo sở thích cá nhân. Khung tai nghe bằng thép và vật liệu bền bỉ đảm bảo độ chắc chắn và tuổi thọ cao. Tai nghe Logitech G Pro X tương thích rộng rãi với nhiều nền tảng khác nhau, bao gồm PC, PlayStation, Xbox và Nintendo Switch, mang đến sự linh hoạt tối đa cho người dùng. Đây không chỉ là một chiếc tai nghe, mà là một công cụ đắc lực giúp bạn chinh phục mọi thử thách trong thế giới game.',
        1, 'https://product.hstatic.net/200000722513/product/gvn_log_g331_84c98419c68c422a92eb2ee5a955cba9_2237e2d582c346f3aafc0d4b8987f150.png'
    );
INSERT INTO product_category (product_id, category_id) VALUES (150, 24);
INSERT INTO product_variant (
        product_id, name, seo_name, supplier_id, price, price_sale, quantity, sku, model, barcode, 
        specifications, description, warranty, image_url, release_at, created_by)
        VALUES ( 150, 'Tai nghe Logitech G331', 'tai-nghe-logitech-g331',
            1, 1549000, 990000, 10, 'TAI-LOG-G331',
            'TAI-LOG-G331', 'TAI-LOG-G331',
            '{"Thương hiệu:": "Logitech", "Bảo hành:": "24 tháng", "Series/Model:": "G331", "Màu sắc:": "Đen", "Kiểu tai nghe:": "Over-ear", "Kiểu kết nối:": "Có dây", "LED:": "Không", "Chuẩn kết nối:": "3.5mm", "Microphone:": "Có thể gấp gọn khi không sử dụng", "Trở kháng:": "32 Ohm @ 1 kHz", "Tần số:": "20Hz - 20KHz", "Khả năng cách âm:": "Có", "Chất liệu khung:": "Hợp kim", "Chất liệu đệm tai nghe:": "Da mềm", "Phụ kiện đi kèm:": "Hướng dẫn sử dụng, Dây chia tín hiệu 1-to-2 3.5mm", "Tương thích:": "Windows / MacOS / PlayStation 4 / Nintendo Switch / Smartphone có jack 3.5mm", "Chức năng đặc biệt:": "Không"}',
            'Tai nghe Logitech G Pro X Gaming Headset là một thiết bị âm thanh đỉnh cao, được thiết kế đặc biệt cho các game thủ chuyên nghiệp và những người đam mê trải nghiệm âm thanh sống động, chân thực nhất. Với công nghệ Blue VO!CE tiên tiến, G Pro X mang đến khả năng tùy chỉnh giọng nói vượt trội, giúp bạn có thể điều chỉnh micro để giọng nói của mình trở nên rõ ràng, sắc nét và chuyên nghiệp hơn bao giờ hết trong mọi cuộc giao tiếp với đồng đội. Hệ thống driver PRO-G sử dụng màng lưới dệt độc đáo, mang lại âm thanh cực kỳ chính xác và cân bằng, từ những tiếng bước chân tinh tế nhất đến những vụ nổ mạnh mẽ, giúp bạn dễ dàng định vị kẻ địch và phản ứng nhanh chóng trong mọi tình huống game. Thiết kế chụp tai bằng vật liệu cao cấp mang lại sự thoải mái tối đa ngay cả khi sử dụng trong thời gian dài, trong khi phần đệm tai có thể thay thế giúp bạn tùy chỉnh theo sở thích cá nhân. Khung tai nghe bằng thép và vật liệu bền bỉ đảm bảo độ chắc chắn và tuổi thọ cao. Tai nghe Logitech G Pro X tương thích rộng rãi với nhiều nền tảng khác nhau, bao gồm PC, PlayStation, Xbox và Nintendo Switch, mang đến sự linh hoạt tối đa cho người dùng. Đây không chỉ là một chiếc tai nghe, mà là một công cụ đắc lực giúp bạn chinh phục mọi thử thách trong thế giới game.',
            24, 'https://product.hstatic.net/200000722513/product/gvn_log_g331_84c98419c68c422a92eb2ee5a955cba9_2237e2d582c346f3aafc0d4b8987f150.png', '2023-06-02T11:43:56+00:00',1);
        
INSERT INTO product_image (name, product_variant_id, image_url, is_main)
VALUES
    ('Ảnh 1', 150, 'https://product.hstatic.net/200000722513/product/gvn_log_g331_84c98419c68c422a92eb2ee5a955cba9_2237e2d582c346f3aafc0d4b8987f150.png', TRUE),
    ('Ảnh 2', 150, 'https://product.hstatic.net/200000722513/product/gvn_log_g331a_d7223069ca7c480bb0f76a02346ffaab_2e250bb6e31948578243feb155961d10.jpg', FALSE),
    ('Ảnh 3', 150, 'https://product.hstatic.net/200000722513/product/gvn_log_g331b_2cb22e2a74e7476ca82bc6f063e42575_b06b6609a16e44b78a1cc03d570253bf.jpg', FALSE),
    ('Ảnh 4', 150, 'https://product.hstatic.net/200000722513/product/gvn_log_g331c_5fda4429e86d400ba1a8c92f4790ca26_b8d01013fe114d27a1fe1956c8e69e42.jpg', FALSE);
---
