INSERT INTO product (name, seo_name, brand_id, specifications, description, created_by, image_url) 
    VALUES (
        'Chuột ASUS ROG Strix Impact III Wireless', 'chuot-asus-rog-strix-impact-iii-wireless', 3,
        '{"Kết nối": "Bluetooth 5.1, RF 2.4GHz", "Loại pin": "Pin AA / AAA", "Thời lượng pin": "Lên đến 450 tiếng (không bật LED)", "Cảm biến": "ROG AimPoint", "Độ nhạy": "36000 DPI", "Switch chuột": "ROG 70M Mechanical Switch", "Tần số gửi tín hiệu chuột tới máy tính": "1000 Hz", "Kiểu chuột": "Claw grip, Fingertip grip", "Kích thước": "120(L) x 62(W) x 39(H) mm", "Trọng lượng không cáp": "57g (không bao gồm USB Dongle và pin), 68g (bao gồm pin AAA), 72g (bao gồm pin AA)", "Sẵn trong hộp": "1 x ROG Impact III Wireless gaming mouse, 1 x Wireless receiver, 1 x Quick start guide, 1 x Warranty booklet, 1 x AA battery, 1 x AAA battery, 1 x AAA to AA battery converter holder"}',
        'Chuột ASUS ROG Strix Impact III Wireless là một tuyệt phẩm công nghệ dành cho game thủ, được thiết kế để mang lại hiệu suất vượt trội và sự thoải mái tối đa. Với khả năng kết nối ba chế độ linh hoạt – 2.4GHz siêu nhanh, Bluetooth tiện lợi và chế độ có dây ổn định – người dùng có thể dễ dàng chuyển đổi tùy theo nhu cầu, đảm bảo trải nghiệm chơi game mượt mà, không gián đoạn. Trọng lượng siêu nhẹ chỉ 59 gram của Impact III Wireless giúp game thủ thực hiện các pha di chuyển chuột nhanh và chính xác mà không gây mỏi tay trong suốt thời gian dài sử dụng. Bên trong, chuột được trang bị cảm biến quang học ROG AimPoint tiên tiến với độ nhạy lên đến 36.000 DPI, cùng tốc độ theo dõi 650 IPS và gia tốc 50g, mang đến độ chính xác tuyệt đối, phản ứng tức thì cho mọi pha xử lý. Đặc biệt, ROG Strix Impact III Wireless tích hợp các công tắc micro ROG độc quyền, có tuổi thọ lên tới 70 triệu lượt nhấn, đảm bảo độ bền bỉ đáng kinh ngạc. Thiết kế socket công tắc đẩy-kéo thế hệ thứ hai cho phép người dùng dễ dàng tùy chỉnh hoặc thay thế công tắc, cá nhân hóa cảm giác nhấn theo ý muốn. Thời lượng pin ấn tượng cho phép người dùng đắm chìm vào thế giới game mà không lo lắng về việc sạc. Thiết kế đối xứng, công thái học cùng hệ thống đèn Aura Sync RGB càng làm tăng thêm vẻ đẹp và phong cách cho không gian gaming của bạn, biến mỗi trận đấu thành một trải nghiệm đỉnh cao.',
        1, 'https://product.hstatic.net/200000722513/product/impact-iii-wireless-1_b43da959481841769eb1899d9ce1e32e_1024x1024_thumb_56af8e8918cb40a48d3b2c92ec9e0139.jpg'
    );
INSERT INTO product_category (product_id, category_id) VALUES (435, 27);
INSERT INTO product_variant (
        product_id, name, seo_name, supplier_id, price, price_sale, quantity, sku, model, barcode, 
        specifications, description, warranty, image_url, release_at, created_by)
        VALUES ( 435, 'Chuột ASUS ROG Strix Impact III Wireless', 'chuot-asus-rog-strix-impact-iii-wireless',
            1, 1990000, 1090000, 10, 'CHU-ASUS-ROG-IMPACT-III-WL',
            'CHU-ASUS-ROG-IMPACT-III-WL', 'CHU-ASUS-ROG-IMPACT-III-WL',
            '{"Kết nối": "Bluetooth 5.1, RF 2.4GHz", "Loại pin": "Pin AA / AAA", "Thời lượng pin": "Lên đến 450 tiếng (không bật LED)", "Cảm biến": "ROG AimPoint", "Độ nhạy": "36000 DPI", "Switch chuột": "ROG 70M Mechanical Switch", "Tần số gửi tín hiệu chuột tới máy tính": "1000 Hz", "Kiểu chuột": "Claw grip, Fingertip grip", "Kích thước": "120(L) x 62(W) x 39(H) mm", "Trọng lượng không cáp": "57g (không bao gồm USB Dongle và pin), 68g (bao gồm pin AAA), 72g (bao gồm pin AA)", "Sẵn trong hộp": "1 x ROG Impact III Wireless gaming mouse, 1 x Wireless receiver, 1 x Quick start guide, 1 x Warranty booklet, 1 x AA battery, 1 x AAA battery, 1 x AAA to AA battery converter holder"}',
            'Chuột ASUS ROG Strix Impact III Wireless là một tuyệt phẩm công nghệ dành cho game thủ, được thiết kế để mang lại hiệu suất vượt trội và sự thoải mái tối đa. Với khả năng kết nối ba chế độ linh hoạt – 2.4GHz siêu nhanh, Bluetooth tiện lợi và chế độ có dây ổn định – người dùng có thể dễ dàng chuyển đổi tùy theo nhu cầu, đảm bảo trải nghiệm chơi game mượt mà, không gián đoạn. Trọng lượng siêu nhẹ chỉ 59 gram của Impact III Wireless giúp game thủ thực hiện các pha di chuyển chuột nhanh và chính xác mà không gây mỏi tay trong suốt thời gian dài sử dụng. Bên trong, chuột được trang bị cảm biến quang học ROG AimPoint tiên tiến với độ nhạy lên đến 36.000 DPI, cùng tốc độ theo dõi 650 IPS và gia tốc 50g, mang đến độ chính xác tuyệt đối, phản ứng tức thì cho mọi pha xử lý. Đặc biệt, ROG Strix Impact III Wireless tích hợp các công tắc micro ROG độc quyền, có tuổi thọ lên tới 70 triệu lượt nhấn, đảm bảo độ bền bỉ đáng kinh ngạc. Thiết kế socket công tắc đẩy-kéo thế hệ thứ hai cho phép người dùng dễ dàng tùy chỉnh hoặc thay thế công tắc, cá nhân hóa cảm giác nhấn theo ý muốn. Thời lượng pin ấn tượng cho phép người dùng đắm chìm vào thế giới game mà không lo lắng về việc sạc. Thiết kế đối xứng, công thái học cùng hệ thống đèn Aura Sync RGB càng làm tăng thêm vẻ đẹp và phong cách cho không gian gaming của bạn, biến mỗi trận đấu thành một trải nghiệm đỉnh cao.',
            24, 'https://product.hstatic.net/200000722513/product/impact-iii-wireless-1_b43da959481841769eb1899d9ce1e32e_1024x1024_thumb_56af8e8918cb40a48d3b2c92ec9e0139.jpg', '2024-02-20T07:45:29+00:00',1);
        
INSERT INTO product_image (name, product_variant_id, image_url, is_main)
VALUES
    ('Ảnh 1', 435, 'https://product.hstatic.net/200000722513/product/impact-iii-wireless-1_b43da959481841769eb1899d9ce1e32e_1024x1024_thumb_56af8e8918cb40a48d3b2c92ec9e0139.jpg', TRUE),
    ('Ảnh 2', 435, 'https://product.hstatic.net/200000722513/product/gearvn-chuot-asus-rog-strix-impact-iii-wireless-1_b43da959481841769eb1899d9ce1e32e.png', FALSE),
    ('Ảnh 3', 435, 'https://product.hstatic.net/200000722513/product/gearvn-chuot-asus-rog-strix-impact-iii-wireless-2_0fc88ee0fc9f47d3a39b29fe58925d3c.png', FALSE),
    ('Ảnh 4', 435, 'https://product.hstatic.net/200000722513/product/gearvn-chuot-asus-rog-strix-impact-iii-wireless-3_9d09229307594042bd301817051e8d0b.png', FALSE),
    ('Ảnh 5', 435, 'https://product.hstatic.net/200000722513/product/gearvn-chuot-asus-rog-strix-impact-iii-wireless-4_f9854e40798549ee968c02923eb65b47.png', FALSE),
    ('Ảnh 6', 435, 'https://product.hstatic.net/200000722513/product/gearvn-chuot-asus-rog-strix-impact-iii-wireless-5_3bd1495ac4f548fabfdc03491549a5d9.png', FALSE),
    ('Ảnh 7', 435, 'https://product.hstatic.net/200000722513/product/gearvn-chuot-asus-rog-strix-impact-iii-wireless-6_a592211a2f44458db0a3de1dccbb3c8d.png', FALSE);
---
INSERT INTO product (name, seo_name, brand_id, specifications, description, created_by, image_url) 
    VALUES (
        'Chuột Gaming Asus TUF M4 Wireless', 'chuot-gaming-asus-tuf-m4-wireless', 3,
        '{"Thương hiệu": "Asus", "Bảo hành": "24 tháng", "Model": "Chuột gaming không dây TUF GAMING M4 Wireless, siêu nhẹ, cảm biến 12.000 DPI, nắp vỏ bằng PBT, feet chuột 100% PTFE, tích hợp Armoury Crate", "Màu sắc": "Đen", "Kiểu kết nối": "Wireless 2.4GHz / Bluetooth 5.1", "Thời lượng pin": "Pin AA (2.4G: 134 giờ / BLE: 232 giờ), Pin AAA (2.4G: 53 giờ / BLE: 100 giờ)", "LED": "Không", "Kiểu thiết kế": "Công thái học", "Cảm biến": "Quang học", "Độ nhạy": "12.000 DPI", "Số nút bấm": "6 nút (có thể cấu hình dễ dàng và trực quan qua phần mềm Armory Crate độc quyền)", "Tuổi thọ switch": "60 triệu lần click", "Kích thước": "126 x 63.5 x 39.6 mm", "Khối lượng": "77g (khi dùng pin AAA & phụ kiện chuyển đổi), 86g (khi dùng pin AA)", "Phụ kiện": "1 x USB Wireless Dongle\nx1 Pin AA\nx1 Pin AAA\nx1 Bộ chuyển đổi Pin AAA sang Pin AA\nx1 Hướng dẫn nhanh\nx1 Thẻ bảo hành"}',
        'Chuột gaming Asus TUF Gaming M4 Wireless là chuột chơi game không dây nhỏ gọn, mang lại hiệu suất, độ tin cậy và sự thoải mái mà bạn tìm kiếm. Được thiết kế cho các phiên chơi game kéo dài, với feet chuột làm từ 100% PTFE và cảm biến quang học 12.000 dpi có độ chính xác cao, chuột cung cấp khả năng kiểm soát chính xác, tăng lợi thế trong trận chiến.',
        1, 'https://product.hstatic.net/200000722513/product/tuf-gaming-m4-wireless-02_56fe3b15890748738508eb07f20c43c5_large_thumb_d7bfc6df9d2d4aeb9fc22906a8fee7ae.jpg'
    );
INSERT INTO product_category (product_id, category_id) VALUES (436, 27);
INSERT INTO product_variant (
        product_id, name, seo_name, supplier_id, price, price_sale, quantity, sku, model, barcode, 
        specifications, description, warranty, image_url, release_at, created_by)
        VALUES ( 436, 'Chuột Gaming Asus TUF M4 Wireless', 'chuot-gaming-asus-tuf-m4-wireless',
            1, 1190000, 790000, 10, 'CHU-ASUS-TUF-M4-WL',
            'CHU-ASUS-TUF-M4-WL', 'CHU-ASUS-TUF-M4-WL',
            '{"Thương hiệu": "Asus", "Bảo hành": "24 tháng", "Model": "Chuột gaming không dây TUF GAMING M4 Wireless, siêu nhẹ, cảm biến 12.000 DPI, nắp vỏ bằng PBT, feet chuột 100% PTFE, tích hợp Armoury Crate", "Màu sắc": "Đen", "Kiểu kết nối": "Wireless 2.4GHz / Bluetooth 5.1", "Thời lượng pin": "Pin AA (2.4G: 134 giờ / BLE: 232 giờ), Pin AAA (2.4G: 53 giờ / BLE: 100 giờ)", "LED": "Không", "Kiểu thiết kế": "Công thái học", "Cảm biến": "Quang học", "Độ nhạy": "12.000 DPI", "Số nút bấm": "6 nút (có thể cấu hình dễ dàng và trực quan qua phần mềm Armory Crate độc quyền)", "Tuổi thọ switch": "60 triệu lần click", "Kích thước": "126 x 63.5 x 39.6 mm", "Khối lượng": "77g (khi dùng pin AAA & phụ kiện chuyển đổi), 86g (khi dùng pin AA)", "Phụ kiện": "1 x USB Wireless Dongle\nx1 Pin AA\nx1 Pin AAA\nx1 Bộ chuyển đổi Pin AAA sang Pin AA\nx1 Hướng dẫn nhanh\nx1 Thẻ bảo hành"}',
            'Chuột gaming Asus TUF Gaming M4 Wireless là chuột chơi game không dây nhỏ gọn, mang lại hiệu suất, độ tin cậy và sự thoải mái mà bạn tìm kiếm. Được thiết kế cho các phiên chơi game kéo dài, với feet chuột làm từ 100% PTFE và cảm biến quang học 12.000 dpi có độ chính xác cao, chuột cung cấp khả năng kiểm soát chính xác, tăng lợi thế trong trận chiến.',
            24, 'https://product.hstatic.net/200000722513/product/tuf-gaming-m4-wireless-02_56fe3b15890748738508eb07f20c43c5_large_thumb_d7bfc6df9d2d4aeb9fc22906a8fee7ae.jpg', '2023-06-02T19:15:33+00:00',1);
        
INSERT INTO product_image (name, product_variant_id, image_url, is_main)
VALUES
    ('Ảnh 1', 436, 'https://product.hstatic.net/200000722513/product/tuf-gaming-m4-wireless-02_56fe3b15890748738508eb07f20c43c5_large_thumb_d7bfc6df9d2d4aeb9fc22906a8fee7ae.jpg', TRUE),
    ('Ảnh 2', 436, 'https://product.hstatic.net/200000722513/product/tuf-gaming-m4-wireless-02_56fe3b15890748738508eb07f20c43c5.jpg', FALSE),
    ('Ảnh 3', 436, 'https://product.hstatic.net/200000722513/product/tuf-gaming-m4-wireless-06_fec0b20587cf4067868e7178a95ebc82.jpg', FALSE),
    ('Ảnh 4', 436, 'https://product.hstatic.net/200000722513/product/tuf-gaming-m4-wireless-04_246e3e5ac7e54112b7d7ebe698f0fd1d.jpg', FALSE),
    ('Ảnh 5', 436, 'https://product.hstatic.net/200000722513/product/tuf-gaming-m4-wireless-01_7417eaf359974d01a42eda3d0bbd4cb2.jpg', FALSE),
    ('Ảnh 6', 436, 'https://product.hstatic.net/200000722513/product/tuf-gaming-m4-wireless-03_cbac9f98dbec427884914b2dd01695f7.jpg', FALSE),
    ('Ảnh 7', 436, 'https://product.hstatic.net/200000722513/product/tuf-gaming-m4-wireless-07_d8187fe16c294d57853bd072dcaa2d85.jpg', FALSE),
    ('Ảnh 8', 436, 'https://product.hstatic.net/200000722513/product/tuf-gaming-m4-wireless-05_b0a78bd14a354fff8ce8f34d57f94c62.jpg', FALSE);
---
INSERT INTO product (name, seo_name, brand_id, specifications, description, created_by, image_url) 
    VALUES (
        'Chuột Pulsar có dây Xlite Medium Black', 'chuot-pulsar-co-day-xlite-medium-black', 40,
        '{"Tên sản phẩm": "Chuột Pulsar có dây Xlite Medium Black", "Thương hiệu": "Pulsar", "Mẫu mã": "Xlite", "Kích thước": "Medium", "Màu sắc": "Black", "Loại kết nối": "Có dây", "Cảm biến": "Flawless optical sensor", "Độ phân giải tối đa": "26000 DPI", "Tần số giao tiếp": "1000Hz", "Trọng lượng": "59g", "Loại switch": "Huano micro switches", "Số nút bấm": "5", "Độ bền nút bấm": "70 triệu lần nhấn", "Độ dài dây cáp": "1.8m", "Chất liệu": "Nhựa ABS", "Hệ điều hành tương thích": "Windows, macOS, Linux"}',
        'Chuột Pulsar Xlite Medium Black là một sản phẩm đáng chú ý trong thế giới gaming gear, được thiết kế để mang đến trải nghiệm chơi game tối ưu cho game thủ chuyên nghiệp và những người đam mê công nghệ. Với thiết kế nhẹ nhàng cùng các tính năng công nghệ tiên tiến, Xlite Medium Black hứa hẹn sẽ là lựa chọn hàng đầu cho những ai tìm kiếm một con chuột có hiệu suất cao.\n\nPulsar Xlite Medium Black được thiết kế với trọng lượng chỉ khoảng 62 gam, mang đến cảm giác thoải mái và linh hoạt cho người sử dụng. Đặc biệt, chuột có kiểu dáng công thái học giúp người dùng dễ dàng thao tác, ngay cả khi sử dụng trong thời gian dài. Điều này giúp giảm thiểu mệt mỏi cho cổ tay và bàn tay, đặc biệt trong các trận đấu kéo dài.\n\n**Độ phân giải cao và cảm biến nhạy bén**\nPulsar Xlite Medium Black sở hữu cảm biến PMW 3389, cho phép người dùng điều chỉnh độ phân giải từ 100 đến 16,000 DPI. Điều này giúp bạn có thể linh hoạt điều chỉnh mức độ nhạy theo nhu cầu của từng trò chơi, từ các game FPS cho đến các thể loại game chiến thuật như MOBA.\n\n**Thiết kế nhẹ và bền bỉ**\nMột trong những ưu điểm nổi bật nhất của Xlite Medium Black là trọng lượng nhẹ và thiết kế đơn giản, không chỉ tạo cảm giác dễ chịu khi sử dụng mà còn rất dễ dàng mang theo. Vỏ chuột được làm từ chất liệu bền bỉ, giúp tăng cường độ bền lâu dài khi sử dụng trong các trận đấu khốc liệt.\n\n**Cảm giác cầm nắm tối ưu**\nPulsar đã chú trọng đến cảm giác cầm nắm của người dùng với thiết kế công thái học hiện đại. Các chi tiết như phần lưng cong và bề mặt chống trượt được tối ưu hóa giúp người chơi thoải mái hơn khi điều khiển, từ đó nâng cao hiệu suất khi thi đấu.\n\n**Nút bấm nhanh nhạy**\nXlite Medium Black trang bị hệ thống nút bấm Omron, mang đến độ phản hồi nhanh và cảm giác chắc chắn khi nhấn. Bạn có thể dễ dàng tùy chỉnh các phím tắt, hỗ trợ tối đa trong các tình huống cần phản ứng nhanh.\n\n**Tùy chỉnh ánh sáng RGB**\nChuột được trang bị hệ thống đèn LED RGB, cho phép người dùng tùy chỉnh màu sắc và hiệu ứng ánh sáng theo ý thích. Thao tác đơn giản trên phần mềm đi kèm với sản phẩm giúp bạn dễ dàng tạo ra phong cách riêng cho thiết kế setup của mình.\n\nChuột Pulsar Xlite Medium Black không chỉ là một thiết bị giúp nâng cao trải nghiệm chơi game mà còn thể hiện phong cách cá nhân của người sử dụng. Với những đặc điểm nổi bật như độ nhạy cao, thiết kế nhẹ và độ bền bỉ, đây chính là lựa chọn lý tưởng cho những game thủ đang tìm kiếm sự hoàn hảo trong từng sản phẩm công nghệ gaming.\n\nHãy trải nghiệm Xlite Medium Black để cảm nhận sự khác biệt, và nâng cao kỹ năng chơi game của bạn ngay hôm nay!',
        1, 'https://product.hstatic.net/200000722513/product/pulsarxlitev3wiredgamingmouse_bl__4__fe1a838e9bdf4c3b8cebd68e337565c0.png'
    );
INSERT INTO product_category (product_id, category_id) VALUES (437, 27);
INSERT INTO product_variant (
        product_id, name, seo_name, supplier_id, price, price_sale, quantity, sku, model, barcode, 
        specifications, description, warranty, image_url, release_at, created_by)
        VALUES ( 437, 'Chuột Pulsar có dây Xlite Medium Black', 'chuot-pulsar-co-day-xlite-medium-black',
            1, 1390000, 890000, 10, 'CHU-PULSAR-XLITE-WIRED-MEDIUM-BLK',
            'CHU-PULSAR-XLITE-WIRED-MEDIUM-BLK', 'CHU-PULSAR-XLITE-WIRED-MEDIUM-BLK',
            '{"Tên sản phẩm": "Chuột Pulsar có dây Xlite Medium Black", "Thương hiệu": "Pulsar", "Mẫu mã": "Xlite", "Kích thước": "Medium", "Màu sắc": "Black", "Loại kết nối": "Có dây", "Cảm biến": "Flawless optical sensor", "Độ phân giải tối đa": "26000 DPI", "Tần số giao tiếp": "1000Hz", "Trọng lượng": "59g", "Loại switch": "Huano micro switches", "Số nút bấm": "5", "Độ bền nút bấm": "70 triệu lần nhấn", "Độ dài dây cáp": "1.8m", "Chất liệu": "Nhựa ABS", "Hệ điều hành tương thích": "Windows, macOS, Linux"}',
            'Chuột Pulsar Xlite Medium Black là một sản phẩm đáng chú ý trong thế giới gaming gear, được thiết kế để mang đến trải nghiệm chơi game tối ưu cho game thủ chuyên nghiệp và những người đam mê công nghệ. Với thiết kế nhẹ nhàng cùng các tính năng công nghệ tiên tiến, Xlite Medium Black hứa hẹn sẽ là lựa chọn hàng đầu cho những ai tìm kiếm một con chuột có hiệu suất cao.\n\nPulsar Xlite Medium Black được thiết kế với trọng lượng chỉ khoảng 62 gam, mang đến cảm giác thoải mái và linh hoạt cho người sử dụng. Đặc biệt, chuột có kiểu dáng công thái học giúp người dùng dễ dàng thao tác, ngay cả khi sử dụng trong thời gian dài. Điều này giúp giảm thiểu mệt mỏi cho cổ tay và bàn tay, đặc biệt trong các trận đấu kéo dài.\n\n**Độ phân giải cao và cảm biến nhạy bén**\nPulsar Xlite Medium Black sở hữu cảm biến PMW 3389, cho phép người dùng điều chỉnh độ phân giải từ 100 đến 16,000 DPI. Điều này giúp bạn có thể linh hoạt điều chỉnh mức độ nhạy theo nhu cầu của từng trò chơi, từ các game FPS cho đến các thể loại game chiến thuật như MOBA.\n\n**Thiết kế nhẹ và bền bỉ**\nMột trong những ưu điểm nổi bật nhất của Xlite Medium Black là trọng lượng nhẹ và thiết kế đơn giản, không chỉ tạo cảm giác dễ chịu khi sử dụng mà còn rất dễ dàng mang theo. Vỏ chuột được làm từ chất liệu bền bỉ, giúp tăng cường độ bền lâu dài khi sử dụng trong các trận đấu khốc liệt.\n\n**Cảm giác cầm nắm tối ưu**\nPulsar đã chú trọng đến cảm giác cầm nắm của người dùng với thiết kế công thái học hiện đại. Các chi tiết như phần lưng cong và bề mặt chống trượt được tối ưu hóa giúp người chơi thoải mái hơn khi điều khiển, từ đó nâng cao hiệu suất khi thi đấu.\n\n**Nút bấm nhanh nhạy**\nXlite Medium Black trang bị hệ thống nút bấm Omron, mang đến độ phản hồi nhanh và cảm giác chắc chắn khi nhấn. Bạn có thể dễ dàng tùy chỉnh các phím tắt, hỗ trợ tối đa trong các tình huống cần phản ứng nhanh.\n\n**Tùy chỉnh ánh sáng RGB**\nChuột được trang bị hệ thống đèn LED RGB, cho phép người dùng tùy chỉnh màu sắc và hiệu ứng ánh sáng theo ý thích. Thao tác đơn giản trên phần mềm đi kèm với sản phẩm giúp bạn dễ dàng tạo ra phong cách riêng cho thiết kế setup của mình.\n\nChuột Pulsar Xlite Medium Black không chỉ là một thiết bị giúp nâng cao trải nghiệm chơi game mà còn thể hiện phong cách cá nhân của người sử dụng. Với những đặc điểm nổi bật như độ nhạy cao, thiết kế nhẹ và độ bền bỉ, đây chính là lựa chọn lý tưởng cho những game thủ đang tìm kiếm sự hoàn hảo trong từng sản phẩm công nghệ gaming.\n\nHãy trải nghiệm Xlite Medium Black để cảm nhận sự khác biệt, và nâng cao kỹ năng chơi game của bạn ngay hôm nay!',
            24, 'https://product.hstatic.net/200000722513/product/pulsarxlitev3wiredgamingmouse_bl__4__fe1a838e9bdf4c3b8cebd68e337565c0.png', '2024-12-08T04:48:58+00:00',1);
        
INSERT INTO product_image (name, product_variant_id, image_url, is_main)
VALUES
    ('Ảnh 1', 437, 'https://product.hstatic.net/200000722513/product/pulsarxlitev3wiredgamingmouse_bl__4__fe1a838e9bdf4c3b8cebd68e337565c0.png', TRUE),
    ('Ảnh 2', 437, 'https://product.hstatic.net/200000722513/product/pulsarxlitev3wiredgamingmouse_bl__1__03fe063077dd4023b1ab1e09b490bd39.png', FALSE),
    ('Ảnh 3', 437, 'https://product.hstatic.net/200000722513/product/pulsarxlitev3wiredgamingmouse_bl__3__4056f55c26ce433aa6368f07b48d4cfa.png', FALSE),
    ('Ảnh 4', 437, 'https://product.hstatic.net/200000722513/product/pulsarxlitev3wiredgamingmouse_bl__2__3e0ef2dba16943ff91ff9bf7d9ca2970.png', FALSE);
---
INSERT INTO product (name, seo_name, brand_id, specifications, description, created_by, image_url) 
    VALUES (
        'Chuột Pulsar có dây X2 Medium Black', 'chuot-pulsar-co-day-x2-medium-black', 40,
        '{"Tên sản phẩm": "Chuột Pulsar có dây X2 Medium Black", "Thương hiệu": "Pulsar", "Model": "X2", "Màu sắc": "Đen", "Loại kết nối": "Có dây", "Kích thước": "Medium", "Cảm biến": "Quang học", "DPI tối đa": "26000", "Tần số giao tiếp": "1000Hz", "Trọng lượng": "55g", "Số nút": "6", "Switch": "Huano", "Đèn chiếu sáng": "Không có đèn RGB", "Loại dây": "Paracord", "Hỗ trợ hệ điều hành": "Windows, macOS, Linux", "Phần mềm đi kèm": "Pulsar Software"}',
        'Chuột Pulsar X2 Medium Black là một trong những sản phẩm gaming mouse được nhiều game thủ yêu thích hiện nay. Với thiết kế tối ưu và tính năng vượt trội, sản phẩm này hứa hẹn mang đến trải nghiệm chơi game mượt mà và chính xác. Trong bài viết này, hãy cùng tìm hiểu chi tiết về các đặc tính và tính năng nổi bật của chuột Pulsar X2 Medium Black.\n\n**Các đặc tính của Chuột Pulsar X2 Medium Black**\n\n*   **Thiết kế và kích thước:** Chuột Pulsar X2 Medium Black có thiết kế ergonomic, phù hợp với nhiều kiểu cầm nắm khác nhau của game thủ. Kích thước trung bình của chuột giúp nó dễ dàng nằm gọn trong lòng bàn tay, đồng thời mang lại cảm giác thoải mái khi sử dụng trong thời gian dài. Màu sắc đen sang trọng cùng với lớp hoàn thiện mịn màng cũng làm tăng thêm độ thẩm mỹ của sản phẩm.\n*   **Cảm biến cao cấp:** Một trong những đặc điểm nổi bật của chuột Pulsar X2 là trang bị cảm biến PAW3395, một cảm biến quang học hàng đầu trong ngành công nghiệp. Cảm biến này cho phép người dùng tùy chỉnh độ nhạy từ 100 đến 26,000 DPI, với các tùy chọn DPI preset nhanh chóng để đáp ứng nhu cầu sử dụng trong cả những trận đấu căng thẳng.\n*   **Tốc độ phản hồi nhanh:** Chuột Pulsar X2 có khả năng cung cấp tốc độ phản hồi nhanh chóng, lên đến 1ms. Điều này có nghĩa là mỗi cú click chuột hoặc di chuyển sẽ được truyền tải tức thời đến máy tính, giúp game thủ thực hiện các thao tác chính xác và nhanh nhạy hơn bao giờ hết.\n*   **Phím bấm chất lượng cao:** Sản phẩm này được trang bị các phím bấm chất lượng cao, có thể chịu được hàng triệu lần nhấn. Thiết kế phím bấm tối ưu cũng giúp việc thao tác trở nên dễ dàng và chính xác hơn, từ đó nâng cao hiệu suất chơi game cho người dùng.\n*   **Tùy chỉnh và phần mềm hỗ trợ:** Chuột Pulsar X2 Medium Black đi kèm với phần mềm tùy chỉnh mạnh mẽ, cho phép người dùng cấu hình các macro, thiết lập ánh sáng RGB và điều chỉnh các thiết lập khác. Điều này giúp cá nhân hóa trải nghiệm và tối ưu hóa chuột cho từng loại game hoặc phong cách chơi khác nhau.\n*   **Tính năng chống trượt và bền bỉ:** Với thiết kế chống trượt và vật liệu chất lượng cao, chuột Pulsar X2 đảm bảo độ bền bỉ trong quá trình sử dụng. Các feet chuột được làm từ vật liệu PTFE cao cấp, giúp tăng cường độ nhạy và mượt mà trong các chuyển động, đồng thời giảm thiểu ma sát khi chuột di chuyển trên bề mặt.\n\nTóm lại, chuột Pulsar X2 Medium Black là một lựa chọn tuyệt vời cho các game thủ đang tìm kiếm một thiết bị có hiệu suất cao và thiết kế ergonomic. Với các tính năng nổi bật như cảm biến quang học PAW3395, tốc độ phản hồi nhanh, phím bấm chất lượng và phần mềm hỗ trợ tùy chỉnh, sản phẩm này đáp ứng mọi nhu cầu của người dùng trong các trận đấu cạnh tranh. Hãy trải nghiệm sản phẩm để cảm nhận sự khác biệt mà nó mang lại cho phong cách chơi game của bạn.',
        1, 'https://product.hstatic.net/200000722513/product/pulsar-x2-wired-mouse_size2_blac_1df26fd9fef245859a0701659cd64a38.png'
    );
INSERT INTO product_category (product_id, category_id) VALUES (438, 27);
INSERT INTO product_variant (
        product_id, name, seo_name, supplier_id, price, price_sale, quantity, sku, model, barcode, 
        specifications, description, warranty, image_url, release_at, created_by)
        VALUES ( 438, 'Chuột Pulsar có dây X2 Medium Black', 'chuot-pulsar-co-day-x2-medium-black',
            1, 1390000, 890000, 10, 'CHU-PULSAR-X2-WIRED-MEDIUM-BLK',
            'CHU-PULSAR-X2-WIRED-MEDIUM-BLK', 'CHU-PULSAR-X2-WIRED-MEDIUM-BLK',
            '{"Tên sản phẩm": "Chuột Pulsar có dây X2 Medium Black", "Thương hiệu": "Pulsar", "Model": "X2", "Màu sắc": "Đen", "Loại kết nối": "Có dây", "Kích thước": "Medium", "Cảm biến": "Quang học", "DPI tối đa": "26000", "Tần số giao tiếp": "1000Hz", "Trọng lượng": "55g", "Số nút": "6", "Switch": "Huano", "Đèn chiếu sáng": "Không có đèn RGB", "Loại dây": "Paracord", "Hỗ trợ hệ điều hành": "Windows, macOS, Linux", "Phần mềm đi kèm": "Pulsar Software"}',
            'Chuột Pulsar X2 Medium Black là một trong những sản phẩm gaming mouse được nhiều game thủ yêu thích hiện nay. Với thiết kế tối ưu và tính năng vượt trội, sản phẩm này hứa hẹn mang đến trải nghiệm chơi game mượt mà và chính xác. Trong bài viết này, hãy cùng tìm hiểu chi tiết về các đặc tính và tính năng nổi bật của chuột Pulsar X2 Medium Black.\n\n**Các đặc tính của Chuột Pulsar X2 Medium Black**\n\n*   **Thiết kế và kích thước:** Chuột Pulsar X2 Medium Black có thiết kế ergonomic, phù hợp với nhiều kiểu cầm nắm khác nhau của game thủ. Kích thước trung bình của chuột giúp nó dễ dàng nằm gọn trong lòng bàn tay, đồng thời mang lại cảm giác thoải mái khi sử dụng trong thời gian dài. Màu sắc đen sang trọng cùng với lớp hoàn thiện mịn màng cũng làm tăng thêm độ thẩm mỹ của sản phẩm.\n*   **Cảm biến cao cấp:** Một trong những đặc điểm nổi bật của chuột Pulsar X2 là trang bị cảm biến PAW3395, một cảm biến quang học hàng đầu trong ngành công nghiệp. Cảm biến này cho phép người dùng tùy chỉnh độ nhạy từ 100 đến 26,000 DPI, với các tùy chọn DPI preset nhanh chóng để đáp ứng nhu cầu sử dụng trong cả những trận đấu căng thẳng.\n*   **Tốc độ phản hồi nhanh:** Chuột Pulsar X2 có khả năng cung cấp tốc độ phản hồi nhanh chóng, lên đến 1ms. Điều này có nghĩa là mỗi cú click chuột hoặc di chuyển sẽ được truyền tải tức thời đến máy tính, giúp game thủ thực hiện các thao tác chính xác và nhanh nhạy hơn bao giờ hết.\n*   **Phím bấm chất lượng cao:** Sản phẩm này được trang bị các phím bấm chất lượng cao, có thể chịu được hàng triệu lần nhấn. Thiết kế phím bấm tối ưu cũng giúp việc thao tác trở nên dễ dàng và chính xác hơn, từ đó nâng cao hiệu suất chơi game cho người dùng.\n*   **Tùy chỉnh và phần mềm hỗ trợ:** Chuột Pulsar X2 Medium Black đi kèm với phần mềm tùy chỉnh mạnh mẽ, cho phép người dùng cấu hình các macro, thiết lập ánh sáng RGB và điều chỉnh các thiết lập khác. Điều này giúp cá nhân hóa trải nghiệm và tối ưu hóa chuột cho từng loại game hoặc phong cách chơi khác nhau.\n*   **Tính năng chống trượt và bền bỉ:** Với thiết kế chống trượt và vật liệu chất lượng cao, chuột Pulsar X2 đảm bảo độ bền bỉ trong quá trình sử dụng. Các feet chuột được làm từ vật liệu PTFE cao cấp, giúp tăng cường độ nhạy và mượt mà trong các chuyển động, đồng thời giảm thiểu ma sát khi chuột di chuyển trên bề mặt.\n\nTóm lại, chuột Pulsar X2 Medium Black là một lựa chọn tuyệt vời cho các game thủ đang tìm kiếm một thiết bị có hiệu suất cao và thiết kế ergonomic. Với các tính năng nổi bật như cảm biến quang học PAW3395, tốc độ phản hồi nhanh, phím bấm chất lượng và phần mềm hỗ trợ tùy chỉnh, sản phẩm này đáp ứng mọi nhu cầu của người dùng trong các trận đấu cạnh tranh. Hãy trải nghiệm sản phẩm để cảm nhận sự khác biệt mà nó mang lại cho phong cách chơi game của bạn.',
            24, 'https://product.hstatic.net/200000722513/product/pulsar-x2-wired-mouse_size2_blac_1df26fd9fef245859a0701659cd64a38.png', '2024-12-08T04:48:56+00:00',1);
        
INSERT INTO product_image (name, product_variant_id, image_url, is_main)
VALUES
    ('Ảnh 1', 438, 'https://product.hstatic.net/200000722513/product/pulsar-x2-wired-mouse_size2_blac_1df26fd9fef245859a0701659cd64a38.png', TRUE),
    ('Ảnh 2', 438, 'https://product.hstatic.net/200000722513/product/pulsar-x2-wired-mouse_size2_blac__1__c385803f4a824991b61e487021bb1f26.png', FALSE),
    ('Ảnh 3', 438, 'https://product.hstatic.net/200000722513/product/pulsar-x2-wired-mouse_size2_blac__3__af77a0e490a843c1b84f8f12a723f3f5.png', FALSE),
    ('Ảnh 4', 438, 'https://product.hstatic.net/200000722513/product/pulsar-x2-wired-mouse_size2_blac__2__966f0a8e9ccc44e49c8202396f4dcf27.png', FALSE);
---
INSERT INTO product (name, seo_name, brand_id, specifications, description, created_by, image_url) 
    VALUES (
        'Chuột Pulsar có dây X2H Medium White', 'chuot-pulsar-co-day-x2h-medium-white', 40,
        '{"Tên sản phẩm": "Chuột Pulsar có dây X2H Medium White", "Thương hiệu": "Pulsar", "Model": "X2H", "Màu sắc": "Trắng", "Kích thước": "Medium", "Kết nối": "Có dây", "Cảm biến": "PixArt PAW3395", "DPI tối đa": "26000", "Polling Rate": "8000Hz", "Switch": "Huano switches", "Trọng lượng": "51g", "Chất liệu": "Nhựa ABS", "Cáp": "Cáp Paracord", "Độ dài cáp": "1.8m", "Phần mềm": "Pulsar Software", "Hệ điều hành tương thích": "Windows"}',
        'Chuột gaming đang trở thành một công cụ không thể thiếu trong mỗi bộ thiết bị chơi game của game thủ. Trong số đó, chuột Pulsar có dây X2H Medium White đã để lại ấn tượng mạnh với thiết kế hiện đại cùng nhiều tính năng ưu việt. Dưới đây là bài đánh giá chi tiết về sản phẩm này.\n\n**Thiết kế Ergonomic**\nChuột Pulsar X2H Medium White được thiết kế với kiểu dáng ergonomic tối ưu, giúp tăng cường sự thoải mái cho người dùng trong suốt thời gian dài sử dụng. Với kích thước vừa phải, sản phẩm phù hợp với hầu hết các kích cỡ bàn tay, từ game thủ có bàn tay nhỏ đến những người có bàn tay lớn.\n\n**Cảm biến quang học tiên tiến**\nSản phẩm trang bị cảm biến quang học với độ chính xác cao, lên tới 16.000 DPI, giúp người dùng dễ dàng điều chỉnh độ nhạy theo nhu cầu sử dụng. Công nghệ tiên tiến này đảm bảo bạn sẽ có những trải nghiệm chơi game mượt mà và chính xác, đặc biệt trong các tựa game cần sự nhạy bén cao.\n\n**Tốc độ phản hồi nhanh**\nChuột Pulsar X2H Medium White sở hữu tốc độ phản hồi tới 1000Hz, cho phép bạn thực hiện các hành động một cách nhanh chóng và mượt mà. Điều này cực kỳ quan trọng trong các trận đấu cạnh tranh khốc liệt khi mà từng giây phút đều có thể ảnh hưởng đến kết quả trận đấu.\n\n**Tuổi thọ cao và độ bền vượt trội**\nVới chất liệu bền bỉ và thiết kế chắc chắn, chuột X2H Medium White có thể chịu được những cú nhấp chuột liên tục mà không lo hỏng hóc. Tuổi thọ của các nút bấm lên đến 80 triệu lần nhấp, giúp game thủ yên tâm trong suốt quá trình sử dụng.\n\n**Dây cáp mềm dẻo**\nMột điểm cộng lớn cho chuột Pulsar X2H là dây cáp mềm dẻo, giúp giảm thiểu sự cản trở trong quá trình di chuyển. Dây cáp được thiết kế để không tạo ra độ cản và đảm bảo rằng bạn không cảm thấy khó chịu trong suốt buổi chơi game.\n\n**Phần mềm tùy chỉnh**\nChuột đi kèm với phần mềm Pulsar có thể tùy chỉnh, cho phép người dùng tùy chỉnh các nút bấm, điều chỉnh DPI và thậm chí là thay đổi màu sắc ánh sáng. Điều này mang lại cho người dùng sự linh hoạt tối đa và cải thiện trải nghiệm chơi game.\n\nChuột Pulsar X2H Medium White không chỉ có thiết kế đẹp mắt mà còn sở hữu nhiều tính năng ưu việt phù hợp với nhu cầu của game thủ chuyên nghiệp. Từ cảm biến quang học chính xác đến độ bền vượt trội, sản phẩm này thực sự là một lựa chọn tuyệt vời cho những ai đang tìm kiếm một chuột gaming có dây chất lượng cao. Nếu bạn đang cân nhắc việc nâng cấp thiết bị chơi game của mình, Pulsar X2H Medium White chắc chắn sẽ làm hài lòng bạn.',
        1, 'https://product.hstatic.net/200000722513/product/pulsarx2hwiredgamingmouse_white_c5aec83f27b9408d871c6159d4f1634b.png'
    );
INSERT INTO product_category (product_id, category_id) VALUES (439, 27);
INSERT INTO product_variant (
        product_id, name, seo_name, supplier_id, price, price_sale, quantity, sku, model, barcode, 
        specifications, description, warranty, image_url, release_at, created_by)
        VALUES ( 439, 'Chuột Pulsar có dây X2H Medium White', 'chuot-pulsar-co-day-x2h-medium-white',
            1, 1390000, 890000, 10, 'CHU-PULSAR-X2H-WIRED-MEDIUM-WHITE',
            'CHU-PULSAR-X2H-WIRED-MEDIUM-WHITE', 'CHU-PULSAR-X2H-WIRED-MEDIUM-WHITE',
            '{"Tên sản phẩm": "Chuột Pulsar có dây X2H Medium White", "Thương hiệu": "Pulsar", "Model": "X2H", "Màu sắc": "Trắng", "Kích thước": "Medium", "Kết nối": "Có dây", "Cảm biến": "PixArt PAW3395", "DPI tối đa": "26000", "Polling Rate": "8000Hz", "Switch": "Huano switches", "Trọng lượng": "51g", "Chất liệu": "Nhựa ABS", "Cáp": "Cáp Paracord", "Độ dài cáp": "1.8m", "Phần mềm": "Pulsar Software", "Hệ điều hành tương thích": "Windows"}',
            'Chuột gaming đang trở thành một công cụ không thể thiếu trong mỗi bộ thiết bị chơi game của game thủ. Trong số đó, chuột Pulsar có dây X2H Medium White đã để lại ấn tượng mạnh với thiết kế hiện đại cùng nhiều tính năng ưu việt. Dưới đây là bài đánh giá chi tiết về sản phẩm này.\n\n**Thiết kế Ergonomic**\nChuột Pulsar X2H Medium White được thiết kế với kiểu dáng ergonomic tối ưu, giúp tăng cường sự thoải mái cho người dùng trong suốt thời gian dài sử dụng. Với kích thước vừa phải, sản phẩm phù hợp với hầu hết các kích cỡ bàn tay, từ game thủ có bàn tay nhỏ đến những người có bàn tay lớn.\n\n**Cảm biến quang học tiên tiến**\nSản phẩm trang bị cảm biến quang học với độ chính xác cao, lên tới 16.000 DPI, giúp người dùng dễ dàng điều chỉnh độ nhạy theo nhu cầu sử dụng. Công nghệ tiên tiến này đảm bảo bạn sẽ có những trải nghiệm chơi game mượt mà và chính xác, đặc biệt trong các tựa game cần sự nhạy bén cao.\n\n**Tốc độ phản hồi nhanh**\nChuột Pulsar X2H Medium White sở hữu tốc độ phản hồi tới 1000Hz, cho phép bạn thực hiện các hành động một cách nhanh chóng và mượt mà. Điều này cực kỳ quan trọng trong các trận đấu cạnh tranh khốc liệt khi mà từng giây phút đều có thể ảnh hưởng đến kết quả trận đấu.\n\n**Tuổi thọ cao và độ bền vượt trội**\nVới chất liệu bền bỉ và thiết kế chắc chắn, chuột X2H Medium White có thể chịu được những cú nhấp chuột liên tục mà không lo hỏng hóc. Tuổi thọ của các nút bấm lên đến 80 triệu lần nhấp, giúp game thủ yên tâm trong suốt quá trình sử dụng.\n\n**Dây cáp mềm dẻo**\nMột điểm cộng lớn cho chuột Pulsar X2H là dây cáp mềm dẻo, giúp giảm thiểu sự cản trở trong quá trình di chuyển. Dây cáp được thiết kế để không tạo ra độ cản và đảm bảo rằng bạn không cảm thấy khó chịu trong suốt buổi chơi game.\n\n**Phần mềm tùy chỉnh**\nChuột đi kèm với phần mềm Pulsar có thể tùy chỉnh, cho phép người dùng tùy chỉnh các nút bấm, điều chỉnh DPI và thậm chí là thay đổi màu sắc ánh sáng. Điều này mang lại cho người dùng sự linh hoạt tối đa và cải thiện trải nghiệm chơi game.\n\nChuột Pulsar X2H Medium White không chỉ có thiết kế đẹp mắt mà còn sở hữu nhiều tính năng ưu việt phù hợp với nhu cầu của game thủ chuyên nghiệp. Từ cảm biến quang học chính xác đến độ bền vượt trội, sản phẩm này thực sự là một lựa chọn tuyệt vời cho những ai đang tìm kiếm một chuột gaming có dây chất lượng cao. Nếu bạn đang cân nhắc việc nâng cấp thiết bị chơi game của mình, Pulsar X2H Medium White chắc chắn sẽ làm hài lòng bạn.',
            24, 'https://product.hstatic.net/200000722513/product/pulsarx2hwiredgamingmouse_white_c5aec83f27b9408d871c6159d4f1634b.png', '2024-12-08T04:49:30+00:00',1);
        
INSERT INTO product_image (name, product_variant_id, image_url, is_main)
VALUES
    ('Ảnh 1', 439, 'https://product.hstatic.net/200000722513/product/pulsarx2hwiredgamingmouse_white_c5aec83f27b9408d871c6159d4f1634b.png', TRUE),
    ('Ảnh 2', 439, 'https://product.hstatic.net/200000722513/product/pulsarx2hwiredgamingmouse_white__1__b454037f4f554c2a8ab278c510f0c98a.png', FALSE),
    ('Ảnh 3', 439, 'https://product.hstatic.net/200000722513/product/pulsarx2hwiredgamingmouse_white__3__30950dcce5f541b8be529aa91b3234ae.png', FALSE),
    ('Ảnh 4', 439, 'https://product.hstatic.net/200000722513/product/pulsarx2hwiredgamingmouse_white__2__05f04232151d4f43935911123a549cd7.png', FALSE);
---
INSERT INTO product (name, seo_name, brand_id, specifications, description, created_by, image_url) 
    VALUES (
        'Chuột Pulsar có dây X2 Medium White', 'chuot-pulsar-co-day-x2-medium-white', 40,
        '{"Thương hiệu": "Pulsar", "Bảo hành": "24 tháng"}',
        'Chuột chơi game Pulsar X2 Medium White được thiết kế đặc biệt cho các game thủ và những người đam mê đồ họa. Với hàng loạt tính năng nổi bật, sản phẩm này không chỉ mang lại hiệu suất cao mà còn giúp người sử dụng dễ dàng thao tác trong các cuộc chiến gay cấn. Dưới đây là những đánh giá chi tiết về sản phẩm này.\n\n**Thiết kế nhẹ và thoải mái với kích thước hoàn hảo**\nPulsar X2 Medium White có kích thước vừa phải, phù hợp với nhiều kích cỡ tay và phong cách cầm chuột khác nhau. Điều này giúp người dùng dễ dàng thao tác trong thời gian dài mà không cảm thấy mệt mỏi.\n\n**Chất liệu cao cấp**\nVới chất liệu nhựa chất lượng cao, bề mặt bên ngoài của chuột được thiết kế tỉ mỉ, mang lại cảm giác thoải mái cho người sử dụng. Đặc biệt, màu trắng trang nhã giúp sản phẩm nổi bật và dễ dàng phối hợp với nhiều thiết bị khác nhau.\n\n**Cảm biến quang học hiện đại**\nChuột Pulsar X2 được trang bị cảm biến quang học Pixart 3395 với độ phân giải lên tới 20.000 DPI. Điều này cho phép người dùng thực hiện các thao tác chính xác và nhanh chóng trong các trò chơi yêu cầu độ chính xác cao.\n\n**Tốc độ phản hồi nhanh**\nPulsar X2 Medium White có tốc độ phản hồi 1000Hz, giúp giảm thiểu độ trễ và đảm bảo mọi thao tác của bạn diễn ra mượt mà và ngay lập tức. Điều này là một yếu tố cực kỳ quan trọng trong các trận đấu cạnh tranh.\n\n**Chế độ tùy biến linh hoạt với cấu hình từ phần mềm hãng**\nSản phẩm đi kèm với phần mềm hỗ trợ cho phép người dùng tùy chỉnh các thông số như DPI, tốc độ chuột và các nút chức năng. Nhờ đó, bạn có thể điều chỉnh chuột theo nhu cầu và sở thích cá nhân.\n\n**Nút bấm bền bỉ**\nChuột có các nút bấm được trang bị công nghệ Switch Omron, đảm bảo tuổi thọ lên tới 50 triệu lần nhấn. Sự bền bỉ này giúp bạn tự tin hơn khi thực hiện các thao tác nhanh và liên tục trong game.\n\n**Tính năng ánh sáng LED RGB đa sắc**\nPulsar X2 Medium White mang lại cho người dùng trải nghiệm ánh sáng ấn tượng với hệ thống đèn LED RGB đa sắc. Bạn có thể tùy chỉnh màu sắc và hiệu ứng ánh sáng theo sở thích, tạo điểm nhấn cho bộ gaming gear của mình.\n\n**Dây cáp mềm mại tránh gây phiền hà cho người dùng**\nDây cáp của Pulsar X2 được thiết kế không bị rối và có độ dài tiêu chuẩn. Điều này giúp bạn di chuyển thoải mái mà không lo dây bị cản trở trong quá trình sử dụng.\n\nChuột Pulsar X2 Medium White là một sản phẩm xuất sắc cho những ai tìm kiếm một thiết bị chơi game hiệu suất cao. Với thiết kế nhẹ nhàng, tính năng nổi bật và khả năng tùy biến linh hoạt, đây chắc chắn là lựa chọn hoàn hảo cho cả game thủ chuyên nghiệp và những người mới bắt đầu. Nếu bạn đang tìm kiếm một chuột chơi game đáng tin cậy, Pulsar X2 Medium White sẽ không làm bạn thất vọng.',
        1, 'https://product.hstatic.net/200000722513/product/pulsar-x2v2-wired-mouse_size2_wh_ddb8c51206c945da800e8b41d265c0d2.png'
    );
INSERT INTO product_category (product_id, category_id) VALUES (440, 27);
INSERT INTO product_variant (
        product_id, name, seo_name, supplier_id, price, price_sale, quantity, sku, model, barcode, 
        specifications, description, warranty, image_url, release_at, created_by)
        VALUES ( 440, 'Chuột Pulsar có dây X2 Medium White', 'chuot-pulsar-co-day-x2-medium-white',
            1, 1390000, 890000, 10, 'CHU-PULSAR-X2-WIRED-MEDIUM-WHITE',
            'CHU-PULSAR-X2-WIRED-MEDIUM-WHITE', 'CHU-PULSAR-X2-WIRED-MEDIUM-WHITE',
            '{"Tên sản phẩm": "Chuột Pulsar X2 Medium Wired White","Thương hiệu": "Pulsar Gaming Gears","Model": "X2 Wired Medium","Loại chuột": "Gaming, Có dây","Cảm biến": "PAW3395 (Optical)","Độ phân giải DPI tối đa": "26000 DPI","Tốc độ theo dõi tối đa (IPS)": "650","Gia tốc tối đa (g)": "50","Tần số phản hồi (Polling Rate)": "1000Hz / 1ms","Bộ xử lý": "ARM 32bit","Switch bấm": "Kailh GM 8.0 (Optical)","Tuổi thọ Switch": "80 triệu lần nhấn","Cuộn chuột (Encoder)": "TTC gold encoder","Kích thước": "120.4 x 63 x 38 mm","Trọng lượng": "51g (±1g)","Chất liệu": "Nhựa composite ABS","Màu sắc": "Trắng","Kết nối": "USB (Có dây)","Phần mềm hỗ trợ": "Có (tùy chỉnh cảm biến và macro)","Thiết kế": "Đối xứng (phù hợp claw/fingertip)","Bảo hành": "24 tháng"}',
            'Chuột chơi game Pulsar X2 Medium White được thiết kế đặc biệt cho các game thủ và những người đam mê đồ họa. Với hàng loạt tính năng nổi bật, sản phẩm này không chỉ mang lại hiệu suất cao mà còn giúp người sử dụng dễ dàng thao tác trong các cuộc chiến gay cấn. Dưới đây là những đánh giá chi tiết về sản phẩm này.\n\n**Thiết kế nhẹ và thoải mái với kích thước hoàn hảo**\nPulsar X2 Medium White có kích thước vừa phải, phù hợp với nhiều kích cỡ tay và phong cách cầm chuột khác nhau. Điều này giúp người dùng dễ dàng thao tác trong thời gian dài mà không cảm thấy mệt mỏi.\n\n**Chất liệu cao cấp**\nVới chất liệu nhựa chất lượng cao, bề mặt bên ngoài của chuột được thiết kế tỉ mỉ, mang lại cảm giác thoải mái cho người sử dụng. Đặc biệt, màu trắng trang nhã giúp sản phẩm nổi bật và dễ dàng phối hợp với nhiều thiết bị khác nhau.\n\n**Cảm biến quang học hiện đại**\nChuột Pulsar X2 được trang bị cảm biến quang học Pixart 3395 với độ phân giải lên tới 20.000 DPI. Điều này cho phép người dùng thực hiện các thao tác chính xác và nhanh chóng trong các trò chơi yêu cầu độ chính xác cao.\n\n**Tốc độ phản hồi nhanh**\nPulsar X2 Medium White có tốc độ phản hồi 1000Hz, giúp giảm thiểu độ trễ và đảm bảo mọi thao tác của bạn diễn ra mượt mà và ngay lập tức. Điều này là một yếu tố cực kỳ quan trọng trong các trận đấu cạnh tranh.\n\n**Chế độ tùy biến linh hoạt với cấu hình từ phần mềm hãng**\nSản phẩm đi kèm với phần mềm hỗ trợ cho phép người dùng tùy chỉnh các thông số như DPI, tốc độ chuột và các nút chức năng. Nhờ đó, bạn có thể điều chỉnh chuột theo nhu cầu và sở thích cá nhân.\n\n**Nút bấm bền bỉ**\nChuột có các nút bấm được trang bị công nghệ Switch Omron, đảm bảo tuổi thọ lên tới 50 triệu lần nhấn. Sự bền bỉ này giúp bạn tự tin hơn khi thực hiện các thao tác nhanh và liên tục trong game.\n\n**Tính năng ánh sáng LED RGB đa sắc**\nPulsar X2 Medium White mang lại cho người dùng trải nghiệm ánh sáng ấn tượng với hệ thống đèn LED RGB đa sắc. Bạn có thể tùy chỉnh màu sắc và hiệu ứng ánh sáng theo sở thích, tạo điểm nhấn cho bộ gaming gear của mình.\n\n**Dây cáp mềm mại tránh gây phiền hà cho người dùng**\nDây cáp của Pulsar X2 được thiết kế không bị rối và có độ dài tiêu chuẩn. Điều này giúp bạn di chuyển thoải mái mà không lo dây bị cản trở trong quá trình sử dụng.\n\nChuột Pulsar X2 Medium White là một sản phẩm xuất sắc cho những ai tìm kiếm một thiết bị chơi game hiệu suất cao. Với thiết kế nhẹ nhàng, tính năng nổi bật và khả năng tùy biến linh hoạt, đây chắc chắn là lựa chọn hoàn hảo cho cả game thủ chuyên nghiệp và những người mới bắt đầu. Nếu bạn đang tìm kiếm một chuột chơi game đáng tin cậy, Pulsar X2 Medium White sẽ không làm bạn thất vọng.',
            24, 'https://product.hstatic.net/200000722513/product/pulsar-x2v2-wired-mouse_size2_wh_ddb8c51206c945da800e8b41d265c0d2.png', '2024-12-08T04:49:31+00:00',1);
        
INSERT INTO product_image (name, product_variant_id, image_url, is_main)
VALUES
    ('Ảnh 1', 440, 'https://product.hstatic.net/200000722513/product/pulsar-x2v2-wired-mouse_size2_wh_ddb8c51206c945da800e8b41d265c0d2.png', TRUE),
    ('Ảnh 2', 440, 'https://product.hstatic.net/200000722513/product/pulsar-x2v2-wired-mouse_size2_wh__1__8a13491bab9644b29998c25811cca3c6.png', FALSE),
    ('Ảnh 3', 440, 'https://product.hstatic.net/200000722513/product/pulsarxlitev3wiredgamingmouse_wh__3__8795cb28c3be46b6bdddb4fdc617d0c8.png', FALSE),
    ('Ảnh 4', 440, 'https://product.hstatic.net/200000722513/product/pulsarxlitev3wiredgamingmouse_wh__2__ebb1bfb6583843d6973340892c72fcd7.png', FALSE);
---
INSERT INTO product (name, seo_name, brand_id, specifications, description, created_by, image_url) 
    VALUES (
        'Chuột Rappo M500 Black', 'chuot-rappo-m500-black', 29,
        '{"Thương hiệu": "Rappo", "Bảo hành": "12 tháng", "Chuẩn kết nối": "Wireless 2.4Ghz / Bluetooth", "Độ phân giải": "1600 DPI"}',
        'Nâng tầm trải nghiệm làm việc và giải trí của bạn với Chuột Không Dây Rappo M500 Black – sự kết hợp hoàn hảo giữa hiệu suất vượt trội, sự thoải mái tối đa và phong cách tinh tế. Với thiết kế công thái học thông minh, Rappo M500 được chế tạo để ôm trọn lòng bàn tay, mang lại cảm giác cầm nắm tự nhiên và dễ chịu, giảm thiểu mệt mỏi ngay cả khi sử dụng trong thời gian dài.\n\nSử dụng công nghệ không dây 2.4GHz tiên tiến, chiếc chuột này đảm bảo kết nối ổn định và đáng tin cậy với phạm vi hoạt động lên đến 10 mét, giúp bạn tự do di chuyển và loại bỏ hoàn toàn sự vướng víu của dây cáp. Độ phân giải quang học chính xác cùng khả năng điều chỉnh DPI linh hoạt cho phép con trỏ di chuyển mượt mà, phản hồi nhanh chóng và chính xác trên mọi bề mặt, phục vụ hoàn hảo cho mọi tác vụ từ lướt web, chỉnh sửa tài liệu cho đến thiết kế đồ họa.\n\nMàu đen sang trọng, lịch lãm của Rappo M500 không chỉ làm nổi bật không gian làm việc của bạn mà còn thể hiện sự chuyên nghiệp. Với các nút bấm bền bỉ, có tuổi thọ cao, chiếc chuột này cam kết đồng hành cùng bạn qua hàng triệu lần nhấp. Tính năng \"plug and play\" đơn giản cho phép bạn kết nối và sử dụng ngay lập tức mà không cần cài đặt phức tạp, cùng với công nghệ tiết kiệm pin thông minh giúp kéo dài thời gian sử dụng. Chuột Rappo M500 Black chính là lựa chọn lý tưởng cho những ai tìm kiếm một thiết bị ngoại vi đáng tin cậy, thoải mái và đầy phong cách.',
        1, 'https://product.hstatic.net/200000722513/product/rapoo_m500_5045a0fd08074d0ca80e2450a884ff39.jpg'
    );
INSERT INTO product_category (product_id, category_id) VALUES (441, 27);
INSERT INTO product_variant (
        product_id, name, seo_name, supplier_id, price, price_sale, quantity, sku, model, barcode, 
        specifications, description, warranty, image_url, release_at, created_by)
        VALUES ( 441, 'Chuột Rappo M500 Black', 'chuot-rappo-m500-black',
            1, 559000, 260000, 10, 'CHU-RAPOO-M500-BLACK',
            'CHU-RAPOO-M500-BLACK', 'CHU-RAPOO-M500-BLACK',
            '{"Thương hiệu": "Rapoo", "Model": "Không xác định", "Cảm biến": "Quang học", "Độ cảm biến": "600 - 1600 DPI", "Số nút": "7 nút (Trái, Giữa, Phải, Back, Forward, Bluetooth, Chuyển đổi DPI)", "Kết nối": "Bluetooth, Wireless 2.4GHz", "Đèn LED": "Không", "Pin": "2 pin AA", "Thời gian sử dụng": "12 tháng", "Tiện ích": "Nút bấm êm, không gây tiếng ồn, kết nối đồng thời 3 thiết bị", "Kích thước": "105 x 66.6 x 41.4 mm", "Trọng lượng": "72g"}',
            'Nâng tầm trải nghiệm làm việc và giải trí của bạn với Chuột Không Dây Rappo M500 Black – sự kết hợp hoàn hảo giữa hiệu suất vượt trội, sự thoải mái tối đa và phong cách tinh tế. Với thiết kế công thái học thông minh, Rappo M500 được chế tạo để ôm trọn lòng bàn tay, mang lại cảm giác cầm nắm tự nhiên và dễ chịu, giảm thiểu mệt mỏi ngay cả khi sử dụng trong thời gian dài.\n\nSử dụng công nghệ không dây 2.4GHz tiên tiến, chiếc chuột này đảm bảo kết nối ổn định và đáng tin cậy với phạm vi hoạt động lên đến 10 mét, giúp bạn tự do di chuyển và loại bỏ hoàn toàn sự vướng víu của dây cáp. Độ phân giải quang học chính xác cùng khả năng điều chỉnh DPI linh hoạt cho phép con trỏ di chuyển mượt mà, phản hồi nhanh chóng và chính xác trên mọi bề mặt, phục vụ hoàn hảo cho mọi tác vụ từ lướt web, chỉnh sửa tài liệu cho đến thiết kế đồ họa.\n\nMàu đen sang trọng, lịch lãm của Rappo M500 không chỉ làm nổi bật không gian làm việc của bạn mà còn thể hiện sự chuyên nghiệp. Với các nút bấm bền bỉ, có tuổi thọ cao, chiếc chuột này cam kết đồng hành cùng bạn qua hàng triệu lần nhấp. Tính năng \"plug and play\" đơn giản cho phép bạn kết nối và sử dụng ngay lập tức mà không cần cài đặt phức tạp, cùng với công nghệ tiết kiệm pin thông minh giúp kéo dài thời gian sử dụng. Chuột Rappo M500 Black chính là lựa chọn lý tưởng cho những ai tìm kiếm một thiết bị ngoại vi đáng tin cậy, thoải mái và đầy phong cách.',
            24, 'https://product.hstatic.net/200000722513/product/rapoo_m500_5045a0fd08074d0ca80e2450a884ff39.jpg', '2024-11-15T07:42:44+00:00',1);
        
INSERT INTO product_image (name, product_variant_id, image_url, is_main)
VALUES
    ('Ảnh 1', 441, 'https://product.hstatic.net/200000722513/product/rapoo_m500_5045a0fd08074d0ca80e2450a884ff39.jpg', TRUE),
    ('Ảnh 2', 441, 'https://product.hstatic.net/200000722513/product/m500_1-600x600_6984fee8f99846fe9013a26e997570a8.jpg', FALSE),
    ('Ảnh 3', 441, 'https://product.hstatic.net/200000722513/product/72658_chuot_khong_day_rapoo_m500__1__12c5ab39daa040cc948032c8f0f55cd9.png', FALSE),
    ('Ảnh 4', 441, 'https://product.hstatic.net/200000722513/product/72658_chuot_khong_day_rapoo_m500_46f230a155bc4bd4af26653b43ab2849.png', FALSE);
---
INSERT INTO product (name, seo_name, brand_id, specifications, description, created_by, image_url) 
    VALUES (
        'Chuột E-DRA EM623W Không dây RGB Đen', 'chuot-e-dra-em623w-khong-day-rgb-den', 23,
        '{"Nhà Sản Xuất": "E-Dra", "Bảo Hành": "24 tháng", "Tình Trạng": "Mới 100%", "Kết nối": "USB Type C / Wireless 2.4 / Bluetooth"}',
        'Chuột gaming E-DRA EM623W này không chỉ đẹp mắt mà còn rất thuận tiện cho việc sử dụng. Với thiết kế đối xứng và viền mượt mà, nó ôm sát hoàn hảo vào lòng bàn tay của bạn, mang lại cảm giác thoải mái và tự nhiên trong mọi tình huống sử dụng. Với trọng lượng siêu nhẹ chỉ 90g, bạn có thể di chuyển một cách linh hoạt mà không gặp bất kỳ cản trở nào.\n\n\n\nKết nối tiện lợi\nHệ thống kết nối không dây tiên tiến với cả 2.4Ghz và Bluetooth đảm bảo rằng bạn sẽ luôn được kết nối ổn định mà không cần lo lắng về sự gián đoạn hoặc trễ lag. Điều này mang lại sự linh hoạt tuyệt vời cho cả người chơi game chuyên nghiệp và những người làm việc cần tính di động. Còn ấn tượng với độ phân giải cao lên đến 3200 DPI, đảm bảo mọi chuyển động được ghi nhận chính xác và mượt mà. Chuột E-DRA EM623W Không dây RGB Đen là một công cụ lý tưởng không chỉ cho việc làm việc hàng ngày mà còn cho trải nghiệm chơi game vô cùng tốt.\n\n\n\n \n\nHệ thống đèn LED đỉnh cao\nSwitch Omron chất lượng cao, bạn có thể tin tưởng vào độ bền của sản phẩm với tuổi thọ lên đến 20 triệu lần nhấn. Có thể sử dụng chiếc chuột này một cách thoải mái trong thời gian dài mà không cần lo lắng về việc thay thế. Hệ thống LED RGB 16 triệu màu, cho phép bạn tùy chỉnh hiệu ứng ánh sáng theo sở thích cá nhân, tạo điểm nhấn và phong cách riêng cho không gian làm việc của bạn.\n\n\n\nThêm vào đó, E-DRA Không dây EM625X Superlight White và E-DRA Không dây EM625X Superlight Black mang đến trải nghiệm di chuột mượt mà, phản hồi nhanh và độ chính xác cao trong từng thao tác.',
        1, 'https://product.hstatic.net/200000722513/product/50655_chuot_gaming_e_dra_em623w_5_eeecd2420cc949f7bbd299ecfd50132c.jpg'
    );
INSERT INTO product_category (product_id, category_id) VALUES (442, 27);
INSERT INTO product_variant (
        product_id, name, seo_name, supplier_id, price, price_sale, quantity, sku, model, barcode, 
        specifications, description, warranty, image_url, release_at, created_by)
        VALUES ( 442, 'Chuột E-DRA EM623W Không dây RGB Đen', 'chuot-e-dra-em623w-khong-day-rgb-den',
            1, 399000, 190000, 10, 'CHU-EDRA-EM623W-DEN',
            'CHU-EDRA-EM623W-DEN', 'CHU-EDRA-EM623W-DEN',
            '{"Thương hiệu": "E-Dra","Model": "EM623W","Màu sắc": "Đen","Loại kết nối": "Không dây 2.4Ghz, Bluetooth","Độ phân giải DPI": "1200/2400/3200 DPI","Switch": "Omron switch 20 triệu lần nhấn (hoặc Huano switch 20 triệu lần nhấn)","Đèn LED": "RGB","Số nút bấm": "5 nút chức năng + 1 Scroll (hoặc 6D + 1 Scroll)","Kích thước": "125*60*39mm","Trọng lượng": "85g±5g","Chất liệu": "Nhựa","Cáp kết nối": "USB Type-C (chỉ dùng để sạc)","Pin": "650mAh (hoặc 400 mah)","Hệ điều hành tương thích": "Windows win 7/8/10/11","Thiết kế": "Đối xứng"}',
            'Chuột gaming E-DRA EM623W này không chỉ đẹp mắt mà còn rất thuận tiện cho việc sử dụng. Với thiết kế đối xứng và viền mượt mà, nó ôm sát hoàn hảo vào lòng bàn tay của bạn, mang lại cảm giác thoải mái và tự nhiên trong mọi tình huống sử dụng. Với trọng lượng siêu nhẹ chỉ 90g, bạn có thể di chuyển một cách linh hoạt mà không gặp bất kỳ cản trở nào.\n\n\n\nKết nối tiện lợi\nHệ thống kết nối không dây tiên tiến với cả 2.4Ghz và Bluetooth đảm bảo rằng bạn sẽ luôn được kết nối ổn định mà không cần lo lắng về sự gián đoạn hoặc trễ lag. Điều này mang lại sự linh hoạt tuyệt vời cho cả người chơi game chuyên nghiệp và những người làm việc cần tính di động. Còn ấn tượng với độ phân giải cao lên đến 3200 DPI, đảm bảo mọi chuyển động được ghi nhận chính xác và mượt mà. Chuột E-DRA EM623W Không dây RGB Đen là một công cụ lý tưởng không chỉ cho việc làm việc hàng ngày mà còn cho trải nghiệm chơi game vô cùng tốt.\n\n\n\n \n\nHệ thống đèn LED đỉnh cao\nSwitch Omron chất lượng cao, bạn có thể tin tưởng vào độ bền của sản phẩm với tuổi thọ lên đến 20 triệu lần nhấn. Có thể sử dụng chiếc chuột này một cách thoải mái trong thời gian dài mà không cần lo lắng về việc thay thế. Hệ thống LED RGB 16 triệu màu, cho phép bạn tùy chỉnh hiệu ứng ánh sáng theo sở thích cá nhân, tạo điểm nhấn và phong cách riêng cho không gian làm việc của bạn.\n\n\n\nThêm vào đó, E-DRA Không dây EM625X Superlight White và E-DRA Không dây EM625X Superlight Black mang đến trải nghiệm di chuột mượt mà, phản hồi nhanh và độ chính xác cao trong từng thao tác.',
            24, 'https://product.hstatic.net/200000722513/product/50655_chuot_gaming_e_dra_em623w_5_eeecd2420cc949f7bbd299ecfd50132c.jpg', '2025-06-19T10:24:51+00:00',1);
        
INSERT INTO product_image (name, product_variant_id, image_url, is_main)
VALUES
    ('Ảnh 1', 442, 'https://product.hstatic.net/200000722513/product/50655_chuot_gaming_e_dra_em623w_5_eeecd2420cc949f7bbd299ecfd50132c.jpg', TRUE),
    ('Ảnh 2', 442, 'https://product.hstatic.net/200000722513/product/50655_chuot_gaming_e_dra_em623w_3_6e5f17c1fbc34ee0bbca329c7da2ff42.jpg', FALSE),
    ('Ảnh 3', 442, 'https://product.hstatic.net/200000722513/product/50655_chuot_gaming_e_dra_em623w_4_a52fdc74733b40a0ab7e99a6b1b74f34.jpg', FALSE);
---
INSERT INTO product (name, seo_name, brand_id, specifications, description, created_by, image_url) 
    VALUES (
        'Chuột E-DRA EM623W Không dây RGB Trắng', 'chuot-e-dra-em623w-khong-day-rgb-trang', 23,
        '{"Hãng sản xuất": "E-Dra", "Bảo hành": "24 Tháng", "Model": "EM623W", "Màu sắc": "Đen", "Kết nối": "USB Type-C / Wireless 2.4 / Bluetooth", "Đèn LED": "RGB", "Kiểu thiết kế": "Đối xứng", "Độ nhạy (DPI)": "1200/2400/3200 DPI", "Số nút bấm": "5 + 1 Scroll", "Switch": "Omron switch 20 triệu lần nhấn"}',
        'Chuột gaming E-DRA EM623W này không chỉ đẹp mắt mà còn rất thuận tiện cho việc sử dụng. Với thiết kế đối xứng và viền mượt mà, nó ôm sát hoàn hảo vào lòng bàn tay của bạn, mang lại cảm giác thoải mái và tự nhiên trong mọi tình huống sử dụng. Với trọng lượng siêu nhẹ chỉ 90g, bạn có thể di chuyển một cách linh hoạt mà không gặp bất kỳ cản trở nào.\n\n\n\nKết nối tiện lợi\nHệ thống kết nối không dây tiên tiến với cả 2.4Ghz và Bluetooth đảm bảo rằng bạn sẽ luôn được kết nối ổn định mà không cần lo lắng về sự gián đoạn hoặc trễ lag. Điều này mang lại sự linh hoạt tuyệt vời cho cả người chơi game chuyên nghiệp và những người làm việc cần tính di động. Còn ấn tượng với độ phân giải cao lên đến 3200 DPI, đảm bảo mọi chuyển động được ghi nhận chính xác và mượt mà. Chuột E-DRA EM623W Không dây RGB Đen là một công cụ lý tưởng không chỉ cho việc làm việc hàng ngày mà còn cho trải nghiệm chơi game vô cùng tốt.\n\n\n\n \n\nHệ thống đèn LED đỉnh cao\nSwitch Omron chất lượng cao, bạn có thể tin tưởng vào độ bền của sản phẩm với tuổi thọ lên đến 20 triệu lần nhấn. Có thể sử dụng chiếc chuột này một cách thoải mái trong thời gian dài mà không cần lo lắng về việc thay thế. Hệ thống LED RGB 16 triệu màu, cho phép bạn tùy chỉnh hiệu ứng ánh sáng theo sở thích cá nhân, tạo điểm nhấn và phong cách riêng cho không gian làm việc của bạn.\n\n\n\nThêm vào đó, E-DRA Không dây EM625X Superlight White và E-DRA Không dây EM625X Superlight Black mang đến trải nghiệm di chuột mượt mà, phản hồi nhanh và độ chính xác cao trong từng thao tác.',
        1, 'https://product.hstatic.net/200000722513/product/482_623w___web___1_80f2db2cb87542d9a3bdfeb270bd0f02.jpg'
    );
INSERT INTO product_category (product_id, category_id) VALUES (443, 27);
INSERT INTO product_variant (
        product_id, name, seo_name, supplier_id, price, price_sale, quantity, sku, model, barcode, 
        specifications, description, warranty, image_url, release_at, created_by)
        VALUES ( 443, 'Chuột E-DRA EM623W Không dây RGB Trắng', 'chuot-e-dra-em623w-khong-day-rgb-trang',
            1, 399000, 190000, 10, 'CHU-EDRA-EM623W-TRANG',
            'CHU-EDRA-EM623W-TRANG', 'CHU-EDRA-EM623W-TRANG',
            '{"Hãng sản xuất": "E-Dra", "Bảo hành": "24 Tháng", "Model": "EM623W", "Màu sắc": "Đen", "Kết nối": "USB Type-C / Wireless 2.4 / Bluetooth", "Đèn LED": "RGB", "Kiểu thiết kế": "Đối xứng", "Độ nhạy (DPI)": "1200/2400/3200 DPI", "Số nút bấm": "5 + 1 Scroll", "Switch": "Omron switch 20 triệu lần nhấn"}',
            'Chuột gaming E-DRA EM623W này không chỉ đẹp mắt mà còn rất thuận tiện cho việc sử dụng. Với thiết kế đối xứng và viền mượt mà, nó ôm sát hoàn hảo vào lòng bàn tay của bạn, mang lại cảm giác thoải mái và tự nhiên trong mọi tình huống sử dụng. Với trọng lượng siêu nhẹ chỉ 90g, bạn có thể di chuyển một cách linh hoạt mà không gặp bất kỳ cản trở nào.\n\n\n\nKết nối tiện lợi\nHệ thống kết nối không dây tiên tiến với cả 2.4Ghz và Bluetooth đảm bảo rằng bạn sẽ luôn được kết nối ổn định mà không cần lo lắng về sự gián đoạn hoặc trễ lag. Điều này mang lại sự linh hoạt tuyệt vời cho cả người chơi game chuyên nghiệp và những người làm việc cần tính di động. Còn ấn tượng với độ phân giải cao lên đến 3200 DPI, đảm bảo mọi chuyển động được ghi nhận chính xác và mượt mà. Chuột E-DRA EM623W Không dây RGB Đen là một công cụ lý tưởng không chỉ cho việc làm việc hàng ngày mà còn cho trải nghiệm chơi game vô cùng tốt.\n\n\n\n \n\nHệ thống đèn LED đỉnh cao\nSwitch Omron chất lượng cao, bạn có thể tin tưởng vào độ bền của sản phẩm với tuổi thọ lên đến 20 triệu lần nhấn. Có thể sử dụng chiếc chuột này một cách thoải mái trong thời gian dài mà không cần lo lắng về việc thay thế. Hệ thống LED RGB 16 triệu màu, cho phép bạn tùy chỉnh hiệu ứng ánh sáng theo sở thích cá nhân, tạo điểm nhấn và phong cách riêng cho không gian làm việc của bạn.\n\n\n\nThêm vào đó, E-DRA Không dây EM625X Superlight White và E-DRA Không dây EM625X Superlight Black mang đến trải nghiệm di chuột mượt mà, phản hồi nhanh và độ chính xác cao trong từng thao tác.',
            24, 'https://product.hstatic.net/200000722513/product/482_623w___web___1_80f2db2cb87542d9a3bdfeb270bd0f02.jpg', '2025-06-29T15:13:02+00:00',1);
        
INSERT INTO product_image (name, product_variant_id, image_url, is_main)
VALUES
    ('Ảnh 1', 443, 'https://product.hstatic.net/200000722513/product/482_623w___web___1_80f2db2cb87542d9a3bdfeb270bd0f02.jpg', TRUE),
    ('Ảnh 2', 443, 'https://product.hstatic.net/200000722513/product/482_623w___web___2_3c2b9c2b25074f4b97059f201a4d35c5.jpg', FALSE);
---
INSERT INTO product (name, seo_name, brand_id, specifications, description, created_by, image_url) 
    VALUES (
        'Chuột Bluetooth Silent Rapoo M650 Lucky Cat', 'chuot-bluetooth-silent-rapoo-m650-lucky-cat', 29,
        '{"Tên sản phẩm":"Chuột không dây Bluetooth Rapoo M650 Silent","Tương thích":"Windows, MacOS","Độ phân giải":"1300 DPI","Nút nhấn":"3 nút","Kết nối":"Bluetooth 3.0/5.0, 2.4GHz","Khoảng cách kết nối":"10 m","Đèn LED":"Không","Pin":"1 pin AA","Thời gian sử dụng":"Lên đến 9 tháng","Tiện ích":"Nút click êm, không gây tiếng ồn, kết nối tối đa 3 thiết bị","Kích thước":"10.01 x 6.37 x 2.65 cm","Hãng sản xuất":"Rapoo"}',
        'Chuột không dây Silent Rapoo M650 kết nối không dây qua USB Receiver 2.4GHz hoặc Bluetooth 3.0, 5.0. Bạn có thể dùng chuột không dây cùng với các thiết bị như iPad, Notebook, Macbook, PC, iMac qua kết nối tương thích tại bất kỳ đâu cho nhu cầu xử lý công việc hay giải trí của mình.\n\nVới khoảng cách kết nối đến 10 mét, thật dễ dàng để sử dụng chuột trong mọi không gian.\n\nKết nối đồng thời với 3 thiết bị, luân phiên làm việc dễ dàng giữa chúng, cho không gian làm việc thêm gọn gàng, thao tác xử lý thêm thuận tiện. Chuột Rapoo M650 sử dụng pin AA thông dụng, dễ thay thế. Tích hợp công nghệ tiết kiệm pin Rapoo’s energy saving và công tắc bật nguồn cho phép kéo dài thời gian sử dụng pin đến 9 tháng, yên tâm sử dụng với tần suất cao trong thời gian dài.\n\nChuột Rapoo M650 tương thích tốt với hệ điều hành Windows, MacOS (MacBook, iMac) thông dụng.\n\nDi chuyển nhanh, nhạy với thao tác chuẩn xác nhờ độ phân giải tối đa đến 1300 DPI. Với mức DPI độ phân giải cao 1.300 dpi của M650 Silent phù hợp với nhu cầu làm việc, thiết kế cơ bản hoặc giải trí.\n\nChuột Rapoo M650 không dây Silent không tiếng ồn, êm ái trong mọi thao tác. Như vậy, chỉ với một mức đầu tư không lớn cho chuột máy tính thông minh, tiện ích, bạn sẽ thực sự hài lòng với những trải nghiệm cùng chuột không dây Rapoo M650 Silent.',
        1, 'https://product.hstatic.net/200000722513/product/gearvn-chuot-bluetooth-silent-rapoo-m650-lucky-cat_f49d7f66053f42988c3107473d5b0b28.jpg'
    );
INSERT INTO product_category (product_id, category_id) VALUES (444, 27);
INSERT INTO product_variant (
        product_id, name, seo_name, supplier_id, price, price_sale, quantity, sku, model, barcode, 
        specifications, description, warranty, image_url, release_at, created_by)
        VALUES ( 444, 'Chuột Bluetooth Silent Rapoo M650 Lucky Cat', 'chuot-bluetooth-silent-rapoo-m650-lucky-cat',
            1, 490000, 490000, 10, 'CHU-M650-LUCKY-CAT',
            'CHU-M650-LUCKY-CAT', 'CHU-M650-LUCKY-CAT',
            '{"Tên sản phẩm":"Chuột không dây Bluetooth Rapoo M650 Silent","Tương thích":"Windows, MacOS","Độ phân giải":"1300 DPI","Nút nhấn":"3 nút","Kết nối":"Bluetooth 3.0/5.0, 2.4GHz","Khoảng cách kết nối":"10 m","Đèn LED":"Không","Pin":"1 pin AA","Thời gian sử dụng":"Lên đến 9 tháng","Tiện ích":"Nút click êm, không gây tiếng ồn, kết nối tối đa 3 thiết bị","Kích thước":"10.01 x 6.37 x 2.65 cm","Hãng sản xuất":"Rapoo"}',
            'Chuột không dây Silent Rapoo M650 kết nối không dây qua USB Receiver 2.4GHz hoặc Bluetooth 3.0, 5.0. Bạn có thể dùng chuột không dây cùng với các thiết bị như iPad, Notebook, Macbook, PC, iMac qua kết nối tương thích tại bất kỳ đâu cho nhu cầu xử lý công việc hay giải trí của mình.\n\nVới khoảng cách kết nối đến 10 mét, thật dễ dàng để sử dụng chuột trong mọi không gian.\n\nKết nối đồng thời với 3 thiết bị, luân phiên làm việc dễ dàng giữa chúng, cho không gian làm việc thêm gọn gàng, thao tác xử lý thêm thuận tiện. Chuột Rapoo M650 sử dụng pin AA thông dụng, dễ thay thế. Tích hợp công nghệ tiết kiệm pin Rapoo’s energy saving và công tắc bật nguồn cho phép kéo dài thời gian sử dụng pin đến 9 tháng, yên tâm sử dụng với tần suất cao trong thời gian dài.\n\nChuột Rapoo M650 tương thích tốt với hệ điều hành Windows, MacOS (MacBook, iMac) thông dụng.\n\nDi chuyển nhanh, nhạy với thao tác chuẩn xác nhờ độ phân giải tối đa đến 1300 DPI. Với mức DPI độ phân giải cao 1.300 dpi của M650 Silent phù hợp với nhu cầu làm việc, thiết kế cơ bản hoặc giải trí.\n\nChuột Rapoo M650 không dây Silent không tiếng ồn, êm ái trong mọi thao tác. Như vậy, chỉ với một mức đầu tư không lớn cho chuột máy tính thông minh, tiện ích, bạn sẽ thực sự hài lòng với những trải nghiệm cùng chuột không dây Rapoo M650 Silent.',
            24, 'https://product.hstatic.net/200000722513/product/gearvn-chuot-bluetooth-silent-rapoo-m650-lucky-cat_f49d7f66053f42988c3107473d5b0b28.jpg', '2024-06-05T08:43:56+00:00',1);
        
INSERT INTO product_image (name, product_variant_id, image_url, is_main)
VALUES
    ('Ảnh 1', 444, 'https://product.hstatic.net/200000722513/product/gearvn-chuot-bluetooth-silent-rapoo-m650-lucky-cat_f49d7f66053f42988c3107473d5b0b28.jpg', TRUE),
    ('Ảnh 2', 444, 'https://product.hstatic.net/200000722513/product/luetooth-silent-rapoo-m650-tet-2023-4_7321bbf57b834c1d99b9c86e02055a28_95fa350c4e7f4275baa2399a8c52fa4e.jpg', FALSE),
    ('Ảnh 3', 444, 'https://product.hstatic.net/200000722513/product/luetooth-silent-rapoo-m650-tet-2023-3_87bef2a0976f41859c7314ff443d5940_8bc5869624ba4378aa0a65cd3b150d5f.jpg', FALSE),
    ('Ảnh 4', 444, 'https://product.hstatic.net/200000722513/product/luetooth-silent-rapoo-m650-tet-2023-2_440bddb8c3e442e5a48ae3b922eaa129_845086fa58a14f5283879c368e474208.jpg', FALSE);
---
INSERT INTO product (name, seo_name, brand_id, specifications, description, created_by, image_url) 
    VALUES (
        'Chuột Logitech G102 LightSync Black', 'chuot-logitech-g102-lightsync-rgb-black', 13,
        '{"Tên sản phẩm": "Chuột Logitech G102 LightSync Black", "Thương hiệu": "Logitech", "Màu sắc": "Đen", "Loại chuột": "Chuột quang có dây", "Độ phân giải": "200 - 8000 DPI", "Tốc độ phản hồi": "1000Hz (1ms)", "Số nút bấm": "6 nút lập trình được", "Đèn LED RGB": "Có, LightSync RGB 8-zone", "Cảm biến": "HERO 2K", "Trọng lượng": "85g (chỉ chuột)", "Kích thước": "116.6mm x 62.15mm x 38.2mm", "Chiều dài dây": "2.1m", "Hệ điều hành tương thích": "Windows 7 trở lên, macOS 10.11 trở lên, Chrome OS", "Phần mềm điều khiển": "Logitech G HUB", "Tính năng đặc biệt": "Nút chuyển đổi DPI nhanh, Tích hợp bộ nhớ lưu profile", "Chất liệu": "Nhựa ABS", "Kiểu dáng": "Đối xứng, phù hợp cho cả người thuận tay trái và tay phải"}',
        'Chuột Logitech G102 Lightsync Black là một lựa chọn tuyệt vời dành cho game thủ và người dùng thông thường tìm kiếm sự kết hợp hoàn hảo giữa hiệu suất, độ bền và phong cách. Với thiết kế cổ điển, công thái học, G102 mang lại cảm giác cầm nắm thoải mái cho cả người thuận tay trái và tay phải, đảm bảo bạn có thể chơi game hoặc làm việc hàng giờ liền mà không cảm thấy mệt mỏi. Điểm nhấn của G102 chính là công nghệ chiếu sáng Lightsync RGB tiên tiến, cho phép tùy chỉnh 16,8 triệu màu sắc và các hiệu ứng ánh sáng động thông qua phần mềm Logitech G HUB. Bạn có thể đồng bộ hóa ánh sáng với các thiết bị Logitech G khác, tạo nên một không gian chơi game đầy màu sắc và cá tính. Bên trong, G102 được trang bị cảm biến chơi game có độ chính xác cao, cung cấp dải DPI rộng từ 200 đến 8000, có thể điều chỉnh nhanh chóng chỉ với một nút bấm. Điều này đảm bảo mỗi chuyển động của bạn đều được ghi nhận một cách mượt mà và chính xác, từ những pha xử lý nhanh trong game FPS đến những thao tác tỉ mỉ trong công việc đồ họa. Với 6 nút có thể lập trình, người dùng dễ dàng gán các macro phức tạp hoặc phím tắt yêu thích, tối ưu hóa trải nghiệm sử dụng. Tốc độ phản hồi 1ms (1000Hz) đảm bảo mọi lệnh của bạn được thực hiện gần như ngay lập tức. Đây thực sự là một con chuột đáng giá cho mọi nhu cầu.',
        1, 'https://product.hstatic.net/200000722513/product/logitech-g102-lightsync-rgb-black-1_bf4f5774229c4a0f81b8e8a2feebe4d8_aeb4ae49ee844c3e9d315883d4e482d4.jpg'
    );
INSERT INTO product_category (product_id, category_id) VALUES (445, 27);
INSERT INTO product_variant (
        product_id, name, seo_name, supplier_id, price, price_sale, quantity, sku, model, barcode, 
        specifications, description, warranty, image_url, release_at, created_by)
        VALUES ( 445, 'Chuột Logitech G102 LightSync Black', 'chuot-logitech-g102-lightsync-rgb-black',
            1, 599000, 405000, 10, 'CHU-LOG-G102-LIGHTSYNC-BLACK',
            'CHU-LOG-G102-LIGHTSYNC-BLACK', 'CHU-LOG-G102-LIGHTSYNC-BLACK',
            '{"Tên sản phẩm": "Chuột Logitech G102 LightSync Black", "Thương hiệu": "Logitech", "Màu sắc": "Đen", "Loại chuột": "Chuột quang có dây", "Độ phân giải": "200 - 8000 DPI", "Tốc độ phản hồi": "1000Hz (1ms)", "Số nút bấm": "6 nút lập trình được", "Đèn LED RGB": "Có, LightSync RGB 8-zone", "Cảm biến": "HERO 2K", "Trọng lượng": "85g (chỉ chuột)", "Kích thước": "116.6mm x 62.15mm x 38.2mm", "Chiều dài dây": "2.1m", "Hệ điều hành tương thích": "Windows 7 trở lên, macOS 10.11 trở lên, Chrome OS", "Phần mềm điều khiển": "Logitech G HUB", "Tính năng đặc biệt": "Nút chuyển đổi DPI nhanh, Tích hợp bộ nhớ lưu profile", "Chất liệu": "Nhựa ABS", "Kiểu dáng": "Đối xứng, phù hợp cho cả người thuận tay trái và tay phải"}',
            'Chuột Logitech G102 Lightsync Black là một lựa chọn tuyệt vời dành cho game thủ và người dùng thông thường tìm kiếm sự kết hợp hoàn hảo giữa hiệu suất, độ bền và phong cách. Với thiết kế cổ điển, công thái học, G102 mang lại cảm giác cầm nắm thoải mái cho cả người thuận tay trái và tay phải, đảm bảo bạn có thể chơi game hoặc làm việc hàng giờ liền mà không cảm thấy mệt mỏi. Điểm nhấn của G102 chính là công nghệ chiếu sáng Lightsync RGB tiên tiến, cho phép tùy chỉnh 16,8 triệu màu sắc và các hiệu ứng ánh sáng động thông qua phần mềm Logitech G HUB. Bạn có thể đồng bộ hóa ánh sáng với các thiết bị Logitech G khác, tạo nên một không gian chơi game đầy màu sắc và cá tính. Bên trong, G102 được trang bị cảm biến chơi game có độ chính xác cao, cung cấp dải DPI rộng từ 200 đến 8000, có thể điều chỉnh nhanh chóng chỉ với một nút bấm. Điều này đảm bảo mỗi chuyển động của bạn đều được ghi nhận một cách mượt mà và chính xác, từ những pha xử lý nhanh trong game FPS đến những thao tác tỉ mỉ trong công việc đồ họa. Với 6 nút có thể lập trình, người dùng dễ dàng gán các macro phức tạp hoặc phím tắt yêu thích, tối ưu hóa trải nghiệm sử dụng. Tốc độ phản hồi 1ms (1000Hz) đảm bảo mọi lệnh của bạn được thực hiện gần như ngay lập tức. Đây thực sự là một con chuột đáng giá cho mọi nhu cầu.',
            24, 'https://product.hstatic.net/200000722513/product/logitech-g102-lightsync-rgb-black-1_bf4f5774229c4a0f81b8e8a2feebe4d8_aeb4ae49ee844c3e9d315883d4e482d4.jpg', '2023-06-03T09:09:54+00:00',1);
        
INSERT INTO product_image (name, product_variant_id, image_url, is_main)
VALUES
    ('Ảnh 1', 445, 'https://product.hstatic.net/200000722513/product/logitech-g102-lightsync-rgb-black-1_bf4f5774229c4a0f81b8e8a2feebe4d8_aeb4ae49ee844c3e9d315883d4e482d4.jpg', TRUE),
    ('Ảnh 2', 445, 'https://product.hstatic.net/200000722513/product/logitech-g102-lightsync-rgb-black-2_7788492f5ed748248bd8cb2e967f9cc3_705d7bb9777440eab14aedb8e3975545.jpg', FALSE);
---
INSERT INTO product (name, seo_name, brand_id, specifications, description, created_by, image_url) 
    VALUES (
        'Chuột Razer DeathAdder Essential (RZ01-03850100-R3M1)', 'razer-deathadder-essential', 15,
        '{"Tên sản phẩm": "Razer DeathAdder Essential", "Mã sản phẩm": "RZ01-03850100-R3M1", "Màu sắc": "Đen", "Loại chuột": "Chuột Gaming có dây", "Cảm biến": "Optical", "Độ phân giải cảm biến tối đa": "6400 DPI", "Tốc độ theo dõi": "220 IPS", "Gia tốc tối đa": "30 G", "Số nút lập trình": "5", "Tuổi thọ nút bấm": "10 triệu lượt nhấn", "Đèn LED": "Đèn LED xanh lá đơn sắc", "Tần số báo cáo USB": "1000 Hz", "Kích thước": "127.0 mm (dài) x 61.7 mm (rộng) x 42.7 mm (cao)", "Trọng lượng": "96g (không bao gồm cáp)", "Chiều dài cáp": "1.8m", "Tương thích hệ điều hành": "Windows 7 trở lên", "Phần mềm đi kèm": "Razer Synapse 3"}',
        'Chuột Razer DeathAdder Essential (RZ01-03850100-R3M1) là biểu tượng của sự đáng tin cậy và hiệu suất vượt trội trong thế giới gaming. Được thiết kế với hình dáng công thái học đã được khẳng định qua hàng triệu người dùng trên toàn cầu, chiếc chuột này mang lại sự thoải mái tối đa cho những phiên chơi game kéo dài, giảm thiểu mệt mỏi và tăng cường khả năng kiểm soát. Với cảm biến quang học 6.400 DPI chính xác, DeathAdder Essential đảm bảo độ nhạy tuyệt đối và khả năng phản hồi tức thì, cho phép bạn thực hiện những pha di chuyển mượt mà và nhắm mục tiêu chuẩn xác ngay cả trong những trận chiến căng thẳng nhất. Năm nút Hyperesponse có thể lập trình độc lập, với tuổi thọ lên đến 10 triệu lượt nhấp, cung cấp độ bền vượt trội và khả năng tùy chỉnh linh hoạt để phù hợp với mọi phong cách chơi game. Thiết kế đơn giản nhưng mạnh mẽ, lớp vỏ chắc chắn và chất lượng hoàn thiện cao cấp là minh chứng cho tiêu chuẩn kỹ thuật hàng đầu của Razer. DeathAdder Essential không chỉ là một công cụ chơi game mà còn là một người bạn đồng hành đáng tin cậy, giúp bạn nâng cao hiệu suất và thống trị mọi chiến trường ảo, từ những tựa game bắn súng tốc độ cao đến các trò chơi chiến thuật phức tạp. Đây là lựa chọn lý tưởng cho game thủ đang tìm kiếm sự kết hợp hoàn hảo giữa hiệu suất, độ bền và mức giá phải chăng.',
        1, 'https://product.hstatic.net/200000722513/product/thumbchuot_7445abea69bf461e881eeba2b6cbbd8d.jpg'
    );
INSERT INTO product_category (product_id, category_id) VALUES (446, 27);
INSERT INTO product_variant (
        product_id, name, seo_name, supplier_id, price, price_sale, quantity, sku, model, barcode, 
        specifications, description, warranty, image_url, release_at, created_by)
        VALUES ( 446, 'Chuột Razer DeathAdder Essential (RZ01-03850100-R3M1)', 'razer-deathadder-essential',
            1, 790000, 400000, 10, 'CHU-RAZ-DA-ESSENTIAL',
            'CHU-RAZ-DA-ESSENTIAL', 'CHU-RAZ-DA-ESSENTIAL',
            '{"Tên sản phẩm": "Razer DeathAdder Essential", "Mã sản phẩm": "RZ01-03850100-R3M1", "Màu sắc": "Đen", "Loại chuột": "Chuột Gaming có dây", "Cảm biến": "Optical", "Độ phân giải cảm biến tối đa": "6400 DPI", "Tốc độ theo dõi": "220 IPS", "Gia tốc tối đa": "30 G", "Số nút lập trình": "5", "Tuổi thọ nút bấm": "10 triệu lượt nhấn", "Đèn LED": "Đèn LED xanh lá đơn sắc", "Tần số báo cáo USB": "1000 Hz", "Kích thước": "127.0 mm (dài) x 61.7 mm (rộng) x 42.7 mm (cao)", "Trọng lượng": "96g (không bao gồm cáp)", "Chiều dài cáp": "1.8m", "Tương thích hệ điều hành": "Windows 7 trở lên", "Phần mềm đi kèm": "Razer Synapse 3"}',
            'Chuột Razer DeathAdder Essential (RZ01-03850100-R3M1) là biểu tượng của sự đáng tin cậy và hiệu suất vượt trội trong thế giới gaming. Được thiết kế với hình dáng công thái học đã được khẳng định qua hàng triệu người dùng trên toàn cầu, chiếc chuột này mang lại sự thoải mái tối đa cho những phiên chơi game kéo dài, giảm thiểu mệt mỏi và tăng cường khả năng kiểm soát. Với cảm biến quang học 6.400 DPI chính xác, DeathAdder Essential đảm bảo độ nhạy tuyệt đối và khả năng phản hồi tức thì, cho phép bạn thực hiện những pha di chuyển mượt mà và nhắm mục tiêu chuẩn xác ngay cả trong những trận chiến căng thẳng nhất. Năm nút Hyperesponse có thể lập trình độc lập, với tuổi thọ lên đến 10 triệu lượt nhấp, cung cấp độ bền vượt trội và khả năng tùy chỉnh linh hoạt để phù hợp với mọi phong cách chơi game. Thiết kế đơn giản nhưng mạnh mẽ, lớp vỏ chắc chắn và chất lượng hoàn thiện cao cấp là minh chứng cho tiêu chuẩn kỹ thuật hàng đầu của Razer. DeathAdder Essential không chỉ là một công cụ chơi game mà còn là một người bạn đồng hành đáng tin cậy, giúp bạn nâng cao hiệu suất và thống trị mọi chiến trường ảo, từ những tựa game bắn súng tốc độ cao đến các trò chơi chiến thuật phức tạp. Đây là lựa chọn lý tưởng cho game thủ đang tìm kiếm sự kết hợp hoàn hảo giữa hiệu suất, độ bền và mức giá phải chăng.',
            24, 'https://product.hstatic.net/200000722513/product/thumbchuot_7445abea69bf461e881eeba2b6cbbd8d.jpg', '2024-01-15T04:20:23+00:00',1);
        
INSERT INTO product_image (name, product_variant_id, image_url, is_main)
VALUES
    ('Ảnh 1', 446, 'https://product.hstatic.net/200000722513/product/thumbchuot_7445abea69bf461e881eeba2b6cbbd8d.jpg', TRUE),
    ('Ảnh 2', 446, 'https://product.hstatic.net/200000722513/product/tttttt_a3febd70c7f74160abf2441546d1a8c0_95c2516690034447b7b8b4bf44b6c631.png', FALSE),
    ('Ảnh 3', 446, 'https://product.hstatic.net/200000722513/product/yuyuyuyuyu_ca4f8c3b29194d0b9c883690ba108d50_95dc73e3e61e40cabf803a55b7f14c04.png', FALSE);
---
INSERT INTO product (name, seo_name, brand_id, specifications, description, created_by, image_url) 
    VALUES (
        'Chuột Logitech G304 Wireless', 'chuot-logitech-g304-lightspeed-wireless', 13,
        '{"Tên sản phẩm": "Chuột Logitech G304 Wireless", "Công nghệ kết nối": "Không dây LIGHTSPEED", "Công nghệ cảm biến": "HERO", "Độ phân giải": "200 – 12.000 DPI", "Tốc độ báo cáo không dây": "1000 Hz", "Bộ xử lý": "ARM 32-bit", "Micro-bộ nhớ": "Tích hợp 5 cấu hình", "Tích hợp bộ đệm nút": "Có", "Tuổi thọ pin": "Lên đến 250 giờ", "Yêu cầu hệ thống": "Windows 10 trở lên, macOS 10.13 trở lên, Chrome OS, Android TV", "Trọng lượng": "99g", "Màu sắc": "Đen"}',
        'Chuột gaming không dây Logitech G304 Lightspeed là sản phẩm đang làm mưa làm gió trên thị trường với nhiều tính năng đặc biệt nổi bật. Với nhiều công phá mới trong thiết kế cùng mức giá thành tương đối rẻ sản phẩm chuột Logitech đã sẵn sàng để mọi người dùng trải nghiệm.\n\nThiết kế đột phá, nổi bật với nhiều nút lập trình\nChuột gaming không dây Logitech G304 Lightspeed được nhà sản xuất gia công vô cùng tỉ mỉ với tiêu chí là đặt nhu cầu của người sử dụng hàng đầu. Chuột sở hữu 6 nút lập trình chính giữa và ở cả 2 bên. Các nút kích chuột chính vô cùng bền bỉ với khả năng 10 triệu lần nhấp chuột.\n\nĐánh giá chuột gaming không dây Logitech G304 Lightspeed\n\nBên cạnh đó, hệ thống hút lực cho các nút cơ học của chuột không dây G304 hoàn toàn tách biệt giúp nâng cao được sự ổn định của các nút phải và trái và giảm tối đa lực tác dụng khi sử dụng chuột. Điều đó mang lại cho người dùng những thao tác nhanh chóng ngay cả trong những trận game căng thẳng.\n\nThời lượng pin lớn, mắt cảm biến Hero\nChuột gaming không dây Logitech G304 Lightspeed là một trong những chiếc chuột không dây mang đến thời lượng pin sử dụng vượt trội so với các sản phẩm cùng phân khúc. Chuột mang lại cho người dùng 250h sử dụng chỉ với một chiếc pin AA.\n\nThời lượng pin lớn, mắt cảm biến Hero\n\nNgoài ra, chuột còn sở hữu công nghệ cảm biến Hero có khả năng mang đến các thao tác click chuột mượt mà, tăng tốc với hiệu suất đỉnh cao nhưng vẫn có thể tiết kiệm năng lượng tối ưu.',
        1, 'https://product.hstatic.net/200000722513/product/gvn_log_g304_3df28cd60a48412b8fb1d2ff762dc6a9_1f12340f2e6b4b8892163de0a06676f2.png'
    );
INSERT INTO product_category (product_id, category_id) VALUES (447, 27);
INSERT INTO product_variant (
        product_id, name, seo_name, supplier_id, price, price_sale, quantity, sku, model, barcode, 
        specifications, description, warranty, image_url, release_at, created_by)
        VALUES ( 447, 'Chuột Logitech G304 Wireless', 'chuot-logitech-g304-lightspeed-wireless',
            1, 1090000, 750000, 10, 'CHU-LOG-G304',
            'CHU-LOG-G304', 'CHU-LOG-G304',
            '{"Tên sản phẩm": "Chuột Logitech G304 Wireless", "Công nghệ kết nối": "Không dây LIGHTSPEED", "Công nghệ cảm biến": "HERO", "Độ phân giải": "200 – 12.000 DPI", "Tốc độ báo cáo không dây": "1000 Hz", "Bộ xử lý": "ARM 32-bit", "Micro-bộ nhớ": "Tích hợp 5 cấu hình", "Tích hợp bộ đệm nút": "Có", "Tuổi thọ pin": "Lên đến 250 giờ", "Yêu cầu hệ thống": "Windows 10 trở lên, macOS 10.13 trở lên, Chrome OS, Android TV", "Trọng lượng": "99g", "Màu sắc": "Đen"}',
            'Chuột gaming không dây Logitech G304 Lightspeed là sản phẩm đang làm mưa làm gió trên thị trường với nhiều tính năng đặc biệt nổi bật. Với nhiều công phá mới trong thiết kế cùng mức giá thành tương đối rẻ sản phẩm chuột Logitech đã sẵn sàng để mọi người dùng trải nghiệm.\n\nThiết kế đột phá, nổi bật với nhiều nút lập trình\nChuột gaming không dây Logitech G304 Lightspeed được nhà sản xuất gia công vô cùng tỉ mỉ với tiêu chí là đặt nhu cầu của người sử dụng hàng đầu. Chuột sở hữu 6 nút lập trình chính giữa và ở cả 2 bên. Các nút kích chuột chính vô cùng bền bỉ với khả năng 10 triệu lần nhấp chuột.\n\nĐánh giá chuột gaming không dây Logitech G304 Lightspeed\n\nBên cạnh đó, hệ thống hút lực cho các nút cơ học của chuột không dây G304 hoàn toàn tách biệt giúp nâng cao được sự ổn định của các nút phải và trái và giảm tối đa lực tác dụng khi sử dụng chuột. Điều đó mang lại cho người dùng những thao tác nhanh chóng ngay cả trong những trận game căng thẳng.\n\nThời lượng pin lớn, mắt cảm biến Hero\nChuột gaming không dây Logitech G304 Lightspeed là một trong những chiếc chuột không dây mang đến thời lượng pin sử dụng vượt trội so với các sản phẩm cùng phân khúc. Chuột mang lại cho người dùng 250h sử dụng chỉ với một chiếc pin AA.\n\nThời lượng pin lớn, mắt cảm biến Hero\n\nNgoài ra, chuột còn sở hữu công nghệ cảm biến Hero có khả năng mang đến các thao tác click chuột mượt mà, tăng tốc với hiệu suất đỉnh cao nhưng vẫn có thể tiết kiệm năng lượng tối ưu.',
            24, 'https://product.hstatic.net/200000722513/product/gvn_log_g304_3df28cd60a48412b8fb1d2ff762dc6a9_1f12340f2e6b4b8892163de0a06676f2.png', '2023-06-02T15:22:26+00:00',1);
        
INSERT INTO product_image (name, product_variant_id, image_url, is_main)
VALUES
    ('Ảnh 1', 447, 'https://product.hstatic.net/200000722513/product/gvn_log_g304_3df28cd60a48412b8fb1d2ff762dc6a9_1f12340f2e6b4b8892163de0a06676f2.png', TRUE),
    ('Ảnh 2', 447, 'https://product.hstatic.net/200000722513/product/gearvn-chuot-logitech-g304-lightspeed-wireless-1_a4790c21da6c4b66ab7696072d1170ce.jpg', FALSE),
    ('Ảnh 3', 447, 'https://product.hstatic.net/200000722513/product/gearvn-chuot-logitech-g304-lightspeed-wireless-2_f2ef8514e6fe472899b30b96285f788d.jpg', FALSE),
    ('Ảnh 4', 447, 'https://product.hstatic.net/200000722513/product/gearvn-chuot-logitech-g304-lightspeed-wireless-3_d24d2b2bb4604ce5b76817107d80b986.jpg', FALSE),
    ('Ảnh 5', 447, 'https://product.hstatic.net/200000722513/product/gearvn-chuot-logitech-g304-lightspeed-wireless-4_52e45573b3f145faa244e61eb954a733.jpg', FALSE),
    ('Ảnh 6', 447, 'https://product.hstatic.net/200000722513/product/gearvn-chuot-logitech-g304-lightspeed-wireless-5_cd43b7262ec647fdb7f57578a3f582c2.jpg', FALSE),
    ('Ảnh 7', 447, 'https://product.hstatic.net/200000722513/product/gearvn-chuot-logitech-g304-lightspeed-wireless-6_707384b03c2b40319298a8f1fa928881.jpg', FALSE),
    ('Ảnh 8', 447, 'https://product.hstatic.net/200000722513/product/gearvn-chuot-logitech-g304-lightspeed-wireless-7_9b49989ecbcf43bfb1b345d7001e1d3e.jpg', FALSE),
    ('Ảnh 9', 447, 'https://product.hstatic.net/200000722513/product/gearvn-chuot-logitech-g304-lightspeed-wireless-8_25d45a5ba4614aa3af29e4f6a4026905.jpg', FALSE),
    ('Ảnh 10', 447, 'https://product.hstatic.net/200000722513/product/gearvn-chuot-logitech-g304-lightspeed-wireless-9_fd725f7be5104427bb5baa3a9aef2125.jpg', FALSE),
    ('Ảnh 11', 447, 'https://product.hstatic.net/200000722513/product/gearvn-chuot-logitech-g304-lightspeed-wireless-10_570a8d5cc092486292cf9beaeadd8c66.jpg', FALSE);
---
INSERT INTO product (name, seo_name, brand_id, specifications, description, created_by, image_url) 
    VALUES (
        'Chuột Logitech G304 Wireless White', 'chuot-logitech-g304-lightspeed-wireless-white', 13,
        '{"Kích thước": "116.6 x 62.15 x 38.2 (mm) (Dài x Rộng x Cao)", "Trọng lượng": "99g", "Cảm biến": "HERO", "Độ phân giải": "200 – 12000 DPI", "Tăng tốc tối đa": ">40G", "Tốc độ tối đa": ">400 IPS", "Tốc độ báo cáo không dây": "1000Hz (1ms)", "Công nghệ LIGHTSPEED": "Có", "Bộ vi xử lý": "ARM 32-bit", "Tuổi thọ pin": "250 giờ", "Bộ nhớ tích hợp": "1 cấu hình", "Hệ thống": "Ứng lực nút cơ học", "Tương thích phần mềm": "Logitech Gaming Software"}',
        'Chuột Logitech G304 Wireless White là biểu tượng của sự tự do và hiệu suất trong thế giới gaming. Được trang bị công nghệ không dây LIGHTSPEED tiên tiến độc quyền của Logitech, G304 mang lại trải nghiệm chơi game mượt mà, ổn định với độ trễ chỉ 1ms, không thua kém bất kỳ mẫu chuột có dây nào.\n\nTrái tim của G304 là cảm biến HERO đột phá, cung cấp độ chính xác vượt trội và hiệu quả năng lượng đáng kinh ngạc. Với dải DPI từ 200 đến 12.000, cảm biến HERO đảm bảo mọi chuyển động của bạn đều được ghi nhận một cách hoàn hảo, dù là những pha flick nhanh hay những cú nhắm bắn tỉ mỉ.\n\nMột trong những điểm nhấn ấn tượng nhất của G304 là thời lượng pin cực kỳ dài. Chỉ với một viên pin AA, chuột có thể hoạt động liên tục lên đến 250 giờ, giúp bạn thoải mái chinh chiến mà không lo gián đoạn. Đèn báo pin sẽ thông báo khi pin còn 15%, cho phép bạn chuẩn bị thay thế kịp thời.\n\nVới trọng lượng chỉ 99 gram, G304 là một trong những chú chuột không dây nhẹ nhất trên thị trường, giảm mỏi tay đáng kể trong các phiên chơi game kéo dài. Thiết kế đối xứng, nhỏ gọn phù hợp với nhiều kiểu cầm chuột, mang lại sự thoải mái tối ưu. Màu trắng tinh tế không chỉ làm nổi bật không gian gaming của bạn mà còn thể hiện phong cách riêng biệt.\n\nSáu nút có thể lập trình thông qua phần mềm Logitech G HUB cho phép cá nhân hóa trải nghiệm của bạn, biến G304 thành một công cụ mạnh mẽ trong mọi tình huống.',
        1, 'https://product.hstatic.net/200000722513/product/h-g304-lightspeed-wireless-white-1000_e28318985b5049099c4e8381695e810f_782b9a4494994a2ea98cf9e699e35200.jpg'
    );
INSERT INTO product_category (product_id, category_id) VALUES (448, 27);
INSERT INTO product_variant (
        product_id, name, seo_name, supplier_id, price, price_sale, quantity, sku, model, barcode, 
        specifications, description, warranty, image_url, release_at, created_by)
        VALUES ( 448, 'Chuột Logitech G304 Wireless White', 'chuot-logitech-g304-lightspeed-wireless-white',
            1, 1090000, 750000, 10, 'CHU-LOG-G304-WL-WHITE',
            'CHU-LOG-G304-WL-WHITE', 'CHU-LOG-G304-WL-WHITE',
            '{"Kích thước": "116.6 x 62.15 x 38.2 (mm) (Dài x Rộng x Cao)", "Trọng lượng": "99g", "Cảm biến": "HERO", "Độ phân giải": "200 – 12000 DPI", "Tăng tốc tối đa": ">40G", "Tốc độ tối đa": ">400 IPS", "Tốc độ báo cáo không dây": "1000Hz (1ms)", "Công nghệ LIGHTSPEED": "Có", "Bộ vi xử lý": "ARM 32-bit", "Tuổi thọ pin": "250 giờ", "Bộ nhớ tích hợp": "1 cấu hình", "Hệ thống": "Ứng lực nút cơ học", "Tương thích phần mềm": "Logitech Gaming Software"}',
            'Chuột Logitech G304 Wireless White là biểu tượng của sự tự do và hiệu suất trong thế giới gaming. Được trang bị công nghệ không dây LIGHTSPEED tiên tiến độc quyền của Logitech, G304 mang lại trải nghiệm chơi game mượt mà, ổn định với độ trễ chỉ 1ms, không thua kém bất kỳ mẫu chuột có dây nào.\n\nTrái tim của G304 là cảm biến HERO đột phá, cung cấp độ chính xác vượt trội và hiệu quả năng lượng đáng kinh ngạc. Với dải DPI từ 200 đến 12.000, cảm biến HERO đảm bảo mọi chuyển động của bạn đều được ghi nhận một cách hoàn hảo, dù là những pha flick nhanh hay những cú nhắm bắn tỉ mỉ.\n\nMột trong những điểm nhấn ấn tượng nhất của G304 là thời lượng pin cực kỳ dài. Chỉ với một viên pin AA, chuột có thể hoạt động liên tục lên đến 250 giờ, giúp bạn thoải mái chinh chiến mà không lo gián đoạn. Đèn báo pin sẽ thông báo khi pin còn 15%, cho phép bạn chuẩn bị thay thế kịp thời.\n\nVới trọng lượng chỉ 99 gram, G304 là một trong những chú chuột không dây nhẹ nhất trên thị trường, giảm mỏi tay đáng kể trong các phiên chơi game kéo dài. Thiết kế đối xứng, nhỏ gọn phù hợp với nhiều kiểu cầm chuột, mang lại sự thoải mái tối ưu. Màu trắng tinh tế không chỉ làm nổi bật không gian gaming của bạn mà còn thể hiện phong cách riêng biệt.\n\nSáu nút có thể lập trình thông qua phần mềm Logitech G HUB cho phép cá nhân hóa trải nghiệm của bạn, biến G304 thành một công cụ mạnh mẽ trong mọi tình huống.',
            24, 'https://product.hstatic.net/200000722513/product/h-g304-lightspeed-wireless-white-1000_e28318985b5049099c4e8381695e810f_782b9a4494994a2ea98cf9e699e35200.jpg', '2023-06-03T08:24:22+00:00',1);
        
INSERT INTO product_image (name, product_variant_id, image_url, is_main)
VALUES
    ('Ảnh 1', 448, 'https://product.hstatic.net/200000722513/product/h-g304-lightspeed-wireless-white-1000_e28318985b5049099c4e8381695e810f_782b9a4494994a2ea98cf9e699e35200.jpg', TRUE),
    ('Ảnh 2', 448, 'https://product.hstatic.net/200000722513/product/ch-g304-lightspeed-wireless-white-777_4f35661f87af49b2b7f9a0870a174ea7_b6fb9848292c44d59247da75dbe986d9.jpg', FALSE),
    ('Ảnh 3', 448, 'https://product.hstatic.net/200000722513/product/tech-g304-lightspeed-wireless-white-1_d499fe3d15bc4ae886df0acdb130f08f_455a23a1e7da43909cdc30cc31dacbc1.jpg', FALSE),
    ('Ảnh 4', 448, 'https://product.hstatic.net/200000722513/product/tech-g304-lightspeed-wireless-white-5_2410480c52dd453c9fcf0683ea5a668d_d55c0cbf8b474e2dbd44511b958b8c79.jpg', FALSE),
    ('Ảnh 5', 448, 'https://product.hstatic.net/200000722513/product/tech-g304-lightspeed-wireless-white-4_ebf1ad6b741a486db03a3352cfb9d22b_ac0cf4baface467ab6eaec1d3fdd09db.jpg', FALSE),
    ('Ảnh 6', 448, 'https://product.hstatic.net/200000722513/product/tech-g304-lightspeed-wireless-white-2_8f1149e3adbb461997883239e23afbee_2e2a13312d3a4cb9af747ac5ae455453.jpg', FALSE),
    ('Ảnh 7', 448, 'https://product.hstatic.net/200000722513/product/tech-g304-lightspeed-wireless-white-3_0f3a56ad5b784ab0ad2a316fc83ae331_d1d4ce3fd61742fd9ef9541a1acf41e9.jpg', FALSE),
    ('Ảnh 8', 448, 'https://product.hstatic.net/200000722513/product/chu-g304-white_58a871b124b94cddbb0f84199af44cbc_dc1d246c3da644fcbc546f4a3addbdff.gif', FALSE);
---
INSERT INTO product (name, seo_name, brand_id, specifications, description, created_by, image_url) 
    VALUES (
        'Chuột Logitech G502 Hero Gaming', 'logitech-g502-hero', 13,
        '{"Tương thích": "Windows® 7 trở lên, macOS 10.11 trở lên, ChromeOS", "Độ phân giải": "100 – 25.600 DPI", "Cảm biến": "Quang học HERO 25K", "Số nút": "11 nút lập trình được", "Kết nối": "Dây USB", "Chiều dài dây": "2,1 m", "Đèn LED": "LIGHTSYNC RGB", "Ứng dụng hỗ trợ": "HUB G của Logitech", "Tần suất gửi tín hiệu": "1000Hz (1ms)", "Kích thước": "29 x 7.5 x 4 cm (Cao x Dài x Rộng)", "Khối lượng": "121 g", "Hãng sản xuất": "Logitech"}',
        'Logitech nhà sản xuất phụ kiện dành cho máy tính nổi tiếng trên thế giới vừa cho ra mắt dòng phụ kiện chuột chơi Game có dây Logitech G502 Hero. Với nhiều tối ưu hóa nâng cấp đặc biệt dành cho chơi game, sản phẩm dần chiếm được sự yêu thích của nhiều người dùng.\n\nChuột chơi Game có dây Logitech G502 Hero\n\nChuột chơi Game có dây Logitech G502 Hero có thiết kế gọn nhẹ, độ nặng có thể tùy chỉnh\nSản phẩm chuột Logitech có thiết kế nguyên khối được làm bằng nhựa, trọng lượng nặng 3.6g đi kèm với Hero G502 đều có thể điều chỉnh theo nhiều cách: ở phía trước, phía sau, trái, phải và trung tâm. Từ đó người dùng có thể tìm ra vị trí phù hợp nhằm tối ưu hóa hiệu suất khi chơi game.\n\nChuột chơi Game có dây Logitech G502 Hero thiết kế gọn nhẹ, tùy chỉnh được độ nặng\n\nĐộ bền tuyệt đối trên chuột chơi Game có dây Logitech G502 Hero\nChuột chơi Game có dây Logitech G502 Hero được thiết kế đảm bảo mang lại độ bền tuyệt đối. Điển hình là các nút trái/phải với switch cơ học đảm bảo 50 triệu lần nhấp, tương đương với 10 giờ chơi liên tục mỗi ngày trong 5 năm. Ngoài ra Logitech còn trang bị lớp đệm cao su hai bên giúp tăng độ bền và cảm giác cầm nắm chắc chắn cho người dùng.\n\nChuột chơi Game có dây Logitech G502 Hero độ bền cao, bền bỉ theo thời gian\n\nHiệu ứng ánh sáng tùy chỉnh trên chuột chơi Game có dây Logitech G502 Hero\nChuột chơi Game có dây Logitech G502 Hero được cung cấp hiệu ứng ánh sáng lên đến 16,8 triệu màu sử dụng công nghệ Lightsync RGB của Logitech. Công nghệ Lightsync cung cấp các hiệu ứng chiếu sáng phản ứng theo hành động trong game, thể hiện âm thanh bằng màu sắc, tạo mẫu màu màn hình và nhiều hơn nữa. Người dùng cũng có thể tự tùy chỉnh màu sắc để thể hiện cá nhân hóa sở thích mỗi người.\n\nChuột chơi Game có dây Logitech G502 Hero có thể tùy chỉnh màu sắc RGBs\n\nTích hợp cảm biến hero 16K trên chuột chơi Game có dây Logitech G502 Hero\nHero là cảm biến chơi game chính xác nhất từ trước đến nay do Logitech sản xuất. Đặc biệt độ chính xác của cảm biến ở Chuột chơi Game có dây Logitech G502 Hero đã được nâng cấp toàn diện. Với khả năng xử lý khung hình nhanh nhất và tạo ra 400+ IPS trong dải DPI 100 – 16.000 với khả năng làm mịn, lọc và tăng tốc. Từ đó cảm biến Hero đạt được sự chính xác cấp độ thi đấu và độ nhạy ổn định nhất từ trước tới nay.\n\nChuột chơi Game có dây Logitech G502 Hero tích hợp cảm biến Hero 16K mới nhất\n\nKhả năng điều khiển trên đầu ngón tay ở chuột chơi Game có dây Logitech G502 Hero\nChuột chơi Game có dây Logitech G502 Hero cung cấp cho người dùng 11 nút có thể lập trình trong quá trình sử dụng chuột. Người dùng có thể thiết kế, di chuyển, sửa chữa…hay để sức mạnh di chuyển dưới ngón tay và lưu đến 5 cấu hình khác nhau trực tiếp vào chuột để mang cài đặt đi khắp mọi nơi.',
        1, 'https://product.hstatic.net/200000722513/product/10001_01736316d2b443d0838e5a0741434420.png'
    );
INSERT INTO product_category (product_id, category_id) VALUES (449, 27);
INSERT INTO product_variant (
        product_id, name, seo_name, supplier_id, price, price_sale, quantity, sku, model, barcode, 
        specifications, description, warranty, image_url, release_at, created_by)
        VALUES ( 449, 'Chuột Logitech G502 Hero Gaming', 'logitech-g502-hero',
            1, 1090000, 950000, 10, 'CHU-LOG-G502-HERO',
            'CHU-LOG-G502-HERO', 'CHU-LOG-G502-HERO',
            '{"Tương thích": "Windows® 7 trở lên, macOS 10.11 trở lên, ChromeOS", "Độ phân giải": "100 – 25.600 DPI", "Cảm biến": "Quang học HERO 25K", "Số nút": "11 nút lập trình được", "Kết nối": "Dây USB", "Chiều dài dây": "2,1 m", "Đèn LED": "LIGHTSYNC RGB", "Ứng dụng hỗ trợ": "HUB G của Logitech", "Tần suất gửi tín hiệu": "1000Hz (1ms)", "Kích thước": "29 x 7.5 x 4 cm (Cao x Dài x Rộng)", "Khối lượng": "121 g", "Hãng sản xuất": "Logitech"}',
            'Logitech nhà sản xuất phụ kiện dành cho máy tính nổi tiếng trên thế giới vừa cho ra mắt dòng phụ kiện chuột chơi Game có dây Logitech G502 Hero. Với nhiều tối ưu hóa nâng cấp đặc biệt dành cho chơi game, sản phẩm dần chiếm được sự yêu thích của nhiều người dùng.\n\nChuột chơi Game có dây Logitech G502 Hero\n\nChuột chơi Game có dây Logitech G502 Hero có thiết kế gọn nhẹ, độ nặng có thể tùy chỉnh\nSản phẩm chuột Logitech có thiết kế nguyên khối được làm bằng nhựa, trọng lượng nặng 3.6g đi kèm với Hero G502 đều có thể điều chỉnh theo nhiều cách: ở phía trước, phía sau, trái, phải và trung tâm. Từ đó người dùng có thể tìm ra vị trí phù hợp nhằm tối ưu hóa hiệu suất khi chơi game.\n\nChuột chơi Game có dây Logitech G502 Hero thiết kế gọn nhẹ, tùy chỉnh được độ nặng\n\nĐộ bền tuyệt đối trên chuột chơi Game có dây Logitech G502 Hero\nChuột chơi Game có dây Logitech G502 Hero được thiết kế đảm bảo mang lại độ bền tuyệt đối. Điển hình là các nút trái/phải với switch cơ học đảm bảo 50 triệu lần nhấp, tương đương với 10 giờ chơi liên tục mỗi ngày trong 5 năm. Ngoài ra Logitech còn trang bị lớp đệm cao su hai bên giúp tăng độ bền và cảm giác cầm nắm chắc chắn cho người dùng.\n\nChuột chơi Game có dây Logitech G502 Hero độ bền cao, bền bỉ theo thời gian\n\nHiệu ứng ánh sáng tùy chỉnh trên chuột chơi Game có dây Logitech G502 Hero\nChuột chơi Game có dây Logitech G502 Hero được cung cấp hiệu ứng ánh sáng lên đến 16,8 triệu màu sử dụng công nghệ Lightsync RGB của Logitech. Công nghệ Lightsync cung cấp các hiệu ứng chiếu sáng phản ứng theo hành động trong game, thể hiện âm thanh bằng màu sắc, tạo mẫu màu màn hình và nhiều hơn nữa. Người dùng cũng có thể tự tùy chỉnh màu sắc để thể hiện cá nhân hóa sở thích mỗi người.\n\nChuột chơi Game có dây Logitech G502 Hero có thể tùy chỉnh màu sắc RGBs\n\nTích hợp cảm biến hero 16K trên chuột chơi Game có dây Logitech G502 Hero\nHero là cảm biến chơi game chính xác nhất từ trước đến nay do Logitech sản xuất. Đặc biệt độ chính xác của cảm biến ở Chuột chơi Game có dây Logitech G502 Hero đã được nâng cấp toàn diện. Với khả năng xử lý khung hình nhanh nhất và tạo ra 400+ IPS trong dải DPI 100 – 16.000 với khả năng làm mịn, lọc và tăng tốc. Từ đó cảm biến Hero đạt được sự chính xác cấp độ thi đấu và độ nhạy ổn định nhất từ trước tới nay.\n\nChuột chơi Game có dây Logitech G502 Hero tích hợp cảm biến Hero 16K mới nhất\n\nKhả năng điều khiển trên đầu ngón tay ở chuột chơi Game có dây Logitech G502 Hero\nChuột chơi Game có dây Logitech G502 Hero cung cấp cho người dùng 11 nút có thể lập trình trong quá trình sử dụng chuột. Người dùng có thể thiết kế, di chuyển, sửa chữa…hay để sức mạnh di chuyển dưới ngón tay và lưu đến 5 cấu hình khác nhau trực tiếp vào chuột để mang cài đặt đi khắp mọi nơi.',
            24, 'https://product.hstatic.net/200000722513/product/10001_01736316d2b443d0838e5a0741434420.png', '2023-06-03T05:41:58+00:00',1);
        
INSERT INTO product_image (name, product_variant_id, image_url, is_main)
VALUES
    ('Ảnh 1', 449, 'https://product.hstatic.net/200000722513/product/10001_01736316d2b443d0838e5a0741434420.png', TRUE),
    ('Ảnh 2', 449, 'https://product.hstatic.net/200000722513/product/10002_5e6a3fc520ed41b3ba9274fad93e93b1.png', FALSE),
    ('Ảnh 3', 449, 'https://product.hstatic.net/200000722513/product/10003_56787c29e63447889d8fff3b4cc0e4d6.png', FALSE),
    ('Ảnh 4', 449, 'https://product.hstatic.net/200000722513/product/10004_84bb9658241941818ef9e02811c22af4.png', FALSE),
    ('Ảnh 5', 449, 'https://product.hstatic.net/200000722513/product/10005_7ef835bf35464bda85605ed5ab262c1f.png', FALSE);
---
INSERT INTO product (name, seo_name, brand_id, specifications, description, created_by, image_url) 
    VALUES (
        'Chuột DareU EM901X RGB Superlight Wireless Black', 'chuot-dareu-em901x-rgb-superlight-wireless-black', 25,
        '{"Hãng sản xuất": "Dare-U", "Bảo hành": "24 tháng", "Model": "DareU EM901X RGB Superlight Wireless Black", "Màu sắc": "Đen", "Thiết kế": "Đối xứng", "Kiểu kết nối": "Wireless 2.4Ghz", "Thời gian sử dụng": "30h / 18h (khi bật LED RGB)", "Thời gian sạc": "3h", "Dung lượng pin": "930 mAh", "Đèn LED": "RGB", "Độ nhạy (DPI)": "800-6000", "Polling rate": "1000Hz", "Tracking": "150IPS", "Cảm biến": "BRAVO (ATG4090)", "Số nút bấm": "6", "Switch": "DareU (10 triệu lần click)", "Kích thước": "125.5 x 68.6 x 39.6 mm", "Trọng lượng": "86g"}',
        'Nâng tầm trải nghiệm của bạn với Chuột DareU EM901X RGB Superlight Wireless Black – sự kết hợp hoàn hảo giữa hiệu suất vượt trội, thiết kế siêu nhẹ và phong cách ấn tượng. Được thiết kế dành cho game thủ và người dùng chuyên nghiệp, EM901X là hiện thân của tốc độ và sự chính xác.\n\nVới trọng lượng siêu nhẹ, mỗi cú lướt chuột đều trở nên mượt mà và không trọng lực, cho phép bạn thực hiện những pha xử lý nhanh nhạy và chính xác đến từng pixel mà không gặp cảm giác mỏi cổ tay, ngay cả trong những phiên chơi game kéo dài. Công nghệ không dây 2.4GHz tiên tiến đảm bảo kết nối ổn định, độ trễ cực thấp, mang lại trải nghiệm phản hồi tức thì như chuột có dây nhưng hoàn toàn không bị vướng víu bởi cáp.\n\nHệ thống đèn nền RGB rực rỡ không chỉ làm bừng sáng không gian làm việc hay giải trí của bạn mà còn cho phép tùy chỉnh màu sắc và hiệu ứng linh hoạt, thể hiện cá tính riêng biệt. Được trang bị cảm biến quang học hiệu suất cao, DareU EM901X mang đến độ chính xác tuyệt đối, với DPI có thể điều chỉnh dễ dàng để phù hợp với mọi tác vụ, từ lướt web thông thường đến những trận chiến căng thẳng.\n\nThiết kế công thái học tối ưu ôm sát lòng bàn tay, đảm bảo sự thoải mái tối đa trong suốt quá trình sử dụng. Cùng với lớp vỏ màu đen tuyền sang trọng, chống bám vân tay, chiếc chuột này không chỉ bền bỉ mà còn giữ được vẻ ngoài tinh tế. Chuột DareU EM901X RGB Superlight Wireless Black không chỉ là một phụ kiện, mà là một công cụ đắc lực giúp bạn thống trị mọi cuộc chơi và nâng cao năng suất làm việc.',
        1, 'https://product.hstatic.net/200000722513/product/huot-khong-day-gaming-dareu-em901x-02_2d72d3eef5be4e93ac94b2e6d1ff2810_ff776a7b3d3849938010ce9b8ca1a13d.png'
    );
INSERT INTO product_category (product_id, category_id) VALUES (450, 27);
INSERT INTO product_variant (
        product_id, name, seo_name, supplier_id, price, price_sale, quantity, sku, model, barcode, 
        specifications, description, warranty, image_url, release_at, created_by)
        VALUES ( 450, 'Chuột DareU EM901X RGB Superlight Wireless Black', 'chuot-dareu-em901x-rgb-superlight-wireless-black',
            1, 1090000, 680000, 10, 'CHU-EM901X-RGB-SL-WL-BLACK',
            'CHU-EM901X-RGB-SL-WL-BLACK', 'CHU-EM901X-RGB-SL-WL-BLACK',
            '{"Hãng sản xuất": "Dare-U", "Bảo hành": "24 tháng", "Model": "DareU EM901X RGB Superlight Wireless Black", "Màu sắc": "Đen", "Thiết kế": "Đối xứng", "Kiểu kết nối": "Wireless 2.4Ghz", "Thời gian sử dụng": "30h / 18h (khi bật LED RGB)", "Thời gian sạc": "3h", "Dung lượng pin": "930 mAh", "Đèn LED": "RGB", "Độ nhạy (DPI)": "800-6000", "Polling rate": "1000Hz", "Tracking": "150IPS", "Cảm biến": "BRAVO (ATG4090)", "Số nút bấm": "6", "Switch": "DareU (10 triệu lần click)", "Kích thước": "125.5 x 68.6 x 39.6 mm", "Trọng lượng": "86g"}',
            'Nâng tầm trải nghiệm của bạn với Chuột DareU EM901X RGB Superlight Wireless Black – sự kết hợp hoàn hảo giữa hiệu suất vượt trội, thiết kế siêu nhẹ và phong cách ấn tượng. Được thiết kế dành cho game thủ và người dùng chuyên nghiệp, EM901X là hiện thân của tốc độ và sự chính xác.\n\nVới trọng lượng siêu nhẹ, mỗi cú lướt chuột đều trở nên mượt mà và không trọng lực, cho phép bạn thực hiện những pha xử lý nhanh nhạy và chính xác đến từng pixel mà không gặp cảm giác mỏi cổ tay, ngay cả trong những phiên chơi game kéo dài. Công nghệ không dây 2.4GHz tiên tiến đảm bảo kết nối ổn định, độ trễ cực thấp, mang lại trải nghiệm phản hồi tức thì như chuột có dây nhưng hoàn toàn không bị vướng víu bởi cáp.\n\nHệ thống đèn nền RGB rực rỡ không chỉ làm bừng sáng không gian làm việc hay giải trí của bạn mà còn cho phép tùy chỉnh màu sắc và hiệu ứng linh hoạt, thể hiện cá tính riêng biệt. Được trang bị cảm biến quang học hiệu suất cao, DareU EM901X mang đến độ chính xác tuyệt đối, với DPI có thể điều chỉnh dễ dàng để phù hợp với mọi tác vụ, từ lướt web thông thường đến những trận chiến căng thẳng.\n\nThiết kế công thái học tối ưu ôm sát lòng bàn tay, đảm bảo sự thoải mái tối đa trong suốt quá trình sử dụng. Cùng với lớp vỏ màu đen tuyền sang trọng, chống bám vân tay, chiếc chuột này không chỉ bền bỉ mà còn giữ được vẻ ngoài tinh tế. Chuột DareU EM901X RGB Superlight Wireless Black không chỉ là một phụ kiện, mà là một công cụ đắc lực giúp bạn thống trị mọi cuộc chơi và nâng cao năng suất làm việc.',
            24, 'https://product.hstatic.net/200000722513/product/huot-khong-day-gaming-dareu-em901x-02_2d72d3eef5be4e93ac94b2e6d1ff2810_ff776a7b3d3849938010ce9b8ca1a13d.png', '2023-06-02T15:04:43+00:00',1);
        
INSERT INTO product_image (name, product_variant_id, image_url, is_main)
VALUES
    ('Ảnh 1', 450, 'https://product.hstatic.net/200000722513/product/huot-khong-day-gaming-dareu-em901x-02_2d72d3eef5be4e93ac94b2e6d1ff2810_ff776a7b3d3849938010ce9b8ca1a13d.png', TRUE),
    ('Ảnh 2', 450, 'https://product.hstatic.net/200000722513/product/gearvn-chuot-dareu-em901x-rgb-superlight-wireless-black-1_15335d20bc8048608975d5ba223a81c6.jpg', FALSE),
    ('Ảnh 3', 450, 'https://product.hstatic.net/200000722513/product/gearvn-chuot-dareu-em901x-rgb-superlight-wireless-black-2_3730872e52dc4e82a1d0038f080b1403.jpg', FALSE),
    ('Ảnh 4', 450, 'https://product.hstatic.net/200000722513/product/gearvn-chuot-dareu-em901x-rgb-superlight-wireless-black-3_27a149ebd3684676ad8dc5a53a7c8bf4.jpg', FALSE),
    ('Ảnh 5', 450, 'https://product.hstatic.net/200000722513/product/gearvn-chuot-dareu-em901x-rgb-superlight-wireless-black-4_804756510c874505b94d03adc663a50b.jpg', FALSE),
    ('Ảnh 6', 450, 'https://product.hstatic.net/200000722513/product/gearvn-chuot-dareu-em901x-rgb-superlight-wireless-black-5_1db9f719076d420a89f6f080e95cc402.jpg', FALSE),
    ('Ảnh 7', 450, 'https://product.hstatic.net/200000722513/product/gearvn-chuot-dareu-em901x-rgb-superlight-wireless-black-6_b778bbddb64745fd93fb8af77c6aeba1.jpg', FALSE),
    ('Ảnh 8', 450, 'https://product.hstatic.net/200000722513/product/gearvn-chuot-dareu-em901x-rgb-superlight-wireless-black-7_d001399932ae4040aeba09e3b4b2d123.jpg', FALSE),
    ('Ảnh 9', 450, 'https://product.hstatic.net/200000722513/product/gearvn-chuot-dareu-em901x-rgb-superlight-wireless-black-8_d326190ded3a4be0be94c610f6ca9f2b.jpg', FALSE),
    ('Ảnh 10', 450, 'https://product.hstatic.net/200000722513/product/gearvn-chuot-dareu-em901x-rgb-superlight-wireless-black-9_922cb8eb95f74fee8f1500932654c74e.jpg', FALSE),
    ('Ảnh 11', 450, 'https://product.hstatic.net/200000722513/product/gearvn-chuot-dareu-em901x-rgb-superlight-wireless-black-10_7f1c5de2f2444fba83443d640dbcdacb.jpg', FALSE),
    ('Ảnh 12', 450, 'https://product.hstatic.net/200000722513/product/gearvn-chuot-dareu-em901x-rgb-superlight-wireless-black-11_bd4675a1e3334f478302cb7c84625ced.jpg', FALSE),
    ('Ảnh 13', 450, 'https://product.hstatic.net/200000722513/product/gearvn-chuot-dareu-em901x-rgb-superlight-wireless-black-12_22dea1f05c084d8d854a38bcefc2148c.jpg', FALSE);
---
INSERT INTO product (name, seo_name, brand_id, specifications, description, created_by, image_url) 
    VALUES (
        'Chuột DareU EM901X RGB Superlight Wireless Pink', 'chuot-dareu-em901x-rgb-superlight-wireless-pink', 25,
        '{"Hãng sản xuất": "Dare-U", "Bảo hành": "24 tháng", "Model": "DareU EM901X RGB Superlight Wireless Pink", "Màu sắc": "Hồng", "Thiết kế": "Đối xứng", "Kiểu kết nối": "Wireless 2.4Ghz", "Thời gian sử dụng": "30 giờ (tắt LED RGB) / 18 giờ (bật LED RGB)", "Thời gian sạc": "3 giờ", "Dung lượng pin": "930 mAh", "Đèn LED": "RGB", "Độ nhạy (DPI)": "800-6000", "Polling rate": "1000Hz", "Tracking": "150 IPS", "Cảm biến": "BRAVO (ATG4090)", "Số nút bấm": "6", "Switch": "DareU (10 triệu lần click)", "Kích thước": "125.5 x 68.6 x 39.6 mm", "Trọng lượng": "86g"}',
        'Chuột DareU EM901X RGB Superlight Wireless Pink là sự kết hợp hoàn hảo giữa phong cách, hiệu suất và sự tiện lợi, dành riêng cho những ai yêu thích công nghệ và thẩm mỹ. Với tông màu hồng pastel ngọt ngào, chiếc chuột này không chỉ là một công cụ làm việc hay giải trí mà còn là một phụ kiện thời trang nổi bật trên bàn làm việc của bạn. Điểm nhấn đầu tiên chính là thiết kế siêu nhẹ, chỉ với trọng lượng tối ưu, EM901X giúp người dùng thao tác nhanh chóng và thoải mái trong nhiều giờ liền mà không gây mỏi cổ tay, lý tưởng cho các buổi chơi game marathon hay làm việc cường độ cao. Công nghệ không dây 2.4GHz tiên tiến đảm bảo kết nối ổn định, mượt mà, loại bỏ hoàn toàn sự vướng víu của dây cáp truyền thống, mang lại trải nghiệm tự do di chuyển tối đa. Bên cạnh đó, hệ thống đèn nền RGB rực rỡ có thể tùy chỉnh dễ dàng, cho phép bạn cá nhân hóa không gian làm việc hoặc giải trí theo sở thích, tạo nên hiệu ứng thị giác ấn tượng. Được trang bị cảm biến quang học hiệu suất cao, DareU EM901X mang lại độ chính xác vượt trội, đáp ứng hoàn hảo mọi thao tác từ di chuyển con trỏ thông thường đến những pha xử lý game phức tạp, đòi hỏi tốc độ và độ nhạy cao. Thời lượng pin ấn tượng đảm bảo bạn có thể sử dụng liên tục trong thời gian dài, và khả năng sạc nhanh giúp thiết bị luôn sẵn sàng. Các nút bấm được thiết kế bền bỉ, mang lại cảm giác nhấn rõ ràng và tuổi thọ cao. Đây thực sự là lựa chọn tuyệt vời cho các game thủ nữ, dân văn phòng hoặc bất kỳ ai tìm kiếm một chiếc chuột không dây siêu nhẹ, đẹp mắt và hiệu quả.',
        1, 'https://product.hstatic.net/200000722513/product/khong-day-gaming-dareu-em901x-pink-01_542ff31224024dd3813ed701f4926555_02f0e97ca40347fabb5ca635370597a5.jpg'
    );
INSERT INTO product_category (product_id, category_id) VALUES (451, 27);
INSERT INTO product_variant (
        product_id, name, seo_name, supplier_id, price, price_sale, quantity, sku, model, barcode, 
        specifications, description, warranty, image_url, release_at, created_by)
        VALUES ( 451, 'Chuột DareU EM901X RGB Superlight Wireless Pink', 'chuot-dareu-em901x-rgb-superlight-wireless-pink',
            1, 1090000, 680000, 10, 'CHU-EM901X-RGB-SL-WL-PINK',
            'CHU-EM901X-RGB-SL-WL-PINK', 'CHU-EM901X-RGB-SL-WL-PINK',
            '{"Hãng sản xuất": "Dare-U", "Bảo hành": "24 tháng", "Model": "DareU EM901X RGB Superlight Wireless Pink", "Màu sắc": "Hồng", "Thiết kế": "Đối xứng", "Kiểu kết nối": "Wireless 2.4Ghz", "Thời gian sử dụng": "30 giờ (tắt LED RGB) / 18 giờ (bật LED RGB)", "Thời gian sạc": "3 giờ", "Dung lượng pin": "930 mAh", "Đèn LED": "RGB", "Độ nhạy (DPI)": "800-6000", "Polling rate": "1000Hz", "Tracking": "150 IPS", "Cảm biến": "BRAVO (ATG4090)", "Số nút bấm": "6", "Switch": "DareU (10 triệu lần click)", "Kích thước": "125.5 x 68.6 x 39.6 mm", "Trọng lượng": "86g"}',
            'Chuột DareU EM901X RGB Superlight Wireless Pink là sự kết hợp hoàn hảo giữa phong cách, hiệu suất và sự tiện lợi, dành riêng cho những ai yêu thích công nghệ và thẩm mỹ. Với tông màu hồng pastel ngọt ngào, chiếc chuột này không chỉ là một công cụ làm việc hay giải trí mà còn là một phụ kiện thời trang nổi bật trên bàn làm việc của bạn. Điểm nhấn đầu tiên chính là thiết kế siêu nhẹ, chỉ với trọng lượng tối ưu, EM901X giúp người dùng thao tác nhanh chóng và thoải mái trong nhiều giờ liền mà không gây mỏi cổ tay, lý tưởng cho các buổi chơi game marathon hay làm việc cường độ cao. Công nghệ không dây 2.4GHz tiên tiến đảm bảo kết nối ổn định, mượt mà, loại bỏ hoàn toàn sự vướng víu của dây cáp truyền thống, mang lại trải nghiệm tự do di chuyển tối đa. Bên cạnh đó, hệ thống đèn nền RGB rực rỡ có thể tùy chỉnh dễ dàng, cho phép bạn cá nhân hóa không gian làm việc hoặc giải trí theo sở thích, tạo nên hiệu ứng thị giác ấn tượng. Được trang bị cảm biến quang học hiệu suất cao, DareU EM901X mang lại độ chính xác vượt trội, đáp ứng hoàn hảo mọi thao tác từ di chuyển con trỏ thông thường đến những pha xử lý game phức tạp, đòi hỏi tốc độ và độ nhạy cao. Thời lượng pin ấn tượng đảm bảo bạn có thể sử dụng liên tục trong thời gian dài, và khả năng sạc nhanh giúp thiết bị luôn sẵn sàng. Các nút bấm được thiết kế bền bỉ, mang lại cảm giác nhấn rõ ràng và tuổi thọ cao. Đây thực sự là lựa chọn tuyệt vời cho các game thủ nữ, dân văn phòng hoặc bất kỳ ai tìm kiếm một chiếc chuột không dây siêu nhẹ, đẹp mắt và hiệu quả.',
            24, 'https://product.hstatic.net/200000722513/product/khong-day-gaming-dareu-em901x-pink-01_542ff31224024dd3813ed701f4926555_02f0e97ca40347fabb5ca635370597a5.jpg', '2024-03-23T04:53:03+00:00',1);
        
INSERT INTO product_image (name, product_variant_id, image_url, is_main)
VALUES
    ('Ảnh 1', 451, 'https://product.hstatic.net/200000722513/product/khong-day-gaming-dareu-em901x-pink-01_542ff31224024dd3813ed701f4926555_02f0e97ca40347fabb5ca635370597a5.jpg', TRUE),
    ('Ảnh 2', 451, 'https://product.hstatic.net/200000722513/product/khong-day-gaming-dareu-em901x-pink-02_7633cc3b5fb0412e9f1712c8da247bd1_385a644c39be485188446be48726ab0e.jpg', FALSE);
---
INSERT INTO product (name, seo_name, brand_id, specifications, description, created_by, image_url) 
    VALUES (
        'Chuột Logitech G102 LightSync White', 'chuot-logitech-g102-lightsync-rgb-white', 13,
        '{"Hãng sản xuất": "Logitech", "Mã sản phẩm": "G102-LTS-WH", "Màu sắc": "Trắng", "Kiểu kết nối": "Có dây", "Cảm biến": "Optical", "Độ phân giải DPI": "8000", "Số nút bấm": "6", "Đèn LED RGB": "LightSync RGB 8 vùng", "Phần mềm điều chỉnh": "Logitech G HUB", "Trọng lượng": "85g (chỉ chuột)", "Kích thước": "116.6mm x 62.15mm x 38.2mm", "Tương thích hệ điều hành": "Windows, macOS", "Bảo hành": "24 tháng"}',
        'Dù có mức giá rất bình dân nhưng Chuột Logitech G102 Lightsync RGB lại được trang bị led RGB 16,8 triệu màu. Chọn một màu hay trộn 3 màu, hiệu ứng có sẵn hay tạo hiệu ứng của riêng bạn. Sự lựa chọn là của bạn! Bạn còn có thể đồng bộ chuột với các thiết bị LIGHTSYNC của Logitech G khác, giúp góc máy trở nên đồng bộ và độc đáo hơn.',
        1, 'https://product.hstatic.net/200000722513/product/logitech-g102-lightsync-rgb-white-1_eb113ff7e83b4289812fb9bff7034b4d_581b766edc6e402e995fd81477456742.jpg'
    );
INSERT INTO product_category (product_id, category_id) VALUES (452, 27);
INSERT INTO product_variant (
        product_id, name, seo_name, supplier_id, price, price_sale, quantity, sku, model, barcode, 
        specifications, description, warranty, image_url, release_at, created_by)
        VALUES ( 452, 'Chuột Logitech G102 LightSync White', 'chuot-logitech-g102-lightsync-rgb-white',
            1, 599000, 415000, 10, 'CHU-LOG-G102-LIGHTSYNC-WHITE',
            'CHU-LOG-G102-LIGHTSYNC-WHITE', 'CHU-LOG-G102-LIGHTSYNC-WHITE',
            '{"Hãng sản xuất": "Logitech", "Mã sản phẩm": "G102-LTS-WH", "Màu sắc": "Trắng", "Kiểu kết nối": "Có dây", "Cảm biến": "Optical", "Độ phân giải DPI": "8000", "Số nút bấm": "6", "Đèn LED RGB": "LightSync RGB 8 vùng", "Phần mềm điều chỉnh": "Logitech G HUB", "Trọng lượng": "85g (chỉ chuột)", "Kích thước": "116.6mm x 62.15mm x 38.2mm", "Tương thích hệ điều hành": "Windows, macOS", "Bảo hành": "24 tháng"}',
            'Dù có mức giá rất bình dân nhưng Chuột Logitech G102 Lightsync RGB lại được trang bị led RGB 16,8 triệu màu. Chọn một màu hay trộn 3 màu, hiệu ứng có sẵn hay tạo hiệu ứng của riêng bạn. Sự lựa chọn là của bạn! Bạn còn có thể đồng bộ chuột với các thiết bị LIGHTSYNC của Logitech G khác, giúp góc máy trở nên đồng bộ và độc đáo hơn.',
            24, 'https://product.hstatic.net/200000722513/product/logitech-g102-lightsync-rgb-white-1_eb113ff7e83b4289812fb9bff7034b4d_581b766edc6e402e995fd81477456742.jpg', '2023-06-03T09:09:56+00:00',1);
        
INSERT INTO product_image (name, product_variant_id, image_url, is_main)
VALUES
    ('Ảnh 1', 452, 'https://product.hstatic.net/200000722513/product/logitech-g102-lightsync-rgb-white-1_eb113ff7e83b4289812fb9bff7034b4d_581b766edc6e402e995fd81477456742.jpg', TRUE),
    ('Ảnh 2', 452, 'https://product.hstatic.net/200000722513/product/logitech-g102-lightsync-rgb-white-2_5825855084a9400ab038d02a5e7ece14_dd77f9fe14814a698244c0bfa840ff0d.jpg', FALSE),
    ('Ảnh 3', 452, 'https://product.hstatic.net/200000722513/product/logitech-g102-lightsync-rgb-white-3_1c4ea7b6462548d780ca23541fab3ef6_ff6deca7dfdc4567a89ee7e5bc5edc2d.jpg', FALSE);
---
INSERT INTO product (name, seo_name, brand_id, specifications, description, created_by, image_url) 
    VALUES (
        'Chuột Asus TUF Gaming M3 Gen II', 'chuot-asus-tuf-gaming-m3-gen-ii', 3,
        '{"Hãng sản xuất": "Asus", "Bảo hành": "24 tháng", "Kiểu kết nối": "Có dây", "Độ nhạy (DPI)": "Lên đến 8000", "Cảm biến": "PAW3318", "Số nút bấm": "6", "Tuổi thọ switch": "Lên đến 60 triệu lần nhấn", "Kích thước": "123x68x40mm", "Khối lượng": "63g", "Hệ điều hành hỗ trợ": "Windows® 10, Windows® 11"}',
        'Asus TUF Gaming M3 được biết đến là dòng chuột máy tính sở hữu hiệu năng ấn tượng, khả năng tương thích cao, nút bấm được bố trí thông minh thuận tiện cho mọi nhu cầu sử dụng. Đặc biệt, ở thế hệ Gen II, hãng còn tích hợp thêm nhiều công nghệ hiện đại, hứa hẹn sẽ là một trong những dòng chuột gaming rất đáng trải nghiệm.',
        1, 'https://product.hstatic.net/200000722513/product/tuf-gaming-m3-gen-ii-01__1__905473efccda4d1b89bc64a03cf8f206_large_cb7ff5d9ebbc46688ce53d7b25e6df92.jpg'
    );
INSERT INTO product_category (product_id, category_id) VALUES (453, 27);
INSERT INTO product_variant (
        product_id, name, seo_name, supplier_id, price, price_sale, quantity, sku, model, barcode, 
        specifications, description, warranty, image_url, release_at, created_by)
        VALUES ( 453, 'Chuột Asus TUF Gaming M3 Gen II', 'chuot-asus-tuf-gaming-m3-gen-ii',
            1, 490000, 400000, 10, 'CHU-ASUS-TUF-M3-GENII',
            'CHU-ASUS-TUF-M3-GENII', 'CHU-ASUS-TUF-M3-GENII',
            '{"Hãng sản xuất": "Asus", "Bảo hành": "24 tháng", "Kiểu kết nối": "Có dây", "Độ nhạy (DPI)": "Lên đến 8000", "Cảm biến": "PAW3318", "Số nút bấm": "6", "Tuổi thọ switch": "Lên đến 60 triệu lần nhấn", "Kích thước": "123x68x40mm", "Khối lượng": "63g", "Hệ điều hành hỗ trợ": "Windows® 10, Windows® 11"}',
            'Asus TUF Gaming M3 được biết đến là dòng chuột máy tính sở hữu hiệu năng ấn tượng, khả năng tương thích cao, nút bấm được bố trí thông minh thuận tiện cho mọi nhu cầu sử dụng. Đặc biệt, ở thế hệ Gen II, hãng còn tích hợp thêm nhiều công nghệ hiện đại, hứa hẹn sẽ là một trong những dòng chuột gaming rất đáng trải nghiệm.',
            24, 'https://product.hstatic.net/200000722513/product/tuf-gaming-m3-gen-ii-01__1__905473efccda4d1b89bc64a03cf8f206_large_cb7ff5d9ebbc46688ce53d7b25e6df92.jpg', '2023-07-19T02:57:12+00:00',1);
        
INSERT INTO product_image (name, product_variant_id, image_url, is_main)
VALUES
    ('Ảnh 1', 453, 'https://product.hstatic.net/200000722513/product/tuf-gaming-m3-gen-ii-01__1__905473efccda4d1b89bc64a03cf8f206_large_cb7ff5d9ebbc46688ce53d7b25e6df92.jpg', TRUE),
    ('Ảnh 2', 453, 'https://product.hstatic.net/200000722513/product/tuf-gaming-m3-gen-ii-06_0cef666f99374f3b929da87a99eabf8f_large_e484361bb7e94b41aa43e788ee454bf4.jpg', FALSE),
    ('Ảnh 3', 453, 'https://product.hstatic.net/200000722513/product/tuf-gaming-m3-gen-ii-05_b314f56646ad4d63b411679d8ba16626_large_3a61c171801e4a0f96e3b6ef047f623b.jpg', FALSE),
    ('Ảnh 4', 453, 'https://product.hstatic.net/200000722513/product/tuf-gaming-m3-gen-ii-04_b4675ba93c59461d9a6949f9fed3cced_large_9506fc7253454b2aa6dc88ef8083d87a.jpg', FALSE),
    ('Ảnh 5', 453, 'https://product.hstatic.net/200000722513/product/tuf-gaming-m3-gen-ii-03_05afa00ef1df4afaaf2113ef1e85b07d_large_98a0c60e9cb142aaa5900ed01b441bab.jpg', FALSE),
    ('Ảnh 6', 453, 'https://product.hstatic.net/200000722513/product/tuf-gaming-m3-gen-ii-02_cb46713eaf5e422aabe35082c013b4f4_large_dc561786b60749ea8ee138f3521e7a9a.jpg', FALSE),
    ('Ảnh 7', 453, 'https://product.hstatic.net/200000722513/product/1_7c8fb33f317a498a8bf440d4e1cfe7e1.jpg', FALSE);
---
INSERT INTO product (name, seo_name, brand_id, specifications, description, created_by, image_url) 
    VALUES (
        'Chuột DareU Không dây EM911X RGB Trắng', 'chuot-dareu-khong-day-em911x-rgb-trang', 25,
        '{"Pin": "Không LED RGB: 42 giờ. Có LED RGB: 20 giờ. Thời gian sạc: 3 giờ."}',
        'Chuột Không dây EM911X từ DAREU được trang bị công nghệ kết nối Wireless 2.4G đem lại khả năng tìm cũng như kết nối tin hiệu ở chất lượng cao. Từ đó, vấn đề truyền dữ liệu sẽ được đảm bảo ổn định hơn để chuột không bị trễ thao tác khi sử dụng.\n\nKết nối trên chuột chơi game không dây DAREU EM911X RGB\n\nNgoài ra, Wireless Optical Sensor cũng đem lại cho dòng chuột này một cảm biến cực chính xác. Nó có thể theo dõi chuyển động của người dùng một cách hoàn hảo. kết hợp với những chức năng thông minh cho phép việc phản hồi chính xác từng pixel.\n\nDễ sử dụng, hệ thống đèn LED RGB nổi bật\nThiết kế hệ thống đèn LED RGB của chuột nằm ở đáy sản phẩm và có hình chữ U. Dải LED này có sự tích hợp hiệu ứng ánh sáng động mang đến nhiều màu sắc đẹp, toát lên cá tính cho người dùng.\n\nchuột chơi game không dây DAREU EM911X RGB\n\nVẻ ngoài của chuột được làm nhỏ gọn, vừa tay với sự tiện dụng tối ưu. Với tay cầm điều khiển được thiết kế mới hoàn toàn đi kèm với khả năng vận hành mượt mà và ổn định, bạn có thể chiến game mà không cần lo lắng bị lag, giật.',
        1, 'https://product.hstatic.net/200000722513/product/chuot_gaming_khong_day_dareu_dareu_em911x_wireless_white_1_b569c1f34b0540fdb4e6d30c0b644e05.jpg'
    );
INSERT INTO product_category (product_id, category_id) VALUES (454, 27);
INSERT INTO product_variant (
        product_id, name, seo_name, supplier_id, price, price_sale, quantity, sku, model, barcode, 
        specifications, description, warranty, image_url, release_at, created_by)
        VALUES ( 454, 'Chuột DareU Không dây EM911X RGB Trắng', 'chuot-dareu-khong-day-em911x-rgb-trang',
            1, 699000, 380000, 10, 'CHU-DAREU-EM911X-TRANG',
            'CHU-DAREU-EM911X-TRANG', 'CHU-DAREU-EM911X-TRANG',
            '{"Model": "EM911X","Thương hiệu": "DareU","Màu sắc": "Trắng","Kết nối": "USB, Wireless 2.4Ghz","Cảm biến": "PAW3104 (hoặc P3104)","Độ phân giải tối đa": "8000 DPI","Tốc độ theo dõi": "45 IPS","Tần số giao tiếp": "1000Hz","Số nút bấm": "6 nút lập trình được","Tuổi thọ switch": "50 triệu lần nhấn","Đèn LED": "RGB","Dung lượng pin": "500 mAh","Thời gian sử dụng": "42 giờ (không LED), 20 giờ (có LED RGB)","Thời gian sạc": "3 giờ","Trọng lượng": "71 ± 5g","Kích thước": "116*63*38mm (hoặc 125.5*68.6*39.6mm)","Bảo hành": "24 tháng (hoặc 12 tháng tùy nơi bán)"}',
            'Chuột Không dây EM911X từ DAREU được trang bị công nghệ kết nối Wireless 2.4G đem lại khả năng tìm cũng như kết nối tin hiệu ở chất lượng cao. Từ đó, vấn đề truyền dữ liệu sẽ được đảm bảo ổn định hơn để chuột không bị trễ thao tác khi sử dụng.\n\nKết nối trên chuột chơi game không dây DAREU EM911X RGB\n\nNgoài ra, Wireless Optical Sensor cũng đem lại cho dòng chuột này một cảm biến cực chính xác. Nó có thể theo dõi chuyển động của người dùng một cách hoàn hảo. kết hợp với những chức năng thông minh cho phép việc phản hồi chính xác từng pixel.\n\nDễ sử dụng, hệ thống đèn LED RGB nổi bật\nThiết kế hệ thống đèn LED RGB của chuột nằm ở đáy sản phẩm và có hình chữ U. Dải LED này có sự tích hợp hiệu ứng ánh sáng động mang đến nhiều màu sắc đẹp, toát lên cá tính cho người dùng.\n\nchuột chơi game không dây DAREU EM911X RGB\n\nVẻ ngoài của chuột được làm nhỏ gọn, vừa tay với sự tiện dụng tối ưu. Với tay cầm điều khiển được thiết kế mới hoàn toàn đi kèm với khả năng vận hành mượt mà và ổn định, bạn có thể chiến game mà không cần lo lắng bị lag, giật.',
            24, 'https://product.hstatic.net/200000722513/product/chuot_gaming_khong_day_dareu_dareu_em911x_wireless_white_1_b569c1f34b0540fdb4e6d30c0b644e05.jpg', '2024-05-16T08:05:36+00:00',1);
        
INSERT INTO product_image (name, product_variant_id, image_url, is_main)
VALUES
    ('Ảnh 1', 454, 'https://product.hstatic.net/200000722513/product/chuot_gaming_khong_day_dareu_dareu_em911x_wireless_white_1_b569c1f34b0540fdb4e6d30c0b644e05.jpg', TRUE),
    ('Ảnh 2', 454, 'https://product.hstatic.net/200000722513/product/z4602788348276_16a5a1116dadfb62c16f5fceebc00282_c9f378a95a0b4783b85a519278567ce3.jpg', FALSE),
    ('Ảnh 3', 454, 'https://product.hstatic.net/200000722513/product/em911x_white_-_02_aa5abfd35d7f4c0a9c4a3650ef77cc92.png', FALSE),
    ('Ảnh 4', 454, 'https://product.hstatic.net/200000722513/product/em911x_white_-_03_b19723bb71964d09bda1a004293f949a.png', FALSE),
    ('Ảnh 5', 454, 'https://product.hstatic.net/200000722513/product/em911x_white_-_04_570d79b3676d4a23b7a81182d710fa1a.png', FALSE),
    ('Ảnh 6', 454, 'https://product.hstatic.net/200000722513/product/em911x_white_-_05_ad78509bb17e481c9e9d3b02fa8ef7c6.png', FALSE),
    ('Ảnh 7', 454, 'https://product.hstatic.net/200000722513/product/em911x_white_-_06_adb3ba7b45924028947bdfd002a772cf.png', FALSE);
---
INSERT INTO product (name, seo_name, brand_id, specifications, description, created_by, image_url) 
    VALUES (
        'Chuột Logitech G Pro X Superlight Wireless White', 'chuot-logitech-g-pro-x-superlight-wireless-white', 13,
        '{"Hãng sản xuất": "Logitech", "Model": "G Pro X Superlight Wireless White", "Màu": "White", "Tần suất gửi tín hiệu USB": "1000 Hz (1ms)", "Bộ vi xử lý": "32-bit ARM", "Thời lượng pin liên tục": "70h", "Tương thích": "POWERPLAY", "Công nghệ không dây": "LIGHTSPEED", "Chân chuột": "Nhựa PTFE không pha tạp", "Số nút": "5 nút", "Cảm biến": "HERO", "Độ phân giải": "100 – 25.400 DPI", "Tăng tốc tối đa": "> 40 G", "Tốc độ tối đa": "> 400 IPS", "Kích thước": "125,0 x 63,5 x 40,0 mm", "Trọng lượng": "< 63 g"}',
        'Chuột không dây Logitech G Pro X Superlight là mẫu chuột máy tính thế hệ mới được ra mắt. Sản phẩm chuột Logitech này được trang bị thiết kế, kiểu dáng và nhiều công nghệ tiên tiến, hiện đại, nhận được nhiều sự chú ý của người dùng công nghệ. \n\nThiết kế gọn nhẹ, sang trọng\nNgoài thiết kế đơn giản tinh tế, chuột không dây Logitech G Pro X Superlight còn tạo ấn tượng bởi sở hữu kiểu dáng đậm chất cổ điển. Cấu trúc chuột với các đường cạnh cong, được bo tròn, vừa với khuôn bàn tay, do đó tạo sự thoải mái cho người tiêu dùng khi phải sử dụng liên tục trong nhiều giờ đồng hồ. \n\nKết nối không dây, tương thích tốt\nLogitech G Pro X Superlight áp dụng công nghệ LIGHTSPEED không dây, cho khả năng kết nối ổn định đáng kinh ngạc. Với tín hiệu mạnh mẽ, G Pro X Superlight góp phần giảm tối đa hiện tượng gián đoạn hay nhiễu sóng trong quá trình hoạt động. Hoặc thông qua cổng USB, mẫu chuột này có thể kết nối cùng đầu thu máy tính để sử dụng theo nhu cầu.\n\nKhông những vậy, khả năng tương thích của chuột cũng thích hợp với các hệ điều hành MacOS, Windows. Đặc biệt, thiết kế plug-and-play của phiên bản, người dùng không cần cài driver phức tạp hay lo lắng về tính tương thích phần mềm. Ngoài ra, độ trễ kết nối thấp cũng mang đến sự mượt mà trong trải nghiệm, kết cả khi chơi các tựa game yêu cầu phản ứng nhanh.\n\nHiệu năng hoạt động cao\nLogitech G Pro X Superlight không chỉ gây chú ý về thiết kế bên ngoài mà còn được quan tâm bởi những thông số nổi bật. Ở thế hệ này, độ phân giải của chuột đạt mức 100 – 25.600 DPI và còn được trang bị mắt đọc cảm biến HERO 25K. \n\nKhông chỉ vậy, khả năng phản hồi của chuột còn lên tới 1000 Hz/ 1ms, cho phép các thao tác được thực hiện một cách dễ dàng và nhanh chóng. Phiên bản này sở hữu tốc độ tối đa 400IPS, nhằm giảm thiểu thời gian phản ứng đáng kể. Cộng thêm hệ thống ứng lực trong từng cú nhấp còn góp phần tăng cường trải nghiệm chuẩn xác trong mỗi hoạt động. Kèm theo đó là các tính năng như làm mượt, tăng tốc và lọc tín hiệu của G Pro X Superlight giúp người dùng tận hưởng trải nghiệm chơi game mượt mà trong quá trình thao tác chuột.\n\nPin 70 giờ, sử dụng bền\nLogitech G Pro X Superlight gây ấn tượng mạnh mẽ với khả năng chuyển động trong khoảng 70 giờ liên tục chỉ một lần sạc đầy. Hơn thế nữa, trong các phiên chơi game kéo dài, người dùng có thể sử dụng chuột hàng giờ mà không cần sạc nhiều lần. Đồng thời, mẫu chuột không dây Logitech này được xem là sự lựa chọn tuyệt vời cho những ai sử dụng chuột liên tục trong công việc hàng ngày.\n\nChuột không dây Logitech G Pro X Superlight - Cảm biến Hero hiện đại \n\nPin của Logitech G Pro X Superlight không chỉ có dung lượng lớn mà còn được tối ưu hóa để hoạt động bền bỉ theo thời gian. Dù là trong các phiên chơi game kéo dài hay khi sử dụng hàng ngày, chuột vẫn giữ được hiệu năng ổn định mà không gặp phải tình trạng hao hụt hiệu suất. Đặc biệt, nhờ công nghệ HERO 25K tiên tiến, năng lượng được sử dụng một cách hiệu quả để người dùng tập trung vào trải nghiệm.',
        1, 'https://product.hstatic.net/200000722513/product/g-pro-x-superlight-wireless-white-666_1b449789ba424d6bb38370ca7bdecf2a_01499c0fa7d14e60902fea481990bdd1.jpg'
    );
INSERT INTO product_category (product_id, category_id) VALUES (455, 27);
INSERT INTO product_variant (
        product_id, name, seo_name, supplier_id, price, price_sale, quantity, sku, model, barcode, 
        specifications, description, warranty, image_url, release_at, created_by)
        VALUES ( 455, 'Chuột Logitech G Pro X Superlight Wireless White', 'chuot-logitech-g-pro-x-superlight-wireless-white',
            1, 3590000, 2650000, 10, 'CHU-LOG-G-PRO-X-SUP-W-WHI',
            'CHU-LOG-G-PRO-X-SUP-W-WHI', 'CHU-LOG-G-PRO-X-SUP-W-WHI',
            '{"Hãng sản xuất": "Logitech", "Model": "G Pro X Superlight Wireless White", "Màu": "White", "Tần suất gửi tín hiệu USB": "1000 Hz (1ms)", "Bộ vi xử lý": "32-bit ARM", "Thời lượng pin liên tục": "70h", "Tương thích": "POWERPLAY", "Công nghệ không dây": "LIGHTSPEED", "Chân chuột": "Nhựa PTFE không pha tạp", "Số nút": "5 nút", "Cảm biến": "HERO", "Độ phân giải": "100 – 25.400 DPI", "Tăng tốc tối đa": "> 40 G", "Tốc độ tối đa": "> 400 IPS", "Kích thước": "125,0 x 63,5 x 40,0 mm", "Trọng lượng": "< 63 g"}',
            'Chuột không dây Logitech G Pro X Superlight là mẫu chuột máy tính thế hệ mới được ra mắt. Sản phẩm chuột Logitech này được trang bị thiết kế, kiểu dáng và nhiều công nghệ tiên tiến, hiện đại, nhận được nhiều sự chú ý của người dùng công nghệ. \n\nThiết kế gọn nhẹ, sang trọng\nNgoài thiết kế đơn giản tinh tế, chuột không dây Logitech G Pro X Superlight còn tạo ấn tượng bởi sở hữu kiểu dáng đậm chất cổ điển. Cấu trúc chuột với các đường cạnh cong, được bo tròn, vừa với khuôn bàn tay, do đó tạo sự thoải mái cho người tiêu dùng khi phải sử dụng liên tục trong nhiều giờ đồng hồ. \n\nKết nối không dây, tương thích tốt\nLogitech G Pro X Superlight áp dụng công nghệ LIGHTSPEED không dây, cho khả năng kết nối ổn định đáng kinh ngạc. Với tín hiệu mạnh mẽ, G Pro X Superlight góp phần giảm tối đa hiện tượng gián đoạn hay nhiễu sóng trong quá trình hoạt động. Hoặc thông qua cổng USB, mẫu chuột này có thể kết nối cùng đầu thu máy tính để sử dụng theo nhu cầu.\n\nKhông những vậy, khả năng tương thích của chuột cũng thích hợp với các hệ điều hành MacOS, Windows. Đặc biệt, thiết kế plug-and-play của phiên bản, người dùng không cần cài driver phức tạp hay lo lắng về tính tương thích phần mềm. Ngoài ra, độ trễ kết nối thấp cũng mang đến sự mượt mà trong trải nghiệm, kết cả khi chơi các tựa game yêu cầu phản ứng nhanh.\n\nHiệu năng hoạt động cao\nLogitech G Pro X Superlight không chỉ gây chú ý về thiết kế bên ngoài mà còn được quan tâm bởi những thông số nổi bật. Ở thế hệ này, độ phân giải của chuột đạt mức 100 – 25.600 DPI và còn được trang bị mắt đọc cảm biến HERO 25K. \n\nKhông chỉ vậy, khả năng phản hồi của chuột còn lên tới 1000 Hz/ 1ms, cho phép các thao tác được thực hiện một cách dễ dàng và nhanh chóng. Phiên bản này sở hữu tốc độ tối đa 400IPS, nhằm giảm thiểu thời gian phản ứng đáng kể. Cộng thêm hệ thống ứng lực trong từng cú nhấp còn góp phần tăng cường trải nghiệm chuẩn xác trong mỗi hoạt động. Kèm theo đó là các tính năng như làm mượt, tăng tốc và lọc tín hiệu của G Pro X Superlight giúp người dùng tận hưởng trải nghiệm chơi game mượt mà trong quá trình thao tác chuột.\n\nPin 70 giờ, sử dụng bền\nLogitech G Pro X Superlight gây ấn tượng mạnh mẽ với khả năng chuyển động trong khoảng 70 giờ liên tục chỉ một lần sạc đầy. Hơn thế nữa, trong các phiên chơi game kéo dài, người dùng có thể sử dụng chuột hàng giờ mà không cần sạc nhiều lần. Đồng thời, mẫu chuột không dây Logitech này được xem là sự lựa chọn tuyệt vời cho những ai sử dụng chuột liên tục trong công việc hàng ngày.\n\nChuột không dây Logitech G Pro X Superlight - Cảm biến Hero hiện đại \n\nPin của Logitech G Pro X Superlight không chỉ có dung lượng lớn mà còn được tối ưu hóa để hoạt động bền bỉ theo thời gian. Dù là trong các phiên chơi game kéo dài hay khi sử dụng hàng ngày, chuột vẫn giữ được hiệu năng ổn định mà không gặp phải tình trạng hao hụt hiệu suất. Đặc biệt, nhờ công nghệ HERO 25K tiên tiến, năng lượng được sử dụng một cách hiệu quả để người dùng tập trung vào trải nghiệm.',
            24, 'https://product.hstatic.net/200000722513/product/g-pro-x-superlight-wireless-white-666_1b449789ba424d6bb38370ca7bdecf2a_01499c0fa7d14e60902fea481990bdd1.jpg', '2023-06-03T06:35:11+00:00',1);
        
INSERT INTO product_image (name, product_variant_id, image_url, is_main)
VALUES
    ('Ảnh 1', 455, 'https://product.hstatic.net/200000722513/product/g-pro-x-superlight-wireless-white-666_1b449789ba424d6bb38370ca7bdecf2a_01499c0fa7d14e60902fea481990bdd1.jpg', TRUE),
    ('Ảnh 2', 455, 'https://product.hstatic.net/200000722513/product/h-g-pro-x-superlight-wireless-white-4_08c977bb7b024d8da1244cd5901793eb_cb7e68df88034aa389e95815aab6e5e6.jpg', FALSE),
    ('Ảnh 3', 455, 'https://product.hstatic.net/200000722513/product/h-g-pro-x-superlight-wireless-white-1_8bf467e9036f4e85ac3008d047b2e150_a8bce2a610e04c279d64ff4bcfbcbdfa.jpg', FALSE),
    ('Ảnh 4', 455, 'https://product.hstatic.net/200000722513/product/h-g-pro-x-superlight-wireless-white-2_b4d99aaf30e34e35b77db6eb5bc7d540_bbcae761f4c04487ad06162a0c848ed7.jpg', FALSE),
    ('Ảnh 5', 455, 'https://product.hstatic.net/200000722513/product/h-g-pro-x-superlight-wireless-white-3_18ee1ecd230749a5919cc86ce540434b_dfb95bc6d7624b78a3e0cebf68406ad7.jpg', FALSE),
    ('Ảnh 6', 455, 'https://product.hstatic.net/200000722513/product/h-g-pro-x-superlight-wireless-white-5_f3827e3c99fb404d8e5017e10eb1d841_0497ee8760684355afe9b4ae946b0897.jpg', FALSE);
---
INSERT INTO product (name, seo_name, brand_id, specifications, description, created_by, image_url) 
    VALUES (
        'Chuột Razer Deathadder Essential White', 'chuot-razer-deathadder-essential-white', 15,
        '{"Tên sản phẩm": "Razer Deathadder Essential", "Màu sắc": "Trắng", "Loại chuột": "Có dây", "Cảm biến": "Optical", "Độ phân giải DPI": "6400", "Tốc độ theo dõi": "220 IPS", "Gia tốc tối đa": "30 G", "Số nút lập trình": "5", "Tuổi thọ nút": "10 triệu lượt nhấn", "Đèn LED": "Đơn sắc xanh lá", "Polling Rate": "1000 Hz", "Kết nối": "USB", "Chiều dài dây cáp": "1.8m", "Kích thước (Dài x Rộng x Cao)": "117mm x 64mm x 43mm", "Trọng lượng": "96g", "Yêu cầu hệ thống": "Windows 7 trở lên"}',
        'Chuột gaming Razer DeathAdder Essential – Hiệu năng ổn định, thiết kế công thái học đỉnh cao\n\nRazer DeathAdder Essential được thiết kế với kiểu dáng công thái học (Ergonomic) đặc trưng của Razer, mang lại cảm giác thoải mái tối đa ngay cả khi sử dụng trong thời gian dài. Thiết kế cổ điển nhưng vẫn đầy tinh tế và mạnh mẽ giúp người chơi luôn duy trì hiệu suất cao trong mọi trận đấu. Đây chắc chắn là một trong những mẫu chuột gaming dưới 1 triệu đáng trải nghiệm nhất hiện nay.\n\nLà phiên bản thu gọn của dòng DeathAdder huyền thoại, DeathAdder Essential có trọng lượng nhẹ chỉ khoảng 69g, dù vẫn giữ kích thước khá lớn và thân chuột hơi bè sang hai bên. Bề mặt chuột được phủ lớp nhám cao cấp, kết hợp với hai phiên bản màu đen (LED xanh) và trắng (LED trắng) cùng logo ba chú rắn đặc trưng của Razer, mang đến vẻ ngoài đậm chất gaming và sang trọng.\n\nThiết kế công thái học – Cầm nắm thoải mái, thao tác linh hoạt\n\nChuột vẫn giữ form cầm công thái học truyền thống của dòng DeathAdder, mang lại cảm giác ôm tay cực kỳ dễ chịu và phù hợp với hầu hết các kiểu cầm (palm, claw, fingertip). Hai bên hông được trang bị lớp nhựa chấm bi chống trượt, giúp tăng độ bám và tạo cảm giác chắc chắn hơn khi sử dụng. Phần đầu và đuôi chuột được làm hơi bè ra, trong khi phần giữa thon gọn và nhô cao vừa vặn ôm sát lòng bàn tay – thiết kế đặc trưng giúp game thủ thao tác nhanh và chính xác hơn.\n\nHiệu năng mạnh mẽ – Cảm biến quang học chính xác\n\nRazer DeathAdder Essential được trang bị cảm biến quang học Razer Optical 6.400 DPI, cho khả năng theo dõi chính xác và mượt mà. Tốc độ phản hồi lên đến 220 IPS và gia tốc 30G, đảm bảo mọi thao tác di chuột đều được ghi nhận tức thời. Đây là lựa chọn hoàn hảo cho những game thủ cần độ chính xác cao trong từng pha xử lý.\n\nNút bấm bền bỉ – Tùy chỉnh linh hoạt\n\nChuột có 5 nút chức năng gồm: 2 nút chính (trái – phải), nút cuộn và 2 nút bên hông trái. Tất cả đều sử dụng công nghệ Razer Mechanical Switch với độ bền lên đến 10 triệu lần nhấn, cho cảm giác nhấn chắc chắn và phản hồi cực nhanh. Các nút này đều có thể tùy chỉnh chức năng thông qua phần mềm Razer Synapse, giúp bạn dễ dàng thiết lập theo thói quen hoặc nhu cầu chơi game cá nhân.\n\nTích hợp hệ sinh thái Razer Synapse\n\nDeathAdder Essential tương thích hoàn hảo với phần mềm Razer Synapse, cho phép tùy chỉnh DPI, cấu hình nút, hiệu ứng đèn LED và lưu cấu hình trực tiếp vào tài khoản Razer. Nhờ vậy, bạn có thể mang theo thiết lập yêu thích của mình ở bất cứ đâu.',
        1, 'https://product.hstatic.net/200000722513/product/565656_22914bb589c146e599cb381f2c75b557_e6b08a36816248339bcf29ca71560fcb.png'
    );
INSERT INTO product_category (product_id, category_id) VALUES (456, 27);
INSERT INTO product_variant (
        product_id, name, seo_name, supplier_id, price, price_sale, quantity, sku, model, barcode, 
        specifications, description, warranty, image_url, release_at, created_by)
        VALUES ( 456, 'Chuột Razer Deathadder Essential White', 'chuot-razer-deathadder-essential-white',
            1, 790000, 410000, 10, 'CHU-RAZ-DE-WHI',
            'CHU-RAZ-DE-WHI', 'CHU-RAZ-DE-WHI',
            '{"Tên sản phẩm": "Razer Deathadder Essential", "Màu sắc": "Trắng", "Loại chuột": "Có dây", "Cảm biến": "Optical", "Độ phân giải DPI": "6400", "Tốc độ theo dõi": "220 IPS", "Gia tốc tối đa": "30 G", "Số nút lập trình": "5", "Tuổi thọ nút": "10 triệu lượt nhấn", "Đèn LED": "Đơn sắc xanh lá", "Polling Rate": "1000 Hz", "Kết nối": "USB", "Chiều dài dây cáp": "1.8m", "Kích thước (Dài x Rộng x Cao)": "117mm x 64mm x 43mm", "Trọng lượng": "96g", "Yêu cầu hệ thống": "Windows 7 trở lên"}',
            'Chuột gaming Razer DeathAdder Essential – Hiệu năng ổn định, thiết kế công thái học đỉnh cao\n\nRazer DeathAdder Essential được thiết kế với kiểu dáng công thái học (Ergonomic) đặc trưng của Razer, mang lại cảm giác thoải mái tối đa ngay cả khi sử dụng trong thời gian dài. Thiết kế cổ điển nhưng vẫn đầy tinh tế và mạnh mẽ giúp người chơi luôn duy trì hiệu suất cao trong mọi trận đấu. Đây chắc chắn là một trong những mẫu chuột gaming dưới 1 triệu đáng trải nghiệm nhất hiện nay.\n\nLà phiên bản thu gọn của dòng DeathAdder huyền thoại, DeathAdder Essential có trọng lượng nhẹ chỉ khoảng 69g, dù vẫn giữ kích thước khá lớn và thân chuột hơi bè sang hai bên. Bề mặt chuột được phủ lớp nhám cao cấp, kết hợp với hai phiên bản màu đen (LED xanh) và trắng (LED trắng) cùng logo ba chú rắn đặc trưng của Razer, mang đến vẻ ngoài đậm chất gaming và sang trọng.\n\nThiết kế công thái học – Cầm nắm thoải mái, thao tác linh hoạt\n\nChuột vẫn giữ form cầm công thái học truyền thống của dòng DeathAdder, mang lại cảm giác ôm tay cực kỳ dễ chịu và phù hợp với hầu hết các kiểu cầm (palm, claw, fingertip). Hai bên hông được trang bị lớp nhựa chấm bi chống trượt, giúp tăng độ bám và tạo cảm giác chắc chắn hơn khi sử dụng. Phần đầu và đuôi chuột được làm hơi bè ra, trong khi phần giữa thon gọn và nhô cao vừa vặn ôm sát lòng bàn tay – thiết kế đặc trưng giúp game thủ thao tác nhanh và chính xác hơn.\n\nHiệu năng mạnh mẽ – Cảm biến quang học chính xác\n\nRazer DeathAdder Essential được trang bị cảm biến quang học Razer Optical 6.400 DPI, cho khả năng theo dõi chính xác và mượt mà. Tốc độ phản hồi lên đến 220 IPS và gia tốc 30G, đảm bảo mọi thao tác di chuột đều được ghi nhận tức thời. Đây là lựa chọn hoàn hảo cho những game thủ cần độ chính xác cao trong từng pha xử lý.\n\nNút bấm bền bỉ – Tùy chỉnh linh hoạt\n\nChuột có 5 nút chức năng gồm: 2 nút chính (trái – phải), nút cuộn và 2 nút bên hông trái. Tất cả đều sử dụng công nghệ Razer Mechanical Switch với độ bền lên đến 10 triệu lần nhấn, cho cảm giác nhấn chắc chắn và phản hồi cực nhanh. Các nút này đều có thể tùy chỉnh chức năng thông qua phần mềm Razer Synapse, giúp bạn dễ dàng thiết lập theo thói quen hoặc nhu cầu chơi game cá nhân.\n\nTích hợp hệ sinh thái Razer Synapse\n\nDeathAdder Essential tương thích hoàn hảo với phần mềm Razer Synapse, cho phép tùy chỉnh DPI, cấu hình nút, hiệu ứng đèn LED và lưu cấu hình trực tiếp vào tài khoản Razer. Nhờ vậy, bạn có thể mang theo thiết lập yêu thích của mình ở bất cứ đâu.',
            24, 'https://product.hstatic.net/200000722513/product/565656_22914bb589c146e599cb381f2c75b557_e6b08a36816248339bcf29ca71560fcb.png', '2024-01-15T04:20:36+00:00',1);
        
INSERT INTO product_image (name, product_variant_id, image_url, is_main)
VALUES
    ('Ảnh 1', 456, 'https://product.hstatic.net/200000722513/product/565656_22914bb589c146e599cb381f2c75b557_e6b08a36816248339bcf29ca71560fcb.png', TRUE),
    ('Ảnh 2', 456, 'https://product.hstatic.net/200000722513/product/fghfghjgfhfg_d0640724df5040709cba326097f94789_b37107e263b5437a96239bbe3884f81c.png', FALSE),
    ('Ảnh 3', 456, 'https://product.hstatic.net/200000722513/product/untitled-1_72f284baa15e4ba6824a83ae5ac00608_c703e6d4a26b400baeffd8783f96546a.png', FALSE);
---
INSERT INTO product (name, seo_name, brand_id, specifications, description, created_by, image_url) 
    VALUES (
        'Chuột không dây Logitech M331 Silent Black', 'chuot-khong-day-logitech-m331-silent', 13,
        '{"Thương hiệu:": "Logitech", "Bảo hành:": "12 tháng", "Model:": "Logitech M331 Silent", "Số nút:": "3", "Kiểu kết nối:": "Không dây 2.4 GHz", "Tích hợp Unifying:": "Có", "DPI tối thiểu:": "1000±", "Phạm vi không dây:": "10 mét", "Công nghệ SilentTouch:": "Giảm tiếng ồn khi nhấp chuột trái/phải, nhấp chuột giữa, cuộn và lướt.", "Thời gian sử dụng pin:": "24 tháng (tùy điều kiện sử dụng)", "Kích thước:": "105,4 x 67,9 x 38,4 mm", "Trọng lượng:": "91g (kèm pin)", "Tương thích:": "Windows 7, 8, 10 trở lên; macOS 10.5 trở lên; Linux Kernel 2.6+", "Phụ kiện:": "1 pin AA, Đầu thu nano"}',
        'Nhằm giảm thiểu sự phiền toái và giới hạn khoảng cách của chuột có dây thì những chú chuột bluetooth không dây Logitech được ra đời. Với kết nối không dây 2.4 GHz, chuột không dây Logitech M331 có khả năng kết nối xa lên tới 10m. Đi cùng là độ bền cao cộng thêm sự ổn định cũng như là tiết kiệm pin giúp sản phẩm này trở thành một sự lựa chọn tốt cho người dùng.\n\nThiết kế bo tròn ôm sát lòng bàn tay, trọng lượng chỉ 101g, chất liệu nhựa cứng\nM331 là mẫu chuột không dây Logitech được thiết kế với các đường cong uốn lượn, các cạnh được bo tròn và ôm sát lòng bàn tay, giúp người sử dụng giảm bớt sự đau mỏi của cổ tay và ngón tay. Hai bên thân chuột có các khối hình tam giác nhỏ được sắp xếp liền kề nhau tạo độ bám giúp các ngón tay không bị trơn trượt trong quá trình sử dụng.\n\nNgoài ra kích thước nhỏ gọn với thông số 10.3cmx6.4cmx4cm và trọng lượng chỉ 101g, sản phẩm có thể được đem theo bên mình và sử dụng khi cần thiết. Bên cạnh đó, chất liệu nhựa cứng bền bỉ, cùng thiết kế thiên hướng chuột công thái học cũng cho người dùng cảm giác sử dụng cầm nằm nhẹ nhàng đến mức bạn có thể cầm gọn trong lòng bàn tay nhưng vẫn cho cảm giác sử dụng thoải mái nhất.\n\nChuột quang độ phân giải lên đến 1000dpi, kết nối không dây với khoảng cách 10m\nSản phẩm được trang bị công nghệ chuột quang tiên tiến cho độ phân giải lên đến 1000dpi. Đây là độ phân giải cao. Qua đó, giúp cho chuột Logitech có thể di chuyển nhanh và mượt mà trên nhiều bền mặt, đảm bảo hiệu quả cho công việc, học tập cũng như giải trí.\n\nNgười dùng có được kết nối tin cậy của sản phẩm có dây nhưng lại thuận tiện với tính năng không dây. Điều này mang lại sự tự do với khoảng cách truyền dữ liệu nhanh chóng lên đến 10m và hầu như không bị trễ hoặc mất kết nối. Giờ đây, bạn có thể sử dụng không khác gì một chú chuột có dây kết nối.\n\nChứng nhận Quiet Mark không gây ra tiếng động khi sử dụng\nLogitech là công ty sản xuất chuột đầu tiên trên thế giới nhận được chứng nhận Quiet Mark certification. Nó được đóng dấu phê duyệt quốc tế do Hiệp hội Giảm Tiếng ồn của Vương quốc Anh (UK Noise Abatement Society) công nhận công nghệ được thiết kế để giảm ồn.\n\nChứng nhận này được xác thực từ những công nghệ được tích hợp bên trong chuột silent không dây này đã làm giảm hơn 90% tiếng ồn. Bao gồm chân được thiết kế một cách bền bỉ, hiệu suất lướt cao êm trên bàn làm việc, phần bánh xe cuộn của chuột laser không dây cuộn rất êm ái bổ sung trọn vẹn cho trải nghiệm yên lặng của bạn và những người xung quanh, silent click giảm hơn 90% tiếng nhấp chuột.\n\nTương thích tốt nhiều hệ điều hành, pin AA tiện dụng\nChuột không dây M331 hoạt động tốt với các máy tính chạy Windows, Mac, Chrome OS hoặc Linux. Đầu thu rất nhỏ và không tốn diện tích, việc cần làm là chỉ cần cắm vào cổng USB vào máy tính và không cần để quan tâm gì nữa. Thêm vào đó, bạn sẽ không còn phải lo sợ mất đầu thu vì bạn không cần phải tháo ra gắn vào.\n\nChuột Logitech M331 có thể hoạt động liên tục và tiện dụng với pin AA. Điều này giúp bạn tiết kiệm chi phí hơn và không còn lo lắng công việc bị gián đoạn giữa chừng. Ngoài ra, chuột cũng sẽ tự động ngắt khi bạn không sử dụng nữa nhằm tiết kiệm năng lượng.',
        1, 'https://product.hstatic.net/200000722513/product/m331n_graphite_top_91cef3d27a5240fbb196cd44c2c18914.png'
    );
INSERT INTO product_category (product_id, category_id) VALUES (457, 27);
INSERT INTO product_variant (
        product_id, name, seo_name, supplier_id, price, price_sale, quantity, sku, model, barcode, 
        specifications, description, warranty, image_url, release_at, created_by)
        VALUES ( 457, 'Chuột không dây Logitech M331 Silent Black', 'chuot-khong-day-logitech-m331-silent',
            1, 369000, 320000, 10, 'CHU-LOG-M331-SIL-BLA',
            'CHU-LOG-M331-SIL-BLA', 'CHU-LOG-M331-SIL-BLA',
            '{"Thương hiệu:": "Logitech", "Bảo hành:": "12 tháng", "Model:": "Logitech M331 Silent", "Số nút:": "3", "Kiểu kết nối:": "Không dây 2.4 GHz", "Tích hợp Unifying:": "Có", "DPI tối thiểu:": "1000±", "Phạm vi không dây:": "10 mét", "Công nghệ SilentTouch:": "Giảm tiếng ồn khi nhấp chuột trái/phải, nhấp chuột giữa, cuộn và lướt.", "Thời gian sử dụng pin:": "24 tháng (tùy điều kiện sử dụng)", "Kích thước:": "105,4 x 67,9 x 38,4 mm", "Trọng lượng:": "91g (kèm pin)", "Tương thích:": "Windows 7, 8, 10 trở lên; macOS 10.5 trở lên; Linux Kernel 2.6+", "Phụ kiện:": "1 pin AA, Đầu thu nano"}',
            'Nhằm giảm thiểu sự phiền toái và giới hạn khoảng cách của chuột có dây thì những chú chuột bluetooth không dây Logitech được ra đời. Với kết nối không dây 2.4 GHz, chuột không dây Logitech M331 có khả năng kết nối xa lên tới 10m. Đi cùng là độ bền cao cộng thêm sự ổn định cũng như là tiết kiệm pin giúp sản phẩm này trở thành một sự lựa chọn tốt cho người dùng.\n\nThiết kế bo tròn ôm sát lòng bàn tay, trọng lượng chỉ 101g, chất liệu nhựa cứng\nM331 là mẫu chuột không dây Logitech được thiết kế với các đường cong uốn lượn, các cạnh được bo tròn và ôm sát lòng bàn tay, giúp người sử dụng giảm bớt sự đau mỏi của cổ tay và ngón tay. Hai bên thân chuột có các khối hình tam giác nhỏ được sắp xếp liền kề nhau tạo độ bám giúp các ngón tay không bị trơn trượt trong quá trình sử dụng.\n\nNgoài ra kích thước nhỏ gọn với thông số 10.3cmx6.4cmx4cm và trọng lượng chỉ 101g, sản phẩm có thể được đem theo bên mình và sử dụng khi cần thiết. Bên cạnh đó, chất liệu nhựa cứng bền bỉ, cùng thiết kế thiên hướng chuột công thái học cũng cho người dùng cảm giác sử dụng cầm nằm nhẹ nhàng đến mức bạn có thể cầm gọn trong lòng bàn tay nhưng vẫn cho cảm giác sử dụng thoải mái nhất.\n\nChuột quang độ phân giải lên đến 1000dpi, kết nối không dây với khoảng cách 10m\nSản phẩm được trang bị công nghệ chuột quang tiên tiến cho độ phân giải lên đến 1000dpi. Đây là độ phân giải cao. Qua đó, giúp cho chuột Logitech có thể di chuyển nhanh và mượt mà trên nhiều bền mặt, đảm bảo hiệu quả cho công việc, học tập cũng như giải trí.\n\nNgười dùng có được kết nối tin cậy của sản phẩm có dây nhưng lại thuận tiện với tính năng không dây. Điều này mang lại sự tự do với khoảng cách truyền dữ liệu nhanh chóng lên đến 10m và hầu như không bị trễ hoặc mất kết nối. Giờ đây, bạn có thể sử dụng không khác gì một chú chuột có dây kết nối.\n\nChứng nhận Quiet Mark không gây ra tiếng động khi sử dụng\nLogitech là công ty sản xuất chuột đầu tiên trên thế giới nhận được chứng nhận Quiet Mark certification. Nó được đóng dấu phê duyệt quốc tế do Hiệp hội Giảm Tiếng ồn của Vương quốc Anh (UK Noise Abatement Society) công nhận công nghệ được thiết kế để giảm ồn.\n\nChứng nhận này được xác thực từ những công nghệ được tích hợp bên trong chuột silent không dây này đã làm giảm hơn 90% tiếng ồn. Bao gồm chân được thiết kế một cách bền bỉ, hiệu suất lướt cao êm trên bàn làm việc, phần bánh xe cuộn của chuột laser không dây cuộn rất êm ái bổ sung trọn vẹn cho trải nghiệm yên lặng của bạn và những người xung quanh, silent click giảm hơn 90% tiếng nhấp chuột.\n\nTương thích tốt nhiều hệ điều hành, pin AA tiện dụng\nChuột không dây M331 hoạt động tốt với các máy tính chạy Windows, Mac, Chrome OS hoặc Linux. Đầu thu rất nhỏ và không tốn diện tích, việc cần làm là chỉ cần cắm vào cổng USB vào máy tính và không cần để quan tâm gì nữa. Thêm vào đó, bạn sẽ không còn phải lo sợ mất đầu thu vì bạn không cần phải tháo ra gắn vào.\n\nChuột Logitech M331 có thể hoạt động liên tục và tiện dụng với pin AA. Điều này giúp bạn tiết kiệm chi phí hơn và không còn lo lắng công việc bị gián đoạn giữa chừng. Ngoài ra, chuột cũng sẽ tự động ngắt khi bạn không sử dụng nữa nhằm tiết kiệm năng lượng.',
            12, 'https://product.hstatic.net/200000722513/product/m331n_graphite_top_91cef3d27a5240fbb196cd44c2c18914.png', '2023-06-03T04:27:52+00:00',1);
        
INSERT INTO product_image (name, product_variant_id, image_url, is_main)
VALUES
    ('Ảnh 1', 457, 'https://product.hstatic.net/200000722513/product/m331n_graphite_top_91cef3d27a5240fbb196cd44c2c18914.png', TRUE),
    ('Ảnh 2', 457, 'https://product.hstatic.net/200000722513/product/m331n_black_profile_fd2dd77ff5d84a358051ac14aa7c99d6.png', FALSE),
    ('Ảnh 3', 457, 'https://product.hstatic.net/200000722513/product/m331n_graphite_bty_ddffb00cc7cd4b118925c1b9e4b81b61.png', FALSE),
    ('Ảnh 4', 457, 'https://product.hstatic.net/200000722513/product/m331n_graphite_bty2_8d996a9d92d746428110a0ec287603fd.png', FALSE),
    ('Ảnh 5', 457, 'https://product.hstatic.net/200000722513/product/m331n_graphite_fob_f67a7b2329ab4777b3b305938947253d.png', FALSE);
---
INSERT INTO product (name, seo_name, brand_id, specifications, description, created_by, image_url) 
    VALUES (
        'Chuột Logitech G Pro X Superlight Wireless Black', 'chuot-logitech-g-pro-x-superlight-wireless-black', 13,
        '{"Hãng sản xuất": "Logitech", "Model": "G Pro X Superlight Wireless Black", "Màu": "Black", "Tần suất gửi tín hiệu USB": "1000 Hz (1ms)", "Bộ vi xử lý": "32-bit ARM", "Thời lượng pin": "70h", "Tương thích": "POWERPLAY", "Công nghệ không dây": "LIGHTSPEED", "Chân chuột": "Nhựa PTFE nguyên chất", "Số nút": "5 nút", "Cảm biến": "HERO", "Độ phân giải": "100 – 25.400 DPI", "Tăng tốc tối đa": "> 40 G", "Tốc độ tối đa": "> 400 IPS", "Kích thước": "125 x 63.5 x 40 mm", "Trọng lượng": "< 63 g"}',
        '**Chuột không dây Logitech G Pro X Superlight** là mẫu chuột máy tính thế hệ mới được ra mắt. Sản phẩm chuột Logitech này được trang bị thiết kế, kiểu dáng và nhiều công nghệ tiên tiến, hiện đại, nhận được nhiều sự chú ý của người dùng công nghệ. \n\n### **Thiết kế gọn nhẹ, sang trọng**\nNgoài thiết kế đơn giản tinh tế, **chuột không dây Logitech G Pro X Superlight** còn tạo ấn tượng bởi sở hữu kiểu dáng đậm chất cổ điển. Cấu trúc chuột với các đường cạnh cong, được bo tròn, vừa với khuôn bàn tay, do đó tạo sự thoải mái cho người tiêu dùng khi phải sử dụng liên tục trong nhiều giờ đồng hồ. \n\n### **Kết nối không dây, tương thích tốt**\n**Logitech G Pro X Superlight** áp dụng công nghệ **LIGHTSPEED không dây**, cho khả năng kết nối ổn định đáng kinh ngạc. Với tín hiệu mạnh mẽ, G Pro X Superlight góp phần giảm tối đa hiện tượng gián đoạn hay nhiễu sóng trong quá trình hoạt động. Hoặc thông qua cổng **USB**, mẫu chuột này có thể kết nối cùng đầu thu máy tính để sử dụng theo nhu cầu.\n\nKhông những vậy, khả năng tương thích của chuột cũng thích hợp với các hệ điều hành **MacOS, Windows**. Đặc biệt, thiết kế **plug-and-play** của phiên bản giúp người dùng không cần cài driver phức tạp hay lo lắng về tính tương thích phần mềm. Ngoài ra, **độ trễ kết nối thấp** cũng mang đến sự mượt mà trong trải nghiệm, kể cả khi chơi các tựa game yêu cầu phản ứng nhanh.\n\n### **Hiệu năng hoạt động cao**\n**Logitech G Pro X Superlight** không chỉ gây chú ý về thiết kế bên ngoài mà còn được quan tâm bởi những thông số nổi bật. Ở thế hệ này, **độ phân giải đạt mức 100 – 25.600 DPI** và còn được trang bị **mắt đọc cảm biến HERO 25K**. \n\nKhông chỉ vậy, **khả năng phản hồi lên tới 1000 Hz / 1ms**, cho phép các thao tác được thực hiện một cách dễ dàng và nhanh chóng. Phiên bản này sở hữu **tốc độ tối đa 400IPS**, nhằm giảm thiểu thời gian phản ứng đáng kể. Cộng thêm **hệ thống ứng lực trong từng cú nhấp** còn góp phần tăng cường trải nghiệm chuẩn xác trong mỗi hoạt động. Kèm theo đó là các tính năng như **làm mượt, tăng tốc và lọc tín hiệu**, giúp người dùng tận hưởng trải nghiệm chơi game mượt mà trong quá trình thao tác chuột.\n\n### **Pin 70 giờ, sử dụng bền**\n**Logitech G Pro X Superlight** gây ấn tượng mạnh mẽ với khả năng **hoạt động lên đến 70 giờ liên tục** chỉ với một lần sạc đầy. Hơn thế nữa, trong các phiên chơi game kéo dài, người dùng có thể sử dụng chuột hàng giờ mà không cần sạc nhiều lần. \n\nPin của **Logitech G Pro X Superlight** không chỉ có dung lượng lớn mà còn được **tối ưu hóa để hoạt động bền bỉ theo thời gian**. Dù là trong các phiên chơi game kéo dài hay khi sử dụng hàng ngày, chuột vẫn giữ được hiệu năng ổn định mà không gặp phải tình trạng hao hụt hiệu suất. Đặc biệt, nhờ **công nghệ HERO 25K tiên tiến**, năng lượng được sử dụng một cách hiệu quả để người dùng tập trung vào trải nghiệm.',
        1, 'https://product.hstatic.net/200000722513/product/g-pro-x-superlight-wireless-black-666_83650815ce2e486f9108dbbb17c29159_1450bb4a9bd34dcb92fc77f627eb600d.jpg'
    );
INSERT INTO product_category (product_id, category_id) VALUES (458, 27);
INSERT INTO product_variant (
        product_id, name, seo_name, supplier_id, price, price_sale, quantity, sku, model, barcode, 
        specifications, description, warranty, image_url, release_at, created_by)
        VALUES ( 458, 'Chuột Logitech G Pro X Superlight Wireless Black', 'chuot-logitech-g-pro-x-superlight-wireless-black',
            1, 3490000, 2690000, 10, 'CHU-LOG-G-PRO-X-SUP-W-BLA',
            'CHU-LOG-G-PRO-X-SUP-W-BLA', 'CHU-LOG-G-PRO-X-SUP-W-BLA',
            '{"Hãng sản xuất": "Logitech", "Model": "G Pro X Superlight Wireless Black", "Màu": "Black", "Tần suất gửi tín hiệu USB": "1000 Hz (1ms)", "Bộ vi xử lý": "32-bit ARM", "Thời lượng pin": "70h", "Tương thích": "POWERPLAY", "Công nghệ không dây": "LIGHTSPEED", "Chân chuột": "Nhựa PTFE nguyên chất", "Số nút": "5 nút", "Cảm biến": "HERO", "Độ phân giải": "100 – 25.400 DPI", "Tăng tốc tối đa": "> 40 G", "Tốc độ tối đa": "> 400 IPS", "Kích thước": "125 x 63.5 x 40 mm", "Trọng lượng": "< 63 g"}',
            '**Chuột không dây Logitech G Pro X Superlight** là mẫu chuột máy tính thế hệ mới được ra mắt. Sản phẩm chuột Logitech này được trang bị thiết kế, kiểu dáng và nhiều công nghệ tiên tiến, hiện đại, nhận được nhiều sự chú ý của người dùng công nghệ. \n\n### **Thiết kế gọn nhẹ, sang trọng**\nNgoài thiết kế đơn giản tinh tế, **chuột không dây Logitech G Pro X Superlight** còn tạo ấn tượng bởi sở hữu kiểu dáng đậm chất cổ điển. Cấu trúc chuột với các đường cạnh cong, được bo tròn, vừa với khuôn bàn tay, do đó tạo sự thoải mái cho người tiêu dùng khi phải sử dụng liên tục trong nhiều giờ đồng hồ. \n\n### **Kết nối không dây, tương thích tốt**\n**Logitech G Pro X Superlight** áp dụng công nghệ **LIGHTSPEED không dây**, cho khả năng kết nối ổn định đáng kinh ngạc. Với tín hiệu mạnh mẽ, G Pro X Superlight góp phần giảm tối đa hiện tượng gián đoạn hay nhiễu sóng trong quá trình hoạt động. Hoặc thông qua cổng **USB**, mẫu chuột này có thể kết nối cùng đầu thu máy tính để sử dụng theo nhu cầu.\n\nKhông những vậy, khả năng tương thích của chuột cũng thích hợp với các hệ điều hành **MacOS, Windows**. Đặc biệt, thiết kế **plug-and-play** của phiên bản giúp người dùng không cần cài driver phức tạp hay lo lắng về tính tương thích phần mềm. Ngoài ra, **độ trễ kết nối thấp** cũng mang đến sự mượt mà trong trải nghiệm, kể cả khi chơi các tựa game yêu cầu phản ứng nhanh.\n\n### **Hiệu năng hoạt động cao**\n**Logitech G Pro X Superlight** không chỉ gây chú ý về thiết kế bên ngoài mà còn được quan tâm bởi những thông số nổi bật. Ở thế hệ này, **độ phân giải đạt mức 100 – 25.600 DPI** và còn được trang bị **mắt đọc cảm biến HERO 25K**. \n\nKhông chỉ vậy, **khả năng phản hồi lên tới 1000 Hz / 1ms**, cho phép các thao tác được thực hiện một cách dễ dàng và nhanh chóng. Phiên bản này sở hữu **tốc độ tối đa 400IPS**, nhằm giảm thiểu thời gian phản ứng đáng kể. Cộng thêm **hệ thống ứng lực trong từng cú nhấp** còn góp phần tăng cường trải nghiệm chuẩn xác trong mỗi hoạt động. Kèm theo đó là các tính năng như **làm mượt, tăng tốc và lọc tín hiệu**, giúp người dùng tận hưởng trải nghiệm chơi game mượt mà trong quá trình thao tác chuột.\n\n### **Pin 70 giờ, sử dụng bền**\n**Logitech G Pro X Superlight** gây ấn tượng mạnh mẽ với khả năng **hoạt động lên đến 70 giờ liên tục** chỉ với một lần sạc đầy. Hơn thế nữa, trong các phiên chơi game kéo dài, người dùng có thể sử dụng chuột hàng giờ mà không cần sạc nhiều lần. \n\nPin của **Logitech G Pro X Superlight** không chỉ có dung lượng lớn mà còn được **tối ưu hóa để hoạt động bền bỉ theo thời gian**. Dù là trong các phiên chơi game kéo dài hay khi sử dụng hàng ngày, chuột vẫn giữ được hiệu năng ổn định mà không gặp phải tình trạng hao hụt hiệu suất. Đặc biệt, nhờ **công nghệ HERO 25K tiên tiến**, năng lượng được sử dụng một cách hiệu quả để người dùng tập trung vào trải nghiệm.',
            24, 'https://product.hstatic.net/200000722513/product/g-pro-x-superlight-wireless-black-666_83650815ce2e486f9108dbbb17c29159_1450bb4a9bd34dcb92fc77f627eb600d.jpg', '2023-06-03T06:35:06+00:00',1);
        
INSERT INTO product_image (name, product_variant_id, image_url, is_main)
VALUES
    ('Ảnh 1', 458, 'https://product.hstatic.net/200000722513/product/g-pro-x-superlight-wireless-black-666_83650815ce2e486f9108dbbb17c29159_1450bb4a9bd34dcb92fc77f627eb600d.jpg', TRUE),
    ('Ảnh 2', 458, 'https://product.hstatic.net/200000722513/product/h-g-pro-x-superlight-wireless-black-4_88b86530a83d4c71b510f37427886a49_27d8f9d673534f1baba26c22fe8815d7.jpg', FALSE),
    ('Ảnh 3', 458, 'https://product.hstatic.net/200000722513/product/h-g-pro-x-superlight-wireless-black-1_14d660ac0ad04ff3b2bdd76005bb218c_99e01620881c44b6b7d367546b7bd811.jpg', FALSE),
    ('Ảnh 4', 458, 'https://product.hstatic.net/200000722513/product/h-g-pro-x-superlight-wireless-black-2_4b0290dbd52041d7a10d68cb96d7392a_be321391ae184e6cbfc5106272104034.jpg', FALSE),
    ('Ảnh 5', 458, 'https://product.hstatic.net/200000722513/product/h-g-pro-x-superlight-wireless-black-3_b9cc840b614c48818d0e3c5aa6c2a732_a2c434af28314573926b1879f37daa99.jpg', FALSE),
    ('Ảnh 6', 458, 'https://product.hstatic.net/200000722513/product/h-g-pro-x-superlight-wireless-black-7_43aaa7c43cfc4bb49e9a049642de0e3d_397c095a8e324f7197646828751329aa.jpg', FALSE);
---
INSERT INTO product (name, seo_name, brand_id, specifications, description, created_by, image_url) 
    VALUES (
        'Chuột công thái học Logitech Lift Vertical', 'chuot-cong-thai-hoc-logitech-lift-vertical', 13,
        '{"Hãng sản xuất:": "Logitech", "Model:": "Logitech Lift Vertical", "Số nút:": "4", "Công nghệ không dây:": "Đầu thu USB Logi Bolt, Công nghệ Bluetooth tiết kiệm năng lượng", "Phạm vi không dây:": "Lên tới 10 mét", "Pin:": "1 Pin AA", "Cuộn chuột:": "Smart Wheel", "Phần mềm:": "Logi Options+ (khả dụng trên Windows và macOS) giúp tùy chỉnh các nút, làm việc nhanh hơn và hiệu quả hơn (ví dụ: quay lại/tiếp theo, sao chép/dán).", "DPI:": "4000 (Hoàn toàn có thể điều chỉnh DPI)", "Công nghệ Bluetooth không dây tiết kiệm năng lượng:": "Yêu cầu: Bluetooth Low Energy. Tương thích với: Windows 10, 11 trở lên, macOS 10.15 trở lên, Linux, Chrome OS, iPadOS 14 trở lên, Android 8 trở lên.", "Kích thước:": "Chiều cao: 71 mm, Chiều rộng: 70 mm, Chiều dày: 108 mm", "Trọng lượng:": "125 g", "Đầu thu USB Logi Bolt:": "Yêu cầu: Cổng USB có sẵn. Tương thích với: Windows 10, 11 trở lên, macOS 10.15 trở lên, Linux, Chrome OS."}',
        'Chuột công thái học Logitech Lift Vertical là giải pháp tối ưu cho những ai tìm kiếm sự thoải mái và hiệu quả trong công việc hàng ngày, đặc biệt là với người dùng có bàn tay nhỏ đến trung bình. Thiết kế góc nghiêng 57 độ độc đáo giúp cổ tay và cẳng tay duy trì tư thế tự nhiên như khi bắt tay, giảm thiểu đáng kể áp lực lên cổ tay và các cơ liên quan, ngăn ngừa hội chứng ống cổ tay và mỏi cơ do sử dụng chuột trong thời gian dài. Bề mặt chuột được phủ vật liệu mềm mại, cùng với khu vực đặt ngón cái thoải mái, mang lại cảm giác dễ chịu ngay cả khi sử dụng liên tục. Logitech Lift Vertical trang bị bánh xe cuộn SmartWheel thông minh, cho phép chuyển đổi linh hoạt giữa chế độ cuộn siêu tốc để duyệt tài liệu dài và chế độ cuộn từng dòng chính xác. Chuột hỗ trợ kết nối kép qua Logi Bolt USB receiver và Bluetooth Low Energy, cho phép bạn dễ dàng chuyển đổi giữa tối đa ba thiết bị chỉ với một nút bấm Easy-Switch. Với phần mềm Logi Options+, người dùng có thể tùy chỉnh các nút chức năng, điều chỉnh tốc độ con trỏ (DPI từ 400 đến 4000) và tận dụng tính năng Logitech Flow để di chuyển giữa các máy tính khác nhau một cách mượt mà. Sử dụng một viên pin AA, chuột có thể hoạt động bền bỉ lên đến 2 năm, giúp bạn tập trung hoàn toàn vào công việc mà không lo gián đoạn.',
        1, 'https://product.hstatic.net/200000722513/product/mic-mouse-business-gallery-graphite-1_df5213a079d04df2911171194aa09a36_5374743df1064d6384adcaa0c92208cf.png'
    );
INSERT INTO product_category (product_id, category_id) VALUES (459, 27);
INSERT INTO product_variant (
        product_id, name, seo_name, supplier_id, price, price_sale, quantity, sku, model, barcode, 
        specifications, description, warranty, image_url, release_at, created_by)
        VALUES ( 459, 'Chuột công thái học Logitech Lift Vertical', 'chuot-cong-thai-hoc-logitech-lift-vertical',
            1, 1599000, 1250000, 10, 'CHU-LOGITECH-LIFT-VERTICAL',
            'CHU-LOGITECH-LIFT-VERTICAL', 'CHU-LOGITECH-LIFT-VERTICAL',
            '{"Hãng sản xuất:": "Logitech", "Model:": "Logitech Lift Vertical", "Số nút:": "4", "Công nghệ không dây:": "Đầu thu USB Logi Bolt, Công nghệ Bluetooth tiết kiệm năng lượng", "Phạm vi không dây:": "Lên tới 10 mét", "Pin:": "1 Pin AA", "Cuộn chuột:": "Smart Wheel", "Phần mềm:": "Logi Options+ (khả dụng trên Windows và macOS) giúp tùy chỉnh các nút, làm việc nhanh hơn và hiệu quả hơn (ví dụ: quay lại/tiếp theo, sao chép/dán).", "DPI:": "4000 (Hoàn toàn có thể điều chỉnh DPI)", "Công nghệ Bluetooth không dây tiết kiệm năng lượng:": "Yêu cầu: Bluetooth Low Energy. Tương thích với: Windows 10, 11 trở lên, macOS 10.15 trở lên, Linux, Chrome OS, iPadOS 14 trở lên, Android 8 trở lên.", "Kích thước:": "Chiều cao: 71 mm, Chiều rộng: 70 mm, Chiều dày: 108 mm", "Trọng lượng:": "125 g", "Đầu thu USB Logi Bolt:": "Yêu cầu: Cổng USB có sẵn. Tương thích với: Windows 10, 11 trở lên, macOS 10.15 trở lên, Linux, Chrome OS."}',
            'Chuột công thái học Logitech Lift Vertical là giải pháp tối ưu cho những ai tìm kiếm sự thoải mái và hiệu quả trong công việc hàng ngày, đặc biệt là với người dùng có bàn tay nhỏ đến trung bình. Thiết kế góc nghiêng 57 độ độc đáo giúp cổ tay và cẳng tay duy trì tư thế tự nhiên như khi bắt tay, giảm thiểu đáng kể áp lực lên cổ tay và các cơ liên quan, ngăn ngừa hội chứng ống cổ tay và mỏi cơ do sử dụng chuột trong thời gian dài. Bề mặt chuột được phủ vật liệu mềm mại, cùng với khu vực đặt ngón cái thoải mái, mang lại cảm giác dễ chịu ngay cả khi sử dụng liên tục. Logitech Lift Vertical trang bị bánh xe cuộn SmartWheel thông minh, cho phép chuyển đổi linh hoạt giữa chế độ cuộn siêu tốc để duyệt tài liệu dài và chế độ cuộn từng dòng chính xác. Chuột hỗ trợ kết nối kép qua Logi Bolt USB receiver và Bluetooth Low Energy, cho phép bạn dễ dàng chuyển đổi giữa tối đa ba thiết bị chỉ với một nút bấm Easy-Switch. Với phần mềm Logi Options+, người dùng có thể tùy chỉnh các nút chức năng, điều chỉnh tốc độ con trỏ (DPI từ 400 đến 4000) và tận dụng tính năng Logitech Flow để di chuyển giữa các máy tính khác nhau một cách mượt mà. Sử dụng một viên pin AA, chuột có thể hoạt động bền bỉ lên đến 2 năm, giúp bạn tập trung hoàn toàn vào công việc mà không lo gián đoạn.',
            12, 'https://product.hstatic.net/200000722513/product/mic-mouse-business-gallery-graphite-1_df5213a079d04df2911171194aa09a36_5374743df1064d6384adcaa0c92208cf.png', '2023-06-02T13:51:39+00:00',1);
        
INSERT INTO product_image (name, product_variant_id, image_url, is_main)
VALUES
    ('Ảnh 1', 459, 'https://product.hstatic.net/200000722513/product/mic-mouse-business-gallery-graphite-1_df5213a079d04df2911171194aa09a36_5374743df1064d6384adcaa0c92208cf.png', TRUE),
    ('Ảnh 2', 459, 'https://product.hstatic.net/200000722513/product/mic-mouse-business-gallery-graphite-6_3c2f37d5f39247e8a7279628c293d33e_2eb3511a873b4327a840cc6bb74bfa9f.png', FALSE),
    ('Ảnh 3', 459, 'https://product.hstatic.net/200000722513/product/mic-mouse-business-gallery-graphite-5_abc1df59ca934bd5a37dde1ffa7cfe66_cb76712eecca486eb97729c46fa708a5.png', FALSE),
    ('Ảnh 4', 459, 'https://product.hstatic.net/200000722513/product/mic-mouse-business-gallery-graphite-4_80a1ac2c1a76466fa860474e147c72e9_709154fa9da64db8ad41ad60e2b17be3.png', FALSE),
    ('Ảnh 5', 459, 'https://product.hstatic.net/200000722513/product/mic-mouse-business-gallery-graphite-3_228140dec81b4c9a96a539f44f2d7fb8_8be364399f0c4fada3faa538e98e8e77.png', FALSE),
    ('Ảnh 6', 459, 'https://product.hstatic.net/200000722513/product/mic-mouse-business-gallery-graphite-2_17f1aef884f4405fb668a39066cf319e_c005cb502a074ea9a83759f106e98f66.png', FALSE);
---
INSERT INTO product (name, seo_name, brand_id, specifications, description, created_by, image_url) 
    VALUES (
        'Chuột Logitech Pebble Mouse 2 M350S Graphite', 'chuot-logitech-pebble-mouse-2-m350s-graphite', 13,
        '{"Thương hiệu": "Logitech", "Model": "Logitech M350s", "Bảo hành": "12 tháng", "Loại chuột": "Văn phòng", "Màu sắc": "Đen", "Kết nối": "Công nghệ Bluetooth tiết kiệm năng lượng", "Phạm vi không dây": "Lên đến 10m", "Pin": "1 pin AA lắp sẵn", "Số nút": "3", "Cảm biến": "Theo dõi quang học có độ phân giải cao", "DPI": "1000", "Trọng lượng (kèm pin)": "76 gram", "Kích thước": "Chiều cao: 106,7 mm, Chiều rộng: 58,7 mm, Chiều dày: 26,62 mm"}',
        'Chuột Logitech Pebble Mouse 2 M350S Graphite là sự kết hợp hoàn hảo giữa phong cách, sự tiện lợi và hiệu suất đáng tin cậy, được thiết kế dành riêng cho những ai yêu thích sự tối giản nhưng không muốn thỏa hiệp về chất lượng. Với tông màu Graphite tinh tế và hiện đại, M350S không chỉ là một công cụ làm việc mà còn là phụ kiện thời trang trên bàn làm việc của bạn.\n\nĐiểm nổi bật đầu tiên của Pebble Mouse 2 M350S chính là thiết kế siêu mỏng và gọn nhẹ, mô phỏng hình dáng viên sỏi (pebble) tự nhiên, mang lại cảm giác cầm nắm thoải mái và dễ chịu dù sử dụng trong thời gian dài. Kích thước nhỏ gọn giúp bạn dễ dàng bỏ vào túi xách hay balo, lý tưởng cho việc di chuyển.\n\nCông nghệ SilentTouch độc quyền của Logitech đảm bảo các cú nhấp chuột và cuộn bánh xe gần như không gây ra tiếng ồn, tạo môi trường làm việc yên tĩnh, lý tưởng cho thư viện, quán cà phê hay văn phòng chia sẻ.\n\nChuột kết nối dễ dàng qua Bluetooth Low Energy, tương thích rộng rãi với hầu hết các hệ điều hành phổ biến như Windows, macOS, Chrome OS, Linux, iPadOS và Android. Khả năng kết nối đa thiết bị cho phép bạn chuyển đổi nhanh chóng giữa ba thiết bị khác nhau chỉ với một nút bấm.\n\nVới thời lượng pin lên đến 24 tháng chỉ với một viên pin AA, bạn có thể yên tâm sử dụng mà không lo lắng về việc thay pin thường xuyên. M350S cũng được làm từ vật liệu tái chế, góp phần bảo vệ môi trường.\n\nNâng cấp trải nghiệm làm việc của bạn với sự tinh tế và hiệu quả của Logitech Pebble Mouse 2 M350S Graphite.',
        1, 'https://product.hstatic.net/200000722513/product/gearvn-chuot-logitech-pebble-mouse-2-m350s-graphite-1_4b4473ddaba149268abe5a5582eb3b3b.jpg'
    );
INSERT INTO product_category (product_id, category_id) VALUES (460, 27);
INSERT INTO product_variant (
        product_id, name, seo_name, supplier_id, price, price_sale, quantity, sku, model, barcode, 
        specifications, description, warranty, image_url, release_at, created_by)
        VALUES ( 460, 'Chuột Logitech Pebble Mouse 2 M350S Graphite', 'chuot-logitech-pebble-mouse-2-m350s-graphite',
            1, 699000, 450000, 10, 'CHU-LOGITECH-PEB-MOUSE-2-M350S-GRA',
            'CHU-LOGITECH-PEB-MOUSE-2-M350S-GRA', 'CHU-LOGITECH-PEB-MOUSE-2-M350S-GRA',
            '{"Thương hiệu": "Logitech", "Model": "Logitech M350s", "Bảo hành": "12 tháng", "Loại chuột": "Văn phòng", "Màu sắc": "Đen", "Kết nối": "Công nghệ Bluetooth tiết kiệm năng lượng", "Phạm vi không dây": "Lên đến 10m", "Pin": "1 pin AA lắp sẵn", "Số nút": "3", "Cảm biến": "Theo dõi quang học có độ phân giải cao", "DPI": "1000", "Trọng lượng (kèm pin)": "76 gram", "Kích thước": "Chiều cao: 106,7 mm, Chiều rộng: 58,7 mm, Chiều dày: 26,62 mm"}',
            'Chuột Logitech Pebble Mouse 2 M350S Graphite là sự kết hợp hoàn hảo giữa phong cách, sự tiện lợi và hiệu suất đáng tin cậy, được thiết kế dành riêng cho những ai yêu thích sự tối giản nhưng không muốn thỏa hiệp về chất lượng. Với tông màu Graphite tinh tế và hiện đại, M350S không chỉ là một công cụ làm việc mà còn là phụ kiện thời trang trên bàn làm việc của bạn.\n\nĐiểm nổi bật đầu tiên của Pebble Mouse 2 M350S chính là thiết kế siêu mỏng và gọn nhẹ, mô phỏng hình dáng viên sỏi (pebble) tự nhiên, mang lại cảm giác cầm nắm thoải mái và dễ chịu dù sử dụng trong thời gian dài. Kích thước nhỏ gọn giúp bạn dễ dàng bỏ vào túi xách hay balo, lý tưởng cho việc di chuyển.\n\nCông nghệ SilentTouch độc quyền của Logitech đảm bảo các cú nhấp chuột và cuộn bánh xe gần như không gây ra tiếng ồn, tạo môi trường làm việc yên tĩnh, lý tưởng cho thư viện, quán cà phê hay văn phòng chia sẻ.\n\nChuột kết nối dễ dàng qua Bluetooth Low Energy, tương thích rộng rãi với hầu hết các hệ điều hành phổ biến như Windows, macOS, Chrome OS, Linux, iPadOS và Android. Khả năng kết nối đa thiết bị cho phép bạn chuyển đổi nhanh chóng giữa ba thiết bị khác nhau chỉ với một nút bấm.\n\nVới thời lượng pin lên đến 24 tháng chỉ với một viên pin AA, bạn có thể yên tâm sử dụng mà không lo lắng về việc thay pin thường xuyên. M350S cũng được làm từ vật liệu tái chế, góp phần bảo vệ môi trường.\n\nNâng cấp trải nghiệm làm việc của bạn với sự tinh tế và hiệu quả của Logitech Pebble Mouse 2 M350S Graphite.',
            12, 'https://product.hstatic.net/200000722513/product/gearvn-chuot-logitech-pebble-mouse-2-m350s-graphite-1_4b4473ddaba149268abe5a5582eb3b3b.jpg', '2024-01-16T08:15:30+00:00',1);
        
INSERT INTO product_image (name, product_variant_id, image_url, is_main)
VALUES
    ('Ảnh 1', 460, 'https://product.hstatic.net/200000722513/product/gearvn-chuot-logitech-pebble-mouse-2-m350s-graphite-1_4b4473ddaba149268abe5a5582eb3b3b.jpg', TRUE),
    ('Ảnh 2', 460, 'https://product.hstatic.net/200000722513/product/gearvn-chuot-logitech-pebble-mouse-2-m350s-graphite-5_3468fe96c7364d04b1477b539f841b8f.jpg', FALSE),
    ('Ảnh 3', 460, 'https://product.hstatic.net/200000722513/product/gearvn-chuot-logitech-pebble-mouse-2-m350s-graphite-4_fa6c485ad16447bfbaf532a9692cb19e.jpg', FALSE),
    ('Ảnh 4', 460, 'https://product.hstatic.net/200000722513/product/gearvn-chuot-logitech-pebble-mouse-2-m350s-graphite-3_b74ada7fdf1649309935cac5f06c008e.jpg', FALSE),
    ('Ảnh 5', 460, 'https://product.hstatic.net/200000722513/product/gearvn-chuot-logitech-pebble-mouse-2-m350s-graphite-2_20d14ea2672c46dc84adb4fa488823c6.jpg', FALSE);
---
INSERT INTO product (name, seo_name, brand_id, specifications, description, created_by, image_url) 
    VALUES (
        'Chuột Logitech G Pro 2 Lightspeed Wireless Black', 'chuot-logitech-g-pro-2-lightspeed-wireless-black', 13,
        '{"Tên sản phẩm": "Chuột Logitech G Pro X Lightspeed Wireless Đen", "Thương hiệu": "Logitech G", "Kết nối": "Lightspeed Wireless", "Màu sắc": "Đen", "Kiểu dáng": "Gaming", "Cảm biến": "HERO 25K", "Độ phân giải": "100 – 25.600 DPI", "Tốc độ phản hồi": "1ms", "Trọng lượng": "80g", "Số nút lập trình": "5", "Tuổi thọ pin": "Lên đến 60 giờ", "Bảo hành": "2 năm", "Yêu cầu hệ thống": "Cổng USB, Windows 10 trở lên, macOS 10.14 trở lên, Chrome OS", "Phần mềm đi kèm": "Logitech G HUB"}',
        'Chuột Logitech G Pro 2 Lightspeed Wireless Black được đánh giá là một phiên bản cải tiến hơn so với các phiên bản cũ, mang đến cho người dùng nhiều công nghệ tân tiến, trải nghiệm dùng trọn vẹn hỗ trợ bạn từ công việc cho đến giải trí, giúp tối ưu hóa hiệu suất. Cùng điểm qua các tính năng nổi bật của chuột gaming này.\n\nThiết kế đối xứng, thích hợp cho mọi đối tượng\nSản phẩm chuột Logitech G Pro 2 Lightspeed đã cung cấp một thiết kế khá toàn diện cho người dùng. Sau khi lắng nghe ý kiến của các vận động viên eSport hàng đầu thế giới, Logitech đã cho ra đời mẫu chuột với thiết kế đối xứng, có thể sử dụng cho cả người thuận tay trái và tay phải. Các nút bấm được bố trí khoa học, dễ dàng tiếp cận, giúp bạn thao tác nhanh chóng, chính xác. \n\nCảm biến HERO 2 chất lượng cao\nVới cảm biến HERO 2, Logitech G Pro 2 LightSpeed cho phép bạn di chuyển chuột mượt mà, chính xác đến từng pixel, cùng với dải DPI rộng lên đến 32000. Ngoài ra, người dùng cũng có thể tùy chỉnh độ nhạy chuột một cách linh hoạt để phù hợp với mọi phong cách chơi. \n\nHỗ trợ kết nối LIGHTSPEED độc quyền\nMột điều làm nhiều người trầm trồ ở phiên bản này chính là phần kết nối. Ở phiên bản này, Logitech G Pro 2 LightSpeed đã được trang bị kết nối LIGHTSPEED độc quyền đến từ nhà Logitech. Với kết nối này, sản phẩm cho tốc độ phản hồi siêu nhanh, có độ trễ thấp và duy trì hoạt động ổn định kể cả trong những môi trường khó khăn nhất. \n\nSwitch LIGHTFORCE tân tiến\nNhờ công tắc LIGHTFORCE độc đáo, kết hợp hài hòa giữa tốc độ phản hồi và độ tin cậy của công tắc quang học cùng như cảm giác bấm êm ái của công tắc cơ học, mang đến trải nghiệm bấm phím chính xác và đã tai, giúp người dùng thao tác dễ dàng, luôn chiếm ưu thế trong mọi trận đấu. \n\nThời lượng pin ấn tượng \nĐặc biệt, chuột Logitech G Pro 2 Lightspeed còn có thể cung cấp lến đến 95h hoạt động nếu bạn không sử dụng đèn LED và 60h hoạt động nếu bật đền LED. Với nhiều tùy chọn sạc, bạn có thể dễ dàng giữ cho chuột luôn đầy pin và sẵn sàng sử dụng mọi lúc mọi nơi. Bạn có thể lựa chọn sạc nhanh chóng và linh hoạt qua cổng USB Type-C hoặc đế sạc không dây POWERPLAY độc quyền của Logitech.',
        1, 'https://product.hstatic.net/200000722513/product/pro2-lightspeed-black-new-galler_84b2343575d14402814bbcf5389c1f24.png'
    );
INSERT INTO product_category (product_id, category_id) VALUES (461, 27);
INSERT INTO product_variant (
        product_id, name, seo_name, supplier_id, price, price_sale, quantity, sku, model, barcode, 
        specifications, description, warranty, image_url, release_at, created_by)
        VALUES ( 461, 'Chuột Logitech G Pro 2 Lightspeed Wireless Black', 'chuot-logitech-g-pro-2-lightspeed-wireless-black',
            1, 3299000, 2550000, 10, 'CHU-LOGITECH-G-PRO-2-LS-WL-BLACK',
            'CHU-LOGITECH-G-PRO-2-LS-WL-BLACK', 'CHU-LOGITECH-G-PRO-2-LS-WL-BLACK',
            '{"Tên sản phẩm": "Chuột Logitech G Pro X Lightspeed Wireless Đen", "Thương hiệu": "Logitech G", "Kết nối": "Lightspeed Wireless", "Màu sắc": "Đen", "Kiểu dáng": "Gaming", "Cảm biến": "HERO 25K", "Độ phân giải": "100 – 25.600 DPI", "Tốc độ phản hồi": "1ms", "Trọng lượng": "80g", "Số nút lập trình": "5", "Tuổi thọ pin": "Lên đến 60 giờ", "Bảo hành": "2 năm", "Yêu cầu hệ thống": "Cổng USB, Windows 10 trở lên, macOS 10.14 trở lên, Chrome OS", "Phần mềm đi kèm": "Logitech G HUB"}',
            'Chuột Logitech G Pro 2 Lightspeed Wireless Black được đánh giá là một phiên bản cải tiến hơn so với các phiên bản cũ, mang đến cho người dùng nhiều công nghệ tân tiến, trải nghiệm dùng trọn vẹn hỗ trợ bạn từ công việc cho đến giải trí, giúp tối ưu hóa hiệu suất. Cùng điểm qua các tính năng nổi bật của chuột gaming này.\n\nThiết kế đối xứng, thích hợp cho mọi đối tượng\nSản phẩm chuột Logitech G Pro 2 Lightspeed đã cung cấp một thiết kế khá toàn diện cho người dùng. Sau khi lắng nghe ý kiến của các vận động viên eSport hàng đầu thế giới, Logitech đã cho ra đời mẫu chuột với thiết kế đối xứng, có thể sử dụng cho cả người thuận tay trái và tay phải. Các nút bấm được bố trí khoa học, dễ dàng tiếp cận, giúp bạn thao tác nhanh chóng, chính xác. \n\nCảm biến HERO 2 chất lượng cao\nVới cảm biến HERO 2, Logitech G Pro 2 LightSpeed cho phép bạn di chuyển chuột mượt mà, chính xác đến từng pixel, cùng với dải DPI rộng lên đến 32000. Ngoài ra, người dùng cũng có thể tùy chỉnh độ nhạy chuột một cách linh hoạt để phù hợp với mọi phong cách chơi. \n\nHỗ trợ kết nối LIGHTSPEED độc quyền\nMột điều làm nhiều người trầm trồ ở phiên bản này chính là phần kết nối. Ở phiên bản này, Logitech G Pro 2 LightSpeed đã được trang bị kết nối LIGHTSPEED độc quyền đến từ nhà Logitech. Với kết nối này, sản phẩm cho tốc độ phản hồi siêu nhanh, có độ trễ thấp và duy trì hoạt động ổn định kể cả trong những môi trường khó khăn nhất. \n\nSwitch LIGHTFORCE tân tiến\nNhờ công tắc LIGHTFORCE độc đáo, kết hợp hài hòa giữa tốc độ phản hồi và độ tin cậy của công tắc quang học cùng như cảm giác bấm êm ái của công tắc cơ học, mang đến trải nghiệm bấm phím chính xác và đã tai, giúp người dùng thao tác dễ dàng, luôn chiếm ưu thế trong mọi trận đấu. \n\nThời lượng pin ấn tượng \nĐặc biệt, chuột Logitech G Pro 2 Lightspeed còn có thể cung cấp lến đến 95h hoạt động nếu bạn không sử dụng đèn LED và 60h hoạt động nếu bật đền LED. Với nhiều tùy chọn sạc, bạn có thể dễ dàng giữ cho chuột luôn đầy pin và sẵn sàng sử dụng mọi lúc mọi nơi. Bạn có thể lựa chọn sạc nhanh chóng và linh hoạt qua cổng USB Type-C hoặc đế sạc không dây POWERPLAY độc quyền của Logitech.',
            24, 'https://product.hstatic.net/200000722513/product/pro2-lightspeed-black-new-galler_84b2343575d14402814bbcf5389c1f24.png', '2024-09-24T08:26:46+00:00',1);
        
INSERT INTO product_image (name, product_variant_id, image_url, is_main)
VALUES
    ('Ảnh 1', 461, 'https://product.hstatic.net/200000722513/product/pro2-lightspeed-black-new-galler_84b2343575d14402814bbcf5389c1f24.png', TRUE),
    ('Ảnh 2', 461, 'https://product.hstatic.net/200000722513/product/pro2-lightspeed-black-gallery3_7d49479a40eb4e1581ca5327a84ef231.png', FALSE),
    ('Ảnh 3', 461, 'https://product.hstatic.net/200000722513/product/pro2-lightspeed-black-gallery4_01a70858d31f404897a0fedbdb0eaafe.png', FALSE),
    ('Ảnh 4', 461, 'https://product.hstatic.net/200000722513/product/pro2-lightspeed-black-gallery2_394d83d383ef4eecbd2ceadd20040983.png', FALSE);
---
INSERT INTO product (name, seo_name, brand_id, specifications, description, created_by, image_url) 
    VALUES (
        'Chuột Logitech G Pro X Superlight 2 White', 'chuot-logitech-g-pro-x-superlight-2-white', 13,
        '{"Hãng sản xuất:": "Logitech", "Model:": "G Pro X Superlight 2 White", "Màu:": "Black", "Tần suất gửi tín hiệu USB:": "2000 Hz (0.5ms)", "Bộ vi xử lý:": "32-bit ARM", "Thời lượng pin:": "95h", "Tương thích:": "POWERPLAY", "Công nghệ không dây:": "LIGHTSPEED", "Số nút:": "5 nút", "Cảm biến:": "HERO 2", "Độ phân giải:": "100 – 32.000 DPI", "Tăng tốc tối đa:": "> 40 G", "Tốc độ tối đa:": "> 500 IPS", "Kích thước:": "Chiều cao: 125,0 mm, Chiều rộng: 63,5 mm, Chiều dày: 40,0 mm", "Trọng lượng:": "60 g (< 63 g)"}',
        'Chuột Gaming Logitech Pro X Superlight 2 Lightspeed là dòng chuột gaming cao cấp được cải thiện với những đặc điểm ưu trội. Từ đó, sản phẩm hứa hẹn sẽ mang đến hiệu quả sử dụng tối đa dành cho người dùng trong hàng giờ liên tục.\n\nThiết kế tiên tiến, tuổi thọ cao\nChuột Gaming Logitech Pro X Superlight 2 Lightspeed có kiểu dáng phù hợp với mọi dáng tay qua đường cong mềm mại. Với trọng lượng chưa tới 63 gram, dòng chuột này được đánh giá cao trong việc di chuyển khi sử dụng. Ngoài chất liệu PTFE bền bỉ, phiên bản còn sở hữu tuổi thọ cực cao với thời lượng lên đến 70 giờ.\n\nCông nghệ đẳng cấp, biểu hiện chính xác\nThông qua công nghệ Lightspeed không dây, chuột Gaming Logitech Pro X Superlight 2 Lightspeed tự tin thể hiện tốc độ di chuyển mượt mà và chính xác. Bên cạnh đó, phiên bản còn hỗ trợ POWERPLAY không dây nhanh chóng để tối ưu nhu cầu của người dùng. \n\nVới cảm biến Hero 2 có độ phân giải 25.600 DPI cùng các phím switch quang học, bạn có thể trải nghiệm chuột ổn định và hiệu quả mà không lo ảnh hưởng đến dung lượng pin.',
        1, 'https://product.hstatic.net/200000722513/product/11_4da101515945434e8296a6530a4aa643.jpg'
    );
INSERT INTO product_category (product_id, category_id) VALUES (462, 27);
INSERT INTO product_variant (
        product_id, name, seo_name, supplier_id, price, price_sale, quantity, sku, model, barcode, 
        specifications, description, warranty, image_url, release_at, created_by)
        VALUES ( 462, 'Chuột Logitech G Pro X Superlight 2 White', 'chuot-logitech-g-pro-x-superlight-2-white',
            1, 3890000, 3240000, 10, 'CHU-LOGITECH-G-PRO-X-SUPERLIGHT-2-WHITE',
            'CHU-LOGITECH-G-PRO-X-SUPERLIGHT-2-WHITE', 'CHU-LOGITECH-G-PRO-X-SUPERLIGHT-2-WHITE',
            '{"Hãng sản xuất:": "Logitech", "Model:": "G Pro X Superlight 2 White", "Màu:": "Black", "Tần suất gửi tín hiệu USB:": "2000 Hz (0.5ms)", "Bộ vi xử lý:": "32-bit ARM", "Thời lượng pin:": "95h", "Tương thích:": "POWERPLAY", "Công nghệ không dây:": "LIGHTSPEED", "Số nút:": "5 nút", "Cảm biến:": "HERO 2", "Độ phân giải:": "100 – 32.000 DPI", "Tăng tốc tối đa:": "> 40 G", "Tốc độ tối đa:": "> 500 IPS", "Kích thước:": "Chiều cao: 125,0 mm, Chiều rộng: 63,5 mm, Chiều dày: 40,0 mm", "Trọng lượng:": "60 g (< 63 g)"}',
            'Chuột Gaming Logitech Pro X Superlight 2 Lightspeed là dòng chuột gaming cao cấp được cải thiện với những đặc điểm ưu trội. Từ đó, sản phẩm hứa hẹn sẽ mang đến hiệu quả sử dụng tối đa dành cho người dùng trong hàng giờ liên tục.\n\nThiết kế tiên tiến, tuổi thọ cao\nChuột Gaming Logitech Pro X Superlight 2 Lightspeed có kiểu dáng phù hợp với mọi dáng tay qua đường cong mềm mại. Với trọng lượng chưa tới 63 gram, dòng chuột này được đánh giá cao trong việc di chuyển khi sử dụng. Ngoài chất liệu PTFE bền bỉ, phiên bản còn sở hữu tuổi thọ cực cao với thời lượng lên đến 70 giờ.\n\nCông nghệ đẳng cấp, biểu hiện chính xác\nThông qua công nghệ Lightspeed không dây, chuột Gaming Logitech Pro X Superlight 2 Lightspeed tự tin thể hiện tốc độ di chuyển mượt mà và chính xác. Bên cạnh đó, phiên bản còn hỗ trợ POWERPLAY không dây nhanh chóng để tối ưu nhu cầu của người dùng. \n\nVới cảm biến Hero 2 có độ phân giải 25.600 DPI cùng các phím switch quang học, bạn có thể trải nghiệm chuột ổn định và hiệu quả mà không lo ảnh hưởng đến dung lượng pin.',
            24, 'https://product.hstatic.net/200000722513/product/11_4da101515945434e8296a6530a4aa643.jpg', '2023-09-14T10:52:15+00:00',1);
        
INSERT INTO product_image (name, product_variant_id, image_url, is_main)
VALUES
    ('Ảnh 1', 462, 'https://product.hstatic.net/200000722513/product/11_4da101515945434e8296a6530a4aa643.jpg', TRUE),
    ('Ảnh 2', 462, 'https://product.hstatic.net/200000722513/product/gearvn-chuot-logitech-g-pro-x-superlight-2-white-1_6689d9b2e8b9449e98ccddb71d91aeb8.jpg', FALSE),
    ('Ảnh 3', 462, 'https://product.hstatic.net/200000722513/product/gearvn-chuot-logitech-g-pro-x-superlight-2-white-2_602f319bbc444a76a6bda6578f9462c5.jpg', FALSE),
    ('Ảnh 4', 462, 'https://product.hstatic.net/200000722513/product/gearvn-chuot-logitech-g-pro-x-superlight-2-white-3_d299d9795e3e4bff8533d9cc4c908691.jpg', FALSE),
    ('Ảnh 5', 462, 'https://product.hstatic.net/200000722513/product/gearvn-chuot-logitech-g-pro-x-superlight-2-white-4_da44db91c274425d8970eeded309fe25.jpg', FALSE),
    ('Ảnh 6', 462, 'https://product.hstatic.net/200000722513/product/gearvn-chuot-logitech-g-pro-x-superlight-2-white-5_16fa7891b5bb441c8dce222067f116d6.jpg', FALSE),
    ('Ảnh 7', 462, 'https://product.hstatic.net/200000722513/product/gearvn-chuot-logitech-g-pro-x-superlight-2-white-6_91e60dba5404407f88f95d63a3de985e.jpg', FALSE),
    ('Ảnh 8', 462, 'https://product.hstatic.net/200000722513/product/gearvn-chuot-logitech-g-pro-x-superlight-2-white-7_6dd7017734334b58b274b3cd792777af.jpg', FALSE),
    ('Ảnh 9', 462, 'https://product.hstatic.net/200000722513/product/gearvn-chuot-logitech-g-pro-x-superlight-2-white-8_9f7b44d58bdb4566ad384d76ac425bdd.jpg', FALSE);
---
INSERT INTO product (name, seo_name, brand_id, specifications, description, created_by, image_url) 
    VALUES (
        'Chuột không dây DareU LM115G Black', 'chuot-dare-u-lm115g-wireless', 25,
        '{"Hãng sản xuất": "Dareu", "Model": "LM115G", "Loại": "Chuột Wireless", "Kích thước": "107.5 x 59.15 x 38.29 (mm)", "Cảm biến": "PAW3512", "Sóng": "2.4GHz", "DPI": "800 / 1200 / 1600", "Switch": "Silent 3 triệu lượt nhấn", "Trọng lượng": "90g", "Số nút": 6}',
        'Chuột không dây DareU LM115G Black là một lựa chọn lý tưởng cho người dùng văn phòng và các tác vụ hàng ngày, mang lại sự tiện lợi và hiệu quả tối ưu. Với thiết kế công thái học màu đen sang trọng, chuột vừa vặn hoàn hảo trong lòng bàn tay, giảm thiểu mỏi cổ tay ngay cả khi sử dụng trong thời gian dài. Công nghệ kết nối không dây 2.4GHz tiên tiến đảm bảo đường truyền ổn định và mượt mà, loại bỏ hoàn toàn sự rắc rối của dây cáp. Người dùng chỉ cần cắm đầu thu USB vào máy tính là có thể bắt đầu sử dụng ngay lập tức, không cần cài đặt phức tạp. Chuột DareU LM115G Black được trang bị cảm biến quang học chất lượng cao, cung cấp độ chính xác tuyệt vời trên nhiều bề mặt khác nhau, với độ phân giải DPI có thể điều chỉnh để phù hợp với từng nhu cầu sử dụng, từ công việc văn phòng đòi hỏi sự tỉ mỉ đến lướt web thông thường. Nút bấm nhạy và con lăn mượt mà giúp thao tác nhanh chóng và hiệu quả. Ngoài ra, sản phẩm còn nổi bật với khả năng tiết kiệm pin vượt trội, kéo dài thời gian sử dụng mà không cần thay pin thường xuyên, đảm bảo công việc không bị gián đoạn. Đây là phụ kiện hoàn hảo cho bất kỳ bộ máy tính nào, mang lại trải nghiệm làm việc thoải mái và không giới hạn.',
        1, 'https://product.hstatic.net/200000722513/product/thumbchuot_615d44df818a4380b09d876790c5246a_fb6dd322d3f84957b62e4cccc36fd97d.png'
    );
INSERT INTO product_category (product_id, category_id) VALUES (463, 27);
INSERT INTO product_variant (
        product_id, name, seo_name, supplier_id, price, price_sale, quantity, sku, model, barcode, 
        specifications, description, warranty, image_url, release_at, created_by)
        VALUES ( 463, 'Chuột không dây DareU LM115G Black', 'chuot-dare-u-lm115g-wireless',
            1, 210000, 150000, 10, 'CHU-DAR-LM115G-BK',
            'CHU-DAR-LM115G-BK', 'CHU-DAR-LM115G-BK',
            '{"Hãng sản xuất": "Dareu", "Model": "LM115G", "Loại": "Chuột Wireless", "Kích thước": "107.5 x 59.15 x 38.29 (mm)", "Cảm biến": "PAW3512", "Sóng": "2.4GHz", "DPI": "800 / 1200 / 1600", "Switch": "Silent 3 triệu lượt nhấn", "Trọng lượng": "90g", "Số nút": 6}',
            'Chuột không dây DareU LM115G Black là một lựa chọn lý tưởng cho người dùng văn phòng và các tác vụ hàng ngày, mang lại sự tiện lợi và hiệu quả tối ưu. Với thiết kế công thái học màu đen sang trọng, chuột vừa vặn hoàn hảo trong lòng bàn tay, giảm thiểu mỏi cổ tay ngay cả khi sử dụng trong thời gian dài. Công nghệ kết nối không dây 2.4GHz tiên tiến đảm bảo đường truyền ổn định và mượt mà, loại bỏ hoàn toàn sự rắc rối của dây cáp. Người dùng chỉ cần cắm đầu thu USB vào máy tính là có thể bắt đầu sử dụng ngay lập tức, không cần cài đặt phức tạp. Chuột DareU LM115G Black được trang bị cảm biến quang học chất lượng cao, cung cấp độ chính xác tuyệt vời trên nhiều bề mặt khác nhau, với độ phân giải DPI có thể điều chỉnh để phù hợp với từng nhu cầu sử dụng, từ công việc văn phòng đòi hỏi sự tỉ mỉ đến lướt web thông thường. Nút bấm nhạy và con lăn mượt mà giúp thao tác nhanh chóng và hiệu quả. Ngoài ra, sản phẩm còn nổi bật với khả năng tiết kiệm pin vượt trội, kéo dài thời gian sử dụng mà không cần thay pin thường xuyên, đảm bảo công việc không bị gián đoạn. Đây là phụ kiện hoàn hảo cho bất kỳ bộ máy tính nào, mang lại trải nghiệm làm việc thoải mái và không giới hạn.',
            24, 'https://product.hstatic.net/200000722513/product/thumbchuot_615d44df818a4380b09d876790c5246a_fb6dd322d3f84957b62e4cccc36fd97d.png', '2024-06-10T00:21:27+00:00',1);
        
INSERT INTO product_image (name, product_variant_id, image_url, is_main)
VALUES
    ('Ảnh 1', 463, 'https://product.hstatic.net/200000722513/product/thumbchuot_615d44df818a4380b09d876790c5246a_fb6dd322d3f84957b62e4cccc36fd97d.png', TRUE),
    ('Ảnh 2', 463, 'https://product.hstatic.net/200000722513/product/gearvn-dare-u-lm115g-wireless-4_63de47dad84845cc8a2ec95d2d530580.png', FALSE),
    ('Ảnh 3', 463, 'https://product.hstatic.net/200000722513/product/gearvn-dare-u-lm115g-wireless-3_870bbc9fcd4b4d358f67ee6014d689a0.png', FALSE),
    ('Ảnh 4', 463, 'https://product.hstatic.net/200000722513/product/gearvn-dare-u-lm115g-wireless-2_b2072ebe50864d5785533d777420f036.png', FALSE);
---
INSERT INTO product (name, seo_name, brand_id, specifications, description, created_by, image_url) 
    VALUES (
        'Chuột Logitech MX Anywhere 3S Graphite', 'chuot-logitech-mx-anywhere-3s-graphite', 13,
        '{"Loại chuột": "Văn phòng", "Màu sắc": "Than chì", "Trọng lượng": "99g", "Kích thước": "10.05 x 6.5 x 3.44 cm", "Công nghệ cảm biến": "Cảm biến Darkfield", "DPI": "200 - 8000 DPI", "Nút": "6 nút", "Khoảng cách không dây": "10m", "Kết nối": "Bluetooth", "Pin": "500 mAh có thể sạc (qua cáp USB-C đi kèm)", "Phần mềm": "Logi Options và Logitech Flow"}',
        'Chuột Logitech MX Anywhere 3S Graphite là người bạn đồng hành lý tưởng cho những ai thường xuyên di chuyển và làm việc ở nhiều môi trường khác nhau. Với thiết kế nhỏ gọn, tinh tế và màu than chì sang trọng, MX Anywhere 3S dễ dàng bỏ vào túi xách hoặc ba lô, sẵn sàng làm việc mọi lúc mọi nơi.\n\nĐiểm nổi bật nhất của sản phẩm này là công nghệ cuộn MagSpeed Electromagnetic, cho phép bạn cuộn qua 1.000 dòng chỉ trong một giây với độ chính xác tuyệt vời, hoặc chuyển sang chế độ cuộn từng nấc êm ái, yên tĩnh đáng kinh ngạc. Các nút bấm Quiet Click mang lại trải nghiệm làm việc tập trung hơn mà không gây tiếng ồn khó chịu.\n\nCông nghệ cảm biến Darkfield High Precision 8K DPI cho phép chuột hoạt động mượt mà trên hầu hết mọi bề mặt, kể cả mặt kính dày tối thiểu 4mm, một tính năng vượt trội mà ít chuột nào có được.\n\nBạn có thể kết nối MX Anywhere 3S qua đầu thu Logi Bolt USB siêu bảo mật hoặc Bluetooth Low Energy, tương thích với nhiều hệ điều hành như Windows, macOS, Linux, ChromeOS, iPadOS và Android. Khả năng kết nối và chuyển đổi nhanh chóng giữa ba thiết bị giúp tối ưu hóa quy trình làm việc đa nhiệm.\n\nPin sạc USB-C có thể sử dụng tới 70 ngày chỉ với một lần sạc đầy, và chỉ cần sạc nhanh 1 phút là có thêm 3 giờ sử dụng. Tùy chỉnh các nút chức năng qua phần mềm Logi Options+ để phù hợp với phong cách làm việc của bạn.\n\nMX Anywhere 3S Graphite thực sự là một công cụ mạnh mẽ, linh hoạt và tiện lợi cho người dùng chuyên nghiệp.',
        1, 'https://product.hstatic.net/200000722513/product/mx-anywhere-3s-mouse-top-view-graphite_c766ef28d410408c9a24442cf7ab7940.png'
    );
INSERT INTO product_category (product_id, category_id) VALUES (464, 27);
INSERT INTO product_variant (
        product_id, name, seo_name, supplier_id, price, price_sale, quantity, sku, model, barcode, 
        specifications, description, warranty, image_url, release_at, created_by)
        VALUES ( 464, 'Chuột Logitech MX Anywhere 3S Graphite', 'chuot-logitech-mx-anywhere-3s-graphite',
            1, 1750000, 1530000, 10, 'CHU-LOGITECH-MX-ANYWHERE-3S-GRAPHITE',
            'CHU-LOGITECH-MX-ANYWHERE-3S-GRAPHITE', 'CHU-LOGITECH-MX-ANYWHERE-3S-GRAPHITE',
            '{"Loại chuột": "Văn phòng", "Màu sắc": "Than chì", "Trọng lượng": "99g", "Kích thước": "10.05 x 6.5 x 3.44 cm", "Công nghệ cảm biến": "Cảm biến Darkfield", "DPI": "200 - 8000 DPI", "Nút": "6 nút", "Khoảng cách không dây": "10m", "Kết nối": "Bluetooth", "Pin": "500 mAh có thể sạc (qua cáp USB-C đi kèm)", "Phần mềm": "Logi Options và Logitech Flow"}',
            'Chuột Logitech MX Anywhere 3S Graphite là người bạn đồng hành lý tưởng cho những ai thường xuyên di chuyển và làm việc ở nhiều môi trường khác nhau. Với thiết kế nhỏ gọn, tinh tế và màu than chì sang trọng, MX Anywhere 3S dễ dàng bỏ vào túi xách hoặc ba lô, sẵn sàng làm việc mọi lúc mọi nơi.\n\nĐiểm nổi bật nhất của sản phẩm này là công nghệ cuộn MagSpeed Electromagnetic, cho phép bạn cuộn qua 1.000 dòng chỉ trong một giây với độ chính xác tuyệt vời, hoặc chuyển sang chế độ cuộn từng nấc êm ái, yên tĩnh đáng kinh ngạc. Các nút bấm Quiet Click mang lại trải nghiệm làm việc tập trung hơn mà không gây tiếng ồn khó chịu.\n\nCông nghệ cảm biến Darkfield High Precision 8K DPI cho phép chuột hoạt động mượt mà trên hầu hết mọi bề mặt, kể cả mặt kính dày tối thiểu 4mm, một tính năng vượt trội mà ít chuột nào có được.\n\nBạn có thể kết nối MX Anywhere 3S qua đầu thu Logi Bolt USB siêu bảo mật hoặc Bluetooth Low Energy, tương thích với nhiều hệ điều hành như Windows, macOS, Linux, ChromeOS, iPadOS và Android. Khả năng kết nối và chuyển đổi nhanh chóng giữa ba thiết bị giúp tối ưu hóa quy trình làm việc đa nhiệm.\n\nPin sạc USB-C có thể sử dụng tới 70 ngày chỉ với một lần sạc đầy, và chỉ cần sạc nhanh 1 phút là có thêm 3 giờ sử dụng. Tùy chỉnh các nút chức năng qua phần mềm Logi Options+ để phù hợp với phong cách làm việc của bạn.\n\nMX Anywhere 3S Graphite thực sự là một công cụ mạnh mẽ, linh hoạt và tiện lợi cho người dùng chuyên nghiệp.',
            12, 'https://product.hstatic.net/200000722513/product/mx-anywhere-3s-mouse-top-view-graphite_c766ef28d410408c9a24442cf7ab7940.png', '2023-07-07T03:06:01+00:00',1);
        
INSERT INTO product_image (name, product_variant_id, image_url, is_main)
VALUES
    ('Ảnh 1', 464, 'https://product.hstatic.net/200000722513/product/mx-anywhere-3s-mouse-top-view-graphite_c766ef28d410408c9a24442cf7ab7940.png', TRUE),
    ('Ảnh 2', 464, 'https://product.hstatic.net/200000722513/product/mx-anywhere-3s-mouse-3qtr-back-graphite_a1e3668aa5844e3f9c23623efe28cc19.png', FALSE),
    ('Ảnh 3', 464, 'https://product.hstatic.net/200000722513/product/mx-anywhere-3s-mouse-side-right-graphite_85416b2d820d4821a0448e91a38df737.png', FALSE),
    ('Ảnh 4', 464, 'https://product.hstatic.net/200000722513/product/mx-anywhere-3s-mouse-side-left-graphite_dd1dde4e26e5424fa2dc9950d5abf422.png', FALSE),
    ('Ảnh 5', 464, 'https://product.hstatic.net/200000722513/product/mx-anywhere-3s-mouse-3qtr-front-graphite_34fdd45fd8d24427b4d3ccc106559dd8.png', FALSE),
    ('Ảnh 6', 464, 'https://product.hstatic.net/200000722513/product/mx-anywhere-3s-mouse-front-view-graphite_cd4405ca86fa4eea82b97fb48f6a34ad.png', FALSE),
    ('Ảnh 7', 464, 'https://product.hstatic.net/200000722513/product/mx-anywhere-3s-mouse-fob-graphite_fbebb14b8e7441e29e2a9b9a0af2018c.png', FALSE),
    ('Ảnh 8', 464, 'https://product.hstatic.net/200000722513/product/mx-anywhere-3s-mouse-bottom-view-graphite_63980e20665c448ebdf3a0e1fea9505f.png', FALSE);
---
INSERT INTO product (name, seo_name, brand_id, specifications, description, created_by, image_url) 
    VALUES (
        'Chuột Razer Cobra', 'chuot-razer-cobra', 15,
        '{"Hãng sản xuất": "Razer", "Bảo hành": "24 Tháng", "Model": "Razer Cobra", "Màu sắc": "Đen", "Kiểu kết nối": "Có dây", "Độ nhạy (DPI)": "8500", "Cảm biến": "8500 DPI Optical Sensor", "Số nút bấm": "90 Triệu lần nhấn", "Switch": "Optical Mouse Switches Gen-3", "Kích thước": "Dài: 119.6 mm / 4.71 in, Rộng: 62.5 mm / 2.46 in, Cao: 38.1 mm / 1.50 in", "Khối lượng": "58 Gram", "Phụ kiện": "Hướng dẫn thông tin sản phẩm quan trọng"}',
        'Chuột Razer Cobra là một tuyệt tác kỹ thuật được thiết kế dành cho game thủ Esports chuyên nghiệp và những người đam mê hiệu suất cao. Với trọng lượng siêu nhẹ chỉ 58g, Cobra mang lại cảm giác lướt chuột nhanh chóng, mượt mà và không gây mỏi dù là trong những trận đấu kéo dài. Thiết kế công thái học đối xứng, nhỏ gọn của nó phù hợp với nhiều kiểu cầm chuột, từ claw grip đến fingertip grip, đảm bảo sự thoải mái tối đa và khả năng kiểm soát tuyệt vời. Chuột được trang bị cảm biến quang học Razer Focus Pro 30K DPI tiên tiến nhất, mang lại độ chính xác không thể sánh bằng và khả năng theo dõi siêu nhạy, cho phép mọi cử động đều được chuyển đổi thành hành động trong game một cách hoàn hảo. Các switch quang học Razer Gen-3 thế hệ mới với tuổi thọ 90 triệu lần nhấn đảm bảo độ bền vượt trội và phản hồi tức thì với độ trễ gần như bằng không. Dây cáp Razer Speedflex mềm dẻo giảm thiểu lực cản, mang lại trải nghiệm di chuyển chuột không giới hạn. Ngoài ra, Razer Cobra còn tích hợp 6 nút có thể lập trình, cho phép người dùng tùy chỉnh macro và gán chức năng riêng biệt. Hệ thống đèn nền Razer Chroma RGB với 16.8 triệu màu tùy chỉnh, cùng với các chế độ ánh sáng động, không chỉ làm tăng tính thẩm mỹ mà còn giúp tạo không khí gaming sống động. Razer Cobra là sự kết hợp hoàn hảo giữa tốc độ, độ chính xác và sự thoải mái, là lựa chọn lý tưởng để nâng tầm trải nghiệm gaming của bạn.',
        1, 'https://product.hstatic.net/200000722513/product/1_4944caaca4a941a7b730a314ff40516a.jpg'
    );
INSERT INTO product_category (product_id, category_id) VALUES (465, 27);
INSERT INTO product_variant (
        product_id, name, seo_name, supplier_id, price, price_sale, quantity, sku, model, barcode, 
        specifications, description, warranty, image_url, release_at, created_by)
        VALUES ( 465, 'Chuột Razer Cobra', 'chuot-razer-cobra',
            1, 1049000, 990000, 10, 'CHU-RAZER-COBRA',
            'CHU-RAZER-COBRA', 'CHU-RAZER-COBRA',
            '{"Hãng sản xuất": "Razer", "Bảo hành": "24 Tháng", "Model": "Razer Cobra", "Màu sắc": "Đen", "Kiểu kết nối": "Có dây", "Độ nhạy (DPI)": "8500", "Cảm biến": "8500 DPI Optical Sensor", "Số nút bấm": "90 Triệu lần nhấn", "Switch": "Optical Mouse Switches Gen-3", "Kích thước": "Dài: 119.6 mm / 4.71 in, Rộng: 62.5 mm / 2.46 in, Cao: 38.1 mm / 1.50 in", "Khối lượng": "58 Gram", "Phụ kiện": "Hướng dẫn thông tin sản phẩm quan trọng"}',
            'Chuột Razer Cobra là một tuyệt tác kỹ thuật được thiết kế dành cho game thủ Esports chuyên nghiệp và những người đam mê hiệu suất cao. Với trọng lượng siêu nhẹ chỉ 58g, Cobra mang lại cảm giác lướt chuột nhanh chóng, mượt mà và không gây mỏi dù là trong những trận đấu kéo dài. Thiết kế công thái học đối xứng, nhỏ gọn của nó phù hợp với nhiều kiểu cầm chuột, từ claw grip đến fingertip grip, đảm bảo sự thoải mái tối đa và khả năng kiểm soát tuyệt vời. Chuột được trang bị cảm biến quang học Razer Focus Pro 30K DPI tiên tiến nhất, mang lại độ chính xác không thể sánh bằng và khả năng theo dõi siêu nhạy, cho phép mọi cử động đều được chuyển đổi thành hành động trong game một cách hoàn hảo. Các switch quang học Razer Gen-3 thế hệ mới với tuổi thọ 90 triệu lần nhấn đảm bảo độ bền vượt trội và phản hồi tức thì với độ trễ gần như bằng không. Dây cáp Razer Speedflex mềm dẻo giảm thiểu lực cản, mang lại trải nghiệm di chuyển chuột không giới hạn. Ngoài ra, Razer Cobra còn tích hợp 6 nút có thể lập trình, cho phép người dùng tùy chỉnh macro và gán chức năng riêng biệt. Hệ thống đèn nền Razer Chroma RGB với 16.8 triệu màu tùy chỉnh, cùng với các chế độ ánh sáng động, không chỉ làm tăng tính thẩm mỹ mà còn giúp tạo không khí gaming sống động. Razer Cobra là sự kết hợp hoàn hảo giữa tốc độ, độ chính xác và sự thoải mái, là lựa chọn lý tưởng để nâng tầm trải nghiệm gaming của bạn.',
            24, 'https://product.hstatic.net/200000722513/product/1_4944caaca4a941a7b730a314ff40516a.jpg', '2023-07-31T02:52:01+00:00',1);
        
INSERT INTO product_image (name, product_variant_id, image_url, is_main)
VALUES
    ('Ảnh 1', 465, 'https://product.hstatic.net/200000722513/product/1_4944caaca4a941a7b730a314ff40516a.jpg', TRUE),
    ('Ảnh 2', 465, 'https://product.hstatic.net/200000722513/product/gearvn-chuot-razer-cobra-1_1fb27bbc757a4c26b5d07324cc5acf13.jpg', FALSE),
    ('Ảnh 3', 465, 'https://product.hstatic.net/200000722513/product/gearvn-chuot-razer-cobra-2_c254a93a943d4a2ca732500c9feae8f8.jpg', FALSE),
    ('Ảnh 4', 465, 'https://product.hstatic.net/200000722513/product/gearvn-chuot-razer-cobra-3_cd59e1f7758249f2af2b6c066ebe8e1a.jpg', FALSE),
    ('Ảnh 5', 465, 'https://product.hstatic.net/200000722513/product/gearvn-chuot-razer-cobra-4_435bccf0b8724f3cad9819ad9e0cd1d4.jpg', FALSE),
    ('Ảnh 6', 465, 'https://product.hstatic.net/200000722513/product/gearvn-chuot-razer-cobra-5_702ccbeb42fc47e9a1ed8f59d7cb2e73.jpg', FALSE);
---
INSERT INTO product (name, seo_name, brand_id, specifications, description, created_by, image_url) 
    VALUES (
        'Chuột Asus Rog Gladius III Wireless Aimpoint Black', 'chuot-asus-rog-gladius-iii-wireless-aimpoint-black', 3,
        '{"Hãng sản xuất": "Asus", "Model": "Chuột gaming không dây ROG Gladius III Wireless AIMPOINT (Màu đen), cảm biến ROG Aimpoint độc quyền 36000 DPI, switch dễ thay thế, công nghệ ROG SpeedNova, cáp Paracord", "Màu sắc": "Đen", "AURA Sync": "Có", "Cáp": "ROG Paracord", "Phần mềm": "Armoury Crate", "Kích thước": "123 mm x 68 mm x 44 mm", "Trọng lượng": "79g"}',
        'Asus Rog Gladius III Wireless Aimpoint dòng chuột không dây chơi game với phạm vi kết nối rộng, độ trễ cực thấp cùng với tốc độ phản hồi cực nhanh mang đến cho người chơi những pha xử lý mượt. Đặc biệt, với thiết kế công thái học giúp giảm mệt mỏi ngay cả sau nhiều giờ sử dụng, cùng với thời lượng pin dài giúp bạn tự tin tham gia mọi trò chơi.\n\nThiết kế công thái học thoải mái sử dụng cả ngày dài\nChuột Asus Rog Gladius III Wireless Aimpoint Black dòng chuột gaming sở hữu phối màu đen \"huyền bí\" cùng những chi tiết được gia công tỉ mỉ cùng phần logo nổi bật với tông màu đỏ tạo nên tổng thể vô cùng đẹp mắt với những đường nét mềm mại. Sở hữu thiết kế chuột công thái học giúp giảm mệt mỏi, làm giảm áp lực lên cổ tay khi sử dụng chuột trong thời gian dài.\n\nROG Micro Switches cho cảm giác nhấp chuột tuyệt vời\nĐể những pha xử lý trong game thêm phần chính xác, Asus Rog Gladius III Wireless Aimpoint được hãng trang bị công tắc ROG Micro Switches cho cảm giác nhấp chuột tuyệt vời, mượt mà trong từ pha xử lý yêu cầu tốc độ cao.\n\nĐồng thời để chuyển động mượt mà và nhanh chóng, chuột gaming từ ASUS còn sở hữu tính năng ROG Paracord và chân chuột 100% PTFE.\n\nCảm biến quang học ROG AimPoint\nĐộ chính xác hoàn hảo qua bội cảm biến quang học ROG AimPoint giúp bạn tự tin trong những pha giao tranh. Người chơi hoàn toàn có thể thay đổi chỉ số DPI một cách dễ dàng từ 100 đến 36.000 DPI.\n\nHệ thống chiếu sáng độc đáo\nDễ dàng tinh chính với nhiều chế độ chiếu sáng trong qua phần mềm đi Aura Sync RGB. Bạn hoàn toàn có thể cá nhân hóa hiệu ứng chiếu sáng tự tạo cho mình “Hệ sinh thái” gaming gear bao gồm bàn phím, tai nghe gaming và nhiều phụ kiện khác với những hiệu ứng ánh sáng RGB độc đáo, sinh động.\n\nDễ dàng kết nối với nhiều chế độ khác nhau\nDễ dàng kết nối với nhiều chế độ khác nhau với 3 chế độ kết nối khác nhau. Đặc biệt, với công nghệ độc quyền ROG SpeedNova sẽ mang đến cho bạn những trải nghiệm không dây độc đáo, riêng biệt với độ trễ thấp và giải pháp năng lượng tối ưu ở chế độ RF 2,4 GHz trên dòng chuột Asus Rog Gladius III Wireless Aimpoint Black.',
        1, 'https://product.hstatic.net/200000722513/product/thumb-tap-trung-manh-recovered32125.gif12_4539fe16bff14de4b7fa826a7f6afc9b.gif'
    );
INSERT INTO product_category (product_id, category_id) VALUES (466, 27);
INSERT INTO product_variant (
        product_id, name, seo_name, supplier_id, price, price_sale, quantity, sku, model, barcode, 
        specifications, description, warranty, image_url, release_at, created_by)
        VALUES ( 466, 'Chuột Asus Rog Gladius III Wireless Aimpoint Black', 'chuot-asus-rog-gladius-iii-wireless-aimpoint-black',
            1, 3490000, 2390000, 10, 'CHU-ASUS-ROG-GLADIUS-III-WL-AP-BLACK',
            'CHU-ASUS-ROG-GLADIUS-III-WL-AP-BLACK', 'CHU-ASUS-ROG-GLADIUS-III-WL-AP-BLACK',
            '{"Hãng sản xuất": "Asus", "Model": "Chuột gaming không dây ROG Gladius III Wireless AIMPOINT (Màu đen), cảm biến ROG Aimpoint độc quyền 36000 DPI, switch dễ thay thế, công nghệ ROG SpeedNova, cáp Paracord", "Màu sắc": "Đen", "AURA Sync": "Có", "Cáp": "ROG Paracord", "Phần mềm": "Armoury Crate", "Kích thước": "123 mm x 68 mm x 44 mm", "Trọng lượng": "79g"}',
            'Asus Rog Gladius III Wireless Aimpoint dòng chuột không dây chơi game với phạm vi kết nối rộng, độ trễ cực thấp cùng với tốc độ phản hồi cực nhanh mang đến cho người chơi những pha xử lý mượt. Đặc biệt, với thiết kế công thái học giúp giảm mệt mỏi ngay cả sau nhiều giờ sử dụng, cùng với thời lượng pin dài giúp bạn tự tin tham gia mọi trò chơi.\n\nThiết kế công thái học thoải mái sử dụng cả ngày dài\nChuột Asus Rog Gladius III Wireless Aimpoint Black dòng chuột gaming sở hữu phối màu đen \"huyền bí\" cùng những chi tiết được gia công tỉ mỉ cùng phần logo nổi bật với tông màu đỏ tạo nên tổng thể vô cùng đẹp mắt với những đường nét mềm mại. Sở hữu thiết kế chuột công thái học giúp giảm mệt mỏi, làm giảm áp lực lên cổ tay khi sử dụng chuột trong thời gian dài.\n\nROG Micro Switches cho cảm giác nhấp chuột tuyệt vời\nĐể những pha xử lý trong game thêm phần chính xác, Asus Rog Gladius III Wireless Aimpoint được hãng trang bị công tắc ROG Micro Switches cho cảm giác nhấp chuột tuyệt vời, mượt mà trong từ pha xử lý yêu cầu tốc độ cao.\n\nĐồng thời để chuyển động mượt mà và nhanh chóng, chuột gaming từ ASUS còn sở hữu tính năng ROG Paracord và chân chuột 100% PTFE.\n\nCảm biến quang học ROG AimPoint\nĐộ chính xác hoàn hảo qua bội cảm biến quang học ROG AimPoint giúp bạn tự tin trong những pha giao tranh. Người chơi hoàn toàn có thể thay đổi chỉ số DPI một cách dễ dàng từ 100 đến 36.000 DPI.\n\nHệ thống chiếu sáng độc đáo\nDễ dàng tinh chính với nhiều chế độ chiếu sáng trong qua phần mềm đi Aura Sync RGB. Bạn hoàn toàn có thể cá nhân hóa hiệu ứng chiếu sáng tự tạo cho mình “Hệ sinh thái” gaming gear bao gồm bàn phím, tai nghe gaming và nhiều phụ kiện khác với những hiệu ứng ánh sáng RGB độc đáo, sinh động.\n\nDễ dàng kết nối với nhiều chế độ khác nhau\nDễ dàng kết nối với nhiều chế độ khác nhau với 3 chế độ kết nối khác nhau. Đặc biệt, với công nghệ độc quyền ROG SpeedNova sẽ mang đến cho bạn những trải nghiệm không dây độc đáo, riêng biệt với độ trễ thấp và giải pháp năng lượng tối ưu ở chế độ RF 2,4 GHz trên dòng chuột Asus Rog Gladius III Wireless Aimpoint Black.',
            24, 'https://product.hstatic.net/200000722513/product/thumb-tap-trung-manh-recovered32125.gif12_4539fe16bff14de4b7fa826a7f6afc9b.gif', '2023-06-02T06:40:53+00:00',1);
        
INSERT INTO product_image (name, product_variant_id, image_url, is_main)
VALUES
    ('Ảnh 1', 466, 'https://product.hstatic.net/200000722513/product/thumb-tap-trung-manh-recovered32125.gif12_4539fe16bff14de4b7fa826a7f6afc9b.gif', TRUE),
    ('Ảnh 2', 466, 'https://product.hstatic.net/200000722513/product/h732_d29ee675b2e14c79a3d16f4ebd70d359_77db2ebffe484dbaa6fad709392b6705.png', FALSE),
    ('Ảnh 3', 466, 'https://product.hstatic.net/200000722513/product/h732__6__3c105d984e0b48cbbac879c2c628b507_c69a7205ffb249c7936787221f4ceb87.png', FALSE),
    ('Ảnh 4', 466, 'https://product.hstatic.net/200000722513/product/h732__4__24523835c93c4ab49f31f7a81dfab39c_abf6143ec98e4e0cb86072fd3ac8333e.png', FALSE),
    ('Ảnh 5', 466, 'https://product.hstatic.net/200000722513/product/h732__2__b20942a8fce94866a41440cc6f880495_bfac6a3913f347938c7d314ccf1a9fa0.png', FALSE);
---
INSERT INTO product (name, seo_name, brand_id, specifications, description, created_by, image_url) 
    VALUES (
        'Chuột DareU Không dây EM911X RGB Đen', 'chuot-dareu-khong-day-em911x-rgb-den', 25,
        '{"Hãng sản xuất": "Dare-U", "Bảo hành": "24 tháng", "Model": "Chuột Gaming DareU EM911X Black", "Màu sắc": "Đen", "Thiết kế": "Đối xứng", "Kiểu kết nối": "USB / Wireless 2.4", "Pin": "Không LED RGB: 42 giờ; Có LED RGB: 20 giờ", "Thời gian sạc": "3 giờ", "Độ nhạy (DPI)": "400-8000", "Polling rate": "1000Hz", "Switch": "DareU (50 triệu lần click)", "Trọng lượng": "72g"}',
        'Chuột DareU Không dây EM911X RGB Đen là lựa chọn lý tưởng cho những ai đang tìm kiếm một sản phẩm công nghệ hiệu suất cao với thiết kế nhẹ nhàng và hiện đại. Khả năng kết nối đa dạng, độ bền cao và tính năng tùy chỉnh linh hoạt giúp sản phẩm này nổi bật trên thị trường chuột máy tính hiện nay. Khi kết hợp với bàn làm việc và bàn phím tối ưu, Chuột DareU Không dây EM911X RGB Đen chắc chắn sẽ nâng cao hiệu suất làm việc và trải nghiệm giải trí của bạn.\n\n**Hiệu suất vượt trội**\n\nChuột máy tính này được trang bị cảm biến PMW3325DB, đảm bảo độ chính xác và độ nhạy cao, lý tưởng cho nhiều thể loại game và công việc đòi hỏi sự chính xác. Với độ phân giải từ 800 lên đến 10,000 DPI, người dùng dễ dàng điều chỉnh mức DPI phù hợp bằng nút bấm trên chuột, giúp tối ưu hóa trải nghiệm sử dụng khi làm việc trên máy tính.\n\n**Thời lượng pin dài**\n\nChuột được trang bị Kailh Switch với khả năng chịu đựng lên đến 80 triệu lần nhấn, mang lại độ bền vượt trội và cảm giác bấm tốt. Pin sạc 300mAh của chuột cho phép sử dụng liên tục trong 70 giờ, giảm thiểu thời gian gián đoạn do phải sạc pin. Kèm theo sản phẩm là cáp sạc Type-C tiện lợi.\n\n**Đa dạng kết nối**\n\nChuột DareU hỗ trợ ba phương thức kết nối: USB-C có dây, Wireless 2.4GHz và Bluetooth. Điều này mang lại sự linh hoạt tối đa cho người dùng, cho phép kết nối dễ dàng với nhiều thiết bị khác nhau. Khi đặt trên bàn làm việc được trang bị đầy đủ cổng kết nối và bàn phím, sản phẩm sẽ mang đến trải nghiệm làm việc mượt mà và tiện lợi.\n\n**Công nghệ hiện đại**\n\nThiết kế đơn giản. Mặc dù Chuột DareU Không dây EM911X RGB Đen không đi kèm phần mềm hỗ trợ riêng để điều chỉnh macro và LED, người dùng vẫn có thể tận dụng các nút bấm và tính năng có sẵn để tùy chỉnh theo ý muốn. Đây là điểm cộng cho những ai thích sự đơn giản và dễ sử dụng.',
        1, 'https://product.hstatic.net/200000722513/product/chuot_gaming_khong_day_dareu_dareu_em911x_wireless_black_2_4bc4f62885b642e38ee692391b9861cb.jpg'
    );
INSERT INTO product_category (product_id, category_id) VALUES (467, 27);
INSERT INTO product_variant (
        product_id, name, seo_name, supplier_id, price, price_sale, quantity, sku, model, barcode, 
        specifications, description, warranty, image_url, release_at, created_by)
        VALUES ( 467, 'Chuột DareU Không dây EM911X RGB Đen', 'chuot-dareu-khong-day-em911x-rgb-den',
            1, 699000, 380000, 10, 'CHU-DAREU-EM911X-DEN',
            'CHU-DAREU-EM911X-DEN', 'CHU-DAREU-EM911X-DEN',
            '{"Hãng sản xuất": "Dare-U", "Bảo hành": "24 tháng", "Model": "Chuột Gaming DareU EM911X Black", "Màu sắc": "Đen", "Thiết kế": "Đối xứng", "Kiểu kết nối": "USB / Wireless 2.4", "Pin": "Không LED RGB: 42 giờ; Có LED RGB: 20 giờ", "Thời gian sạc": "3 giờ", "Độ nhạy (DPI)": "400-8000", "Polling rate": "1000Hz", "Switch": "DareU (50 triệu lần click)", "Trọng lượng": "72g"}',
            'Chuột DareU Không dây EM911X RGB Đen là lựa chọn lý tưởng cho những ai đang tìm kiếm một sản phẩm công nghệ hiệu suất cao với thiết kế nhẹ nhàng và hiện đại. Khả năng kết nối đa dạng, độ bền cao và tính năng tùy chỉnh linh hoạt giúp sản phẩm này nổi bật trên thị trường chuột máy tính hiện nay. Khi kết hợp với bàn làm việc và bàn phím tối ưu, Chuột DareU Không dây EM911X RGB Đen chắc chắn sẽ nâng cao hiệu suất làm việc và trải nghiệm giải trí của bạn.\n\n**Hiệu suất vượt trội**\n\nChuột máy tính này được trang bị cảm biến PMW3325DB, đảm bảo độ chính xác và độ nhạy cao, lý tưởng cho nhiều thể loại game và công việc đòi hỏi sự chính xác. Với độ phân giải từ 800 lên đến 10,000 DPI, người dùng dễ dàng điều chỉnh mức DPI phù hợp bằng nút bấm trên chuột, giúp tối ưu hóa trải nghiệm sử dụng khi làm việc trên máy tính.\n\n**Thời lượng pin dài**\n\nChuột được trang bị Kailh Switch với khả năng chịu đựng lên đến 80 triệu lần nhấn, mang lại độ bền vượt trội và cảm giác bấm tốt. Pin sạc 300mAh của chuột cho phép sử dụng liên tục trong 70 giờ, giảm thiểu thời gian gián đoạn do phải sạc pin. Kèm theo sản phẩm là cáp sạc Type-C tiện lợi.\n\n**Đa dạng kết nối**\n\nChuột DareU hỗ trợ ba phương thức kết nối: USB-C có dây, Wireless 2.4GHz và Bluetooth. Điều này mang lại sự linh hoạt tối đa cho người dùng, cho phép kết nối dễ dàng với nhiều thiết bị khác nhau. Khi đặt trên bàn làm việc được trang bị đầy đủ cổng kết nối và bàn phím, sản phẩm sẽ mang đến trải nghiệm làm việc mượt mà và tiện lợi.\n\n**Công nghệ hiện đại**\n\nThiết kế đơn giản. Mặc dù Chuột DareU Không dây EM911X RGB Đen không đi kèm phần mềm hỗ trợ riêng để điều chỉnh macro và LED, người dùng vẫn có thể tận dụng các nút bấm và tính năng có sẵn để tùy chỉnh theo ý muốn. Đây là điểm cộng cho những ai thích sự đơn giản và dễ sử dụng.',
            24, 'https://product.hstatic.net/200000722513/product/chuot_gaming_khong_day_dareu_dareu_em911x_wireless_black_2_4bc4f62885b642e38ee692391b9861cb.jpg', '2024-05-16T08:05:34+00:00',1);
        
INSERT INTO product_image (name, product_variant_id, image_url, is_main)
VALUES
    ('Ảnh 1', 467, 'https://product.hstatic.net/200000722513/product/chuot_gaming_khong_day_dareu_dareu_em911x_wireless_black_2_4bc4f62885b642e38ee692391b9861cb.jpg', TRUE),
    ('Ảnh 2', 467, 'https://product.hstatic.net/200000722513/product/gearvn-chuot-dareu-khong-day-em911x-rgb-den-1_42918ded9ff94aecb5ba784d305e592b.jpg', FALSE),
    ('Ảnh 3', 467, 'https://product.hstatic.net/200000722513/product/gearvn-chuot-dareu-khong-day-em911x-rgb-den-2_410933d0ac034a08b1457cc6de24b6b7.jpg', FALSE),
    ('Ảnh 4', 467, 'https://product.hstatic.net/200000722513/product/gearvn-chuot-dareu-khong-day-em911x-rgb-den-3_b84817ceab884e218720b0f441b005b1.jpg', FALSE),
    ('Ảnh 5', 467, 'https://product.hstatic.net/200000722513/product/gearvn-chuot-dareu-khong-day-em911x-rgb-den-4_cf7d3fc30efb4920b155d0ebb27c644b.jpg', FALSE),
    ('Ảnh 6', 467, 'https://product.hstatic.net/200000722513/product/gearvn-chuot-dareu-khong-day-em911x-rgb-den-5_b6343b9eb6324775abd62390910e6150.jpg', FALSE),
    ('Ảnh 7', 467, 'https://product.hstatic.net/200000722513/product/gearvn-chuot-dareu-khong-day-em911x-rgb-den-6_94e3efe7ccb944a3a9ad4a56d568a7ee.jpg', FALSE),
    ('Ảnh 8', 467, 'https://product.hstatic.net/200000722513/product/gearvn-chuot-dareu-khong-day-em911x-rgb-den-7_add6fe28871640e5af0debb98dedaac8.jpg', FALSE);
---
INSERT INTO product (name, seo_name, brand_id, specifications, description, created_by, image_url) 
    VALUES (
        'Chuột Logitech MX Master 3S Pale Grey', 'chuot-logitech-mx-master-3s-white', 13,
        '{"Loại chuột": "Văn phòng", "Màu sắc": "Trắng", "Trọng lượng": "141g", "Kích thước": "124,9 x 84,3 x 51 mm", "Công nghệ cảm biến": "Darkfield có độ chính xác cao", "DPI": "200-8000 (có thể thiết lập với các mức tăng là 50 dpi)", "Nút": "7 nút (Nhấp trái/phải, Quay lại/Tiếp tục, Chuyển đổi ứng dụng, Chuyển chế độ nút cuộn, Nhấp chuột giữa). Bánh xe cuộn: Có, với smart-shift. Nút cuộn dùng ngón tay cái: Có. Nút thao tác: Có", "Khoảng cách không dây": "10 m", "Kết nối": "Không dây 2.4GHz / Bluetooth", "Pin": "Pin sạc Li-Po (500 mAh)", "Phần mềm": "Logi Options+ và Logitech Flow"}',
        'Chuột Logitech MX Master 3S Pale Grey là biểu tượng của sự kết hợp hoàn hảo giữa công nghệ tiên tiến và thiết kế công thái học vượt trội, mang lại trải nghiệm sử dụng đỉnh cao cho những người dùng chuyên nghiệp và sáng tạo. Với tông màu Xám nhạt thanh lịch, MX Master 3S không chỉ là công cụ làm việc mà còn là điểm nhấn tinh tế trên bàn làm việc của bạn. Điểm nhấn mạnh mẽ nhất của chiếc chuột này nằm ở cảm biến quang học Darkfield có độ chính xác cao 8000 DPI, cho phép bạn di chuyển mượt mà và chính xác trên mọi bề mặt, kể cả kính dày. Công nghệ MagSpeed Electromagnetic scrolling là một cuộc cách mạng, cuộn 1000 dòng trong một giây với độ chính xác từng pixel, hoặc chuyển sang chế độ cuộn từng nấc êm ái, gần như không tiếng động. Các nút bấm được cải tiến với công nghệ Quiet Clicks, giảm tiếng ồn đến 90% so với thế hệ trước, tạo không gian làm việc yên tĩnh và tập trung. Bạn có thể tùy chỉnh các nút chức năng, bao gồm cả nút cuộn ngang, thông qua phần mềm Logi Options+ để phù hợp với quy trình làm việc của mình trên các ứng dụng khác nhau. Khả năng kết nối linh hoạt qua Bluetooth hoặc đầu thu Logi Bolt USB, cùng công nghệ Flow cho phép điều khiển nhiều máy tính và sao chép/dán giữa chúng một cách liền mạch, nâng cao năng suất đáng kể. Pin sạc nhanh cung cấp đến 70 ngày sử dụng chỉ với một lần sạc đầy, và 1 phút sạc có thể dùng được 3 giờ, đảm bảo công việc của bạn không bị gián đoạn. Logitech MX Master 3S Pale Grey thực sự là người bạn đồng hành lý tưởng cho hiệu suất làm việc không giới hạn.',
        1, 'https://product.hstatic.net/200000722513/product/mx-master-3s-mouse-top-view-pale-gray_41dba78b9e384508aa5bc3109f249523_ec963b4f86984fdea690801a3ae8ad35.png'
    );
INSERT INTO product_category (product_id, category_id) VALUES (468, 27);
INSERT INTO product_variant (
        product_id, name, seo_name, supplier_id, price, price_sale, quantity, sku, model, barcode, 
        specifications, description, warranty, image_url, release_at, created_by)
        VALUES ( 468, 'Chuột Logitech MX Master 3S Pale Grey', 'chuot-logitech-mx-master-3s-white',
            1, 2990000, 2290000, 10, 'CHU-LOGITECH-MX-MASTER-3S-PG',
            'CHU-LOGITECH-MX-MASTER-3S-PG', 'CHU-LOGITECH-MX-MASTER-3S-PG',
            '{"Loại chuột": "Văn phòng", "Màu sắc": "Trắng", "Trọng lượng": "141g", "Kích thước": "124,9 x 84,3 x 51 mm", "Công nghệ cảm biến": "Darkfield có độ chính xác cao", "DPI": "200-8000 (có thể thiết lập với các mức tăng là 50 dpi)", "Nút": "7 nút (Nhấp trái/phải, Quay lại/Tiếp tục, Chuyển đổi ứng dụng, Chuyển chế độ nút cuộn, Nhấp chuột giữa). Bánh xe cuộn: Có, với smart-shift. Nút cuộn dùng ngón tay cái: Có. Nút thao tác: Có", "Khoảng cách không dây": "10 m", "Kết nối": "Không dây 2.4GHz / Bluetooth", "Pin": "Pin sạc Li-Po (500 mAh)", "Phần mềm": "Logi Options+ và Logitech Flow"}',
            'Chuột Logitech MX Master 3S Pale Grey là biểu tượng của sự kết hợp hoàn hảo giữa công nghệ tiên tiến và thiết kế công thái học vượt trội, mang lại trải nghiệm sử dụng đỉnh cao cho những người dùng chuyên nghiệp và sáng tạo. Với tông màu Xám nhạt thanh lịch, MX Master 3S không chỉ là công cụ làm việc mà còn là điểm nhấn tinh tế trên bàn làm việc của bạn. Điểm nhấn mạnh mẽ nhất của chiếc chuột này nằm ở cảm biến quang học Darkfield có độ chính xác cao 8000 DPI, cho phép bạn di chuyển mượt mà và chính xác trên mọi bề mặt, kể cả kính dày. Công nghệ MagSpeed Electromagnetic scrolling là một cuộc cách mạng, cuộn 1000 dòng trong một giây với độ chính xác từng pixel, hoặc chuyển sang chế độ cuộn từng nấc êm ái, gần như không tiếng động. Các nút bấm được cải tiến với công nghệ Quiet Clicks, giảm tiếng ồn đến 90% so với thế hệ trước, tạo không gian làm việc yên tĩnh và tập trung. Bạn có thể tùy chỉnh các nút chức năng, bao gồm cả nút cuộn ngang, thông qua phần mềm Logi Options+ để phù hợp với quy trình làm việc của mình trên các ứng dụng khác nhau. Khả năng kết nối linh hoạt qua Bluetooth hoặc đầu thu Logi Bolt USB, cùng công nghệ Flow cho phép điều khiển nhiều máy tính và sao chép/dán giữa chúng một cách liền mạch, nâng cao năng suất đáng kể. Pin sạc nhanh cung cấp đến 70 ngày sử dụng chỉ với một lần sạc đầy, và 1 phút sạc có thể dùng được 3 giờ, đảm bảo công việc của bạn không bị gián đoạn. Logitech MX Master 3S Pale Grey thực sự là người bạn đồng hành lý tưởng cho hiệu suất làm việc không giới hạn.',
            12, 'https://product.hstatic.net/200000722513/product/mx-master-3s-mouse-top-view-pale-gray_41dba78b9e384508aa5bc3109f249523_ec963b4f86984fdea690801a3ae8ad35.png', '2023-06-02T11:46:21+00:00',1);
        
INSERT INTO product_image (name, product_variant_id, image_url, is_main)
VALUES
    ('Ảnh 1', 468, 'https://product.hstatic.net/200000722513/product/mx-master-3s-mouse-top-view-pale-gray_41dba78b9e384508aa5bc3109f249523_ec963b4f86984fdea690801a3ae8ad35.png', TRUE),
    ('Ảnh 2', 468, 'https://product.hstatic.net/200000722513/product/x-master-3s-mouse-side-view-pale-gray_0bf0befd27cb4a648038dd1d0995340f_718cf01f76c3409cb84db450706a6492.png', FALSE),
    ('Ảnh 3', 468, 'https://product.hstatic.net/200000722513/product/ster-3s-mouse-top-side-view-pale-gray_f1688c86fa644bea807f8b97e09b56f2_03c109510d7147d3a502bbe3f6d685e5.png', FALSE),
    ('Ảnh 4', 468, 'https://product.hstatic.net/200000722513/product/-master-3s-mouse-front-view-pale-gray_1abb89c7e626405fa1b16c0d6ec8bdcd_f2187cf85fde43c780f9de5e162b1f69.png', FALSE),
    ('Ảnh 5', 468, 'https://product.hstatic.net/200000722513/product/mx-master-3s-mouse-3-4-view-pale-gray_ac6d7c286c1f48a3a1bff36bc579dd5c_9ae207570b0f4d209ed15a12e1448158.png', FALSE),
    ('Ảnh 6', 468, 'https://product.hstatic.net/200000722513/product/x-master-3s-mouse-back-view-pale-gray_88461d1929474fbe964e2bcd68c9e861_28dc74c15004452d94b08c17071c9252.png', FALSE);
---
INSERT INTO product (name, seo_name, brand_id, specifications, description, created_by, image_url) 
    VALUES (
        'Chuột Logitech Pebble Mouse 2 M350S Rose', 'chuot-logitech-pebble-mouse-2-m350s-rose', 13,
        '{"Thương hiệu": "Logitech", "Model": "Logitech M350s", "Bảo hành": "12 tháng", "Loại chuột": "Văn phòng", "Màu sắc": "Rose", "Kết nối": "Công nghệ Bluetooth tiết kiệm năng lượng", "Phạm vi không dây": "Lên đến 10m", "Pin": "1 pin AA lắp sẵn", "Số nút": "3", "Cảm biến": "Theo dõi quang học có độ phân giải cao", "DPI": "1000", "Trọng lượng (kèm pin)": "76 gram", "Kích thước": "Chiều cao: 106,7 mm, Chiều rộng: 58,7 mm, Chiều dày: 26,62 mm"}',
        'Chuột Logitech Pebble Mouse 2 M350S Rose là sự kết hợp hoàn hảo giữa phong cách, sự tiện lợi và hiệu suất đáng tin cậy, được thiết kế dành riêng cho những người dùng hiện đại đề cao sự tinh tế và di động. Với thiết kế mỏng nhẹ, hình dáng bo tròn tự nhiên như một viên sỏi, chiếc chuột này không chỉ dễ dàng nằm gọn trong lòng bàn tay mà còn dễ dàng bỏ vào bất kỳ túi xách hay balo nào mà không gây cản trở. Màu hồng Rose thời thượng, trang nhã mang lại vẻ ngoài cực kỳ cuốn hút, giúp bạn thể hiện cá tính riêng biệt trên mọi không gian làm việc.\n\nĐiểm nổi bật của Pebble Mouse 2 M350S chính là khả năng nhấp chuột và cuộn siêu êm ái, giảm đến 90% tiếng ồn so với chuột thông thường. Điều này đặc biệt hữu ích khi bạn làm việc trong môi trường yên tĩnh như thư viện, văn phòng mở hay quán cà phê, đảm bảo không làm phiền những người xung quanh và giúp bạn tập trung tối đa vào công việc.\n\nKhả năng kết nối linh hoạt qua Bluetooth® LE cho phép ghép nối đồng thời với ba thiết bị khác nhau, dễ dàng chuyển đổi chỉ bằng một nút nhấn, tối ưu hóa quy trình làm việc đa nhiệm của bạn. Bên cạnh đó, Logitech Pebble Mouse 2 M350S Rose còn nổi bật với thời lượng pin cực kỳ ấn tượng, lên đến 24 tháng chỉ với một viên pin AA, giúp bạn yên tâm sử dụng trong thời gian dài mà không lo hết pin giữa chừng.\n\nChuột còn được làm từ nhựa tái chế (tối thiểu 59% nhựa tái chế sau tiêu dùng), thể hiện cam kết của Logitech đối với môi trường. Trải nghiệm sự mượt mà, chính xác và yên tĩnh cùng phong cách cá nhân với Logitech Pebble Mouse 2 M350S Rose – người bạn đồng hành lý tưởng cho mọi công việc.',
        1, 'https://product.hstatic.net/200000722513/product/1_551182a6ea8c4cd7b86dc407e9fc0ff4.jpg'
    );
INSERT INTO product_category (product_id, category_id) VALUES (469, 27);
INSERT INTO product_variant (
        product_id, name, seo_name, supplier_id, price, price_sale, quantity, sku, model, barcode, 
        specifications, description, warranty, image_url, release_at, created_by)
        VALUES ( 469, 'Chuột Logitech Pebble Mouse 2 M350S Rose', 'chuot-logitech-pebble-mouse-2-m350s-rose',
            1, 699000, 450000, 10, 'CHU-LOGITECH-PEB-MOUSE-2-M350S-ROSE',
            'CHU-LOGITECH-PEB-MOUSE-2-M350S-ROSE', 'CHU-LOGITECH-PEB-MOUSE-2-M350S-ROSE',
            '{"Thương hiệu": "Logitech", "Model": "Logitech M350s", "Bảo hành": "12 tháng", "Loại chuột": "Văn phòng", "Màu sắc": "Rose", "Kết nối": "Công nghệ Bluetooth tiết kiệm năng lượng", "Phạm vi không dây": "Lên đến 10m", "Pin": "1 pin AA lắp sẵn", "Số nút": "3", "Cảm biến": "Theo dõi quang học có độ phân giải cao", "DPI": "1000", "Trọng lượng (kèm pin)": "76 gram", "Kích thước": "Chiều cao: 106,7 mm, Chiều rộng: 58,7 mm, Chiều dày: 26,62 mm"}',
            'Chuột Logitech Pebble Mouse 2 M350S Rose là sự kết hợp hoàn hảo giữa phong cách, sự tiện lợi và hiệu suất đáng tin cậy, được thiết kế dành riêng cho những người dùng hiện đại đề cao sự tinh tế và di động. Với thiết kế mỏng nhẹ, hình dáng bo tròn tự nhiên như một viên sỏi, chiếc chuột này không chỉ dễ dàng nằm gọn trong lòng bàn tay mà còn dễ dàng bỏ vào bất kỳ túi xách hay balo nào mà không gây cản trở. Màu hồng Rose thời thượng, trang nhã mang lại vẻ ngoài cực kỳ cuốn hút, giúp bạn thể hiện cá tính riêng biệt trên mọi không gian làm việc.\n\nĐiểm nổi bật của Pebble Mouse 2 M350S chính là khả năng nhấp chuột và cuộn siêu êm ái, giảm đến 90% tiếng ồn so với chuột thông thường. Điều này đặc biệt hữu ích khi bạn làm việc trong môi trường yên tĩnh như thư viện, văn phòng mở hay quán cà phê, đảm bảo không làm phiền những người xung quanh và giúp bạn tập trung tối đa vào công việc.\n\nKhả năng kết nối linh hoạt qua Bluetooth® LE cho phép ghép nối đồng thời với ba thiết bị khác nhau, dễ dàng chuyển đổi chỉ bằng một nút nhấn, tối ưu hóa quy trình làm việc đa nhiệm của bạn. Bên cạnh đó, Logitech Pebble Mouse 2 M350S Rose còn nổi bật với thời lượng pin cực kỳ ấn tượng, lên đến 24 tháng chỉ với một viên pin AA, giúp bạn yên tâm sử dụng trong thời gian dài mà không lo hết pin giữa chừng.\n\nChuột còn được làm từ nhựa tái chế (tối thiểu 59% nhựa tái chế sau tiêu dùng), thể hiện cam kết của Logitech đối với môi trường. Trải nghiệm sự mượt mà, chính xác và yên tĩnh cùng phong cách cá nhân với Logitech Pebble Mouse 2 M350S Rose – người bạn đồng hành lý tưởng cho mọi công việc.',
            12, 'https://product.hstatic.net/200000722513/product/1_551182a6ea8c4cd7b86dc407e9fc0ff4.jpg', '2024-01-16T08:15:33+00:00',1);
        
INSERT INTO product_image (name, product_variant_id, image_url, is_main)
VALUES
    ('Ảnh 1', 469, 'https://product.hstatic.net/200000722513/product/1_551182a6ea8c4cd7b86dc407e9fc0ff4.jpg', TRUE),
    ('Ảnh 2', 469, 'https://product.hstatic.net/200000722513/product/xmjk33tf_f3f45d2c976d41919a02f9f2344d44b3.png', FALSE),
    ('Ảnh 3', 469, 'https://product.hstatic.net/200000722513/product/xnchm8c7_e6207fa033cf485dae61fdd84e39df25.png', FALSE),
    ('Ảnh 4', 469, 'https://product.hstatic.net/200000722513/product/qz0f4cvu_3a54df2532ca48769e1167c915b61015.png', FALSE),
    ('Ảnh 5', 469, 'https://product.hstatic.net/200000722513/product/vd8j8ed7_d470685ebc494c80baadf24824695f4d.png', FALSE);
---
INSERT INTO product (name, seo_name, brand_id, specifications, description, created_by, image_url) 
    VALUES (
        'Chuột Logitech G Pro X Superlight 2 Black', 'chuot-logitech-g-pro-x-superlight-2-black', 13,
        '{"Hãng sản xuất:": "Logitech", "Model:": "G Pro X Superlight 2 Black", "Màu:": "Black", "Tần suất gửi tín hiệu USB:": "2000 Hz (0.5ms)", "Bộ vi xử lý:": "32-bit ARM", "Thời lượng pin:": "95h", "Tương thích:": "POWERPLAY", "Công nghệ không dây:": "LIGHTSPEED", "Số nút:": "5 nút", "Cảm biến:": "HERO 2", "Độ phân giải:": "100 – 32.000 DPI", "Tăng tốc tối đa:": "> 40 G", "Tốc độ tối đa:": "> 500 IPS", "Kích thước:": "Chiều cao: 125,00 mm, Chiều rộng: 63,5 mm, Chiều dày: 40,0 mm", "Trọng lượng:": "Khoảng 60 g"}',
        'Chuột Gaming Logitech Pro X Superlight 2 Lightspeed là dòng chuột gaming cao cấp được cải thiện với những đặc điểm ưu trội. Từ đó, sản phẩm hứa hẹn sẽ mang đến hiệu quả sử dụng tối đa dành cho người dùng trong hàng giờ liên tục.\n\nThiết kế tiên tiến, tuổi thọ cao\nChuột Gaming Logitech Pro X Superlight 2 Lightspeed có kiểu dáng phù hợp với mọi dáng tay qua đường cong mềm mại. Với trọng lượng chưa tới 63 gram, dòng chuột này được đánh giá cao trong việc di chuyển khi sử dụng. Ngoài chất liệu PTFE bền bỉ, phiên bản còn sở hữu tuổi thọ cực cao với thời lượng lên đến 70 giờ.\n\nCông nghệ đẳng cấp, biểu hiện chính xác\nThông qua công nghệ Lightspeed không dây, chuột Gaming Logitech Pro X Superlight 2 Lightspeed tự tin thể hiện tốc độ di chuyển mượt mà và chính xác. Bên cạnh đó, phiên bản còn hỗ trợ POWERPLAY không dây nhanh chóng để tối ưu nhu cầu của người dùng. \n\nVới cảm biến Hero 2 có độ phân giải 25.600 DPI cùng các phím switch quang học, bạn có thể trải nghiệm chuột ổn định và hiệu quả mà không lo ảnh hưởng đến dung lượng pin.',
        1, 'https://product.hstatic.net/200000722513/product/3_7c1bf2ff4e504450a42de78e6cc48087.jpg'
    );
INSERT INTO product_category (product_id, category_id) VALUES (470, 27);
INSERT INTO product_variant (
        product_id, name, seo_name, supplier_id, price, price_sale, quantity, sku, model, barcode, 
        specifications, description, warranty, image_url, release_at, created_by)
        VALUES ( 470, 'Chuột Logitech G Pro X Superlight 2 Black', 'chuot-logitech-g-pro-x-superlight-2-black',
            1, 3890000, 3250000, 10, 'CHU-LOGITECH-G-PRO-X-SUPERLIGHT-2-BLACK',
            'CHU-LOGITECH-G-PRO-X-SUPERLIGHT-2-BLACK', 'CHU-LOGITECH-G-PRO-X-SUPERLIGHT-2-BLACK',
            '{"Hãng sản xuất:": "Logitech", "Model:": "G Pro X Superlight 2 Black", "Màu:": "Black", "Tần suất gửi tín hiệu USB:": "2000 Hz (0.5ms)", "Bộ vi xử lý:": "32-bit ARM", "Thời lượng pin:": "95h", "Tương thích:": "POWERPLAY", "Công nghệ không dây:": "LIGHTSPEED", "Số nút:": "5 nút", "Cảm biến:": "HERO 2", "Độ phân giải:": "100 – 32.000 DPI", "Tăng tốc tối đa:": "> 40 G", "Tốc độ tối đa:": "> 500 IPS", "Kích thước:": "Chiều cao: 125,00 mm, Chiều rộng: 63,5 mm, Chiều dày: 40,0 mm", "Trọng lượng:": "Khoảng 60 g"}',
            'Chuột Gaming Logitech Pro X Superlight 2 Lightspeed là dòng chuột gaming cao cấp được cải thiện với những đặc điểm ưu trội. Từ đó, sản phẩm hứa hẹn sẽ mang đến hiệu quả sử dụng tối đa dành cho người dùng trong hàng giờ liên tục.\n\nThiết kế tiên tiến, tuổi thọ cao\nChuột Gaming Logitech Pro X Superlight 2 Lightspeed có kiểu dáng phù hợp với mọi dáng tay qua đường cong mềm mại. Với trọng lượng chưa tới 63 gram, dòng chuột này được đánh giá cao trong việc di chuyển khi sử dụng. Ngoài chất liệu PTFE bền bỉ, phiên bản còn sở hữu tuổi thọ cực cao với thời lượng lên đến 70 giờ.\n\nCông nghệ đẳng cấp, biểu hiện chính xác\nThông qua công nghệ Lightspeed không dây, chuột Gaming Logitech Pro X Superlight 2 Lightspeed tự tin thể hiện tốc độ di chuyển mượt mà và chính xác. Bên cạnh đó, phiên bản còn hỗ trợ POWERPLAY không dây nhanh chóng để tối ưu nhu cầu của người dùng. \n\nVới cảm biến Hero 2 có độ phân giải 25.600 DPI cùng các phím switch quang học, bạn có thể trải nghiệm chuột ổn định và hiệu quả mà không lo ảnh hưởng đến dung lượng pin.',
            24, 'https://product.hstatic.net/200000722513/product/3_7c1bf2ff4e504450a42de78e6cc48087.jpg', '2023-09-14T10:49:22+00:00',1);
        
INSERT INTO product_image (name, product_variant_id, image_url, is_main)
VALUES
    ('Ảnh 1', 470, 'https://product.hstatic.net/200000722513/product/3_7c1bf2ff4e504450a42de78e6cc48087.jpg', TRUE),
    ('Ảnh 2', 470, 'https://product.hstatic.net/200000722513/product/gearvn-chuot-logitech-g-pro-x-superlight-2-black-1_c251a934d045438e82485e17fc5384a9.jpg', FALSE),
    ('Ảnh 3', 470, 'https://product.hstatic.net/200000722513/product/gearvn-chuot-logitech-g-pro-x-superlight-2-black-2_79c4149fc9fc4391a39b86e171cde48f.jpg', FALSE),
    ('Ảnh 4', 470, 'https://product.hstatic.net/200000722513/product/gearvn-chuot-logitech-g-pro-x-superlight-2-black-3_4186a74a2b854628b4f980860534fec7.jpg', FALSE),
    ('Ảnh 5', 470, 'https://product.hstatic.net/200000722513/product/gearvn-chuot-logitech-g-pro-x-superlight-2-black-4_4a614d0da98246c9809b209254da7004.jpg', FALSE),
    ('Ảnh 6', 470, 'https://product.hstatic.net/200000722513/product/gearvn-chuot-logitech-g-pro-x-superlight-2-black-5_18719d7d450a41d2a6389ddca2534b80.jpg', FALSE),
    ('Ảnh 7', 470, 'https://product.hstatic.net/200000722513/product/gearvn-chuot-logitech-g-pro-x-superlight-2-black-6_c7d3e7d8488145e6a10e5d143b3ec64a.jpg', FALSE),
    ('Ảnh 8', 470, 'https://product.hstatic.net/200000722513/product/gearvn-chuot-logitech-g-pro-x-superlight-2-black-7_e0c932ec8e254cb689c39edb64149947.jpg', FALSE),
    ('Ảnh 9', 470, 'https://product.hstatic.net/200000722513/product/gearvn-chuot-logitech-g-pro-x-superlight-2-black-8_fbeed6400e6244448db781409627058e.jpg', FALSE),
    ('Ảnh 10', 470, 'https://product.hstatic.net/200000722513/product/gearvn-chuot-logitech-g-pro-x-superlight-2-black-9_2770457b32984b10a6462c4c3eb2b717.jpg', FALSE),
    ('Ảnh 11', 470, 'https://product.hstatic.net/200000722513/product/gearvn-chuot-logitech-g-pro-x-superlight-2-black-10_25312d83855046e7b735d0c9e697c027.jpg', FALSE);
---
INSERT INTO product (name, seo_name, brand_id, specifications, description, created_by, image_url) 
    VALUES (
        'Chuột Logitech G309 Lightspeed Wireless Bluetooth Trắng', 'chuot-logitech-g309-lightspeed-wireless-bluetooth-trang', 13,
        '{"Tên sản phẩm": "Chuột Logitech G309 Lightspeed Wireless Bluetooth Trắng", "Thương hiệu": "Logitech G", "Loại kết nối": "Lightspeed Wireless, Bluetooth", "Màu sắc": "Trắng", "DPI tối đa": "16000", "Số nút bấm": "6", "Pin": "Tích hợp, sạc lại", "Thời lượng pin": "Lên đến 60 giờ (Lightspeed), Lên đến 6 tháng (Bluetooth)", "Cảm biến": "HERO 16K", "Trọng lượng": "95g", "Tương thích": "Windows, macOS, Chrome OS, Android"}',
        'Chuột gaming không dây Logitech G309 Lightspeed được trang bị công nghệ Lightspeed và Bluetooth để mang tới khả năng kết nối linh hoạt, ổn định với nhiều thiết bị. Trong đó, phương thức kết nối không dây Lightspeed mang tới thời lượng chuyển động tối đa 300 giờ. Còn với kết nối Bluetooth, thời lượng pin được kéo dài gấp đôi lên tới trên 600 giờ.\n\nKhả năng kết nối của chuột gaming không dây Logitech G309 Lightspeed\n\nĐộ nhạy tối đa 25.600DPI\nChuột gaming không dây Logitech G309 Lightspeed có thể điều chỉnh độ phân giải linh hoạt từ 100DPI đến tối đa 25.600DPI để phù hợp với đa dạng nhu cầu làm việc, chơi game. Đồng thời, mẫu chuột của Logitech này còn có thể tùy chỉnh các phím marco thông qua ứng dụng G HUB để bạn có thể thực hiện một số thao tác đặc biệt trong trò chơi. \n\nĐộ nhạy DPI của chuột gaming không dây Logitech G309 Lightspeed\n\nThiết kế đơn giản, trọng lượng nhẹ mang đến sự thoải mái\nLogitech G309 có thiết kế đơn giản cùng với phương châm mang đến sự thoải mái cho người dùng trong từng chuyển động. Trọng lượng chuột gaming 86g (gồm pin AA) vì vậy việc di chuyển, thao tác cũng sẽ linh hoạt hơn, không bị mỏi dù sử dụng trong thời gian dài.\n\nThiết kế đơn giản, trọng lượng nhẹ mang đến sự thoải mái\n\nLogitech G309 Lightspeed còn được phủ một lớp vật liệu bề mặt giúp hạn chế bám bẩn, mồ hôi. Vì vậy, cảm giác khi cầm chuột chơi game trên tay sẽ luôn chắc chắn để người dùng thực hiện các thao tác một cách chuẩn xác.\n\nCung cấp thời lượng hơn 300 giờ\nChuột gaming Logitech G309 mang đến trải nghiệm kéo dài hơn khi cung cấp thời lượng hơn 300 giờ với 1 viên pin AA hoặc sử dụng với bộ sạc POWERPLAY. Người dùng sẽ không phải lo lắng đến tình trạng năng lượng của G309 Lightspeed, thoải mái chiến game.\n\nThiết kế đơn giản, trọng lượng nhẹ mang đến sự thoải mái\n\nVới Logitech G309, người dùng chỉ cần tập trung vào trận đấu hay công việc thay vì lo rằng chuột sẽ hết pin giữa chừng. Ngoài ra, thao tác thay pin AA cho chuột gaming G309 Lightspeed cũng rất đơn giản, luôn sẵn sàng sử dụng mọi lúc.\n\nPhần mềm G HUB tối ưu các trải nghiệm cá nhân\nChuột chơi game Logitech G309 Lightspeed có thể lập trình theo sở thích cá nhân với các thông số qua phần mềm G HUB, cụ thể:\n\nPhần mềm G HUB tối ưu các trải nghiệm cá nhân\n\nTinh chỉnh 6 nút lập trình chức năng của chuột G309 Lightspeed theo mong muốn.\n\nLựa chọn DPI theo từng mức của Logitech G309 Lightspeed.\n\nChuyển đổi chế độ kết nối Bluetooth và Lightspeed linh hoạt.\n\nNgoài ra, G HUB còn lưu trữ cấu hình chuột chơi game trực tiếp trong bộ nhớ của Logitech G309. Vì vậy, khi mang theo chuột để sử dụng, người dùng cũng không cần phải cài lại các thông số đã tinh chỉnh trước đó.',
        1, 'https://product.hstatic.net/200000722513/product/white_e563efbdda644fe59e2227176c1607fd.png'
    );
INSERT INTO product_category (product_id, category_id) VALUES (471, 27);
INSERT INTO product_variant (
        product_id, name, seo_name, supplier_id, price, price_sale, quantity, sku, model, barcode, 
        specifications, description, warranty, image_url, release_at, created_by)
        VALUES ( 471, 'Chuột Logitech G309 Lightspeed Wireless Bluetooth Trắng', 'chuot-logitech-g309-lightspeed-wireless-bluetooth-trang',
            1, 2090000, 1630000, 10, 'CHU-LOG-G309-TRANG',
            'CHU-LOG-G309-TRANG', 'CHU-LOG-G309-TRANG',
            '{"Tên sản phẩm": "Chuột Logitech G309 Lightspeed Wireless Bluetooth Trắng", "Thương hiệu": "Logitech G", "Loại kết nối": "Lightspeed Wireless, Bluetooth", "Màu sắc": "Trắng", "DPI tối đa": "16000", "Số nút bấm": "6", "Pin": "Tích hợp, sạc lại", "Thời lượng pin": "Lên đến 60 giờ (Lightspeed), Lên đến 6 tháng (Bluetooth)", "Cảm biến": "HERO 16K", "Trọng lượng": "95g", "Tương thích": "Windows, macOS, Chrome OS, Android"}',
            'Chuột gaming không dây Logitech G309 Lightspeed được trang bị công nghệ Lightspeed và Bluetooth để mang tới khả năng kết nối linh hoạt, ổn định với nhiều thiết bị. Trong đó, phương thức kết nối không dây Lightspeed mang tới thời lượng chuyển động tối đa 300 giờ. Còn với kết nối Bluetooth, thời lượng pin được kéo dài gấp đôi lên tới trên 600 giờ.\n\nKhả năng kết nối của chuột gaming không dây Logitech G309 Lightspeed\n\nĐộ nhạy tối đa 25.600DPI\nChuột gaming không dây Logitech G309 Lightspeed có thể điều chỉnh độ phân giải linh hoạt từ 100DPI đến tối đa 25.600DPI để phù hợp với đa dạng nhu cầu làm việc, chơi game. Đồng thời, mẫu chuột của Logitech này còn có thể tùy chỉnh các phím marco thông qua ứng dụng G HUB để bạn có thể thực hiện một số thao tác đặc biệt trong trò chơi. \n\nĐộ nhạy DPI của chuột gaming không dây Logitech G309 Lightspeed\n\nThiết kế đơn giản, trọng lượng nhẹ mang đến sự thoải mái\nLogitech G309 có thiết kế đơn giản cùng với phương châm mang đến sự thoải mái cho người dùng trong từng chuyển động. Trọng lượng chuột gaming 86g (gồm pin AA) vì vậy việc di chuyển, thao tác cũng sẽ linh hoạt hơn, không bị mỏi dù sử dụng trong thời gian dài.\n\nThiết kế đơn giản, trọng lượng nhẹ mang đến sự thoải mái\n\nLogitech G309 Lightspeed còn được phủ một lớp vật liệu bề mặt giúp hạn chế bám bẩn, mồ hôi. Vì vậy, cảm giác khi cầm chuột chơi game trên tay sẽ luôn chắc chắn để người dùng thực hiện các thao tác một cách chuẩn xác.\n\nCung cấp thời lượng hơn 300 giờ\nChuột gaming Logitech G309 mang đến trải nghiệm kéo dài hơn khi cung cấp thời lượng hơn 300 giờ với 1 viên pin AA hoặc sử dụng với bộ sạc POWERPLAY. Người dùng sẽ không phải lo lắng đến tình trạng năng lượng của G309 Lightspeed, thoải mái chiến game.\n\nThiết kế đơn giản, trọng lượng nhẹ mang đến sự thoải mái\n\nVới Logitech G309, người dùng chỉ cần tập trung vào trận đấu hay công việc thay vì lo rằng chuột sẽ hết pin giữa chừng. Ngoài ra, thao tác thay pin AA cho chuột gaming G309 Lightspeed cũng rất đơn giản, luôn sẵn sàng sử dụng mọi lúc.\n\nPhần mềm G HUB tối ưu các trải nghiệm cá nhân\nChuột chơi game Logitech G309 Lightspeed có thể lập trình theo sở thích cá nhân với các thông số qua phần mềm G HUB, cụ thể:\n\nPhần mềm G HUB tối ưu các trải nghiệm cá nhân\n\nTinh chỉnh 6 nút lập trình chức năng của chuột G309 Lightspeed theo mong muốn.\n\nLựa chọn DPI theo từng mức của Logitech G309 Lightspeed.\n\nChuyển đổi chế độ kết nối Bluetooth và Lightspeed linh hoạt.\n\nNgoài ra, G HUB còn lưu trữ cấu hình chuột chơi game trực tiếp trong bộ nhớ của Logitech G309. Vì vậy, khi mang theo chuột để sử dụng, người dùng cũng không cần phải cài lại các thông số đã tinh chỉnh trước đó.',
            24, 'https://product.hstatic.net/200000722513/product/white_e563efbdda644fe59e2227176c1607fd.png', '2024-07-10T08:38:23+00:00',1);
        
INSERT INTO product_image (name, product_variant_id, image_url, is_main)
VALUES
    ('Ảnh 1', 471, 'https://product.hstatic.net/200000722513/product/white_e563efbdda644fe59e2227176c1607fd.png', TRUE),
    ('Ảnh 2', 471, 'https://product.hstatic.net/200000722513/product/3_79a2ad3d6f294967a65bfab3a8e602a6.png', FALSE),
    ('Ảnh 3', 471, 'https://product.hstatic.net/200000722513/product/4_25734bfc8ae049dd8b8028c07b93c7d0.png', FALSE),
    ('Ảnh 4', 471, 'https://product.hstatic.net/200000722513/product/6_4e3c52d079ae48f3a5721cdbc4345a33.png', FALSE),
    ('Ảnh 5', 471, 'https://product.hstatic.net/200000722513/product/7_43ae2533e22a4b09a8ba8c5e3f781298.png', FALSE),
    ('Ảnh 6', 471, 'https://product.hstatic.net/200000722513/product/9_fbcf80c142e0489382c1ae23c91d20f1.png', FALSE),
    ('Ảnh 7', 471, 'https://product.hstatic.net/200000722513/product/2_bfa5bc1c86a144d2be91ce35e63973fe.png', FALSE),
    ('Ảnh 8', 471, 'https://product.hstatic.net/200000722513/product/5_b90eddef1ba84b21806ba7e5f68c72a6.png', FALSE),
    ('Ảnh 9', 471, 'https://product.hstatic.net/200000722513/product/8_00edfb946fa2488a9c75d4aca622f046.png', FALSE);
---
INSERT INTO product (name, seo_name, brand_id, specifications, description, created_by, image_url) 
    VALUES (
        'Chuột Razer Không dây Viper V3 Pro Đen', 'chuot-razer-khong-day-viper-v3-pro-den', 15,
        '{"Tên sản phẩm": "Chuột Razer Không dây Viper V3 Pro Đen", "Thương hiệu": "Razer", "Màu sắc": "Đen", "Kết nối": "Không dây", "Loại cảm biến": "Focus Pro 30K Optical Sensor", "Độ phân giải DPI": "30.000", "Tốc độ theo dõi tối đa": "750 IPS", "Gia tốc tối đa": "70 G", "Số nút lập trình": "5", "Tuổi thọ nút bấm": "90 triệu lượt nhấn", "Đèn nền": "Razer Chroma RGB", "Pin": "Pin sạc", "Thời lượng pin": "Lên đến 95 giờ", "Tần số giao tiếp (Polling Rate)": "4000 Hz (khi kết nối không dây)", "Kích thước (ước tính)": "127mm x 65mm x 39mm", "Trọng lượng (ước tính)": "55g", "Cổng sạc": "USB-C", "Hệ điều hành tương thích": "Windows, macOS", "Phần mềm đi kèm": "Razer Synapse"}',
        'Razer Không dây Viper V3 Pro được thiết kế với sự cộng tác của các chuyên gia thể thao điện tử đẳng cấp thế giới, thiết kế siêu nhẹ cân bằng hoàn hảo của Viper V3 Pro cho phép bạn thực hiện những cú vẩy nhanh, chính xác phù hợp với mọi ý định của bạn.\n\nChuột Gaming Razer Viper V3 Pro Black 2\n\nMắt cảm biến hàng đầu\nTrải nghiệm hiệu suất theo cấp độ chuyên nghiệp trên nhiều bề mặt khác nhau, bao gồm cả kính, được hỗ trợ bởi các chức năng thông minh và điều chỉnh bước 1-DPI để nhắm và kiểm soát chi tiết hơn.\n\nChuột Gaming Razer Viper V3 Pro Black 3\n\n8K Polling Rate\nBằng cách kết hợp Razer HyperPolling với kết nối siêu mượt của Razer HyperSpeed, hãy trải nghiệm hiệu suất không dây hoàn hảo với tốc độ Polling Rate lên tới 8000 Hz.\n\nChuột Gaming Razer Viper V3 Pro Black 4\n\nKết nối không dây không độ trễ\nVới thiết kế dongle được tối ưu hóa giúp không ảnh hưởng đến kết nối, mang đến hiệu năng kết nối không dây mạnh mẽ, gần như không có độ trễ.\n\nChuột Gaming Razer Viper V3 Pro Black 5\n\nSwitch bấm bền bỉ \nĐộ bền cao với 90 triệu lần nhấn chuột được cải thiện mà không gặp vấn đề về Double Click đến tốc độ truyền động nhanh 0,2 ms mà không có độ trễ khi gỡ lỗi, hãy tận hưởng độ tin cậy và tốc độ vượt trội hơn tất cả các yếu tố khác.\n\nChuột Gaming Razer Viper V3 Pro Black 6\n\nThời lượng pin cực cao\nThời lượng pin lên đến 95h sử dụng, mang lại sự thoải mái khi chơi game lâu dài mà không cần lo lắng về dung lượng pin.',
        1, 'https://product.hstatic.net/200000722513/product/5360-viper-v3-pro-black-1_25c278a13aff48f28dd6bdfe2cf85b26.jpg'
    );
INSERT INTO product_category (product_id, category_id) VALUES (472, 27);
INSERT INTO product_variant (
        product_id, name, seo_name, supplier_id, price, price_sale, quantity, sku, model, barcode, 
        specifications, description, warranty, image_url, release_at, created_by)
        VALUES ( 472, 'Chuột Razer Không dây Viper V3 Pro Đen', 'chuot-razer-khong-day-viper-v3-pro-den',
            1, 4990000, 3690000, 10, 'CHU-RAZER-VIPER-V3-PRO-BLK',
            'CHU-RAZER-VIPER-V3-PRO-BLK', 'CHU-RAZER-VIPER-V3-PRO-BLK',
            '{"Tên sản phẩm": "Chuột Razer Không dây Viper V3 Pro Đen", "Thương hiệu": "Razer", "Màu sắc": "Đen", "Kết nối": "Không dây", "Loại cảm biến": "Focus Pro 30K Optical Sensor", "Độ phân giải DPI": "30.000", "Tốc độ theo dõi tối đa": "750 IPS", "Gia tốc tối đa": "70 G", "Số nút lập trình": "5", "Tuổi thọ nút bấm": "90 triệu lượt nhấn", "Đèn nền": "Razer Chroma RGB", "Pin": "Pin sạc", "Thời lượng pin": "Lên đến 95 giờ", "Tần số giao tiếp (Polling Rate)": "4000 Hz (khi kết nối không dây)", "Kích thước (ước tính)": "127mm x 65mm x 39mm", "Trọng lượng (ước tính)": "55g", "Cổng sạc": "USB-C", "Hệ điều hành tương thích": "Windows, macOS", "Phần mềm đi kèm": "Razer Synapse"}',
            'Razer Không dây Viper V3 Pro được thiết kế với sự cộng tác của các chuyên gia thể thao điện tử đẳng cấp thế giới, thiết kế siêu nhẹ cân bằng hoàn hảo của Viper V3 Pro cho phép bạn thực hiện những cú vẩy nhanh, chính xác phù hợp với mọi ý định của bạn.\n\nChuột Gaming Razer Viper V3 Pro Black 2\n\nMắt cảm biến hàng đầu\nTrải nghiệm hiệu suất theo cấp độ chuyên nghiệp trên nhiều bề mặt khác nhau, bao gồm cả kính, được hỗ trợ bởi các chức năng thông minh và điều chỉnh bước 1-DPI để nhắm và kiểm soát chi tiết hơn.\n\nChuột Gaming Razer Viper V3 Pro Black 3\n\n8K Polling Rate\nBằng cách kết hợp Razer HyperPolling với kết nối siêu mượt của Razer HyperSpeed, hãy trải nghiệm hiệu suất không dây hoàn hảo với tốc độ Polling Rate lên tới 8000 Hz.\n\nChuột Gaming Razer Viper V3 Pro Black 4\n\nKết nối không dây không độ trễ\nVới thiết kế dongle được tối ưu hóa giúp không ảnh hưởng đến kết nối, mang đến hiệu năng kết nối không dây mạnh mẽ, gần như không có độ trễ.\n\nChuột Gaming Razer Viper V3 Pro Black 5\n\nSwitch bấm bền bỉ \nĐộ bền cao với 90 triệu lần nhấn chuột được cải thiện mà không gặp vấn đề về Double Click đến tốc độ truyền động nhanh 0,2 ms mà không có độ trễ khi gỡ lỗi, hãy tận hưởng độ tin cậy và tốc độ vượt trội hơn tất cả các yếu tố khác.\n\nChuột Gaming Razer Viper V3 Pro Black 6\n\nThời lượng pin cực cao\nThời lượng pin lên đến 95h sử dụng, mang lại sự thoải mái khi chơi game lâu dài mà không cần lo lắng về dung lượng pin.',
            24, 'https://product.hstatic.net/200000722513/product/5360-viper-v3-pro-black-1_25c278a13aff48f28dd6bdfe2cf85b26.jpg', '2024-05-27T10:00:59+00:00',1);
        
INSERT INTO product_image (name, product_variant_id, image_url, is_main)
VALUES
    ('Ảnh 1', 472, 'https://product.hstatic.net/200000722513/product/5360-viper-v3-pro-black-1_25c278a13aff48f28dd6bdfe2cf85b26.jpg', TRUE),
    ('Ảnh 2', 472, 'https://product.hstatic.net/200000722513/product/5360-viper-v3-pro-black-2_c60ff2243cb74ae4be830a1ddc25131a.jpg', FALSE),
    ('Ảnh 3', 472, 'https://product.hstatic.net/200000722513/product/5360-viper-v3-pro-black-3_1537596fa5b745939a7b934a59a5c536.jpg', FALSE),
    ('Ảnh 4', 472, 'https://product.hstatic.net/200000722513/product/5360-viper-v3-pro-black-4_602086840c454b9e97c44e6fd84626d5.jpg', FALSE),
    ('Ảnh 5', 472, 'https://product.hstatic.net/200000722513/product/-container_h9f_h0b_9765619236894_240423-viper-v3-pro-black-1500x1000-3_d8bea6bb405a4fb38314ee0e5580ecff.jpg', FALSE),
    ('Ảnh 6', 472, 'https://product.hstatic.net/200000722513/product/-container_h37_h08_9765619138590_240423-viper-v3-pro-black-1500x1000-5_d6c6ddad5bf04c969ebc555d8535170b.jpg', FALSE),
    ('Ảnh 7', 472, 'https://product.hstatic.net/200000722513/product/-container_ha1_h08_9765619171358_240423-viper-v3-pro-black-1500x1000-6_f6f8803e1c16480fa11890f98c97e829.jpg', FALSE);
---
INSERT INTO product (name, seo_name, brand_id, specifications, description, created_by, image_url) 
    VALUES (
        'Chuột Logitech G Pro X Superlight 2 Magneta', 'chuot-logitech-g-pro-x-superlight-2-magenta', 13,
        '{"Hãng sản xuất": "Logitech", "Model": "G Pro X Superlight 2 Magenta", "Màu": "Đen", "Tần suất gửi tín hiệu USB": "2000 Hz (0.5ms)", "Bộ vi xử lý": "ARM 32-bit", "Thời lượng pin": "95 giờ", "Tương thích": "POWERPLAY", "Công nghệ không dây": "LIGHTSPEED", "Số nút bấm": "5 nút", "Cảm biến": "HERO 2", "Độ phân giải": "100 – 32.000 DPI", "Gia tốc tối đa": "> 40 G", "Tốc độ tối đa": "> 500 IPS", "Kích thước": "Chiều cao: 125,00 mm, Chiều rộng: 63,5 mm, Chiều dày: 40,0 mm", "Trọng lượng": "< 63 g"}',
        'Đắm chìm vào thế giới game chuyên nghiệp với Chuột Logitech G Pro X Superlight 2 Magneta – siêu phẩm được tạo ra để kiến tạo chiến thắng. Không chỉ là một con chuột, đây là vũ khí tối thượng dành cho những game thủ tìm kiếm sự hoàn hảo. Với trọng lượng siêu nhẹ đáng kinh ngạc, chỉ khoảng 60 gram, G Pro X Superlight 2 Magneta mang lại cảm giác lướt đi mượt mà, không trọng lượng, cho phép bạn thực hiện những pha di chuyển nhanh như chớp và phản ứng tức thì trong mọi tình huống căng thẳng nhất.\n\nPhiên bản Magneta khoác lên mình lớp áo màu sắc độc đáo và cuốn hút, không chỉ thể hiện cá tính riêng mà còn tạo điểm nhấn nổi bật cho dàn PC của bạn. Bên trong, công nghệ cảm biến HERO 2 đột phá cung cấp độ chính xác tuyệt đối ở mọi dải DPI lên đến 32.000, đảm bảo mọi cú flick, mọi pha bắn đều đạt đến độ hoàn hảo. Công nghệ không dây LIGHTSPEED siêu tốc độc quyền của Logitech mang lại độ trễ gần như bằng 0, không khác gì chuột có dây, giúp bạn luôn dẫn trước đối thủ.\n\nVới switch quang học tiên tiến, G Pro X Superlight 2 Magneta loại bỏ hoàn toàn hiện tượng double click không mong muốn và tăng cường độ bền bỉ, sẵn sàng cùng bạn chinh chiến hàng ngàn giờ. Thiết kế công thái học tối giản, đối xứng, phù hợp với nhiều kiểu cầm nắm, mang lại sự thoải mái tối đa ngay cả trong những buổi chơi game kéo dài. Thời lượng pin ấn tượng lên đến 95 giờ đảm bảo bạn luôn sẵn sàng cho mọi cuộc chiến mà không cần lo lắng về việc sạc giữa chừng.\n\nLogitech G Pro X Superlight 2 Magneta không chỉ là một con chuột gaming, đó là biểu tượng của sự vượt trội, tốc độ và độ chính xác đỉnh cao. Hãy nắm giữ tương lai của esports trong tầm tay bạn và định nghĩa lại giới hạn chiến thắng!',
        1, 'https://product.hstatic.net/200000722513/product/6_cc9e6a9210494554aed0ed8cbb6f8a5a.jpg'
    );
INSERT INTO product_category (product_id, category_id) VALUES (473, 27);
INSERT INTO product_variant (
        product_id, name, seo_name, supplier_id, price, price_sale, quantity, sku, model, barcode, 
        specifications, description, warranty, image_url, release_at, created_by)
        VALUES ( 473, 'Chuột Logitech G Pro X Superlight 2 Magneta', 'chuot-logitech-g-pro-x-superlight-2-magenta',
            1, 3890000, 3170000, 10, 'CHU-LOGITECH-G-PRO-X-SUPERLIGHT-2-MAG',
            'CHU-LOGITECH-G-PRO-X-SUPERLIGHT-2-MAG', 'CHU-LOGITECH-G-PRO-X-SUPERLIGHT-2-MAG',
            '{"Hãng sản xuất": "Logitech", "Model": "G Pro X Superlight 2 Magenta", "Màu": "Đen", "Tần suất gửi tín hiệu USB": "2000 Hz (0.5ms)", "Bộ vi xử lý": "ARM 32-bit", "Thời lượng pin": "95 giờ", "Tương thích": "POWERPLAY", "Công nghệ không dây": "LIGHTSPEED", "Số nút bấm": "5 nút", "Cảm biến": "HERO 2", "Độ phân giải": "100 – 32.000 DPI", "Gia tốc tối đa": "> 40 G", "Tốc độ tối đa": "> 500 IPS", "Kích thước": "Chiều cao: 125,00 mm, Chiều rộng: 63,5 mm, Chiều dày: 40,0 mm", "Trọng lượng": "< 63 g"}',
            'Đắm chìm vào thế giới game chuyên nghiệp với Chuột Logitech G Pro X Superlight 2 Magneta – siêu phẩm được tạo ra để kiến tạo chiến thắng. Không chỉ là một con chuột, đây là vũ khí tối thượng dành cho những game thủ tìm kiếm sự hoàn hảo. Với trọng lượng siêu nhẹ đáng kinh ngạc, chỉ khoảng 60 gram, G Pro X Superlight 2 Magneta mang lại cảm giác lướt đi mượt mà, không trọng lượng, cho phép bạn thực hiện những pha di chuyển nhanh như chớp và phản ứng tức thì trong mọi tình huống căng thẳng nhất.\n\nPhiên bản Magneta khoác lên mình lớp áo màu sắc độc đáo và cuốn hút, không chỉ thể hiện cá tính riêng mà còn tạo điểm nhấn nổi bật cho dàn PC của bạn. Bên trong, công nghệ cảm biến HERO 2 đột phá cung cấp độ chính xác tuyệt đối ở mọi dải DPI lên đến 32.000, đảm bảo mọi cú flick, mọi pha bắn đều đạt đến độ hoàn hảo. Công nghệ không dây LIGHTSPEED siêu tốc độc quyền của Logitech mang lại độ trễ gần như bằng 0, không khác gì chuột có dây, giúp bạn luôn dẫn trước đối thủ.\n\nVới switch quang học tiên tiến, G Pro X Superlight 2 Magneta loại bỏ hoàn toàn hiện tượng double click không mong muốn và tăng cường độ bền bỉ, sẵn sàng cùng bạn chinh chiến hàng ngàn giờ. Thiết kế công thái học tối giản, đối xứng, phù hợp với nhiều kiểu cầm nắm, mang lại sự thoải mái tối đa ngay cả trong những buổi chơi game kéo dài. Thời lượng pin ấn tượng lên đến 95 giờ đảm bảo bạn luôn sẵn sàng cho mọi cuộc chiến mà không cần lo lắng về việc sạc giữa chừng.\n\nLogitech G Pro X Superlight 2 Magneta không chỉ là một con chuột gaming, đó là biểu tượng của sự vượt trội, tốc độ và độ chính xác đỉnh cao. Hãy nắm giữ tương lai của esports trong tầm tay bạn và định nghĩa lại giới hạn chiến thắng!',
            24, 'https://product.hstatic.net/200000722513/product/6_cc9e6a9210494554aed0ed8cbb6f8a5a.jpg', '2023-09-14T10:54:16+00:00',1);
        
INSERT INTO product_image (name, product_variant_id, image_url, is_main)
VALUES
    ('Ảnh 1', 473, 'https://product.hstatic.net/200000722513/product/6_cc9e6a9210494554aed0ed8cbb6f8a5a.jpg', TRUE),
    ('Ảnh 2', 473, 'https://product.hstatic.net/200000722513/product/7_d8b8b4ab4ad14b049c4e64ba3ea395c6.jpg', FALSE),
    ('Ảnh 3', 473, 'https://product.hstatic.net/200000722513/product/8_e5a2d429ad874de4ab2171ab05c91e1d.jpg', FALSE),
    ('Ảnh 4', 473, 'https://product.hstatic.net/200000722513/product/9_03e31c8eddac4fb69ceac0560069b31c.jpg', FALSE),
    ('Ảnh 5', 473, 'https://product.hstatic.net/200000722513/product/10_7899fa26926b4cf2a3c476ca82f965a0.jpg', FALSE);
---
INSERT INTO product (name, seo_name, brand_id, specifications, description, created_by, image_url) 
    VALUES (
        'Chuột Logitech M650 Off White', 'chuot-logitech-m650-off-white', 13,
        '{"Thương hiệu": "Logitech", "Model": "Logitech M650 Off White", "Bảo hành": "12 tháng", "Loại chuột": "Văn phòng", "Màu sắc": "Trắng", "Phần mềm tùy chọn": "Hỗ trợ bởi Logitech Options+ trên macOS 10.15 trở lên và Windows 10, 11 trở lên", "Kết nối": "Không dây / Bluetooth", "Phạm vi không dây": "10 m", "Pin": "1 x pin AA", "Nút": "5", "Cảm biến": "Quang học", "DPI": "400 - 4000", "Trọng lượng": "101.4 g", "Kích thước (H x W x D)": "108.2 mm x 61 mm x 38.8 mm"}',
        'Nâng tầm trải nghiệm làm việc của bạn với Chuột Logitech M650 Off White – một sự kết hợp hoàn hảo giữa công nghệ tiên tiến, thiết kế tiện dụng và phong cách tinh tế. Chuột M650 được trang bị công nghệ SmartWheel độc quyền của Logitech, cho phép bạn cuộn siêu tốc khi cần duyệt tài liệu dài và chuyển sang chế độ cuộn từng dòng chính xác chỉ bằng một cái chạm nhẹ, mang lại hiệu quả công việc vượt trội.\n\nĐặc biệt, với công nghệ SilentTouch, mọi cú nhấp chuột đều gần như im lặng tuyệt đối (giảm 90% tiếng ồn so với M170), giúp bạn tập trung cao độ và không làm phiền những người xung quanh, lý tưởng cho mọi không gian làm việc từ văn phòng đến quán cà phê.\n\nThiết kế công thái học được cải tiến với hình dáng ôm tay tự nhiên, vùng đệm ngón cái bằng cao su mềm mại và các cạnh cong, đảm bảo sự thoải mái tối đa ngay cả khi sử dụng trong thời gian dài. M650 có sẵn nhiều kích cỡ, bao gồm cỡ L cho tay lớn hơn, giúp người dùng dễ dàng tìm được phiên bản phù hợp nhất với mình.\n\nVề kết nối, chuột hỗ trợ đa dạng với Bluetooth năng lượng thấp và đầu thu USB Logi Bolt, đảm bảo kết nối ổn định và an toàn trên nhiều thiết bị. Tuổi thọ pin lên đến 24 tháng chỉ với một viên pin AA, giúp bạn quên đi nỗi lo sạc pin thường xuyên.\n\nPhiên bản màu Off White mang đến vẻ đẹp thanh lịch, hiện đại, dễ dàng hòa hợp với mọi không gian làm việc, tạo điểm nhấn tinh tế cho bàn làm việc của bạn. Logitech M650 Off White không chỉ là một công cụ, mà là một người bạn đồng hành đắc lực giúp bạn làm việc hiệu quả và thoải mái hơn mỗi ngày.',
        1, 'https://product.hstatic.net/200000722513/product/m650-medium-offwhite-top_0b3a54fc20934569a0496b9782446448_8858edf82fde4dbe84a7b3e6949623af.png'
    );
INSERT INTO product_category (product_id, category_id) VALUES (474, 27);
INSERT INTO product_variant (
        product_id, name, seo_name, supplier_id, price, price_sale, quantity, sku, model, barcode, 
        specifications, description, warranty, image_url, release_at, created_by)
        VALUES ( 474, 'Chuột Logitech M650 Off White', 'chuot-logitech-m650-off-white',
            1, 750000, 620000, 10, 'CHU-LOGITECH-M650-OFF-WHITE',
            'CHU-LOGITECH-M650-OFF-WHITE', 'CHU-LOGITECH-M650-OFF-WHITE',
            '{"Thương hiệu": "Logitech", "Model": "Logitech M650 Off White", "Bảo hành": "12 tháng", "Loại chuột": "Văn phòng", "Màu sắc": "Trắng", "Phần mềm tùy chọn": "Hỗ trợ bởi Logitech Options+ trên macOS 10.15 trở lên và Windows 10, 11 trở lên", "Kết nối": "Không dây / Bluetooth", "Phạm vi không dây": "10 m", "Pin": "1 x pin AA", "Nút": "5", "Cảm biến": "Quang học", "DPI": "400 - 4000", "Trọng lượng": "101.4 g", "Kích thước (H x W x D)": "108.2 mm x 61 mm x 38.8 mm"}',
            'Nâng tầm trải nghiệm làm việc của bạn với Chuột Logitech M650 Off White – một sự kết hợp hoàn hảo giữa công nghệ tiên tiến, thiết kế tiện dụng và phong cách tinh tế. Chuột M650 được trang bị công nghệ SmartWheel độc quyền của Logitech, cho phép bạn cuộn siêu tốc khi cần duyệt tài liệu dài và chuyển sang chế độ cuộn từng dòng chính xác chỉ bằng một cái chạm nhẹ, mang lại hiệu quả công việc vượt trội.\n\nĐặc biệt, với công nghệ SilentTouch, mọi cú nhấp chuột đều gần như im lặng tuyệt đối (giảm 90% tiếng ồn so với M170), giúp bạn tập trung cao độ và không làm phiền những người xung quanh, lý tưởng cho mọi không gian làm việc từ văn phòng đến quán cà phê.\n\nThiết kế công thái học được cải tiến với hình dáng ôm tay tự nhiên, vùng đệm ngón cái bằng cao su mềm mại và các cạnh cong, đảm bảo sự thoải mái tối đa ngay cả khi sử dụng trong thời gian dài. M650 có sẵn nhiều kích cỡ, bao gồm cỡ L cho tay lớn hơn, giúp người dùng dễ dàng tìm được phiên bản phù hợp nhất với mình.\n\nVề kết nối, chuột hỗ trợ đa dạng với Bluetooth năng lượng thấp và đầu thu USB Logi Bolt, đảm bảo kết nối ổn định và an toàn trên nhiều thiết bị. Tuổi thọ pin lên đến 24 tháng chỉ với một viên pin AA, giúp bạn quên đi nỗi lo sạc pin thường xuyên.\n\nPhiên bản màu Off White mang đến vẻ đẹp thanh lịch, hiện đại, dễ dàng hòa hợp với mọi không gian làm việc, tạo điểm nhấn tinh tế cho bàn làm việc của bạn. Logitech M650 Off White không chỉ là một công cụ, mà là một người bạn đồng hành đắc lực giúp bạn làm việc hiệu quả và thoải mái hơn mỗi ngày.',
            12, 'https://product.hstatic.net/200000722513/product/m650-medium-offwhite-top_0b3a54fc20934569a0496b9782446448_8858edf82fde4dbe84a7b3e6949623af.png', '2023-06-02T11:45:56+00:00',1);
        
INSERT INTO product_image (name, product_variant_id, image_url, is_main)
VALUES
    ('Ảnh 1', 474, 'https://product.hstatic.net/200000722513/product/m650-medium-offwhite-top_0b3a54fc20934569a0496b9782446448_8858edf82fde4dbe84a7b3e6949623af.png', TRUE),
    ('Ảnh 2', 474, 'https://product.hstatic.net/200000722513/product/m650-medium-offwhite-bty1_3e0fdf9d02aa4ad995679b76769d96e5_1838e672dcd84f8faa0b01500bf19ff0.png', FALSE),
    ('Ảnh 3', 474, 'https://product.hstatic.net/200000722513/product/m650-medium-offwhite-highprofilefob_aaf5cfeb5ac14f39aff9df0c06c916ee_4cf91ff4bc9d48ae94f49236dad1330b.png', FALSE),
    ('Ảnh 4', 474, 'https://product.hstatic.net/200000722513/product/m650-medium-offwhite-leftprofile_5664a9692da5425bb07cfcb9ae5e1b9b_70f7ce18537641e896e310ff0433bf0c.png', FALSE),
    ('Ảnh 5', 474, 'https://product.hstatic.net/200000722513/product/m650-medium-offwhite-3qtr-back_ba90946bfe194da2bd2a7deccacf0bc0_234db46f39fb4b4d97bb6fa06d620fb9.png', FALSE),
    ('Ảnh 6', 474, 'https://product.hstatic.net/200000722513/product/m650-medium-offwhite-bottom_74196a27762e45a4a3bd46e77deb6db3_9fb58e18d8124de9a40257711cb4b8be.png', FALSE);
---
INSERT INTO product (name, seo_name, brand_id, specifications, description, created_by, image_url) 
    VALUES (
        'Chuột Logitech G Pro X Superlight 2 Dex Wireless Pink', 'chuot-logitech-g-pro-x-superlight-2-dex-wireless-pink', 13,
        '{"Tên sản phẩm": "Chuột Logitech G Pro X Superlight 2 Dex Wireless Pink", "Thương hiệu": "Logitech G", "Màu sắc": "Hồng", "Loại kết nối": "Không dây (Wireless)", "Công nghệ kết nối": "LIGHTSPEED Wireless", "Cảm biến": "HERO 25K", "Độ phân giải tối đa": "32000 DPI", "Tốc độ theo dõi tối đa": "650 IPS", "Gia tốc tối đa": "40 G", "Tần số báo cáo USB": "2000 Hz", "Dung lượng pin": "500 mAh", "Thời lượng pin": "Lên đến 95 giờ", "Trọng lượng": "Khoảng 60 gram", "Kích thước (Cao x Rộng x Sâu)": "125.0 mm x 63.5 mm x 40.0 mm", "Hệ điều hành tương thích": "Windows, macOS, ChromeOS, Linux", "Phần mềm đi kèm": "Logitech G HUB", "Các nút lập trình được": "5", "Thiết kế": "Đối xứng, phù hợp cho người thuận tay trái và tay phải", "Chất liệu": "Nhựa cao cấp", "Feet chuột": "PTFE không viền"}',
        'Nâng tầm trải nghiệm gaming của bạn lên một đẳng cấp hoàn toàn mới với Chuột Logitech G Pro X Superlight 2 Dex Wireless Pink – biểu tượng của sự kết hợp hoàn hảo giữa hiệu suất đỉnh cao, công nghệ tiên tiến và phong cách độc đáo. Đây không chỉ là một con chuột, mà là một vũ khí tối thượng được thiết kế để thống trị mọi chiến trường ảo. Với trọng lượng siêu nhẹ chỉ khoảng 60g, G Pro X Superlight 2 mang lại khả năng di chuyển linh hoạt và tốc độ phản ứng không tưởng, giúp bạn thực hiện những pha xử lý chính xác và nhanh gọn nhất. Trái tim của nó là cảm biến quang học HERO 25K thế hệ mới nhất, cung cấp độ chính xác tuyệt đối, tốc độ theo dõi lên đến 500 IPS và khả năng xử lý mượt mà trên mọi bề mặt. Cùng với công nghệ LIGHTSPEED wireless siêu nhanh, độ trễ gần như bằng 0 và tốc độ polling rate lên đến 2000Hz, đảm bảo mọi cú click và di chuyển đều được truyền tải tức thì, không bỏ lỡ bất kỳ khoảnh khắc nào. Điểm nhấn không thể bỏ qua là màu hồng ''Dex Pink'' rực rỡ và cá tính, biến chiếc chuột của bạn thành một tuyên ngôn phong cách mạnh mẽ trên bàn làm việc hoặc trong các giải đấu eSports. Thiết kế công thái học tối giản, tinh tế nhưng vẫn đảm bảo sự thoải mái tối đa cho những giờ chơi game kéo dài. Công tắc quang học LIGHTFORCE mang lại cảm giác click sắc nét, phản hồi nhanh hơn và độ bền vượt trội. Thời lượng pin ấn tượng cho phép bạn chiến đấu không ngừng nghỉ. Logitech G Pro X Superlight 2 Dex Wireless Pink không chỉ là công cụ để giành chiến thắng, mà còn là người bạn đồng hành tin cậy, giúp bạn bứt phá mọi giới hạn và khẳng định vị thế của mình trong thế giới game. Hãy sẵn sàng để trải nghiệm sự khác biệt và thống trị mọi cuộc chơi!',
        1, 'https://product.hstatic.net/200000722513/product/pro-x-superlight-2-dex-pink-gall_459f88a7d289430daf8f50a17176359f.png'
    );
INSERT INTO product_category (product_id, category_id) VALUES (475, 27);
INSERT INTO product_variant (
        product_id, name, seo_name, supplier_id, price, price_sale, quantity, sku, model, barcode, 
        specifications, description, warranty, image_url, release_at, created_by)
        VALUES ( 475, 'Chuột Logitech G Pro X Superlight 2 Dex Wireless Pink', 'chuot-logitech-g-pro-x-superlight-2-dex-wireless-pink',
            1, 3899000, 3250000, 10, 'CHU-LOGITECH-G-PRO-X-SUPERLIGHT-2-DEX-WL-PINK',
            'CHU-LOGITECH-G-PRO-X-SUPERLIGHT-2-DEX-WL-PINK', 'CHU-LOGITECH-G-PRO-X-SUPERLIGHT-2-DEX-WL-PINK',
            '{"Tên sản phẩm": "Chuột Logitech G Pro X Superlight 2 Dex Wireless Pink", "Thương hiệu": "Logitech G", "Màu sắc": "Hồng", "Loại kết nối": "Không dây (Wireless)", "Công nghệ kết nối": "LIGHTSPEED Wireless", "Cảm biến": "HERO 25K", "Độ phân giải tối đa": "32000 DPI", "Tốc độ theo dõi tối đa": "650 IPS", "Gia tốc tối đa": "40 G", "Tần số báo cáo USB": "2000 Hz", "Dung lượng pin": "500 mAh", "Thời lượng pin": "Lên đến 95 giờ", "Trọng lượng": "Khoảng 60 gram", "Kích thước (Cao x Rộng x Sâu)": "125.0 mm x 63.5 mm x 40.0 mm", "Hệ điều hành tương thích": "Windows, macOS, ChromeOS, Linux", "Phần mềm đi kèm": "Logitech G HUB", "Các nút lập trình được": "5", "Thiết kế": "Đối xứng, phù hợp cho người thuận tay trái và tay phải", "Chất liệu": "Nhựa cao cấp", "Feet chuột": "PTFE không viền"}',
            'Nâng tầm trải nghiệm gaming của bạn lên một đẳng cấp hoàn toàn mới với Chuột Logitech G Pro X Superlight 2 Dex Wireless Pink – biểu tượng của sự kết hợp hoàn hảo giữa hiệu suất đỉnh cao, công nghệ tiên tiến và phong cách độc đáo. Đây không chỉ là một con chuột, mà là một vũ khí tối thượng được thiết kế để thống trị mọi chiến trường ảo. Với trọng lượng siêu nhẹ chỉ khoảng 60g, G Pro X Superlight 2 mang lại khả năng di chuyển linh hoạt và tốc độ phản ứng không tưởng, giúp bạn thực hiện những pha xử lý chính xác và nhanh gọn nhất. Trái tim của nó là cảm biến quang học HERO 25K thế hệ mới nhất, cung cấp độ chính xác tuyệt đối, tốc độ theo dõi lên đến 500 IPS và khả năng xử lý mượt mà trên mọi bề mặt. Cùng với công nghệ LIGHTSPEED wireless siêu nhanh, độ trễ gần như bằng 0 và tốc độ polling rate lên đến 2000Hz, đảm bảo mọi cú click và di chuyển đều được truyền tải tức thì, không bỏ lỡ bất kỳ khoảnh khắc nào. Điểm nhấn không thể bỏ qua là màu hồng ''Dex Pink'' rực rỡ và cá tính, biến chiếc chuột của bạn thành một tuyên ngôn phong cách mạnh mẽ trên bàn làm việc hoặc trong các giải đấu eSports. Thiết kế công thái học tối giản, tinh tế nhưng vẫn đảm bảo sự thoải mái tối đa cho những giờ chơi game kéo dài. Công tắc quang học LIGHTFORCE mang lại cảm giác click sắc nét, phản hồi nhanh hơn và độ bền vượt trội. Thời lượng pin ấn tượng cho phép bạn chiến đấu không ngừng nghỉ. Logitech G Pro X Superlight 2 Dex Wireless Pink không chỉ là công cụ để giành chiến thắng, mà còn là người bạn đồng hành tin cậy, giúp bạn bứt phá mọi giới hạn và khẳng định vị thế của mình trong thế giới game. Hãy sẵn sàng để trải nghiệm sự khác biệt và thống trị mọi cuộc chơi!',
            24, 'https://product.hstatic.net/200000722513/product/pro-x-superlight-2-dex-pink-gall_459f88a7d289430daf8f50a17176359f.png', '2024-09-24T08:26:44+00:00',1);
        
INSERT INTO product_image (name, product_variant_id, image_url, is_main)
VALUES
    ('Ảnh 1', 475, 'https://product.hstatic.net/200000722513/product/pro-x-superlight-2-dex-pink-gall_459f88a7d289430daf8f50a17176359f.png', TRUE),
    ('Ảnh 2', 475, 'https://product.hstatic.net/200000722513/product/pro-x-superlight-2-dex-pink-gall__3__33b0a08fcc014cb39d34a027a813744a.png', FALSE),
    ('Ảnh 3', 475, 'https://product.hstatic.net/200000722513/product/pro-x-superlight-2-dex-pink-gall__4__f419d7949cdb4b75b142b4e120ca6493.png', FALSE),
    ('Ảnh 4', 475, 'https://product.hstatic.net/200000722513/product/pro-x-superlight-2-dex-pink-gall__2__2fdd7801313b425c9a415e97d264b2da.png', FALSE),
    ('Ảnh 5', 475, 'https://product.hstatic.net/200000722513/product/pro-x-superlight-2-dex-pink-gall__1__640f24ff758442179707657710ad2251.png', FALSE),
    ('Ảnh 6', 475, 'https://product.hstatic.net/200000722513/product/pro-x-superlight-2-dex-pink-gall__5__82f07bce8dea4b80943c8248016005f1.png', FALSE);
---
INSERT INTO product (name, seo_name, brand_id, specifications, description, created_by, image_url) 
    VALUES (
        'Chuột Corsair Katar Pro Wireless', 'chuot-corsair-katar-pro-wireless', 5,
        '{"Thương hiệu": "Corsair", "Kết nối": "SLIPSTREAM WIRELESS, Chuột Bluetooth®", "Kích thước": "115.8 x 64.2 x 37.8mm", "Trọng lượng": "96g", "DPI tối đa": "10000", "Led": "Đơn sắc", "Phần mềm": "ICUE"}',
        'Chuột Corsair Katar Pro Wireless là lựa chọn lý tưởng cho game thủ tìm kiếm sự kết hợp hoàn hảo giữa hiệu suất, độ tin cậy và sự tự do không dây. Với thiết kế nhỏ gọn và trọng lượng siêu nhẹ chỉ 96g, Katar Pro Wireless mang lại cảm giác cầm nắm thoải mái, linh hoạt, đặc biệt phù hợp với các kiểu cầm claw-grip hoặc fingertip-grip, giúp bạn thực hiện những pha di chuyển nhanh và chính xác trong mọi trận đấu.\n\nSản phẩm trang bị công nghệ kết nối không dây kép tiên tiến: CORSAIR SLIPSTREAM WIRELESS độ trễ cực thấp cho trải nghiệm gaming mượt mà, không gián đoạn, và Bluetooth cho khả năng kết nối đa năng với các thiết bị khác hoặc khi bạn cần tiết kiệm pin. Cảm biến quang học 10.000 DPI với độ chính xác cao đảm bảo mọi cú click và di chuyển đều được ghi nhận hoàn hảo, cho phép bạn kiểm soát hoàn toàn trong mọi tình huống.\n\nTuổi thọ pin ấn tượng lên đến 135 giờ khi sử dụng chế độ Bluetooth hoặc 60 giờ với SLIPSTREAM WIRELESS (sử dụng một viên pin AA), giúp bạn thoải mái chiến game trong thời gian dài mà không lo hết pin giữa chừng. Sáu nút có thể lập trình hoàn toàn thông qua phần mềm CORSAIR iCUE, cho phép bạn tùy chỉnh macro, gán lại chức năng và điều chỉnh cài đặt DPI dễ dàng. Công tắc Omron bền bỉ với 30 triệu lượt nhấn đảm bảo độ bền vượt trội và phản hồi nhanh chóng.\n\nKatar Pro Wireless không chỉ là chuột gaming mà còn là công cụ đáng tin cậy cho mọi tác vụ hàng ngày, mang lại sự tiện lợi và hiệu suất vượt trội.',
        1, 'https://product.hstatic.net/200000722513/product/-chuot-corsair-katar-pro-wireless-666_23333dfd6ea64129b9627324097a4955_5792e89cb7374c2ea30752e1ee4961c8.png'
    );
INSERT INTO product_category (product_id, category_id) VALUES (476, 27);
INSERT INTO product_variant (
        product_id, name, seo_name, supplier_id, price, price_sale, quantity, sku, model, barcode, 
        specifications, description, warranty, image_url, release_at, created_by)
        VALUES ( 476, 'Chuột Corsair Katar Pro Wireless', 'chuot-corsair-katar-pro-wireless',
            1, 1090000, 790000, 10, 'CHU-COR-KATAR-PRO-WL',
            'CHU-COR-KATAR-PRO-WL', 'CHU-COR-KATAR-PRO-WL',
            '{"Thương hiệu": "Corsair", "Kết nối": "SLIPSTREAM WIRELESS, Chuột Bluetooth®", "Kích thước": "115.8 x 64.2 x 37.8mm", "Trọng lượng": "96g", "DPI tối đa": "10000", "Led": "Đơn sắc", "Phần mềm": "ICUE"}',
            'Chuột Corsair Katar Pro Wireless là lựa chọn lý tưởng cho game thủ tìm kiếm sự kết hợp hoàn hảo giữa hiệu suất, độ tin cậy và sự tự do không dây. Với thiết kế nhỏ gọn và trọng lượng siêu nhẹ chỉ 96g, Katar Pro Wireless mang lại cảm giác cầm nắm thoải mái, linh hoạt, đặc biệt phù hợp với các kiểu cầm claw-grip hoặc fingertip-grip, giúp bạn thực hiện những pha di chuyển nhanh và chính xác trong mọi trận đấu.\n\nSản phẩm trang bị công nghệ kết nối không dây kép tiên tiến: CORSAIR SLIPSTREAM WIRELESS độ trễ cực thấp cho trải nghiệm gaming mượt mà, không gián đoạn, và Bluetooth cho khả năng kết nối đa năng với các thiết bị khác hoặc khi bạn cần tiết kiệm pin. Cảm biến quang học 10.000 DPI với độ chính xác cao đảm bảo mọi cú click và di chuyển đều được ghi nhận hoàn hảo, cho phép bạn kiểm soát hoàn toàn trong mọi tình huống.\n\nTuổi thọ pin ấn tượng lên đến 135 giờ khi sử dụng chế độ Bluetooth hoặc 60 giờ với SLIPSTREAM WIRELESS (sử dụng một viên pin AA), giúp bạn thoải mái chiến game trong thời gian dài mà không lo hết pin giữa chừng. Sáu nút có thể lập trình hoàn toàn thông qua phần mềm CORSAIR iCUE, cho phép bạn tùy chỉnh macro, gán lại chức năng và điều chỉnh cài đặt DPI dễ dàng. Công tắc Omron bền bỉ với 30 triệu lượt nhấn đảm bảo độ bền vượt trội và phản hồi nhanh chóng.\n\nKatar Pro Wireless không chỉ là chuột gaming mà còn là công cụ đáng tin cậy cho mọi tác vụ hàng ngày, mang lại sự tiện lợi và hiệu suất vượt trội.',
            24, 'https://product.hstatic.net/200000722513/product/-chuot-corsair-katar-pro-wireless-666_23333dfd6ea64129b9627324097a4955_5792e89cb7374c2ea30752e1ee4961c8.png', '2023-06-03T06:55:53+00:00',1);
        
INSERT INTO product_image (name, product_variant_id, image_url, is_main)
VALUES
    ('Ảnh 1', 476, 'https://product.hstatic.net/200000722513/product/-chuot-corsair-katar-pro-wireless-666_23333dfd6ea64129b9627324097a4955_5792e89cb7374c2ea30752e1ee4961c8.png', TRUE),
    ('Ảnh 2', 476, 'https://product.hstatic.net/200000722513/product/vn-chuot-corsair-katar-pro-wireless-8_310a9ee208f94bb6b494ba71c2795b42_97cb88f7b2264313a158ca0a0cb08209.png', FALSE),
    ('Ảnh 3', 476, 'https://product.hstatic.net/200000722513/product/n-chuot-corsair-katar-pro-wireless-10_afdf48abbede4ad3b7175fb7c6ad6147_f3ae40d0550b42c4bd2ac140184b4759.png', FALSE),
    ('Ảnh 4', 476, 'https://product.hstatic.net/200000722513/product/vn-chuot-corsair-katar-pro-wireless-9_c9ea6ede82d34472a6f3f417ff64bae8_f7f7e447c03a463ba73826a4a2d7e873.png', FALSE),
    ('Ảnh 5', 476, 'https://product.hstatic.net/200000722513/product/vn-chuot-corsair-katar-pro-wireless-7_43e19bd5a57f460c9e59cccae9f91d78_c525ba1bbc1143ad8f71a23e0f7466fc.png', FALSE),
    ('Ảnh 6', 476, 'https://product.hstatic.net/200000722513/product/vn-chuot-corsair-katar-pro-wireless-6_f4b8b3401719468a8a686c2bfabc329a_9e9c996688b34c858b142b2c647443b7.png', FALSE),
    ('Ảnh 7', 476, 'https://product.hstatic.net/200000722513/product/chu-corsair-katar-pro-wireless_5494973d7c2048ea982d0807a391294d_5787c950f27b41879273dde886eddb3e.gif', FALSE);
---
INSERT INTO product (name, seo_name, brand_id, specifications, description, created_by, image_url) 
    VALUES (
        'Chuột Logitech G Pro 2 Lightspeed Wireless White', 'chuot-logitech-g-pro-2-lightspeed-wireless-white', 13,
        '{"Tên sản phẩm": "Chuột Logitech G Pro X Lightspeed Wireless White", "Thương hiệu": "Logitech", "Dòng sản phẩm": "Logitech G", "Loại chuột": "Chuột không dây", "Công nghệ kết nối": "Không dây Lightspeed 2.4GHz", "Cảm biến": "HERO 25K", "Độ phân giải (DPI)": "100 - 25.600", "Tốc độ báo cáo": "1000Hz (1ms)", "Tốc độ tối đa (IPS)": "400", "Gia tốc tối đa (G)": "40", "Tùy chỉnh DPI": "Có", "Số nút bấm": "5", "Tuổi thọ pin": "Lên đến 60 giờ", "Trọng lượng": "63g", "Màu sắc": "Trắng", "Phần mềm điều chỉnh": "Logitech G HUB", "Đèn LED RGB": "Không", "Tương thích": "Windows, macOS", "Bảo hành": "2 năm"}',
        'Chuột Logitech G Pro 2 Lightspeed Wireless White được đánh giá là một phiên bản cải tiến so với các phiên bản cũ, mang đến nhiều công nghệ tân tiến, trải nghiệm trọn vẹn từ công việc đến giải trí, giúp tối ưu hóa hiệu suất. Cùng điểm qua các tính năng nổi bật của sản phẩm này.\n\n**Thiết kế đối xứng, thích hợp cho mọi đối tượng**\nSản phẩm chuột Logitech G Pro 2 Lightspeed cung cấp một thiết kế toàn diện cho người dùng. Sau khi lắng nghe ý kiến của các vận động viên eSport hàng đầu thế giới, Logitech đã cho ra đời mẫu chuột với thiết kế đối xứng, phù hợp cho cả người thuận tay trái và tay phải. Các nút bấm được bố trí khoa học, dễ dàng tiếp cận, giúp thao tác nhanh chóng, chính xác.\n\n**Cảm biến HERO 2 chất lượng cao**\nVới cảm biến HERO 2, Logitech G Pro 2 Lightspeed cho phép di chuyển chuột mượt mà, chính xác đến từng pixel, cùng với dải DPI rộng lên đến 32000. Người dùng có thể tùy chỉnh độ nhạy chuột linh hoạt để phù hợp với mọi phong cách chơi.\n\n**Hỗ trợ kết nối LIGHTSPEED độc quyền**\nMột điểm nổi bật của phiên bản này là kết nối LIGHTSPEED độc quyền từ Logitech. Với công nghệ này, sản phẩm có tốc độ phản hồi siêu nhanh, độ trễ thấp và duy trì hoạt động ổn định ngay cả trong môi trường khó khăn nhất.\n\n**Switch LIGHTFORCE tân tiến**\nNhờ công tắc LIGHTFORCE độc đáo, kết hợp hài hòa giữa tốc độ phản hồi và độ tin cậy của công tắc quang học cùng cảm giác bấm êm ái của công tắc cơ học, mang đến trải nghiệm bấm phím chính xác, đã tai. Điều này giúp người dùng thao tác dễ dàng và luôn chiếm ưu thế trong mọi trận đấu.\n\n**Thời lượng pin ấn tượng**\nChuột Logitech G Pro 2 Lightspeed có thể hoạt động lên đến 95 giờ nếu không sử dụng đèn LED và 60 giờ nếu bật đèn LED. Với nhiều tùy chọn sạc, bạn có thể dễ dàng giữ cho chuột luôn đầy pin và sẵn sàng sử dụng mọi lúc mọi nơi. Bạn có thể lựa chọn sạc nhanh chóng và linh hoạt qua cổng USB Type-C hoặc đế sạc không dây POWERPLAY độc quyền của Logitech.',
        1, 'https://product.hstatic.net/200000722513/product/pro2-lightspeed-white-gallery1_a41f9f8af44c4758922011fa73633c7a.png'
    );
INSERT INTO product_category (product_id, category_id) VALUES (477, 27);
INSERT INTO product_variant (
        product_id, name, seo_name, supplier_id, price, price_sale, quantity, sku, model, barcode, 
        specifications, description, warranty, image_url, release_at, created_by)
        VALUES ( 477, 'Chuột Logitech G Pro 2 Lightspeed Wireless White', 'chuot-logitech-g-pro-2-lightspeed-wireless-white',
            1, 3299000, 2550000, 10, 'CHU-LOGITECH-G-PRO-2-LS-WL-WHITE',
            'CHU-LOGITECH-G-PRO-2-LS-WL-WHITE', 'CHU-LOGITECH-G-PRO-2-LS-WL-WHITE',
            '{"Tên sản phẩm": "Chuột Logitech G Pro X Lightspeed Wireless White", "Thương hiệu": "Logitech", "Dòng sản phẩm": "Logitech G", "Loại chuột": "Chuột không dây", "Công nghệ kết nối": "Không dây Lightspeed 2.4GHz", "Cảm biến": "HERO 25K", "Độ phân giải (DPI)": "100 - 25.600", "Tốc độ báo cáo": "1000Hz (1ms)", "Tốc độ tối đa (IPS)": "400", "Gia tốc tối đa (G)": "40", "Tùy chỉnh DPI": "Có", "Số nút bấm": "5", "Tuổi thọ pin": "Lên đến 60 giờ", "Trọng lượng": "63g", "Màu sắc": "Trắng", "Phần mềm điều chỉnh": "Logitech G HUB", "Đèn LED RGB": "Không", "Tương thích": "Windows, macOS", "Bảo hành": "2 năm"}',
            'Chuột Logitech G Pro 2 Lightspeed Wireless White được đánh giá là một phiên bản cải tiến so với các phiên bản cũ, mang đến nhiều công nghệ tân tiến, trải nghiệm trọn vẹn từ công việc đến giải trí, giúp tối ưu hóa hiệu suất. Cùng điểm qua các tính năng nổi bật của sản phẩm này.\n\n**Thiết kế đối xứng, thích hợp cho mọi đối tượng**\nSản phẩm chuột Logitech G Pro 2 Lightspeed cung cấp một thiết kế toàn diện cho người dùng. Sau khi lắng nghe ý kiến của các vận động viên eSport hàng đầu thế giới, Logitech đã cho ra đời mẫu chuột với thiết kế đối xứng, phù hợp cho cả người thuận tay trái và tay phải. Các nút bấm được bố trí khoa học, dễ dàng tiếp cận, giúp thao tác nhanh chóng, chính xác.\n\n**Cảm biến HERO 2 chất lượng cao**\nVới cảm biến HERO 2, Logitech G Pro 2 Lightspeed cho phép di chuyển chuột mượt mà, chính xác đến từng pixel, cùng với dải DPI rộng lên đến 32000. Người dùng có thể tùy chỉnh độ nhạy chuột linh hoạt để phù hợp với mọi phong cách chơi.\n\n**Hỗ trợ kết nối LIGHTSPEED độc quyền**\nMột điểm nổi bật của phiên bản này là kết nối LIGHTSPEED độc quyền từ Logitech. Với công nghệ này, sản phẩm có tốc độ phản hồi siêu nhanh, độ trễ thấp và duy trì hoạt động ổn định ngay cả trong môi trường khó khăn nhất.\n\n**Switch LIGHTFORCE tân tiến**\nNhờ công tắc LIGHTFORCE độc đáo, kết hợp hài hòa giữa tốc độ phản hồi và độ tin cậy của công tắc quang học cùng cảm giác bấm êm ái của công tắc cơ học, mang đến trải nghiệm bấm phím chính xác, đã tai. Điều này giúp người dùng thao tác dễ dàng và luôn chiếm ưu thế trong mọi trận đấu.\n\n**Thời lượng pin ấn tượng**\nChuột Logitech G Pro 2 Lightspeed có thể hoạt động lên đến 95 giờ nếu không sử dụng đèn LED và 60 giờ nếu bật đèn LED. Với nhiều tùy chọn sạc, bạn có thể dễ dàng giữ cho chuột luôn đầy pin và sẵn sàng sử dụng mọi lúc mọi nơi. Bạn có thể lựa chọn sạc nhanh chóng và linh hoạt qua cổng USB Type-C hoặc đế sạc không dây POWERPLAY độc quyền của Logitech.',
            24, 'https://product.hstatic.net/200000722513/product/pro2-lightspeed-white-gallery1_a41f9f8af44c4758922011fa73633c7a.png', '2024-09-24T08:26:52+00:00',1);
        
INSERT INTO product_image (name, product_variant_id, image_url, is_main)
VALUES
    ('Ảnh 1', 477, 'https://product.hstatic.net/200000722513/product/pro2-lightspeed-white-gallery1_a41f9f8af44c4758922011fa73633c7a.png', TRUE),
    ('Ảnh 2', 477, 'https://product.hstatic.net/200000722513/product/pro2-lightspeed-white-gallery3_ac83e895eb0742b18709c7daf99a734b.png', FALSE),
    ('Ảnh 3', 477, 'https://product.hstatic.net/200000722513/product/pro2-lightspeed-white-gallery4_55d61b2ed6e14625809a896a4c1365c4.png', FALSE),
    ('Ảnh 4', 477, 'https://product.hstatic.net/200000722513/product/pro2-lightspeed-white-gallery2_62735d9265654e1abf1347b27965eebf.png', FALSE);
---
INSERT INTO product (name, seo_name, brand_id, specifications, description, created_by, image_url) 
    VALUES (
        'Chuột Logitech G Pro X Superlight 2 Dex Wireless White', 'chuot-logitech-g-pro-x-superlight-2-dex-wireless-white', 13,
        '{"Tên sản phẩm": "Chuột Logitech G Pro X Superlight 2 Dex Wireless Trắng", "Thương hiệu": "Logitech G", "Model": "G Pro X Superlight 2", "Màu sắc": "Trắng", "Kết nối": "Không dây Lightspeed Wireless", "Cảm biến": "HERO 2", "DPI tối đa": "32000", "Tốc độ theo dõi tối đa": "750 IPS", "Gia tốc tối đa": "35 G", "Nút bấm": "Switch quang học LIGHTFORCE (25 triệu lượt nhấn)", "Số nút": "5 nút có thể lập trình", "Tuổi thọ pin": "Lên đến 95 giờ", "Thời gian sạc": "Khoảng 1-2 giờ", "Cổng sạc": "USB-C", "Trọng lượng": "Khoảng 60 gram", "Kích thước (Dài x Rộng x Cao)": "125mm x 63.5mm x 40mm", "Yêu cầu hệ thống": "Cổng USB, kết nối Internet (để tải phần mềm Logitech G HUB)", "Phần mềm đi kèm": "Logitech G HUB", "Hỗ trợ hệ điều hành": "Windows, macOS", "Trong hộp bao gồm": "Chuột G Pro X Superlight 2, Bộ thu Lightspeed USB, Cáp sạc/dữ liệu USB-C, Băng dính tay nắm, Vải lau, Tài liệu hướng dẫn"}',
        'Trải nghiệm đỉnh cao của tốc độ, độ chính xác và sự tự do tuyệt đối với Chuột Logitech G Pro X Superlight 2 Wireless White. Được thiết kế dành cho các vận động viên esports chuyên nghiệp và những game thủ nghiêm túc nhất, đây không chỉ là một con chuột, mà là một phần mở rộng của ý chí chiến thắng.\n\nVới trọng lượng đáng kinh ngạc chỉ khoảng 60 gram, Pro X Superlight 2 loại bỏ mọi rào cản về trọng lượng, cho phép bạn thực hiện những cú flick siêu nhanh và di chuyển chuột mượt mà không hề bị cản trở. Màu trắng tinh khôi không chỉ mang lại vẻ ngoài thanh lịch, tối giản mà còn tạo điểm nhấn hoàn hảo cho setup gaming của bạn.\n\nBên trong vẻ ngoài tối giản là công nghệ vượt trội được tối ưu hóa cho hiệu suất cao nhất:\n*   **Cảm biến HERO 2 đột phá:** Với độ phân giải lên đến 32.000 DPI và tốc độ theo dõi trên 500 IPS, cảm biến HERO 2 mang lại độ chính xác từng pixel và khả năng theo dõi không sai lệch, đảm bảo mọi động tác của bạn đều được chuyển hóa hoàn hảo vào trò chơi.\n*   **Công nghệ không dây LIGHTSPEED siêu tốc:** Cung cấp kết nối ổn định, độ trễ cực thấp (1ms), ngang bằng với chuột có dây, giúp bạn luôn dẫn trước đối thủ trong mọi tình huống căng thẳng nhất.\n*   **Công tắc quang học lai cơ LIGHTFORCE:** Mang đến tốc độ kích hoạt nhanh như chớp của công tắc quang học cùng với cảm giác phản hồi xúc giác quen thuộc, sắc nét của công tắc cơ học, cho độ bền vượt trội và phản hồi tức thì với mỗi cú nhấp.\n*   **Tần số phản hồi 2000Hz:** Tăng cường khả năng phản hồi gấp đôi so với thế hệ trước, mang lại độ chính xác và nhất quán chưa từng có.\n*   **Thời lượng pin kéo dài:** Sẵn sàng cho những phiên chơi game dài nhất mà không cần lo lắng về việc sạc pin, giúp bạn tập trung hoàn toàn vào trận đấu.\n\nLogitech G Pro X Superlight 2 Wireless White không chỉ là một công cụ, mà là vũ khí tối thượng giúp bạn thống trị mọi trận đấu, đưa hiệu suất cá nhân lên một tầm cao mới. Hãy cảm nhận sự khác biệt của một thiết bị được sinh ra để chiến thắng.',
        1, 'https://product.hstatic.net/200000722513/product/pro-x-superlight-2-dex-white-gal_b157ad4d7ecd4643818768cb2e366cd9.png'
    );
INSERT INTO product_category (product_id, category_id) VALUES (478, 27);
INSERT INTO product_variant (
        product_id, name, seo_name, supplier_id, price, price_sale, quantity, sku, model, barcode, 
        specifications, description, warranty, image_url, release_at, created_by)
        VALUES ( 478, 'Chuột Logitech G Pro X Superlight 2 Dex Wireless White', 'chuot-logitech-g-pro-x-superlight-2-dex-wireless-white',
            1, 3899000, 3190000, 10, 'CHU-LOGITECH-G-PRO-X-SUPERLIGHT-2-DEX-WL-WHITE',
            'CHU-LOGITECH-G-PRO-X-SUPERLIGHT-2-DEX-WL-WHITE', 'CHU-LOGITECH-G-PRO-X-SUPERLIGHT-2-DEX-WL-WHITE',
            '{"Tên sản phẩm": "Chuột Logitech G Pro X Superlight 2 Dex Wireless Trắng", "Thương hiệu": "Logitech G", "Model": "G Pro X Superlight 2", "Màu sắc": "Trắng", "Kết nối": "Không dây Lightspeed Wireless", "Cảm biến": "HERO 2", "DPI tối đa": "32000", "Tốc độ theo dõi tối đa": "750 IPS", "Gia tốc tối đa": "35 G", "Nút bấm": "Switch quang học LIGHTFORCE (25 triệu lượt nhấn)", "Số nút": "5 nút có thể lập trình", "Tuổi thọ pin": "Lên đến 95 giờ", "Thời gian sạc": "Khoảng 1-2 giờ", "Cổng sạc": "USB-C", "Trọng lượng": "Khoảng 60 gram", "Kích thước (Dài x Rộng x Cao)": "125mm x 63.5mm x 40mm", "Yêu cầu hệ thống": "Cổng USB, kết nối Internet (để tải phần mềm Logitech G HUB)", "Phần mềm đi kèm": "Logitech G HUB", "Hỗ trợ hệ điều hành": "Windows, macOS", "Trong hộp bao gồm": "Chuột G Pro X Superlight 2, Bộ thu Lightspeed USB, Cáp sạc/dữ liệu USB-C, Băng dính tay nắm, Vải lau, Tài liệu hướng dẫn"}',
            'Trải nghiệm đỉnh cao của tốc độ, độ chính xác và sự tự do tuyệt đối với Chuột Logitech G Pro X Superlight 2 Wireless White. Được thiết kế dành cho các vận động viên esports chuyên nghiệp và những game thủ nghiêm túc nhất, đây không chỉ là một con chuột, mà là một phần mở rộng của ý chí chiến thắng.\n\nVới trọng lượng đáng kinh ngạc chỉ khoảng 60 gram, Pro X Superlight 2 loại bỏ mọi rào cản về trọng lượng, cho phép bạn thực hiện những cú flick siêu nhanh và di chuyển chuột mượt mà không hề bị cản trở. Màu trắng tinh khôi không chỉ mang lại vẻ ngoài thanh lịch, tối giản mà còn tạo điểm nhấn hoàn hảo cho setup gaming của bạn.\n\nBên trong vẻ ngoài tối giản là công nghệ vượt trội được tối ưu hóa cho hiệu suất cao nhất:\n*   **Cảm biến HERO 2 đột phá:** Với độ phân giải lên đến 32.000 DPI và tốc độ theo dõi trên 500 IPS, cảm biến HERO 2 mang lại độ chính xác từng pixel và khả năng theo dõi không sai lệch, đảm bảo mọi động tác của bạn đều được chuyển hóa hoàn hảo vào trò chơi.\n*   **Công nghệ không dây LIGHTSPEED siêu tốc:** Cung cấp kết nối ổn định, độ trễ cực thấp (1ms), ngang bằng với chuột có dây, giúp bạn luôn dẫn trước đối thủ trong mọi tình huống căng thẳng nhất.\n*   **Công tắc quang học lai cơ LIGHTFORCE:** Mang đến tốc độ kích hoạt nhanh như chớp của công tắc quang học cùng với cảm giác phản hồi xúc giác quen thuộc, sắc nét của công tắc cơ học, cho độ bền vượt trội và phản hồi tức thì với mỗi cú nhấp.\n*   **Tần số phản hồi 2000Hz:** Tăng cường khả năng phản hồi gấp đôi so với thế hệ trước, mang lại độ chính xác và nhất quán chưa từng có.\n*   **Thời lượng pin kéo dài:** Sẵn sàng cho những phiên chơi game dài nhất mà không cần lo lắng về việc sạc pin, giúp bạn tập trung hoàn toàn vào trận đấu.\n\nLogitech G Pro X Superlight 2 Wireless White không chỉ là một công cụ, mà là vũ khí tối thượng giúp bạn thống trị mọi trận đấu, đưa hiệu suất cá nhân lên một tầm cao mới. Hãy cảm nhận sự khác biệt của một thiết bị được sinh ra để chiến thắng.',
            24, 'https://product.hstatic.net/200000722513/product/pro-x-superlight-2-dex-white-gal_b157ad4d7ecd4643818768cb2e366cd9.png', '2024-09-24T08:26:42+00:00',1);
        
INSERT INTO product_image (name, product_variant_id, image_url, is_main)
VALUES
    ('Ảnh 1', 478, 'https://product.hstatic.net/200000722513/product/pro-x-superlight-2-dex-white-gal_b157ad4d7ecd4643818768cb2e366cd9.png', TRUE),
    ('Ảnh 2', 478, 'https://product.hstatic.net/200000722513/product/pro-x-superlight-2-dex-white-gal__4__6c07b9ebec114df0b2a651ec914be013.png', FALSE),
    ('Ảnh 3', 478, 'https://product.hstatic.net/200000722513/product/pro-x-superlight-2-dex-white-gal__3__d428e42206224dacaab530729bfd671a.png', FALSE),
    ('Ảnh 4', 478, 'https://product.hstatic.net/200000722513/product/pro-x-superlight-2-dex-white-gal__2__e098f7538f8b47daa83668e25847c999.png', FALSE),
    ('Ảnh 5', 478, 'https://product.hstatic.net/200000722513/product/pro-x-superlight-2-dex-white-gal__1__e38f47f7e59c4f3b86d07a684dc17007.png', FALSE),
    ('Ảnh 6', 478, 'https://product.hstatic.net/200000722513/product/pro-x-superlight-2-dex-white-gal__5__883ab215024540f19c57828274641789.png', FALSE);
---
INSERT INTO product (name, seo_name, brand_id, specifications, description, created_by, image_url) 
    VALUES (
        'Chuột Logitech G309 Lightspeed Wireless Bluetooth Đen', 'chuot-logitech-g309-lightspeed-wireless-bluetooth-den', 13,
        '{"Thương hiệu": "Logitech", "Model": "G304 Lightspeed", "Màu sắc": "Đen", "Loại kết nối": "Không dây Lightspeed & Bluetooth", "Cảm biến": "HERO 16K", "Độ phân giải": "100 - 16.000 DPI", "Tốc độ phản hồi": "1 ms (Lightspeed)", "Tần số báo cáo USB": "1000 Hz (1 ms)", "Tần số báo cáo Bluetooth": "82-147 Hz", "Pin": "Sạc lại, có thể thay thế (thời lượng pin lên đến 250 giờ với Lightspeed, lên đến 18 tháng với Bluetooth)", "Số nút lập trình": "6", "Hệ điều hành tương thích": "Windows 10 trở lên, macOS 10.14 trở lên, Chrome OS", "Trọng lượng": "95 g", "Kích thước": "116.6 mm (dài) x 62.15 mm (rộng) x 38.2 mm (cao)", "Yêu cầu phần mềm": "Logitech G HUB"}',
        'Chuột gaming không dây Logitech G309 Lightspeed được trang bị công nghệ Lightspeed và Bluetooth để mang tới khả năng kết nối linh hoạt, ổn định với nhiều thiết bị. Trong đó, phương thức kết nối không dây Lightspeed mang tới thời lượng chuyển động tối đa 300 giờ. Còn với kết nối Bluetooth, thời lượng pin được kéo dài gấp đôi lên tới trên 600 giờ.\n\nKhả năng kết nối của chuột gaming không dây Logitech G309 Lightspeed\n\nĐộ nhạy tối đa 25.600DPI\nChuột gaming không dây Logitech G309 Lightspeed có thể điều chỉnh độ phân giải linh hoạt từ 100DPI đến tối đa 25.600DPI để phù hợp với đa dạng nhu cầu làm việc, chơi game. Đồng thời, mẫu chuột của Logitech này còn có thể tùy chỉnh các phím marco thông qua ứng dụng G HUB để bạn có thể thực hiện một số thao tác đặc biệt trong trò chơi. \n\nĐộ nhạy DPI của chuột gaming không dây Logitech G309 Lightspeed\n\nThiết kế đơn giản, trọng lượng nhẹ mang đến sự thoải mái\nLogitech G309 có thiết kế đơn giản cùng với phương châm mang đến sự thoải mái cho người dùng trong từng chuyển động. Trọng lượng chuột gaming 86g (gồm pin AA) vì vậy việc di chuyển, thao tác cũng sẽ linh hoạt hơn, không bị mỏi dù sử dụng trong thời gian dài.\n\nThiết kế đơn giản, trọng lượng nhẹ mang đến sự thoải mái\n\nLogitech G309 Lightspeed còn được phủ một lớp vật liệu bề mặt giúp hạn chế bám bẩn, mồ hôi. Vì vậy, cảm giác khi cầm chuột chơi game trên tay sẽ luôn chắc chắn để người dùng thực hiện các thao tác một cách chuẩn xác.\n\nCung cấp thời lượng hơn 300 giờ\nChuột gaming Logitech G309 mang đến trải nghiệm kéo dài hơn khi cung cấp thời lượng hơn 300 giờ với 1 viên pin AA hoặc sử dụng với bộ sạc POWERPLAY. Người dùng sẽ không phải lo lắng đến tình trạng năng lượng của G309 Lightspeed, thoải mái chiến game.\n\nThiết kế đơn giản, trọng lượng nhẹ mang đến sự thoải mái\n\nVới Logitech G309, người dùng chỉ cần tập trung vào trận đấu hay công việc thay vì lo rằng chuột sẽ hết pin giữa chừng. Ngoài ra, thao tác thay pin AA cho chuột gaming G309 Lightspeed cũng rất đơn giản, luôn sẵn sàng sử dụng mọi lúc.\n\nPhần mềm G HUB tối ưu các trải nghiệm cá nhân\nChuột chơi game Logitech G309 Lightspeed có thể lập trình theo sở thích cá nhân với các thông số qua phần mềm G HUB, cụ thể:\n\nPhần mềm G HUB tối ưu các trải nghiệm cá nhân\n\nTinh chỉnh 6 nút lập trình chức năng của chuột G309 Lightspeed theo mong muốn.\n\nLựa chọn DPI theo từng mức của Logitech G309 Lightspeed.\n\nChuyển đổi chế độ kết nối Bluetooth và Lightspeed linh hoạt.\n\nNgoài ra, G HUB còn lưu trữ cấu hình chuột chơi game trực tiếp trong bộ nhớ của Logitech G309. Vì vậy, khi mang theo chuột để sử dụng, người dùng cũng không cần phải cài lại các thông số đã tinh chỉnh trước đó.',
        1, 'https://product.hstatic.net/200000722513/product/black_b406079deeae46858542c5af8f18771b.png'
    );
INSERT INTO product_category (product_id, category_id) VALUES (479, 27);
INSERT INTO product_variant (
        product_id, name, seo_name, supplier_id, price, price_sale, quantity, sku, model, barcode, 
        specifications, description, warranty, image_url, release_at, created_by)
        VALUES ( 479, 'Chuột Logitech G309 Lightspeed Wireless Bluetooth Đen', 'chuot-logitech-g309-lightspeed-wireless-bluetooth-den',
            1, 2090000, 1630000, 10, 'CHU-LOG-G309-DEN',
            'CHU-LOG-G309-DEN', 'CHU-LOG-G309-DEN',
            '{"Thương hiệu": "Logitech", "Model": "G304 Lightspeed", "Màu sắc": "Đen", "Loại kết nối": "Không dây Lightspeed & Bluetooth", "Cảm biến": "HERO 16K", "Độ phân giải": "100 - 16.000 DPI", "Tốc độ phản hồi": "1 ms (Lightspeed)", "Tần số báo cáo USB": "1000 Hz (1 ms)", "Tần số báo cáo Bluetooth": "82-147 Hz", "Pin": "Sạc lại, có thể thay thế (thời lượng pin lên đến 250 giờ với Lightspeed, lên đến 18 tháng với Bluetooth)", "Số nút lập trình": "6", "Hệ điều hành tương thích": "Windows 10 trở lên, macOS 10.14 trở lên, Chrome OS", "Trọng lượng": "95 g", "Kích thước": "116.6 mm (dài) x 62.15 mm (rộng) x 38.2 mm (cao)", "Yêu cầu phần mềm": "Logitech G HUB"}',
            'Chuột gaming không dây Logitech G309 Lightspeed được trang bị công nghệ Lightspeed và Bluetooth để mang tới khả năng kết nối linh hoạt, ổn định với nhiều thiết bị. Trong đó, phương thức kết nối không dây Lightspeed mang tới thời lượng chuyển động tối đa 300 giờ. Còn với kết nối Bluetooth, thời lượng pin được kéo dài gấp đôi lên tới trên 600 giờ.\n\nKhả năng kết nối của chuột gaming không dây Logitech G309 Lightspeed\n\nĐộ nhạy tối đa 25.600DPI\nChuột gaming không dây Logitech G309 Lightspeed có thể điều chỉnh độ phân giải linh hoạt từ 100DPI đến tối đa 25.600DPI để phù hợp với đa dạng nhu cầu làm việc, chơi game. Đồng thời, mẫu chuột của Logitech này còn có thể tùy chỉnh các phím marco thông qua ứng dụng G HUB để bạn có thể thực hiện một số thao tác đặc biệt trong trò chơi. \n\nĐộ nhạy DPI của chuột gaming không dây Logitech G309 Lightspeed\n\nThiết kế đơn giản, trọng lượng nhẹ mang đến sự thoải mái\nLogitech G309 có thiết kế đơn giản cùng với phương châm mang đến sự thoải mái cho người dùng trong từng chuyển động. Trọng lượng chuột gaming 86g (gồm pin AA) vì vậy việc di chuyển, thao tác cũng sẽ linh hoạt hơn, không bị mỏi dù sử dụng trong thời gian dài.\n\nThiết kế đơn giản, trọng lượng nhẹ mang đến sự thoải mái\n\nLogitech G309 Lightspeed còn được phủ một lớp vật liệu bề mặt giúp hạn chế bám bẩn, mồ hôi. Vì vậy, cảm giác khi cầm chuột chơi game trên tay sẽ luôn chắc chắn để người dùng thực hiện các thao tác một cách chuẩn xác.\n\nCung cấp thời lượng hơn 300 giờ\nChuột gaming Logitech G309 mang đến trải nghiệm kéo dài hơn khi cung cấp thời lượng hơn 300 giờ với 1 viên pin AA hoặc sử dụng với bộ sạc POWERPLAY. Người dùng sẽ không phải lo lắng đến tình trạng năng lượng của G309 Lightspeed, thoải mái chiến game.\n\nThiết kế đơn giản, trọng lượng nhẹ mang đến sự thoải mái\n\nVới Logitech G309, người dùng chỉ cần tập trung vào trận đấu hay công việc thay vì lo rằng chuột sẽ hết pin giữa chừng. Ngoài ra, thao tác thay pin AA cho chuột gaming G309 Lightspeed cũng rất đơn giản, luôn sẵn sàng sử dụng mọi lúc.\n\nPhần mềm G HUB tối ưu các trải nghiệm cá nhân\nChuột chơi game Logitech G309 Lightspeed có thể lập trình theo sở thích cá nhân với các thông số qua phần mềm G HUB, cụ thể:\n\nPhần mềm G HUB tối ưu các trải nghiệm cá nhân\n\nTinh chỉnh 6 nút lập trình chức năng của chuột G309 Lightspeed theo mong muốn.\n\nLựa chọn DPI theo từng mức của Logitech G309 Lightspeed.\n\nChuyển đổi chế độ kết nối Bluetooth và Lightspeed linh hoạt.\n\nNgoài ra, G HUB còn lưu trữ cấu hình chuột chơi game trực tiếp trong bộ nhớ của Logitech G309. Vì vậy, khi mang theo chuột để sử dụng, người dùng cũng không cần phải cài lại các thông số đã tinh chỉnh trước đó.',
            24, 'https://product.hstatic.net/200000722513/product/black_b406079deeae46858542c5af8f18771b.png', '2024-07-10T08:38:20+00:00',1);
        
INSERT INTO product_image (name, product_variant_id, image_url, is_main)
VALUES
    ('Ảnh 1', 479, 'https://product.hstatic.net/200000722513/product/black_b406079deeae46858542c5af8f18771b.png', TRUE),
    ('Ảnh 2', 479, 'https://product.hstatic.net/200000722513/product/2_95f623904df4480a88e886523edee9f6.png', FALSE),
    ('Ảnh 3', 479, 'https://product.hstatic.net/200000722513/product/3_111711522a4643d0998deabfb21d74e6.png', FALSE),
    ('Ảnh 4', 479, 'https://product.hstatic.net/200000722513/product/4_dbd9cc5d16bf467bada9276fe95ed94c.png', FALSE),
    ('Ảnh 5', 479, 'https://product.hstatic.net/200000722513/product/5_0b8352fbb1b749d595120984e2f254ad.png', FALSE),
    ('Ảnh 6', 479, 'https://product.hstatic.net/200000722513/product/6_fdf7911e6f5b4da0ba93f0c92572def3.png', FALSE),
    ('Ảnh 7', 479, 'https://product.hstatic.net/200000722513/product/7_26d7c2d036864224bb2c62a6c1905042.png', FALSE),
    ('Ảnh 8', 479, 'https://product.hstatic.net/200000722513/product/9_7b05b9aeb7bb469ab139e546f8448627.png', FALSE),
    ('Ảnh 9', 479, 'https://product.hstatic.net/200000722513/product/8_30dd0f0d40034902aa9670c55951b941.png', FALSE);
---
INSERT INTO product (name, seo_name, brand_id, specifications, description, created_by, image_url) 
    VALUES (
        'Chuột không dây Logitech M331 Silent Blue', 'chuot-khong-day-logitech-m331-silent-blue', 13,
        '{"Thương hiệu:": "Logitech", "Bảo hành:": "12 tháng", "Model:": "Logitech M331 Silent", "Số nút:": "3", "Kiểu kết nối:": "Không dây 2.4 GHz", "Tích hợp Unifying:": "Có", "DPI tối thiểu:": "1000±", "Phạm vi không dây:": "10 mét", "Công nghệ SilentTouch:": "Giảm tiếng ồn khi nhấp chuột trái/phải, nhấp chuột giữa, cuộn và trượt", "Thời gian sử dụng pin:": "24 tháng (tùy điều kiện sử dụng)", "Kích thước:": "105,4 x 67,9 x 38,4 mm", "Trọng lượng:": "91g (bao gồm pin)", "Tương thích:": "Windows 7, 8, 10 trở lên, macOS 10.5 trở lên, Linux Kernel 2.6+", "Phụ kiện:": "1 pin AA, Đầu thu nano"}',
        'Nhằm giảm thiểu sự phiền toái và giới hạn khoảng cách của chuột có dây thì những chú chuột bluetooth không dây Logitech được ra đời. Với kết nối không dây 2.4 GHz, chuột không dây Logitech M331 có khả năng kết nối xa lên tới 10m. Đi cùng là độ bền cao cộng thêm sự ổn định cũng như là tiết kiệm pin giúp sản phẩm này trở thành một sự lựa chọn tốt cho người dùng.\n\nThiết kế bo tròn ôm sát lòng bàn tay, trọng lượng chỉ 101g, chất liệu nhựa cứng\nM331 là mẫu chuột không dây Logitech được thiết kế với các đường cong uốn lượn, các cạnh được bo tròn và ôm sát lòng bàn tay, giúp người sử dụng giảm bớt sự đau mỏi của cổ tay và ngón tay. Hai bên thân chuột có các khối hình tam giác nhỏ được sắp xếp liền kề nhau tạo độ bám giúp các ngón tay không bị trơn trượt trong quá trình sử dụng.\n\nNgoài ra kích thước nhỏ gọn với thông số 10.3cmx6.4cmx4cm và trọng lượng chỉ 101g, sản phẩm có thể được đem theo bên mình và sử dụng khi cần thiết. Bên cạnh đó, chất liệu nhựa cứng bền bỉ, cùng thiết kế thiên hướng chuột công thái học cũng cho người dùng cảm giác sử dụng cầm nằm nhẹ nhàng đến mức bạn có thể cầm gọn trong lòng bàn tay nhưng vẫn cho cảm giác sử dụng thoải mái nhất.\n\nChuột quang độ phân giải lên đến 1000dpi, kết nối không dây với khoảng cách 10m\nSản phẩm được trang bị công nghệ chuột quang tiên tiến cho độ phân giải lên đến 1000dpi. Đây là độ phân giải cao. Qua đó, giúp cho chuột Logitech có thể di chuyển nhanh và mượt mà trên nhiều bền mặt, đảm bảo hiệu quả cho công việc, học tập cũng như giải trí.\n\nNgười dùng có được kết nối tin cậy của sản phẩm có dây nhưng lại thuận tiện với tính năng không dây. Điều này mang lại sự tự do với khoảng cách truyền dữ liệu nhanh chóng lên đến 10m và hầu như không bị trễ hoặc mất kết nối. Giờ đây, bạn có thể sử dụng không khác gì một chú chuột có dây kết nối.\n\nChứng nhận Quiet Mark không gây ra tiếng động khi sử dụng\nLogitech là công ty sản xuất chuột đầu tiên trên thế giới nhận được chứng nhận Quiet Mark certification. Nó được đóng dấu phê duyệt quốc tế do Hiệp hội Giảm Tiếng ồn của Vương quốc Anh (UK Noise Abatement Society) công nhận công nghệ được thiết kế để giảm ồn.\n\nChứng nhận này được xác thực từ những công nghệ được tích hợp bên trong chuột silent không dây này đã làm giảm hơn 90% tiếng ồn. Bao gồm chân được thiết kế một cách bền bỉ, hiệu suất lướt cao êm trên bàn làm việc, phần bánh xe cuộn của chuột laser không dây cuộn rất êm ái bổ sung trọn vẹn cho trải nghiệm yên lặng của bạn và những người xung quanh, silent click giảm hơn 90% tiếng nhấp chuột.\n\nTương thích tốt nhiều hệ điều hành, pin AA tiện dụng\nChuột không dây M331 hoạt động tốt với các máy tính chạy Windows, Mac, Chrome OS hoặc Linux. Đầu thu rất nhỏ và không tốn diện tích, việc cần làm là chỉ cần cắm vào cổng USB vào máy tính và không cần để quan tâm gì nữa. Thêm vào đó, bạn sẽ không còn phải lo sợ mất đầu thu vì bạn không cần phải tháo ra gắn vào.\n\nChuột Logitech M331 có thể hoạt động liên tục và tiện dụng với pin AA. Điều này giúp bạn tiết kiệm chi phí hơn và không còn lo lắng công việc bị gián đoạn giữa chừng. Ngoài ra, chuột cũng sẽ tự động ngắt khi bạn không sử dụng nữa nhằm tiết kiệm năng lượng.',
        1, 'https://product.hstatic.net/200000722513/product/m331_blue_top_2d481bac60fb49e2aae275b48bdda022.png'
    );
INSERT INTO product_category (product_id, category_id) VALUES (480, 27);
INSERT INTO product_variant (
        product_id, name, seo_name, supplier_id, price, price_sale, quantity, sku, model, barcode, 
        specifications, description, warranty, image_url, release_at, created_by)
        VALUES ( 480, 'Chuột không dây Logitech M331 Silent Blue', 'chuot-khong-day-logitech-m331-silent-blue',
            1, 369000, 320000, 10, 'CHU-LOG-M331-SIL-BLU',
            'CHU-LOG-M331-SIL-BLU', 'CHU-LOG-M331-SIL-BLU',
            '{"Thương hiệu:": "Logitech", "Bảo hành:": "12 tháng", "Model:": "Logitech M331 Silent", "Số nút:": "3", "Kiểu kết nối:": "Không dây 2.4 GHz", "Tích hợp Unifying:": "Có", "DPI tối thiểu:": "1000±", "Phạm vi không dây:": "10 mét", "Công nghệ SilentTouch:": "Giảm tiếng ồn khi nhấp chuột trái/phải, nhấp chuột giữa, cuộn và trượt", "Thời gian sử dụng pin:": "24 tháng (tùy điều kiện sử dụng)", "Kích thước:": "105,4 x 67,9 x 38,4 mm", "Trọng lượng:": "91g (bao gồm pin)", "Tương thích:": "Windows 7, 8, 10 trở lên, macOS 10.5 trở lên, Linux Kernel 2.6+", "Phụ kiện:": "1 pin AA, Đầu thu nano"}',
            'Nhằm giảm thiểu sự phiền toái và giới hạn khoảng cách của chuột có dây thì những chú chuột bluetooth không dây Logitech được ra đời. Với kết nối không dây 2.4 GHz, chuột không dây Logitech M331 có khả năng kết nối xa lên tới 10m. Đi cùng là độ bền cao cộng thêm sự ổn định cũng như là tiết kiệm pin giúp sản phẩm này trở thành một sự lựa chọn tốt cho người dùng.\n\nThiết kế bo tròn ôm sát lòng bàn tay, trọng lượng chỉ 101g, chất liệu nhựa cứng\nM331 là mẫu chuột không dây Logitech được thiết kế với các đường cong uốn lượn, các cạnh được bo tròn và ôm sát lòng bàn tay, giúp người sử dụng giảm bớt sự đau mỏi của cổ tay và ngón tay. Hai bên thân chuột có các khối hình tam giác nhỏ được sắp xếp liền kề nhau tạo độ bám giúp các ngón tay không bị trơn trượt trong quá trình sử dụng.\n\nNgoài ra kích thước nhỏ gọn với thông số 10.3cmx6.4cmx4cm và trọng lượng chỉ 101g, sản phẩm có thể được đem theo bên mình và sử dụng khi cần thiết. Bên cạnh đó, chất liệu nhựa cứng bền bỉ, cùng thiết kế thiên hướng chuột công thái học cũng cho người dùng cảm giác sử dụng cầm nằm nhẹ nhàng đến mức bạn có thể cầm gọn trong lòng bàn tay nhưng vẫn cho cảm giác sử dụng thoải mái nhất.\n\nChuột quang độ phân giải lên đến 1000dpi, kết nối không dây với khoảng cách 10m\nSản phẩm được trang bị công nghệ chuột quang tiên tiến cho độ phân giải lên đến 1000dpi. Đây là độ phân giải cao. Qua đó, giúp cho chuột Logitech có thể di chuyển nhanh và mượt mà trên nhiều bền mặt, đảm bảo hiệu quả cho công việc, học tập cũng như giải trí.\n\nNgười dùng có được kết nối tin cậy của sản phẩm có dây nhưng lại thuận tiện với tính năng không dây. Điều này mang lại sự tự do với khoảng cách truyền dữ liệu nhanh chóng lên đến 10m và hầu như không bị trễ hoặc mất kết nối. Giờ đây, bạn có thể sử dụng không khác gì một chú chuột có dây kết nối.\n\nChứng nhận Quiet Mark không gây ra tiếng động khi sử dụng\nLogitech là công ty sản xuất chuột đầu tiên trên thế giới nhận được chứng nhận Quiet Mark certification. Nó được đóng dấu phê duyệt quốc tế do Hiệp hội Giảm Tiếng ồn của Vương quốc Anh (UK Noise Abatement Society) công nhận công nghệ được thiết kế để giảm ồn.\n\nChứng nhận này được xác thực từ những công nghệ được tích hợp bên trong chuột silent không dây này đã làm giảm hơn 90% tiếng ồn. Bao gồm chân được thiết kế một cách bền bỉ, hiệu suất lướt cao êm trên bàn làm việc, phần bánh xe cuộn của chuột laser không dây cuộn rất êm ái bổ sung trọn vẹn cho trải nghiệm yên lặng của bạn và những người xung quanh, silent click giảm hơn 90% tiếng nhấp chuột.\n\nTương thích tốt nhiều hệ điều hành, pin AA tiện dụng\nChuột không dây M331 hoạt động tốt với các máy tính chạy Windows, Mac, Chrome OS hoặc Linux. Đầu thu rất nhỏ và không tốn diện tích, việc cần làm là chỉ cần cắm vào cổng USB vào máy tính và không cần để quan tâm gì nữa. Thêm vào đó, bạn sẽ không còn phải lo sợ mất đầu thu vì bạn không cần phải tháo ra gắn vào.\n\nChuột Logitech M331 có thể hoạt động liên tục và tiện dụng với pin AA. Điều này giúp bạn tiết kiệm chi phí hơn và không còn lo lắng công việc bị gián đoạn giữa chừng. Ngoài ra, chuột cũng sẽ tự động ngắt khi bạn không sử dụng nữa nhằm tiết kiệm năng lượng.',
            12, 'https://product.hstatic.net/200000722513/product/m331_blue_top_2d481bac60fb49e2aae275b48bdda022.png', '2023-09-20T06:44:21+00:00',1);
        
INSERT INTO product_image (name, product_variant_id, image_url, is_main)
VALUES
    ('Ảnh 1', 480, 'https://product.hstatic.net/200000722513/product/m331_blue_top_2d481bac60fb49e2aae275b48bdda022.png', TRUE),
    ('Ảnh 2', 480, 'https://product.hstatic.net/200000722513/product/m331_blue_bty2_1ae03bc6b2444701a7ceb256c6217e5b.png', FALSE),
    ('Ảnh 3', 480, 'https://product.hstatic.net/200000722513/product/m331_blue_profile_6c69194dca5f470b900af677bc442971.png', FALSE),
    ('Ảnh 4', 480, 'https://product.hstatic.net/200000722513/product/m331_blue_fob_ef756045359c4641a09862f5e4b137c0.png', FALSE),
    ('Ảnh 5', 480, 'https://product.hstatic.net/200000722513/product/m331blue_bty_20bc1fadaf874e6289d39ea4b8c8bc06.png', FALSE);
---
INSERT INTO product (name, seo_name, brand_id, specifications, description, created_by, image_url) 
    VALUES (
        'Chuột Logitech M650 Rose', 'chuot-logitech-m650-rose', 13,
        '{"Thương hiệu": "Logitech", "Model": "Logitech M650 Rose", "Bảo hành": "12 tháng", "Loại chuột": "Văn phòng", "Màu sắc": "Hồng", "Phần mềm tùy chọn": "Được hỗ trợ bởi Logitech Options+ trên macOS 10.15 trở lên và Windows 10, 11 trở lên", "Kết nối": "Không dây / Bluetooth", "Phạm vi không dây": "10 m", "Pin": "1 x pin AA", "Nút": "5", "Cảm biến": "Quang học", "DPI": "400 - 4000", "Trọng lượng": "101.4 g", "Kích thước (Cao x Rộng x Sâu)": "108.2 mm x 61 mm x 38.8 mm"}',
        'Chuột Logitech M650 Rose là sự kết hợp hoàn hảo giữa phong cách, sự thoải mái và hiệu suất vượt trội, được thiết kế để nâng cao trải nghiệm làm việc hàng ngày của bạn. Với tông màu hồng Rose tinh tế và hiện đại, chiếc chuột này không chỉ là một công cụ làm việc mà còn là một phụ kiện thời trang trên bàn làm việc. Điểm nhấn của M650 là công nghệ cuộn SmartWheel tiên tiến, cho phép chuyển đổi linh hoạt giữa chế độ cuộn từng dòng chính xác để xem tài liệu chi tiết và chế độ cuộn siêu nhanh (hyper-fast) để lướt qua các trang web dài dễ dàng. Thiết kế công thái học của M650 Rose được chăm chút tỉ mỉ để vừa vặn hoàn hảo trong lòng bàn tay cỡ vừa đến lớn, mang lại cảm giác thoải mái tối đa ngay cả khi sử dụng trong thời gian dài. Vùng đệm ngón cái bằng cao su mềm mại giúp giảm áp lực và tăng cường độ bám. Đặc biệt, công nghệ SilentTouch giảm thiểu 90% tiếng ồn khi nhấp chuột, giúp bạn tập trung làm việc mà không làm phiền những người xung quanh. Về khả năng kết nối, M650 Rose cung cấp sự linh hoạt với hai tùy chọn: qua bộ thu USB Logi Bolt an toàn hoặc qua Bluetooth Low Energy, đảm bảo tương thích rộng rãi với hầu hết các hệ điều hành phổ biến như Windows, macOS, Linux, Chrome OS, iPadOS và Android. Thời lượng pin ấn tượng lên đến 24 tháng chỉ với một viên pin AA giúp bạn yên tâm sử dụng lâu dài mà không lo gián đoạn. Hai nút bên hông có thể tùy chỉnh dễ dàng qua phần mềm Logi Options+, cho phép gán các chức năng yêu thích để tối ưu hóa quy trình làm việc. Logitech M650 Rose là lựa chọn lý tưởng cho những ai tìm kiếm sự thoải mái, hiệu quả và phong cách.',
        1, 'https://product.hstatic.net/200000722513/product/m650-medium-rose-top_07af91cb60e94457baac7af9368caa79_0e86abe2ac4a4ce2b6e28bca74413b7a.png'
    );
INSERT INTO product_category (product_id, category_id) VALUES (481, 27);
INSERT INTO product_variant (
        product_id, name, seo_name, supplier_id, price, price_sale, quantity, sku, model, barcode, 
        specifications, description, warranty, image_url, release_at, created_by)
        VALUES ( 481, 'Chuột Logitech M650 Rose', 'chuot-logitech-m650-rose',
            1, 750000, 620000, 10, 'CHU-LOGITECH-M650-ROSE',
            'CHU-LOGITECH-M650-ROSE', 'CHU-LOGITECH-M650-ROSE',
            '{"Thương hiệu": "Logitech", "Model": "Logitech M650 Rose", "Bảo hành": "12 tháng", "Loại chuột": "Văn phòng", "Màu sắc": "Hồng", "Phần mềm tùy chọn": "Được hỗ trợ bởi Logitech Options+ trên macOS 10.15 trở lên và Windows 10, 11 trở lên", "Kết nối": "Không dây / Bluetooth", "Phạm vi không dây": "10 m", "Pin": "1 x pin AA", "Nút": "5", "Cảm biến": "Quang học", "DPI": "400 - 4000", "Trọng lượng": "101.4 g", "Kích thước (Cao x Rộng x Sâu)": "108.2 mm x 61 mm x 38.8 mm"}',
            'Chuột Logitech M650 Rose là sự kết hợp hoàn hảo giữa phong cách, sự thoải mái và hiệu suất vượt trội, được thiết kế để nâng cao trải nghiệm làm việc hàng ngày của bạn. Với tông màu hồng Rose tinh tế và hiện đại, chiếc chuột này không chỉ là một công cụ làm việc mà còn là một phụ kiện thời trang trên bàn làm việc. Điểm nhấn của M650 là công nghệ cuộn SmartWheel tiên tiến, cho phép chuyển đổi linh hoạt giữa chế độ cuộn từng dòng chính xác để xem tài liệu chi tiết và chế độ cuộn siêu nhanh (hyper-fast) để lướt qua các trang web dài dễ dàng. Thiết kế công thái học của M650 Rose được chăm chút tỉ mỉ để vừa vặn hoàn hảo trong lòng bàn tay cỡ vừa đến lớn, mang lại cảm giác thoải mái tối đa ngay cả khi sử dụng trong thời gian dài. Vùng đệm ngón cái bằng cao su mềm mại giúp giảm áp lực và tăng cường độ bám. Đặc biệt, công nghệ SilentTouch giảm thiểu 90% tiếng ồn khi nhấp chuột, giúp bạn tập trung làm việc mà không làm phiền những người xung quanh. Về khả năng kết nối, M650 Rose cung cấp sự linh hoạt với hai tùy chọn: qua bộ thu USB Logi Bolt an toàn hoặc qua Bluetooth Low Energy, đảm bảo tương thích rộng rãi với hầu hết các hệ điều hành phổ biến như Windows, macOS, Linux, Chrome OS, iPadOS và Android. Thời lượng pin ấn tượng lên đến 24 tháng chỉ với một viên pin AA giúp bạn yên tâm sử dụng lâu dài mà không lo gián đoạn. Hai nút bên hông có thể tùy chỉnh dễ dàng qua phần mềm Logi Options+, cho phép gán các chức năng yêu thích để tối ưu hóa quy trình làm việc. Logitech M650 Rose là lựa chọn lý tưởng cho những ai tìm kiếm sự thoải mái, hiệu quả và phong cách.',
            12, 'https://product.hstatic.net/200000722513/product/m650-medium-rose-top_07af91cb60e94457baac7af9368caa79_0e86abe2ac4a4ce2b6e28bca74413b7a.png', '2023-06-02T11:46:02+00:00',1);
        
INSERT INTO product_image (name, product_variant_id, image_url, is_main)
VALUES
    ('Ảnh 1', 481, 'https://product.hstatic.net/200000722513/product/m650-medium-rose-top_07af91cb60e94457baac7af9368caa79_0e86abe2ac4a4ce2b6e28bca74413b7a.png', TRUE),
    ('Ảnh 2', 481, 'https://product.hstatic.net/200000722513/product/m650-medium-rose-3qtr-back_f0fa85b56d85440d8c23e830c2c0b32a_db1462087ec547559665c40f390ecb54.png', FALSE),
    ('Ảnh 3', 481, 'https://product.hstatic.net/200000722513/product/m650-medium-rose-leftprofile_2fcf60f34f5342dda2718df6fa4a5991_b78532f2dd114c1494ae908ea098b22c.png', FALSE),
    ('Ảnh 4', 481, 'https://product.hstatic.net/200000722513/product/m650-medium-rose-bty1_48874721f300426e9b77171e703a3655_40895aeff425445ba321af50af9ff4f7.png', FALSE),
    ('Ảnh 5', 481, 'https://product.hstatic.net/200000722513/product/m650-medium-rose-bottom_b9372aff61f740b7aab4675f7564bee7_0d1c2a12693b410ea4519c84f41e479e.png', FALSE);
---
INSERT INTO product (name, seo_name, brand_id, specifications, description, created_by, image_url) 
    VALUES (
        'Chuột Logitech Pebble Mouse 2 M350S White', 'chuot-logitech-pebble-mouse-2-m350s-white', 13,
        '{"Thương hiệu": "Logitech", "Model": "Logitech M350s", "Bảo hành": "12 tháng", "Loại chuột": "Văn phòng", "Màu sắc": "Trắng", "Kết nối": "Công nghệ Bluetooth tiết kiệm năng lượng", "Phạm vi không dây": "Lên đến 10 m", "Pin": "1 pin AA lắp sẵn", "Nút": "3", "Cảm biến": "Theo dõi quang học có độ phân giải cao", "DPI": "1000", "Trọng lượng (kèm pin)": "76 gram", "Kích thước": "Chiều cao: 106,7 mm, Chiều rộng: 58,7 mm, Chiều dày: 26,62 mm"}',
        'Chuột Logitech Pebble Mouse 2 M350S White là biểu tượng của sự tinh tế và hiệu quả, mang đến trải nghiệm làm việc mượt mà và yên tĩnh. Với thiết kế mỏng nhẹ, tối giản cùng sắc trắng thanh lịch, M350S không chỉ là một công cụ mà còn là phụ kiện thời trang hoàn hảo cho không gian làm việc hiện đại của bạn, dù là văn phòng, quán cà phê hay tại nhà.\n\nĐiểm nổi bật nhất của Pebble Mouse 2 M350S chính là công nghệ SilentTouch độc quyền, giảm đến 90% tiếng ồn khi nhấp chuột và cuộn, giúp bạn tập trung hoàn toàn vào công việc mà không làm phiền những người xung quanh. Khả năng kết nối đa dạng qua Bluetooth LE và đầu thu USB Logi Bolt mang lại sự linh hoạt tối đa, cho phép bạn dễ dàng chuyển đổi giữa ba thiết bị khác nhau chỉ với một nút bấm, từ máy tính xách tay, máy tính bàn đến máy tính bảng.\n\nTuổi thọ pin ấn tượng lên đến 24 tháng chỉ với một viên pin AA giúp bạn an tâm sử dụng trong thời gian dài mà không lo gián đoạn. Nút giữa có thể tùy chỉnh chức năng thông qua ứng dụng Logi Options+, cho phép bạn cá nhân hóa trải nghiệm theo nhu cầu. Được làm từ nhựa tái chế, sản phẩm còn thể hiện cam kết của Logitech đối với môi trường.\n\nChuột Pebble Mouse 2 M350S White là lựa chọn lý tưởng cho những ai tìm kiếm sự kết hợp hoàn hảo giữa phong cách, sự tiện lợi và hiệu suất.',
        1, 'https://product.hstatic.net/200000722513/product/1_88b95fdc885c418f8bb63d7395219b75.jpg'
    );
INSERT INTO product_category (product_id, category_id) VALUES (482, 27);
INSERT INTO product_variant (
        product_id, name, seo_name, supplier_id, price, price_sale, quantity, sku, model, barcode, 
        specifications, description, warranty, image_url, release_at, created_by)
        VALUES ( 482, 'Chuột Logitech Pebble Mouse 2 M350S White', 'chuot-logitech-pebble-mouse-2-m350s-white',
            1, 699000, 450000, 10, 'CHU-LOGITECH-PEB-MOUSE-2-M350S-WHITE',
            'CHU-LOGITECH-PEB-MOUSE-2-M350S-WHITE', 'CHU-LOGITECH-PEB-MOUSE-2-M350S-WHITE',
            '{"Thương hiệu": "Logitech", "Model": "Logitech M350s", "Bảo hành": "12 tháng", "Loại chuột": "Văn phòng", "Màu sắc": "Trắng", "Kết nối": "Công nghệ Bluetooth tiết kiệm năng lượng", "Phạm vi không dây": "Lên đến 10 m", "Pin": "1 pin AA lắp sẵn", "Nút": "3", "Cảm biến": "Theo dõi quang học có độ phân giải cao", "DPI": "1000", "Trọng lượng (kèm pin)": "76 gram", "Kích thước": "Chiều cao: 106,7 mm, Chiều rộng: 58,7 mm, Chiều dày: 26,62 mm"}',
            'Chuột Logitech Pebble Mouse 2 M350S White là biểu tượng của sự tinh tế và hiệu quả, mang đến trải nghiệm làm việc mượt mà và yên tĩnh. Với thiết kế mỏng nhẹ, tối giản cùng sắc trắng thanh lịch, M350S không chỉ là một công cụ mà còn là phụ kiện thời trang hoàn hảo cho không gian làm việc hiện đại của bạn, dù là văn phòng, quán cà phê hay tại nhà.\n\nĐiểm nổi bật nhất của Pebble Mouse 2 M350S chính là công nghệ SilentTouch độc quyền, giảm đến 90% tiếng ồn khi nhấp chuột và cuộn, giúp bạn tập trung hoàn toàn vào công việc mà không làm phiền những người xung quanh. Khả năng kết nối đa dạng qua Bluetooth LE và đầu thu USB Logi Bolt mang lại sự linh hoạt tối đa, cho phép bạn dễ dàng chuyển đổi giữa ba thiết bị khác nhau chỉ với một nút bấm, từ máy tính xách tay, máy tính bàn đến máy tính bảng.\n\nTuổi thọ pin ấn tượng lên đến 24 tháng chỉ với một viên pin AA giúp bạn an tâm sử dụng trong thời gian dài mà không lo gián đoạn. Nút giữa có thể tùy chỉnh chức năng thông qua ứng dụng Logi Options+, cho phép bạn cá nhân hóa trải nghiệm theo nhu cầu. Được làm từ nhựa tái chế, sản phẩm còn thể hiện cam kết của Logitech đối với môi trường.\n\nChuột Pebble Mouse 2 M350S White là lựa chọn lý tưởng cho những ai tìm kiếm sự kết hợp hoàn hảo giữa phong cách, sự tiện lợi và hiệu suất.',
            12, 'https://product.hstatic.net/200000722513/product/1_88b95fdc885c418f8bb63d7395219b75.jpg', '2024-01-16T08:15:28+00:00',1);
        
INSERT INTO product_image (name, product_variant_id, image_url, is_main)
VALUES
    ('Ảnh 1', 482, 'https://product.hstatic.net/200000722513/product/1_88b95fdc885c418f8bb63d7395219b75.jpg', TRUE),
    ('Ảnh 2', 482, 'https://product.hstatic.net/200000722513/product/r2x6a1t9_aae40c83ae5542a38a50c78a2562ead3.png', FALSE),
    ('Ảnh 3', 482, 'https://product.hstatic.net/200000722513/product/s7yusthg_e04fec3aa2f84925af689c8f5dedf1e0.png', FALSE),
    ('Ảnh 4', 482, 'https://product.hstatic.net/200000722513/product/kney8ij8_852a31029d2d4ed9933289ab616c7118.png', FALSE);
---
INSERT INTO product (name, seo_name, brand_id, specifications, description, created_by, image_url) 
    VALUES (
        'Chuột Logitech MX Master 3S Graphite', 'chuot-logitech-mx-master-3s-graphite', 13,
        '{"Loại chuột": "Văn phòng", "Màu sắc": "Đen", "Trọng lượng": "141g", "Kích thước": "124,9 x 84,3 x 51 mm", "Công nghệ cảm biến": "Darkfield có độ chính xác cao", "DPI": "200-8000 (có thể thiết lập với các mức tăng là 50 dpi)", "Nút": "7 nút (Nhấp trái/phải, Quay lại/Tiếp tục, Chuyển đổi ứng dụng, Chuyển chế độ nút cuộn, Nhấp chuột giữa). Bánh xe cuộn: Có, với smart-shift. Nút cuộn dùng ngón tay cái: Có. Nút thao tác: Có", "Khoảng cách không dây": "10 m", "Kết nối": "Không dây 2.4GHz / Bluetooth", "Pin": "Pin sạc Li-Po (500 mAh)", "Phần mềm": "Logi Options+ và Logitech Flow"}',
        'Chuột Logitech MX Master 3S Graphite là biểu tượng của sự đổi mới và hiệu suất, được thiết kế cho các chuyên gia và người dùng yêu cầu cao về độ chính xác, tốc độ và sự thoải mái. Với cảm biến quang học Darkfield 8000 DPI tiên tiến, MX Master 3S có khả năng theo dõi mượt mà trên mọi bề mặt, kể cả kính, mang lại độ chính xác gần như tuyệt đối cho các tác vụ đòi hỏi sự tỉ mỉ. Điểm nổi bật khác là công nghệ Silent Clicks, giảm đến 90% tiếng ồn khi nhấp chuột, tạo môi trường làm việc yên tĩnh hơn, lý tưởng cho văn phòng bận rộn hoặc làm việc đêm. Con lăn MagSpeed điện từ là một bước tiến vượt bậc, cho phép cuộn 1.000 dòng trong một giây với chế độ siêu tốc, hoặc chuyển sang chế độ cuộn từng nấc chính xác chỉ với một lực đẩy nhẹ. Thiết kế công thái học được điêu khắc để ôm vừa vặn lòng bàn tay, giảm căng thẳng và mỏi tay trong suốt những giờ làm việc dài. Chuột hỗ trợ kết nối đa năng qua Bluetooth hoặc đầu thu Logi Bolt USB siêu an toàn, cho phép ghép nối với tối đa ba thiết bị và chuyển đổi liền mạch. Công nghệ Logitech Flow cho phép điều khiển nhiều máy tính cùng lúc, thậm chí sao chép và dán văn bản, hình ảnh giữa các thiết bị. Thời lượng pin ấn tượng lên tới 70 ngày chỉ với một lần sạc đầy, cùng khả năng sạc nhanh qua cổng USB-C, đảm bảo luôn sẵn sàng cho công việc. MX Master 3S không chỉ mạnh mẽ mà còn thân thiện với môi trường, được làm từ nhựa tái chế và đóng gói bền vững. Đây thực sự là công cụ không thể thiếu để nâng cao hiệu suất và trải nghiệm làm việc.',
        1, 'https://product.hstatic.net/200000722513/product/mx-master-3s-mouse-top-view-graphite_880f7c80882541c2b4e349b7ed0fa439_de0fb8d222ec49bfb11d909a1f116f7e.png'
    );
INSERT INTO product_category (product_id, category_id) VALUES (483, 27);
INSERT INTO product_variant (
        product_id, name, seo_name, supplier_id, price, price_sale, quantity, sku, model, barcode, 
        specifications, description, warranty, image_url, release_at, created_by)
        VALUES ( 483, 'Chuột Logitech MX Master 3S Graphite', 'chuot-logitech-mx-master-3s-graphite',
            1, 3299000, 2290000, 10, 'CHU-LOGITECH-MX-MASTER-3S-GRA',
            'CHU-LOGITECH-MX-MASTER-3S-GRA', 'CHU-LOGITECH-MX-MASTER-3S-GRA',
            '{"Loại chuột": "Văn phòng", "Màu sắc": "Đen", "Trọng lượng": "141g", "Kích thước": "124,9 x 84,3 x 51 mm", "Công nghệ cảm biến": "Darkfield có độ chính xác cao", "DPI": "200-8000 (có thể thiết lập với các mức tăng là 50 dpi)", "Nút": "7 nút (Nhấp trái/phải, Quay lại/Tiếp tục, Chuyển đổi ứng dụng, Chuyển chế độ nút cuộn, Nhấp chuột giữa). Bánh xe cuộn: Có, với smart-shift. Nút cuộn dùng ngón tay cái: Có. Nút thao tác: Có", "Khoảng cách không dây": "10 m", "Kết nối": "Không dây 2.4GHz / Bluetooth", "Pin": "Pin sạc Li-Po (500 mAh)", "Phần mềm": "Logi Options+ và Logitech Flow"}',
            'Chuột Logitech MX Master 3S Graphite là biểu tượng của sự đổi mới và hiệu suất, được thiết kế cho các chuyên gia và người dùng yêu cầu cao về độ chính xác, tốc độ và sự thoải mái. Với cảm biến quang học Darkfield 8000 DPI tiên tiến, MX Master 3S có khả năng theo dõi mượt mà trên mọi bề mặt, kể cả kính, mang lại độ chính xác gần như tuyệt đối cho các tác vụ đòi hỏi sự tỉ mỉ. Điểm nổi bật khác là công nghệ Silent Clicks, giảm đến 90% tiếng ồn khi nhấp chuột, tạo môi trường làm việc yên tĩnh hơn, lý tưởng cho văn phòng bận rộn hoặc làm việc đêm. Con lăn MagSpeed điện từ là một bước tiến vượt bậc, cho phép cuộn 1.000 dòng trong một giây với chế độ siêu tốc, hoặc chuyển sang chế độ cuộn từng nấc chính xác chỉ với một lực đẩy nhẹ. Thiết kế công thái học được điêu khắc để ôm vừa vặn lòng bàn tay, giảm căng thẳng và mỏi tay trong suốt những giờ làm việc dài. Chuột hỗ trợ kết nối đa năng qua Bluetooth hoặc đầu thu Logi Bolt USB siêu an toàn, cho phép ghép nối với tối đa ba thiết bị và chuyển đổi liền mạch. Công nghệ Logitech Flow cho phép điều khiển nhiều máy tính cùng lúc, thậm chí sao chép và dán văn bản, hình ảnh giữa các thiết bị. Thời lượng pin ấn tượng lên tới 70 ngày chỉ với một lần sạc đầy, cùng khả năng sạc nhanh qua cổng USB-C, đảm bảo luôn sẵn sàng cho công việc. MX Master 3S không chỉ mạnh mẽ mà còn thân thiện với môi trường, được làm từ nhựa tái chế và đóng gói bền vững. Đây thực sự là công cụ không thể thiếu để nâng cao hiệu suất và trải nghiệm làm việc.',
            12, 'https://product.hstatic.net/200000722513/product/mx-master-3s-mouse-top-view-graphite_880f7c80882541c2b4e349b7ed0fa439_de0fb8d222ec49bfb11d909a1f116f7e.png', '2023-06-02T11:46:07+00:00',1);
        
INSERT INTO product_image (name, product_variant_id, image_url, is_main)
VALUES
    ('Ảnh 1', 483, 'https://product.hstatic.net/200000722513/product/mx-master-3s-mouse-top-view-graphite_880f7c80882541c2b4e349b7ed0fa439_de0fb8d222ec49bfb11d909a1f116f7e.png', TRUE),
    ('Ảnh 2', 483, 'https://product.hstatic.net/200000722513/product/mx-master-3s-mouse-side-view-graphite_bd947ce405af4ce99173dd429f5d116a_ab1bfe2da09641e4828389163ef3efdb.png', FALSE),
    ('Ảnh 3', 483, 'https://product.hstatic.net/200000722513/product/x-master-3s-mouse-front-view-graphite_e357dbd1fad64e54afe853ec997c3a16_2b0cc5e3e4f543a6af65236077a4afa4.png', FALSE),
    ('Ảnh 4', 483, 'https://product.hstatic.net/200000722513/product/aster-3s-mouse-top-side-view-graphite_82680b5eec1044b092b598b340d41570_6503d13adcab46aca3ca31927ab0c902.png', FALSE),
    ('Ảnh 5', 483, 'https://product.hstatic.net/200000722513/product/mx-master-3s-mouse-3-4-view-graphite_07f450a151dd4777a87ad67d2282903f_566d233795d94775aecdd4fc0cc0f12d.png', FALSE),
    ('Ảnh 6', 483, 'https://product.hstatic.net/200000722513/product/mx-master-3s-mouse-back-view-graphite_693d6684467d4684918af39101790e0f_e125482e5f254e639b42650648a8933e.png', FALSE);
---
INSERT INTO product (name, seo_name, brand_id, specifications, description, created_by, image_url) 
    VALUES (
        'Chuột Pulsar có dây Xlite Medium White', 'chuot-pulsar-co-day-xlite-medium-white', 40,
        '{"Thương hiệu": "Pulsar", "Bảo hành": "24 tháng"}',
        'Đánh giá chi tiết chuột Pulsar Xlite Medium White\n\nLà một game thủ yêu thích form cầm của Zowie EC2 nhưng \"hầu bao\" không cho phép, thì Pulsar Xlite Medium White chắc chắn là lựa chọn không thể bỏ qua.\n\n**Thiết kế công thái học hoàn hảo**\n\nPulsar Xlite Medium White sở hữu thiết kế công thái học dành cho người thuận tay phải, có thể coi là phiên bản cải tiến và chỉnh sửa đôi chút từ Zowie EC2 - \"hoàng tử\" trong dòng chuột FPS. Các góc cạnh và lớp phủ đã được nâng cấp, mang đến trải nghiệm tốt nhất cho người dùng, đặc biệt là những ai chơi game trong thời gian dài. Khoác lên mình màu trắng thanh thoát, Pulsar Xlite Medium White còn là phụ kiện trang trí hoàn hảo cho không gian chơi game tông màu sáng.\n\n**Trọng lượng lý tưởng**\n\nVới trọng lượng chỉ 52g (±1g), Pulsar Xlite Medium White có mức cân nặng vô cùng cạnh tranh trong phân khúc. Thiết kế đặc trưng của Pulsar với các khoảng trống ở phần dưới thân chuột giúp đạt được trọng lượng tối ưu này.\n\n**Switch quang học bền bỉ**\n\nĐộ chính xác là yếu tố không thể thiếu trên chuột gaming hiện đại, và Pulsar Xlite Medium White không làm người dùng thất vọng. Nhờ switch quang học cao cấp, chuột đảm bảo độ chuẩn xác trong từng cú click và giảm thiểu tình trạng double-click.\n\n**Cảm biến PAW3395 cao cấp**\n\nPulsar trang bị cho Xlite Medium White cảm biến PAW3395, một trong những cảm biến đỉnh cao nhất hiện nay. Với 26000 DPI và 650 IPS, chuột mang đến cảm giác rê chuột chính xác nhất cho mọi tùy chỉnh. Chip xử lý bên trong đảm bảo hiệu năng tuyệt vời, mang lại lợi thế trong các trận chiến căng thẳng.\n\n**Dây cáp thông minh tối ưu trải nghiệm**\n\nLà chuột gaming có dây, Pulsar Xlite Medium White được thiết kế dây cáp với góc độ phù hợp, tối ưu cho các thao tác rê, kéo thả hay ghìm tâm. Dây dù được làm nhẹ nhất, không gây cản trở trong quá trình sử dụng.\n\n**Tùy chỉnh linh hoạt với phần mềm đi kèm**\n\nĐi kèm chuột là phần mềm giúp người dùng tùy chỉnh linh hoạt các cài đặt như macro, độ trễ. Đây là yếu tố không thể bỏ qua nếu bạn đang hướng tới mục tiêu \"go pro\" trong tựa game của mình.',
        1, 'https://product.hstatic.net/200000722513/product/pulsarxlitev3wiredgamingmouse_wh_542f4c86d1964fd5bb9e0e3a0a58221d.png'
    );
INSERT INTO product_category (product_id, category_id) VALUES (484, 27);
INSERT INTO product_variant (
        product_id, name, seo_name, supplier_id, price, price_sale, quantity, sku, model, barcode, 
        specifications, description, warranty, image_url, release_at, created_by)
        VALUES ( 484, 'Chuột Pulsar có dây Xlite Medium White', 'chuot-pulsar-co-day-xlite-medium-white',
            1, 1390000, 1249000, 10, 'CHU-PULSAR-XLITE-WIRED-MEDIUM-WHITE',
            'CHU-PULSAR-XLITE-WIRED-MEDIUM-WHITE', 'CHU-PULSAR-XLITE-WIRED-MEDIUM-WHITE',
            '{"Tên sản phẩm": "Pulsar Xlite Wired Medium","Loại sản phẩm": "Chuột gaming có dây","Thương hiệu": "Pulsar","Màu sắc": "Trắng (White)","Kích thước": "Medium (Trung bình)","Chiều dài": "122.66 mm","Chiều rộng": "66.17 mm","Chiều cao": "42 mm","Trọng lượng": "52g","Cảm biến": "Pixart PAW3395","Độ phân giải (DPI)": "26000","Tốc độ theo dõi (IPS)": "650","Tần số quét (Polling rate)": "1000Hz","Kết nối": "Có dây (USB)","Cáp": "1.8 m","Switch": "Quang học","Feet chuột": "PTFE","Phần mềm tùy chỉnh": "Có (Pulsar Fusion Software)","Bảo hành": "24 tháng"}',
            'Đánh giá chi tiết chuột Pulsar Xlite Medium White\n\nLà một game thủ yêu thích form cầm của Zowie EC2 nhưng \"hầu bao\" không cho phép, thì Pulsar Xlite Medium White chắc chắn là lựa chọn không thể bỏ qua.\n\n**Thiết kế công thái học hoàn hảo**\n\nPulsar Xlite Medium White sở hữu thiết kế công thái học dành cho người thuận tay phải, có thể coi là phiên bản cải tiến và chỉnh sửa đôi chút từ Zowie EC2 - \"hoàng tử\" trong dòng chuột FPS. Các góc cạnh và lớp phủ đã được nâng cấp, mang đến trải nghiệm tốt nhất cho người dùng, đặc biệt là những ai chơi game trong thời gian dài. Khoác lên mình màu trắng thanh thoát, Pulsar Xlite Medium White còn là phụ kiện trang trí hoàn hảo cho không gian chơi game tông màu sáng.\n\n**Trọng lượng lý tưởng**\n\nVới trọng lượng chỉ 52g (±1g), Pulsar Xlite Medium White có mức cân nặng vô cùng cạnh tranh trong phân khúc. Thiết kế đặc trưng của Pulsar với các khoảng trống ở phần dưới thân chuột giúp đạt được trọng lượng tối ưu này.\n\n**Switch quang học bền bỉ**\n\nĐộ chính xác là yếu tố không thể thiếu trên chuột gaming hiện đại, và Pulsar Xlite Medium White không làm người dùng thất vọng. Nhờ switch quang học cao cấp, chuột đảm bảo độ chuẩn xác trong từng cú click và giảm thiểu tình trạng double-click.\n\n**Cảm biến PAW3395 cao cấp**\n\nPulsar trang bị cho Xlite Medium White cảm biến PAW3395, một trong những cảm biến đỉnh cao nhất hiện nay. Với 26000 DPI và 650 IPS, chuột mang đến cảm giác rê chuột chính xác nhất cho mọi tùy chỉnh. Chip xử lý bên trong đảm bảo hiệu năng tuyệt vời, mang lại lợi thế trong các trận chiến căng thẳng.\n\n**Dây cáp thông minh tối ưu trải nghiệm**\n\nLà chuột gaming có dây, Pulsar Xlite Medium White được thiết kế dây cáp với góc độ phù hợp, tối ưu cho các thao tác rê, kéo thả hay ghìm tâm. Dây dù được làm nhẹ nhất, không gây cản trở trong quá trình sử dụng.\n\n**Tùy chỉnh linh hoạt với phần mềm đi kèm**\n\nĐi kèm chuột là phần mềm giúp người dùng tùy chỉnh linh hoạt các cài đặt như macro, độ trễ. Đây là yếu tố không thể bỏ qua nếu bạn đang hướng tới mục tiêu \"go pro\" trong tựa game của mình.',
            24, 'https://product.hstatic.net/200000722513/product/pulsarxlitev3wiredgamingmouse_wh_542f4c86d1964fd5bb9e0e3a0a58221d.png', '2024-12-08T04:49:34+00:00',1);
        
INSERT INTO product_image (name, product_variant_id, image_url, is_main)
VALUES
    ('Ảnh 1', 484, 'https://product.hstatic.net/200000722513/product/pulsarxlitev3wiredgamingmouse_wh_542f4c86d1964fd5bb9e0e3a0a58221d.png', TRUE),
    ('Ảnh 2', 484, 'https://product.hstatic.net/200000722513/product/pulsarxlitev3wiredgamingmouse_wh__1__54433d51f66a4af38436a8732a599e52.png', FALSE),
    ('Ảnh 3', 484, 'https://product.hstatic.net/200000722513/product/pulsarxlitev3wiredgamingmouse_wh__3__cc188077add94c3988caa315c2df3824.png', FALSE),
    ('Ảnh 4', 484, 'https://product.hstatic.net/200000722513/product/pulsarxlitev3wiredgamingmouse_wh__2__3f1decf8474f4c56832ef51aae6a3b89.png', FALSE);
---
INSERT INTO product (name, seo_name, brand_id, specifications, description, created_by, image_url) 
    VALUES (
        'Chuột Rappo M500 Blue', 'chuot-rappo-m500-blue', 29,
        '{"Thương hiệu": "Rappo", "Bảo hành": "12 tháng", "Chuẩn kết nối": "Wireless 2.4Ghz / Bluetooth", "Độ phân giải": "1600 DPI"}',
        'Trải nghiệm sự kết hợp hoàn hảo giữa phong cách, hiệu suất và sự thoải mái với Chuột Rappo M500 Blue. Được thiết kế dành cho những người dùng đòi hỏi sự chính xác và tin cậy trong mọi tác vụ, Rappo M500 Blue không chỉ là một công cụ làm việc mà còn là một phụ kiện tô điểm cho không gian làm việc của bạn.\n\n**Thiết kế Ergonomic và màu xanh độc đáo:** Với đường cong mềm mại ôm vừa lòng bàn tay, Chuột Rappo M500 Blue mang lại cảm giác cầm nắm cực kỳ thoải mái, giúp bạn làm việc hiệu quả hàng giờ liền mà không lo mỏi. Sắc xanh dương hiện đại, đầy cá tính không chỉ thu hút ánh nhìn mà còn thể hiện phong cách riêng biệt của bạn.\n\n**Hiệu suất vượt trội:** Được trang bị cảm biến quang học độ phân giải cao, Rappo M500 Blue đảm bảo độ chính xác tuyệt đối trong từng cú di chuyển, từ lướt web, soạn thảo văn bản cho đến các tác vụ thiết kế đồ họa cơ bản. Khả năng phản hồi nhanh chóng và mượt mà trên nhiều bề mặt giúp công việc của bạn trôi chảy hơn bao giờ hết.\n\n**Kết nối không dây ổn định:** Tận hưởng sự tự do tuyệt đối với công nghệ kết nối không dây 2.4GHz mạnh mẽ. Chỉ cần cắm đầu thu USB vào máy tính, bạn đã sẵn sàng làm việc mà không cần lo lắng về dây cáp vướng víu. Khoảng cách hoạt động lên đến 10 mét cho phép bạn linh hoạt hơn trong không gian làm việc.\n\n**Độ bền vượt thời gian:** Rappo M500 Blue được chế tạo từ vật liệu cao cấp, đảm bảo độ bền bỉ vượt trội. Các nút bấm có tuổi thọ cao, mang lại trải nghiệm click đầm tay và đáng tin cậy.\n\n**Dễ dàng sử dụng:** Tương thích rộng rãi với hầu hết các hệ điều hành phổ biến, Chuột Rappo M500 Blue là lựa chọn lý tưởng cho cả người dùng văn phòng, học sinh, sinh viên hay sử dụng tại nhà.\n\nNâng cấp trải nghiệm làm việc và giải trí của bạn với Chuột Rappo M500 Blue – sự lựa chọn hoàn hảo cho phong cách và hiệu suất!',
        1, 'https://product.hstatic.net/200000722513/product/70489_chuot_khong_day_rapoo_m500_0dd18e10c3f2425295b6b3a6eda24334.png'
    );
INSERT INTO product_category (product_id, category_id) VALUES (485, 27);
INSERT INTO product_variant (
        product_id, name, seo_name, supplier_id, price, price_sale, quantity, sku, model, barcode, 
        specifications, description, warranty, image_url, release_at, created_by)
        VALUES ( 485, 'Chuột Rappo M500 Blue', 'chuot-rappo-m500-blue',
            1, 559000, 260000, 10, 'CHU-RAPOO-M500-BLUE',
            'CHU-RAPOO-M500-BLUE', 'CHU-RAPOO-M500-BLUE',
            '{"Tên sản phẩm": "Chuột Rappo M500 Blue","Chuẩn kết nối": "Wireless 2.4Ghz / Bluetooth","Thiết kế": "Công thái học dành cho người thuận tay phải","Độ phân giải": "Có thể điều chỉnh 4 mức từ 600/1000/1300/1600dpi","Công nghệ nút bấm": "Silent (không gây tiếng ồn)","Tuổi thọ pin": "Lên đến 12 tháng (sử dụng 2 pin AA)","Màu sắc": "Xanh","Kích thước": "105mm * 66.6mm * 41.4mm","Trọng lượng": "72g","Hệ điều hành tương thích": "Windows, macOS","Số lượng thiết bị kết nối đồng thời": "3 thiết bị"}',
            'Trải nghiệm sự kết hợp hoàn hảo giữa phong cách, hiệu suất và sự thoải mái với Chuột Rappo M500 Blue. Được thiết kế dành cho những người dùng đòi hỏi sự chính xác và tin cậy trong mọi tác vụ, Rappo M500 Blue không chỉ là một công cụ làm việc mà còn là một phụ kiện tô điểm cho không gian làm việc của bạn.\n\n**Thiết kế Ergonomic và màu xanh độc đáo:** Với đường cong mềm mại ôm vừa lòng bàn tay, Chuột Rappo M500 Blue mang lại cảm giác cầm nắm cực kỳ thoải mái, giúp bạn làm việc hiệu quả hàng giờ liền mà không lo mỏi. Sắc xanh dương hiện đại, đầy cá tính không chỉ thu hút ánh nhìn mà còn thể hiện phong cách riêng biệt của bạn.\n\n**Hiệu suất vượt trội:** Được trang bị cảm biến quang học độ phân giải cao, Rappo M500 Blue đảm bảo độ chính xác tuyệt đối trong từng cú di chuyển, từ lướt web, soạn thảo văn bản cho đến các tác vụ thiết kế đồ họa cơ bản. Khả năng phản hồi nhanh chóng và mượt mà trên nhiều bề mặt giúp công việc của bạn trôi chảy hơn bao giờ hết.\n\n**Kết nối không dây ổn định:** Tận hưởng sự tự do tuyệt đối với công nghệ kết nối không dây 2.4GHz mạnh mẽ. Chỉ cần cắm đầu thu USB vào máy tính, bạn đã sẵn sàng làm việc mà không cần lo lắng về dây cáp vướng víu. Khoảng cách hoạt động lên đến 10 mét cho phép bạn linh hoạt hơn trong không gian làm việc.\n\n**Độ bền vượt thời gian:** Rappo M500 Blue được chế tạo từ vật liệu cao cấp, đảm bảo độ bền bỉ vượt trội. Các nút bấm có tuổi thọ cao, mang lại trải nghiệm click đầm tay và đáng tin cậy.\n\n**Dễ dàng sử dụng:** Tương thích rộng rãi với hầu hết các hệ điều hành phổ biến, Chuột Rappo M500 Blue là lựa chọn lý tưởng cho cả người dùng văn phòng, học sinh, sinh viên hay sử dụng tại nhà.\n\nNâng cấp trải nghiệm làm việc và giải trí của bạn với Chuột Rappo M500 Blue – sự lựa chọn hoàn hảo cho phong cách và hiệu suất!',
            24, 'https://product.hstatic.net/200000722513/product/70489_chuot_khong_day_rapoo_m500_0dd18e10c3f2425295b6b3a6eda24334.png', '2024-11-15T07:43:06+00:00',1);
        
INSERT INTO product_image (name, product_variant_id, image_url, is_main)
VALUES
    ('Ảnh 1', 485, 'https://product.hstatic.net/200000722513/product/70489_chuot_khong_day_rapoo_m500_0dd18e10c3f2425295b6b3a6eda24334.png', TRUE),
    ('Ảnh 2', 485, 'https://product.hstatic.net/200000722513/product/70489_chuot_khong_day_rapoo_m500__1__1d06d10ea3ea46d580c6131e9c2a3508.png', FALSE),
    ('Ảnh 3', 485, 'https://product.hstatic.net/200000722513/product/70489_chuot_khong_day_rapoo_m500__2__a4d7ab4f07d74bd78ccd7c28f0d3b653.png', FALSE);
---
INSERT INTO product (name, seo_name, brand_id, specifications, description, created_by, image_url) 
    VALUES (
        'Chuột Razer Basilisk V3 Pro', 'chuot-razer-basilisk-v3-pro', 15,
        '{"Kết nối": "Có dây / Không dây / Bluetooth", "Thời lượng pin": "Lên đến 90 giờ (HyperSpeed)", "Đèn LED": "Razer Chroma RGB", "Cảm biến": "Quang học Focus Pro 30K", "DPI": "30000", "IPS": "750", "Số nút": "11", "Gia tốc tối đa (G)": "70", "Switch": "Optical Gen-3", "Tuổi thọ Switch": "90 triệu lần nhấp", "Feet chuột": "100% PTFE", "Kích thước (Dài x Rộng x Cao)": "130 mm x 75.4 mm x 42.5 mm", "Trọng lượng": "112 g"}',
        'Chuột Razer Basilisk V3 Pro là đỉnh cao của công nghệ chuột chơi game, được thiết kế để mang lại hiệu suất vượt trội và trải nghiệm tùy chỉnh không giới hạn cho các game thủ chuyên nghiệp và những người đam mê công nghệ. Với bộ cảm biến quang học Razer Focus Pro 30K tiên tiến, độ chính xác đến từng pixel được đảm bảo, cho phép bạn thực hiện những pha di chuyển nhanh và chính xác nhất. Công nghệ không dây Razer HyperSpeed thế hệ mới cung cấp kết nối siêu nhanh và ổn định, gần như không có độ trễ, đồng thời hỗ trợ kết nối đa thiết bị, giúp tối ưu hóa không gian làm việc của bạn.\n\nĐiểm nhấn đặc biệt của Basilisk V3 Pro là con lăn Razer HyperScroll Tilt Wheel, mang đến hai chế độ cuộn độc đáo: chế độ Smart-Reel cho khả năng cuộn có khấc chi tiết và chế độ Free-Spin cực nhanh, lý tưởng để duyệt web hay cuộn tài liệu dài. Hơn nữa, nó còn có chế độ ảo để tự động chuyển đổi giữa hai chế độ này.\n\n10+1 nút bấm có thể lập trình hoàn toàn, mỗi nút được trang bị công tắc quang học Razer Optical Mouse Switches Gen-3 siêu bền với tuổi thọ lên đến 90 triệu lần nhấn, đảm bảo phản hồi tức thì và không có lỗi nhấp đúp ngoài ý muốn.\n\nHệ thống chiếu sáng Razer Chroma RGB 13 vùng, bao gồm cả dải đèn dưới thân chuột, không chỉ tạo nên vẻ đẹp thẩm mỹ ấn tượng mà còn có thể đồng bộ hóa với các thiết bị Chroma khác, mang đến trải nghiệm chơi game đắm chìm. Thiết kế công thái học cải tiến ôm sát lòng bàn tay, giảm thiểu mệt mỏi trong những phiên chơi game dài.\n\nPin dung lượng cao cho phép bạn chơi game liên tục mà không lo gián đoạn. Basilisk V3 Pro còn tương thích với sạc không dây qua Razer Mouse Dock Pro (bán riêng) hoặc Wireless Charging Puck, mang lại sự tiện lợi tối đa. Đây thực sự là lựa chọn hoàn hảo cho những ai tìm kiếm sự kết hợp giữa tốc độ, độ chính xác và khả năng tùy biến cao.',
        1, 'https://product.hstatic.net/200000722513/product/thumbchuot-recovered_757cce0149c042149f8b58f30fcb3307_8868cbe7339a46e9813f2eb8bdb334ee.png'
    );
INSERT INTO product_category (product_id, category_id) VALUES (486, 27);
INSERT INTO product_variant (
        product_id, name, seo_name, supplier_id, price, price_sale, quantity, sku, model, barcode, 
        specifications, description, warranty, image_url, release_at, created_by)
        VALUES ( 486, 'Chuột Razer Basilisk V3 Pro', 'chuot-razer-basilisk-v3-pro',
            1, 4590000, 3490000, 10, 'CHU-RAZER-BASILISK-V3-PRO',
            'CHU-RAZER-BASILISK-V3-PRO', 'CHU-RAZER-BASILISK-V3-PRO',
            '{"Kết nối": "Có dây / Không dây / Bluetooth", "Thời lượng pin": "Lên đến 90 giờ (HyperSpeed)", "Đèn LED": "Razer Chroma RGB", "Cảm biến": "Quang học Focus Pro 30K", "DPI": "30000", "IPS": "750", "Số nút": "11", "Gia tốc tối đa (G)": "70", "Switch": "Optical Gen-3", "Tuổi thọ Switch": "90 triệu lần nhấp", "Feet chuột": "100% PTFE", "Kích thước (Dài x Rộng x Cao)": "130 mm x 75.4 mm x 42.5 mm", "Trọng lượng": "112 g"}',
            'Chuột Razer Basilisk V3 Pro là đỉnh cao của công nghệ chuột chơi game, được thiết kế để mang lại hiệu suất vượt trội và trải nghiệm tùy chỉnh không giới hạn cho các game thủ chuyên nghiệp và những người đam mê công nghệ. Với bộ cảm biến quang học Razer Focus Pro 30K tiên tiến, độ chính xác đến từng pixel được đảm bảo, cho phép bạn thực hiện những pha di chuyển nhanh và chính xác nhất. Công nghệ không dây Razer HyperSpeed thế hệ mới cung cấp kết nối siêu nhanh và ổn định, gần như không có độ trễ, đồng thời hỗ trợ kết nối đa thiết bị, giúp tối ưu hóa không gian làm việc của bạn.\n\nĐiểm nhấn đặc biệt của Basilisk V3 Pro là con lăn Razer HyperScroll Tilt Wheel, mang đến hai chế độ cuộn độc đáo: chế độ Smart-Reel cho khả năng cuộn có khấc chi tiết và chế độ Free-Spin cực nhanh, lý tưởng để duyệt web hay cuộn tài liệu dài. Hơn nữa, nó còn có chế độ ảo để tự động chuyển đổi giữa hai chế độ này.\n\n10+1 nút bấm có thể lập trình hoàn toàn, mỗi nút được trang bị công tắc quang học Razer Optical Mouse Switches Gen-3 siêu bền với tuổi thọ lên đến 90 triệu lần nhấn, đảm bảo phản hồi tức thì và không có lỗi nhấp đúp ngoài ý muốn.\n\nHệ thống chiếu sáng Razer Chroma RGB 13 vùng, bao gồm cả dải đèn dưới thân chuột, không chỉ tạo nên vẻ đẹp thẩm mỹ ấn tượng mà còn có thể đồng bộ hóa với các thiết bị Chroma khác, mang đến trải nghiệm chơi game đắm chìm. Thiết kế công thái học cải tiến ôm sát lòng bàn tay, giảm thiểu mệt mỏi trong những phiên chơi game dài.\n\nPin dung lượng cao cho phép bạn chơi game liên tục mà không lo gián đoạn. Basilisk V3 Pro còn tương thích với sạc không dây qua Razer Mouse Dock Pro (bán riêng) hoặc Wireless Charging Puck, mang lại sự tiện lợi tối đa. Đây thực sự là lựa chọn hoàn hảo cho những ai tìm kiếm sự kết hợp giữa tốc độ, độ chính xác và khả năng tùy biến cao.',
            24, 'https://product.hstatic.net/200000722513/product/thumbchuot-recovered_757cce0149c042149f8b58f30fcb3307_8868cbe7339a46e9813f2eb8bdb334ee.png', '2023-06-02T11:47:11+00:00',1);
        
INSERT INTO product_image (name, product_variant_id, image_url, is_main)
VALUES
    ('Ảnh 1', 486, 'https://product.hstatic.net/200000722513/product/thumbchuot-recovered_757cce0149c042149f8b58f30fcb3307_8868cbe7339a46e9813f2eb8bdb334ee.png', TRUE),
    ('Ảnh 2', 486, 'https://product.hstatic.net/200000722513/product/chuot-gaming-khong-day-razer-bas__1__19a630f182654bb49cb0146046e955d7.png', FALSE),
    ('Ảnh 3', 486, 'https://product.hstatic.net/200000722513/product/chuot-gaming-khong-day-razer-bas_c37710e77f0443dea050b6cf509fc93b.png', FALSE),
    ('Ảnh 4', 486, 'https://product.hstatic.net/200000722513/product/chuot-gaming-khong-day-razer-bas__2__05c12625b9d7446281c81389f5e1984a.png', FALSE);
---
INSERT INTO product (name, seo_name, brand_id, specifications, description, created_by, image_url) 
    VALUES (
        'Chuột Logitech G502 X Plus LightSpeed White', 'chuot-logitech-g502-x-plus-lightspeed-white', 13,
        '{"Cảm biến": "HERO 25K", "Kết nối": "Công nghệ không dây LIGHTSPEED", "DPI": "100 – 25.600", "Led": "Chiếu sáng RGB 8 vùng", "Cổng sạc": "USB-C", "Thời lượng pin": "Lên đến 130 giờ (37 giờ khi bật RGB)", "Tăng tốc tối đa": "> 40 G2", "Tốc độ tối đa": "> 400 IPS", "Nút": "13 nút điều khiển có thể lập trình", "Kích thước": "131,4 mm x 41,1 mm x 79,2 mm", "Trọng lượng": "106 g", "Tương thích": "Windows 10 trở lên, macOS 10.14 trở lên"}',
        'Chuột Logitech G502 X Plus Lightspeed White là phiên bản nâng cấp hoàn hảo, kế thừa và phát huy những tinh hoa của dòng G502 huyền thoại, mang đến trải nghiệm chơi game và làm việc không dây đỉnh cao. Với thiết kế màu trắng tinh tế, chiếc chuột này không chỉ là một công cụ mạnh mẽ mà còn là một điểm nhấn thẩm mỹ cho không gian làm việc của bạn.\n\nĐiểm nhấn công nghệ phải kể đến là công tắc quang-cơ học Lightspeed Hybrid hoàn toàn mới. Sự kết hợp giữa tốc độ ánh sáng của công tắc quang học và cảm giác xúc giác quen thuộc của công tắc cơ học mang lại độ bền vượt trội, phản hồi cực nhanh và cảm giác nhấp chuột sắc nét, đáng tin cậy. Bạn sẽ không bao giờ bỏ lỡ một cú nhấp nào trong những trận đấu căng thẳng.\n\nKết nối không dây Lightspeed tiên tiến đảm bảo độ trễ gần như bằng không, cho phép bạn di chuyển chuột mượt mà và chính xác như thể đang dùng chuột có dây. Cảm biến Hero 25K độc quyền của Logitech cung cấp độ chính xác tuyệt đối với khả năng theo dõi lên đến 25.600 DPI mà không cần làm mịn, lọc hay tăng tốc, đảm bảo mọi chuyển động của bạn đều được ghi nhận một cách hoàn hảo.\n\nG502 X Plus Lightspeed còn sở hữu hệ thống chiếu sáng RGB Lightsync 8 đèn LED có thể tùy chỉnh, cho phép bạn cá nhân hóa không gian chơi game của mình với hàng triệu màu sắc. Các nút bấm có thể lập trình, bao gồm nút DPI Shift có thể tháo rời và đảo ngược, cùng con lăn kép siêu tốc, mang lại sự linh hoạt tối đa cho mọi tác vụ.\n\nTrọng lượng được tối ưu hóa giúp giảm mệt mỏi khi sử dụng trong thời gian dài. Chuột cũng tương thích với công nghệ sạc không dây Powerplay, cho phép bạn chơi game không giới hạn thời gian mà không cần lo lắng về pin. Đây thực sự là lựa chọn hàng đầu cho những game thủ và người dùng chuyên nghiệp đòi hỏi hiệu suất và phong cách vượt trội.',
        1, 'https://product.hstatic.net/200000722513/product/g502x-plus-gallery-2-white_69229c9ba5534ad5bfae7d827037a28f_365394a31b6342e4949249099adb755e.png'
    );
INSERT INTO product_category (product_id, category_id) VALUES (487, 27);
INSERT INTO product_variant (
        product_id, name, seo_name, supplier_id, price, price_sale, quantity, sku, model, barcode, 
        specifications, description, warranty, image_url, release_at, created_by)
        VALUES ( 487, 'Chuột Logitech G502 X Plus LightSpeed White', 'chuot-logitech-g502-x-plus-lightspeed-white',
            1, 3590000, 3260000, 10, 'CHU-LOGITECH-G502X-PLUS-LS-WHITE',
            'CHU-LOGITECH-G502X-PLUS-LS-WHITE', 'CHU-LOGITECH-G502X-PLUS-LS-WHITE',
            '{"Cảm biến": "HERO 25K", "Kết nối": "Công nghệ không dây LIGHTSPEED", "DPI": "100 – 25.600", "Led": "Chiếu sáng RGB 8 vùng", "Cổng sạc": "USB-C", "Thời lượng pin": "Lên đến 130 giờ (37 giờ khi bật RGB)", "Tăng tốc tối đa": "> 40 G2", "Tốc độ tối đa": "> 400 IPS", "Nút": "13 nút điều khiển có thể lập trình", "Kích thước": "131,4 mm x 41,1 mm x 79,2 mm", "Trọng lượng": "106 g", "Tương thích": "Windows 10 trở lên, macOS 10.14 trở lên"}',
            'Chuột Logitech G502 X Plus Lightspeed White là phiên bản nâng cấp hoàn hảo, kế thừa và phát huy những tinh hoa của dòng G502 huyền thoại, mang đến trải nghiệm chơi game và làm việc không dây đỉnh cao. Với thiết kế màu trắng tinh tế, chiếc chuột này không chỉ là một công cụ mạnh mẽ mà còn là một điểm nhấn thẩm mỹ cho không gian làm việc của bạn.\n\nĐiểm nhấn công nghệ phải kể đến là công tắc quang-cơ học Lightspeed Hybrid hoàn toàn mới. Sự kết hợp giữa tốc độ ánh sáng của công tắc quang học và cảm giác xúc giác quen thuộc của công tắc cơ học mang lại độ bền vượt trội, phản hồi cực nhanh và cảm giác nhấp chuột sắc nét, đáng tin cậy. Bạn sẽ không bao giờ bỏ lỡ một cú nhấp nào trong những trận đấu căng thẳng.\n\nKết nối không dây Lightspeed tiên tiến đảm bảo độ trễ gần như bằng không, cho phép bạn di chuyển chuột mượt mà và chính xác như thể đang dùng chuột có dây. Cảm biến Hero 25K độc quyền của Logitech cung cấp độ chính xác tuyệt đối với khả năng theo dõi lên đến 25.600 DPI mà không cần làm mịn, lọc hay tăng tốc, đảm bảo mọi chuyển động của bạn đều được ghi nhận một cách hoàn hảo.\n\nG502 X Plus Lightspeed còn sở hữu hệ thống chiếu sáng RGB Lightsync 8 đèn LED có thể tùy chỉnh, cho phép bạn cá nhân hóa không gian chơi game của mình với hàng triệu màu sắc. Các nút bấm có thể lập trình, bao gồm nút DPI Shift có thể tháo rời và đảo ngược, cùng con lăn kép siêu tốc, mang lại sự linh hoạt tối đa cho mọi tác vụ.\n\nTrọng lượng được tối ưu hóa giúp giảm mệt mỏi khi sử dụng trong thời gian dài. Chuột cũng tương thích với công nghệ sạc không dây Powerplay, cho phép bạn chơi game không giới hạn thời gian mà không cần lo lắng về pin. Đây thực sự là lựa chọn hàng đầu cho những game thủ và người dùng chuyên nghiệp đòi hỏi hiệu suất và phong cách vượt trội.',
            24, 'https://product.hstatic.net/200000722513/product/g502x-plus-gallery-2-white_69229c9ba5534ad5bfae7d827037a28f_365394a31b6342e4949249099adb755e.png', '2023-06-02T09:01:35+00:00',1);
        
INSERT INTO product_image (name, product_variant_id, image_url, is_main)
VALUES
    ('Ảnh 1', 487, 'https://product.hstatic.net/200000722513/product/g502x-plus-gallery-2-white_69229c9ba5534ad5bfae7d827037a28f_365394a31b6342e4949249099adb755e.png', TRUE),
    ('Ảnh 2', 487, 'https://product.hstatic.net/200000722513/product/gitech-g502-x-plus-lightspeed-white-1_283944b0723544baa411b497814f5043_36824afc513e49f889d044542e30b186.jpg', FALSE),
    ('Ảnh 3', 487, 'https://product.hstatic.net/200000722513/product/gitech-g502-x-plus-lightspeed-white-2_090a6410c89c4d26badc50edaa35ec0a_6c65ae8ddb37403fa1ad73c88e35c09f.jpg', FALSE),
    ('Ảnh 4', 487, 'https://product.hstatic.net/200000722513/product/gitech-g502-x-plus-lightspeed-white-3_a86f524774564f479085f04c0f2d1aa8_eb74cb5dfa524574b1dcb48f187a3caa.jpg', FALSE),
    ('Ảnh 5', 487, 'https://product.hstatic.net/200000722513/product/gitech-g502-x-plus-lightspeed-white-4_0ef5e503aac946288ad0a1c4d446f112_b13cc6c8275449ff9b08730c19ebd0e4.jpg', FALSE),
    ('Ảnh 6', 487, 'https://product.hstatic.net/200000722513/product/gitech-g502-x-plus-lightspeed-white-5_378b369c5b7646e5a53a1216ca6ef2d3_49957a032f654c7b96b728c5e1886b40.jpg', FALSE),
    ('Ảnh 7', 487, 'https://product.hstatic.net/200000722513/product/gitech-g502-x-plus-lightspeed-white-6_021463df5b8c4ed68e5923f14cf4b591_64083972a1b34409a23c5a6752ce904f.jpg', FALSE),
    ('Ảnh 8', 487, 'https://product.hstatic.net/200000722513/product/chu-log-g502x_e53ad75c630e44e9aac80c37b5a9a3dc_1164deb139cd472eade35c1b4ffe7dac.gif', FALSE);
---
INSERT INTO product (name, seo_name, brand_id, specifications, description, created_by, image_url) 
    VALUES (
        'Chuột Logitech G502 X Plus LightSpeed Black', 'chuot-logitech-g502-x-plus-lightspeed-black', 13,
        '{"Cảm biến": "HERO 25K", "Kết nối": "Công nghệ không dây LIGHTSPEED", "DPI": "100 – 25.600", "LED": "Chiếu sáng RGB 8 vùng", "Cổng sạc": "USB-C", "Thời lượng pin": "Lên đến 130 giờ (37 giờ khi bật RGB)", "Tăng tốc tối đa": "> 40 G", "Tốc độ tối đa": "> 400 IPS", "Nút": "13 nút điều khiển có thể lập trình", "Kích thước": "131,4 mm x 41,1 mm x 79,2 mm", "Trọng lượng": "106 g", "Tương thích": "Windows 10 trở lên, macOS 10.14 trở lên"}',
        'Chuột Logitech G502 X Plus Lightspeed Black là biểu tượng mới của sự đổi mới trong thế giới gaming, được thiết kế để mang lại hiệu suất vượt trội và trải nghiệm chơi game không giới hạn. Được trang bị công nghệ không dây Lightspeed siêu tốc hàng đầu của Logitech, chuột đảm bảo độ trễ gần như bằng 0, mang lại sự phản hồi tức thì và kết nối ổn định tuyệt đối trong mọi tình huống chiến đấu. Trái tim của G502 X Plus là cảm biến quang học Hero 25K độc quyền, cung cấp độ chính xác tuyệt đối với dải DPI rộng từ 100 đến 25.600, không hề có hiện tượng làm mịn, tăng tốc hay lọc, giúp bạn thực hiện mọi cú click và di chuyển với độ chuẩn xác cao nhất. Điểm nhấn công nghệ là công tắc cơ quang học Lightforce Hybrid hoàn toàn mới, kết hợp tốc độ và độ tin cậy của công tắc quang học với cảm giác nhấp chuột sắc nét, thỏa mãn của công tắc cơ khí, cải thiện đáng kể độ bền và tốc độ phản hồi. Hệ thống chiếu sáng RGB Lightsync có thể tùy chỉnh với 16.8 triệu màu, cho phép cá nhân hóa không gian chơi game của bạn, đồng bộ hóa hiệu ứng ánh sáng với nội dung trên màn hình hoặc các thiết bị Logitech G khác. Với trọng lượng chỉ 106 gram, nhẹ hơn đáng kể so với các phiên bản trước, G502 X Plus mang lại sự thoải mái tối ưu trong các phiên đấu kéo dài mà không gây mỏi. Viên pin sạc mạnh mẽ cho thời lượng sử dụng ấn tượng lên đến 120 giờ không đèn RGB và 37 giờ khi bật đèn RGB, đảm bảo bạn luôn sẵn sàng cho mọi thử thách. Thiết kế mang tính biểu tượng của G502 được cải tiến với 13 nút có thể lập trình, nút cuộn hai chế độ siêu nhanh và từng nấc, cùng với nút DPI Shift có thể tháo rời và đảo ngược, cung cấp sự linh hoạt tối đa cho mọi thể loại game. Chuột cũng hỗ trợ sạc qua cổng USB-C tiện lợi. Đây thực sự là lựa chọn hoàn hảo cho game thủ chuyên nghiệp và những ai tìm kiếm hiệu suất vượt trội, công nghệ tiên tiến cùng phong cách đẳng cấp.',
        1, 'https://product.hstatic.net/200000722513/product/g502x-plus-gallery-2-black_1db5bbb43d2f443ea2eaf758a6f97e77_ba770c37d454493f986eaaf4e81bddcf.png'
    );
INSERT INTO product_category (product_id, category_id) VALUES (488, 27);
INSERT INTO product_variant (
        product_id, name, seo_name, supplier_id, price, price_sale, quantity, sku, model, barcode, 
        specifications, description, warranty, image_url, release_at, created_by)
        VALUES ( 488, 'Chuột Logitech G502 X Plus LightSpeed Black', 'chuot-logitech-g502-x-plus-lightspeed-black',
            1, 3590000, 3200000, 10, 'CHU-LOGITECH-G502X-PLUS-LS-BLACK',
            'CHU-LOGITECH-G502X-PLUS-LS-BLACK', 'CHU-LOGITECH-G502X-PLUS-LS-BLACK',
            '{"Cảm biến": "HERO 25K", "Kết nối": "Công nghệ không dây LIGHTSPEED", "DPI": "100 – 25.600", "LED": "Chiếu sáng RGB 8 vùng", "Cổng sạc": "USB-C", "Thời lượng pin": "Lên đến 130 giờ (37 giờ khi bật RGB)", "Tăng tốc tối đa": "> 40 G", "Tốc độ tối đa": "> 400 IPS", "Nút": "13 nút điều khiển có thể lập trình", "Kích thước": "131,4 mm x 41,1 mm x 79,2 mm", "Trọng lượng": "106 g", "Tương thích": "Windows 10 trở lên, macOS 10.14 trở lên"}',
            'Chuột Logitech G502 X Plus Lightspeed Black là biểu tượng mới của sự đổi mới trong thế giới gaming, được thiết kế để mang lại hiệu suất vượt trội và trải nghiệm chơi game không giới hạn. Được trang bị công nghệ không dây Lightspeed siêu tốc hàng đầu của Logitech, chuột đảm bảo độ trễ gần như bằng 0, mang lại sự phản hồi tức thì và kết nối ổn định tuyệt đối trong mọi tình huống chiến đấu. Trái tim của G502 X Plus là cảm biến quang học Hero 25K độc quyền, cung cấp độ chính xác tuyệt đối với dải DPI rộng từ 100 đến 25.600, không hề có hiện tượng làm mịn, tăng tốc hay lọc, giúp bạn thực hiện mọi cú click và di chuyển với độ chuẩn xác cao nhất. Điểm nhấn công nghệ là công tắc cơ quang học Lightforce Hybrid hoàn toàn mới, kết hợp tốc độ và độ tin cậy của công tắc quang học với cảm giác nhấp chuột sắc nét, thỏa mãn của công tắc cơ khí, cải thiện đáng kể độ bền và tốc độ phản hồi. Hệ thống chiếu sáng RGB Lightsync có thể tùy chỉnh với 16.8 triệu màu, cho phép cá nhân hóa không gian chơi game của bạn, đồng bộ hóa hiệu ứng ánh sáng với nội dung trên màn hình hoặc các thiết bị Logitech G khác. Với trọng lượng chỉ 106 gram, nhẹ hơn đáng kể so với các phiên bản trước, G502 X Plus mang lại sự thoải mái tối ưu trong các phiên đấu kéo dài mà không gây mỏi. Viên pin sạc mạnh mẽ cho thời lượng sử dụng ấn tượng lên đến 120 giờ không đèn RGB và 37 giờ khi bật đèn RGB, đảm bảo bạn luôn sẵn sàng cho mọi thử thách. Thiết kế mang tính biểu tượng của G502 được cải tiến với 13 nút có thể lập trình, nút cuộn hai chế độ siêu nhanh và từng nấc, cùng với nút DPI Shift có thể tháo rời và đảo ngược, cung cấp sự linh hoạt tối đa cho mọi thể loại game. Chuột cũng hỗ trợ sạc qua cổng USB-C tiện lợi. Đây thực sự là lựa chọn hoàn hảo cho game thủ chuyên nghiệp và những ai tìm kiếm hiệu suất vượt trội, công nghệ tiên tiến cùng phong cách đẳng cấp.',
            24, 'https://product.hstatic.net/200000722513/product/g502x-plus-gallery-2-black_1db5bbb43d2f443ea2eaf758a6f97e77_ba770c37d454493f986eaaf4e81bddcf.png', '2023-06-02T09:01:24+00:00',1);
        
INSERT INTO product_image (name, product_variant_id, image_url, is_main)
VALUES
    ('Ảnh 1', 488, 'https://product.hstatic.net/200000722513/product/g502x-plus-gallery-2-black_1db5bbb43d2f443ea2eaf758a6f97e77_ba770c37d454493f986eaaf4e81bddcf.png', TRUE),
    ('Ảnh 2', 488, 'https://product.hstatic.net/200000722513/product/gitech-g502-x-plus-lightspeed-black-1_26668b3e1dd648deaa4e2b1cc34d563c_5ee8ca766c754bec988827d9af9f29f1.jpg', FALSE),
    ('Ảnh 3', 488, 'https://product.hstatic.net/200000722513/product/gitech-g502-x-plus-lightspeed-black-2_d55fc115aec14c00a48cc59ae28b5e35_b86f94147a1b466cb8038f8302b937cc.jpg', FALSE),
    ('Ảnh 4', 488, 'https://product.hstatic.net/200000722513/product/gitech-g502-x-plus-lightspeed-black-3_d52ac757c55041ef9598a2587dde31dd_c13d3cb4606849929af10d223aeb8b50.jpg', FALSE),
    ('Ảnh 5', 488, 'https://product.hstatic.net/200000722513/product/gitech-g502-x-plus-lightspeed-black-4_26bb95de9dbc42338e47b573860589a3_5169ab2739f549cb8976349b8951f90c.jpg', FALSE),
    ('Ảnh 6', 488, 'https://product.hstatic.net/200000722513/product/gitech-g502-x-plus-lightspeed-black-5_a569339dbfbe40a69727bcd7ba07c7e2_5726669e4c8948cb878e695d31448247.jpg', FALSE),
    ('Ảnh 7', 488, 'https://product.hstatic.net/200000722513/product/gitech-g502-x-plus-lightspeed-black-6_adefc2b078fd40a4a3ad1bea8ceb45b9_ed2c15ca4f484367a59af248419b4780.jpg', FALSE);
---
INSERT INTO product (name, seo_name, brand_id, specifications, description, created_by, image_url) 
    VALUES (
        'Chuột Logitech G Pro X Superlight Wireless Red', 'chuot-logitech-g-pro-x-superlight-wireless-red', 13,
        '{"Hãng sản xuất": "Logitech", "Model": "Logitech G Pro X Superlight Wireless Red", "Màu": "Đỏ", "Tần suất gửi tín hiệu USB": "1000 Hz (1ms)", "Bộ vi xử lý": "32-bit ARM", "Thời lượng pin": "70 giờ", "Tương thích": "POWERPLAY", "Công nghệ không dây": "LIGHTSPEED", "Chân chuột": "Nhựa PTFE nguyên chất", "Số nút": "5 nút", "Cảm biến": "HERO", "Độ phân giải": "100 – 25.400 DPI", "Gia tốc tối đa": "> 40 G", "Tốc độ tối đa": "> 400 IPS", "Kích thước": "125 x 63.5 x 40 mm", "Trọng lượng": "< 63 g"}',
        'Chuột Logitech G Pro X Superlight Wireless Red là một kiệt tác kỹ thuật, được thiết kế dành riêng cho các game thủ chuyên nghiệp và những người đam mê eSports, những người luôn tìm kiếm sự hoàn hảo trong từng cú click và di chuyển. Với trọng lượng siêu nhẹ đáng kinh ngạc, chỉ dưới 63 gram, đây là một trong những chuột gaming không dây nhẹ nhất trên thế giới. Điều này giúp giảm đáng kể sự mỏi mệt cho cổ tay và cánh tay trong suốt những trận đấu căng thẳng, kéo dài. Màu đỏ rực rỡ không chỉ tạo điểm nhấn cá tính, mạnh mẽ cho bộ sưu tập gaming của bạn mà còn thể hiện tinh thần tốc độ và quyết đoán. Công nghệ không dây LIGHTSPEED độc quyền của Logitech đảm bảo kết nối cực kỳ ổn định, siêu tốc và độ trễ gần như bằng không, mang lại hiệu suất phản hồi tức thì, không chút gián đoạn nào. Trái tim của G Pro X Superlight là cảm biến HERO 25K tiên tiến, cung cấp độ chính xác tuyệt đối ở mọi dải DPI, từ những pha flickshot chớp nhoáng đến những cú rê tâm tỉ mỉ. Cảm biến này cũng tối ưu hóa hiệu suất năng lượng, giúp chuột có thời lượng pin ấn tượng, cho phép bạn chinh phục mọi trận chiến mà không lo hết pin giữa chừng. Thiết kế tối giản, công thái học được tối ưu hóa cho cảm giác cầm nắm thoải mái, chắc chắn, phù hợp với nhiều kiểu cầm khác nhau. Bề mặt mượt mà cùng các nút bấm được cải tiến mang lại cảm giác click giòn, nhạy và độ bền vượt trội. Logitech G Pro X Superlight Wireless Red không chỉ là một con chuột, mà là một \"vũ khí\" tối thượng giúp bạn nâng tầm kỹ năng và thống trị mọi chiến trường ảo.',
        1, 'https://product.hstatic.net/200000722513/product/thumbchuot_a405fadb92a34c429c3eed4d11a84fb5.jpg'
    );
INSERT INTO product_category (product_id, category_id) VALUES (489, 27);
INSERT INTO product_variant (
        product_id, name, seo_name, supplier_id, price, price_sale, quantity, sku, model, barcode, 
        specifications, description, warranty, image_url, release_at, created_by)
        VALUES ( 489, 'Chuột Logitech G Pro X Superlight Wireless Red', 'chuot-logitech-g-pro-x-superlight-wireless-red',
            1, 3590000, 2690000, 10, 'CHU-LOG-G-PRO-X-SUP-W-RED',
            'CHU-LOG-G-PRO-X-SUP-W-RED', 'CHU-LOG-G-PRO-X-SUP-W-RED',
            '{"Hãng sản xuất": "Logitech", "Model": "Logitech G Pro X Superlight Wireless Red", "Màu": "Đỏ", "Tần suất gửi tín hiệu USB": "1000 Hz (1ms)", "Bộ vi xử lý": "32-bit ARM", "Thời lượng pin": "70 giờ", "Tương thích": "POWERPLAY", "Công nghệ không dây": "LIGHTSPEED", "Chân chuột": "Nhựa PTFE nguyên chất", "Số nút": "5 nút", "Cảm biến": "HERO", "Độ phân giải": "100 – 25.400 DPI", "Gia tốc tối đa": "> 40 G", "Tốc độ tối đa": "> 400 IPS", "Kích thước": "125 x 63.5 x 40 mm", "Trọng lượng": "< 63 g"}',
            'Chuột Logitech G Pro X Superlight Wireless Red là một kiệt tác kỹ thuật, được thiết kế dành riêng cho các game thủ chuyên nghiệp và những người đam mê eSports, những người luôn tìm kiếm sự hoàn hảo trong từng cú click và di chuyển. Với trọng lượng siêu nhẹ đáng kinh ngạc, chỉ dưới 63 gram, đây là một trong những chuột gaming không dây nhẹ nhất trên thế giới. Điều này giúp giảm đáng kể sự mỏi mệt cho cổ tay và cánh tay trong suốt những trận đấu căng thẳng, kéo dài. Màu đỏ rực rỡ không chỉ tạo điểm nhấn cá tính, mạnh mẽ cho bộ sưu tập gaming của bạn mà còn thể hiện tinh thần tốc độ và quyết đoán. Công nghệ không dây LIGHTSPEED độc quyền của Logitech đảm bảo kết nối cực kỳ ổn định, siêu tốc và độ trễ gần như bằng không, mang lại hiệu suất phản hồi tức thì, không chút gián đoạn nào. Trái tim của G Pro X Superlight là cảm biến HERO 25K tiên tiến, cung cấp độ chính xác tuyệt đối ở mọi dải DPI, từ những pha flickshot chớp nhoáng đến những cú rê tâm tỉ mỉ. Cảm biến này cũng tối ưu hóa hiệu suất năng lượng, giúp chuột có thời lượng pin ấn tượng, cho phép bạn chinh phục mọi trận chiến mà không lo hết pin giữa chừng. Thiết kế tối giản, công thái học được tối ưu hóa cho cảm giác cầm nắm thoải mái, chắc chắn, phù hợp với nhiều kiểu cầm khác nhau. Bề mặt mượt mà cùng các nút bấm được cải tiến mang lại cảm giác click giòn, nhạy và độ bền vượt trội. Logitech G Pro X Superlight Wireless Red không chỉ là một con chuột, mà là một \"vũ khí\" tối thượng giúp bạn nâng tầm kỹ năng và thống trị mọi chiến trường ảo.',
            24, 'https://product.hstatic.net/200000722513/product/thumbchuot_a405fadb92a34c429c3eed4d11a84fb5.jpg', '2024-05-22T11:06:23+00:00',1);
        
INSERT INTO product_image (name, product_variant_id, image_url, is_main)
VALUES
    ('Ảnh 1', 489, 'https://product.hstatic.net/200000722513/product/thumbchuot_a405fadb92a34c429c3eed4d11a84fb5.jpg', TRUE),
    ('Ảnh 2', 489, 'https://product.hstatic.net/200000722513/product/ech-g-pro-x-superlight-wireless-red-1_e9b9c83c5b014121b05142091ca1a7b7_004abc48664340e79e53c5af323a2355.jpg', FALSE),
    ('Ảnh 3', 489, 'https://product.hstatic.net/200000722513/product/ech-g-pro-x-superlight-wireless-red-2_65449c18fee64a0d950039d6f5bc5c24_24eff5362248456d8665a6f7807245f5.jpg', FALSE),
    ('Ảnh 4', 489, 'https://product.hstatic.net/200000722513/product/ech-g-pro-x-superlight-wireless-red-3_40c84cc686df4ce4bf01584306f68342_e94de546ae04479daa16c15f71b974ed.jpg', FALSE),
    ('Ảnh 5', 489, 'https://product.hstatic.net/200000722513/product/ech-g-pro-x-superlight-wireless-red-4_0d8bee5e7b6a4f7da8e694c8481be033_ec1206fda17649eaaf162efe34aea341.jpg', FALSE),
    ('Ảnh 6', 489, 'https://product.hstatic.net/200000722513/product/ech-g-pro-x-superlight-wireless-red-5_409f7a871aad498c961f4b086000bf3d_bf8524dd5f514711b390901f1765ce85.jpg', FALSE),
    ('Ảnh 7', 489, 'https://product.hstatic.net/200000722513/product/ech-g-pro-x-superlight-wireless-red-6_a590e849c7bb4beab901036cc155debf_d05382a2d1634866acde69f2ab7b54f2.jpg', FALSE),
    ('Ảnh 8', 489, 'https://product.hstatic.net/200000722513/product/ech-g-pro-x-superlight-wireless-red-7_a694fefa19f04a2b9e72b3546101e455_a06ae3570bab4e398799fb544c97a8dd.jpg', FALSE),
    ('Ảnh 9', 489, 'https://product.hstatic.net/200000722513/product/ech-g-pro-x-superlight-wireless-red-8_057be682557b44f4b665a847bcf9499c_30ad859439144f65846221cd5a4c3c24.jpg', FALSE),
    ('Ảnh 10', 489, 'https://product.hstatic.net/200000722513/product/ech-g-pro-x-superlight-wireless-red-9_9495ef6ff8484781a2927c1cc79dfdec_4da8af77e00640d8bdf810d260d6fb60.jpg', FALSE);
---
INSERT INTO product (name, seo_name, brand_id, specifications, description, created_by, image_url) 
    VALUES (
        'Chuột AKKO Smart 1 Sailor Moon', 'chuot-akko-smart-1-sailor-moon', 4,
        '{"Tên sản phẩm": "Chuột AKKO Smart 1 Sailor Moon", "Hãng sản xuất": "AKKO", "Chất liệu": "Nhựa ABS", "Màu sắc": "Trắng, Hồng (theo chủ đề Sailor Moon)", "Kiểu kết nối": "Không dây Wireless 2.4GHz", "Cảm biến": "Optical Sensor", "Độ phân giải DPI": "Tùy chỉnh (800/1200/1600/2400 DPI)", "Tần số phản hồi": "125Hz - 250Hz", "Số nút bấm": "5 nút", "Tuổi thọ nút bấm": "Khoảng 3 triệu lần nhấn", "Pin": "1 x AA", "Tương thích hệ điều hành": "Windows, macOS, Linux", "Kích thước": "Khoảng 100mm x 60mm x 35mm", "Trọng lượng": "Khoảng 70g (chưa bao gồm pin)", "Đèn LED": "Có (tùy chỉnh hoặc tắt/mở)", "Tính năng đặc biệt": "Thiết kế độc đáo theo phong cách Sailor Moon, công nghệ tiết kiệm pin"}',
        'Chuột AKKO Smart 1 Sailor Moon lấy cảm hứng từ Sailor Moon mang đến một diện mạo cá tính và thu hút. Trên thân chuột có họa tiết ngôi sao lấp lánh, kèm theo là biểu tượng Sailor Moon tinh tế trên nút scroll giúp sản phẩm trở nên đẹp mắt và ấn tượng hơn.\n\n- Chuột AKKO Smart 1 Sailor Moon\n\nHiệu suất hoàn hảo, chơi game mượt mà\nChuột AKKO Smart 1 Sailor Moon sở hữu cảm biến 1,200 DPI và tốc độ quay 125Hz mang đến sự nhạy bén và chính xác cao cho cả công việc văn phòng và chơi game giải trí. Khoảng cách kết nối lên đến 10m tiện lợi cho việc di chuyển của bạn trong quá trình thuyết trình, báo cáo hay cần thao tác trên màn hình từ xa.\n\n- Chuột AKKO Smart 1 Sailor Moon\n\nTiện lợi và tiết kiệm, sử dụng lâu dài không lo về pin\nAKKO Smart 1 Sailor Moon sử dụng chỉ 1 pin AA và có thời gian sử dụng lên đến 6 tháng. bạn không còn phải lo lắng về việc thay pin thường xuyên. Với việc này, bạn không còn phải tốn nhiều chi phí trong quá trình sử dụng chuột máy tính của mình.',
        1, 'https://product.hstatic.net/200000722513/product/1-b5f62cc1-b80d-46e7-bf25-12f58f_03b1ece51c1347daaa9daa1126fd497c.png'
    );
INSERT INTO product_category (product_id, category_id) VALUES (490, 27);
INSERT INTO product_variant (
        product_id, name, seo_name, supplier_id, price, price_sale, quantity, sku, model, barcode, 
        specifications, description, warranty, image_url, release_at, created_by)
        VALUES ( 490, 'Chuột AKKO Smart 1 Sailor Moon', 'chuot-akko-smart-1-sailor-moon',
            1, 369000, 290000, 10, 'CHU-AKKO-S1-SAILOR-MOON',
            'CHU-AKKO-S1-SAILOR-MOON', 'CHU-AKKO-S1-SAILOR-MOON',
            '{"Tên sản phẩm": "Chuột AKKO Smart 1 Sailor Moon", "Hãng sản xuất": "AKKO", "Chất liệu": "Nhựa ABS", "Màu sắc": "Trắng, Hồng (theo chủ đề Sailor Moon)", "Kiểu kết nối": "Không dây Wireless 2.4GHz", "Cảm biến": "Optical Sensor", "Độ phân giải DPI": "Tùy chỉnh (800/1200/1600/2400 DPI)", "Tần số phản hồi": "125Hz - 250Hz", "Số nút bấm": "5 nút", "Tuổi thọ nút bấm": "Khoảng 3 triệu lần nhấn", "Pin": "1 x AA", "Tương thích hệ điều hành": "Windows, macOS, Linux", "Kích thước": "Khoảng 100mm x 60mm x 35mm", "Trọng lượng": "Khoảng 70g (chưa bao gồm pin)", "Đèn LED": "Có (tùy chỉnh hoặc tắt/mở)", "Tính năng đặc biệt": "Thiết kế độc đáo theo phong cách Sailor Moon, công nghệ tiết kiệm pin"}',
            'Chuột AKKO Smart 1 Sailor Moon lấy cảm hứng từ Sailor Moon mang đến một diện mạo cá tính và thu hút. Trên thân chuột có họa tiết ngôi sao lấp lánh, kèm theo là biểu tượng Sailor Moon tinh tế trên nút scroll giúp sản phẩm trở nên đẹp mắt và ấn tượng hơn.\n\n- Chuột AKKO Smart 1 Sailor Moon\n\nHiệu suất hoàn hảo, chơi game mượt mà\nChuột AKKO Smart 1 Sailor Moon sở hữu cảm biến 1,200 DPI và tốc độ quay 125Hz mang đến sự nhạy bén và chính xác cao cho cả công việc văn phòng và chơi game giải trí. Khoảng cách kết nối lên đến 10m tiện lợi cho việc di chuyển của bạn trong quá trình thuyết trình, báo cáo hay cần thao tác trên màn hình từ xa.\n\n- Chuột AKKO Smart 1 Sailor Moon\n\nTiện lợi và tiết kiệm, sử dụng lâu dài không lo về pin\nAKKO Smart 1 Sailor Moon sử dụng chỉ 1 pin AA và có thời gian sử dụng lên đến 6 tháng. bạn không còn phải lo lắng về việc thay pin thường xuyên. Với việc này, bạn không còn phải tốn nhiều chi phí trong quá trình sử dụng chuột máy tính của mình.',
            12, 'https://product.hstatic.net/200000722513/product/1-b5f62cc1-b80d-46e7-bf25-12f58f_03b1ece51c1347daaa9daa1126fd497c.png', '2024-09-26T03:09:08+00:00',1);
        
INSERT INTO product_image (name, product_variant_id, image_url, is_main)
VALUES
    ('Ảnh 1', 490, 'https://product.hstatic.net/200000722513/product/1-b5f62cc1-b80d-46e7-bf25-12f58f_03b1ece51c1347daaa9daa1126fd497c.png', TRUE),
    ('Ảnh 2', 490, 'https://product.hstatic.net/200000722513/product/chuot-khong-day-akko-smart1-sail__3__70a4fec24bee4a52bedb17e13f8c8cbc.png', FALSE),
    ('Ảnh 3', 490, 'https://product.hstatic.net/200000722513/product/chuot-khong-day-akko-smart1-sail__2__6ee2e778658f4a439ab8e1cec7c8d23e.png', FALSE),
    ('Ảnh 4', 490, 'https://product.hstatic.net/200000722513/product/chuot-khong-day-akko-smart1-sail__1__063420b0ea55459ba0c892bb75568512.png', FALSE),
    ('Ảnh 5', 490, 'https://product.hstatic.net/200000722513/product/chuot-khong-day-akko-smart1-sail_13b2ed519ff340d18915e6eaa914313e.png', FALSE);
---
INSERT INTO product (name, seo_name, brand_id, specifications, description, created_by, image_url) 
    VALUES (
        'Chuột Logitech G Pro X Superlight 2 Dex Wireless Black', 'chuot-logitech-g-pro-x-superlight-2-dex-wireless-black', 13,
        '{"Tên sản phẩm": "Chuột Logitech G Pro X Superlight 2 Dex Wireless Black", "Thương hiệu": "Logitech G", "Màu sắc": "Đen (Black)", "Kết nối": "Không dây LIGHTSPEED Wireless", "Cảm biến": "HERO 2 thế hệ mới", "DPI tối đa": "32000 DPI", "Tốc độ theo dõi": "500 IPS", "Gia tốc tối đa": "40 G", "Tần số báo cáo USB": "2000 Hz", "Tuổi thọ pin": "Lên đến 95 giờ", "Trọng lượng": "Khoảng 60 gram", "Switch": "Mechanical Hybrid Switches (Lightforce)", "Nút có thể lập trình": "5 nút", "Tương thích": "Windows, macOS, ChromeOS, Linux", "Phần mềm điều khiển": "Logitech G HUB", "Tích hợp bộ nhớ trong": "Có", "Đèn LED báo pin": "Có", "Công nghệ sạc": "USB-C"}',
        'Đánh giá chi tiết chuột Logitech G Pro X Superlight 2 Lightspeed Wireless Black\n\nLogitech G Pro X Superlight 2 Lightspeed Wireless là một thiết bị chuột không dây cao cấp, sở hữu ngoại hình tân tiến mang lại cho người dùng trải nghiệm êm tay. Bên cạnh đó, trọng lượng siêu nhẹ kết hợp với thiết kế không dây đã giúp sản phẩm này chinh phục được các game thủ chuyên nghiệp hay những người yêu thích chơi điện tử.\n\nThiết kế công thái học, trọng lượng chỉ có 60 gram\n\nVới thiết kế công thái học độc đáo và hàng loạt tính năng đỉnh cao khác, chuột Logitech G Pro X Superlight 2 Lightspeed sẽ giúp bạn đạt được độ chính xác tuyệt đối trong từng cú click. Bên cạnh đó, sản phẩm còn sở hữu trọng lượng siêu nhẹ 60g, mang đến sự linh hoạt tối đa, giúp bạn nhanh chóng thích nghi với mọi tình huống trong game.\n\nCảm biến Hero 2 mang lại hiệu suất vượt trội\n\nChuột Logitech G Pro X Superlight 2 Lightspeed Wireless được trang bị bộ cảm biến HERO 2 đầy tân tiến, mang lại độ chính xác cùng độ nhạy cao, để bạn dễ dàng điều khiển trong mọi tình huống với những cú click chuột siêu nhanh. Bên cạnh đó, việc kết nối không dây cũng nâng cao tốc độ phản hồi, tần số gửi tín hiệu có khả năng lên tới 2000Hz cho độ trễ gần như bằng 0, đây quả thật là một trợ thủ đắc lực cho các game thủ.\n\nSở hữu switch HYBRID LIGHTFORCE hàng đầu\n\nLogitech đã khéo léo kết hợp công nghệ phím quang học cùng cơ học để cải thiện tốc độ và độ tin cậy nổi bật cho Logitech G Pro X Superlight 2 Lightspeed. Sự kết hợp độc đáo giữa switch quang học và micro switch điện truyền thống không chỉ mang đến tốc độ phản hồi cực nhanh, độ bền cao mà còn tiết kiệm năng lượng tối đa.\n\nDung lượng pin lên đến 95 giờ',
        1, 'https://product.hstatic.net/200000722513/product/pro-x-superlight-2-dex-black-gal_8e2163b06e86419eb2f99ecb7dccda8f.png'
    );
INSERT INTO product_category (product_id, category_id) VALUES (491, 27);
INSERT INTO product_variant (
        product_id, name, seo_name, supplier_id, price, price_sale, quantity, sku, model, barcode, 
        specifications, description, warranty, image_url, release_at, created_by)
        VALUES ( 491, 'Chuột Logitech G Pro X Superlight 2 Dex Wireless Black', 'chuot-logitech-g-pro-x-superlight-2-dex-wireless-black',
            1, 3899000, 3190000, 10, 'CHU-LOGITECH-G-PRO-X-SUPERLIGHT-2-DEX-WL-BLACK',
            'CHU-LOGITECH-G-PRO-X-SUPERLIGHT-2-DEX-WL-BLACK', 'CHU-LOGITECH-G-PRO-X-SUPERLIGHT-2-DEX-WL-BLACK',
            '{"Tên sản phẩm": "Chuột Logitech G Pro X Superlight 2 Dex Wireless Black", "Thương hiệu": "Logitech G", "Màu sắc": "Đen (Black)", "Kết nối": "Không dây LIGHTSPEED Wireless", "Cảm biến": "HERO 2 thế hệ mới", "DPI tối đa": "32000 DPI", "Tốc độ theo dõi": "500 IPS", "Gia tốc tối đa": "40 G", "Tần số báo cáo USB": "2000 Hz", "Tuổi thọ pin": "Lên đến 95 giờ", "Trọng lượng": "Khoảng 60 gram", "Switch": "Mechanical Hybrid Switches (Lightforce)", "Nút có thể lập trình": "5 nút", "Tương thích": "Windows, macOS, ChromeOS, Linux", "Phần mềm điều khiển": "Logitech G HUB", "Tích hợp bộ nhớ trong": "Có", "Đèn LED báo pin": "Có", "Công nghệ sạc": "USB-C"}',
            'Đánh giá chi tiết chuột Logitech G Pro X Superlight 2 Lightspeed Wireless Black\n\nLogitech G Pro X Superlight 2 Lightspeed Wireless là một thiết bị chuột không dây cao cấp, sở hữu ngoại hình tân tiến mang lại cho người dùng trải nghiệm êm tay. Bên cạnh đó, trọng lượng siêu nhẹ kết hợp với thiết kế không dây đã giúp sản phẩm này chinh phục được các game thủ chuyên nghiệp hay những người yêu thích chơi điện tử.\n\nThiết kế công thái học, trọng lượng chỉ có 60 gram\n\nVới thiết kế công thái học độc đáo và hàng loạt tính năng đỉnh cao khác, chuột Logitech G Pro X Superlight 2 Lightspeed sẽ giúp bạn đạt được độ chính xác tuyệt đối trong từng cú click. Bên cạnh đó, sản phẩm còn sở hữu trọng lượng siêu nhẹ 60g, mang đến sự linh hoạt tối đa, giúp bạn nhanh chóng thích nghi với mọi tình huống trong game.\n\nCảm biến Hero 2 mang lại hiệu suất vượt trội\n\nChuột Logitech G Pro X Superlight 2 Lightspeed Wireless được trang bị bộ cảm biến HERO 2 đầy tân tiến, mang lại độ chính xác cùng độ nhạy cao, để bạn dễ dàng điều khiển trong mọi tình huống với những cú click chuột siêu nhanh. Bên cạnh đó, việc kết nối không dây cũng nâng cao tốc độ phản hồi, tần số gửi tín hiệu có khả năng lên tới 2000Hz cho độ trễ gần như bằng 0, đây quả thật là một trợ thủ đắc lực cho các game thủ.\n\nSở hữu switch HYBRID LIGHTFORCE hàng đầu\n\nLogitech đã khéo léo kết hợp công nghệ phím quang học cùng cơ học để cải thiện tốc độ và độ tin cậy nổi bật cho Logitech G Pro X Superlight 2 Lightspeed. Sự kết hợp độc đáo giữa switch quang học và micro switch điện truyền thống không chỉ mang đến tốc độ phản hồi cực nhanh, độ bền cao mà còn tiết kiệm năng lượng tối đa.\n\nDung lượng pin lên đến 95 giờ',
            24, 'https://product.hstatic.net/200000722513/product/pro-x-superlight-2-dex-black-gal_8e2163b06e86419eb2f99ecb7dccda8f.png', '2024-09-24T08:26:40+00:00',1);
        
INSERT INTO product_image (name, product_variant_id, image_url, is_main)
VALUES
    ('Ảnh 1', 491, 'https://product.hstatic.net/200000722513/product/pro-x-superlight-2-dex-black-gal_8e2163b06e86419eb2f99ecb7dccda8f.png', TRUE),
    ('Ảnh 2', 491, 'https://product.hstatic.net/200000722513/product/gearvn-chuot-logitech-g-pro-x-superlight-2-dex-wireless-black-1_308e73fe70324e739ea2ad7e3903ce43.jpg', FALSE),
    ('Ảnh 3', 491, 'https://product.hstatic.net/200000722513/product/gearvn-chuot-logitech-g-pro-x-superlight-2-dex-wireless-black-2_62414b0649ee45d79cd9bf554035be70.jpg', FALSE),
    ('Ảnh 4', 491, 'https://product.hstatic.net/200000722513/product/gearvn-chuot-logitech-g-pro-x-superlight-2-dex-wireless-black-3_3515c0723dfe418ba7b5c85c48fd8826.jpg', FALSE),
    ('Ảnh 5', 491, 'https://product.hstatic.net/200000722513/product/gearvn-chuot-logitech-g-pro-x-superlight-2-dex-wireless-black-4_53b0761bf1fa4a81bd9041b61d075621.jpg', FALSE),
    ('Ảnh 6', 491, 'https://product.hstatic.net/200000722513/product/gearvn-chuot-logitech-g-pro-x-superlight-2-dex-wireless-black-5_8e6a0f87996e475b907f4a57e574fb96.jpg', FALSE),
    ('Ảnh 7', 491, 'https://product.hstatic.net/200000722513/product/gearvn-chuot-logitech-g-pro-x-superlight-2-dex-wireless-black-6_832a47c6649f488b96c34f5fc4c8c354.jpg', FALSE),
    ('Ảnh 8', 491, 'https://product.hstatic.net/200000722513/product/gearvn-chuot-logitech-g-pro-x-superlight-2-dex-wireless-black-7_f5df6d72fa1547e093cac19870717845.jpg', FALSE),
    ('Ảnh 9', 491, 'https://product.hstatic.net/200000722513/product/gearvn-chuot-logitech-g-pro-x-superlight-2-dex-wireless-black-8_491795e8cf81458b93d8e8f5120b7e66.jpg', FALSE);
---
INSERT INTO product (name, seo_name, brand_id, specifications, description, created_by, image_url) 
    VALUES (
        'Chuột Logitech G Pro X Superlight Wireless Pink', 'chuot-logitech-g-pro-x-superlight-wireless-pink', 13,
        '{"Hãng sản xuất:": "Logitech", "Model:": "G Pro X Superlight Wireless Pink", "Màu:": "Pink", "Tần suất gửi tín hiệu USB:": "1000 Hz (1ms)", "Bộ vi xử lý:": "ARM 32-bit", "Thời lượng pin:": "70 giờ", "Tương thích:": "POWERPLAY", "Công nghệ không dây:": "LIGHTSPEED", "Chân chuột:": "Nhựa PTFE không pha tạp", "Số nút:": "5 nút", "Cảm biến:": "HERO", "Độ phân giải:": "100 – 25.400 DPI", "Tăng tốc tối đa:": "> 40 G", "Tốc độ tối đa:": "> 400 IPS", "Kích thước:": "125,0 x 63,5 x 40,0 mm", "Trọng lượng:": "< 63 g"}',
        'Chuột Logitech G Pro X Superlight Wireless là một trong những dòng chuột chơi game nhẹ nhất từ trước tới nay của Logitech. Logitech G Pro X Superlight Wireless White là một bước đột phá về kỹ thuật khi đạt được trọng lượng dưới 63 gram – nhẹ hơn gần 25% so với chuột PRO không dây tiêu chuẩn của Logitech.',
        1, 'https://product.hstatic.net/200000722513/product/1_81fcd168337f4753b00f14e761806a93_accbc40c9e3140a2a6a18cace29cb11a.png'
    );
INSERT INTO product_category (product_id, category_id) VALUES (492, 27);
INSERT INTO product_variant (
        product_id, name, seo_name, supplier_id, price, price_sale, quantity, sku, model, barcode, 
        specifications, description, warranty, image_url, release_at, created_by)
        VALUES ( 492, 'Chuột Logitech G Pro X Superlight Wireless Pink', 'chuot-logitech-g-pro-x-superlight-wireless-pink',
            1, 3490000, 2790000, 10, 'CHU-LOG-G-PRO-X-SUP-W-PINK',
            'CHU-LOG-G-PRO-X-SUP-W-PINK', 'CHU-LOG-G-PRO-X-SUP-W-PINK',
            '{"Hãng sản xuất:": "Logitech", "Model:": "G Pro X Superlight Wireless Pink", "Màu:": "Pink", "Tần suất gửi tín hiệu USB:": "1000 Hz (1ms)", "Bộ vi xử lý:": "ARM 32-bit", "Thời lượng pin:": "70 giờ", "Tương thích:": "POWERPLAY", "Công nghệ không dây:": "LIGHTSPEED", "Chân chuột:": "Nhựa PTFE không pha tạp", "Số nút:": "5 nút", "Cảm biến:": "HERO", "Độ phân giải:": "100 – 25.400 DPI", "Tăng tốc tối đa:": "> 40 G", "Tốc độ tối đa:": "> 400 IPS", "Kích thước:": "125,0 x 63,5 x 40,0 mm", "Trọng lượng:": "< 63 g"}',
            'Chuột Logitech G Pro X Superlight Wireless là một trong những dòng chuột chơi game nhẹ nhất từ trước tới nay của Logitech. Logitech G Pro X Superlight Wireless White là một bước đột phá về kỹ thuật khi đạt được trọng lượng dưới 63 gram – nhẹ hơn gần 25% so với chuột PRO không dây tiêu chuẩn của Logitech.',
            24, 'https://product.hstatic.net/200000722513/product/1_81fcd168337f4753b00f14e761806a93_accbc40c9e3140a2a6a18cace29cb11a.png', '2025-04-20T09:58:51+00:00',1);
        
INSERT INTO product_image (name, product_variant_id, image_url, is_main)
VALUES
    ('Ảnh 1', 492, 'https://product.hstatic.net/200000722513/product/1_81fcd168337f4753b00f14e761806a93_accbc40c9e3140a2a6a18cace29cb11a.png', TRUE),
    ('Ảnh 2', 492, 'https://product.hstatic.net/200000722513/product/bazooka-magenta-gallery-6_22b47ffcbe4943568d67bacde86cf4cb_c42d6447bdc64dd6a66b130e1f0fe9ef.jpg', FALSE),
    ('Ảnh 3', 492, 'https://product.hstatic.net/200000722513/product/bazooka-magenta-gallery-1_047f5f3ec8844a8f9b22682dfef4388c_61391343dfe646cc875c3f91e873b8f1.jpg', FALSE),
    ('Ảnh 4', 492, 'https://product.hstatic.net/200000722513/product/bazooka-magenta-gallery-2_4dead3c7bf5a47c4bb2207c832e2c49d_8fd8697502cf4d1db3fcf5e5eb8693cd.jpg', FALSE),
    ('Ảnh 5', 492, 'https://product.hstatic.net/200000722513/product/bazooka-magenta-gallery-3_cf89a1fda5344bcbb359f112a790f72c_9f15ce9f47334f31be8cc1f8f50df47c.jpg', FALSE),
    ('Ảnh 6', 492, 'https://product.hstatic.net/200000722513/product/bazooka-magenta-gallery-4_fe6f16cf2796409c9d87e7a9a7a96b9e_7076f50afe80417daa0de925c808ed2c.jpg', FALSE),
    ('Ảnh 7', 492, 'https://product.hstatic.net/200000722513/product/bazooka-magenta-gallery-5_96244d7bcb864cb58ef23ec4621150f4_bb8249c3f5474dd28213894e8c45dcf6.jpg', FALSE);
---
INSERT INTO product (name, seo_name, brand_id, specifications, description, created_by, image_url) 
    VALUES (
        'Chuột ASUS ROG Harpe Ace Aim Lab Edition', 'chuot-asus-rog-harpe-ace-aim-lap-edition', 3,
        '{"Nhà sản xuất": "Asus","Model": "ROG Harpe Ace Aim Lab Edition","Kết nối": "USB 2.0 (TypeC sang TypeA), Bluetooth 5.1, RF 2.4GHz","DPI": "36000","Đèn nền": "Aura Sync","Cảm biến": "ROG AimPoint","Số nút": "5","Switch chuột": "Switch cơ ROG","Độ bền Switch chuột": "70 triệu lần nhấn","Pin": "Li-Ion","Thời lượng pin (không led)": "90 giờ","Thời lượng pin (có led)": "79 giờ","IPS": "650","Gia tốc": "50G","Phần mềm": "Armoury Crate","Kích thước": "127.5(L) x 63.7(W) x 39.6(H) mm","Trọng lượng": "54g"}',
        'ROG Harpe Ace Aim Lab Edition là một chuột chơi game không dây siêu nhẹ nặng 54 gram với thiết kế được phát triển cùng các chuyên gia chơi game chuyên nghiệp, cảm biến quang học ROG AimPoint 36.000 dpi, công nghệ không dây ROG SpeedNova, kết nối ba chế độ, các nút nhấn ROG Micro Switches, năm nút có thể lập trình, và chức năng cài đặt profile tương hỗ với bộ tối ưu hóa cài đặt Aim Lab.\nThiết kế được kiểm thử bởi chuyên gia chơi game chuyên nghiệp:: Thiết kế chuột được phát triển cùng với các chuyên gia chơi game chuyên nghiệp để đảm bảo tối đa tính ổn định và kiểm soát mạnh mẽ khi di chuyển và theo dõi chuyển động.  \nTối ưu hóa cài đặt Aim Lab: Phần mềm hỗ trợ phân tích sức mạnh và phong cách chơi của người dùng để tùy chỉnh các cài đặt chuột dành riêng cho mỗi người chơi.\nThiết kế nhẹ 54 gramn: Giảm trọng lượng thông qua nghiên cứu kỹ thuật và sử dụng vật liệu nylon sinh học sáng tạo.\nCảm biến quang học ROG AimPoint: Cảm biến quang học 36.000 dpi thế hệ tiếp theo với sai số cpi ít hơn 1% cho độ chính xác tối đa.\nKết nối ba chế độ: Độ linh hoạt vô song với kết nối USB có dây, RF 2,4 GHz thấp độ trễ cùng chế độ Bluetooth® để kết nối tối đa 3 thiết bị.\nCông nghệ không dây ROG SpeedNova: Hiệu suất không dây độ trễ thấp, đáng tin cậy và tối ưu hóa năng lượng trong chế độ RF 2,4 GHz.\nĐiều khiển ngay trên con chuột Cho phép điều chỉnh các cài đặt chuột thường được sử dụng trực tiếp bằng cách nhấn các phím chuột khác nhau.  \nROG Micro Switches: Cung cấp tuổi thọ 70 triệu lần nhấn và cảm giác nhấn kiểm soát và nhất quán.\nMiếng dán chuột chống trượt: Bám chặt và đầy phong cách\nDây cáp ROG Paracord và chân chuột 100% PTFE: Vật liệu chất lượng giúp di chuyển mượt mà và nhanh chóng\nNVIDIA Reflex: Được cấp phép chính thức sử dụng với NVIDIA Reflex Latency Analyzer để theo dõi độ phản hồi của chuột',
        1, 'https://product.hstatic.net/200000722513/product/rog-harpe-ace-aim-lab-edition-01_bfb819666f4648ebbee27f43697f4634.jpg'
    );
INSERT INTO product_category (product_id, category_id) VALUES (493, 27);
INSERT INTO product_variant (
        product_id, name, seo_name, supplier_id, price, price_sale, quantity, sku, model, barcode, 
        specifications, description, warranty, image_url, release_at, created_by)
        VALUES ( 493, 'Chuột ASUS ROG Harpe Ace Aim Lab Edition', 'chuot-asus-rog-harpe-ace-aim-lap-edition',
            1, 3190000, 2990000, 10, 'CHU-ASUS-ROG-HARPE-ACE-ALE',
            'CHU-ASUS-ROG-HARPE-ACE-ALE', 'CHU-ASUS-ROG-HARPE-ACE-ALE',
            '{"Nhà sản xuất": "Asus","Model": "ROG Harpe Ace Aim Lab Edition","Kết nối": "USB 2.0 (TypeC sang TypeA), Bluetooth 5.1, RF 2.4GHz","DPI": "36000","Đèn nền": "Aura Sync","Cảm biến": "ROG AimPoint","Số nút": "5","Switch chuột": "Switch cơ ROG","Độ bền Switch chuột": "70 triệu lần nhấn","Pin": "Li-Ion","Thời lượng pin (không led)": "90 giờ","Thời lượng pin (có led)": "79 giờ","IPS": "650","Gia tốc": "50G","Phần mềm": "Armoury Crate","Kích thước": "127.5(L) x 63.7(W) x 39.6(H) mm","Trọng lượng": "54g"}',
            'ROG Harpe Ace Aim Lab Edition là một chuột chơi game không dây siêu nhẹ nặng 54 gram với thiết kế được phát triển cùng các chuyên gia chơi game chuyên nghiệp, cảm biến quang học ROG AimPoint 36.000 dpi, công nghệ không dây ROG SpeedNova, kết nối ba chế độ, các nút nhấn ROG Micro Switches, năm nút có thể lập trình, và chức năng cài đặt profile tương hỗ với bộ tối ưu hóa cài đặt Aim Lab.\nThiết kế được kiểm thử bởi chuyên gia chơi game chuyên nghiệp:: Thiết kế chuột được phát triển cùng với các chuyên gia chơi game chuyên nghiệp để đảm bảo tối đa tính ổn định và kiểm soát mạnh mẽ khi di chuyển và theo dõi chuyển động.  \nTối ưu hóa cài đặt Aim Lab: Phần mềm hỗ trợ phân tích sức mạnh và phong cách chơi của người dùng để tùy chỉnh các cài đặt chuột dành riêng cho mỗi người chơi.\nThiết kế nhẹ 54 gramn: Giảm trọng lượng thông qua nghiên cứu kỹ thuật và sử dụng vật liệu nylon sinh học sáng tạo.\nCảm biến quang học ROG AimPoint: Cảm biến quang học 36.000 dpi thế hệ tiếp theo với sai số cpi ít hơn 1% cho độ chính xác tối đa.\nKết nối ba chế độ: Độ linh hoạt vô song với kết nối USB có dây, RF 2,4 GHz thấp độ trễ cùng chế độ Bluetooth® để kết nối tối đa 3 thiết bị.\nCông nghệ không dây ROG SpeedNova: Hiệu suất không dây độ trễ thấp, đáng tin cậy và tối ưu hóa năng lượng trong chế độ RF 2,4 GHz.\nĐiều khiển ngay trên con chuột Cho phép điều chỉnh các cài đặt chuột thường được sử dụng trực tiếp bằng cách nhấn các phím chuột khác nhau.  \nROG Micro Switches: Cung cấp tuổi thọ 70 triệu lần nhấn và cảm giác nhấn kiểm soát và nhất quán.\nMiếng dán chuột chống trượt: Bám chặt và đầy phong cách\nDây cáp ROG Paracord và chân chuột 100% PTFE: Vật liệu chất lượng giúp di chuyển mượt mà và nhanh chóng\nNVIDIA Reflex: Được cấp phép chính thức sử dụng với NVIDIA Reflex Latency Analyzer để theo dõi độ phản hồi của chuột',
            24, 'https://product.hstatic.net/200000722513/product/rog-harpe-ace-aim-lab-edition-01_bfb819666f4648ebbee27f43697f4634.jpg', '2023-06-02T05:48:46+00:00',1);
        
INSERT INTO product_image (name, product_variant_id, image_url, is_main)
VALUES
    ('Ảnh 1', 493, 'https://product.hstatic.net/200000722513/product/rog-harpe-ace-aim-lab-edition-01_bfb819666f4648ebbee27f43697f4634.jpg', TRUE),
    ('Ảnh 2', 493, 'https://product.hstatic.net/200000722513/product/rog-harpe-ace-aim-lab-edition-08_af136444fc934e09b57a6acc3fe0a52a.jpg', FALSE),
    ('Ảnh 3', 493, 'https://product.hstatic.net/200000722513/product/rog-harpe-ace-aim-lab-edition-03_49a8f96c5dd04516940c7b0cb3aafd5e.jpg', FALSE),
    ('Ảnh 4', 493, 'https://product.hstatic.net/200000722513/product/rog-harpe-ace-aim-lab-edition-07_a239aff23b934694917a6dcadf84a0f9.jpg', FALSE),
    ('Ảnh 5', 493, 'https://product.hstatic.net/200000722513/product/rog-harpe-ace-aim-lab-edition-04_d24fc5fed29a4ebda7df6cae01205b5e.jpg', FALSE),
    ('Ảnh 6', 493, 'https://product.hstatic.net/200000722513/product/rog-harpe-ace-aim-lab-edition-06_adfe3ed081774d5f860ae3e64109629f.jpg', FALSE),
    ('Ảnh 7', 493, 'https://product.hstatic.net/200000722513/product/rog-harpe-ace-aim-lab-edition-05_eb6c10524ad9443486fdef36efb3ae5d.jpg', FALSE),
    ('Ảnh 8', 493, 'https://product.hstatic.net/200000722513/product/rog-harpe-ace-aim-lab-edition-02_c014c668c2f34557864f5f6f1cf8a990.jpg', FALSE),
    ('Ảnh 9', 493, 'https://product.hstatic.net/200000722513/product/rog-harpe-ace-aim-lab-edition-09_58e53f440dd2459bb46693b88a979f5c.jpg', FALSE);
---
INSERT INTO product (name, seo_name, brand_id, specifications, description, created_by, image_url) 
    VALUES (
        'Chuột Logitech MX Anywhere 3S Rose', 'chuot-logitech-mx-anywhere-3s-rose', 13,
        '{"Loại chuột": "Văn phòng", "Màu sắc": "Hồng", "Trọng lượng": "99g", "Kích thước": "10.05 x 6.5 x 3.44 cm", "Công nghệ cảm biến": "Cảm biến Darkfield", "DPI": "200 - 8000 DPI", "Số nút": "6 nút", "Khoảng cách không dây": "10 m", "Kết nối": "Bluetooth", "Pin": "500 mAh có thể sạc (qua cáp USB-C đi kèm)", "Phần mềm": "Logi Options và Logitech Flow"}',
        'Chuột Logitech MX Anywhere 3S Rose là sự kết hợp hoàn hảo giữa phong cách, hiệu suất và tính di động, được thiết kế dành riêng cho những người dùng hiện đại luôn di chuyển. Với tông màu hồng Rose tinh tế và sang trọng, chiếc chuột này không chỉ là một công cụ làm việc mà còn là một phụ kiện thời trang nổi bật trên bàn làm việc của bạn.\n\nĐiểm nhấn của MX Anywhere 3S chính là khả năng làm việc trên hầu hết mọi bề mặt, kể cả mặt kính dày tối thiểu 4mm, nhờ công nghệ cảm biến Darkfield tiên tiến. Dù bạn đang làm việc tại quán cà phê, trên ghế sofa hay trong văn phòng, hiệu suất của chuột vẫn được đảm bảo tối ưu. Tính năng cuộn MagSpeed Electromagnetic là một bước đột phá, cho phép bạn cuộn 1.000 dòng trong một giây với độ chính xác tuyệt đối, hoặc chuyển sang chế độ cuộn từng nấc khi cần sự kiểm soát tỉ mỉ.\n\nKết nối đa năng là ưu điểm vượt trội khác của sản phẩm. Bạn có thể dễ dàng kết nối MX Anywhere 3S với tối đa ba thiết bị qua Bluetooth hoặc đầu thu Logi Bolt USB, và chuyển đổi giữa chúng chỉ bằng một nút nhấn. Điều này cực kỳ tiện lợi cho những người làm việc trên nhiều máy tính hoặc hệ điều hành khác nhau.\n\nVới trọng lượng nhẹ và thiết kế công thái học nhỏ gọn, chuột vừa vặn hoàn hảo trong lòng bàn tay và dễ dàng cất giữ vào túi xách. Pin sạc USB-C cho thời lượng sử dụng ấn tượng lên đến 70 ngày chỉ với một lần sạc đầy, và chỉ cần sạc nhanh một phút là có thể dùng được ba giờ. Một cải tiến đáng giá ở phiên bản 3S là các nút bấm giờ đây cực kỳ êm ái, giảm đến 90% tiếng ồn khi click chuột, mang lại không gian làm việc yên tĩnh hơn. Logitech MX Anywhere 3S Rose chắc chắn là lựa chọn lý tưởng cho những ai tìm kiếm sự tiện lợi, hiệu quả và phong cách.',
        1, 'https://product.hstatic.net/200000722513/product/mx-anywhere-3s-mouse-top-view-rose_4d2c04ed515543028a7ea100a3f4e8b1.png'
    );
INSERT INTO product_category (product_id, category_id) VALUES (494, 27);
INSERT INTO product_variant (
        product_id, name, seo_name, supplier_id, price, price_sale, quantity, sku, model, barcode, 
        specifications, description, warranty, image_url, release_at, created_by)
        VALUES ( 494, 'Chuột Logitech MX Anywhere 3S Rose', 'chuot-logitech-mx-anywhere-3s-rose',
            1, 1750000, 1530000, 10, 'CHU-LOGITECH-MX-ANYWHERE-3S-ROSE',
            'CHU-LOGITECH-MX-ANYWHERE-3S-ROSE', 'CHU-LOGITECH-MX-ANYWHERE-3S-ROSE',
            '{"Loại chuột": "Văn phòng", "Màu sắc": "Hồng", "Trọng lượng": "99g", "Kích thước": "10.05 x 6.5 x 3.44 cm", "Công nghệ cảm biến": "Cảm biến Darkfield", "DPI": "200 - 8000 DPI", "Số nút": "6 nút", "Khoảng cách không dây": "10 m", "Kết nối": "Bluetooth", "Pin": "500 mAh có thể sạc (qua cáp USB-C đi kèm)", "Phần mềm": "Logi Options và Logitech Flow"}',
            'Chuột Logitech MX Anywhere 3S Rose là sự kết hợp hoàn hảo giữa phong cách, hiệu suất và tính di động, được thiết kế dành riêng cho những người dùng hiện đại luôn di chuyển. Với tông màu hồng Rose tinh tế và sang trọng, chiếc chuột này không chỉ là một công cụ làm việc mà còn là một phụ kiện thời trang nổi bật trên bàn làm việc của bạn.\n\nĐiểm nhấn của MX Anywhere 3S chính là khả năng làm việc trên hầu hết mọi bề mặt, kể cả mặt kính dày tối thiểu 4mm, nhờ công nghệ cảm biến Darkfield tiên tiến. Dù bạn đang làm việc tại quán cà phê, trên ghế sofa hay trong văn phòng, hiệu suất của chuột vẫn được đảm bảo tối ưu. Tính năng cuộn MagSpeed Electromagnetic là một bước đột phá, cho phép bạn cuộn 1.000 dòng trong một giây với độ chính xác tuyệt đối, hoặc chuyển sang chế độ cuộn từng nấc khi cần sự kiểm soát tỉ mỉ.\n\nKết nối đa năng là ưu điểm vượt trội khác của sản phẩm. Bạn có thể dễ dàng kết nối MX Anywhere 3S với tối đa ba thiết bị qua Bluetooth hoặc đầu thu Logi Bolt USB, và chuyển đổi giữa chúng chỉ bằng một nút nhấn. Điều này cực kỳ tiện lợi cho những người làm việc trên nhiều máy tính hoặc hệ điều hành khác nhau.\n\nVới trọng lượng nhẹ và thiết kế công thái học nhỏ gọn, chuột vừa vặn hoàn hảo trong lòng bàn tay và dễ dàng cất giữ vào túi xách. Pin sạc USB-C cho thời lượng sử dụng ấn tượng lên đến 70 ngày chỉ với một lần sạc đầy, và chỉ cần sạc nhanh một phút là có thể dùng được ba giờ. Một cải tiến đáng giá ở phiên bản 3S là các nút bấm giờ đây cực kỳ êm ái, giảm đến 90% tiếng ồn khi click chuột, mang lại không gian làm việc yên tĩnh hơn. Logitech MX Anywhere 3S Rose chắc chắn là lựa chọn lý tưởng cho những ai tìm kiếm sự tiện lợi, hiệu quả và phong cách.',
            12, 'https://product.hstatic.net/200000722513/product/mx-anywhere-3s-mouse-top-view-rose_4d2c04ed515543028a7ea100a3f4e8b1.png', '2023-07-07T02:13:08+00:00',1);
        
INSERT INTO product_image (name, product_variant_id, image_url, is_main)
VALUES
    ('Ảnh 1', 494, 'https://product.hstatic.net/200000722513/product/mx-anywhere-3s-mouse-top-view-rose_4d2c04ed515543028a7ea100a3f4e8b1.png', TRUE),
    ('Ảnh 2', 494, 'https://product.hstatic.net/200000722513/product/mx-anywhere-3s-mouse-3qtr-back-rose_f7975ce678cc4d64985a52720ab1df73.png', FALSE),
    ('Ảnh 3', 494, 'https://product.hstatic.net/200000722513/product/mx-anywhere-3s-mouse-side-right-rose_b62ef60580b14a20b0f009d3932a0837.png', FALSE),
    ('Ảnh 4', 494, 'https://product.hstatic.net/200000722513/product/mx-anywhere-3s-mouse-side-left-rose_ef6aa5ceb1f643f187a197fd074847b7.png', FALSE),
    ('Ảnh 5', 494, 'https://product.hstatic.net/200000722513/product/mx-anywhere-3s-mouse-3qtr-front-rose_e3023894606344cc8ea0d9cb96efd1d0.png', FALSE),
    ('Ảnh 6', 494, 'https://product.hstatic.net/200000722513/product/mx-anywhere-3s-mouse-front-view-rose_f6e635d200304ca090593e3c1d9f3093.png', FALSE),
    ('Ảnh 7', 494, 'https://product.hstatic.net/200000722513/product/mx-anywhere-3s-mouse-fob-rose_e727c3bb873c4b859a2fbda4fa6a0ab4.png', FALSE),
    ('Ảnh 8', 494, 'https://product.hstatic.net/200000722513/product/mx-anywhere-3s-mouse-top-view-rose_21bdfdc5918847d7945eae0504a53724.png', FALSE),
    ('Ảnh 9', 494, 'https://product.hstatic.net/200000722513/product/mx-anywhere-3s-mouse-bottom-view-rose_689d8e7d75394cc8a729832cbe97a449.png', FALSE);
---
INSERT INTO product (name, seo_name, brand_id, specifications, description, created_by, image_url) 
    VALUES (
        'Chuột Pulsar không dây Pulsar X2H V3 Size2 White', 'chuot-pulsar-khong-day-pulsar-x2h-v3-size2-white', 40,
        '{"Tên sản phẩm": "Chuột Pulsar không dây Pulsar X2H V3 Size 2 White", "Thương hiệu": "Pulsar", "Model": "X2H V3", "Kích thước": "Size 2", "Màu sắc": "Trắng", "Loại kết nối": "Không dây", "Cảm biến": "Optical Sensor", "DPI tối đa": "26000", "Tần số lấy mẫu": "1000Hz", "Trọng lượng": "54g", "Pin": "Có thể sạc lại", "Switch": "Huano / Kailh GM 8.0 (tùy phiên bản)", "Tương thích": "Windows, macOS", "Phần mềm đi kèm": "Có", "Độ bền nút bấm": "80 triệu lượt nhấn"}',
        '**Một trong những điểm nổi bật nhất của chuột Pulsar X2H V3** chính là **thiết kế ergonomic được tinh chỉnh tỉ mỉ**. Với **form chuột đối xứng (Ambidextrous)** và **phần lưng chuột cao (High Hump)**, **X2H V3** phù hợp với nhiều kiểu cầm chuột khác nhau, từ **Palm Grip**, **Claw Grip** đến **Fingertip Grip**. Điều này đảm bảo sự thoải mái tối đa cho người dùng trong thời gian dài sử dụng, giảm thiểu tình trạng mỏi tay ngay cả trong những trận game căng thẳng.\n\n### **Trọng lượng siêu nhẹ chỉ 53 gram**\nĐặc biệt, **Pulsar** đã tối ưu trọng lượng của **X2H V3** xuống chỉ còn **khoảng 53 gram**. Đây là một con số ấn tượng, giúp người dùng di chuyển chuột nhanh chóng và linh hoạt — đặc biệt quan trọng trong các tựa game **FPS** đòi hỏi tốc độ phản xạ cao. Cảm giác nhẹ nhàng này cũng giúp giảm thiểu mệt mỏi cổ tay khi chơi game trong thời gian dài.\n\n### **Mắt cảm biến XS-1 có độ chính xác cao**\nTrái tim của **Pulsar X2H V3** chính là **cảm biến XS-1 độc quyền** do Pulsar phát triển. Với **độ phân giải lên đến 32.000 DPI**, **tốc độ tracking 750 IPS** và **gia tốc 50G**, cảm biến **XS-1** mang đến **độ chính xác tuyệt đối trong từng chuyển động**.  \n\nCông nghệ **PixArt Motion Sync** được tích hợp giúp **đồng bộ hóa tín hiệu giữa chuột và máy tính**, giảm thiểu độ trễ và đảm bảo trải nghiệm chơi game mượt mà nhất.\n\nNhững thông số kỹ thuật ấn tượng này không chỉ là con số trên giấy tờ — trong thực tế, **X2H V3 thể hiện sự vượt trội** trong mọi tình huống. Từ những pha vẩy chuột nhanh trong các tựa game bắn súng đến những thao tác chính xác trong các game chiến thuật, **X2H V3** đều đáp ứng hoàn hảo.\n\n### **Thiết kế lưng cao dễ cầm nắm**\n**Chuột Pulsar không dây X2H V3** được thiết kế với **phần lưng nâng cao hơn** và **hai bên hông thanh mảnh**. Với thiết kế này, chuột giúp người dùng có **tư thế cầm chắc chắn hơn** khi đặt tay lên chuột. Song song đó, **phần khung thân chuột được cải tiến chắc chắn hơn** nhưng trọng lượng **vẫn không tăng** so với phiên bản trước. \n\n### **Tính năng 8K Polling Ready**\n**Pulsar X2H V3** còn được **cải tiến con trỏ nâng cao với Dongle không dây Pulsar 8K**, nhờ đó mọi chuyển động của con trỏ đều trở nên **mượt mà và chính xác hơn bao giờ hết**.  \n\nVới **tần suất báo cáo dữ liệu cao gấp 8 lần**, dongle này **đảm bảo đồng bộ hoàn hảo giữa chuột và màn hình**, đặc biệt là với những màn hình có **tần số quét cao**. Điều này giúp **giảm thiểu độ trễ đầu vào**, mang đến **trải nghiệm chơi game mượt mà và chính xác hơn**.\n\n### **Công nghệ kết nối không dây cao cấp**\n**Pulsar X2H V3** sử dụng **công nghệ kết nối không dây 2.4GHz**, đảm bảo **tốc độ truyền tín hiệu nhanh chóng và ổn định tương đương có dây**. Người dùng sẽ không phải lo về **tình trạng lag hay mất kết nối**, giúp **tập trung hoàn toàn vào trận game**.  \n\nCùng với đó, **cảm biến tiết kiệm năng lượng Pixart** giúp **tăng thời lượng pin lên đến 100 giờ**, cho phép bạn **sử dụng chuột lâu dài mà không cần sạc thường xuyên**.\n\n### **Switch chất lượng cao**\n**Pulsar X2H V3** được trang bị **switch chất lượng cao**, mang lại **cảm giác click rõ ràng**, **phản hồi nhanh** và **độ bền vượt trội**. Điều này đảm bảo **tuổi thọ chuột lâu dài** và **trải nghiệm sử dụng tối ưu** cho người dùng.',
        1, 'https://product.hstatic.net/200000722513/product/pulsarx2hv3gamingmouse_white_001_b9f30f992f5846b0aa420e596854875d.png'
    );
INSERT INTO product_category (product_id, category_id) VALUES (495, 27);
INSERT INTO product_variant (
        product_id, name, seo_name, supplier_id, price, price_sale, quantity, sku, model, barcode, 
        specifications, description, warranty, image_url, release_at, created_by)
        VALUES ( 495, 'Chuột Pulsar không dây Pulsar X2H V3 Size2 White', 'chuot-pulsar-khong-day-pulsar-x2h-v3-size2-white',
            1, 2490000, 1790000, 10, 'CHU-PULSAR-X2H-V3-WIRELESS-SIZE2-WHITE',
            'CHU-PULSAR-X2H-V3-WIRELESS-SIZE2-WHITE', 'CHU-PULSAR-X2H-V3-WIRELESS-SIZE2-WHITE',
            '{"Tên sản phẩm": "Chuột Pulsar không dây Pulsar X2H V3 Size 2 White", "Thương hiệu": "Pulsar", "Model": "X2H V3", "Kích thước": "Size 2", "Màu sắc": "Trắng", "Loại kết nối": "Không dây", "Cảm biến": "Optical Sensor", "DPI tối đa": "26000", "Tần số lấy mẫu": "1000Hz", "Trọng lượng": "54g", "Pin": "Có thể sạc lại", "Switch": "Huano / Kailh GM 8.0 (tùy phiên bản)", "Tương thích": "Windows, macOS", "Phần mềm đi kèm": "Có", "Độ bền nút bấm": "80 triệu lượt nhấn"}',
            '**Một trong những điểm nổi bật nhất của chuột Pulsar X2H V3** chính là **thiết kế ergonomic được tinh chỉnh tỉ mỉ**. Với **form chuột đối xứng (Ambidextrous)** và **phần lưng chuột cao (High Hump)**, **X2H V3** phù hợp với nhiều kiểu cầm chuột khác nhau, từ **Palm Grip**, **Claw Grip** đến **Fingertip Grip**. Điều này đảm bảo sự thoải mái tối đa cho người dùng trong thời gian dài sử dụng, giảm thiểu tình trạng mỏi tay ngay cả trong những trận game căng thẳng.\n\n### **Trọng lượng siêu nhẹ chỉ 53 gram**\nĐặc biệt, **Pulsar** đã tối ưu trọng lượng của **X2H V3** xuống chỉ còn **khoảng 53 gram**. Đây là một con số ấn tượng, giúp người dùng di chuyển chuột nhanh chóng và linh hoạt — đặc biệt quan trọng trong các tựa game **FPS** đòi hỏi tốc độ phản xạ cao. Cảm giác nhẹ nhàng này cũng giúp giảm thiểu mệt mỏi cổ tay khi chơi game trong thời gian dài.\n\n### **Mắt cảm biến XS-1 có độ chính xác cao**\nTrái tim của **Pulsar X2H V3** chính là **cảm biến XS-1 độc quyền** do Pulsar phát triển. Với **độ phân giải lên đến 32.000 DPI**, **tốc độ tracking 750 IPS** và **gia tốc 50G**, cảm biến **XS-1** mang đến **độ chính xác tuyệt đối trong từng chuyển động**.  \n\nCông nghệ **PixArt Motion Sync** được tích hợp giúp **đồng bộ hóa tín hiệu giữa chuột và máy tính**, giảm thiểu độ trễ và đảm bảo trải nghiệm chơi game mượt mà nhất.\n\nNhững thông số kỹ thuật ấn tượng này không chỉ là con số trên giấy tờ — trong thực tế, **X2H V3 thể hiện sự vượt trội** trong mọi tình huống. Từ những pha vẩy chuột nhanh trong các tựa game bắn súng đến những thao tác chính xác trong các game chiến thuật, **X2H V3** đều đáp ứng hoàn hảo.\n\n### **Thiết kế lưng cao dễ cầm nắm**\n**Chuột Pulsar không dây X2H V3** được thiết kế với **phần lưng nâng cao hơn** và **hai bên hông thanh mảnh**. Với thiết kế này, chuột giúp người dùng có **tư thế cầm chắc chắn hơn** khi đặt tay lên chuột. Song song đó, **phần khung thân chuột được cải tiến chắc chắn hơn** nhưng trọng lượng **vẫn không tăng** so với phiên bản trước. \n\n### **Tính năng 8K Polling Ready**\n**Pulsar X2H V3** còn được **cải tiến con trỏ nâng cao với Dongle không dây Pulsar 8K**, nhờ đó mọi chuyển động của con trỏ đều trở nên **mượt mà và chính xác hơn bao giờ hết**.  \n\nVới **tần suất báo cáo dữ liệu cao gấp 8 lần**, dongle này **đảm bảo đồng bộ hoàn hảo giữa chuột và màn hình**, đặc biệt là với những màn hình có **tần số quét cao**. Điều này giúp **giảm thiểu độ trễ đầu vào**, mang đến **trải nghiệm chơi game mượt mà và chính xác hơn**.\n\n### **Công nghệ kết nối không dây cao cấp**\n**Pulsar X2H V3** sử dụng **công nghệ kết nối không dây 2.4GHz**, đảm bảo **tốc độ truyền tín hiệu nhanh chóng và ổn định tương đương có dây**. Người dùng sẽ không phải lo về **tình trạng lag hay mất kết nối**, giúp **tập trung hoàn toàn vào trận game**.  \n\nCùng với đó, **cảm biến tiết kiệm năng lượng Pixart** giúp **tăng thời lượng pin lên đến 100 giờ**, cho phép bạn **sử dụng chuột lâu dài mà không cần sạc thường xuyên**.\n\n### **Switch chất lượng cao**\n**Pulsar X2H V3** được trang bị **switch chất lượng cao**, mang lại **cảm giác click rõ ràng**, **phản hồi nhanh** và **độ bền vượt trội**. Điều này đảm bảo **tuổi thọ chuột lâu dài** và **trải nghiệm sử dụng tối ưu** cho người dùng.',
            24, 'https://product.hstatic.net/200000722513/product/pulsarx2hv3gamingmouse_white_001_b9f30f992f5846b0aa420e596854875d.png', '2024-12-08T04:49:17+00:00',1);
        
INSERT INTO product_image (name, product_variant_id, image_url, is_main)
VALUES
    ('Ảnh 1', 495, 'https://product.hstatic.net/200000722513/product/pulsarx2hv3gamingmouse_white_001_b9f30f992f5846b0aa420e596854875d.png', TRUE),
    ('Ảnh 2', 495, 'https://product.hstatic.net/200000722513/product/pulsarx2hv3gamingmouse_white_002_d452e5581937431183045dc24d028752.png', FALSE),
    ('Ảnh 3', 495, 'https://product.hstatic.net/200000722513/product/pulsarx2hv3gamingmouse_white_004_a6df66152c2c48c6b89c8cfc22fc2445.png', FALSE),
    ('Ảnh 4', 495, 'https://product.hstatic.net/200000722513/product/pulsarx2hv3gamingmouse_white_003_3e1a81fe6c454f0192f2937152fbacfc.png', FALSE);
---
INSERT INTO product (name, seo_name, brand_id, specifications, description, created_by, image_url) 
    VALUES (
        'Chuột Pulsar không dây Pulsar Xlite V4 Size2 White', 'chuot-pulsar-khong-day-pulsar-xlite-v4-size2-white', 40,
        '{"Thương hiệu": "Pulsar", "Bảo hành": "24 tháng"}',
        'Để nắm được tỉ lệ thắng cao trong các trận đấu thì chuột gaming góp phần quyết định quan trọng, trong đó chuột Pulsar không dây Xlite V4 Size2 White nổi bật như một ứng cử viên sáng giá. Với thiết kế siêu nhẹ, hiệu suất đỉnh cao và những tính năng đáng chú ý, chiếc sản phẩm này chắc chắn sẽ làm hài lòng người chơi khó tính nhất. Cùng tham khảo những ưu điểm nổi bật của sản phẩm này.\n\nThiết kế công thái học tối ưu\nPhiên bản chuột gaming Pulsar Xlite V4 được thiết kế tối ưu cho người dùng tay phải và mang lại trải nghiệm cầm nắm cực kỳ thoải mái cho kiểu cầm lòng bàn tay (palm grip). Điểm nhấn của Xlite V4 chính là thiết kế công thái học được nghiên cứu và phát triển kỹ lưỡng, đặc biệt chú trọng đến vị trí tay cầm bên phải. Điều này giúp người dùng cảm thấy thoải mái tối đa ngay cả trong những buổi chơi game kéo dài, giảm thiểu tình trạng mỏi cổ tay và tăng cường khả năng kiểm soát chuột.\n\nSự phối hợp hài hòa giữa thiết kế và hiệu suất chơi game ổn định đã giúp Xlite V4 trở thành lựa chọn lý tưởng cho các gamer. Với độ chính xác cao, sự thoải mái vượt trội và hiệu suất đỉnh cao với chuột gaming Xlite V4, được thiết kế riêng để đáp ứng mọi nhu cầu chơi game khắt khe của bạn.\n\n\n\nTrọng lượng siêu nhẹ chỉ khoảng 54g\nTheo phương châm thiết kế \"Simple but not simple\" (Đơn giản nhưng không đơn điệu), Pulsar luôn mang đến những thiết kế vừa tối giản vừa tinh tế. Với thiết kế lần này, Chuột Pulsar không dây Pulsar Xlite V4 Size2 White chỉ nặng khoảng 54 gram nhưng vẫn giữ nguyên độ bền của chuột. Điều này sẽ giúp người dùng có thể trải nghiệm một con chuột chơi game hiệu suất cao với tọng lượng nhẹ hơn trứng.\n\nCó khả năng tùy chỉnh cảm biến nhấc chuột (LOD)\nChuột gaming Xlite V4 cũng đề cao tính cá nhân hóa trải nghiệm của người dùng, bạn có thể tùy chọn ba chế độ LOD trên chuột với: 2mm, 1mm và 0.7mm. Tính năng này cho phép người dùng tinh chỉnh khoảng cách mà chuột ngừng nhận tín hiệu khi nhấc lên khỏi bề mặt, từ đó tối ưu hóa độ chính xác và khả năng kiểm soát chuột theo sở thích cá nhân. Với ba mức LOD khác nhau, người chơi có thể dễ dàng điều chỉnh để phù hợp với phong cách chơi game và loại bề mặt di chuột mà họ sử dụng. \n\n\n\nĐược trang bị polling rate 8K hiện đại\nSản phẩm còn được trang bị Gaming Dongle không dây Pulsar 8K tiên tiến, được thiết kế để tối ưu hóa độ chính xác và tốc độ phản hồi giúp hiệu suất chơi game của bạn được nâng tầm đáng kể. Dongle tiên tiến này cho phép bạn kết nối với các màn hình 8K hiệu quả cũng như tốc độ polling rate ấn tượng, các dữ liệu sẽ được truyền tải nhanh chóng.\n\nVới khả năng gửi dữ liệu gấp 8 lần so với tốc độ thăm dò 1000Hz tiêu chuẩn, Pulsar 8K Dongle giảm thiểu độ trễ đầu vào (input lag) đến mức tối thiểu, mang lại sự đồng bộ hóa gần như tức thời giữa thao tác chuột của bạn và những gì diễn ra trên màn hình.\n\n\n\nCông nghệ đồng bộ hoá chuyển động của Pixart\nCảm biến Pixart hàng đầu mới nhất sở hữu thông số kỹ thuật cao nhất trên thị trường, với độ chính xác ấn tượng lên đến 99,6%. Tuy nhiên, độ chính xác này không tự động chuyển thành khả năng theo dõi chuyển động vượt trội. Để đạt được độ chính xác cao hơn trong việc theo dõi, Công nghệ Motion Sync đã được tích hợp vào cảm biến. Máy tính của bạn thường thu thập thông tin từ một cảm biến khác với tốc độ không hoàn toàn khớp với tín hiệu mà chuột gửi đi. Và Motion Sync giải quyết vấn đề này bằng cách điều chỉnh tín hiệu một cách thông minh theo thời gian thực mà máy tính thu thập thông tin.',
        1, 'https://product.hstatic.net/200000722513/product/pulsar_xlite_v4_gaming_mouse_whi_856edb83071b424995b78cd9b50c0299.png'
    );
INSERT INTO product_category (product_id, category_id) VALUES (496, 27);
INSERT INTO product_variant (
        product_id, name, seo_name, supplier_id, price, price_sale, quantity, sku, model, barcode, 
        specifications, description, warranty, image_url, release_at, created_by)
        VALUES ( 496, 'Chuột Pulsar không dây Pulsar Xlite V4 Size2 White', 'chuot-pulsar-khong-day-pulsar-xlite-v4-size2-white',
            1, 2490000, 2390000, 10, 'CHU-PULSAR-XLITE-V4-WIRELESS-SIZE2-WHITE',
            'CHU-PULSAR-XLITE-V4-WIRELESS-SIZE2-WHITE', 'CHU-PULSAR-XLITE-V4-WIRELESS-SIZE2-WHITE',
            '{"Thương hiệu": "Pulsar","Model": "Xlite V4 Size 2","Màu sắc": "White","Loại chuột": "Gaming, Không dây","Kết nối": "Không dây, 2.4GHz Wireless, USB-C","Cảm biến": "XS-1 Flagship","Độ phân giải DPI": "32000 DPI","Tốc độ theo dõi (IPS)": "750","Gia tốc (g)": "50g","Polling Rate": "1000Hz (hỗ trợ lên tới 8000Hz với dongle rời)","Kích thước": "122 x 66 x 43 mm","Trọng lượng": "54g (± 1g)","Thiết kế": "Công thái học, thuận tay phải","Switch bấm": "Quang học","Thời lượng pin": "70-100 giờ sử dụng (chế độ 1000Hz)","Bảo hành": "24 tháng"}',
            'Để nắm được tỉ lệ thắng cao trong các trận đấu thì chuột gaming góp phần quyết định quan trọng, trong đó chuột Pulsar không dây Xlite V4 Size2 White nổi bật như một ứng cử viên sáng giá. Với thiết kế siêu nhẹ, hiệu suất đỉnh cao và những tính năng đáng chú ý, chiếc sản phẩm này chắc chắn sẽ làm hài lòng người chơi khó tính nhất. Cùng tham khảo những ưu điểm nổi bật của sản phẩm này.\n\nThiết kế công thái học tối ưu\nPhiên bản chuột gaming Pulsar Xlite V4 được thiết kế tối ưu cho người dùng tay phải và mang lại trải nghiệm cầm nắm cực kỳ thoải mái cho kiểu cầm lòng bàn tay (palm grip). Điểm nhấn của Xlite V4 chính là thiết kế công thái học được nghiên cứu và phát triển kỹ lưỡng, đặc biệt chú trọng đến vị trí tay cầm bên phải. Điều này giúp người dùng cảm thấy thoải mái tối đa ngay cả trong những buổi chơi game kéo dài, giảm thiểu tình trạng mỏi cổ tay và tăng cường khả năng kiểm soát chuột.\n\nSự phối hợp hài hòa giữa thiết kế và hiệu suất chơi game ổn định đã giúp Xlite V4 trở thành lựa chọn lý tưởng cho các gamer. Với độ chính xác cao, sự thoải mái vượt trội và hiệu suất đỉnh cao với chuột gaming Xlite V4, được thiết kế riêng để đáp ứng mọi nhu cầu chơi game khắt khe của bạn.\n\n\n\nTrọng lượng siêu nhẹ chỉ khoảng 54g\nTheo phương châm thiết kế \"Simple but not simple\" (Đơn giản nhưng không đơn điệu), Pulsar luôn mang đến những thiết kế vừa tối giản vừa tinh tế. Với thiết kế lần này, Chuột Pulsar không dây Pulsar Xlite V4 Size2 White chỉ nặng khoảng 54 gram nhưng vẫn giữ nguyên độ bền của chuột. Điều này sẽ giúp người dùng có thể trải nghiệm một con chuột chơi game hiệu suất cao với tọng lượng nhẹ hơn trứng.\n\nCó khả năng tùy chỉnh cảm biến nhấc chuột (LOD)\nChuột gaming Xlite V4 cũng đề cao tính cá nhân hóa trải nghiệm của người dùng, bạn có thể tùy chọn ba chế độ LOD trên chuột với: 2mm, 1mm và 0.7mm. Tính năng này cho phép người dùng tinh chỉnh khoảng cách mà chuột ngừng nhận tín hiệu khi nhấc lên khỏi bề mặt, từ đó tối ưu hóa độ chính xác và khả năng kiểm soát chuột theo sở thích cá nhân. Với ba mức LOD khác nhau, người chơi có thể dễ dàng điều chỉnh để phù hợp với phong cách chơi game và loại bề mặt di chuột mà họ sử dụng. \n\n\n\nĐược trang bị polling rate 8K hiện đại\nSản phẩm còn được trang bị Gaming Dongle không dây Pulsar 8K tiên tiến, được thiết kế để tối ưu hóa độ chính xác và tốc độ phản hồi giúp hiệu suất chơi game của bạn được nâng tầm đáng kể. Dongle tiên tiến này cho phép bạn kết nối với các màn hình 8K hiệu quả cũng như tốc độ polling rate ấn tượng, các dữ liệu sẽ được truyền tải nhanh chóng.\n\nVới khả năng gửi dữ liệu gấp 8 lần so với tốc độ thăm dò 1000Hz tiêu chuẩn, Pulsar 8K Dongle giảm thiểu độ trễ đầu vào (input lag) đến mức tối thiểu, mang lại sự đồng bộ hóa gần như tức thời giữa thao tác chuột của bạn và những gì diễn ra trên màn hình.\n\n\n\nCông nghệ đồng bộ hoá chuyển động của Pixart\nCảm biến Pixart hàng đầu mới nhất sở hữu thông số kỹ thuật cao nhất trên thị trường, với độ chính xác ấn tượng lên đến 99,6%. Tuy nhiên, độ chính xác này không tự động chuyển thành khả năng theo dõi chuyển động vượt trội. Để đạt được độ chính xác cao hơn trong việc theo dõi, Công nghệ Motion Sync đã được tích hợp vào cảm biến. Máy tính của bạn thường thu thập thông tin từ một cảm biến khác với tốc độ không hoàn toàn khớp với tín hiệu mà chuột gửi đi. Và Motion Sync giải quyết vấn đề này bằng cách điều chỉnh tín hiệu một cách thông minh theo thời gian thực mà máy tính thu thập thông tin.',
            24, 'https://product.hstatic.net/200000722513/product/pulsar_xlite_v4_gaming_mouse_whi_856edb83071b424995b78cd9b50c0299.png', '2024-12-08T04:49:20+00:00',1);
        
INSERT INTO product_image (name, product_variant_id, image_url, is_main)
VALUES
    ('Ảnh 1', 496, 'https://product.hstatic.net/200000722513/product/pulsar_xlite_v4_gaming_mouse_whi_856edb83071b424995b78cd9b50c0299.png', TRUE),
    ('Ảnh 2', 496, 'https://product.hstatic.net/200000722513/product/pulsar_xlite_v4_gaming_mouse_whi__1__37e89a27fc0b4ef9aa9f0fede71a005d.png', FALSE),
    ('Ảnh 3', 496, 'https://product.hstatic.net/200000722513/product/pulsar_xlite_v4_gaming_mouse_whi__3__bc2055ef46cd4a40af1b74290ad4da70.png', FALSE),
    ('Ảnh 4', 496, 'https://product.hstatic.net/200000722513/product/pulsar_xlite_v4_gaming_mouse_whi__2__09235229af7846528ac445c5a1c3effc.png', FALSE);
---
INSERT INTO product (name, seo_name, brand_id, specifications, description, created_by, image_url) 
    VALUES (
        'Chuột không dây Logitech M331 Silent Red', 'chuot-khong-day-logitech-m331-silent-red', 13,
        '{"Thương hiệu": "Logitech", "Bảo hành": "12 tháng", "Model": "Logitech M331 Silent", "Số nút": "3", "Kiểu kết nối": "Không dây 2.4 GHz", "Tích hợp Unifying": "Có", "DPI tối thiểu": "1000±", "Phạm vi không dây": "10 mét", "Công nghệ SilentTouch": "Nhấp chuột trái/phải, nhấp chuột giữa, tính năng cuộn và trượt đã được giảm tiếng ồn", "Thời gian sử dụng pin": "24 tháng (tùy thuộc vào các yếu tố sử dụng)", "Kích thước": "105,4 x 67,9 x 38,4 mm", "Trọng lượng": "91g (kèm pin)", "Tương thích": "Windows 7, 8, 10 trở lên; MacOS 10.5 trở lên; Linux Kernel 2.6+", "Phụ kiện": "1 pin AA, đầu thu nano"}',
        'Nhằm giảm thiểu sự phiền toái và giới hạn khoảng cách của chuột có dây thì những chú chuột bluetooth không dây Logitech được ra đời. Với kết nối không dây 2.4 GHz, chuột không dây Logitech M331 có khả năng kết nối xa lên tới 10m. Đi cùng là độ bền cao cộng thêm sự ổn định cũng như là tiết kiệm pin giúp sản phẩm này trở thành một sự lựa chọn tốt cho người dùng.\n\nThiết kế bo tròn ôm sát lòng bàn tay, trọng lượng chỉ 101g, chất liệu nhựa cứng\nM331 là mẫu chuột không dây Logitech được thiết kế với các đường cong uốn lượn, các cạnh được bo tròn và ôm sát lòng bàn tay, giúp người sử dụng giảm bớt sự đau mỏi của cổ tay và ngón tay. Hai bên thân chuột có các khối hình tam giác nhỏ được sắp xếp liền kề nhau tạo độ bám giúp các ngón tay không bị trơn trượt trong quá trình sử dụng.\n\nNgoài ra kích thước nhỏ gọn với thông số 10.3cmx6.4cmx4cm và trọng lượng chỉ 101g, sản phẩm có thể được đem theo bên mình và sử dụng khi cần thiết. Bên cạnh đó, chất liệu nhựa cứng bền bỉ, cùng thiết kế thiên hướng chuột công thái học cũng cho người dùng cảm giác sử dụng cầm nằm nhẹ nhàng đến mức bạn có thể cầm gọn trong lòng bàn tay nhưng vẫn cho cảm giác sử dụng thoải mái nhất.\n\nChuột quang độ phân giải lên đến 1000dpi, kết nối không dây với khoảng cách 10m\nSản phẩm được trang bị công nghệ chuột quang tiên tiến cho độ phân giải lên đến 1000dpi. Đây là độ phân giải cao. Qua đó, giúp cho chuột Logitech có thể di chuyển nhanh và mượt mà trên nhiều bền mặt, đảm bảo hiệu quả cho công việc, học tập cũng như giải trí.\n\nNgười dùng có được kết nối tin cậy của sản phẩm có dây nhưng lại thuận tiện với tính năng không dây. Điều này mang lại sự tự do với khoảng cách truyền dữ liệu nhanh chóng lên đến 10m và hầu như không bị trễ hoặc mất kết nối. Giờ đây, bạn có thể sử dụng không khác gì một chú chuột có dây kết nối.\n\nChứng nhận Quiet Mark không gây ra tiếng động khi sử dụng\nLogitech là công ty sản xuất chuột đầu tiên trên thế giới nhận được chứng nhận Quiet Mark certification. Nó được đóng dấu phê duyệt quốc tế do Hiệp hội Giảm Tiếng ồn của Vương quốc Anh (UK Noise Abatement Society) công nhận công nghệ được thiết kế để giảm ồn.\n\nChứng nhận này được xác thực từ những công nghệ được tích hợp bên trong chuột silent không dây này đã làm giảm hơn 90% tiếng ồn. Bao gồm chân được thiết kế một cách bền bỉ, hiệu suất lướt cao êm trên bàn làm việc, phần bánh xe cuộn của chuột laser không dây cuộn rất êm ái bổ sung trọn vẹn cho trải nghiệm yên lặng của bạn và những người xung quanh, silent click giảm hơn 90% tiếng nhấp chuột.\n\nTương thích tốt nhiều hệ điều hành, pin AA tiện dụng\nChuột không dây M331 hoạt động tốt với các máy tính chạy Windows, Mac, Chrome OS hoặc Linux. Đầu thu rất nhỏ và không tốn diện tích, việc cần làm là chỉ cần cắm vào cổng USB vào máy tính và không cần để quan tâm gì nữa. Thêm vào đó, bạn sẽ không còn phải lo sợ mất đầu thu vì bạn không cần phải tháo ra gắn vào.\n\nChuột Logitech M331 có thể hoạt động liên tục và tiện dụng với pin AA. Điều này giúp bạn tiết kiệm chi phí hơn và không còn lo lắng công việc bị gián đoạn giữa chừng. Ngoài ra, chuột cũng sẽ tự động ngắt khi bạn không sử dụng nữa nhằm tiết kiệm năng lượng.',
        1, 'https://product.hstatic.net/200000722513/product/m331_red_top_f3d9e569cae04d4094efa526e744d7a6.png'
    );
INSERT INTO product_category (product_id, category_id) VALUES (497, 27);
INSERT INTO product_variant (
        product_id, name, seo_name, supplier_id, price, price_sale, quantity, sku, model, barcode, 
        specifications, description, warranty, image_url, release_at, created_by)
        VALUES ( 497, 'Chuột không dây Logitech M331 Silent Red', 'chuot-khong-day-logitech-m331-silent-red',
            1, 369000, 320000, 10, 'CHU-LOG-M331-SIL-RED',
            'CHU-LOG-M331-SIL-RED', 'CHU-LOG-M331-SIL-RED',
            '{"Thương hiệu": "Logitech", "Bảo hành": "12 tháng", "Model": "Logitech M331 Silent", "Số nút": "3", "Kiểu kết nối": "Không dây 2.4 GHz", "Tích hợp Unifying": "Có", "DPI tối thiểu": "1000±", "Phạm vi không dây": "10 mét", "Công nghệ SilentTouch": "Nhấp chuột trái/phải, nhấp chuột giữa, tính năng cuộn và trượt đã được giảm tiếng ồn", "Thời gian sử dụng pin": "24 tháng (tùy thuộc vào các yếu tố sử dụng)", "Kích thước": "105,4 x 67,9 x 38,4 mm", "Trọng lượng": "91g (kèm pin)", "Tương thích": "Windows 7, 8, 10 trở lên; MacOS 10.5 trở lên; Linux Kernel 2.6+", "Phụ kiện": "1 pin AA, đầu thu nano"}',
            'Nhằm giảm thiểu sự phiền toái và giới hạn khoảng cách của chuột có dây thì những chú chuột bluetooth không dây Logitech được ra đời. Với kết nối không dây 2.4 GHz, chuột không dây Logitech M331 có khả năng kết nối xa lên tới 10m. Đi cùng là độ bền cao cộng thêm sự ổn định cũng như là tiết kiệm pin giúp sản phẩm này trở thành một sự lựa chọn tốt cho người dùng.\n\nThiết kế bo tròn ôm sát lòng bàn tay, trọng lượng chỉ 101g, chất liệu nhựa cứng\nM331 là mẫu chuột không dây Logitech được thiết kế với các đường cong uốn lượn, các cạnh được bo tròn và ôm sát lòng bàn tay, giúp người sử dụng giảm bớt sự đau mỏi của cổ tay và ngón tay. Hai bên thân chuột có các khối hình tam giác nhỏ được sắp xếp liền kề nhau tạo độ bám giúp các ngón tay không bị trơn trượt trong quá trình sử dụng.\n\nNgoài ra kích thước nhỏ gọn với thông số 10.3cmx6.4cmx4cm và trọng lượng chỉ 101g, sản phẩm có thể được đem theo bên mình và sử dụng khi cần thiết. Bên cạnh đó, chất liệu nhựa cứng bền bỉ, cùng thiết kế thiên hướng chuột công thái học cũng cho người dùng cảm giác sử dụng cầm nằm nhẹ nhàng đến mức bạn có thể cầm gọn trong lòng bàn tay nhưng vẫn cho cảm giác sử dụng thoải mái nhất.\n\nChuột quang độ phân giải lên đến 1000dpi, kết nối không dây với khoảng cách 10m\nSản phẩm được trang bị công nghệ chuột quang tiên tiến cho độ phân giải lên đến 1000dpi. Đây là độ phân giải cao. Qua đó, giúp cho chuột Logitech có thể di chuyển nhanh và mượt mà trên nhiều bền mặt, đảm bảo hiệu quả cho công việc, học tập cũng như giải trí.\n\nNgười dùng có được kết nối tin cậy của sản phẩm có dây nhưng lại thuận tiện với tính năng không dây. Điều này mang lại sự tự do với khoảng cách truyền dữ liệu nhanh chóng lên đến 10m và hầu như không bị trễ hoặc mất kết nối. Giờ đây, bạn có thể sử dụng không khác gì một chú chuột có dây kết nối.\n\nChứng nhận Quiet Mark không gây ra tiếng động khi sử dụng\nLogitech là công ty sản xuất chuột đầu tiên trên thế giới nhận được chứng nhận Quiet Mark certification. Nó được đóng dấu phê duyệt quốc tế do Hiệp hội Giảm Tiếng ồn của Vương quốc Anh (UK Noise Abatement Society) công nhận công nghệ được thiết kế để giảm ồn.\n\nChứng nhận này được xác thực từ những công nghệ được tích hợp bên trong chuột silent không dây này đã làm giảm hơn 90% tiếng ồn. Bao gồm chân được thiết kế một cách bền bỉ, hiệu suất lướt cao êm trên bàn làm việc, phần bánh xe cuộn của chuột laser không dây cuộn rất êm ái bổ sung trọn vẹn cho trải nghiệm yên lặng của bạn và những người xung quanh, silent click giảm hơn 90% tiếng nhấp chuột.\n\nTương thích tốt nhiều hệ điều hành, pin AA tiện dụng\nChuột không dây M331 hoạt động tốt với các máy tính chạy Windows, Mac, Chrome OS hoặc Linux. Đầu thu rất nhỏ và không tốn diện tích, việc cần làm là chỉ cần cắm vào cổng USB vào máy tính và không cần để quan tâm gì nữa. Thêm vào đó, bạn sẽ không còn phải lo sợ mất đầu thu vì bạn không cần phải tháo ra gắn vào.\n\nChuột Logitech M331 có thể hoạt động liên tục và tiện dụng với pin AA. Điều này giúp bạn tiết kiệm chi phí hơn và không còn lo lắng công việc bị gián đoạn giữa chừng. Ngoài ra, chuột cũng sẽ tự động ngắt khi bạn không sử dụng nữa nhằm tiết kiệm năng lượng.',
            12, 'https://product.hstatic.net/200000722513/product/m331_red_top_f3d9e569cae04d4094efa526e744d7a6.png', '2023-09-20T06:50:40+00:00',1);
        
INSERT INTO product_image (name, product_variant_id, image_url, is_main)
VALUES
    ('Ảnh 1', 497, 'https://product.hstatic.net/200000722513/product/m331_red_top_f3d9e569cae04d4094efa526e744d7a6.png', TRUE),
    ('Ảnh 2', 497, 'https://product.hstatic.net/200000722513/product/m331_red_bty_43a79a2162bf4c949ae5b2239e0f17fa.png', FALSE),
    ('Ảnh 3', 497, 'https://product.hstatic.net/200000722513/product/m331_red_bty2_8794139a2727468095e011b624ead887.png', FALSE),
    ('Ảnh 4', 497, 'https://product.hstatic.net/200000722513/product/m331_red_profile_8dc5afeeb4094839beac557b8561dfbf.png', FALSE),
    ('Ảnh 5', 497, 'https://product.hstatic.net/200000722513/product/m331red_fob_52ceaaab1f21494ba97bcdefa2f04aed.png', FALSE);
---
INSERT INTO product (name, seo_name, brand_id, specifications, description, created_by, image_url) 
    VALUES (
        'Chuột Razer Basilisk V3 X HyperSpeed', 'chuot-razer-basilisk-v3-x-hyperspeed', 15,
        '{"Hãng sản xuất:": "Razer", "Bảo hành:": "24 tháng", "Model:": "Basilisk V3 X HyperSpeed", "Màu sắc:": "Đen", "Kiểu kết nối:": "Chuột Bluetooth / Không dây Hyperspeed", "Thời gian sử dụng:": "Lên đến 285 giờ (không dây) / Lên đến 450 giờ (Bluetooth)", "Kiểu thiết kế:": "Công thái học", "Độ nhạy (DPI):": "18.000", "Cảm biến:": "Razer™ 5G Advanced 18K DPI Optical Sensor", "Số nút bấm:": "7 nút", "Switch:": "Razer Switch (50 triệu lần nhấn)", "Kích thước:": "130 x 75 x 42 (mm) (Dài x Rộng x Cao)"}',
        'Chuột Razer Basilisk V3 X HyperSpeed là một thiết bị ngoại vi chơi game không dây cao cấp, được thiết kế để mang lại hiệu suất vượt trội và sự thoải mái tối đa cho game thủ chuyên nghiệp và người dùng yêu thích công nghệ. Với công nghệ Razer HyperSpeed Wireless hàng đầu, chuột đảm bảo độ trễ gần như bằng không, mang lại trải nghiệm chơi game mượt mà và phản hồi nhanh chóng như chuột có dây truyền thống. Điều này cực kỳ quan trọng trong các trận đấu yêu cầu tốc độ và sự chính xác cao. Ngoài ra, sản phẩm còn hỗ trợ kết nối Bluetooth, cung cấp sự linh hoạt tối đa khi sử dụng với nhiều thiết bị khác nhau mà không cần đầu thu USB, lý tưởng cho công việc văn phòng hoặc giải trí hàng ngày trên laptop, máy tính bảng. Basilisk V3 X HyperSpeed được trang bị cảm biến quang học Razer 5G tiên tiến, cho độ chính xác lên đến 18.000 DPI, giúp người dùng thực hiện những pha di chuyển chuột siêu nhạy và chính xác trong mọi tình huống, từ những pha flickshot chớp nhoáng đến những cú nhắm bắn tỉ mỉ. Thiết kế công thái học đặc trưng của dòng Basilisk ôm sát lòng bàn tay, với phần kê ngón cái thoải mái và các nút bấm được bố trí hợp lý, giảm thiểu mỏi tay ngay cả trong các phiên chơi game kéo dài hàng giờ. Chuột có tổng cộng 7 nút có thể lập trình độc lập, cho phép người dùng tùy chỉnh các macro phức tạp hoặc gán chức năng riêng biệt thông qua phần mềm Razer Synapse 3, nâng cao hiệu quả và cá nhân hóa trải nghiệm sử dụng. Tuổi thọ pin ấn tượng cũng là một điểm cộng lớn, với khả năng hoạt động liên tục hàng trăm giờ (lên đến 450 giờ với Bluetooth và 280 giờ với HyperSpeed), giúp game thủ yên tâm tập trung vào trận đấu mà không lo gián đoạn. Đây thực sự là lựa chọn hoàn hảo cho những ai tìm kiếm sự kết hợp giữa hiệu năng không dây đỉnh cao, độ chính xác tuyệt đối và thiết kế tiện dụng, mang lại lợi thế cạnh tranh trong mọi trò chơi.',
        1, 'https://product.hstatic.net/200000722513/product/1532069345-4326-600x394_c563b34006924e788c065b0e47ce06e6_93d044d502b14010ad34ed5bdd80417c.png'
    );
INSERT INTO product_category (product_id, category_id) VALUES (498, 27);
INSERT INTO product_variant (
        product_id, name, seo_name, supplier_id, price, price_sale, quantity, sku, model, barcode, 
        specifications, description, warranty, image_url, release_at, created_by)
        VALUES ( 498, 'Chuột Razer Basilisk V3 X HyperSpeed', 'chuot-razer-basilisk-v3-x-hyperspeed',
            1, 1990000, 1590000, 10, 'CHU-RAZER-BASI-V3-X-HS',
            'CHU-RAZER-BASI-V3-X-HS', 'CHU-RAZER-BASI-V3-X-HS',
            '{"Hãng sản xuất:": "Razer", "Bảo hành:": "24 tháng", "Model:": "Basilisk V3 X HyperSpeed", "Màu sắc:": "Đen", "Kiểu kết nối:": "Chuột Bluetooth / Không dây Hyperspeed", "Thời gian sử dụng:": "Lên đến 285 giờ (không dây) / Lên đến 450 giờ (Bluetooth)", "Kiểu thiết kế:": "Công thái học", "Độ nhạy (DPI):": "18.000", "Cảm biến:": "Razer™ 5G Advanced 18K DPI Optical Sensor", "Số nút bấm:": "7 nút", "Switch:": "Razer Switch (50 triệu lần nhấn)", "Kích thước:": "130 x 75 x 42 (mm) (Dài x Rộng x Cao)"}',
            'Chuột Razer Basilisk V3 X HyperSpeed là một thiết bị ngoại vi chơi game không dây cao cấp, được thiết kế để mang lại hiệu suất vượt trội và sự thoải mái tối đa cho game thủ chuyên nghiệp và người dùng yêu thích công nghệ. Với công nghệ Razer HyperSpeed Wireless hàng đầu, chuột đảm bảo độ trễ gần như bằng không, mang lại trải nghiệm chơi game mượt mà và phản hồi nhanh chóng như chuột có dây truyền thống. Điều này cực kỳ quan trọng trong các trận đấu yêu cầu tốc độ và sự chính xác cao. Ngoài ra, sản phẩm còn hỗ trợ kết nối Bluetooth, cung cấp sự linh hoạt tối đa khi sử dụng với nhiều thiết bị khác nhau mà không cần đầu thu USB, lý tưởng cho công việc văn phòng hoặc giải trí hàng ngày trên laptop, máy tính bảng. Basilisk V3 X HyperSpeed được trang bị cảm biến quang học Razer 5G tiên tiến, cho độ chính xác lên đến 18.000 DPI, giúp người dùng thực hiện những pha di chuyển chuột siêu nhạy và chính xác trong mọi tình huống, từ những pha flickshot chớp nhoáng đến những cú nhắm bắn tỉ mỉ. Thiết kế công thái học đặc trưng của dòng Basilisk ôm sát lòng bàn tay, với phần kê ngón cái thoải mái và các nút bấm được bố trí hợp lý, giảm thiểu mỏi tay ngay cả trong các phiên chơi game kéo dài hàng giờ. Chuột có tổng cộng 7 nút có thể lập trình độc lập, cho phép người dùng tùy chỉnh các macro phức tạp hoặc gán chức năng riêng biệt thông qua phần mềm Razer Synapse 3, nâng cao hiệu quả và cá nhân hóa trải nghiệm sử dụng. Tuổi thọ pin ấn tượng cũng là một điểm cộng lớn, với khả năng hoạt động liên tục hàng trăm giờ (lên đến 450 giờ với Bluetooth và 280 giờ với HyperSpeed), giúp game thủ yên tâm tập trung vào trận đấu mà không lo gián đoạn. Đây thực sự là lựa chọn hoàn hảo cho những ai tìm kiếm sự kết hợp giữa hiệu năng không dây đỉnh cao, độ chính xác tuyệt đối và thiết kế tiện dụng, mang lại lợi thế cạnh tranh trong mọi trò chơi.',
            24, 'https://product.hstatic.net/200000722513/product/1532069345-4326-600x394_c563b34006924e788c065b0e47ce06e6_93d044d502b14010ad34ed5bdd80417c.png', '2023-06-02T05:01:10+00:00',1);
        
INSERT INTO product_image (name, product_variant_id, image_url, is_main)
VALUES
    ('Ảnh 1', 498, 'https://product.hstatic.net/200000722513/product/1532069345-4326-600x394_c563b34006924e788c065b0e47ce06e6_93d044d502b14010ad34ed5bdd80417c.png', TRUE),
    ('Ảnh 2', 498, 'https://product.hstatic.net/200000722513/product/1532069347-4465-600x394_213e294bd51b4568be741bbcf9bf1576_3bc384987e3c48958c4c11aebd8e0857.png', FALSE),
    ('Ảnh 3', 498, 'https://product.hstatic.net/200000722513/product/1532069349-9546-600x394_8d36c6bfaf3a42f896f7e2be27a86f28_be2f9a4c52444031912aa48e7de8f742.png', FALSE),
    ('Ảnh 4', 498, 'https://product.hstatic.net/200000722513/product/1532069352-9747-600x389_30b3b17c0d984d71b1efd1324a66a9c9_94e23d6d36e24445a3bc3775f60e8a27.png', FALSE);
---
INSERT INTO product (name, seo_name, brand_id, specifications, description, created_by, image_url) 
    VALUES (
        'Chuột Pulsar không dây X2 H eS Wireless Size2 Black', 'chuot-pulsar-khong-day-x2-h-es-wireless-size2-black', 40,
        '{"Thương hiệu": "Pulsar", "Tên sản phẩm": "Pulsar X2 H eS Wireless Size 2", "Thiết kế": "Đối xứng", "Cảm biến": "PixArt PAW3395", "Độ phân giải (DPI)": "26000 DPI", "Màu sắc": "Đen", "Số lượng nút bấm": "8", "Switch": "Optical Switch", "Đèn LED": "Không", "Kết nối": "Wireless 2.4GHz / Dây USB-C to A", "Kích thước": "120.4 x 63 x 38 mm", "Trọng lượng": "69g", "Pin": "500mAh", "Thời lượng pin": "70–100 giờ sử dụng", "Nút cuộn": "Blue Encoder – Hợp kim nhôm cao cấp", "Công nghệ cảm biến": "PixArt Motion Sync Technology", "Màn hình OLED": "Có – Tùy chỉnh trực tiếp không cần phần mềm", "Polling Rate": "4000Hz (Wireless) / 8000Hz (Cắm dây)"}',
        'Chuột không dây Pulsar X2 H eS Wireless Size 2 nổi bật hơn so với chuột thông thường ở những tính năng độc đáo. Nó được trang bị màn hình OLED ở mặt dưới, cho phép tùy chỉnh nhanh chóng và không cần driver. Người dùng có thể kiểm tra trạng thái pin và định cấu hình các cài đặt khác nhau như polling rate, LOD (Khoảng cách nhấc chuột), Đồng bộ hóa chuyển động, DPI (400, 800, 1600, 3200, 6400 hoặc 12800)...Thiết kế đối xứng đặc biệt tiện lợi dành cho người thuận cả tay trái lẫn tay phải, với các nút phụ có thể gán chức năng, nâng cấp trải nghiệm chơi game của bạn lên một tầm cao mới.\n\nChuột không dây Pulsar X2 H eS Wireless Size 2-Black 1\n\nThiết kế cao cấp\nTối đa hóa tốc độ và độ chính xác: Trải nghiệm chơi game ở đỉnh cao với tốc độ phản hồi 4000Hz cao ấp. Receiver 4K tiên tiến đảm bảo khả năng phản hồi liền mạch, mang lại kết nối không bị lag để phản ứng nhanh như chớp và độ chính xác tuyệt vời.\nChuyển đổi tốc độ nhanh chóng: Không dây sẵn sàng 4K cho tín hiệu sắc nét và khả năng phản hồi nhanh. Chuyển sang chế độ có dây 8K để có độ chi tiết và độ chính xác tuyệt vời. Tận hưởng lợi ích nâng cao của tốc độ 4Khz để tăng cường độ rõ nét và 8Khz để có độ chính xác cao nhất khi chơi game.\nNút hông có thể tháo rời: 4 nút phụ bên hông có nắp phím có thể tháo rời dạng nam châm, phù hợp cho các nhu cầu sử dụng khác nhau.\nChuột không dây Pulsar X2 H eS Wireless Size 2-Black 2\n\nMàn hình Oled\nKhám phá khả năng tùy chỉnh nâng cao với màn hình OLED tích hợp. Dễ dàng theo dõi mức pin và điều chỉnh các cài đặt chính, chẳng hạn như LOD, thời gian gỡ lỗi, đồng bộ hóa chuyển động, tốc độ bỏ phiếu và DPI, bằng cách sử dụng các nút chuột chuyên dụng – tất cả đều không yêu cầu trình điều khiển bên ngoài.\n\nChuột không dây Pulsar X2 H eS Wireless Size 2-Black 3\n\nNút cuộn chất lượng cao\nKhám phá độ bền và phong cách với bánh xe hợp kim nhôm cao cấp. Thiết kế đẹp mắt đảm bảo độ chính xác và tuổi thọ cao, mang lại trải nghiệm cuộn mạnh mẽ. Bộ mã hóa Pulsar Blue mang lại cảm giác xoay xúc giác thú vị, hoạt động êm ái và mượt mà, với cơ chế chống bụi tích hợp để nâng cao độ tin cậy.\n\nChuột không dây Pulsar X2 H eS Wireless Size 2-Black 4\n\nSwitch Optical\nSwitch bấm quang học ngăn chặn lỗi Double Click bằng tính năng phát hiện dựa trên ánh sáng và cung cấp tốc độ nhanh với click trước được sắp xếp theo 3 giai đoạn.\n\nChuột không dây Pulsar X2 H eS Wireless Size 2-Black 5\n\nMắt cảm biến cao cấp\nTrang bị cảm biến PAW3395 hàng đầu mới nhất của PixArt. Với các khả năng ấn tượng, bao gồm tốc độ cao với 26000 dpi, 650 IPS và gia tốc 50G, nó được tối ưu hóa để mang lại trải nghiệm chơi game cạnh tranh đỉnh cao. Bộ xử lý chip chính đã được nâng cấp lên Nordic MCU cao cấp, mang lại hiệu suất năng lượng vượt trội và khả năng xử lý nhanh, chính xác.\n\nChuột không dây Pulsar X2 H eS Wireless Size 2-Black 6\n\nTrải nghiệm chơi game hoàn hảo với các chế độ DPI tùy chỉnh trên chuột của bạn. Sử dụng bánh xe cuộn để điều chỉnh nhanh chóng và dễ dàng cài đặt DPI, tìm độ nhạy lý tưởng cho bạn. Chế độ DPI tùy chỉnh cho phép bạn đặt DPI theo mức tăng 50, cho phép bạn kiểm soát chính xác trải nghiệm chơi trò chơi của mình.\n\nChuột không dây Pulsar X2 H eS Wireless Size 2-Black 7\n\nCông nghệ PixArt Motion Sync: Cảm biến cao cấp mới  của Pixart có thông số kỹ thuật cao nhất trên thị trường với độ chính xác cực cao lên tới 99,6%. Tuy nhiên, điều này không có nghĩa là cảm biến theo dõi chính xác hơn. Để giúp cảm biến của bạn theo dõi chính xác hơn, Công nghệ đồng bộ hóa chuyển động được tích hợp vào cảm biến. PC của bạn trích xuất thông tin từ một cảm biến khác với tốc độ không hoàn toàn khớp với tín hiệu mà chuột gửi đi khi nó trích xuất thông tin từ một cảm biến khác. Công nghệ đồng bộ hóa chuyển động đồng bộ hóa tín hiệu của nó một cách thông minh theo các khoảng thời gian chính xác mà máy tính của bạn trích xuất thông tin. Điều này cho phép việc theo dõi rất chính xác. Tuy nhiên, điều này có thể gây ra một số độ trễ chuyển động (dưới 1ms) mà bạn không thể nhận thấy khi chơi trong trò chơi. \n\nChuột không dây Pulsar X2 H eS Wireless Size 2-Black 8\n\n4K Polling Ready\nTrải nghiệm chuyển động con trỏ nâng cao với Dongle không dây Pulsar 4K mới, mang lại hiệu suất mượt mà và sắc nét hơn. Đặc biệt có giá trị đối với màn hình có refresh rate cao, polling rate cao đảm bảo luồng dữ liệu cập nhật hơn, hoàn toàn phù hợp với tần số nhanh hơn của màn hình. Bằng cách cung cấp số lượng báo cáo dữ liệu nhiều hơn tới 4 lần mỗi giây, độ trễ giữa báo cáo mới nhất và kết xuất khung hình trên màn hình của bạn giảm đáng kể so với tốc độ bỏ phiếu 1000 Hz, mang lại trải nghiệm di chuột liền mạch và cập nhật.',
        1, 'https://product.hstatic.net/200000722513/product/pulsarx2hesgamingmouse_black_005_d7ed3cd06b05498a9c1d535cb2cf7c23.png'
    );
INSERT INTO product_category (product_id, category_id) VALUES (499, 27);
INSERT INTO product_variant (
        product_id, name, seo_name, supplier_id, price, price_sale, quantity, sku, model, barcode, 
        specifications, description, warranty, image_url, release_at, created_by)
        VALUES ( 499, 'Chuột Pulsar không dây X2 H eS Wireless Size2 Black', 'chuot-pulsar-khong-day-x2-h-es-wireless-size2-black',
            1, 3690000, 1790000, 10, 'CHU-PULSAR-X2H-ES-WIRELESS-SIZE2-BLK',
            'CHU-PULSAR-X2H-ES-WIRELESS-SIZE2-BLK', 'CHU-PULSAR-X2H-ES-WIRELESS-SIZE2-BLK',
            '{"Thương hiệu": "Pulsar", "Tên sản phẩm": "Pulsar X2 H eS Wireless Size 2", "Thiết kế": "Đối xứng", "Cảm biến": "PixArt PAW3395", "Độ phân giải (DPI)": "26000 DPI", "Màu sắc": "Đen", "Số lượng nút bấm": "8", "Switch": "Optical Switch", "Đèn LED": "Không", "Kết nối": "Wireless 2.4GHz / Dây USB-C to A", "Kích thước": "120.4 x 63 x 38 mm", "Trọng lượng": "69g", "Pin": "500mAh", "Thời lượng pin": "70–100 giờ sử dụng", "Nút cuộn": "Blue Encoder – Hợp kim nhôm cao cấp", "Công nghệ cảm biến": "PixArt Motion Sync Technology", "Màn hình OLED": "Có – Tùy chỉnh trực tiếp không cần phần mềm", "Polling Rate": "4000Hz (Wireless) / 8000Hz (Cắm dây)"}',
            'Chuột không dây Pulsar X2 H eS Wireless Size 2 nổi bật hơn so với chuột thông thường ở những tính năng độc đáo. Nó được trang bị màn hình OLED ở mặt dưới, cho phép tùy chỉnh nhanh chóng và không cần driver. Người dùng có thể kiểm tra trạng thái pin và định cấu hình các cài đặt khác nhau như polling rate, LOD (Khoảng cách nhấc chuột), Đồng bộ hóa chuyển động, DPI (400, 800, 1600, 3200, 6400 hoặc 12800)...Thiết kế đối xứng đặc biệt tiện lợi dành cho người thuận cả tay trái lẫn tay phải, với các nút phụ có thể gán chức năng, nâng cấp trải nghiệm chơi game của bạn lên một tầm cao mới.\n\nChuột không dây Pulsar X2 H eS Wireless Size 2-Black 1\n\nThiết kế cao cấp\nTối đa hóa tốc độ và độ chính xác: Trải nghiệm chơi game ở đỉnh cao với tốc độ phản hồi 4000Hz cao ấp. Receiver 4K tiên tiến đảm bảo khả năng phản hồi liền mạch, mang lại kết nối không bị lag để phản ứng nhanh như chớp và độ chính xác tuyệt vời.\nChuyển đổi tốc độ nhanh chóng: Không dây sẵn sàng 4K cho tín hiệu sắc nét và khả năng phản hồi nhanh. Chuyển sang chế độ có dây 8K để có độ chi tiết và độ chính xác tuyệt vời. Tận hưởng lợi ích nâng cao của tốc độ 4Khz để tăng cường độ rõ nét và 8Khz để có độ chính xác cao nhất khi chơi game.\nNút hông có thể tháo rời: 4 nút phụ bên hông có nắp phím có thể tháo rời dạng nam châm, phù hợp cho các nhu cầu sử dụng khác nhau.\nChuột không dây Pulsar X2 H eS Wireless Size 2-Black 2\n\nMàn hình Oled\nKhám phá khả năng tùy chỉnh nâng cao với màn hình OLED tích hợp. Dễ dàng theo dõi mức pin và điều chỉnh các cài đặt chính, chẳng hạn như LOD, thời gian gỡ lỗi, đồng bộ hóa chuyển động, tốc độ bỏ phiếu và DPI, bằng cách sử dụng các nút chuột chuyên dụng – tất cả đều không yêu cầu trình điều khiển bên ngoài.\n\nChuột không dây Pulsar X2 H eS Wireless Size 2-Black 3\n\nNút cuộn chất lượng cao\nKhám phá độ bền và phong cách với bánh xe hợp kim nhôm cao cấp. Thiết kế đẹp mắt đảm bảo độ chính xác và tuổi thọ cao, mang lại trải nghiệm cuộn mạnh mẽ. Bộ mã hóa Pulsar Blue mang lại cảm giác xoay xúc giác thú vị, hoạt động êm ái và mượt mà, với cơ chế chống bụi tích hợp để nâng cao độ tin cậy.\n\nChuột không dây Pulsar X2 H eS Wireless Size 2-Black 4\n\nSwitch Optical\nSwitch bấm quang học ngăn chặn lỗi Double Click bằng tính năng phát hiện dựa trên ánh sáng và cung cấp tốc độ nhanh với click trước được sắp xếp theo 3 giai đoạn.\n\nChuột không dây Pulsar X2 H eS Wireless Size 2-Black 5\n\nMắt cảm biến cao cấp\nTrang bị cảm biến PAW3395 hàng đầu mới nhất của PixArt. Với các khả năng ấn tượng, bao gồm tốc độ cao với 26000 dpi, 650 IPS và gia tốc 50G, nó được tối ưu hóa để mang lại trải nghiệm chơi game cạnh tranh đỉnh cao. Bộ xử lý chip chính đã được nâng cấp lên Nordic MCU cao cấp, mang lại hiệu suất năng lượng vượt trội và khả năng xử lý nhanh, chính xác.\n\nChuột không dây Pulsar X2 H eS Wireless Size 2-Black 6\n\nTrải nghiệm chơi game hoàn hảo với các chế độ DPI tùy chỉnh trên chuột của bạn. Sử dụng bánh xe cuộn để điều chỉnh nhanh chóng và dễ dàng cài đặt DPI, tìm độ nhạy lý tưởng cho bạn. Chế độ DPI tùy chỉnh cho phép bạn đặt DPI theo mức tăng 50, cho phép bạn kiểm soát chính xác trải nghiệm chơi trò chơi của mình.\n\nChuột không dây Pulsar X2 H eS Wireless Size 2-Black 7\n\nCông nghệ PixArt Motion Sync: Cảm biến cao cấp mới  của Pixart có thông số kỹ thuật cao nhất trên thị trường với độ chính xác cực cao lên tới 99,6%. Tuy nhiên, điều này không có nghĩa là cảm biến theo dõi chính xác hơn. Để giúp cảm biến của bạn theo dõi chính xác hơn, Công nghệ đồng bộ hóa chuyển động được tích hợp vào cảm biến. PC của bạn trích xuất thông tin từ một cảm biến khác với tốc độ không hoàn toàn khớp với tín hiệu mà chuột gửi đi khi nó trích xuất thông tin từ một cảm biến khác. Công nghệ đồng bộ hóa chuyển động đồng bộ hóa tín hiệu của nó một cách thông minh theo các khoảng thời gian chính xác mà máy tính của bạn trích xuất thông tin. Điều này cho phép việc theo dõi rất chính xác. Tuy nhiên, điều này có thể gây ra một số độ trễ chuyển động (dưới 1ms) mà bạn không thể nhận thấy khi chơi trong trò chơi. \n\nChuột không dây Pulsar X2 H eS Wireless Size 2-Black 8\n\n4K Polling Ready\nTrải nghiệm chuyển động con trỏ nâng cao với Dongle không dây Pulsar 4K mới, mang lại hiệu suất mượt mà và sắc nét hơn. Đặc biệt có giá trị đối với màn hình có refresh rate cao, polling rate cao đảm bảo luồng dữ liệu cập nhật hơn, hoàn toàn phù hợp với tần số nhanh hơn của màn hình. Bằng cách cung cấp số lượng báo cáo dữ liệu nhiều hơn tới 4 lần mỗi giây, độ trễ giữa báo cáo mới nhất và kết xuất khung hình trên màn hình của bạn giảm đáng kể so với tốc độ bỏ phiếu 1000 Hz, mang lại trải nghiệm di chuột liền mạch và cập nhật.',
            24, 'https://product.hstatic.net/200000722513/product/pulsarx2hesgamingmouse_black_005_d7ed3cd06b05498a9c1d535cb2cf7c23.png', '2024-12-08T04:49:19+00:00',1);
        
INSERT INTO product_image (name, product_variant_id, image_url, is_main)
VALUES
    ('Ảnh 1', 499, 'https://product.hstatic.net/200000722513/product/pulsarx2hesgamingmouse_black_005_d7ed3cd06b05498a9c1d535cb2cf7c23.png', TRUE),
    ('Ảnh 2', 499, 'https://product.hstatic.net/200000722513/product/pulsarx2hesgamingmouse_black_002_3a9ab4d52f7f4269984e10193d23e491.png', FALSE),
    ('Ảnh 3', 499, 'https://product.hstatic.net/200000722513/product/pulsarx2hesgamingmouse_black_004_0593405aa0bd47b9822c3aac6b910ad9.png', FALSE),
    ('Ảnh 4', 499, 'https://product.hstatic.net/200000722513/product/pulsarx2hesgamingmouse_black_003_5ae7336e17014997810baa7c3b399092.png', FALSE);
---
INSERT INTO product (name, seo_name, brand_id, specifications, description, created_by, image_url) 
    VALUES (
        'Chuột không dây Rapoo M20', 'chuot-khong-day-rapoo-m20', 29,
        '{"Thương hiệu": "Rapoo", "Model": "M20", "Loại chuột": "Chuột không dây", "Kết nối": "Không dây 2.4GHz", "Khoảng cách hoạt động": "10m", "Độ phân giải": "1000 DPI", "Số nút": "3", "Nguồn pin": "1 x AA", "Thời lượng pin": "Lên đến 12 tháng", "Màu sắc": "Đen", "Kích thước": "100.4 x 60.8 x 38.5 mm", "Trọng lượng": "75g", "Tương thích": "Windows, macOS, Chrome OS", "Bảo hành": "24 tháng"}',
        'Chuột không dây Rapoo M20 là sự lựa chọn lý tưởng cho mọi nhu cầu làm việc và giải trí hàng ngày, mang đến sự tiện lợi và hiệu quả tối ưu. Với thiết kế nhỏ gọn, tinh tế và hiện đại, M20 dễ dàng bỏ vào túi và trở thành người bạn đồng hành không thể thiếu cho những người thường xuyên di chuyển. Kiểu dáng công thái học đối xứng cho phép người dùng thuận tay trái hay tay phải đều có thể sử dụng một cách thoải mái trong thời gian dài mà không gây mỏi.\n\nKết nối không dây 2.4GHz tiên tiến đảm bảo đường truyền ổn định và mạnh mẽ, loại bỏ hoàn toàn sự vướng víu của dây cáp. Chỉ cần cắm đầu thu USB siêu nhỏ vào máy tính, bạn có thể bắt đầu sử dụng ngay lập tức mà không cần cài đặt phần mềm phức tạp. Phạm vi hoạt động hiệu quả lên đến 10 mét, mang lại sự linh hoạt tuyệt vời cho không gian làm việc của bạn, dù là ở văn phòng, tại nhà hay khi di chuyển.\n\nRapoo M20 được trang bị cảm biến quang học chất lượng cao với độ phân giải 1000 DPI, cung cấp khả năng di chuyển con trỏ chính xác và mượt mà trên nhiều bề mặt khác nhau, từ bàn làm việc thông thường đến bề mặt kính. Điều này rất phù hợp cho các tác vụ văn phòng đòi hỏi sự tỉ mỉ, duyệt web hay các công việc thiết kế cơ bản. Đặc biệt, tính năng tiết kiệm năng lượng thông minh giúp kéo dài tuổi thọ pin lên đến 9 tháng (tùy thuộc vào cách sử dụng và môi trường), giảm thiểu tần suất thay pin, mang lại sự tiện lợi và an tâm tối đa cho người dùng. Chuột tương thích rộng rãi với nhiều hệ điều hành phổ biến như Windows, macOS và Chrome OS, đảm bảo khả năng kết nối linh hoạt với hầu hết các thiết bị máy tính hiện nay. Với Rapoo M20, bạn sẽ trải nghiệm sự mượt mà, chính xác và thoải mái trong từng cú nhấp chuột.',
        1, 'https://product.hstatic.net/200000722513/product/chuot-khong-day-rapoo-m20_2__1__bea49e83652c4d4e89a5f4db87036148.png'
    );
INSERT INTO product_category (product_id, category_id) VALUES (500, 27);
INSERT INTO product_variant (
        product_id, name, seo_name, supplier_id, price, price_sale, quantity, sku, model, barcode, 
        specifications, description, warranty, image_url, release_at, created_by)
        VALUES ( 500, 'Chuột không dây Rapoo M20', 'chuot-khong-day-rapoo-m20',
            1, 150000, 90000, 10, 'CHU-RAPOO-M20',
            'CHU-RAPOO-M20', 'CHU-RAPOO-M20',
            '{"Thương hiệu": "Rapoo", "Model": "M20", "Loại chuột": "Chuột không dây", "Kết nối": "Không dây 2.4GHz", "Khoảng cách hoạt động": "10m", "Độ phân giải": "1000 DPI", "Số nút": "3", "Nguồn pin": "1 x AA", "Thời lượng pin": "Lên đến 12 tháng", "Màu sắc": "Đen", "Kích thước": "100.4 x 60.8 x 38.5 mm", "Trọng lượng": "75g", "Tương thích": "Windows, macOS, Chrome OS", "Bảo hành": "24 tháng"}',
            'Chuột không dây Rapoo M20 là sự lựa chọn lý tưởng cho mọi nhu cầu làm việc và giải trí hàng ngày, mang đến sự tiện lợi và hiệu quả tối ưu. Với thiết kế nhỏ gọn, tinh tế và hiện đại, M20 dễ dàng bỏ vào túi và trở thành người bạn đồng hành không thể thiếu cho những người thường xuyên di chuyển. Kiểu dáng công thái học đối xứng cho phép người dùng thuận tay trái hay tay phải đều có thể sử dụng một cách thoải mái trong thời gian dài mà không gây mỏi.\n\nKết nối không dây 2.4GHz tiên tiến đảm bảo đường truyền ổn định và mạnh mẽ, loại bỏ hoàn toàn sự vướng víu của dây cáp. Chỉ cần cắm đầu thu USB siêu nhỏ vào máy tính, bạn có thể bắt đầu sử dụng ngay lập tức mà không cần cài đặt phần mềm phức tạp. Phạm vi hoạt động hiệu quả lên đến 10 mét, mang lại sự linh hoạt tuyệt vời cho không gian làm việc của bạn, dù là ở văn phòng, tại nhà hay khi di chuyển.\n\nRapoo M20 được trang bị cảm biến quang học chất lượng cao với độ phân giải 1000 DPI, cung cấp khả năng di chuyển con trỏ chính xác và mượt mà trên nhiều bề mặt khác nhau, từ bàn làm việc thông thường đến bề mặt kính. Điều này rất phù hợp cho các tác vụ văn phòng đòi hỏi sự tỉ mỉ, duyệt web hay các công việc thiết kế cơ bản. Đặc biệt, tính năng tiết kiệm năng lượng thông minh giúp kéo dài tuổi thọ pin lên đến 9 tháng (tùy thuộc vào cách sử dụng và môi trường), giảm thiểu tần suất thay pin, mang lại sự tiện lợi và an tâm tối đa cho người dùng. Chuột tương thích rộng rãi với nhiều hệ điều hành phổ biến như Windows, macOS và Chrome OS, đảm bảo khả năng kết nối linh hoạt với hầu hết các thiết bị máy tính hiện nay. Với Rapoo M20, bạn sẽ trải nghiệm sự mượt mà, chính xác và thoải mái trong từng cú nhấp chuột.',
            24, 'https://product.hstatic.net/200000722513/product/chuot-khong-day-rapoo-m20_2__1__bea49e83652c4d4e89a5f4db87036148.png', '2024-10-01T03:28:51+00:00',1);
        
INSERT INTO product_image (name, product_variant_id, image_url, is_main)
VALUES
    ('Ảnh 1', 500, 'https://product.hstatic.net/200000722513/product/chuot-khong-day-rapoo-m20_2__1__bea49e83652c4d4e89a5f4db87036148.png', TRUE),
    ('Ảnh 2', 500, 'https://product.hstatic.net/200000722513/product/chuot-khong-day-rapoo-m20_4_f3eb235b4cea4a4495e3075639bfc773.png', FALSE),
    ('Ảnh 3', 500, 'https://product.hstatic.net/200000722513/product/chuot-khong-day-rapoo-m20_6_d943c6571a4f45628a34cd1e4956f329.png', FALSE),
    ('Ảnh 4', 500, 'https://product.hstatic.net/200000722513/product/chuot-khong-day-rapoo-m20_5_aeb0c56d2d1c4e4290f5e716c0a2dc32.png', FALSE),
    ('Ảnh 5', 500, 'https://product.hstatic.net/200000722513/product/chuot-khong-day-rapoo-m20_3_848dd41da53e40aebb0ea540a1235ae8.png', FALSE);
---
INSERT INTO product (name, seo_name, brand_id, specifications, description, created_by, image_url) 
    VALUES (
        'Chuột Razer Không dây Viper V3 Pro Trắng', 'chuot-razer-khong-day-viper-v3-pro-trang', 15,
        '{"Tên sản phẩm": "Chuột Razer Không dây Viper V3 Pro Trắng", "Thương hiệu": "Razer", "Màu sắc": "Trắng", "Loại kết nối": "Không dây (HyperSpeed Wireless)", "Cảm biến": "Focus Pro 30K Optical Sensor", "DPI tối đa": "30000", "Tốc độ theo dõi tối đa": "750 IPS", "Gia tốc tối đa": "70 G", "Tần số báo cáo không dây": "1000 Hz", "Số nút lập trình": "6", "Switch": "Razer Optical Mouse Switches Gen-3", "Tuổi thọ Switch": "90 triệu lần nhấp", "Đèn RGB": "Razer Chroma RGB (5 vùng)", "Pin": "Lithium-ion Polymer", "Thời lượng pin": "Lên đến 95 giờ (tắt RGB)", "Tương thích hệ điều hành": "Windows, macOS", "Phần mềm đi kèm": "Razer Synapse 3", "Trọng lượng": "55g (không bao gồm cáp)", "Kích thước (Dài x Rộng x Cao)": "126.7mm x 63.9mm x 39.5mm", "Cổng sạc": "USB-C", "Bảo hành": "2 năm"}',
        'Chuột Razer không dây Viper V3 Pro Trắng nổi bật với thiết kế siêu nhẹ, chỉ 54g. Đây là một trong những con chuột gaming không dây nhẹ nhất trên thị trường, giúp bạn di chuyển nhanh chóng và linh hoạt trong mọi trận đấu. Thiết kế này không chỉ giúp giảm mỏi tay mà còn tăng cường khả năng phản ứng và kiểm soát, cho phép bạn làm chủ mọi tình huống trong game. Ngoài ra, còn được trang bị thiết kế đối xứng, phù hợp cho cả người thuận tay trái và tay phải. Mang lại sự tiện lợi và thoải mái cho mọi game thủ, không phân biệt tay thuận.\n\nChuột Razer Không dây Viper V3 Pro Trắng\n\nCông nghệ hiện đại\nMột trong những yếu tố quan trọng nhất của một con chuột gaming chính là được trang bị cảm biến. Chuột Razer Viper V3 Pro Trắng được trang bị cảm biến quang học Razer Focus Pro 35K Gen-2, cung cấp độ chính xác và độ nhạy cao nhất. Công nghệ này cho phép bạn thực hiện những pha tracking và flick chuột mượt mà, chính xác, giúp bạn vượt trội hơn trong các trò chơi yêu cầu phản xạ nhanh.\n\nChuột Razer Không dây Viper V3 Pro Trắng\n\nTốc độ phản hồi nhanh chóng\nVới công nghệ Razer HyperPolling 8KHz, Razer Viper V3 Pro Trắng đảm bảo tốc độ phản hồi nhanh nhất, chỉ 0.125ms. Tốc độ này loại bỏ hoàn toàn độ trễ, mang đến cho bạn lợi thế cạnh tranh trong mọi tình huống. Dù bạn đang chơi game bắn súng FPS hay các trò chơi MOBA, sự phản hồi nhanh chóng của chuột sẽ giúp bạn luôn đi trước đối thủ một bước.\n\nChuột Razer Không dây Viper V3 Pro Trắng\n\nĐộ bền vượt trội\nChuột Razer Viper V3 Pro Trắng được trang bị công tắc quang học Razer Gen-3, mang đến độ bền bỉ gấp 75 lần so với công tắc chuột cơ học truyền thống. Công tắc này không chỉ có độ bền cao mà còn cho cảm giác nhấp chuột sắc nét và phản hồi nhanh chóng, giúp bạn kiểm soát trò chơi tốt hơn. Phần mềm Razer Synapse cho phép bạn tùy chỉnh các nút bấm, DPI, RGB và các cài đặt khác theo ý thích. Điều này giúp bạn cá nhân hóa trải nghiệm sử dụng chuột theo nhu cầu và phong cách riêng của mình.\n\nThời lượng pin lên đến 95 giờ\nMột trong những điểm nổi bật của Razer Viper V3 Pro Trắng chính là thời lượng pin lên đến 95 giờ. Bạn có thể thoải mái chơi game trong nhiều giờ liền mà không cần lo lắng về việc hết pin. Đây là một ưu điểm lớn đối với các game thủ thường xuyên chơi game trong thời gian dài mà không cần phải lo lắng vấn đề gián đoạn về pin.',
        1, 'https://product.hstatic.net/200000722513/product/ci9f8k75_e9e8bebbbb164f648e7bf94d561919f7.png'
    );
INSERT INTO product_category (product_id, category_id) VALUES (501, 27);
INSERT INTO product_variant (
        product_id, name, seo_name, supplier_id, price, price_sale, quantity, sku, model, barcode, 
        specifications, description, warranty, image_url, release_at, created_by)
        VALUES ( 501, 'Chuột Razer Không dây Viper V3 Pro Trắng', 'chuot-razer-khong-day-viper-v3-pro-trang',
            1, 4990000, 3650000, 10, 'CHU-RAZER-VIPER-V3-PRO-WHITE',
            'CHU-RAZER-VIPER-V3-PRO-WHITE', 'CHU-RAZER-VIPER-V3-PRO-WHITE',
            '{"Tên sản phẩm": "Chuột Razer Không dây Viper V3 Pro Trắng", "Thương hiệu": "Razer", "Màu sắc": "Trắng", "Loại kết nối": "Không dây (HyperSpeed Wireless)", "Cảm biến": "Focus Pro 30K Optical Sensor", "DPI tối đa": "30000", "Tốc độ theo dõi tối đa": "750 IPS", "Gia tốc tối đa": "70 G", "Tần số báo cáo không dây": "1000 Hz", "Số nút lập trình": "6", "Switch": "Razer Optical Mouse Switches Gen-3", "Tuổi thọ Switch": "90 triệu lần nhấp", "Đèn RGB": "Razer Chroma RGB (5 vùng)", "Pin": "Lithium-ion Polymer", "Thời lượng pin": "Lên đến 95 giờ (tắt RGB)", "Tương thích hệ điều hành": "Windows, macOS", "Phần mềm đi kèm": "Razer Synapse 3", "Trọng lượng": "55g (không bao gồm cáp)", "Kích thước (Dài x Rộng x Cao)": "126.7mm x 63.9mm x 39.5mm", "Cổng sạc": "USB-C", "Bảo hành": "2 năm"}',
            'Chuột Razer không dây Viper V3 Pro Trắng nổi bật với thiết kế siêu nhẹ, chỉ 54g. Đây là một trong những con chuột gaming không dây nhẹ nhất trên thị trường, giúp bạn di chuyển nhanh chóng và linh hoạt trong mọi trận đấu. Thiết kế này không chỉ giúp giảm mỏi tay mà còn tăng cường khả năng phản ứng và kiểm soát, cho phép bạn làm chủ mọi tình huống trong game. Ngoài ra, còn được trang bị thiết kế đối xứng, phù hợp cho cả người thuận tay trái và tay phải. Mang lại sự tiện lợi và thoải mái cho mọi game thủ, không phân biệt tay thuận.\n\nChuột Razer Không dây Viper V3 Pro Trắng\n\nCông nghệ hiện đại\nMột trong những yếu tố quan trọng nhất của một con chuột gaming chính là được trang bị cảm biến. Chuột Razer Viper V3 Pro Trắng được trang bị cảm biến quang học Razer Focus Pro 35K Gen-2, cung cấp độ chính xác và độ nhạy cao nhất. Công nghệ này cho phép bạn thực hiện những pha tracking và flick chuột mượt mà, chính xác, giúp bạn vượt trội hơn trong các trò chơi yêu cầu phản xạ nhanh.\n\nChuột Razer Không dây Viper V3 Pro Trắng\n\nTốc độ phản hồi nhanh chóng\nVới công nghệ Razer HyperPolling 8KHz, Razer Viper V3 Pro Trắng đảm bảo tốc độ phản hồi nhanh nhất, chỉ 0.125ms. Tốc độ này loại bỏ hoàn toàn độ trễ, mang đến cho bạn lợi thế cạnh tranh trong mọi tình huống. Dù bạn đang chơi game bắn súng FPS hay các trò chơi MOBA, sự phản hồi nhanh chóng của chuột sẽ giúp bạn luôn đi trước đối thủ một bước.\n\nChuột Razer Không dây Viper V3 Pro Trắng\n\nĐộ bền vượt trội\nChuột Razer Viper V3 Pro Trắng được trang bị công tắc quang học Razer Gen-3, mang đến độ bền bỉ gấp 75 lần so với công tắc chuột cơ học truyền thống. Công tắc này không chỉ có độ bền cao mà còn cho cảm giác nhấp chuột sắc nét và phản hồi nhanh chóng, giúp bạn kiểm soát trò chơi tốt hơn. Phần mềm Razer Synapse cho phép bạn tùy chỉnh các nút bấm, DPI, RGB và các cài đặt khác theo ý thích. Điều này giúp bạn cá nhân hóa trải nghiệm sử dụng chuột theo nhu cầu và phong cách riêng của mình.\n\nThời lượng pin lên đến 95 giờ\nMột trong những điểm nổi bật của Razer Viper V3 Pro Trắng chính là thời lượng pin lên đến 95 giờ. Bạn có thể thoải mái chơi game trong nhiều giờ liền mà không cần lo lắng về việc hết pin. Đây là một ưu điểm lớn đối với các game thủ thường xuyên chơi game trong thời gian dài mà không cần phải lo lắng vấn đề gián đoạn về pin.',
            24, 'https://product.hstatic.net/200000722513/product/ci9f8k75_e9e8bebbbb164f648e7bf94d561919f7.png', '2024-06-11T07:34:45+00:00',1);
        
INSERT INTO product_image (name, product_variant_id, image_url, is_main)
VALUES
    ('Ảnh 1', 501, 'https://product.hstatic.net/200000722513/product/ci9f8k75_e9e8bebbbb164f648e7bf94d561919f7.png', TRUE),
    ('Ảnh 2', 501, 'https://product.hstatic.net/200000722513/product/32q6ue9b_dd64156f5869455da6d4172f9faa0fa0.png', FALSE),
    ('Ảnh 3', 501, 'https://product.hstatic.net/200000722513/product/d3awpu8q_57e067c744cb404180328a927afb6dbc.png', FALSE),
    ('Ảnh 4', 501, 'https://product.hstatic.net/200000722513/product/i56gu2q2_c08bcc730eb04dcd8b795722757d1f1c.png', FALSE);
---
INSERT INTO product (name, seo_name, brand_id, specifications, description, created_by, image_url) 
    VALUES (
        'Chuột Razer Basilisk V3 Pro White', 'chuot-razer-basilisk-v3-pro-white', 15,
        '{"Kết nối": "Có dây / Không dây / Bluetooth", "Thời lượng pin": "Lên đến 90 giờ (HyperSpeed)", "Đèn LED": "Razer Chroma RGB", "Cảm biến": "Quang học Focus Pro 30K", "DPI": "30000", "IPS": "750", "Số nút bấm": "11", "Gia tốc tối đa (G)": "70", "Switch": "Optical Gen-3", "Tuổi thọ Switch": "90 triệu lần nhấp", "Feet chuột": "100% PTFE", "Kích thước (Dài x Rộng x Cao)": "130 mm x 75.4 mm x 42.5 mm", "Trọng lượng": "112 g"}',
        'Chuột Razer Basilisk V3 Pro White là biểu tượng của sự sang trọng, hiệu suất vượt trội và khả năng tùy biến tối đa, được thiết kế dành cho những game thủ và người dùng chuyên nghiệp đòi hỏi cao nhất. Với gam màu trắng tinh tế, Basilisk V3 Pro không chỉ là một công cụ mạnh mẽ mà còn là một điểm nhấn thẩm mỹ cho không gian làm việc hay chơi game của bạn.\n\nTrái tim của Basilisk V3 Pro là Cảm biến quang học Razer™ Focus Pro 30K, mang lại độ chính xác không tưởng lên đến 30.000 DPI, tốc độ theo dõi 750 IPS và gia tốc 70G, đảm bảo mọi chuyển động nhỏ nhất của bạn đều được ghi nhận hoàn hảo.\n\nKết hợp với Công tắc quang học Razer™ Gen-3, chuột cung cấp tốc độ phản hồi cực nhanh 0.2ms và tuổi thọ lên đến 90 triệu lần nhấp, loại bỏ hoàn toàn vấn đề nhấp đúp ngoài ý muốn và mang lại cảm giác nhấp rõ ràng, sắc nét.\n\nĐiểm nổi bật khác là Bánh xe cuộn Razer™ HyperScroll Tilt Wheel cải tiến, cho phép chuyển đổi linh hoạt giữa chế độ cuộn tự do tốc độ cao (free-spin) và cuộn xúc giác có độ chính xác cao (tactile cycling). Chế độ Smart-Reel thông minh có thể tự động chuyển đổi giữa hai chế độ tùy theo tốc độ cuộn của bạn.\n\nVề kết nối, Basilisk V3 Pro cung cấp sự linh hoạt tối đa với công nghệ Razer™ HyperSpeed Wireless siêu tốc, Bluetooth tiện lợi và kết nối có dây qua USB-C. Tận hưởng thời lượng pin ấn tượng, cùng khả năng sạc không dây qua Razer Mouse Dock Pro và Wireless Charging Puck (bán riêng).\n\nThiết kế công thái học cùng 11 nút bấm có thể lập trình, bao gồm cả nút đa chức năng đặc trưng của dòng Basilisk, cho phép bạn tùy chỉnh mọi lệnh và macro theo ý muốn.\n\nHệ thống chiếu sáng Razer Chroma™ RGB với 13 vùng sáng có thể tùy chỉnh độc lập, tạo nên hiệu ứng ánh sáng sống động và cá nhân hóa sâu sắc, biến chuột của bạn thành một tác phẩm nghệ thuật ánh sáng.\n\nRazer Basilisk V3 Pro White thực sự là một vũ khí tối thượng cho mọi trận chiến, mang lại trải nghiệm không giới hạn và giúp bạn vượt qua mọi thử thách.',
        1, 'https://product.hstatic.net/200000722513/product/thumbchuot-recovered_44dcc374ea4d40e9bfaa4fa0d086f62f_c213a6395356408aae12d54abc6ff8ee.gif'
    );
INSERT INTO product_category (product_id, category_id) VALUES (502, 27);
INSERT INTO product_variant (
        product_id, name, seo_name, supplier_id, price, price_sale, quantity, sku, model, barcode, 
        specifications, description, warranty, image_url, release_at, created_by)
        VALUES ( 502, 'Chuột Razer Basilisk V3 Pro White', 'chuot-razer-basilisk-v3-pro-white',
            1, 4090000, 3390000, 10, 'CHU-RAZER-BASILISK-V3-PRO-WHITE',
            'CHU-RAZER-BASILISK-V3-PRO-WHITE', 'CHU-RAZER-BASILISK-V3-PRO-WHITE',
            '{"Kết nối": "Có dây / Không dây / Bluetooth", "Thời lượng pin": "Lên đến 90 giờ (HyperSpeed)", "Đèn LED": "Razer Chroma RGB", "Cảm biến": "Quang học Focus Pro 30K", "DPI": "30000", "IPS": "750", "Số nút bấm": "11", "Gia tốc tối đa (G)": "70", "Switch": "Optical Gen-3", "Tuổi thọ Switch": "90 triệu lần nhấp", "Feet chuột": "100% PTFE", "Kích thước (Dài x Rộng x Cao)": "130 mm x 75.4 mm x 42.5 mm", "Trọng lượng": "112 g"}',
            'Chuột Razer Basilisk V3 Pro White là biểu tượng của sự sang trọng, hiệu suất vượt trội và khả năng tùy biến tối đa, được thiết kế dành cho những game thủ và người dùng chuyên nghiệp đòi hỏi cao nhất. Với gam màu trắng tinh tế, Basilisk V3 Pro không chỉ là một công cụ mạnh mẽ mà còn là một điểm nhấn thẩm mỹ cho không gian làm việc hay chơi game của bạn.\n\nTrái tim của Basilisk V3 Pro là Cảm biến quang học Razer™ Focus Pro 30K, mang lại độ chính xác không tưởng lên đến 30.000 DPI, tốc độ theo dõi 750 IPS và gia tốc 70G, đảm bảo mọi chuyển động nhỏ nhất của bạn đều được ghi nhận hoàn hảo.\n\nKết hợp với Công tắc quang học Razer™ Gen-3, chuột cung cấp tốc độ phản hồi cực nhanh 0.2ms và tuổi thọ lên đến 90 triệu lần nhấp, loại bỏ hoàn toàn vấn đề nhấp đúp ngoài ý muốn và mang lại cảm giác nhấp rõ ràng, sắc nét.\n\nĐiểm nổi bật khác là Bánh xe cuộn Razer™ HyperScroll Tilt Wheel cải tiến, cho phép chuyển đổi linh hoạt giữa chế độ cuộn tự do tốc độ cao (free-spin) và cuộn xúc giác có độ chính xác cao (tactile cycling). Chế độ Smart-Reel thông minh có thể tự động chuyển đổi giữa hai chế độ tùy theo tốc độ cuộn của bạn.\n\nVề kết nối, Basilisk V3 Pro cung cấp sự linh hoạt tối đa với công nghệ Razer™ HyperSpeed Wireless siêu tốc, Bluetooth tiện lợi và kết nối có dây qua USB-C. Tận hưởng thời lượng pin ấn tượng, cùng khả năng sạc không dây qua Razer Mouse Dock Pro và Wireless Charging Puck (bán riêng).\n\nThiết kế công thái học cùng 11 nút bấm có thể lập trình, bao gồm cả nút đa chức năng đặc trưng của dòng Basilisk, cho phép bạn tùy chỉnh mọi lệnh và macro theo ý muốn.\n\nHệ thống chiếu sáng Razer Chroma™ RGB với 13 vùng sáng có thể tùy chỉnh độc lập, tạo nên hiệu ứng ánh sáng sống động và cá nhân hóa sâu sắc, biến chuột của bạn thành một tác phẩm nghệ thuật ánh sáng.\n\nRazer Basilisk V3 Pro White thực sự là một vũ khí tối thượng cho mọi trận chiến, mang lại trải nghiệm không giới hạn và giúp bạn vượt qua mọi thử thách.',
            24, 'https://product.hstatic.net/200000722513/product/thumbchuot-recovered_44dcc374ea4d40e9bfaa4fa0d086f62f_c213a6395356408aae12d54abc6ff8ee.gif', '2023-06-02T05:49:43+00:00',1);
        
INSERT INTO product_image (name, product_variant_id, image_url, is_main)
VALUES
    ('Ảnh 1', 502, 'https://product.hstatic.net/200000722513/product/thumbchuot-recovered_44dcc374ea4d40e9bfaa4fa0d086f62f_c213a6395356408aae12d54abc6ff8ee.gif', TRUE),
    ('Ảnh 2', 502, 'https://product.hstatic.net/200000722513/product/techspace-zowie-ec2-wl-3_61d7e530856045489c9f6430ef933cee_3be34c92ef894418a81a57a154000fe7.jpg', FALSE),
    ('Ảnh 3', 502, 'https://product.hstatic.net/200000722513/product/techspace-zowie-ec2-wl-2_39d19fcffd9f4d909c3d08b91014b1ad_8de7639abaf047ff90a72af1abdcdfac.jpg', FALSE);
---
INSERT INTO product (name, seo_name, brand_id, specifications, description, created_by, image_url) 
    VALUES (
        'Chuột Pulsar không dây Xlite V3 eS Wireless Size2 Black', 'chuot-pulsar-khong-day-xlite-v3-es-wireless-size2-black', 40,
        '{"Tên sản phẩm": "Chuột Pulsar không dây Xlite V3 eS Wireless Size 2 Black", "Thương hiệu": "Pulsar", "Model": "Xlite V3 eS", "Loại chuột": "Không dây", "Kích thước": "Size 2", "Màu sắc": "Black", "Cảm biến": "PixArt PAW3395", "DPI tối đa": "26000", "Tốc độ phản hồi": "1000Hz", "Trọng lượng": "49g", "Switch": "Huano (bản tùy chỉnh)", "Pin": "Lithium-ion", "Thời lượng pin": "Lên đến 80 giờ", "Độ bền switch": "80 triệu lượt nhấn", "Kết nối": "Không dây 2.4GHz (USB Receiver)", "Nền tảng tương thích": "PC", "Hệ điều hành hỗ trợ": "Windows", "Phần mềm đi kèm": "Pulsar Software", "Loại feet chuột": "PTFE", "Bề mặt chuột": "ABS Matte", "Chiều dài cáp sạc": "1.8m", "Loại cổng sạc": "USB-C"}',
        'Chuột Pulsar không dây Xlite V3 eS Wireless Size2 Black là một sản phẩm cao cấp đến từ thương hiệu Pulsar, được thiết kế dành riêng cho game thủ. Với những cải tiến vượt trội về công nghệ cùng thiết kế hiện đại, sản phẩm này hứa hẹn sẽ mang lại trải nghiệm tuyệt vời trong mỗi trận đấu. Hãy cùng tìm hiểu chi tiết về sản phẩm chuột gaming này qua các đặc tính và tính năng nổi bật dưới đây.\n\nKích thước hoàn hảo cho mọi bàn tay\nPulsar Xlite V3 eS Wireless Size2 Black được thiết kế với kích thước phù hợp cho hầu hết người dùng, đặc biệt là những game thủ có bàn tay nhỏ đến trung bình. Trọng lượng chỉ khoảng 59g giúp người dùng dễ dàng thực hiện các động tác nhanh nhạy mà không gặp bất kỳ trở ngại nào.\n\nThẩm mỹ và độ bền cao\nSản phẩm có bề mặt chống trượt cùng lớp hoàn thiện mờ, mang lại cảm giác sang trọng và dễ cầm nắm. Được làm từ chất liệu cao cấp, chuột không chỉ bền bỉ mà còn dễ dàng bảo trì, giữ cho sản phẩm luôn mới mẻ theo thời gian.\n\nCảm biến PixArt PMW 3395\nPulsar Xlite V3 eS Wireless được trang bị cảm biến PixArt PMW 3395, một trong những cảm biến hàng đầu hiện nay, cho độ chính xác cao lên đến 26,000 DPI. Công nghệ này giúp cho việc theo dõi chuyển động trở nên mượt mà và nhanh nhạy, hoàn hảo cho các trò chơi có độ cạnh tranh cao.\n\nTốc độ phản hồi nhanh\nVới thời gian phản hồi chỉ khoảng 1ms, chuột Xlite V3 eS Wireless đảm bảo độ nhạy cao và khả năng phản hồi nhanh trong mỗi cú bấm. Điều này cực kỳ quan trọng trong các trận đấu căng thẳng, nơi mà sự chính xác và tốc độ là tối quan trọng.\n\nThời gian sử dụng pin ấn tượng\nVới viên pin có thể sử dụng lên đến 100 giờ liên tục, Pulsar Xlite V3 eS Wireless mang đến cho người dùng trải nghiệm không bị gián đoạn. Tính năng tiết kiệm năng lượng thông minh tự động giúp kéo dài thời gian sử dụng, bạn có thể yên tâm rằng chuột sẽ luôn sẵn sàng cho những trận đấu kéo dài.\n\nKết nối không dây ổn định\nSản phẩm sử dụng công nghệ USB Receiver, cho phép kết nối không dây ổn định mà không bị chậm trễ. Điều này mang đến cho người dùng sự tự do di chuyển mà không phải lo lắng về dây cáp gây cản trở.\n\nPhần mềm cấu hình linh hoạt\nVới phần mềm điều chỉnh dễ dàng, người dùng có thể tùy chỉnh các thông số như DPI, các nút chức năng và ánh sáng LED. Điều này cho phép tạo ra một trải nghiệm cá nhân hóa hoàn hảo theo nhu cầu riêng của mỗi người chơi.\n\nĐộ bền vượt trội\nMỗi nút bấm được thiết kế tới 80 triệu lần bấm, đảm bảo rằng chuột có thể hoạt động lâu dài mà không gặp phải tình trạng hư hỏng. Điều này làm cho Pulsar Xlite V3 eS Wireless trở thành một lựa chọn lý tưởng cho những game thủ thường xuyên chơi trong thời gian dài.',
        1, 'https://product.hstatic.net/200000722513/product/pulsarxlitev3esgamingmouse_black_2e93a32c176042e2ba0159854c1084a0.png'
    );
INSERT INTO product_category (product_id, category_id) VALUES (503, 27);
INSERT INTO product_variant (
        product_id, name, seo_name, supplier_id, price, price_sale, quantity, sku, model, barcode, 
        specifications, description, warranty, image_url, release_at, created_by)
        VALUES ( 503, 'Chuột Pulsar không dây Xlite V3 eS Wireless Size2 Black', 'chuot-pulsar-khong-day-xlite-v3-es-wireless-size2-black',
            1, 3690000, 2790000, 10, 'CHU-PULSAR-XLITE-V3-ES-WIRELESS-SIZE2-BLK',
            'CHU-PULSAR-XLITE-V3-ES-WIRELESS-SIZE2-BLK', 'CHU-PULSAR-XLITE-V3-ES-WIRELESS-SIZE2-BLK',
            '{"Tên sản phẩm": "Chuột Pulsar không dây Xlite V3 eS Wireless Size 2 Black", "Thương hiệu": "Pulsar", "Model": "Xlite V3 eS", "Loại chuột": "Không dây", "Kích thước": "Size 2", "Màu sắc": "Black", "Cảm biến": "PixArt PAW3395", "DPI tối đa": "26000", "Tốc độ phản hồi": "1000Hz", "Trọng lượng": "49g", "Switch": "Huano (bản tùy chỉnh)", "Pin": "Lithium-ion", "Thời lượng pin": "Lên đến 80 giờ", "Độ bền switch": "80 triệu lượt nhấn", "Kết nối": "Không dây 2.4GHz (USB Receiver)", "Nền tảng tương thích": "PC", "Hệ điều hành hỗ trợ": "Windows", "Phần mềm đi kèm": "Pulsar Software", "Loại feet chuột": "PTFE", "Bề mặt chuột": "ABS Matte", "Chiều dài cáp sạc": "1.8m", "Loại cổng sạc": "USB-C"}',
            'Chuột Pulsar không dây Xlite V3 eS Wireless Size2 Black là một sản phẩm cao cấp đến từ thương hiệu Pulsar, được thiết kế dành riêng cho game thủ. Với những cải tiến vượt trội về công nghệ cùng thiết kế hiện đại, sản phẩm này hứa hẹn sẽ mang lại trải nghiệm tuyệt vời trong mỗi trận đấu. Hãy cùng tìm hiểu chi tiết về sản phẩm chuột gaming này qua các đặc tính và tính năng nổi bật dưới đây.\n\nKích thước hoàn hảo cho mọi bàn tay\nPulsar Xlite V3 eS Wireless Size2 Black được thiết kế với kích thước phù hợp cho hầu hết người dùng, đặc biệt là những game thủ có bàn tay nhỏ đến trung bình. Trọng lượng chỉ khoảng 59g giúp người dùng dễ dàng thực hiện các động tác nhanh nhạy mà không gặp bất kỳ trở ngại nào.\n\nThẩm mỹ và độ bền cao\nSản phẩm có bề mặt chống trượt cùng lớp hoàn thiện mờ, mang lại cảm giác sang trọng và dễ cầm nắm. Được làm từ chất liệu cao cấp, chuột không chỉ bền bỉ mà còn dễ dàng bảo trì, giữ cho sản phẩm luôn mới mẻ theo thời gian.\n\nCảm biến PixArt PMW 3395\nPulsar Xlite V3 eS Wireless được trang bị cảm biến PixArt PMW 3395, một trong những cảm biến hàng đầu hiện nay, cho độ chính xác cao lên đến 26,000 DPI. Công nghệ này giúp cho việc theo dõi chuyển động trở nên mượt mà và nhanh nhạy, hoàn hảo cho các trò chơi có độ cạnh tranh cao.\n\nTốc độ phản hồi nhanh\nVới thời gian phản hồi chỉ khoảng 1ms, chuột Xlite V3 eS Wireless đảm bảo độ nhạy cao và khả năng phản hồi nhanh trong mỗi cú bấm. Điều này cực kỳ quan trọng trong các trận đấu căng thẳng, nơi mà sự chính xác và tốc độ là tối quan trọng.\n\nThời gian sử dụng pin ấn tượng\nVới viên pin có thể sử dụng lên đến 100 giờ liên tục, Pulsar Xlite V3 eS Wireless mang đến cho người dùng trải nghiệm không bị gián đoạn. Tính năng tiết kiệm năng lượng thông minh tự động giúp kéo dài thời gian sử dụng, bạn có thể yên tâm rằng chuột sẽ luôn sẵn sàng cho những trận đấu kéo dài.\n\nKết nối không dây ổn định\nSản phẩm sử dụng công nghệ USB Receiver, cho phép kết nối không dây ổn định mà không bị chậm trễ. Điều này mang đến cho người dùng sự tự do di chuyển mà không phải lo lắng về dây cáp gây cản trở.\n\nPhần mềm cấu hình linh hoạt\nVới phần mềm điều chỉnh dễ dàng, người dùng có thể tùy chỉnh các thông số như DPI, các nút chức năng và ánh sáng LED. Điều này cho phép tạo ra một trải nghiệm cá nhân hóa hoàn hảo theo nhu cầu riêng của mỗi người chơi.\n\nĐộ bền vượt trội\nMỗi nút bấm được thiết kế tới 80 triệu lần bấm, đảm bảo rằng chuột có thể hoạt động lâu dài mà không gặp phải tình trạng hư hỏng. Điều này làm cho Pulsar Xlite V3 eS Wireless trở thành một lựa chọn lý tưởng cho những game thủ thường xuyên chơi trong thời gian dài.',
            24, 'https://product.hstatic.net/200000722513/product/pulsarxlitev3esgamingmouse_black_2e93a32c176042e2ba0159854c1084a0.png', '2024-12-08T04:49:13+00:00',1);
        
INSERT INTO product_image (name, product_variant_id, image_url, is_main)
VALUES
    ('Ảnh 1', 503, 'https://product.hstatic.net/200000722513/product/pulsarxlitev3esgamingmouse_black_2e93a32c176042e2ba0159854c1084a0.png', TRUE),
    ('Ảnh 2', 503, 'https://product.hstatic.net/200000722513/product/pulsarxlitev3esgamingmouse_black__1__b2bb2183d9ac45e8867b7e80ef23acf0.png', FALSE),
    ('Ảnh 3', 503, 'https://product.hstatic.net/200000722513/product/pulsarxlitev3esgamingmouse_black__3__2ab5d42a21b14ef59e99201605bbf88f.png', FALSE),
    ('Ảnh 4', 503, 'https://product.hstatic.net/200000722513/product/pulsarxlitev3esgamingmouse_black__2__c23496a8bae443cf9a8f83e69967736e.png', FALSE);
---
INSERT INTO product (name, seo_name, brand_id, specifications, description, created_by, image_url) 
    VALUES (
        'Chuột Pulsar không dây Pulsar X2H V3 Size2 Black', 'chuot-pulsar-khong-day-pulsar-x2h-v3-size2-black', 40,
        '{"Tên sản phẩm": "Chuột Pulsar không dây Pulsar X2H V3 Size 2 Black", "Thương hiệu": "Pulsar", "Model": "X2H V3", "Kích thước": "Size 2", "Màu sắc": "Black", "Loại chuột": "Không dây", "Cảm biến": "PixArt PAW3395", "Độ phân giải DPI": "400/800/1600/3200 (mặc định)", "Tốc độ theo dõi tối đa": "650 IPS", "Gia tốc tối đa": "50G", "Tần số phản hồi": "1000Hz", "Tuổi thọ nút bấm": "80 triệu lần", "Switch": "Optical", "Loại pin": "Pin sạc Li-ion", "Thời lượng pin": "Lên đến 100 giờ", "Cổng sạc": "USB-C", "Phần mềm đi kèm": "Pulsar Software", "Trọng lượng": "54g", "Chất liệu": "ABS", "Hệ điều hành tương thích": "Windows, macOS", "Kích thước (Dài x Rộng x Cao)": "125 x 63 x 37 mm"}',
        'Chuột Pulsar X2H V3 Size2 Black là một tuyệt phẩm công nghệ dành cho game thủ và người dùng chuyên nghiệp đang tìm kiếm sự hoàn hảo trong từng cú click. Với thiết kế công thái học tối ưu cho người dùng có bàn tay cỡ trung bình và lớn (Size2), phiên bản V3 này đã được cải tiến đáng kể, mang lại trải nghiệm cầm nắm thoải mái và chắc chắn, giảm thiểu mỏi tay ngay cả trong những phiên chơi kéo dài. Trọng lượng siêu nhẹ giúp di chuyển chuột mượt mà và nhanh chóng, cực kỳ lợi thế trong các tựa game yêu cầu phản xạ cao. Được trang bị cảm biến quang học PixArt cao cấp, X2H V3 đảm bảo độ chính xác tuyệt đối và tốc độ theo dõi không trễ, cho phép bạn thực hiện những pha xử lý tinh tế nhất. Công nghệ không dây 2.4GHz tiên tiến cung cấp kết nối ổn định, gần như không có độ trễ, loại bỏ hoàn toàn cảm giác vướng víu của dây cáp. Các switch quang học chất lượng cao dưới nút bấm chính mang lại độ bền vượt trội và cảm giác bấm nhạy bén, đồng nhất, tuổi thọ lên đến hàng chục triệu lần click. Ngoài ra, viên pin dung lượng lớn đảm bảo thời gian sử dụng liên tục ấn tượng, giúp bạn yên tâm trong mọi cuộc chơi và công việc. Màu đen tuyền lịch lãm càng tôn lên vẻ ngoài mạnh mẽ và chuyên nghiệp của sản phẩm.',
        1, 'https://product.hstatic.net/200000722513/product/pulsarx2hv3gamingmouse_black_001_b23ecc5c0fe249119489e1a61396a974.png'
    );
INSERT INTO product_category (product_id, category_id) VALUES (504, 27);
INSERT INTO product_variant (
        product_id, name, seo_name, supplier_id, price, price_sale, quantity, sku, model, barcode, 
        specifications, description, warranty, image_url, release_at, created_by)
        VALUES ( 504, 'Chuột Pulsar không dây Pulsar X2H V3 Size2 Black', 'chuot-pulsar-khong-day-pulsar-x2h-v3-size2-black',
            1, 2490000, 2390000, 10, 'CHU-PULSAR-X2H-V3-WIRELESS-SIZE2-BLK',
            'CHU-PULSAR-X2H-V3-WIRELESS-SIZE2-BLK', 'CHU-PULSAR-X2H-V3-WIRELESS-SIZE2-BLK',
            '{"Tên sản phẩm": "Chuột Pulsar không dây Pulsar X2H V3 Size 2 Black", "Thương hiệu": "Pulsar", "Model": "X2H V3", "Kích thước": "Size 2", "Màu sắc": "Black", "Loại chuột": "Không dây", "Cảm biến": "PixArt PAW3395", "Độ phân giải DPI": "400/800/1600/3200 (mặc định)", "Tốc độ theo dõi tối đa": "650 IPS", "Gia tốc tối đa": "50G", "Tần số phản hồi": "1000Hz", "Tuổi thọ nút bấm": "80 triệu lần", "Switch": "Optical", "Loại pin": "Pin sạc Li-ion", "Thời lượng pin": "Lên đến 100 giờ", "Cổng sạc": "USB-C", "Phần mềm đi kèm": "Pulsar Software", "Trọng lượng": "54g", "Chất liệu": "ABS", "Hệ điều hành tương thích": "Windows, macOS", "Kích thước (Dài x Rộng x Cao)": "125 x 63 x 37 mm"}',
            'Chuột Pulsar X2H V3 Size2 Black là một tuyệt phẩm công nghệ dành cho game thủ và người dùng chuyên nghiệp đang tìm kiếm sự hoàn hảo trong từng cú click. Với thiết kế công thái học tối ưu cho người dùng có bàn tay cỡ trung bình và lớn (Size2), phiên bản V3 này đã được cải tiến đáng kể, mang lại trải nghiệm cầm nắm thoải mái và chắc chắn, giảm thiểu mỏi tay ngay cả trong những phiên chơi kéo dài. Trọng lượng siêu nhẹ giúp di chuyển chuột mượt mà và nhanh chóng, cực kỳ lợi thế trong các tựa game yêu cầu phản xạ cao. Được trang bị cảm biến quang học PixArt cao cấp, X2H V3 đảm bảo độ chính xác tuyệt đối và tốc độ theo dõi không trễ, cho phép bạn thực hiện những pha xử lý tinh tế nhất. Công nghệ không dây 2.4GHz tiên tiến cung cấp kết nối ổn định, gần như không có độ trễ, loại bỏ hoàn toàn cảm giác vướng víu của dây cáp. Các switch quang học chất lượng cao dưới nút bấm chính mang lại độ bền vượt trội và cảm giác bấm nhạy bén, đồng nhất, tuổi thọ lên đến hàng chục triệu lần click. Ngoài ra, viên pin dung lượng lớn đảm bảo thời gian sử dụng liên tục ấn tượng, giúp bạn yên tâm trong mọi cuộc chơi và công việc. Màu đen tuyền lịch lãm càng tôn lên vẻ ngoài mạnh mẽ và chuyên nghiệp của sản phẩm.',
            24, 'https://product.hstatic.net/200000722513/product/pulsarx2hv3gamingmouse_black_001_b23ecc5c0fe249119489e1a61396a974.png', '2024-12-08T04:49:15+00:00',1);
        
INSERT INTO product_image (name, product_variant_id, image_url, is_main)
VALUES
    ('Ảnh 1', 504, 'https://product.hstatic.net/200000722513/product/pulsarx2hv3gamingmouse_black_001_b23ecc5c0fe249119489e1a61396a974.png', TRUE),
    ('Ảnh 2', 504, 'https://product.hstatic.net/200000722513/product/pulsarx2hv3gamingmouse_black_002_9cbf329df2ab4ba380275d4d163ce27d.png', FALSE),
    ('Ảnh 3', 504, 'https://product.hstatic.net/200000722513/product/pulsarx2hv3gamingmouse_black_004_1da007db70dc43be8155b52d2fd93016.png', FALSE),
    ('Ảnh 4', 504, 'https://product.hstatic.net/200000722513/product/pulsarx2hv3gamingmouse_black_003_4b6b6c3a56f146b18f7dc6fc90d9a187.png', FALSE);
---
INSERT INTO product (name, seo_name, brand_id, specifications, description, created_by, image_url) 
    VALUES (
        'Chuột không dây Pulsar Xlite V4 Size2 Black', 'chuot-pulsar-khong-day-pulsar-xlite-v4-size2-black', 40,
        '{"Kích thước": "4.8in x 2.6in x 1.7in (122mm x 66mm x 43mm)", "Khối lượng": "54g (±1g) / 1.9oz không kèm cáp", "Cảm biến": "XS-1 Flagship Sensor", "Độ phân giải": "32,000 DPI", "Tốc độ di chuyển": "750 IPS", "Gia tốc": "50g", "Tần số quét": "1000Hz/1ms, tối đa 8K (cần mua dongle riêng)", "Bộ xử lý": "32-bit ARM", "Thiết kế": "Ergonomic right hand, Palm Grip, Ultra-light Weight", "Công nghệ nút": "Fast and Double Click Free, Pulsar Blue Encoder", "Bánh xe": "Super Smooth ballbearing wheels", "Tùy chỉnh": "Fully customizable sensor setting, Fully customizable keys and macros, Adjustable DPI in 10-unit increments", "Cáp": "Superflex Paracord Cable", "Yêu cầu hệ thống": "USB Port, Windows, Mac, Linux, Internet connection for software, Windows 7 or higher for Pulsar Software", "Nội dung hộp": "Xlite v4 Wireless Mouse x1, Wireless Receiver adapter x1, Wireless Receiver x1, USB-C Cable x1"}',
        'Phiên bản chuột gaming Pulsar Xlite V4 được thiết kế tối ưu cho người dùng tay phải và mang lại trải nghiệm cầm nắm cực kỳ thoải mái cho kiểu cầm lòng bàn tay (palm grip). Điểm nhấn của Xlite V4 chính là thiết kế công thái học được nghiên cứu và phát triển kỹ lưỡng, đặc biệt chú trọng đến vị trí tay cầm bên phải. Điều này giúp người dùng cảm thấy thoải mái tối đa ngay cả trong những buổi chơi game kéo dài, giảm thiểu tình trạng mỏi cổ tay và tăng cường khả năng kiểm soát chuột.\n\nSự phối hợp hài hòa giữa thiết kế và hiệu suất chơi game ổn định đã giúp Xlite V4 trở thành lựa chọn lý tưởng cho các gamer. Với độ chính xác cao, sự thoải mái vượt trội và hiệu suất đỉnh cao với chuột gaming Xlite V4, được thiết kế riêng để đáp ứng mọi nhu cầu chơi game khắt khe của bạn.\n\nChuột Pulsar không dây Pulsar Xlite V4 Size2 Black\n\n \n\nTrọng lượng siêu nhẹ chỉ khoảng 54g\nTheo phương châm thiết kế \"Simple but not simple\" (Đơn giản nhưng không đơn điệu), Pulsar luôn mang đến những thiết kế vừa tối giản vừa tinh tế. Với thiết kế lần này, Chuột Pulsar không dây Pulsar Xlite V4 Size2 Black chỉ nặng khoảng 54 gram nhưng vẫn giữ nguyên độ bền của chuột. Điều này sẽ giúp người dùng có thể trải nghiệm một con chuột chơi game hiệu suất cao với tọng lượng nhẹ hơn trứng.\n\nCó khả năng tùy chỉnh cảm biến nhấc chuột (LOD)\nChuột gaming Xlite V4 cũng đề cao tính cá nhân hóa trải nghiệm của người dùng, bạn có thể tùy chọn ba chế độ LOD trên chuột với: 2mm, 1mm và 0.7mm. Tính năng này cho phép người dùng tinh chỉnh khoảng cách mà chuột ngừng nhận tín hiệu khi nhấc lên khỏi bề mặt, từ đó tối ưu hóa độ chính xác và khả năng kiểm soát chuột theo sở thích cá nhân. Với ba mức LOD khác nhau, người chơi có thể dễ dàng điều chỉnh để phù hợp với phong cách chơi game và loại bề mặt di chuột mà họ sử dụng. \n\nChuột Pulsar không dây Pulsar Xlite V4 Size2 Black\n\nĐược trang bị polling rate 8K hiện đại\nSản phẩm còn được trang bị Gaming Dongle không dây Pulsar 8K tiên tiến, được thiết kế để tối ưu hóa độ chính xác và tốc độ phản hồi giúp hiệu suất chơi game của bạn được nâng tầm đáng kể. Dongle tiên tiến này cho phép bạn kết nối với các màn hình 8K hiệu quả cũng như tốc độ polling rate ấn tượng, các dữ liệu sẽ được truyền tải nhanh chóng.\n\nVới khả năng gửi dữ liệu gấp 8 lần so với tốc độ thăm dò 1000Hz tiêu chuẩn, Pulsar 8K Dongle giảm thiểu độ trễ đầu vào (input lag) đến mức tối thiểu, mang lại sự đồng bộ hóa gần như tức thời giữa thao tác chuột của bạn và những gì diễn ra trên màn hình.\n\nChuột Pulsar không dây Pulsar Xlite V4 Size2 Black\n\nCông nghệ đồng bộ hoá chuyển động của Pixart\nCảm biến Pixart hàng đầu mới nhất sở hữu thông số kỹ thuật cao nhất trên thị trường, với độ chính xác ấn tượng lên đến 99,6%. Tuy nhiên, độ chính xác này không tự động chuyển thành khả năng theo dõi chuyển động vượt trội. Để đạt được độ chính xác cao hơn trong việc theo dõi, Công nghệ Motion Sync đã được tích hợp vào cảm biến. Máy tính của bạn thường thu thập thông tin từ một cảm biến khác với tốc độ không hoàn toàn khớp với tín hiệu mà chuột gửi đi. Và Motion Sync giải quyết vấn đề này bằng cách điều chỉnh tín hiệu một cách thông minh theo thời gian thực mà máy tính thu thập thông tin.',
        1, 'https://product.hstatic.net/200000722513/product/pulsarxlitev4gamingmouse_black_0_d974b23822a442aa97dd0902a100fa19.png'
    );
INSERT INTO product_category (product_id, category_id) VALUES (505, 27);
INSERT INTO product_variant (
        product_id, name, seo_name, supplier_id, price, price_sale, quantity, sku, model, barcode, 
        specifications, description, warranty, image_url, release_at, created_by)
        VALUES ( 505, 'Chuột Pulsar không dây Pulsar Xlite V4 Size2 Black', 'chuot-pulsar-khong-day-pulsar-xlite-v4-size2-black',
            1, 2490000, 2390000, 10, 'CHU-PULSAR-XLITE-V4-WIRELESS-SIZE2-BLK',
            'CHU-PULSAR-XLITE-V4-WIRELESS-SIZE2-BLK', 'CHU-PULSAR-XLITE-V4-WIRELESS-SIZE2-BLK',
            '{"Kích thước": "4.8in x 2.6in x 1.7in (122mm x 66mm x 43mm)", "Khối lượng": "54g (±1g) / 1.9oz không kèm cáp", "Cảm biến": "XS-1 Flagship Sensor", "Độ phân giải": "32,000 DPI", "Tốc độ di chuyển": "750 IPS", "Gia tốc": "50g", "Tần số quét": "1000Hz/1ms, tối đa 8K (cần mua dongle riêng)", "Bộ xử lý": "32-bit ARM", "Thiết kế": "Ergonomic right hand, Palm Grip, Ultra-light Weight", "Công nghệ nút": "Fast and Double Click Free, Pulsar Blue Encoder", "Bánh xe": "Super Smooth ballbearing wheels", "Tùy chỉnh": "Fully customizable sensor setting, Fully customizable keys and macros, Adjustable DPI in 10-unit increments", "Cáp": "Superflex Paracord Cable", "Yêu cầu hệ thống": "USB Port, Windows, Mac, Linux, Internet connection for software, Windows 7 or higher for Pulsar Software", "Nội dung hộp": "Xlite v4 Wireless Mouse x1, Wireless Receiver adapter x1, Wireless Receiver x1, USB-C Cable x1"}',
            'Phiên bản chuột gaming Pulsar Xlite V4 được thiết kế tối ưu cho người dùng tay phải và mang lại trải nghiệm cầm nắm cực kỳ thoải mái cho kiểu cầm lòng bàn tay (palm grip). Điểm nhấn của Xlite V4 chính là thiết kế công thái học được nghiên cứu và phát triển kỹ lưỡng, đặc biệt chú trọng đến vị trí tay cầm bên phải. Điều này giúp người dùng cảm thấy thoải mái tối đa ngay cả trong những buổi chơi game kéo dài, giảm thiểu tình trạng mỏi cổ tay và tăng cường khả năng kiểm soát chuột.\n\nSự phối hợp hài hòa giữa thiết kế và hiệu suất chơi game ổn định đã giúp Xlite V4 trở thành lựa chọn lý tưởng cho các gamer. Với độ chính xác cao, sự thoải mái vượt trội và hiệu suất đỉnh cao với chuột gaming Xlite V4, được thiết kế riêng để đáp ứng mọi nhu cầu chơi game khắt khe của bạn.\n\nChuột Pulsar không dây Pulsar Xlite V4 Size2 Black\n\n \n\nTrọng lượng siêu nhẹ chỉ khoảng 54g\nTheo phương châm thiết kế \"Simple but not simple\" (Đơn giản nhưng không đơn điệu), Pulsar luôn mang đến những thiết kế vừa tối giản vừa tinh tế. Với thiết kế lần này, Chuột Pulsar không dây Pulsar Xlite V4 Size2 Black chỉ nặng khoảng 54 gram nhưng vẫn giữ nguyên độ bền của chuột. Điều này sẽ giúp người dùng có thể trải nghiệm một con chuột chơi game hiệu suất cao với tọng lượng nhẹ hơn trứng.\n\nCó khả năng tùy chỉnh cảm biến nhấc chuột (LOD)\nChuột gaming Xlite V4 cũng đề cao tính cá nhân hóa trải nghiệm của người dùng, bạn có thể tùy chọn ba chế độ LOD trên chuột với: 2mm, 1mm và 0.7mm. Tính năng này cho phép người dùng tinh chỉnh khoảng cách mà chuột ngừng nhận tín hiệu khi nhấc lên khỏi bề mặt, từ đó tối ưu hóa độ chính xác và khả năng kiểm soát chuột theo sở thích cá nhân. Với ba mức LOD khác nhau, người chơi có thể dễ dàng điều chỉnh để phù hợp với phong cách chơi game và loại bề mặt di chuột mà họ sử dụng. \n\nChuột Pulsar không dây Pulsar Xlite V4 Size2 Black\n\nĐược trang bị polling rate 8K hiện đại\nSản phẩm còn được trang bị Gaming Dongle không dây Pulsar 8K tiên tiến, được thiết kế để tối ưu hóa độ chính xác và tốc độ phản hồi giúp hiệu suất chơi game của bạn được nâng tầm đáng kể. Dongle tiên tiến này cho phép bạn kết nối với các màn hình 8K hiệu quả cũng như tốc độ polling rate ấn tượng, các dữ liệu sẽ được truyền tải nhanh chóng.\n\nVới khả năng gửi dữ liệu gấp 8 lần so với tốc độ thăm dò 1000Hz tiêu chuẩn, Pulsar 8K Dongle giảm thiểu độ trễ đầu vào (input lag) đến mức tối thiểu, mang lại sự đồng bộ hóa gần như tức thời giữa thao tác chuột của bạn và những gì diễn ra trên màn hình.\n\nChuột Pulsar không dây Pulsar Xlite V4 Size2 Black\n\nCông nghệ đồng bộ hoá chuyển động của Pixart\nCảm biến Pixart hàng đầu mới nhất sở hữu thông số kỹ thuật cao nhất trên thị trường, với độ chính xác ấn tượng lên đến 99,6%. Tuy nhiên, độ chính xác này không tự động chuyển thành khả năng theo dõi chuyển động vượt trội. Để đạt được độ chính xác cao hơn trong việc theo dõi, Công nghệ Motion Sync đã được tích hợp vào cảm biến. Máy tính của bạn thường thu thập thông tin từ một cảm biến khác với tốc độ không hoàn toàn khớp với tín hiệu mà chuột gửi đi. Và Motion Sync giải quyết vấn đề này bằng cách điều chỉnh tín hiệu một cách thông minh theo thời gian thực mà máy tính thu thập thông tin.',
            24, 'https://product.hstatic.net/200000722513/product/pulsarxlitev4gamingmouse_black_0_d974b23822a442aa97dd0902a100fa19.png', '2024-12-08T04:49:22+00:00',1);
        
INSERT INTO product_image (name, product_variant_id, image_url, is_main)
VALUES
    ('Ảnh 1', 505, 'https://product.hstatic.net/200000722513/product/pulsarxlitev4gamingmouse_black_0_d974b23822a442aa97dd0902a100fa19.png', TRUE),
    ('Ảnh 2', 505, 'https://product.hstatic.net/200000722513/product/pulsarxlitev4gamingmouse_black_0__1__afa626a0283140968179a5f2a72a2728.png', FALSE),
    ('Ảnh 3', 505, 'https://product.hstatic.net/200000722513/product/pulsarxlitev4gamingmouse_black_0__3__30a1b58c5889411cb4a41cdfdeeea1c9.png', FALSE),
    ('Ảnh 4', 505, 'https://product.hstatic.net/200000722513/product/pulsarxlitev4gamingmouse_black_0__2__bb6c5a6cc62f4cc1a01fd7613c6854a2.png', FALSE);
---
INSERT INTO product (name, seo_name, brand_id, specifications, description, created_by, image_url) 
    VALUES (
        'Chuột Pulsar có dây X2H Medium Black', 'chuot-pulsar-co-day-x2h-medium-black', 40,
        '{"Tên sản phẩm": "Chuột Pulsar có dây X2H Medium Black", "Thương hiệu": "Pulsar", "Mã sản phẩm": "X2H-MED-BLK", "Loại chuột": "Chuột có dây", "Kích thước": "Medium", "Màu sắc": "Đen", "Cảm biến": "PixArt PAW3395", "Độ phân giải DPI": "26000 DPI", "Tần số phản hồi": "1000 Hz", "Switch": "Huano micro switches", "Số nút bấm": "6", "Trọng lượng": "55g", "Chiều dài dây": "1.8m", "Chất liệu": "ABS", "Độ bền nút bấm": "80 triệu lượt", "Hệ điều hành tương thích": "Windows, macOS, Linux", "Phần mềm đi kèm": "Pulsar Software", "Tình trạng": "Mới"}',
        'Chuột Pulsar X2H Medium Black là một trong những sản phẩm gaming mouse đến từ thương hiệu Pulsar, được thiết kế đặc biệt cho game thủ với nhiều tính năng vượt trội. Dưới đây là đánh giá chi tiết về sản phẩm này, bao gồm những đặc điểm và tính năng nổi bật.\n\n**Thiết kế tinh tế và nhẹ nhàng**\nPulsar X2H có trọng lượng chỉ khoảng 60g, giúp người dùng dễ dàng di chuyển và thao tác chính xác trong các trận đấu căng thẳng. Kết hợp với thiết kế công thái học, chuột mang lại cảm giác thoải mái khi sử dụng lâu dài.\n\n**Cảm biến quang học tiên tiến**\nSản phẩm được trang bị cảm biến quang học PixArt PMW 3389, cho phép đạt được độ chính xác cực cao với DPI tối đa lên đến 16.000. Điều này giúp các game thủ có thể điều khiển chính xác và nhanh chóng khi cần thiết.\n\n**Switch bền bỉ và phản hồi nhanh**\nChuột Pulsar X2H được trang bị switch Omron với độ bền lên tới 50 triệu lần nhấp, mang lại độ tin cậy cao trong mọi tình huống. Phản hồi nhấn nhanh chóng giúp người dùng không bỏ lỡ bất kỳ khoảnh khắc nào trong trò chơi.\n\n**Tùy chỉnh độ DPI linh hoạt**\nNgười dùng có thể tùy chỉnh độ DPI từ 100 đến 16.000 một cách dễ dàng thông qua phần mềm đi kèm. Tính năng này cho phép game thủ tùy chỉnh theo phong cách chơi của mình, từ những pha hành động nhanh cho đến những lúc cần độ chính xác cao.\n\n**Bề mặt chống trượt**\nBề mặt của chuột được thiết kế với chất liệu chống trượt, giúp người dùng có thể kiểm soát tốt hơn trong các tình huống sử dụng. Kể cả khi tay ra mồ hôi, người dùng vẫn có thể yên tâm sử dụng mà không lo mất kiểm soát.\n\n**Kết nối USB có dây ổn định**\nPulsar X2H sử dụng kết nối USB có dây, đảm bảo độ ổn định và giảm thiểu độ trễ so với những loại chuột không dây. Điều này cực kỳ quan trọng trong các trận đấu mà độ chính xác và thời gian phản hồi là yếu tố quyết định chiến thắng.\n\n**Phần mềm tùy chỉnh đa năng**\nPhần mềm đi kèm cho phép người dùng tùy chỉnh ánh sáng RGB, lập trình nút, cũng như quản lý các cài đặt DPI. Điều này tạo ra một trải nghiệm cá nhân hóa tốt hơn cho mỗi game thủ.\n\n**Đồ họa và ánh sáng LED hiện đại**\nPulsar X2H còn được trang bị hệ thống ánh sáng LED RGB, không chỉ làm tăng tính thẩm mỹ mà còn giúp người dùng dễ dàng nhận biết các chế độ hoạt động khác nhau của chuột.\n\nChuột Pulsar X2H Medium Black là một sự lựa chọn xuất sắc cho các game thủ. Với thiết kế nhẹ, cảm biến quang học tiên tiến, độ bền cao và khả năng tùy chỉnh đa dạng, sản phẩm đáp ứng tốt nhu cầu của người dùng trong mọi tình huống. Nếu bạn đang tìm kiếm một chuột gaming có dây chất lượng, Pulsar X2H xứng đáng là một trong những ứng viên hàng đầu.',
        1, 'https://product.hstatic.net/200000722513/product/pulsarx2hwiredgamingmouse_black_b8cbf094d73d470db3d9fb78e377733c.png'
    );
INSERT INTO product_category (product_id, category_id) VALUES (506, 27);
INSERT INTO product_variant (
        product_id, name, seo_name, supplier_id, price, price_sale, quantity, sku, model, barcode, 
        specifications, description, warranty, image_url, release_at, created_by)
        VALUES ( 506, 'Chuột Pulsar có dây X2H Medium Black', 'chuot-pulsar-co-day-x2h-medium-black',
            1, 1390000, 1249000, 10, 'CHU-PULSAR-X2H-WIRED-MEDIUM-BLK',
            'CHU-PULSAR-X2H-WIRED-MEDIUM-BLK', 'CHU-PULSAR-X2H-WIRED-MEDIUM-BLK',
            '{"Tên sản phẩm": "Chuột Pulsar có dây X2H Medium Black", "Thương hiệu": "Pulsar", "Mã sản phẩm": "X2H-MED-BLK", "Loại chuột": "Chuột có dây", "Kích thước": "Medium", "Màu sắc": "Đen", "Cảm biến": "PixArt PAW3395", "Độ phân giải DPI": "26000 DPI", "Tần số phản hồi": "1000 Hz", "Switch": "Huano micro switches", "Số nút bấm": "6", "Trọng lượng": "55g", "Chiều dài dây": "1.8m", "Chất liệu": "ABS", "Độ bền nút bấm": "80 triệu lượt", "Hệ điều hành tương thích": "Windows, macOS, Linux", "Phần mềm đi kèm": "Pulsar Software", "Tình trạng": "Mới"}',
            'Chuột Pulsar X2H Medium Black là một trong những sản phẩm gaming mouse đến từ thương hiệu Pulsar, được thiết kế đặc biệt cho game thủ với nhiều tính năng vượt trội. Dưới đây là đánh giá chi tiết về sản phẩm này, bao gồm những đặc điểm và tính năng nổi bật.\n\n**Thiết kế tinh tế và nhẹ nhàng**\nPulsar X2H có trọng lượng chỉ khoảng 60g, giúp người dùng dễ dàng di chuyển và thao tác chính xác trong các trận đấu căng thẳng. Kết hợp với thiết kế công thái học, chuột mang lại cảm giác thoải mái khi sử dụng lâu dài.\n\n**Cảm biến quang học tiên tiến**\nSản phẩm được trang bị cảm biến quang học PixArt PMW 3389, cho phép đạt được độ chính xác cực cao với DPI tối đa lên đến 16.000. Điều này giúp các game thủ có thể điều khiển chính xác và nhanh chóng khi cần thiết.\n\n**Switch bền bỉ và phản hồi nhanh**\nChuột Pulsar X2H được trang bị switch Omron với độ bền lên tới 50 triệu lần nhấp, mang lại độ tin cậy cao trong mọi tình huống. Phản hồi nhấn nhanh chóng giúp người dùng không bỏ lỡ bất kỳ khoảnh khắc nào trong trò chơi.\n\n**Tùy chỉnh độ DPI linh hoạt**\nNgười dùng có thể tùy chỉnh độ DPI từ 100 đến 16.000 một cách dễ dàng thông qua phần mềm đi kèm. Tính năng này cho phép game thủ tùy chỉnh theo phong cách chơi của mình, từ những pha hành động nhanh cho đến những lúc cần độ chính xác cao.\n\n**Bề mặt chống trượt**\nBề mặt của chuột được thiết kế với chất liệu chống trượt, giúp người dùng có thể kiểm soát tốt hơn trong các tình huống sử dụng. Kể cả khi tay ra mồ hôi, người dùng vẫn có thể yên tâm sử dụng mà không lo mất kiểm soát.\n\n**Kết nối USB có dây ổn định**\nPulsar X2H sử dụng kết nối USB có dây, đảm bảo độ ổn định và giảm thiểu độ trễ so với những loại chuột không dây. Điều này cực kỳ quan trọng trong các trận đấu mà độ chính xác và thời gian phản hồi là yếu tố quyết định chiến thắng.\n\n**Phần mềm tùy chỉnh đa năng**\nPhần mềm đi kèm cho phép người dùng tùy chỉnh ánh sáng RGB, lập trình nút, cũng như quản lý các cài đặt DPI. Điều này tạo ra một trải nghiệm cá nhân hóa tốt hơn cho mỗi game thủ.\n\n**Đồ họa và ánh sáng LED hiện đại**\nPulsar X2H còn được trang bị hệ thống ánh sáng LED RGB, không chỉ làm tăng tính thẩm mỹ mà còn giúp người dùng dễ dàng nhận biết các chế độ hoạt động khác nhau của chuột.\n\nChuột Pulsar X2H Medium Black là một sự lựa chọn xuất sắc cho các game thủ. Với thiết kế nhẹ, cảm biến quang học tiên tiến, độ bền cao và khả năng tùy chỉnh đa dạng, sản phẩm đáp ứng tốt nhu cầu của người dùng trong mọi tình huống. Nếu bạn đang tìm kiếm một chuột gaming có dây chất lượng, Pulsar X2H xứng đáng là một trong những ứng viên hàng đầu.',
            24, 'https://product.hstatic.net/200000722513/product/pulsarx2hwiredgamingmouse_black_b8cbf094d73d470db3d9fb78e377733c.png', '2024-12-08T04:49:38+00:00',1);
        
INSERT INTO product_image (name, product_variant_id, image_url, is_main)
VALUES
    ('Ảnh 1', 506, 'https://product.hstatic.net/200000722513/product/pulsarx2hwiredgamingmouse_black_b8cbf094d73d470db3d9fb78e377733c.png', TRUE),
    ('Ảnh 2', 506, 'https://product.hstatic.net/200000722513/product/pulsarx2hwiredgamingmouse_black__1__b116ac755fe646ab95a66d80f449b6c7.png', FALSE),
    ('Ảnh 3', 506, 'https://product.hstatic.net/200000722513/product/pulsarx2hwiredgamingmouse_black__3__1dfa7e13b5284da6a1ed293868471307.png', FALSE),
    ('Ảnh 4', 506, 'https://product.hstatic.net/200000722513/product/pulsarx2hwiredgamingmouse_black__2__e316cf1407b946c58c5e69fb2f01341a.png', FALSE);
---
INSERT INTO product (name, seo_name, brand_id, specifications, description, created_by, image_url) 
    VALUES (
        'Chuột Razer Basilisk V3 Pro 35K White', 'chuot-razer-basilisk-v3-pro-35k-white', 15,
        '{"Tên sản phẩm": "Razer Basilisk V3 Pro 35K White", "Loại chuột": "Gaming mouse", "Kết nối": "Không dây (HyperSpeed Wireless), Có dây (USB-C)", "Cảm biến": "Razer Focus Pro 35K Optical Sensor", "DPI": "30000", "IPS": "750", "Gia tốc": "70 G", "Số nút có thể lập trình": "10", "Switch chuột": "Razer Optical Mouse Switch Gen-3", "Tuổi thọ switch": "90 triệu lần nhấn", "Scroll Wheel": "Razer HyperScroll Tilt Wheel", "Đèn RGB": "Razer Chroma RGB (11 vùng)", "Pin": "Lithium-ion", "Thời lượng pin (kết nối không dây)": "Lên đến 100 giờ (khi không bật đèn RGB)", "Trọng lượng": "Khoảng 112g (không bao gồm dây)", "Màu sắc": "Trắng (White)", "Phần mềm điều khiển": "Razer Synapse 3", "Tương thích": "Windows, macOS"}',
        'Nâng tầm trải nghiệm chơi game với Razer Basilisk V3 Pro 35K – chuột gaming không dây RGB công thái học với khả năng tùy chỉnh và công nghệ tiên tiến nhất. Với cảm biến chính xác hoàn hảo và con lăn chuột với các tùy chọn cấu hình chuyên sâu, chơi game theo cách của bạn chưa bao giờ thú vị đến thế.\n\nCuộn lăn Razer™ HyperScroll Tilt Cuộn lăn 4 chiều với 3 chế độ độc đáo \nChọn giữa cuộn khấc Tactile-Cycling và cuộn tự do Free-Spin, hoặc tự động chuyển đổi giữa hai chế độ dựa trên tốc độ cuộn của bạn với chế độ cuộn thông minh Smart-Reel – hiện có thể cấu hình trên Synapse.\n\nCảm biến quang học Razer™ Focus Pro 35K Gen-2 Độ chính xác hàng đầu\nTrải nghiệm hiệu suất theo dõi hàng đầu trên nhiều bề mặt khác nhau, bao gồm cả kính, được hỗ trợ bởi các chức năng thông minh và điều chỉnh từng bước 1-DPI cho khả năng kiểm soát chi tiết và ngắm bắn chính xác hơn.\n\nLên đến 140 tiếng kết nối không dây Razer™ HyperSpeed Chơi game hiệu suất cao, độ trễ thấp\nTận hưởng hiệu suất mượt mà, không giật lag cho các phiên chơi game liên tục hoặc tận dụng sức mạnh thực sự của tốc độ thăm dò 8000Hz với Razer Mouse Dock Pro hoặc HyperPolling Wireless Dongle (cả hai đều được bán riêng).\n\n13 thao tác điều khiển có thể tùy biến Khả năng tùy chỉnh vô hạn\nGán vô số lệnh và macro trên 13 nút điều khiển ở vị trí dễ tiếp cận – bao gồm cò bấm đa chức năng nổi tiếng – để thực hiện các hành động quan trọng như push-to-talk, ping và nhiều hơn nữa.\n\nĐèn Chroma 13 vùng với dải sáng dưới bao quanh Được hỗ trợ bởi Razer Chroma™ RGB\nTùy chỉnh từng vùng với hơn 16,8 triệu màu và vô số hiệu ứng ánh sáng, và đắm chìm vào những màn game mãn nhãn với sắc màu sống động, chuyển động nhịp nhàng với hơn 200 trò chơi tương thích với Chroma.\n\nCông tắc chuột quang học Razer™ Gen-3 Độ bền và tốc độ vô song\nĐược nâng cấp với vòng đời 90 triệu lần nhấp mà không gặp vấn đề nhấp đúp, cùng tốc độ kích hoạt 0,2 mili giây không có độ trễ, tận hưởng độ tin cậy và tốc độ vượt trội để sẵn sàng out trình đối thủ.',
        1, 'https://product.hstatic.net/200000722513/product/chuot-gaming-khong-day-razer-bas__1__5dbd0f539aa24d1480cf4c3501840088.png'
    );
INSERT INTO product_category (product_id, category_id) VALUES (507, 27);
INSERT INTO product_variant (
        product_id, name, seo_name, supplier_id, price, price_sale, quantity, sku, model, barcode, 
        specifications, description, warranty, image_url, release_at, created_by)
        VALUES ( 507, 'Chuột Razer Basilisk V3 Pro 35K White', 'chuot-razer-basilisk-v3-pro-35k-white',
            1, 4490000, 4190000, 10, 'CHU-RAZER-BASILISK-V3-PRO-35K-WHITE',
            'CHU-RAZER-BASILISK-V3-PRO-35K-WHITE', 'CHU-RAZER-BASILISK-V3-PRO-35K-WHITE',
            '{"Tên sản phẩm": "Razer Basilisk V3 Pro 35K White", "Loại chuột": "Gaming mouse", "Kết nối": "Không dây (HyperSpeed Wireless), Có dây (USB-C)", "Cảm biến": "Razer Focus Pro 35K Optical Sensor", "DPI": "30000", "IPS": "750", "Gia tốc": "70 G", "Số nút có thể lập trình": "10", "Switch chuột": "Razer Optical Mouse Switch Gen-3", "Tuổi thọ switch": "90 triệu lần nhấn", "Scroll Wheel": "Razer HyperScroll Tilt Wheel", "Đèn RGB": "Razer Chroma RGB (11 vùng)", "Pin": "Lithium-ion", "Thời lượng pin (kết nối không dây)": "Lên đến 100 giờ (khi không bật đèn RGB)", "Trọng lượng": "Khoảng 112g (không bao gồm dây)", "Màu sắc": "Trắng (White)", "Phần mềm điều khiển": "Razer Synapse 3", "Tương thích": "Windows, macOS"}',
            'Nâng tầm trải nghiệm chơi game với Razer Basilisk V3 Pro 35K – chuột gaming không dây RGB công thái học với khả năng tùy chỉnh và công nghệ tiên tiến nhất. Với cảm biến chính xác hoàn hảo và con lăn chuột với các tùy chọn cấu hình chuyên sâu, chơi game theo cách của bạn chưa bao giờ thú vị đến thế.\n\nCuộn lăn Razer™ HyperScroll Tilt Cuộn lăn 4 chiều với 3 chế độ độc đáo \nChọn giữa cuộn khấc Tactile-Cycling và cuộn tự do Free-Spin, hoặc tự động chuyển đổi giữa hai chế độ dựa trên tốc độ cuộn của bạn với chế độ cuộn thông minh Smart-Reel – hiện có thể cấu hình trên Synapse.\n\nCảm biến quang học Razer™ Focus Pro 35K Gen-2 Độ chính xác hàng đầu\nTrải nghiệm hiệu suất theo dõi hàng đầu trên nhiều bề mặt khác nhau, bao gồm cả kính, được hỗ trợ bởi các chức năng thông minh và điều chỉnh từng bước 1-DPI cho khả năng kiểm soát chi tiết và ngắm bắn chính xác hơn.\n\nLên đến 140 tiếng kết nối không dây Razer™ HyperSpeed Chơi game hiệu suất cao, độ trễ thấp\nTận hưởng hiệu suất mượt mà, không giật lag cho các phiên chơi game liên tục hoặc tận dụng sức mạnh thực sự của tốc độ thăm dò 8000Hz với Razer Mouse Dock Pro hoặc HyperPolling Wireless Dongle (cả hai đều được bán riêng).\n\n13 thao tác điều khiển có thể tùy biến Khả năng tùy chỉnh vô hạn\nGán vô số lệnh và macro trên 13 nút điều khiển ở vị trí dễ tiếp cận – bao gồm cò bấm đa chức năng nổi tiếng – để thực hiện các hành động quan trọng như push-to-talk, ping và nhiều hơn nữa.\n\nĐèn Chroma 13 vùng với dải sáng dưới bao quanh Được hỗ trợ bởi Razer Chroma™ RGB\nTùy chỉnh từng vùng với hơn 16,8 triệu màu và vô số hiệu ứng ánh sáng, và đắm chìm vào những màn game mãn nhãn với sắc màu sống động, chuyển động nhịp nhàng với hơn 200 trò chơi tương thích với Chroma.\n\nCông tắc chuột quang học Razer™ Gen-3 Độ bền và tốc độ vô song\nĐược nâng cấp với vòng đời 90 triệu lần nhấp mà không gặp vấn đề nhấp đúp, cùng tốc độ kích hoạt 0,2 mili giây không có độ trễ, tận hưởng độ tin cậy và tốc độ vượt trội để sẵn sàng out trình đối thủ.',
            24, 'https://product.hstatic.net/200000722513/product/chuot-gaming-khong-day-razer-bas__1__5dbd0f539aa24d1480cf4c3501840088.png', '2024-10-23T09:02:21+00:00',1);
        
INSERT INTO product_image (name, product_variant_id, image_url, is_main)
VALUES
    ('Ảnh 1', 507, 'https://product.hstatic.net/200000722513/product/chuot-gaming-khong-day-razer-bas__1__5dbd0f539aa24d1480cf4c3501840088.png', TRUE),
    ('Ảnh 2', 507, 'https://product.hstatic.net/200000722513/product/basilisk_v3_pro_35k_white_v4_a1417349782b4454880a9f884fefa3a5.png', FALSE),
    ('Ảnh 3', 507, 'https://product.hstatic.net/200000722513/product/basilisk_v3_pro_35k_white_v2_8c4186936ce544db960459a2ca67f448.png', FALSE),
    ('Ảnh 4', 507, 'https://product.hstatic.net/200000722513/product/basilisk_v3_pro_35k_white_v3_625f5e214c3744dd904b6d66ff8b8d00.png', FALSE),
    ('Ảnh 5', 507, 'https://product.hstatic.net/200000722513/product/basilisk_v3_pro_35k_white_v6_bc0d47570b1f4f6f973483e2bbb389c6.png', FALSE),
    ('Ảnh 6', 507, 'https://product.hstatic.net/200000722513/product/basilisk_v3_pro_35k_white_v7._895fa631618e432f981dea6e58026eab.png', FALSE),
    ('Ảnh 7', 507, 'https://product.hstatic.net/200000722513/product/basilisk_v3_pro_35k_white_v5_2d4d9596ea344257a49f2e84e418ec48.png', FALSE);
---
INSERT INTO product (name, seo_name, brand_id, specifications, description, created_by, image_url) 
    VALUES (
        'Chuột Razer Viper V3 HyperSpeed', 'chuot-razer-viper-v3-hyperspeed', 15,
        '{"Hãng sản xuất": "Razer", "Bảo hành": "24 tháng", "Model": "Chuột Razer Viper V3 HyperSpeed", "Màu sắc": "Đen", "Kiểu kết nối": "Không dây Hyperspeed", "Thời gian sử dụng": "Lên đến 285 giờ (không dây); Lên đến 70 giờ (Không dây 4000 Hz) Dựa trên thời lượng pin AA", "Kiểu thiết kế": "Đối xứng", "Độ nhạy (DPI)": "30.000", "Cảm biến": "Cảm biến quang học Focus Pro 30K", "Số nút bấm": "6 nút", "Switch": "Razer Switch Gen-2 (60 triệu lần nhấn)", "Kích thước": "127 x 64 x 40 mm (Dài x Rộng x Cao)"}',
        'Chuột Razer Viper V3 HyperSpeed là một biểu tượng mới trong thế giới gaming, được thiết kế chuyên biệt để mang lại lợi thế cạnh tranh tối đa cho game thủ eSports. Với công nghệ không dây Razer HyperSpeed tiên tiến, chuột đảm bảo độ trễ cực thấp và kết nối ổn định, giúp mọi thao tác di chuyển chuột đều được phản hồi tức thì, không bỏ lỡ bất kỳ khoảnh khắc quan trọng nào trong trận đấu.\n\nSức mạnh cốt lõi của Viper V3 HyperSpeed đến từ cảm biến quang học Razer Focus Pro 30K, mang lại độ chính xác hàng đầu ngành với DPI tối đa 30.000, tốc độ theo dõi 750 IPS và gia tốc 70G. Điều này cho phép người dùng tùy chỉnh độ nhạy cực kỳ linh hoạt để phù hợp với mọi phong cách chơi và tựa game.\n\nThiết kế siêu nhẹ chỉ 82g (không pin) cùng với hình dáng được tối ưu hóa sau nhiều nghiên cứu và phản hồi từ các tuyển thủ chuyên nghiệp, mang lại cảm giác cầm nắm thoải mái và linh hoạt, giảm thiểu mỏi tay ngay cả trong những phiên chơi kéo dài.\n\nTuổi thọ pin ấn tượng lên đến 280 giờ chỉ với một viên pin AA, giúp game thủ không còn phải lo lắng về việc hết pin giữa chừng. Chuột còn được trang bị Switch quang học Razer Gen-2, đảm bảo tuổi thọ lên đến 60 triệu lần nhấp với tốc độ phản hồi chớp nhoáng và không có hiện tượng click đúp ngoài ý muốn.\n\nRazer Viper V3 HyperSpeed thực sự là một vũ khí đáng gờm, sẵn sàng đưa bạn lên đỉnh cao của mọi bảng xếp hạng.',
        1, 'https://product.hstatic.net/200000722513/product/1_21b147133b854b80989cbcbd8fa9a449.jpg'
    );
INSERT INTO product_category (product_id, category_id) VALUES (508, 27);
INSERT INTO product_variant (
        product_id, name, seo_name, supplier_id, price, price_sale, quantity, sku, model, barcode, 
        specifications, description, warranty, image_url, release_at, created_by)
        VALUES ( 508, 'Chuột Razer Viper V3 HyperSpeed', 'chuot-razer-viper-v3-hyperspeed',
            1, 2090000, 1620000, 10, 'CHU-RAZER-VIPER-V3-HS',
            'CHU-RAZER-VIPER-V3-HS', 'CHU-RAZER-VIPER-V3-HS',
            '{"Hãng sản xuất": "Razer", "Bảo hành": "24 tháng", "Model": "Razer Viper V3 HyperSpeed", "Màu sắc": "Đen", "Kiểu kết nối": "Không dây Hyperspeed", "Thời gian sử dụng": "Lên đến 285 giờ (không dây); Lên đến 70 giờ (Không dây 4000 Hz) Dựa trên thời lượng pin AA", "Kiểu thiết kế": "Đối xứng", "Độ nhạy (DPI)": "30.000", "Cảm biến": "Cảm biến quang học Focus Pro 30K", "Số nút bấm": "6 nút", "Switch": "Razer Switch Gen-2 (60 triệu lần nhấn)", "Kích thước": "127 x 64 x 40 mm (Dài x Rộng x Cao)"}',
            'Chuột Razer Viper V3 HyperSpeed là một biểu tượng mới trong thế giới gaming, được thiết kế chuyên biệt để mang lại lợi thế cạnh tranh tối đa cho game thủ eSports. Với công nghệ không dây Razer HyperSpeed tiên tiến, chuột đảm bảo độ trễ cực thấp và kết nối ổn định, giúp mọi thao tác di chuyển chuột đều được phản hồi tức thì, không bỏ lỡ bất kỳ khoảnh khắc quan trọng nào trong trận đấu.\n\nSức mạnh cốt lõi của Viper V3 HyperSpeed đến từ cảm biến quang học Razer Focus Pro 30K, mang lại độ chính xác hàng đầu ngành với DPI tối đa 30.000, tốc độ theo dõi 750 IPS và gia tốc 70G. Điều này cho phép người dùng tùy chỉnh độ nhạy cực kỳ linh hoạt để phù hợp với mọi phong cách chơi và tựa game.\n\nThiết kế siêu nhẹ chỉ 82g (không pin) cùng với hình dáng được tối ưu hóa sau nhiều nghiên cứu và phản hồi từ các tuyển thủ chuyên nghiệp, mang lại cảm giác cầm nắm thoải mái và linh hoạt, giảm thiểu mỏi tay ngay cả trong những phiên chơi kéo dài.\n\nTuổi thọ pin ấn tượng lên đến 280 giờ chỉ với một viên pin AA, giúp game thủ không còn phải lo lắng về việc hết pin giữa chừng. Chuột còn được trang bị Switch quang học Razer Gen-2, đảm bảo tuổi thọ lên đến 60 triệu lần nhấp với tốc độ phản hồi chớp nhoáng và không có hiện tượng click đúp ngoài ý muốn.\n\nRazer Viper V3 HyperSpeed thực sự là một vũ khí đáng gờm, sẵn sàng đưa bạn lên đỉnh cao của mọi bảng xếp hạng.',
            24, 'https://product.hstatic.net/200000722513/product/1_21b147133b854b80989cbcbd8fa9a449.jpg', '2024-05-14T07:02:15+00:00',1);
        
INSERT INTO product_image (name, product_variant_id, image_url, is_main)
VALUES
    ('Ảnh 1', 508, 'https://product.hstatic.net/200000722513/product/1_21b147133b854b80989cbcbd8fa9a449.jpg', TRUE),
    ('Ảnh 2', 508, 'https://product.hstatic.net/200000722513/product/gearvn-chuot-razer-viper-v3-hyperspeed-1_54f605a23e344abeb90dc5c5615b5358.jpg', FALSE),
    ('Ảnh 3', 508, 'https://product.hstatic.net/200000722513/product/gearvn-chuot-razer-viper-v3-hyperspeed-2_79165db032d74d2899ed35e58d7d9e6a.jpg', FALSE),
    ('Ảnh 4', 508, 'https://product.hstatic.net/200000722513/product/gearvn-chuot-razer-viper-v3-hyperspeed-3_b9531ba2a86246af923aae2370b1f0e5.jpg', FALSE),
    ('Ảnh 5', 508, 'https://product.hstatic.net/200000722513/product/gearvn-chuot-razer-viper-v3-hyperspeed-4_bd3024cb2e3f4522b900a19dafd71a2c.jpg', FALSE),
    ('Ảnh 6', 508, 'https://product.hstatic.net/200000722513/product/gearvn-chuot-razer-viper-v3-hyperspeed-5_7ff1f6fe2bd240ac8b00a6d83dbc2c61.jpg', FALSE),
    ('Ảnh 7', 508, 'https://product.hstatic.net/200000722513/product/gearvn-chuot-razer-viper-v3-hyperspeed-6_79c7fd0d54414999b7435f33f20cb010.jpg', FALSE),
    ('Ảnh 8', 508, 'https://product.hstatic.net/200000722513/product/gearvn-chuot-razer-viper-v3-hyperspeed-7_fbe7a9a3cf4f4f70a458a8cb22d64e9e.jpg', FALSE);
---
INSERT INTO product (name, seo_name, brand_id, specifications, description, created_by, image_url) 
    VALUES (
        'Chuột Asus ROG Harpe Ace Aim Lab White', 'chuot-asus-rog-harpe-ace-aim-lab-white', 3,
        '{"Thương hiệu": "Asus", "Model": "ROG Harpe Ace Aim Lab Edition", "Đặc điểm": "Cực nhẹ, cảm biến ROG Aimpoint độc quyền 36000 dpi, công nghệ ROG SpeedNova, hỗ trợ Aura Sync", "Màu sắc": "Đen", "Kiểu dáng": "Đối xứng", "Số nút": "5", "Switch chuột": "ROG, tuổi thọ lên đến 70 triệu lần nhấn", "Kết nối": "Có dây, Bluetooth 5.1, Wireless 2.4GHz", "Pin": "Li-Ion", "Thời lượng pin": "90 giờ (không LED), 79 giờ (có LED). Lưu ý: Thời lượng pin có thể thay đổi tùy theo nhu cầu và mục đích sử dụng.", "Cảm biến": "ROG AimPoint", "DPI": "36000", "IPS": "650", "Gia tốc": "50G", "AURA Sync": "Có", "Phần mềm": "Armoury Crate", "Kích thước": "127.5(L) x 63.7(W) x 39.6(H) mm", "Trọng lượng": "54g"}',
        'Chuột Asus ROG Harpe Ace Aim Lab White là một kiệt tác kỹ thuật, được thiết kế dành riêng cho các game thủ chuyên nghiệp và những người đam mê esports khao khát sự chính xác và tốc độ đỉnh cao. Với trọng lượng siêu nhẹ chỉ 54 gram, chiếc chuột này mang lại khả năng di chuyển nhanh như chớp và không hề gây mỏi tay, ngay cả trong những phiên chơi game kéo dài. Điểm nhấn là cảm biến quang học ROG AimPoint tiên tiến, cung cấp độ phân giải lên đến 36.000 DPI, tốc độ 650 IPS và gia tốc 50g, đảm bảo mọi cử động của bạn đều được ghi nhận với độ chính xác tuyệt đối. Sản phẩm này là kết quả của sự hợp tác chiến lược với Aim Lab, tối ưu hóa để nâng cao kỹ năng aim và hiệu suất thi đấu. Khả năng kết nối ba chế độ linh hoạt – không dây 2.4 GHz với công nghệ ROG SpeedNova siêu tốc độ, Bluetooth tiện lợi, và có dây USB để sạc hoặc chơi game liên tục – mang lại sự linh hoạt tối đa. Công tắc ROG Micro Switches bền bỉ với tuổi thọ 70 triệu lần nhấn cùng dây ROG Paracord siêu mềm và chân chuột PTFE 100% đảm bảo trải nghiệm lướt mượt mà. Thiết kế màu trắng tinh tế, hình dáng đối xứng ôm sát tay, phù hợp với nhiều kiểu cầm chuột, biến ROG Harpe Ace Aim Lab White không chỉ là một thiết bị ngoại vi, mà còn là người bạn đồng hành đắc lực trên mọi chiến trường ảo.',
        1, 'https://product.hstatic.net/200000722513/product/rog-harpe-ace-aim-lab-edition-moonlight-white-01_69a288ba00e3493f923276f245c30461.jpg'
    );
INSERT INTO product_category (product_id, category_id) VALUES (509, 27);
INSERT INTO product_variant (
        product_id, name, seo_name, supplier_id, price, price_sale, quantity, sku, model, barcode, 
        specifications, description, warranty, image_url, release_at, created_by)
        VALUES ( 509, 'Chuột Asus ROG Harpe Ace Aim Lab White', 'chuot-asus-rog-harpe-ace-aim-lab-white',
            1, 3490000, 2490000, 10, 'CHU-ASUS-ROG-HARPE-ACE-AIMLAB-WHITE',
            'CHU-ASUS-ROG-HARPE-ACE-AIMLAB-WHITE', 'CHU-ASUS-ROG-HARPE-ACE-AIMLAB-WHITE',
            '{"Thương hiệu": "Asus", "Model": "ROG Harpe Ace Aim Lab Edition", "Đặc điểm": "Cực nhẹ, cảm biến ROG Aimpoint độc quyền 36000 dpi, công nghệ ROG SpeedNova, hỗ trợ Aura Sync", "Màu sắc": "Đen", "Kiểu dáng": "Đối xứng", "Số nút": "5", "Switch chuột": "ROG, tuổi thọ lên đến 70 triệu lần nhấn", "Kết nối": "Có dây, Bluetooth 5.1, Wireless 2.4GHz", "Pin": "Li-Ion", "Thời lượng pin": "90 giờ (không LED), 79 giờ (có LED). Lưu ý: Thời lượng pin có thể thay đổi tùy theo nhu cầu và mục đích sử dụng.", "Cảm biến": "ROG AimPoint", "DPI": "36000", "IPS": "650", "Gia tốc": "50G", "AURA Sync": "Có", "Phần mềm": "Armoury Crate", "Kích thước": "127.5(L) x 63.7(W) x 39.6(H) mm", "Trọng lượng": "54g"}',
            'Chuột Asus ROG Harpe Ace Aim Lab White là một kiệt tác kỹ thuật, được thiết kế dành riêng cho các game thủ chuyên nghiệp và những người đam mê esports khao khát sự chính xác và tốc độ đỉnh cao. Với trọng lượng siêu nhẹ chỉ 54 gram, chiếc chuột này mang lại khả năng di chuyển nhanh như chớp và không hề gây mỏi tay, ngay cả trong những phiên chơi game kéo dài. Điểm nhấn là cảm biến quang học ROG AimPoint tiên tiến, cung cấp độ phân giải lên đến 36.000 DPI, tốc độ 650 IPS và gia tốc 50g, đảm bảo mọi cử động của bạn đều được ghi nhận với độ chính xác tuyệt đối. Sản phẩm này là kết quả của sự hợp tác chiến lược với Aim Lab, tối ưu hóa để nâng cao kỹ năng aim và hiệu suất thi đấu. Khả năng kết nối ba chế độ linh hoạt – không dây 2.4 GHz với công nghệ ROG SpeedNova siêu tốc độ, Bluetooth tiện lợi, và có dây USB để sạc hoặc chơi game liên tục – mang lại sự linh hoạt tối đa. Công tắc ROG Micro Switches bền bỉ với tuổi thọ 70 triệu lần nhấn cùng dây ROG Paracord siêu mềm và chân chuột PTFE 100% đảm bảo trải nghiệm lướt mượt mà. Thiết kế màu trắng tinh tế, hình dáng đối xứng ôm sát tay, phù hợp với nhiều kiểu cầm chuột, biến ROG Harpe Ace Aim Lab White không chỉ là một thiết bị ngoại vi, mà còn là người bạn đồng hành đắc lực trên mọi chiến trường ảo.',
            24, 'https://product.hstatic.net/200000722513/product/rog-harpe-ace-aim-lab-edition-moonlight-white-01_69a288ba00e3493f923276f245c30461.jpg', '2023-09-18T15:00:11+00:00',1);
        
INSERT INTO product_image (name, product_variant_id, image_url, is_main)
VALUES
    ('Ảnh 1', 509, 'https://product.hstatic.net/200000722513/product/rog-harpe-ace-aim-lab-edition-moonlight-white-01_69a288ba00e3493f923276f245c30461.jpg', TRUE),
    ('Ảnh 2', 509, 'https://product.hstatic.net/200000722513/product/1_79aa2f04f1c14eeab6cc569b3131ce21.jpg', FALSE),
    ('Ảnh 3', 509, 'https://product.hstatic.net/200000722513/product/4w4lls9o_d3d2c4691e12426b8a4509780d0c1ffb.png', FALSE),
    ('Ảnh 4', 509, 'https://product.hstatic.net/200000722513/product/gzsmk3te_fdfbbe49b1524481a9b9feeae16e6d66.png', FALSE),
    ('Ảnh 5', 509, 'https://product.hstatic.net/200000722513/product/17hyd5xb_6349a89d00bf42c4845da6ac8f2f2208.png', FALSE),
    ('Ảnh 6', 509, 'https://product.hstatic.net/200000722513/product/5dyyrdl2_74ded0bf5b13412aa624808dd8a9371a.png', FALSE),
    ('Ảnh 7', 509, 'https://product.hstatic.net/200000722513/product/dwc8m0g9_64225e31dd144665a5cc560a2094b51f.png', FALSE);
---
INSERT INTO product (name, seo_name, brand_id, specifications, description, created_by, image_url) 
    VALUES (
        'Chuột gaming Asus TUF M3', 'chuot-may-tinh-asus-tuf-gaming-m3', 3,
        '{"Hãng sản xuất:": "Asus", "Bảo hành:": "24 tháng", "Kiểu kết nối:": "Có dây", "Kiểu cầm:": "Palm grip, Claw grip", "Độ nhạy (DPI):": "Lên đến 7000", "Cảm biến:": "PAW3325", "Số nút bấm:": "7", "Tuổi thọ switch:": "Lên đến 20 triệu lần nhấn", "Chiều dài dây:": "1.8m", "Kích thước:": "118.2(L) x 68(W) x 40(H) mm", "Khối lượng:": "84g", "OS:": "Windows® 10", "AURA Sync:": "Có"}',
        'Chuột Gaming có dây Asus TUF M3 là thiết bị được sản xuất bởi nhà Asus, với chất lượng đảm bảo độ bền khi sử dụng. Thiết kế chuột chơi game nhỏ gọn và nhẹ giúp trải nghiệm chơi game nhanh nhạy mà không bị gián đoạn.\n\nThiết kế nhỏ gọn, bền bỉ\nLà thiết kế của nhà Asus, chuột Gaming có dây Asus TUF M3 là một chuột chơi game nhỏ gọn đem lại độ nhạy cần thiết cho các game thủ bằng kiểu cầm chuột fingertip grip hay cầm chuột claw.\n\nThiết kế từ bên ngoài đến bên trong của chuột Gaming có dây Asus TUF M3 đảm bảo độ bền giúp chuột có tuổi thọ nhiều năm. Với vỏ ngoài được mạ lớp chuyên dụng chống mài mòn, mồ hôi và ma sát. Thiết kế bên trong với các nút với độ bền nhạy đạt nhiều hơn 20 triệu lần.\n\nCông nghệ cảm biến mượt mà\nĐược trang bị cảm biến quang với độ phân giải từ 200 đến 7.000 – DPI, tốc độ lấy mẫu tín hiệu lên đến 1.000 Hz, giúp tối ưu trải nghiệm chơi game. Có phần mềm Armoury II giúp người dùng dễ tùy chỉnh với bốn cấp DPI khác nhau.\n\nChuột Gaming có dây Asus TUF M3 trang bị bảy nút được lập trình với chức năng và cấu hình tùy chọn giúp cá nhân hóa khi chơi game.',
        1, 'https://product.hstatic.net/200000722513/product/n-chuot-may-tinh-asus-tuf-gaming-m3-1_1084923e02ee4a489f1e9982f7e8d087_5ac22a4ce159441584ae4049c77390df.jpg'
    );
INSERT INTO product_category (product_id, category_id) VALUES (510, 27);
INSERT INTO product_variant (
        product_id, name, seo_name, supplier_id, price, price_sale, quantity, sku, model, barcode, 
        specifications, description, warranty, image_url, release_at, created_by)
        VALUES ( 510, 'Chuột gaming Asus TUF M3', 'chuot-may-tinh-asus-tuf-gaming-m3',
            1, 590000, 400000, 10, 'CHU-ASU-TUF-M3',
            'CHU-ASU-TUF-M3', 'CHU-ASU-TUF-M3',
            '{"Hãng sản xuất:": "Asus", "Bảo hành:": "24 tháng", "Kiểu kết nối:": "Có dây", "Kiểu cầm:": "Palm grip, Claw grip", "Độ nhạy (DPI):": "Lên đến 7000", "Cảm biến:": "PAW3325", "Số nút bấm:": "7", "Tuổi thọ switch:": "Lên đến 20 triệu lần nhấn", "Chiều dài dây:": "1.8m", "Kích thước:": "118.2(L) x 68(W) x 40(H) mm", "Khối lượng:": "84g", "OS:": "Windows® 10", "AURA Sync:": "Có"}',
            'Chuột Gaming có dây Asus TUF M3 là thiết bị được sản xuất bởi nhà Asus, với chất lượng đảm bảo độ bền khi sử dụng. Thiết kế chuột chơi game nhỏ gọn và nhẹ giúp trải nghiệm chơi game nhanh nhạy mà không bị gián đoạn.\n\nThiết kế nhỏ gọn, bền bỉ\nLà thiết kế của nhà Asus, chuột Gaming có dây Asus TUF M3 là một chuột chơi game nhỏ gọn đem lại độ nhạy cần thiết cho các game thủ bằng kiểu cầm chuột fingertip grip hay cầm chuột claw.\n\nThiết kế từ bên ngoài đến bên trong của chuột Gaming có dây Asus TUF M3 đảm bảo độ bền giúp chuột có tuổi thọ nhiều năm. Với vỏ ngoài được mạ lớp chuyên dụng chống mài mòn, mồ hôi và ma sát. Thiết kế bên trong với các nút với độ bền nhạy đạt nhiều hơn 20 triệu lần.\n\nCông nghệ cảm biến mượt mà\nĐược trang bị cảm biến quang với độ phân giải từ 200 đến 7.000 – DPI, tốc độ lấy mẫu tín hiệu lên đến 1.000 Hz, giúp tối ưu trải nghiệm chơi game. Có phần mềm Armoury II giúp người dùng dễ tùy chỉnh với bốn cấp DPI khác nhau.\n\nChuột Gaming có dây Asus TUF M3 trang bị bảy nút được lập trình với chức năng và cấu hình tùy chọn giúp cá nhân hóa khi chơi game.',
            24, 'https://product.hstatic.net/200000722513/product/n-chuot-may-tinh-asus-tuf-gaming-m3-1_1084923e02ee4a489f1e9982f7e8d087_5ac22a4ce159441584ae4049c77390df.jpg', '2023-06-03T09:10:02+00:00',1);
        
INSERT INTO product_image (name, product_variant_id, image_url, is_main)
VALUES
    ('Ảnh 1', 510, 'https://product.hstatic.net/200000722513/product/n-chuot-may-tinh-asus-tuf-gaming-m3-1_1084923e02ee4a489f1e9982f7e8d087_5ac22a4ce159441584ae4049c77390df.jpg', TRUE),
    ('Ảnh 2', 510, 'https://product.hstatic.net/200000722513/product/n-chuot-may-tinh-asus-tuf-gaming-m3-1_3f56c6c7c5b345ce816aab58aefeda65_c3e11b874bc0437287461b8fcfedb28b.jpg', FALSE),
    ('Ảnh 3', 510, 'https://product.hstatic.net/200000722513/product/n-chuot-may-tinh-asus-tuf-gaming-m3-3_86300079d5e644d5b568a3f2aefaae8f_76848f399f1e4d4ab0c07da3b706facb.jpg', FALSE),
    ('Ảnh 4', 510, 'https://product.hstatic.net/200000722513/product/n-chuot-may-tinh-asus-tuf-gaming-m3-5_327f79b7ad404dd8835e726d90026e70_add41a6909e446408514a69a97ecb1e4.jpg', FALSE),
    ('Ảnh 5', 510, 'https://product.hstatic.net/200000722513/product/n-chuot-may-tinh-asus-tuf-gaming-m3-7_697d2cedaa2e4a8a9bbf5868a0bd38af_f0acf0628aa24e6a97ce47fb77fce3df.jpg', FALSE),
    ('Ảnh 6', 510, 'https://product.hstatic.net/200000722513/product/n-chuot-may-tinh-asus-tuf-gaming-m3-9_b24de708024e4e95923c418be5b913c9_ea3feeaca7ef4f3f8dd84579f17b1b98.jpg', FALSE),
    ('Ảnh 7', 510, 'https://product.hstatic.net/200000722513/product/thumbchuot_70a489c9815b46d79c46baa6fcfa9de7_922091bacaac478d869ed14d242a2b4f.gif', FALSE);
---
INSERT INTO product (name, seo_name, brand_id, specifications, description, created_by, image_url) 
    VALUES (
        'Chuột Razer Basilisk V3', 'chuot-razer-basilisk-v3', 15,
        '{"Thiết kế": "Thuận tay phải", "Kết nối": "Có dây (Cáp Razer Speedflex)", "Thời lượng pin": "Không có", "Đèn RGB": "Razer Chroma RGB", "Cảm biến": "Quang học", "Độ nhạy tối đa": "26000", "Tốc độ tối đa": "650 IPS", "Số nút": "11", "Độ bền": "70 triệu lần nhấp", "Bộ nhớ bo mạch": "5 cấu hình", "Lót chuột": "100% PTFE", "Cáp": "Cáp Razer Speedflex", "Con lăn": "Bánh xe nghiêng Razer HyperScroll 4 chiều (Chế độ quay tự do và chế độ quay xúc giác được kích hoạt bằng điện tử)", "Trọng lượng": "101 g / 3,56 oz (không bao gồm cáp)", "Kích thước": "Chiều dài: 130 mm / 5,11 inch, Chiều rộng: 60 mm / 2,36 inch, Chiều cao: 42,5 mm / 1,67 inch", "Tương thích dock": "Không có"}',
        'Chuột Razer gaming Basilisk V3 là sản phẩm độc đáo và đẳng cấp nhà Razer. Với thiết kế không ngừng cải tiến cùng công nghệ nâng cao đây sẽ là một trong những phụ kiện ấn tượng cho khả năng tùy chỉnh và hiệu suất vượt trội.\n\nThiết kế thông minh, tính năng tăng tốc ảo độc đáo\nSảm phẩm chuột PC này sở hữu thiết kế thông minh mang đến cho người dùng trải nghiệm cuộn liền mạch và vô song. Bạn có thể cho phép nó tự động chuyển đổi giữa các chế độ hoặc là chuyển đổi giữa ba chế độ bổ sung như: Tactile Scrolling, Smart-Reel, và Free-Spin Scrolling.\n\nCon lăn của chuột được trang bị tính năng tăng tốc ảo, tốc độ cuộn của chuột được tăng tốc vượt trội khi nó quay nhanh hơn. Từ đó cho phép điều hướng qua các tài liệu hay các bài báo dài với tốc độ nhanh hơn. Đặc biệt chúng có thể được bật tắt thông qua Razer Synapse.\n\nNút bấm tiện ích, nhiều tính năng tuyệt vời\nNgười dùng có thể dễ dàng thao tác cần thiết nhanh chóng như: ping, macro và các chức năng phụ với chuột chơi game Razer Basilisk V3 nhờ 11 nút. Các cấu hình được lưu và chuyển đổi liền mạch giúp bạn có thể chơi game đúng cách ở mọi nơi, mọi lúc.\n\nNgoài ra, chuột còn được trang bị cảm biến quang học Razer Focus + 26K DPI có độ chính xác và tiên tiến nhất trên thế giới. Các chức năng thông minh mang đến trải nghiệm những cú nhấp chuột rõ ràng và loại bỏ mọi rủi ro do nhấp đúp ngoài ý muốn.',
        1, 'https://product.hstatic.net/200000722513/product/rtehosjd_7cf8331e76c04cb59e02a8f763ae3bb8.png'
    );
INSERT INTO product_category (product_id, category_id) VALUES (511, 27);
INSERT INTO product_variant (
        product_id, name, seo_name, supplier_id, price, price_sale, quantity, sku, model, barcode, 
        specifications, description, warranty, image_url, release_at, created_by)
        VALUES ( 511, 'Chuột Razer Basilisk V3', 'chuot-razer-basilisk-v3',
            1, 1390000, 990000, 10, 'CHU-RAZ-BASI-V3',
            'CHU-RAZ-BASI-V3', 'CHU-RAZ-BASI-V3',
            '{"Thiết kế": "Thuận tay phải", "Kết nối": "Có dây (Cáp Razer Speedflex)", "Thời lượng pin": "Không có", "Đèn RGB": "Razer Chroma RGB", "Cảm biến": "Quang học", "Độ nhạy tối đa": "26000", "Tốc độ tối đa": "650 IPS", "Số nút": "11", "Độ bền": "70 triệu lần nhấp", "Bộ nhớ bo mạch": "5 cấu hình", "Lót chuột": "100% PTFE", "Cáp": "Cáp Razer Speedflex", "Con lăn": "Bánh xe nghiêng Razer HyperScroll 4 chiều (Chế độ quay tự do và chế độ quay xúc giác được kích hoạt bằng điện tử)", "Trọng lượng": "101 g / 3,56 oz (không bao gồm cáp)", "Kích thước": "Chiều dài: 130 mm / 5,11 inch, Chiều rộng: 60 mm / 2,36 inch, Chiều cao: 42,5 mm / 1,67 inch", "Tương thích dock": "Không có"}',
            'Chuột Razer gaming Basilisk V3 là sản phẩm độc đáo và đẳng cấp nhà Razer. Với thiết kế không ngừng cải tiến cùng công nghệ nâng cao đây sẽ là một trong những phụ kiện ấn tượng cho khả năng tùy chỉnh và hiệu suất vượt trội.\n\nThiết kế thông minh, tính năng tăng tốc ảo độc đáo\nSảm phẩm chuột PC này sở hữu thiết kế thông minh mang đến cho người dùng trải nghiệm cuộn liền mạch và vô song. Bạn có thể cho phép nó tự động chuyển đổi giữa các chế độ hoặc là chuyển đổi giữa ba chế độ bổ sung như: Tactile Scrolling, Smart-Reel, và Free-Spin Scrolling.\n\nCon lăn của chuột được trang bị tính năng tăng tốc ảo, tốc độ cuộn của chuột được tăng tốc vượt trội khi nó quay nhanh hơn. Từ đó cho phép điều hướng qua các tài liệu hay các bài báo dài với tốc độ nhanh hơn. Đặc biệt chúng có thể được bật tắt thông qua Razer Synapse.\n\nNút bấm tiện ích, nhiều tính năng tuyệt vời\nNgười dùng có thể dễ dàng thao tác cần thiết nhanh chóng như: ping, macro và các chức năng phụ với chuột chơi game Razer Basilisk V3 nhờ 11 nút. Các cấu hình được lưu và chuyển đổi liền mạch giúp bạn có thể chơi game đúng cách ở mọi nơi, mọi lúc.\n\nNgoài ra, chuột còn được trang bị cảm biến quang học Razer Focus + 26K DPI có độ chính xác và tiên tiến nhất trên thế giới. Các chức năng thông minh mang đến trải nghiệm những cú nhấp chuột rõ ràng và loại bỏ mọi rủi ro do nhấp đúp ngoài ý muốn.',
            24, 'https://product.hstatic.net/200000722513/product/rtehosjd_7cf8331e76c04cb59e02a8f763ae3bb8.png', '2023-06-02T23:29:39+00:00',1);
        
INSERT INTO product_image (name, product_variant_id, image_url, is_main)
VALUES
    ('Ảnh 1', 511, 'https://product.hstatic.net/200000722513/product/rtehosjd_7cf8331e76c04cb59e02a8f763ae3bb8.png', TRUE),
    ('Ảnh 2', 511, 'https://product.hstatic.net/200000722513/product/thumbchuot_8b80210461d64beab28fb3cde34b7280.jpg', FALSE),
    ('Ảnh 3', 511, 'https://product.hstatic.net/200000722513/product/gearvn-chuot-razer-basilisk-v3-1_b47a39920b774761bc240b1613eac945_c0c3f6b8fe5a45efb6635fb762d3cd9a.jpg', FALSE),
    ('Ảnh 4', 511, 'https://product.hstatic.net/200000722513/product/gearvn-chuot-razer-basilisk-v3-2_4496e5e64a3d4625b653c0704753b015_78da7ade2abb45a39d5538dddce49948.jpg', FALSE),
    ('Ảnh 5', 511, 'https://product.hstatic.net/200000722513/product/gearvn-chuot-razer-basilisk-v3-3_df81f3cc7da44791a60f4ef865a9b736_b86c8dcd3dbc4ee29f8839a21020b538.jpg', FALSE),
    ('Ảnh 6', 511, 'https://product.hstatic.net/200000722513/product/gearvn-chuot-razer-basilisk-v3-4_a2497df5e5fa471f8954d8bce7c11b37_d85139146dc34101a75d85f85a4be5e6.jpg', FALSE),
    ('Ảnh 7', 511, 'https://product.hstatic.net/200000722513/product/gearvn-chuot-razer-basilisk-v3-5_23924c8a9cb24a8eabd8ac3cb2df79db_18551c6c78094172ab7111fb05a9f35d.jpg', FALSE);
---
INSERT INTO product (name, seo_name, brand_id, specifications, description, created_by, image_url) 
    VALUES (
        'Chuột Steelseries Rival 3', 'chuot-steelseries-rival-3', 18,
        '{"Hãng sản xuất": "Steelseries", "Bảo hành": "12 tháng", "Màu sắc": "Đen", "Kiểu kết nối": "Có dây", "Kiểu cầm": "Fingertip, Claw", "Đèn LED": "3 vùng sáng RGB", "Kiểu thiết kế": "Công thái học cho tay phải", "Cảm biến": "SteelSeries TrueMove Core (Quang học)", "Kích thước": "120 x 58 x 21 (mm) (Dài x Rộng x Cao)", "Khối lượng": "77g", "Chiều dài cáp": "1.8m"}',
        'Chuột Gaming Steelseries Rival 3 không chỉ đơn thuần là một sản phẩm chuột máy tính có dây thông thường mà còn là tác phẩm công nghệ cao cấp, được chế tạo dành riêng cho game thủ. Với thiết kế đối xứng phù hợp cho người thuận tay phải và các nút bấm được bố trí thông minh, Rival 3 hứa hẹn mang lại trải nghiệm chơi game mượt mà và thoải mái hàng đầu. Cùng với đó, sự kết hợp giữa đèn LED RGB và cảm biến TrueMove Core không những tôn vinh vẻ đẹp thiết kế mà còn nâng cao hiệu suất sử dụng.\n\nKết nối ổn định, mượt mà thông qua cổng ghép nối USB\nKết nối mượt mà và ổn định nhờ vào dây dẫn USB chất lượng cao là một trong những yếu tố quan trọng tạo nên tên tuổi của chuột Gaming Steelseries Rival 3 trên thị trường chuột máy tính. Với ưu điểm về khả năng ghép nối này, Steelseries Rival 3 đảm bảo rằng mọi chuyển động và click chuột được truyền đi một cách nhanh chóng chính xác mà không gây trễ hay gián đoạn, mang lại lợi thế cạnh tranh trong mọi trận đấu.\n\nKết nối chuột Gaming Steelseries Rival 3\nĐộ nhạy di chuột cao, làm chủ mọi trận đấu\nVới cảm biến TrueMove Core hiện đại, chuột Gaming Steelseries Rival 3 cung cấp độ nhạy DPI ấn tượng, có thể điều chỉnh từ 200 đến 8500 CPI. Chính ưu điểm này đã cho phép game thủ tinh chỉnh mức độ nhạy theo sở thích cá nhân hoặc yêu cầu của từng tựa game, đảm bảo độ chính xác tuyệt vời và phản ứng nhanh chóng trong ở tình huống.',
        1, 'https://product.hstatic.net/200000722513/product/thumbchuot_e01eec6957cc40a88aba550b80cffed2_74ec8f2dec0447c382614fa201a4fa93.png'
    );
INSERT INTO product_category (product_id, category_id) VALUES (512, 27);
INSERT INTO product_variant (
        product_id, name, seo_name, supplier_id, price, price_sale, quantity, sku, model, barcode, 
        specifications, description, warranty, image_url, release_at, created_by)
        VALUES ( 512, 'Chuột Steelseries Rival 3', 'chuot-steelseries-rival-3',
            1, 990000, 750000, 10, 'CHU-STE-RIVAL-3',
            'CHU-STE-RIVAL-3', 'CHU-STE-RIVAL-3',
            '{"Hãng sản xuất": "Steelseries", "Bảo hành": "12 tháng", "Màu sắc": "Đen", "Kiểu kết nối": "Có dây", "Kiểu cầm": "Fingertip, Claw", "Đèn LED": "3 vùng sáng RGB", "Kiểu thiết kế": "Công thái học cho tay phải", "Cảm biến": "SteelSeries TrueMove Core (Quang học)", "Kích thước": "120 x 58 x 21 (mm) (Dài x Rộng x Cao)", "Khối lượng": "77g", "Chiều dài cáp": "1.8m"}',
            'Chuột Gaming Steelseries Rival 3 không chỉ đơn thuần là một sản phẩm chuột máy tính có dây thông thường mà còn là tác phẩm công nghệ cao cấp, được chế tạo dành riêng cho game thủ. Với thiết kế đối xứng phù hợp cho người thuận tay phải và các nút bấm được bố trí thông minh, Rival 3 hứa hẹn mang lại trải nghiệm chơi game mượt mà và thoải mái hàng đầu. Cùng với đó, sự kết hợp giữa đèn LED RGB và cảm biến TrueMove Core không những tôn vinh vẻ đẹp thiết kế mà còn nâng cao hiệu suất sử dụng.\n\nKết nối ổn định, mượt mà thông qua cổng ghép nối USB\nKết nối mượt mà và ổn định nhờ vào dây dẫn USB chất lượng cao là một trong những yếu tố quan trọng tạo nên tên tuổi của chuột Gaming Steelseries Rival 3 trên thị trường chuột máy tính. Với ưu điểm về khả năng ghép nối này, Steelseries Rival 3 đảm bảo rằng mọi chuyển động và click chuột được truyền đi một cách nhanh chóng chính xác mà không gây trễ hay gián đoạn, mang lại lợi thế cạnh tranh trong mọi trận đấu.\n\nKết nối chuột Gaming Steelseries Rival 3\nĐộ nhạy di chuột cao, làm chủ mọi trận đấu\nVới cảm biến TrueMove Core hiện đại, chuột Gaming Steelseries Rival 3 cung cấp độ nhạy DPI ấn tượng, có thể điều chỉnh từ 200 đến 8500 CPI. Chính ưu điểm này đã cho phép game thủ tinh chỉnh mức độ nhạy theo sở thích cá nhân hoặc yêu cầu của từng tựa game, đảm bảo độ chính xác tuyệt vời và phản ứng nhanh chóng trong ở tình huống.',
            12, 'https://product.hstatic.net/200000722513/product/thumbchuot_e01eec6957cc40a88aba550b80cffed2_74ec8f2dec0447c382614fa201a4fa93.png', '2024-03-27T07:22:19+00:00',1);
        
INSERT INTO product_image (name, product_variant_id, image_url, is_main)
VALUES
    ('Ảnh 1', 512, 'https://product.hstatic.net/200000722513/product/thumbchuot_e01eec6957cc40a88aba550b80cffed2_74ec8f2dec0447c382614fa201a4fa93.png', TRUE),
    ('Ảnh 2', 512, 'https://product.hstatic.net/200000722513/product/chuot-steelseries-rival-3-gearvn-1_3ce6f23142cd4f72a0504c7358ff30da_b7215cdb2c104366a23bfd84cc0cc99e.jpg', FALSE),
    ('Ảnh 3', 512, 'https://product.hstatic.net/200000722513/product/chuot-steelseries-rival-3-gearvn-2_50260f9a42f74872913e13b3347431db_0e825e03a1264e9b968f51af26045642.jpg', FALSE),
    ('Ảnh 4', 512, 'https://product.hstatic.net/200000722513/product/chuot-steelseries-rival-3-gearvn-7_eafd94973b8e4c60ba8b5ccf71039057_cb3c8a6a2d48459dbdafac9f4756f87a.jpg', FALSE),
    ('Ảnh 5', 512, 'https://product.hstatic.net/200000722513/product/chuot-steelseries-rival-3-gearvn-3_0843c45a09e14186bc210562c680d42d_aaacfb67153249208b1f342220a50d82.jpg', FALSE);
---
INSERT INTO product (name, seo_name, brand_id, specifications, description, created_by, image_url) 
    VALUES (
        'Chuột Không Dây Rapoo M21 Silent', 'chuot-khong-day-rapoo-m21-silent', 29,
        '{"Thương hiệu": "Rapoo", "Model": "Rapoo M21 Silent", "Màu": "Đen", "Chuẩn giao tiếp": "Wireless 2.4Ghz", "Kiểu thiết kế": "Đối xứng", "DPI": "1000", "Tương thích": "Windows, MacOS"}',
        'Chuột máy tính không dây là một trong những lựa chọn hàng đầu khi có nhu cầu học tập, làm việc và giải trí ở bất kỳ đâu. Vì sự tiện lợi và dễ dàng kết nối với nhiều thiết bị khác nên đây luôn là thiết bị ngoại vi được nhiều người dùng tin chọn.\n\nBên cạnh việc mang đến những dòng sản phẩm tai nghe máy tính đã làm nên thương hiệu của mình, Rapoo còn cung cấp cho thị trường gaming gear những sản phẩm chuột không dây với độ trễ thấp, thiết kế nhỏ gọn, tiện nghi giúp bạn dễ dàng di chuyển và làm việc ở bất kỳ đâu.\n\n**Thiết kế công thái học, ôm sát lòng bàn tay**\n\nRapoo M21 Silent sở hữu thiết kế đối xứng, ôm sát lòng bàn tay giúp bạn có những thao tác sử dụng dễ dàng và thoải mái trong nhiều giờ liền. Điều này giúp người dùng thao tác vững vàng, hạn chế trượt tuột và không gây mỏi tay. Đặc biệt, đây là một trong những dòng sản phẩm chuột máy tính có thể sử dụng cho cả tay trái và tay phải tùy thuộc vào thói quen của từng người.\n\n**Công nghệ hiện đại đáp ứng tốt mọi nhu cầu sử dụng**\n\nNếu bạn yêu thích các thiết bị không dây như bàn phím, loa máy tính vì sự tiện lợi và giúp góc làm việc, học tập gọn gàng thì Rapoo M21 Silent sẽ là một lựa chọn không nên bỏ qua.\n\nĐể việc kết nối nhanh chóng và hỗ trợ tốt nhất cho công việc, Rapoo M21 Silent trang bị công nghệ không dây 2.4GHz, giúp bạn sử dụng chuột dễ dàng với phạm vi hoạt động lên đến 10m.\n\nNgoài ra, việc sử dụng nút bấm silent giúp giảm thiểu độ ồn nhưng vẫn cho cảm giác click êm ái khi thao tác làm việc, học tập. Con lăn mượt mà cho phép lướt nhanh qua các trang dài, giúp người dùng dễ dàng khi cần đọc tài liệu, xem báo, tìm kiếm thông tin.\n\n**Kết nối ổn định qua công nghệ không dây 2.4GHz**\n\nRapoo M21 Silent kết nối với thiết bị qua công nghệ wireless 2.4GHz mới nhất, hỗ trợ khoảng cách kết nối đến 10m, mang đến độ ổn định cao, tránh tín hiệu chập chờn và tương thích với nhiều hệ điều hành.\n\n**Nút bấm tiện lợi hỗ trợ xử lý công việc hiệu quả**\n\nChuột được tích hợp 3 nút cơ bản nhưng vô cùng tiện lợi, phù hợp cho các công việc đơn giản. Tốc độ phản hồi nhanh giúp bạn thực hiện các thao tác nhanh chóng và xử lý công việc hiệu quả.\n\n*   Con lăn cuộn trang chính xác.\n*   Phím bấm trái/phải êm ái, chịu được lực bấm tốt.\n\n**Chỉ số DPI**\n\nChuột không dây Rapoo M21 Silent có độ phân giải lên đến 1000 DPI, mang đến sự chính xác và thoải mái khi di chuột, đáp ứng tốt nhu cầu sử dụng từ học tập, làm việc cho đến chơi game giải trí trên nhiều thiết bị khác nhau.\n\n**Thời gian sử dụng**\n\nVề thời gian sử dụng, chỉ với 1 viên pin AA cùng công nghệ tiết kiệm pin mới nhất của Rapoo, bạn có thể sử dụng chuột từ 9 - 12 tháng. Thời gian này có thể kéo dài hoặc ngắn hơn tùy thuộc vào tần suất và cách bạn sử dụng. Ngoài ra, Rapoo M21 Silent còn trang bị nút tắt chuột ON/OFF bên dưới thân chuột khi không cần sử dụng để giảm hao phí pin hiệu quả.',
        1, 'https://product.hstatic.net/200000722513/product/thumbchuot_319f928f991a4303a119531a028fca35_caa118908bcb4634847506512cb92ce8.png'
    );
INSERT INTO product_category (product_id, category_id) VALUES (513, 27);
INSERT INTO product_variant (
        product_id, name, seo_name, supplier_id, price, price_sale, quantity, sku, model, barcode, 
        specifications, description, warranty, image_url, release_at, created_by)
        VALUES ( 513, 'Chuột Không Dây Rapoo M21 Silent', 'chuot-khong-day-rapoo-m21-silent',
            1, 0, 150000, 10, 'CHU-RAPOO-M21-SL',
            'CHU-RAPOO-M21-SL', 'CHU-RAPOO-M21-SL',
            '{"Thương hiệu": "Rapoo","Model": "M21 Silent","Loại chuột": "Không dây (Wireless)","Công nghệ kết nối": "2.4GHz Wireless","Độ phân giải DPI": "1000 DPI","Số nút bấm": "3 nút cơ bản","Nguồn điện": "1 pin AA","Thời lượng pin": "~9-12 tháng (tùy mức sử dụng)","Cảm biến": "Quang học","Thiết kế": "Đối xứng, phù hợp cả tay trái và tay phải","Chất liệu": "Nhựa nhám chống trượt","Trọng lượng": "~80g","Tương thích": "Windows / macOS / Linux","Tính năng nổi bật": "Kết nối ổn định, không tiếng ồn, tiết kiệm pin","Mắt đọc": "Hồng Ngoại","IPS": "30 IPS","Gia tốc": "20g","Bảo hành": "24 Tháng"}',
            'Chuột máy tính không dây là một trong những lựa chọn hàng đầu khi có nhu cầu học tập, làm việc và giải trí ở bất kỳ đâu. Vì sự tiện lợi và dễ dàng kết nối với nhiều thiết bị khác nên đây luôn là thiết bị ngoại vi được nhiều người dùng tin chọn.\n\nBên cạnh việc mang đến những dòng sản phẩm tai nghe máy tính đã làm nên thương hiệu của mình, Rapoo còn cung cấp cho thị trường gaming gear những sản phẩm chuột không dây với độ trễ thấp, thiết kế nhỏ gọn, tiện nghi giúp bạn dễ dàng di chuyển và làm việc ở bất kỳ đâu.\n\n**Thiết kế công thái học, ôm sát lòng bàn tay**\n\nRapoo M21 Silent sở hữu thiết kế đối xứng, ôm sát lòng bàn tay giúp bạn có những thao tác sử dụng dễ dàng và thoải mái trong nhiều giờ liền. Điều này giúp người dùng thao tác vững vàng, hạn chế trượt tuột và không gây mỏi tay. Đặc biệt, đây là một trong những dòng sản phẩm chuột máy tính có thể sử dụng cho cả tay trái và tay phải tùy thuộc vào thói quen của từng người.\n\n**Công nghệ hiện đại đáp ứng tốt mọi nhu cầu sử dụng**\n\nNếu bạn yêu thích các thiết bị không dây như bàn phím, loa máy tính vì sự tiện lợi và giúp góc làm việc, học tập gọn gàng thì Rapoo M21 Silent sẽ là một lựa chọn không nên bỏ qua.\n\nĐể việc kết nối nhanh chóng và hỗ trợ tốt nhất cho công việc, Rapoo M21 Silent trang bị công nghệ không dây 2.4GHz, giúp bạn sử dụng chuột dễ dàng với phạm vi hoạt động lên đến 10m.\n\nNgoài ra, việc sử dụng nút bấm silent giúp giảm thiểu độ ồn nhưng vẫn cho cảm giác click êm ái khi thao tác làm việc, học tập. Con lăn mượt mà cho phép lướt nhanh qua các trang dài, giúp người dùng dễ dàng khi cần đọc tài liệu, xem báo, tìm kiếm thông tin.\n\n**Kết nối ổn định qua công nghệ không dây 2.4GHz**\n\nRapoo M21 Silent kết nối với thiết bị qua công nghệ wireless 2.4GHz mới nhất, hỗ trợ khoảng cách kết nối đến 10m, mang đến độ ổn định cao, tránh tín hiệu chập chờn và tương thích với nhiều hệ điều hành.\n\n**Nút bấm tiện lợi hỗ trợ xử lý công việc hiệu quả**\n\nChuột được tích hợp 3 nút cơ bản nhưng vô cùng tiện lợi, phù hợp cho các công việc đơn giản. Tốc độ phản hồi nhanh giúp bạn thực hiện các thao tác nhanh chóng và xử lý công việc hiệu quả.\n\n*   Con lăn cuộn trang chính xác.\n*   Phím bấm trái/phải êm ái, chịu được lực bấm tốt.\n\n**Chỉ số DPI**\n\nChuột không dây Rapoo M21 Silent có độ phân giải lên đến 1000 DPI, mang đến sự chính xác và thoải mái khi di chuột, đáp ứng tốt nhu cầu sử dụng từ học tập, làm việc cho đến chơi game giải trí trên nhiều thiết bị khác nhau.\n\n**Thời gian sử dụng**\n\nVề thời gian sử dụng, chỉ với 1 viên pin AA cùng công nghệ tiết kiệm pin mới nhất của Rapoo, bạn có thể sử dụng chuột từ 9 - 12 tháng. Thời gian này có thể kéo dài hoặc ngắn hơn tùy thuộc vào tần suất và cách bạn sử dụng. Ngoài ra, Rapoo M21 Silent còn trang bị nút tắt chuột ON/OFF bên dưới thân chuột khi không cần sử dụng để giảm hao phí pin hiệu quả.',
            24, 'https://product.hstatic.net/200000722513/product/thumbchuot_319f928f991a4303a119531a028fca35_caa118908bcb4634847506512cb92ce8.png', '2023-06-02T13:52:40+00:00',1);
        
INSERT INTO product_image (name, product_variant_id, image_url, is_main)
VALUES
    ('Ảnh 1', 513, 'https://product.hstatic.net/200000722513/product/thumbchuot_319f928f991a4303a119531a028fca35_caa118908bcb4634847506512cb92ce8.png', TRUE);
---
INSERT INTO product (name, seo_name, brand_id, specifications, description, created_by, image_url) 
    VALUES (
        'Chuột Pulsar không dây X2A Size2 Black/White', 'chuot-pulsar-khong-day-x2a-size2-black-white', 40,
        '{"Tên sản phẩm": "Chuột Pulsar không dây X2A Size 2 Black/White", "Thương hiệu": "Pulsar", "Model": "X2A", "Kích thước": "Size 2", "Màu sắc": "Black/White", "Loại chuột": "Không dây", "Cảm biến": "Flawless Optical Sensor", "DPI tối đa": "26000", "Tốc độ theo dõi tối đa": "650 IPS", "Gia tốc tối đa": "50G", "Tần số phản hồi": "1000Hz", "Trọng lượng": "52g", "Switch": "Huano micro switch", "Số nút bấm": "5", "Pin": "Lithium-ion", "Thời lượng pin": "Lên đến 70 giờ", "Kết nối": "2.4GHz Wireless, Bluetooth", "Độ trễ": "Cực thấp", "Độ bền switch": "70 triệu lượt nhấn", "Hệ điều hành tương thích": "Windows, macOS", "Phần mềm đi kèm": "Pulsar Software", "Đèn LED": "Không có", "Chất liệu": "ABS Plastic", "Thiết kế Form Factor": "Ergonomic Ambidextrous", "Cổng sạc": "USB Type-C"}',
        'Trong thế giới game ngày nay, việc lựa chọn một con chuột phù hợp là điều hết sức quan trọng, giúp người chơi nâng cao hiệu suất và trải nghiệm của mình. Chuột Pulsar X2A Size2 Black/White không chỉ nổi bật với thiết kế hiện đại mà còn sở hữu nhiều tính năng vượt trội. Bài viết dưới đây sẽ đánh giá chi tiết sản phẩm này cùng với các đặc tính nổi bật mà nó mang lại.\n\n**Đặc tính nổi bật của chuột Pulsar không dây X2A Size2 Black/White**\n\n*   **Thiết kế gọn nhẹ và hiện đại**\n    Chuột Pulsar X2A có thiết kế hoàn hảo với kích thước Size2, mang lại cảm giác cầm nắm thoải mái và chắc chắn. Về ngoại hình, chuột được hoàn thiện bằng chất liệu nhựa cao cấp, không chỉ giúp tăng tính thẩm mỹ mà còn giảm thiểu tình trạng bám bẩn và mồ hôi khi sử dụng lâu dài.\n\n*   **Cảm biến quang học tiên tiến**\n    Một trong những tính năng nổi bật nhất của chuột Pulsar X2A là cảm biến quang học PixArt PMW 3395, với độ phân giải lên đến 20.000 DPI. Điều này cho phép người dùng tùy chỉnh mức DPI theo nhu cầu sử dụng, từ việc di chuyển nhẹ nhàng trong các game FPS cho đến những pha xử lý nhanh trong game MOBA.\n\n*   **Kết nối không dây ổn định**\n    Với công nghệ kết nối không dây tiên tiến, chuột Pulsar X2A Size2 Black/White mang đến sự ổn định tuyệt đối trong quá trình sử dụng. Người dùng có thể yên tâm rằng không có độ trễ trong việc truyền tín hiệu giữa chuột và máy tính, giúp cải thiện sự chính xác và phản ứng nhanh trong các trận đấu gay cấn.\n\n*   **Thời gian sử dụng pin ấn tượng**\n    Chuột Pulsar X2A được trang bị pin lithium có dung lượng lớn, cho thời gian sử dụng lên đến 70 giờ sau một lần sạc. Điều này giúp người dùng không phải lo lắng về việc sạc pin thường xuyên, đồng thời giúp tiết kiệm thời gian và nâng cao trải nghiệm chơi game.\n\n*   **Thiết kế vượt trội cùng chất liệu bền bỉ**\n    Pulsar đã chăm chút đến từng chi tiết nhỏ trong quá trình sản xuất chuột X2A. Từ chất liệu nút bấm đến phần thân chuột, đều được chọn lọc kỹ càng để đảm bảo độ bền vượt trội. Thời gian sử dụng nút bấm lên đến 80 triệu lần nhấn, giúp người chơi yên tâm trong mỗi trận đấu mà không phải lo lắng về việc hỏng hóc.\n\n*   **Tùy chỉnh đa dạng**\n    Pulsar X2A cho phép người dùng tùy chỉnh 4 nút bấm trên chuột và các thiết lập khác thông qua phần mềm đi kèm. Người chơi có thể dễ dàng lập trình các macro hay điều chỉnh độ nhạy của nút bấm để phù hợp với phong cách và thói quen của bản thân.\n\n*   **Đèn LED RGB đẹp mắt**\n    Không chỉ dừng lại ở hiệu năng, chuột Pulsar X2A còn thu hút người dùng với hệ thống đèn LED RGB sinh động. Người dùng có thể tùy chỉnh màu sắc và hiệu ứng ánh sáng theo ý thích, tạo nên một không gian chơi game sinh động và bắt mắt.\n\nChuột Pulsar không dây X2A Size2 Black/White là lựa chọn lý tưởng dành cho game thủ tìm kiếm một sản phẩm mạnh mẽ, bền bỉ và tiện dụng. Với thiết kế hiện đại, chất lượng xây dựng vượt trội cùng nhiều tính năng nổi bật, sản phẩm này chắc chắn sẽ mang lại trải nghiệm tuyệt vời cho người dùng. Hãy khám phá và trải nghiệm ngay hôm nay để không bỏ lỡ cơ hội nâng cao khả năng chiến đấu của bạn trong thế giới game!',
        1, 'https://product.hstatic.net/200000722513/product/x2agamingmouse_top-234273_large_1eeb4abea2af4785ad403d1bf75836cc.png'
    );
INSERT INTO product_category (product_id, category_id) VALUES (514, 27);
INSERT INTO product_variant (
        product_id, name, seo_name, supplier_id, price, price_sale, quantity, sku, model, barcode, 
        specifications, description, warranty, image_url, release_at, created_by)
        VALUES ( 514, 'Chuột Pulsar không dây X2A Size2 Black/White', 'chuot-pulsar-khong-day-x2a-size2-black-white',
            1, 1949000, 1790000, 10, 'CHU-PULSAR-X2A-WIRELESS-SIZE2-BLK-WHI',
            'CHU-PULSAR-X2A-WIRELESS-SIZE2-BLK-WHI', 'CHU-PULSAR-X2A-WIRELESS-SIZE2-BLK-WHI',
            '{"Tên sản phẩm": "Chuột Pulsar không dây X2A Size 2 Black/White", "Thương hiệu": "Pulsar", "Model": "X2A", "Kích thước": "Size 2", "Màu sắc": "Black/White", "Loại chuột": "Không dây", "Cảm biến": "Flawless Optical Sensor", "DPI tối đa": "26000", "Tốc độ theo dõi tối đa": "650 IPS", "Gia tốc tối đa": "50G", "Tần số phản hồi": "1000Hz", "Trọng lượng": "52g", "Switch": "Huano micro switch", "Số nút bấm": "5", "Pin": "Lithium-ion", "Thời lượng pin": "Lên đến 70 giờ", "Kết nối": "2.4GHz Wireless, Bluetooth", "Độ trễ": "Cực thấp", "Độ bền switch": "70 triệu lượt nhấn", "Hệ điều hành tương thích": "Windows, macOS", "Phần mềm đi kèm": "Pulsar Software", "Đèn LED": "Không có", "Chất liệu": "ABS Plastic", "Thiết kế Form Factor": "Ergonomic Ambidextrous", "Cổng sạc": "USB Type-C"}',
            'Trong thế giới game ngày nay, việc lựa chọn một con chuột phù hợp là điều hết sức quan trọng, giúp người chơi nâng cao hiệu suất và trải nghiệm của mình. Chuột Pulsar X2A Size2 Black/White không chỉ nổi bật với thiết kế hiện đại mà còn sở hữu nhiều tính năng vượt trội. Bài viết dưới đây sẽ đánh giá chi tiết sản phẩm này cùng với các đặc tính nổi bật mà nó mang lại.\n\n**Đặc tính nổi bật của chuột Pulsar không dây X2A Size2 Black/White**\n\n*   **Thiết kế gọn nhẹ và hiện đại**\n    Chuột Pulsar X2A có thiết kế hoàn hảo với kích thước Size2, mang lại cảm giác cầm nắm thoải mái và chắc chắn. Về ngoại hình, chuột được hoàn thiện bằng chất liệu nhựa cao cấp, không chỉ giúp tăng tính thẩm mỹ mà còn giảm thiểu tình trạng bám bẩn và mồ hôi khi sử dụng lâu dài.\n\n*   **Cảm biến quang học tiên tiến**\n    Một trong những tính năng nổi bật nhất của chuột Pulsar X2A là cảm biến quang học PixArt PMW 3395, với độ phân giải lên đến 20.000 DPI. Điều này cho phép người dùng tùy chỉnh mức DPI theo nhu cầu sử dụng, từ việc di chuyển nhẹ nhàng trong các game FPS cho đến những pha xử lý nhanh trong game MOBA.\n\n*   **Kết nối không dây ổn định**\n    Với công nghệ kết nối không dây tiên tiến, chuột Pulsar X2A Size2 Black/White mang đến sự ổn định tuyệt đối trong quá trình sử dụng. Người dùng có thể yên tâm rằng không có độ trễ trong việc truyền tín hiệu giữa chuột và máy tính, giúp cải thiện sự chính xác và phản ứng nhanh trong các trận đấu gay cấn.\n\n*   **Thời gian sử dụng pin ấn tượng**\n    Chuột Pulsar X2A được trang bị pin lithium có dung lượng lớn, cho thời gian sử dụng lên đến 70 giờ sau một lần sạc. Điều này giúp người dùng không phải lo lắng về việc sạc pin thường xuyên, đồng thời giúp tiết kiệm thời gian và nâng cao trải nghiệm chơi game.\n\n*   **Thiết kế vượt trội cùng chất liệu bền bỉ**\n    Pulsar đã chăm chút đến từng chi tiết nhỏ trong quá trình sản xuất chuột X2A. Từ chất liệu nút bấm đến phần thân chuột, đều được chọn lọc kỹ càng để đảm bảo độ bền vượt trội. Thời gian sử dụng nút bấm lên đến 80 triệu lần nhấn, giúp người chơi yên tâm trong mỗi trận đấu mà không phải lo lắng về việc hỏng hóc.\n\n*   **Tùy chỉnh đa dạng**\n    Pulsar X2A cho phép người dùng tùy chỉnh 4 nút bấm trên chuột và các thiết lập khác thông qua phần mềm đi kèm. Người chơi có thể dễ dàng lập trình các macro hay điều chỉnh độ nhạy của nút bấm để phù hợp với phong cách và thói quen của bản thân.\n\n*   **Đèn LED RGB đẹp mắt**\n    Không chỉ dừng lại ở hiệu năng, chuột Pulsar X2A còn thu hút người dùng với hệ thống đèn LED RGB sinh động. Người dùng có thể tùy chỉnh màu sắc và hiệu ứng ánh sáng theo ý thích, tạo nên một không gian chơi game sinh động và bắt mắt.\n\nChuột Pulsar không dây X2A Size2 Black/White là lựa chọn lý tưởng dành cho game thủ tìm kiếm một sản phẩm mạnh mẽ, bền bỉ và tiện dụng. Với thiết kế hiện đại, chất lượng xây dựng vượt trội cùng nhiều tính năng nổi bật, sản phẩm này chắc chắn sẽ mang lại trải nghiệm tuyệt vời cho người dùng. Hãy khám phá và trải nghiệm ngay hôm nay để không bỏ lỡ cơ hội nâng cao khả năng chiến đấu của bạn trong thế giới game!',
            24, 'https://product.hstatic.net/200000722513/product/x2agamingmouse_top-234273_large_1eeb4abea2af4785ad403d1bf75836cc.png', '2024-12-08T04:51:30+00:00',1);
        
INSERT INTO product_image (name, product_variant_id, image_url, is_main)
VALUES
    ('Ảnh 1', 514, 'https://product.hstatic.net/200000722513/product/x2agamingmouse_top-234273_large_1eeb4abea2af4785ad403d1bf75836cc.png', TRUE),
    ('Ảnh 2', 514, 'https://product.hstatic.net/200000722513/product/x2agamingmouse_bottom-301957_lar_3f84a4a146d44b35b5f611055afcbe82.png', FALSE),
    ('Ảnh 3', 514, 'https://product.hstatic.net/200000722513/product/x2agamingmouse_rightside-205869_ec8a88a01cb644d28a937561b171f4c3.png', FALSE),
    ('Ảnh 4', 514, 'https://product.hstatic.net/200000722513/product/x2agamingmouse_leftside-446264_l_488e8a6bdb5849a4bfec546cf8fd7675.png', FALSE);
---
INSERT INTO product (name, seo_name, brand_id, specifications, description, created_by, image_url) 
    VALUES (
        'Chuột Pulsar không dây Xlite V3 Size2 White', 'chuot-pulsar-khong-day-xlite-v3-size2-white', 40,
        '{"Tên sản phẩm": "Chuột Pulsar không dây Xlite V3 Size 2 White", "Thương hiệu": "Pulsar", "Mẫu mã": "Xlite V3", "Kích thước": "Size 2", "Màu sắc": "White", "Kết nối": "Không dây", "Cảm biến": "PixArt PAW3370", "DPI tối đa": "20000", "Tốc độ theo dõi": "400 IPS", "Gia tốc tối đa": "50G", "Tần số phản hồi": "1000Hz", "Switch": "Huano Micro Switches", "Tuổi thọ switch": "80 triệu lần nhấn", "Số nút": "5", "Trọng lượng": "49g", "Độ dài cáp sạc": "1.8m", "Chất liệu": "ABS", "Đèn LED": "Có", "Phần mềm tùy chỉnh": "Có", "Tương thích hệ điều hành": "Windows, macOS", "Pin": "Lithium-ion", "Thời lượng pin": "Lên đến 70 giờ"}',
        'Chuột Pulsar Xlite V3 Size 2 White không dây đang thu hút sự chú ý trong cộng đồng game thủ nhờ thiết kế tinh tế cùng hiệu suất vượt trội. Sản phẩm này không chỉ dành riêng cho game thủ chuyên nghiệp mà còn phù hợp với những người yêu công nghệ, đặc biệt là giới gaming. Hãy cùng chúng tôi đánh giá chi tiết sản phẩm này.',
        1, 'https://product.hstatic.net/200000722513/product/pulsarxlitev3mediumgamingmouse_w_f49b4d4e7fba46549f984e1bc2e14967.png'
    );
INSERT INTO product_category (product_id, category_id) VALUES (515, 27);
INSERT INTO product_variant (
        product_id, name, seo_name, supplier_id, price, price_sale, quantity, sku, model, barcode, 
        specifications, description, warranty, image_url, release_at, created_by)
        VALUES ( 515, 'Chuột Pulsar không dây Xlite V3 Size2 White', 'chuot-pulsar-khong-day-xlite-v3-size2-white',
            1, 1949000, 1790000, 10, 'CHU-PULSAR-XLITE-V3-WIRELESS-SIZE2-WHITE',
            'CHU-PULSAR-XLITE-V3-WIRELESS-SIZE2-WHITE', 'CHU-PULSAR-XLITE-V3-WIRELESS-SIZE2-WHITE',
            '{"Tên sản phẩm": "Chuột Pulsar không dây Xlite V3 Size 2 White", "Thương hiệu": "Pulsar", "Mẫu mã": "Xlite V3", "Kích thước": "Size 2", "Màu sắc": "White", "Kết nối": "Không dây", "Cảm biến": "PixArt PAW3370", "DPI tối đa": "20000", "Tốc độ theo dõi": "400 IPS", "Gia tốc tối đa": "50G", "Tần số phản hồi": "1000Hz", "Switch": "Huano Micro Switches", "Tuổi thọ switch": "80 triệu lần nhấn", "Số nút": "5", "Trọng lượng": "49g", "Độ dài cáp sạc": "1.8m", "Chất liệu": "ABS", "Đèn LED": "Có", "Phần mềm tùy chỉnh": "Có", "Tương thích hệ điều hành": "Windows, macOS", "Pin": "Lithium-ion", "Thời lượng pin": "Lên đến 70 giờ"}',
            'Chuột Pulsar Xlite V3 Size 2 White không dây đang thu hút sự chú ý trong cộng đồng game thủ nhờ thiết kế tinh tế cùng hiệu suất vượt trội. Sản phẩm này không chỉ dành riêng cho game thủ chuyên nghiệp mà còn phù hợp với những người yêu công nghệ, đặc biệt là giới gaming. Hãy cùng chúng tôi đánh giá chi tiết sản phẩm này.',
            24, 'https://product.hstatic.net/200000722513/product/pulsarxlitev3mediumgamingmouse_w_f49b4d4e7fba46549f984e1bc2e14967.png', '2024-12-08T04:49:24+00:00',1);
        
INSERT INTO product_image (name, product_variant_id, image_url, is_main)
VALUES
    ('Ảnh 1', 515, 'https://product.hstatic.net/200000722513/product/pulsarxlitev3mediumgamingmouse_w_f49b4d4e7fba46549f984e1bc2e14967.png', TRUE),
    ('Ảnh 2', 515, 'https://product.hstatic.net/200000722513/product/pulsarxlitev3mediumgamingmouse_w__1__f378bbfeb78942bc95b7c6da76e47652.png', FALSE),
    ('Ảnh 3', 515, 'https://product.hstatic.net/200000722513/product/pulsarxlitev3mediumgamingmouse_w__3__85e47f0edd324e919514c5a620c9909a.png', FALSE),
    ('Ảnh 4', 515, 'https://product.hstatic.net/200000722513/product/pulsarxlitev3mediumgamingmouse_w__2__de1ff2c98a8a46f898ea1e1d39dc2699.png', FALSE);
---
INSERT INTO product (name, seo_name, brand_id, specifications, description, created_by, image_url) 
    VALUES (
        'Chuột Pulsar không dây X2H Size2 White', 'chuot-pulsar-khong-day-x2h-size2-white', 40,
        '{"Thương hiệu": "Pulsar", "Mẫu mã": "X2H", "Kích thước": "Size 2", "Màu sắc": "White", "Loại chuột": "Không dây", "Cảm biến": "PixArt PAW3395", "DPI tối đa": "26000", "Tốc độ theo dõi": "650 IPS", "Gia tốc": "50G", "Polling Rate": "4000Hz (với receiver tùy chọn)", "Số nút": "6", "Switch": "Huano transparent blue shell pink dot", "Tuổi thọ switch": "100 triệu lần nhấn", "Pin": "Pin sạc tích hợp", "Thời lượng pin": "Lên đến 100 giờ (tùy chế độ)", "Trọng lượng": "52g", "Chất liệu": "ABS", "Kết nối": "Không dây 2.4GHz", "Hệ điều hành tương thích": "Windows, macOS, Linux", "Phần mềm đi kèm": "Pulsar Software", "Độ cong": "Ergonomic", "Độ nhạy nút": "Có thể điều chỉnh", "Đèn LED": "Không", "Loại chân chuột": "PTFE", "Độ dày chân chuột": "0.8mm", "Độ dài cáp sạc": "1.8m", "Loại cáp sạc": "USB-C bện"}',
        'Chuột Pulsar X2H Size 2 White là một tuyệt phẩm công nghệ dành cho game thủ chuyên nghiệp và những người yêu thích sự chính xác đỉnh cao. Với thiết kế công thái học hoàn hảo, đặc biệt là phần lưng chuột được nâng cao (Hump) để hỗ trợ tối ưu cho các kiểu cầm claw hoặc fingertip grip, phiên bản Size 2 này đảm bảo sự vừa vặn tuyệt vời cho người dùng có bàn tay trung bình đến lớn. Màu trắng tinh khôi không chỉ mang lại vẻ ngoài thanh lịch mà còn tôn lên sự tinh tế của sản phẩm. Trang bị cảm biến quang học PixArt PAW3395 hàng đầu thị trường, X2H Size 2 White cung cấp độ phân giải lên đến 26.000 DPI, tốc độ theo dõi 650 IPS và khả năng tăng tốc 50G, đảm bảo mọi chuyển động đều được ghi nhận một cách mượt mà và chính xác tuyệt đối, không có hiện tượng giật lag hay bỏ sót. Công nghệ không dây 2.4GHz siêu tốc với tần số lấy mẫu 1000Hz (có thể nâng cấp lên 4000Hz/8000Hz với dongle riêng) mang lại trải nghiệm không dây không khác gì chuột có dây, loại bỏ mọi rào cản về độ trễ. Các nút bấm sử dụng switch quang học cao cấp (hoặc Kailh GM 8.0 tùy phiên bản) cho độ bền vượt trội và phản hồi tức thì, cùng với trọng lượng siêu nhẹ chỉ khoảng 60 gram giúp giảm thiểu mệt mỏi khi sử dụng trong thời gian dài. Pin tích hợp cho thời lượng sử dụng ấn tượng, đi kèm cổng sạc USB-C tiện lợi. Phần mềm tùy chỉnh cho phép người dùng cá nhân hóa DPI, gán macro và điều chỉnh các thông số khác một cách dễ dàng, biến Pulsar X2H thành vũ khí tối thượng trong mọi trận chiến.',
        1, 'https://product.hstatic.net/200000722513/product/x2hgamingmouse_medium_white_8811_9cb6394e677f4af6b2485e5e26411e1d.png'
    );
INSERT INTO product_category (product_id, category_id) VALUES (516, 27);
INSERT INTO product_variant (
        product_id, name, seo_name, supplier_id, price, price_sale, quantity, sku, model, barcode, 
        specifications, description, warranty, image_url, release_at, created_by)
        VALUES ( 516, 'Chuột Pulsar không dây X2H Size2 White', 'chuot-pulsar-khong-day-x2h-size2-white',
            1, 1949000, 1790000, 10, 'CHU-PULSAR-X2H-WIRELESS-SIZE2-WHITE',
            'CHU-PULSAR-X2H-WIRELESS-SIZE2-WHITE', 'CHU-PULSAR-X2H-WIRELESS-SIZE2-WHITE',
            '{"Thương hiệu": "Pulsar", "Mẫu mã": "X2H", "Kích thước": "Size 2", "Màu sắc": "White", "Loại chuột": "Không dây", "Cảm biến": "PixArt PAW3395", "DPI tối đa": "26000", "Tốc độ theo dõi": "650 IPS", "Gia tốc": "50G", "Polling Rate": "4000Hz (với receiver tùy chọn)", "Số nút": "6", "Switch": "Huano transparent blue shell pink dot", "Tuổi thọ switch": "100 triệu lần nhấn", "Pin": "Pin sạc tích hợp", "Thời lượng pin": "Lên đến 100 giờ (tùy chế độ)", "Trọng lượng": "52g", "Chất liệu": "ABS", "Kết nối": "Không dây 2.4GHz", "Hệ điều hành tương thích": "Windows, macOS, Linux", "Phần mềm đi kèm": "Pulsar Software", "Độ cong": "Ergonomic", "Độ nhạy nút": "Có thể điều chỉnh", "Đèn LED": "Không", "Loại chân chuột": "PTFE", "Độ dày chân chuột": "0.8mm", "Độ dài cáp sạc": "1.8m", "Loại cáp sạc": "USB-C bện"}',
            'Chuột Pulsar X2H Size 2 White là một tuyệt phẩm công nghệ dành cho game thủ chuyên nghiệp và những người yêu thích sự chính xác đỉnh cao. Với thiết kế công thái học hoàn hảo, đặc biệt là phần lưng chuột được nâng cao (Hump) để hỗ trợ tối ưu cho các kiểu cầm claw hoặc fingertip grip, phiên bản Size 2 này đảm bảo sự vừa vặn tuyệt vời cho người dùng có bàn tay trung bình đến lớn. Màu trắng tinh khôi không chỉ mang lại vẻ ngoài thanh lịch mà còn tôn lên sự tinh tế của sản phẩm. Trang bị cảm biến quang học PixArt PAW3395 hàng đầu thị trường, X2H Size 2 White cung cấp độ phân giải lên đến 26.000 DPI, tốc độ theo dõi 650 IPS và khả năng tăng tốc 50G, đảm bảo mọi chuyển động đều được ghi nhận một cách mượt mà và chính xác tuyệt đối, không có hiện tượng giật lag hay bỏ sót. Công nghệ không dây 2.4GHz siêu tốc với tần số lấy mẫu 1000Hz (có thể nâng cấp lên 4000Hz/8000Hz với dongle riêng) mang lại trải nghiệm không dây không khác gì chuột có dây, loại bỏ mọi rào cản về độ trễ. Các nút bấm sử dụng switch quang học cao cấp (hoặc Kailh GM 8.0 tùy phiên bản) cho độ bền vượt trội và phản hồi tức thì, cùng với trọng lượng siêu nhẹ chỉ khoảng 60 gram giúp giảm thiểu mệt mỏi khi sử dụng trong thời gian dài. Pin tích hợp cho thời lượng sử dụng ấn tượng, đi kèm cổng sạc USB-C tiện lợi. Phần mềm tùy chỉnh cho phép người dùng cá nhân hóa DPI, gán macro và điều chỉnh các thông số khác một cách dễ dàng, biến Pulsar X2H thành vũ khí tối thượng trong mọi trận chiến.',
            24, 'https://product.hstatic.net/200000722513/product/x2hgamingmouse_medium_white_8811_9cb6394e677f4af6b2485e5e26411e1d.png', '2024-12-08T04:49:26+00:00',1);
        
INSERT INTO product_image (name, product_variant_id, image_url, is_main)
VALUES
    ('Ảnh 1', 516, 'https://product.hstatic.net/200000722513/product/x2hgamingmouse_medium_white_8811_9cb6394e677f4af6b2485e5e26411e1d.png', TRUE),
    ('Ảnh 2', 516, 'https://product.hstatic.net/200000722513/product/x2hgamingmouse_medium_white_bott_f27fe8b9e9b94dd3849c68d8515e3918.png', FALSE),
    ('Ảnh 3', 516, 'https://product.hstatic.net/200000722513/product/x2hgamingmouse_medium_white_left_e13106ee24f04d9e87abc09646a6d0a4.png', FALSE),
    ('Ảnh 4', 516, 'https://product.hstatic.net/200000722513/product/x2hgamingmouse_medium_white_righ_29996595155b4a93bf36bc839ce6f31f.png', FALSE);
---
INSERT INTO product (name, seo_name, brand_id, specifications, description, created_by, image_url) 
    VALUES (
        'Chuột Pulsar không dây X2H Size2 Black', 'chuot-pulsar-khong-day-x2h-size2-black', 40,
        '{"Tên sản phẩm": "Chuột Pulsar không dây X2H Size 2 Black", "Thương hiệu": "Pulsar", "Model": "X2H", "Kích thước": "Size 2", "Màu sắc": "Đen", "Kết nối": "Không dây", "Loại cảm biến": "PixArt PAW3395", "DPI tối đa": "26000", "Tần số giao tiếp": "4000Hz (với receiver 4K)", "Trọng lượng": "52g", "Loại switch": "Huano Pink Micro Switches", "Tuổi thọ switch": "70 triệu lần nhấn", "Số nút bấm": "6", "Pin": "Có thể sạc lại", "Thời lượng pin": "Lên đến 80 giờ (tùy chế độ)", "Chất liệu": "Nhựa ABS cao cấp", "Thiết kế": "Công thái học (Ergonomic)", "Hệ điều hành tương thích": "Windows, macOS, Linux", "Phần mềm đi kèm": "Có (Pulsar Software)", "Tần số không dây": "2.4GHz", "Bảo hành": "24 tháng"}',
        'Chuột Pulsar X2H Size 2 Black là một tuyệt tác công nghệ, được thiết kế dành riêng cho các game thủ chuyên nghiệp và những người đam mê eSports, những người tìm kiếm sự hoàn hảo trong từng chuyển động. Với thiết kế Size 2 tinh tế, X2H Black mang lại hình dáng công thái học được tối ưu hóa đặc biệt cho các kiểu cầm chuột claw grip và fingertip grip, đảm bảo sự thoải mái tối đa và khả năng kiểm soát chính xác trong suốt các phiên chơi game kéo dài. Trọng lượng siêu nhẹ đáng kinh ngạc, chỉ khoảng 54 gram, giúp giảm thiểu đáng kể mệt mỏi cho cổ tay và cánh tay, cho phép bạn thực hiện những pha di chuột nhanh chóng, linh hoạt và không bị cản trở. Sản phẩm được trang bị cảm biến quang học PixArt PAW3395 hàng đầu, cung cấp độ phân giải lên đến 26.000 DPI, tốc độ theo dõi 650 IPS và gia tốc 50G, đảm bảo mọi cử chỉ của bạn được ghi nhận tức thì, không độ trễ và với độ chính xác tuyệt đối. Công nghệ kết nối không dây 2.4GHz Super-Fast Wireless của Pulsar mang lại hiệu suất ổn định và độ trễ cực thấp, ngang ngửa với chuột có dây, giúp bạn luôn dẫn đầu trong mọi tình huống căng thẳng nhất. Pin của chuột X2H Size 2 Black có thời lượng sử dụng ấn tượng, cho phép hàng chục giờ chơi game liên tục mà không cần lo lắng về việc sạc lại. Các nút bấm chính sử dụng switch quang học cao cấp, mang lại cảm giác bấm sắc nét, phản hồi nhanh chóng và độ bền vượt trội. Thiết kế màu đen tuyền sang trọng kết hợp với chất liệu cao cấp không chỉ tạo nên vẻ ngoài mạnh mẽ mà còn đảm bảo độ bền bỉ theo thời gian, biến Pulsar X2H Size 2 Black không chỉ là một công cụ chơi game mà còn là một biểu tượng phong cách trên bàn làm việc của bạn.',
        1, 'https://product.hstatic.net/200000722513/product/x2hgamingmouse_medium_black_e306_1955fedb115946519e3b57ad20ba601a.png'
    );
INSERT INTO product_category (product_id, category_id) VALUES (517, 27);
INSERT INTO product_variant (
        product_id, name, seo_name, supplier_id, price, price_sale, quantity, sku, model, barcode, 
        specifications, description, warranty, image_url, release_at, created_by)
        VALUES ( 517, 'Chuột Pulsar không dây X2H Size2 Black', 'chuot-pulsar-khong-day-x2h-size2-black',
            1, 1949000, 1790000, 10, 'CHU-PULSAR-X2H-WIRELESS-SIZE2-BLK',
            'CHU-PULSAR-X2H-WIRELESS-SIZE2-BLK', 'CHU-PULSAR-X2H-WIRELESS-SIZE2-BLK',
            '{"Tên sản phẩm": "Chuột Pulsar không dây X2H Size 2 Black", "Thương hiệu": "Pulsar", "Model": "X2H", "Kích thước": "Size 2", "Màu sắc": "Đen", "Kết nối": "Không dây", "Loại cảm biến": "PixArt PAW3395", "DPI tối đa": "26000", "Tần số giao tiếp": "4000Hz (với receiver 4K)", "Trọng lượng": "52g", "Loại switch": "Huano Pink Micro Switches", "Tuổi thọ switch": "70 triệu lần nhấn", "Số nút bấm": "6", "Pin": "Có thể sạc lại", "Thời lượng pin": "Lên đến 80 giờ (tùy chế độ)", "Chất liệu": "Nhựa ABS cao cấp", "Thiết kế": "Công thái học (Ergonomic)", "Hệ điều hành tương thích": "Windows, macOS, Linux", "Phần mềm đi kèm": "Có (Pulsar Software)", "Tần số không dây": "2.4GHz", "Bảo hành": "24 tháng"}',
            'Chuột Pulsar X2H Size 2 Black là một tuyệt tác công nghệ, được thiết kế dành riêng cho các game thủ chuyên nghiệp và những người đam mê eSports, những người tìm kiếm sự hoàn hảo trong từng chuyển động. Với thiết kế Size 2 tinh tế, X2H Black mang lại hình dáng công thái học được tối ưu hóa đặc biệt cho các kiểu cầm chuột claw grip và fingertip grip, đảm bảo sự thoải mái tối đa và khả năng kiểm soát chính xác trong suốt các phiên chơi game kéo dài. Trọng lượng siêu nhẹ đáng kinh ngạc, chỉ khoảng 54 gram, giúp giảm thiểu đáng kể mệt mỏi cho cổ tay và cánh tay, cho phép bạn thực hiện những pha di chuột nhanh chóng, linh hoạt và không bị cản trở. Sản phẩm được trang bị cảm biến quang học PixArt PAW3395 hàng đầu, cung cấp độ phân giải lên đến 26.000 DPI, tốc độ theo dõi 650 IPS và gia tốc 50G, đảm bảo mọi cử chỉ của bạn được ghi nhận tức thì, không độ trễ và với độ chính xác tuyệt đối. Công nghệ kết nối không dây 2.4GHz Super-Fast Wireless của Pulsar mang lại hiệu suất ổn định và độ trễ cực thấp, ngang ngửa với chuột có dây, giúp bạn luôn dẫn đầu trong mọi tình huống căng thẳng nhất. Pin của chuột X2H Size 2 Black có thời lượng sử dụng ấn tượng, cho phép hàng chục giờ chơi game liên tục mà không cần lo lắng về việc sạc lại. Các nút bấm chính sử dụng switch quang học cao cấp, mang lại cảm giác bấm sắc nét, phản hồi nhanh chóng và độ bền vượt trội. Thiết kế màu đen tuyền sang trọng kết hợp với chất liệu cao cấp không chỉ tạo nên vẻ ngoài mạnh mẽ mà còn đảm bảo độ bền bỉ theo thời gian, biến Pulsar X2H Size 2 Black không chỉ là một công cụ chơi game mà còn là một biểu tượng phong cách trên bàn làm việc của bạn.',
            24, 'https://product.hstatic.net/200000722513/product/x2hgamingmouse_medium_black_e306_1955fedb115946519e3b57ad20ba601a.png', '2024-12-08T04:49:28+00:00',1);
        
INSERT INTO product_image (name, product_variant_id, image_url, is_main)
VALUES
    ('Ảnh 1', 517, 'https://product.hstatic.net/200000722513/product/x2hgamingmouse_medium_black_e306_1955fedb115946519e3b57ad20ba601a.png', TRUE),
    ('Ảnh 2', 517, 'https://product.hstatic.net/200000722513/product/x2hgamingmouse_medium_black_bott_6032304f8d4741cbbb62a8eaf2de218a.png', FALSE),
    ('Ảnh 3', 517, 'https://product.hstatic.net/200000722513/product/x2hgamingmouse_medium_black_righ_9b43607216ea4cd0b6de8ccf8ee22c47.png', FALSE),
    ('Ảnh 4', 517, 'https://product.hstatic.net/200000722513/product/x2hgamingmouse_medium_black_left_23f4049923b448308b7b9af84e082114.png', FALSE);
---
INSERT INTO product (name, seo_name, brand_id, specifications, description, created_by, image_url) 
    VALUES (
        'Chuột Pulsar có dây X2A Medium Black', 'chuot-pulsar-co-day-x2a-medium-black', 40,
        '{"Kích thước": "120.4mm x 63mm x 38mm", "Trọng lượng": "57g (±1g)", "Dáng chuột": "Đối xứng - Ambidextrous, Side button cover 4pcs", "Switch": "Optical Switch, Pulsar Blue Encoder", "Con lăn": "Super Smooth ballbearing wheels", "Cảm biến": "PAW3395, 26,000 DPI, 650 IPS, 50g gia tốc", "Kết nối": "Wireless 2.4GHz, Lag-free, USB-C", "Thông số khác": "Thiết kế Wide Waist / Low Hump, Symmetrical Shape, Recommended for Claw/Fingertip Grip, Ultra-light Weight, Fully customizable sensor and keys, Superflex Paracord Cable, Up to 100 hours battery life (±10% at 1000Hz)", "Phụ kiện kèm theo": "Side button cover x4, Wireless Receiver x1, Wireless Receiver adapter x1, USB-C Cable x1", "Yêu cầu hệ thống": "USB Port, Windows/Mac/Linux, Internet connection for software, Windows 7 or higher for Pulsar Software"}',
        'Chuột Pulsar X2A Medium Black có dây là lựa chọn hoàn hảo dành cho những game thủ và người dùng chuyên nghiệp tìm kiếm sự kết hợp giữa hiệu suất vượt trội, độ bền cao và thiết kế công thái học tối ưu. Với trọng lượng chỉ 53 gram, X2A Medium Black mang lại cảm giác cầm nắm thoải mái và linh hoạt tuyệt đối, giúp bạn thực hiện các pha di chuyển chuột nhanh và chính xác mà không gây mỏi tay trong thời gian dài sử dụng.\n\nTrang bị cảm biến quang học cao cấp PixArt PAW3395, X2A Medium Black đảm bảo độ chính xác tuyệt đối, tốc độ theo dõi ấn tượng và độ trễ gần như bằng không. Dù bạn đang thực hiện các pha flick-shot trong game FPS hay cần sự tỉ mỉ trong các tác vụ thiết kế đồ họa, con chuột này đều đáp ứng một cách hoàn hảo.\n\nCác nút bấm chính được trang bị switch quang học chất lượng cao, mang lại phản hồi xúc giác rõ ràng, độ bền vượt trội lên đến hàng chục triệu lần nhấn và loại bỏ hoàn toàn hiện tượng double-clicking không mong muốn. Thiết kế đối xứng (ambidextrous) của X2A Medium Black phù hợp với nhiều kiểu cầm chuột khác nhau, từ claw grip đến palm grip, đảm bảo sự thoải mái cho cả người dùng tay trái và tay phải.\n\nDây cáp paracord siêu mềm và linh hoạt giúp giảm thiểu ma sát, mang lại cảm giác di chuột như không dây. Lớp vỏ màu đen tuyền sang trọng không chỉ tăng tính thẩm mỹ mà còn chống bám bẩn hiệu quả. Pulsar X2A Medium Black thực sự là một vũ khí đáng tin cậy giúp bạn chinh phục mọi thử thách.',
        1, 'https://product.hstatic.net/200000722513/product/87139_chuot_co_day_pulsar_x2a_wi_c3cf98ce24664d8e86b878dcdf433a36.png'
    );
INSERT INTO product_category (product_id, category_id) VALUES (518, 27);
INSERT INTO product_variant (
        product_id, name, seo_name, supplier_id, price, price_sale, quantity, sku, model, barcode, 
        specifications, description, warranty, image_url, release_at, created_by)
        VALUES ( 518, 'Chuột Pulsar có dây X2A Medium Black', 'chuot-pulsar-co-day-x2a-medium-black',
            1, 1390000, 1249000, 10, 'CHU-PULSAR-X2A-WIRED-MEDIUM-BLK',
            'CHU-PULSAR-X2A-WIRED-MEDIUM-BLK', 'CHU-PULSAR-X2A-WIRED-MEDIUM-BLK',
            '{"Kích thước": "120.4mm x 63mm x 38mm", "Trọng lượng": "57g (±1g)", "Dáng chuột": "Đối xứng - Ambidextrous, Side button cover 4pcs", "Switch": "Optical Switch, Pulsar Blue Encoder", "Con lăn": "Super Smooth ballbearing wheels", "Cảm biến": "PAW3395, 26,000 DPI, 650 IPS, 50g gia tốc", "Kết nối": "Wireless 2.4GHz, Lag-free, USB-C", "Thông số khác": "Thiết kế Wide Waist / Low Hump, Symmetrical Shape, Recommended for Claw/Fingertip Grip, Ultra-light Weight, Fully customizable sensor and keys, Superflex Paracord Cable, Up to 100 hours battery life (±10% at 1000Hz)", "Phụ kiện kèm theo": "Side button cover x4, Wireless Receiver x1, Wireless Receiver adapter x1, USB-C Cable x1", "Yêu cầu hệ thống": "USB Port, Windows/Mac/Linux, Internet connection for software, Windows 7 or higher for Pulsar Software"}',
            'Chuột Pulsar X2A Medium Black có dây là lựa chọn hoàn hảo dành cho những game thủ và người dùng chuyên nghiệp tìm kiếm sự kết hợp giữa hiệu suất vượt trội, độ bền cao và thiết kế công thái học tối ưu. Với trọng lượng chỉ 53 gram, X2A Medium Black mang lại cảm giác cầm nắm thoải mái và linh hoạt tuyệt đối, giúp bạn thực hiện các pha di chuyển chuột nhanh và chính xác mà không gây mỏi tay trong thời gian dài sử dụng.\n\nTrang bị cảm biến quang học cao cấp PixArt PAW3395, X2A Medium Black đảm bảo độ chính xác tuyệt đối, tốc độ theo dõi ấn tượng và độ trễ gần như bằng không. Dù bạn đang thực hiện các pha flick-shot trong game FPS hay cần sự tỉ mỉ trong các tác vụ thiết kế đồ họa, con chuột này đều đáp ứng một cách hoàn hảo.\n\nCác nút bấm chính được trang bị switch quang học chất lượng cao, mang lại phản hồi xúc giác rõ ràng, độ bền vượt trội lên đến hàng chục triệu lần nhấn và loại bỏ hoàn toàn hiện tượng double-clicking không mong muốn. Thiết kế đối xứng (ambidextrous) của X2A Medium Black phù hợp với nhiều kiểu cầm chuột khác nhau, từ claw grip đến palm grip, đảm bảo sự thoải mái cho cả người dùng tay trái và tay phải.\n\nDây cáp paracord siêu mềm và linh hoạt giúp giảm thiểu ma sát, mang lại cảm giác di chuột như không dây. Lớp vỏ màu đen tuyền sang trọng không chỉ tăng tính thẩm mỹ mà còn chống bám bẩn hiệu quả. Pulsar X2A Medium Black thực sự là một vũ khí đáng tin cậy giúp bạn chinh phục mọi thử thách.',
            24, 'https://product.hstatic.net/200000722513/product/87139_chuot_co_day_pulsar_x2a_wi_c3cf98ce24664d8e86b878dcdf433a36.png', '2024-12-08T04:49:36+00:00',1);
        
INSERT INTO product_image (name, product_variant_id, image_url, is_main)
VALUES
    ('Ảnh 1', 518, 'https://product.hstatic.net/200000722513/product/87139_chuot_co_day_pulsar_x2a_wi_c3cf98ce24664d8e86b878dcdf433a36.png', TRUE),
    ('Ảnh 2', 518, 'https://product.hstatic.net/200000722513/product/87139_chuot_co_day_pulsar_x2a_wi__1__246900f735454d8e87cde86365a76daf.png', FALSE),
    ('Ảnh 3', 518, 'https://product.hstatic.net/200000722513/product/87139_chuot_co_day_pulsar_x2a_wi__4__e74edd40b5fe4ae39acffeb30f3dffc5.png', FALSE),
    ('Ảnh 4', 518, 'https://product.hstatic.net/200000722513/product/87139_chuot_co_day_pulsar_x2a_wi__3__ef852e143a1e4a5d9d34fa3152be13c0.png', FALSE),
    ('Ảnh 5', 518, 'https://product.hstatic.net/200000722513/product/87139_chuot_co_day_pulsar_x2a_wi__2__4ae88ea14d264210a86e82a35968ae16.png', FALSE);
---
INSERT INTO product (name, seo_name, brand_id, specifications, description, created_by, image_url) 
    VALUES (
        'Chuột DareU A960s Yellow', 'chuot-dareu-a960s-yellow', 25,
        '{"Hãng sản xuất": "Dare-U", "Tình trạng": "Mới", "Bảo hành": "24 tháng"}',
        '**Chuột máy tính DareU A960S Yellow** được thiết kế với **trọng lượng chỉ khoảng 55g**, giúp người dùng dễ dàng di chuyển mà **không cảm thấy mệt mỏi**. Thiết kế này **rất phù hợp cho những ai thường xuyên chơi game trong thời gian dài hoặc làm việc văn phòng.**  \n\n### **Hệ thống đèn LED RGB**  \nSản phẩm đi kèm với **hệ thống đèn LED RGB rực rỡ**, cho phép người dùng **tùy chỉnh màu sắc theo sở thích cá nhân**. Đèn LED không chỉ **làm đẹp cho sản phẩm** mà còn **tạo cảm hứng cho người dùng trong từng trận đấu.**  \n\n### **Công nghệ cảm biến chính xác**  \n**DareU A960S** sử dụng **cảm biến quang học PWM 3336** với **độ phân giải lên đến 16.000 DPI**. Công nghệ này giúp chuột **nhận diện chuyển động nhanh chóng và chính xác**, mang lại **trải nghiệm chơi game mượt mà và chân thực.**  \n\n### **Tốc độ phản hồi nhanh**  \nVới **tốc độ phản hồi lên đến 1000Hz**, **DareU A960S** đảm bảo rằng **từng cú click chuột của bạn sẽ được nhận diện ngay lập tức.** Điều này **rất quan trọng trong những trận đấu cạnh tranh**, nơi **mỗi giây đều có thể quyết định thắng thua.**  \n\n### **Thời gian sử dụng pin lâu dài**  \n**Chuột DareU A960S** được trang bị **pin có thể sạc lại thông qua cổng USB-C**. **Thời gian sử dụng pin lâu dài** giúp người dùng **không lo hết pin giữa chừng.** Hơn nữa, **bạn có thể vừa sạc vừa sử dụng**, rất **tiện lợi cho người dùng.**  \n\n### **Thiết kế công thái học**  \nVới **thiết kế công thái học**, **chuột DareU A960S** tạo **cảm giác cầm nắm thoải mái**, giúp **giảm áp lực lên cổ tay** trong quá trình sử dụng. Điều này **rất quan trọng với những người thường xuyên sử dụng chuột trong thời gian dài.**  \n\n### **Các nút bấm chất lượng cao**  \n**Chuột A960S** được trang bị **các nút bấm cao su chất lượng cao**, không chỉ **tạo cảm giác bấm thoải mái** mà còn **có độ nhạy cao**, giúp bạn **thao tác chính xác, hạn chế lỗi nhấn.**',
        1, 'https://product.hstatic.net/200000722513/product/gaming-dareu-a960-yellow-ultrali_6055811424474f54a7aecd0bba72370d.png'
    );
INSERT INTO product_category (product_id, category_id) VALUES (519, 27);
INSERT INTO product_variant (
        product_id, name, seo_name, supplier_id, price, price_sale, quantity, sku, model, barcode, 
        specifications, description, warranty, image_url, release_at, created_by)
        VALUES ( 519, 'Chuột DareU A960s Yellow', 'chuot-dareu-a960s-yellow',
            1, 490000, 220000, 10, 'CHU-DAREU-A960S-YELLOW',
            'CHU-DAREU-A960S-YELLOW', 'CHU-DAREU-A960S-YELLOW',
            '{"Tên sản phẩm": "Chuột DareU A960s Yellow","Cảm biến": "HUNTER (PMW3336)","DPI": "800-12.000","Tracking Speed": "150 IPS","Polling Rate": "1000Hz","Switch": "DAREU (50 triệu lần click)","Kích thước": "122*65*39mm","Độ dài dây": "1.8m - EASY & ULTRAFLEX","Trọng lượng": "65g ULTRALIGHT","Kết nối": "USB","LED": "RGB","Bảo hành": "2 năm"}',
            '**Chuột máy tính DareU A960S Yellow** được thiết kế với **trọng lượng chỉ khoảng 55g**, giúp người dùng dễ dàng di chuyển mà **không cảm thấy mệt mỏi**. Thiết kế này **rất phù hợp cho những ai thường xuyên chơi game trong thời gian dài hoặc làm việc văn phòng.**  \n\n### **Hệ thống đèn LED RGB**  \nSản phẩm đi kèm với **hệ thống đèn LED RGB rực rỡ**, cho phép người dùng **tùy chỉnh màu sắc theo sở thích cá nhân**. Đèn LED không chỉ **làm đẹp cho sản phẩm** mà còn **tạo cảm hứng cho người dùng trong từng trận đấu.**  \n\n### **Công nghệ cảm biến chính xác**  \n**DareU A960S** sử dụng **cảm biến quang học PWM 3336** với **độ phân giải lên đến 16.000 DPI**. Công nghệ này giúp chuột **nhận diện chuyển động nhanh chóng và chính xác**, mang lại **trải nghiệm chơi game mượt mà và chân thực.**  \n\n### **Tốc độ phản hồi nhanh**  \nVới **tốc độ phản hồi lên đến 1000Hz**, **DareU A960S** đảm bảo rằng **từng cú click chuột của bạn sẽ được nhận diện ngay lập tức.** Điều này **rất quan trọng trong những trận đấu cạnh tranh**, nơi **mỗi giây đều có thể quyết định thắng thua.**  \n\n### **Thời gian sử dụng pin lâu dài**  \n**Chuột DareU A960S** được trang bị **pin có thể sạc lại thông qua cổng USB-C**. **Thời gian sử dụng pin lâu dài** giúp người dùng **không lo hết pin giữa chừng.** Hơn nữa, **bạn có thể vừa sạc vừa sử dụng**, rất **tiện lợi cho người dùng.**  \n\n### **Thiết kế công thái học**  \nVới **thiết kế công thái học**, **chuột DareU A960S** tạo **cảm giác cầm nắm thoải mái**, giúp **giảm áp lực lên cổ tay** trong quá trình sử dụng. Điều này **rất quan trọng với những người thường xuyên sử dụng chuột trong thời gian dài.**  \n\n### **Các nút bấm chất lượng cao**  \n**Chuột A960S** được trang bị **các nút bấm cao su chất lượng cao**, không chỉ **tạo cảm giác bấm thoải mái** mà còn **có độ nhạy cao**, giúp bạn **thao tác chính xác, hạn chế lỗi nhấn.**',
            24, 'https://product.hstatic.net/200000722513/product/gaming-dareu-a960-yellow-ultrali_6055811424474f54a7aecd0bba72370d.png', '2024-11-15T07:17:58+00:00',1);
        
INSERT INTO product_image (name, product_variant_id, image_url, is_main)
VALUES
    ('Ảnh 1', 519, 'https://product.hstatic.net/200000722513/product/gaming-dareu-a960-yellow-ultrali_6055811424474f54a7aecd0bba72370d.png', TRUE),
    ('Ảnh 2', 519, 'https://product.hstatic.net/200000722513/product/gaming-dareu-a960-yellow-ultrali__1__9cbb803591c049a1a3b6c214244b1cc6.png', FALSE),
    ('Ảnh 3', 519, 'https://product.hstatic.net/200000722513/product/ming-dareu-a960-yellow-ultraligh_4935df3a5aca44e6b77067fb36e7fadd.png', FALSE);
---
INSERT INTO product (name, seo_name, brand_id, specifications, description, created_by, image_url) 
    VALUES (
        'Chuột Cooler Master MM712 Hybird Wireless White', 'chuot-cooler-master-mm712-hybird-wireless-white', 31,
        '{"Kết nối": "Có dây, không dây 2.4 GHz, Bluetooth 5.1", "Led": "chỉ led logo RGB, 16.7 triệu màu", "Pin": "Chế độ Bluetooth: 180 giờ (tắt LED), Chế độ 2.4GHz: 80 giờ (tắt LED)"}',
        'Chuột Cooler Master MM712 Hybrid Wireless White là sự kết hợp hoàn hảo giữa hiệu suất vượt trội, trọng lượng siêu nhẹ và tính linh hoạt tối đa. Với thiết kế công thái học đối xứng, MM712 chỉ nặng vỏn vẹn 59 gram, mang lại cảm giác cầm nắm thoải mái tuyệt đối và khả năng di chuyển linh hoạt, nhanh nhẹn, lý tưởng cho những phiên chơi game kéo dài hay những tác vụ đòi hỏi sự chính xác cao. Sản phẩm được trang bị công nghệ kết nối hybrid tiên tiến, cho phép bạn dễ dàng chuyển đổi giữa kết nối không dây 2.4GHz tốc độ cao với độ trễ gần như bằng không qua dongle, hoặc kết nối Bluetooth tiện lợi, tương thích rộng rãi với nhiều thiết bị. Cảm biến quang học PixArt cao cấp với độ phân giải lên đến 19.000 DPI đảm bảo độ chính xác tuyệt đối và theo dõi chuyển động mượt mà, không gián đoạn. Đặc biệt, MM712 sử dụng switch quang học cho các nút bấm, mang lại độ bền vượt trội lên đến 70 triệu lần nhấn, phản hồi tức thì và loại bỏ hoàn toàn hiện tượng double-click. Chân chuột PTFE 100% nguyên chất đảm bảo trải nghiệm lướt êm ái trên mọi bề mặt, trong khi cổng sạc USB-C và cáp Ultraweave siêu mềm cho phép bạn sạc và sử dụng chuột mà không gặp bất kỳ trở ngại nào. Màu trắng tinh tế không chỉ tô điểm cho không gian làm việc hay chơi game của bạn mà còn thể hiện phong cách cá nhân độc đáo. Cooler Master MM712 Hybrid Wireless White là lựa chọn hoàn hảo cho những ai tìm kiếm một con chuột không dây đa năng, hiệu suất cao và cực kỳ nhẹ.',
        1, 'https://product.hstatic.net/200000722513/product/25938-mm712-white-gallery-2-imag_e99742e2e214462fa60cc248005eae9a.png'
    );
INSERT INTO product_category (product_id, category_id) VALUES (520, 27);
INSERT INTO product_variant (
        product_id, name, seo_name, supplier_id, price, price_sale, quantity, sku, model, barcode, 
        specifications, description, warranty, image_url, release_at, created_by)
        VALUES ( 520, 'Chuột Cooler Master MM712 Hybird Wireless White', 'chuot-cooler-master-mm712-hybird-wireless-white',
            1, 1390000, 850000, 10, 'CHU-CM-MM712-WL-WHITE',
            'CHU-CM-MM712-WL-WHITE', 'CHU-CM-MM712-WL-WHITE',
            '{"Mã sản phẩm": "MM-712-WWOH1","Loại sản phẩm": "Mouse - Chuột","Hãng sản xuất": "CoolerMaster","Tên sản phẩm": "Cooler Master MM712 Hybird Wireless White Matte","Kiểu cầm chuột": "Palm, Claw","Chất liệu": "Nhựa ABS, Cao su, Nhựa","Màu sắc": "Trắng / White","Màu LED": "RGB, 16.7 triệu màu","Cảm biến": "PixArt Optical Sensor","CPI / DPI": "400-800-1200(Default)-1600-3200-8000-19000","Tốc độ tracking chuột": "400 ips","Khoảng cách nhấc chuột": "< ~2mm / Điều chỉnh","Polling Rate Chuột (2.4GHz/Wired)": "1000 Hz","Polling Rate Chuột (BT Mode)": "125 Hz","Angle Snapping": "Có","Mouse acceleration": "50g","Tuổi thọ chuột (công tắc)": "Optical Switches, 70 Million","Số lượng phím": "6","Kết nối": "Wired, 2.4 GHz, Bluetooth 5.1","Dung lượng Pin": "500mAh","Thời lượng Pin (Bluetooth Mode)": "180 giờ (with LED Off)","Thời lượng Pin (2.4GHz Mode)": "80 giờ (with LED Off)","Sạc": "Support Wired charging","Hệ điều hành tương thích": "Windows 8+, macOS, Android, iOS","Phần mềm hỗ trợ": "Cooler Master MasterPlus+","Cáp": "Detachable Ultraweave Cable, 1.8 M (Type-C to Type-A) with Gold-plated","Kích thước": "116.5 x 62.4 x 38.3 mm","Trọng lượng": "< 58g","Bảo hành": "24 Tháng"}',
            'Chuột Cooler Master MM712 Hybrid Wireless White là sự kết hợp hoàn hảo giữa hiệu suất vượt trội, trọng lượng siêu nhẹ và tính linh hoạt tối đa. Với thiết kế công thái học đối xứng, MM712 chỉ nặng vỏn vẹn 59 gram, mang lại cảm giác cầm nắm thoải mái tuyệt đối và khả năng di chuyển linh hoạt, nhanh nhẹn, lý tưởng cho những phiên chơi game kéo dài hay những tác vụ đòi hỏi sự chính xác cao. Sản phẩm được trang bị công nghệ kết nối hybrid tiên tiến, cho phép bạn dễ dàng chuyển đổi giữa kết nối không dây 2.4GHz tốc độ cao với độ trễ gần như bằng không qua dongle, hoặc kết nối Bluetooth tiện lợi, tương thích rộng rãi với nhiều thiết bị. Cảm biến quang học PixArt cao cấp với độ phân giải lên đến 19.000 DPI đảm bảo độ chính xác tuyệt đối và theo dõi chuyển động mượt mà, không gián đoạn. Đặc biệt, MM712 sử dụng switch quang học cho các nút bấm, mang lại độ bền vượt trội lên đến 70 triệu lần nhấn, phản hồi tức thì và loại bỏ hoàn toàn hiện tượng double-click. Chân chuột PTFE 100% nguyên chất đảm bảo trải nghiệm lướt êm ái trên mọi bề mặt, trong khi cổng sạc USB-C và cáp Ultraweave siêu mềm cho phép bạn sạc và sử dụng chuột mà không gặp bất kỳ trở ngại nào. Màu trắng tinh tế không chỉ tô điểm cho không gian làm việc hay chơi game của bạn mà còn thể hiện phong cách cá nhân độc đáo. Cooler Master MM712 Hybrid Wireless White là lựa chọn hoàn hảo cho những ai tìm kiếm một con chuột không dây đa năng, hiệu suất cao và cực kỳ nhẹ.',
            24, 'https://product.hstatic.net/200000722513/product/25938-mm712-white-gallery-2-imag_e99742e2e214462fa60cc248005eae9a.png', '2024-10-30T08:57:37+00:00',1);
        
INSERT INTO product_image (name, product_variant_id, image_url, is_main)
VALUES
    ('Ảnh 1', 520, 'https://product.hstatic.net/200000722513/product/25938-mm712-white-gallery-2-imag_e99742e2e214462fa60cc248005eae9a.png', TRUE),
    ('Ảnh 2', 520, 'https://product.hstatic.net/200000722513/product/25938-mm-712-wwoh1_25f8ba148aac46b3b004b817ec306d10.png', FALSE),
    ('Ảnh 3', 520, 'https://product.hstatic.net/200000722513/product/25938-mm712-white-gallery-5-imag_2ee0745cbd224695b693c55ca1a9edff.png', FALSE),
    ('Ảnh 4', 520, 'https://product.hstatic.net/200000722513/product/25938-mm712-white-gallery-4-imag_0fbc2368bd8a4adba646ae980abcfe69.png', FALSE),
    ('Ảnh 5', 520, 'https://product.hstatic.net/200000722513/product/25938-mm712-white-gallery-3-imag_c4951fb248004bd7ba0758573146f6ce.png', FALSE),
    ('Ảnh 6', 520, 'https://product.hstatic.net/200000722513/product/25938-mm712-white-gallery-6-imag_75cee2d8658f4dabb658fe4e5d84653f.png', FALSE),
    ('Ảnh 7', 520, 'https://product.hstatic.net/200000722513/product/25938-mm712-white-gallery-8-imag_f816384c184b47beb5a50e79d11426db.png', FALSE),
    ('Ảnh 8', 520, 'https://product.hstatic.net/200000722513/product/25938-mm712-white-gallery-12-ima_9ec935ad4aa245d4972039183306feb8.png', FALSE),
    ('Ảnh 9', 520, 'https://product.hstatic.net/200000722513/product/25938-mm712-white-gallery-9-imag_b7532d3337774595a65d35c277a8f125.png', FALSE),
    ('Ảnh 10', 520, 'https://product.hstatic.net/200000722513/product/25938-mm712-white-gallery-11-ima_4255c13a98b14ec88df068000fc3b1b0.png', FALSE),
    ('Ảnh 11', 520, 'https://product.hstatic.net/200000722513/product/25938-mm712-white-gallery-10-ima_5c6f0b3ef3b94bda81a358d9472c0b83.png', FALSE);
---
INSERT INTO product (name, seo_name, brand_id, specifications, description, created_by, image_url) 
    VALUES (
        'Chuột Cooler Master MM712 Hybird Wireless Black', 'chuot-cooler-master-mm712-hybird-wireless-black', 31,
        '{"Kết nối": "Có dây, Wireless 2.4 GHz, Bluetooth 5.1", "Led": "Chỉ LED logo RGB, 16.7 triệu màu", "Pin": "Chế độ Bluetooth: 180 giờ (tắt LED), Chế độ 2.4GHz: 80 giờ (tắt LED)"}',
        'Chuột Cooler Master MM712 Hybrid Wireless Black là một siêu phẩm công nghệ, được thiết kế dành cho các game thủ chuyên nghiệp và người dùng đòi hỏi hiệu suất cao. Với trọng lượng siêu nhẹ chỉ 59 gram, MM712 mang lại cảm giác di chuyển cực kỳ linh hoạt và thoải mái, giảm thiểu mệt mỏi ngay cả trong những phiên chơi game kéo dài.\n\nĐiểm nhấn nổi bật của chuột là khả năng kết nối không dây hybrid tiên tiến. Người dùng có thể lựa chọn giữa kết nối 2.4GHz tốc độ cao với độ trễ cực thấp thông qua dongle USB, lý tưởng cho chơi game cạnh tranh, hoặc kết nối Bluetooth tiện lợi cho công việc và sử dụng hàng ngày, tối ưu hóa thời lượng pin.\n\nMM712 được trang bị cảm biến quang học PixArt PAW3370 cao cấp với độ phân giải lên đến 19000 DPI, đảm bảo độ chính xác vượt trội và khả năng theo dõi hoàn hảo trên mọi bề mặt. Các nút bấm sử dụng switch quang học, mang lại độ bền cao lên tới 70 triệu lượt nhấn, thời gian phản hồi siêu nhanh và loại bỏ hoàn toàn hiện tượng double click không mong muốn.\n\nThiết kế đối xứng, công thái học, phù hợp với nhiều kiểu cầm chuột khác nhau, đảm bảo sự thoải mái tối đa cho người dùng cả tay trái lẫn tay phải. Feet chuột làm từ 100% PTFE nguyên chất giúp chuột lướt nhẹ nhàng, mượt mà trên mọi loại pad chuột. Pin dung lượng lớn cung cấp thời gian sử dụng dài lâu. Khi cần, bạn có thể dễ dàng chuyển sang chế độ có dây qua cáp USB-C bện dù siêu mềm để vừa sạc vừa tiếp tục sử dụng mà không gián đoạn.\n\nCooler Master MM712 Hybrid Wireless Black thực sự là sự kết hợp hoàn hảo giữa tốc độ, độ chính xác và sự linh hoạt.',
        1, 'https://product.hstatic.net/200000722513/product/25937-mm712-black-gallery-2-imag_e619a91ab25a466c8ad0f339503f34b9.png'
    );
INSERT INTO product_category (product_id, category_id) VALUES (521, 27);
INSERT INTO product_variant (
        product_id, name, seo_name, supplier_id, price, price_sale, quantity, sku, model, barcode, 
        specifications, description, warranty, image_url, release_at, created_by)
        VALUES ( 521, 'Chuột Cooler Master MM712 Hybird Wireless Black', 'chuot-cooler-master-mm712-hybird-wireless-black',
            1, 1390000, 850000, 10, 'CHU-CM-MM712-WL-BLACK',
            'CHU-CM-MM712-WL-BLACK', 'CHU-CM-MM712-WL-BLACK',
            '{"Tên sản phẩm": "Chuột Cooler Master MM712 Hybird Wireless Black","Màu sắc": "Black Matte","Kiểu cầm chuột": "Palm, Claw","Chất liệu": "Nhựa ABS, Cao su, PTFE","Màu LED": "RGB, 16.7 triệu màu","Cảm biến": "PixArt Optical Sensor","CPI / DPI": "400-800-1200(Default)-1600-3200-8000-19000","Tốc độ tracking chuột": "400 ips","Khoảng cách nhấc chuột": "< ~2mm / Điều chỉnh","Polling Rate Chuột": "2.4GHz/Wired Mode: 1000 Hz, BT Mode: 125 Hz","Angle Snapping": "Có","Mouse acceleration": "50g","Tuổi thọ chuột (công tắc T / P)": "Optical Switches, 70 Million","Số lượng phím": 6,"Kết nối": "Wired, 2.4 GHz, Bluetooth 5.1","Dung lượng pin": "500mAh","Thời lượng pin": "Bluetooth Mode: 180hrs (LED Off), 2.4GHz Mode: 80hrs (LED Off)","Sạc": "Support Wired charging","Hệ điều hành tương thích": "Windows 8+, macOS, Android, iOS","Phần mềm": "Cooler Master MasterPlus+","Cáp": "Detachable Ultraweave Cable, 1.8 M (Type-C to Type-A) with Gold-plated","Kích thước": "116.5 x 62.4 x 38.3 mm","Trọng lượng": "< 58g","Bảo hành": "2 năm"}',
            'Chuột Cooler Master MM712 Hybrid Wireless Black là một siêu phẩm công nghệ, được thiết kế dành cho các game thủ chuyên nghiệp và người dùng đòi hỏi hiệu suất cao. Với trọng lượng siêu nhẹ chỉ 59 gram, MM712 mang lại cảm giác di chuyển cực kỳ linh hoạt và thoải mái, giảm thiểu mệt mỏi ngay cả trong những phiên chơi game kéo dài.\n\nĐiểm nhấn nổi bật của chuột là khả năng kết nối không dây hybrid tiên tiến. Người dùng có thể lựa chọn giữa kết nối 2.4GHz tốc độ cao với độ trễ cực thấp thông qua dongle USB, lý tưởng cho chơi game cạnh tranh, hoặc kết nối Bluetooth tiện lợi cho công việc và sử dụng hàng ngày, tối ưu hóa thời lượng pin.\n\nMM712 được trang bị cảm biến quang học PixArt PAW3370 cao cấp với độ phân giải lên đến 19000 DPI, đảm bảo độ chính xác vượt trội và khả năng theo dõi hoàn hảo trên mọi bề mặt. Các nút bấm sử dụng switch quang học, mang lại độ bền cao lên tới 70 triệu lượt nhấn, thời gian phản hồi siêu nhanh và loại bỏ hoàn toàn hiện tượng double click không mong muốn.\n\nThiết kế đối xứng, công thái học, phù hợp với nhiều kiểu cầm chuột khác nhau, đảm bảo sự thoải mái tối đa cho người dùng cả tay trái lẫn tay phải. Feet chuột làm từ 100% PTFE nguyên chất giúp chuột lướt nhẹ nhàng, mượt mà trên mọi loại pad chuột. Pin dung lượng lớn cung cấp thời gian sử dụng dài lâu. Khi cần, bạn có thể dễ dàng chuyển sang chế độ có dây qua cáp USB-C bện dù siêu mềm để vừa sạc vừa tiếp tục sử dụng mà không gián đoạn.\n\nCooler Master MM712 Hybrid Wireless Black thực sự là sự kết hợp hoàn hảo giữa tốc độ, độ chính xác và sự linh hoạt.',
            24, 'https://product.hstatic.net/200000722513/product/25937-mm712-black-gallery-2-imag_e619a91ab25a466c8ad0f339503f34b9.png', '2024-10-30T08:57:07+00:00',1);
        
INSERT INTO product_image (name, product_variant_id, image_url, is_main)
VALUES
    ('Ảnh 1', 521, 'https://product.hstatic.net/200000722513/product/25937-mm712-black-gallery-2-imag_e619a91ab25a466c8ad0f339503f34b9.png', TRUE),
    ('Ảnh 2', 521, 'https://product.hstatic.net/200000722513/product/25937-mm-712-kkoh1_7e462771f45144e1bfdd81e04b0e5fd4.png', FALSE),
    ('Ảnh 3', 521, 'https://product.hstatic.net/200000722513/product/25937-mm712-black-gallery-3-imag_3317357214594e6e9d3dd409e3f7482f.png', FALSE),
    ('Ảnh 4', 521, 'https://product.hstatic.net/200000722513/product/25937-mm712-black-gallery-5-imag_57c18951966a4bc9aeff4852b0bead90.png', FALSE),
    ('Ảnh 5', 521, 'https://product.hstatic.net/200000722513/product/25937-mm712-black-gallery-4-imag_fdf3165f08204a78a841922305306ce2.png', FALSE),
    ('Ảnh 6', 521, 'https://product.hstatic.net/200000722513/product/25937-mm712-black-gallery-6-imag_8ddb3a2ec0f1491882351e7b89932dbf.png', FALSE),
    ('Ảnh 7', 521, 'https://product.hstatic.net/200000722513/product/25937-mm712-black-gallery-8-imag_46c7e9f0fb194d4c954d0c7af6cbff07.png', FALSE),
    ('Ảnh 8', 521, 'https://product.hstatic.net/200000722513/product/25937-mm712-black-gallery-12-ima_3c13e66d97bd4fbd8f657e2733477194.png', FALSE),
    ('Ảnh 9', 521, 'https://product.hstatic.net/200000722513/product/25937-mm712-black-gallery-10-ima_2fac4b7d988447df8ba4778a5adc0ce5.png', FALSE),
    ('Ảnh 10', 521, 'https://product.hstatic.net/200000722513/product/25937-mm712-black-gallery-9-imag_b5621bb73c224923b3deaadb65903e43.png', FALSE),
    ('Ảnh 11', 521, 'https://product.hstatic.net/200000722513/product/25937-mm712-black-gallery-11-ima_7ca5a28fd2a34b1b94fd4db3fd267404.png', FALSE);
---
INSERT INTO product (name, seo_name, brand_id, specifications, description, created_by, image_url) 
    VALUES (
        'Chuột Razer Basilisk V3 Pro 35K Black', 'chuot-razer-basilisk-v3-pro-35k-black', 15,
        '{"Tên sản phẩm": "Razer Basilisk V3 Pro 35K", "Màu sắc": "Đen", "Cảm biến": "Razer Focus Pro 30K Optical Sensor", "DPI tối đa": "30.000", "Tốc độ theo dõi tối đa": "750 IPS", "Tăng tốc tối đa": "70 G", "Số nút lập trình": "11", "Switch chuột": "Razer Optical Mouse Switch Gen-3", "Tuổi thọ switch": "90 triệu lượt nhấn", "Độ phản hồi": "1000Hz", "Bộ nhớ tích hợp": "5 Profile", "Đèn Chroma RGB": "11 vùng", "Cuộn chuột": "Razer HyperScroll Tilt Wheel", "Kết nối": "Razer HyperSpeed Wireless (2.4GHz), Bluetooth, Có dây (USB-C)", "Thời lượng pin": "Lên đến 110 giờ (HyperSpeed Wireless)", "Tương thích hệ điều hành": "Windows, macOS, Android, iOS", "Phần mềm đi kèm": "Razer Synapse 3", "Trọng lượng": "112g (không bao gồm cáp)"}',
        'Nâng tầm trải nghiệm chơi game với Razer Basilisk V3 Pro 35K – chuột chơi game không dây RGB công thái học với khả năng tùy chỉnh và công nghệ tiên tiến nhất. Với cảm biến chính xác hoàn hảo và con lăn chuột với các tùy chọn cấu hình chuyên sâu, chơi game theo cách của bạn chưa bao giờ thú vị đến thế.\n\n**Cuộn lăn Razer™ HyperScroll Tilt**\nCuộn lăn 4 chiều với 3 chế độ độc đáo: Chọn giữa cuộn khấc Tactile-Cycling và cuộn tự do Free-Spin, hoặc tự động chuyển đổi giữa hai chế độ dựa trên tốc độ cuộn của bạn với chế độ cuộn thông minh Smart-Reel – hiện có thể cấu hình trên Synapse.\n\n**Cảm biến quang học Razer™ Focus Pro 35K Gen-2**\nĐộ chính xác hàng đầu: Trải nghiệm hiệu suất theo dõi hàng đầu trên nhiều bề mặt khác nhau, bao gồm cả kính, được hỗ trợ bởi các chức năng thông minh và điều chỉnh từng bước 1-DPI cho khả năng kiểm soát chi tiết và ngắm bắn chính xác hơn.\n\n**Lên đến 140 tiếng kết nối không dây Razer™ HyperSpeed**\nChơi game hiệu suất cao, độ trễ thấp: Tận hưởng hiệu suất mượt mà, không giật lag cho các phiên chơi game liên tục hoặc tận dụng sức mạnh thực sự của tốc độ thăm dò 8000Hz với Razer Mouse Dock Pro hoặc HyperPolling Wireless Dongle (cả hai đều được bán riêng).\n\n**13 thao tác điều khiển có thể tùy biến**\nKhả năng tùy chỉnh vô hạn: Gán vô số lệnh và macro trên 13 nút điều khiển ở vị trí dễ tiếp cận – bao gồm cò bấm đa chức năng nổi tiếng – để thực hiện các hành động quan trọng như push-to-talk, ping và nhiều hơn nữa.\n\n**Đèn Chroma 13 vùng với dải sáng dưới bao quanh**\nĐược hỗ trợ bởi Razer Chroma™ RGB: Tùy chỉnh từng vùng với hơn 16,8 triệu màu và vô số hiệu ứng ánh sáng, và đắm chìm vào những màn game mãn nhãn với sắc màu sống động, chuyển động nhịp nhàng với hơn 200 trò chơi tương thích với Chroma.\n\n**Công tắc chuột quang học Razer™ Gen-3**\nĐộ bền và tốc độ vô song: Được nâng cấp với vòng đời 90 triệu lần nhấp mà không gặp vấn đề nhấp đúp, cùng tốc độ kích hoạt 0,2 mili giây không có độ trễ, tận hưởng độ tin cậy và tốc độ vượt trội để sẵn sàng out trình đối thủ.',
        1, 'https://product.hstatic.net/200000722513/product/chuot-gaming-khong-day-razer-bas_62ede1e4e4434715b536f14dce75f95d.png'
    );
INSERT INTO product_category (product_id, category_id) VALUES (522, 27);
INSERT INTO product_variant (
        product_id, name, seo_name, supplier_id, price, price_sale, quantity, sku, model, barcode, 
        specifications, description, warranty, image_url, release_at, created_by)
        VALUES ( 522, 'Chuột Razer Basilisk V3 Pro 35K Black', 'chuot-razer-basilisk-v3-pro-35k-black',
            1, 4490000, 4190000, 10, 'CHU-RAZER-BASILISK-V3-PRO-35K-BLACK',
            'CHU-RAZER-BASILISK-V3-PRO-35K-BLACK', 'CHU-RAZER-BASILISK-V3-PRO-35K-BLACK',
            '{"Tên sản phẩm": "Razer Basilisk V3 Pro 35K", "Màu sắc": "Đen", "Cảm biến": "Razer Focus Pro 30K Optical Sensor", "DPI tối đa": "30.000", "Tốc độ theo dõi tối đa": "750 IPS", "Tăng tốc tối đa": "70 G", "Số nút lập trình": "11", "Switch chuột": "Razer Optical Mouse Switch Gen-3", "Tuổi thọ switch": "90 triệu lượt nhấn", "Độ phản hồi": "1000Hz", "Bộ nhớ tích hợp": "5 Profile", "Đèn Chroma RGB": "11 vùng", "Cuộn chuột": "Razer HyperScroll Tilt Wheel", "Kết nối": "Razer HyperSpeed Wireless (2.4GHz), Bluetooth, Có dây (USB-C)", "Thời lượng pin": "Lên đến 110 giờ (HyperSpeed Wireless)", "Tương thích hệ điều hành": "Windows, macOS, Android, iOS", "Phần mềm đi kèm": "Razer Synapse 3", "Trọng lượng": "112g (không bao gồm cáp)"}',
            'Nâng tầm trải nghiệm chơi game với Razer Basilisk V3 Pro 35K – chuột chơi game không dây RGB công thái học với khả năng tùy chỉnh và công nghệ tiên tiến nhất. Với cảm biến chính xác hoàn hảo và con lăn chuột với các tùy chọn cấu hình chuyên sâu, chơi game theo cách của bạn chưa bao giờ thú vị đến thế.\n\n**Cuộn lăn Razer™ HyperScroll Tilt**\nCuộn lăn 4 chiều với 3 chế độ độc đáo: Chọn giữa cuộn khấc Tactile-Cycling và cuộn tự do Free-Spin, hoặc tự động chuyển đổi giữa hai chế độ dựa trên tốc độ cuộn của bạn với chế độ cuộn thông minh Smart-Reel – hiện có thể cấu hình trên Synapse.\n\n**Cảm biến quang học Razer™ Focus Pro 35K Gen-2**\nĐộ chính xác hàng đầu: Trải nghiệm hiệu suất theo dõi hàng đầu trên nhiều bề mặt khác nhau, bao gồm cả kính, được hỗ trợ bởi các chức năng thông minh và điều chỉnh từng bước 1-DPI cho khả năng kiểm soát chi tiết và ngắm bắn chính xác hơn.\n\n**Lên đến 140 tiếng kết nối không dây Razer™ HyperSpeed**\nChơi game hiệu suất cao, độ trễ thấp: Tận hưởng hiệu suất mượt mà, không giật lag cho các phiên chơi game liên tục hoặc tận dụng sức mạnh thực sự của tốc độ thăm dò 8000Hz với Razer Mouse Dock Pro hoặc HyperPolling Wireless Dongle (cả hai đều được bán riêng).\n\n**13 thao tác điều khiển có thể tùy biến**\nKhả năng tùy chỉnh vô hạn: Gán vô số lệnh và macro trên 13 nút điều khiển ở vị trí dễ tiếp cận – bao gồm cò bấm đa chức năng nổi tiếng – để thực hiện các hành động quan trọng như push-to-talk, ping và nhiều hơn nữa.\n\n**Đèn Chroma 13 vùng với dải sáng dưới bao quanh**\nĐược hỗ trợ bởi Razer Chroma™ RGB: Tùy chỉnh từng vùng với hơn 16,8 triệu màu và vô số hiệu ứng ánh sáng, và đắm chìm vào những màn game mãn nhãn với sắc màu sống động, chuyển động nhịp nhàng với hơn 200 trò chơi tương thích với Chroma.\n\n**Công tắc chuột quang học Razer™ Gen-3**\nĐộ bền và tốc độ vô song: Được nâng cấp với vòng đời 90 triệu lần nhấp mà không gặp vấn đề nhấp đúp, cùng tốc độ kích hoạt 0,2 mili giây không có độ trễ, tận hưởng độ tin cậy và tốc độ vượt trội để sẵn sàng out trình đối thủ.',
            24, 'https://product.hstatic.net/200000722513/product/chuot-gaming-khong-day-razer-bas_62ede1e4e4434715b536f14dce75f95d.png', '2024-10-23T09:02:23+00:00',1);
        
INSERT INTO product_image (name, product_variant_id, image_url, is_main)
VALUES
    ('Ảnh 1', 522, 'https://product.hstatic.net/200000722513/product/chuot-gaming-khong-day-razer-bas_62ede1e4e4434715b536f14dce75f95d.png', TRUE),
    ('Ảnh 2', 522, 'https://product.hstatic.net/200000722513/product/basilisk_v3_pro_35k_v3_83758f1880a642a38a163f0554f811dd.png', FALSE),
    ('Ảnh 3', 522, 'https://product.hstatic.net/200000722513/product/basilisk_v3_pro_35k_v2_306a30e031204eda8e0846c06d6cb3c0.png', FALSE),
    ('Ảnh 4', 522, 'https://product.hstatic.net/200000722513/product/basilisk_v3_pro_35k_v4_9ba17bdb83a44ef18082f40b57624125.png', FALSE),
    ('Ảnh 5', 522, 'https://product.hstatic.net/200000722513/product/basilisk_v3_pro_35k_v7_196a1fb000224e649b85490d393f6235.png', FALSE),
    ('Ảnh 6', 522, 'https://product.hstatic.net/200000722513/product/basilisk_v3_pro_35k_v6_fee2e6af119545c798768fa38a110a08.png', FALSE),
    ('Ảnh 7', 522, 'https://product.hstatic.net/200000722513/product/basilisk_v3_pro_35k_v5_872706926ee643629909cc9971f523be.png', FALSE);
---
INSERT INTO product (name, seo_name, brand_id, specifications, description, created_by, image_url) 
    VALUES (
        'Chuột Razer Basilisk V3 35K', 'chuot-razer-basilisk-v3-35k', 15,
        '{"Tên sản phẩm": "Chuột Razer Basilisk V3 Pro", "Cảm biến": "Razer Focus Pro 30K Optical Sensor", "Độ phân giải tối đa": "30000 DPI", "Tốc độ theo dõi": "750 IPS", "Gia tốc tối đa": "70 G", "Nút bấm": "Razer Optical Mouse Switches Gen-3", "Số nút lập trình": "10", "Bánh xe cuộn": "Razer HyperScroll Tilt Wheel", "Đèn LED RGB": "Razer Chroma RGB (11 vùng)", "Kết nối": "Không dây (HyperSpeed Wireless) / Có dây (USB)", "Chiều dài cáp": "1.8m", "Tuổi thọ nút bấm": "90 triệu lần nhấp", "Tốc độ lấy mẫu USB": "1000 Hz (Có dây) / 4000 Hz (Không dây với HyperPolling Wireless Dongle)", "Foot": "100% PTFE", "Kích thước": "130mm (Dài) x 75.4mm (Rộng) x 42.5mm (Cao)", "Trọng lượng": "112g", "Phần mềm": "Razer Synapse 3"}',
        'Vào game và tung trình với tính tùy biến và độ chính xác tuyệt vời của Razer Basilisk V3 – chuột chơi game RGB có dây tiên tiến nhất của chúng tôi. Với cảm biến thế hệ mới và con lăn chuột được thiết kế để tùy chỉnh chuyên sâu hơn, bạn có tất cả vũ khí cần thiết để thiết lập một thế trận hoàn hảo.\n\n**Cuộn lăn 4 chiều với 3 chế độ độc đáo**\nChọn giữa cuộn khấc Tactile-Cycling và cuộn tự do Free-Spin, hoặc tự động chuyển đổi giữa hai chế độ dựa trên tốc độ cuộn của bạn với chế độ cuộn thông minh Smart-Reel – hiện có thể cấu hình trên Synapse.\n\n**Cảm biến quang học Razer™ Focus Pro 35K Gen-2**\nTrải nghiệm hiệu suất theo dõi hàng đầu trên nhiều bề mặt khác nhau, bao gồm cả kính, được hỗ trợ bởi các chức năng thông minh và điều chỉnh từng bước 1-DPI cho khả năng kiểm soát chi tiết và ngắm bắn chính xác hơn.\n\n**13 thao tác điều khiển có thể tùy biến với khả năng tùy chỉnh vô hạn**\nGán vô số lệnh và macro trên 13 nút điều khiển ở vị trí dễ tiếp cận – bao gồm cò bấm đa chức năng nổi tiếng – để thực hiện các hành động quan trọng như push-to-talk, ping và nhiều hơn nữa.\n\n**Đèn Chroma 11 vùng với dải sáng dưới bao quanh được hỗ trợ bởi Razer Chroma™ RGB**\nTùy chỉnh từng vùng với hơn 16,8 triệu màu và vô số hiệu ứng ánh sáng, và đắm chìm vào những màn game mãn nhãn với sắc màu sống động, chuyển động nhịp nhàng với hơn 200 trò chơi tương thích với Chroma.\n\n**Công tắc chuột quang học Razer™ Gen-3 độ bền và tốc độ vô song**\nĐược nâng cấp với vòng đời 90 triệu lần nhấp mà không gặp vấn đề nhấp đúp, cùng tốc độ kích hoạt 0,2 mili giây không có độ trễ, tận hưởng độ tin cậy và tốc độ vượt trội để sẵn sàng out trình đối thủ.\n\n**Cáp Razer™ Speedflex – Giảm thiểu lực kéo, thao tác mượt mà**\nĐược dệt để tăng tính linh hoạt và thiết kế để giảm thiểu lực kéo, cho phép bạn thao tác nhanh hơn, mượt mà hơn để kiểm soát chuột chắc tay, hiệu quả hơn.',
        1, 'https://product.hstatic.net/200000722513/product/chuot-gaming-razer-basilisk-v3-3_7065440de83944fd92d05f2d4f8d4840.png'
    );
INSERT INTO product_category (product_id, category_id) VALUES (523, 27);
INSERT INTO product_variant (
        product_id, name, seo_name, supplier_id, price, price_sale, quantity, sku, model, barcode, 
        specifications, description, warranty, image_url, release_at, created_by)
        VALUES ( 523, 'Chuột Razer Basilisk V3 35K', 'chuot-razer-basilisk-v3-35k',
            1, 2290000, 2190000, 10, 'CHU-RAZER-BASILISK-V3-35K',
            'CHU-RAZER-BASILISK-V3-35K', 'CHU-RAZER-BASILISK-V3-35K',
            '{"Tên sản phẩm": "Chuột Razer Basilisk V3 Pro", "Cảm biến": "Razer Focus Pro 30K Optical Sensor", "Độ phân giải tối đa": "30000 DPI", "Tốc độ theo dõi": "750 IPS", "Gia tốc tối đa": "70 G", "Nút bấm": "Razer Optical Mouse Switches Gen-3", "Số nút lập trình": "10", "Bánh xe cuộn": "Razer HyperScroll Tilt Wheel", "Đèn LED RGB": "Razer Chroma RGB (11 vùng)", "Kết nối": "Không dây (HyperSpeed Wireless) / Có dây (USB)", "Chiều dài cáp": "1.8m", "Tuổi thọ nút bấm": "90 triệu lần nhấp", "Tốc độ lấy mẫu USB": "1000 Hz (Có dây) / 4000 Hz (Không dây với HyperPolling Wireless Dongle)", "Foot": "100% PTFE", "Kích thước": "130mm (Dài) x 75.4mm (Rộng) x 42.5mm (Cao)", "Trọng lượng": "112g", "Phần mềm": "Razer Synapse 3"}',
            'Vào game và tung trình với tính tùy biến và độ chính xác tuyệt vời của Razer Basilisk V3 – chuột chơi game RGB có dây tiên tiến nhất của chúng tôi. Với cảm biến thế hệ mới và con lăn chuột được thiết kế để tùy chỉnh chuyên sâu hơn, bạn có tất cả vũ khí cần thiết để thiết lập một thế trận hoàn hảo.\n\n**Cuộn lăn 4 chiều với 3 chế độ độc đáo**\nChọn giữa cuộn khấc Tactile-Cycling và cuộn tự do Free-Spin, hoặc tự động chuyển đổi giữa hai chế độ dựa trên tốc độ cuộn của bạn với chế độ cuộn thông minh Smart-Reel – hiện có thể cấu hình trên Synapse.\n\n**Cảm biến quang học Razer™ Focus Pro 35K Gen-2**\nTrải nghiệm hiệu suất theo dõi hàng đầu trên nhiều bề mặt khác nhau, bao gồm cả kính, được hỗ trợ bởi các chức năng thông minh và điều chỉnh từng bước 1-DPI cho khả năng kiểm soát chi tiết và ngắm bắn chính xác hơn.\n\n**13 thao tác điều khiển có thể tùy biến với khả năng tùy chỉnh vô hạn**\nGán vô số lệnh và macro trên 13 nút điều khiển ở vị trí dễ tiếp cận – bao gồm cò bấm đa chức năng nổi tiếng – để thực hiện các hành động quan trọng như push-to-talk, ping và nhiều hơn nữa.\n\n**Đèn Chroma 11 vùng với dải sáng dưới bao quanh được hỗ trợ bởi Razer Chroma™ RGB**\nTùy chỉnh từng vùng với hơn 16,8 triệu màu và vô số hiệu ứng ánh sáng, và đắm chìm vào những màn game mãn nhãn với sắc màu sống động, chuyển động nhịp nhàng với hơn 200 trò chơi tương thích với Chroma.\n\n**Công tắc chuột quang học Razer™ Gen-3 độ bền và tốc độ vô song**\nĐược nâng cấp với vòng đời 90 triệu lần nhấp mà không gặp vấn đề nhấp đúp, cùng tốc độ kích hoạt 0,2 mili giây không có độ trễ, tận hưởng độ tin cậy và tốc độ vượt trội để sẵn sàng out trình đối thủ.\n\n**Cáp Razer™ Speedflex – Giảm thiểu lực kéo, thao tác mượt mà**\nĐược dệt để tăng tính linh hoạt và thiết kế để giảm thiểu lực kéo, cho phép bạn thao tác nhanh hơn, mượt mà hơn để kiểm soát chuột chắc tay, hiệu quả hơn.',
            24, 'https://product.hstatic.net/200000722513/product/chuot-gaming-razer-basilisk-v3-3_7065440de83944fd92d05f2d4f8d4840.png', '2024-10-23T09:01:46+00:00',1);
        
INSERT INTO product_image (name, product_variant_id, image_url, is_main)
VALUES
    ('Ảnh 1', 523, 'https://product.hstatic.net/200000722513/product/chuot-gaming-razer-basilisk-v3-3_7065440de83944fd92d05f2d4f8d4840.png', TRUE),
    ('Ảnh 2', 523, 'https://product.hstatic.net/200000722513/product/rzr_basiliskv3_35k_render02__2024___1__c82cd1a45e2f4cef92cca57405a8202c.png', FALSE),
    ('Ảnh 3', 523, 'https://product.hstatic.net/200000722513/product/rzr_basiliskv3_35k_render03__2024__7cfe37687ecd44ba93d393dd9d03d5e6.png', FALSE),
    ('Ảnh 4', 523, 'https://product.hstatic.net/200000722513/product/rzr_basiliskv3_35k_render05__2024__87d82d47c3824381a75df9294ea42732.png', FALSE);
---
INSERT INTO product (name, seo_name, brand_id, specifications, description, created_by, image_url) 
    VALUES (
        'Chuột không dây MonsGeek D1 Pink', 'chuot-khong-day-monsgeek-d1-pink', 24,
        '{"Model": "MonsGeek D1", "Màu sắc": "Đen / Trắng / Hồng", "Thiết kế": "Tối giản, Plug & Play", "Kết nối": "Wireless 2.4GHz, USB 2.4GHz đi kèm ở đáy chuột", "CPI": "1000 CPI", "Số nút": "3 nút bấm", "Kích thước": "114 x 61 x 37.5 mm", "Trọng lượng": "84g", "Khoảng cách kết nối": "Tối đa 10m", "Tương thích": "Windows 7/8/10/XP/Vista, Mac OS X 10.4+"}',
        'MonsGeek D1 Pink sở hữu thiết kế đơn giản, hiện đại với 3 màu sắc cơ bản: đen, trắng và hồng. Chiếc chuột này có kích thước nhỏ gọn (114x61x37.5mm), trọng lượng nhẹ (84g), phù hợp với mọi kích cỡ bàn tay. Đặc biệt, MonsGeek D1 Pink được trang bị 3 nút bấm cơ bản, đáp ứng đầy đủ nhu cầu sử dụng thông thường.\n\n- Chuột không dây MonsGeek D1 Pink\n\nHiệu năng vượt trội\nMonsGeek D1 Pink sử dụng công nghệ kết nối không dây 2.4Ghz, đảm bảo kết nối ổn định và nhanh chóng trong phạm vi lên đến 10m. Độ phân giải 1000 CPI cho khả năng di chuyển con trỏ chính xác, mượt mà trên mọi bề mặt. Chiếc chuột này cũng được trang bị cảm biến quang học tiên tiến, giúp bạn thao tác chính xác trong những tình huống cần nhanh và cần độ nhạy cao.\n\n- Chuột không dây MonsGeek D1 Pink\n\nTương thích đa dạng thiết bị, giá cả phải chăng\nMonsGeek D1 Pink tương thích với hầu hết các hệ điều hành phổ biến hiện nay như Windows 7/8/10/XP/Vista & Mac OS X 10.4+. Chiếc chuột này đi kèm với USB 2.4Ghz (đính kèm ở đáy chuột), giúp bạn dễ dàng kết nối với PC hoặc laptop. Đặc biệt, MonsGeek D1 Pink được bán với mức giá vô cùng phải chăng, phù hợp với mọi đối tượng người dùng, từ học sinh, sinh viên cho đến dân văn phòng.',
        1, 'https://product.hstatic.net/200000722513/product/chuot-khong-day-monsgeek-d1-pink_44c88328efca435ca2cc4b9ef49a97cd.png'
    );
INSERT INTO product_category (product_id, category_id) VALUES (524, 27);
INSERT INTO product_variant (
        product_id, name, seo_name, supplier_id, price, price_sale, quantity, sku, model, barcode, 
        specifications, description, warranty, image_url, release_at, created_by)
        VALUES ( 524, 'Chuột không dây MonsGeek D1 Pink', 'chuot-khong-day-monsgeek-d1-pink',
            1, 299000, 120000, 10, 'CHU-MONSGEEK-D1-PINK',
            'CHU-MONSGEEK-D1-PINK', 'CHU-MONSGEEK-D1-PINK',
            '{"Model": "MonsGeek D1", "Màu sắc": "Đen / Trắng / Hồng", "Thiết kế": "Tối giản, Plug & Play", "Kết nối": "Wireless 2.4GHz, USB 2.4GHz đi kèm ở đáy chuột", "CPI": "1000 CPI", "Số nút": "3 nút bấm", "Kích thước": "114 x 61 x 37.5 mm", "Trọng lượng": "84g", "Khoảng cách kết nối": "Tối đa 10m", "Tương thích": "Windows 7/8/10/XP/Vista, Mac OS X 10.4+"}',
            'MonsGeek D1 Pink sở hữu thiết kế đơn giản, hiện đại với 3 màu sắc cơ bản: đen, trắng và hồng. Chiếc chuột này có kích thước nhỏ gọn (114x61x37.5mm), trọng lượng nhẹ (84g), phù hợp với mọi kích cỡ bàn tay. Đặc biệt, MonsGeek D1 Pink được trang bị 3 nút bấm cơ bản, đáp ứng đầy đủ nhu cầu sử dụng thông thường.\n\n- Chuột không dây MonsGeek D1 Pink\n\nHiệu năng vượt trội\nMonsGeek D1 Pink sử dụng công nghệ kết nối không dây 2.4Ghz, đảm bảo kết nối ổn định và nhanh chóng trong phạm vi lên đến 10m. Độ phân giải 1000 CPI cho khả năng di chuyển con trỏ chính xác, mượt mà trên mọi bề mặt. Chiếc chuột này cũng được trang bị cảm biến quang học tiên tiến, giúp bạn thao tác chính xác trong những tình huống cần nhanh và cần độ nhạy cao.\n\n- Chuột không dây MonsGeek D1 Pink\n\nTương thích đa dạng thiết bị, giá cả phải chăng\nMonsGeek D1 Pink tương thích với hầu hết các hệ điều hành phổ biến hiện nay như Windows 7/8/10/XP/Vista & Mac OS X 10.4+. Chiếc chuột này đi kèm với USB 2.4Ghz (đính kèm ở đáy chuột), giúp bạn dễ dàng kết nối với PC hoặc laptop. Đặc biệt, MonsGeek D1 Pink được bán với mức giá vô cùng phải chăng, phù hợp với mọi đối tượng người dùng, từ học sinh, sinh viên cho đến dân văn phòng.',
            12, 'https://product.hstatic.net/200000722513/product/chuot-khong-day-monsgeek-d1-pink_44c88328efca435ca2cc4b9ef49a97cd.png', '2024-11-05T07:35:35+00:00',1);
        
INSERT INTO product_image (name, product_variant_id, image_url, is_main)
VALUES
    ('Ảnh 1', 524, 'https://product.hstatic.net/200000722513/product/chuot-khong-day-monsgeek-d1-pink_44c88328efca435ca2cc4b9ef49a97cd.png', TRUE),
    ('Ảnh 2', 524, 'https://product.hstatic.net/200000722513/product/gearvn-chuot-khong-day-monsgeek-d1-pink-1_3c79d3426a4c4655869dee79d2b9049a.jpg', FALSE),
    ('Ảnh 3', 524, 'https://product.hstatic.net/200000722513/product/gearvn-chuot-khong-day-monsgeek-d1-pink-2_84504c7d07634cefa2d4aa8821b23504.jpg', FALSE),
    ('Ảnh 4', 524, 'https://product.hstatic.net/200000722513/product/gearvn-chuot-khong-day-monsgeek-d1-pink-3_e59987fb5bf34bacbd7a8003875fe9a3.jpg', FALSE),
    ('Ảnh 5', 524, 'https://product.hstatic.net/200000722513/product/gearvn-chuot-khong-day-monsgeek-d1-pink-4_55f782771d3d4712909707b890630a3a.jpg', FALSE),
    ('Ảnh 6', 524, 'https://product.hstatic.net/200000722513/product/gearvn-chuot-khong-day-monsgeek-d1-pink-5_f61b637ff8fd44cc8f75e89dec9eb637.jpg', FALSE),
    ('Ảnh 7', 524, 'https://product.hstatic.net/200000722513/product/gearvn-chuot-khong-day-monsgeek-d1-pink-6_d41fd959ffe74a62bed0486ccdae212e.jpg', FALSE),
    ('Ảnh 8', 524, 'https://product.hstatic.net/200000722513/product/gearvn-chuot-khong-day-monsgeek-d1-pink-7_eeea5f5b6b074d99ba2cbe23a0473545.jpg', FALSE);
---
INSERT INTO product (name, seo_name, brand_id, specifications, description, created_by, image_url) 
    VALUES (
        'Chuột không dây MonsGeek D1 Black', 'chuot-khong-day-monsgeek-d1-black', 24,
        '{"Model": "MonsGeek D1", "Màu sắc": "Đen / Trắng / Hồng", "Thiết kế": "Tối giản, Plug & Play", "Kết nối": "Wireless 2.4GHz, USB 2.4GHz đi kèm ở đáy chuột", "CPI": "1000 CPI", "Số nút": "3 nút bấm", "Kích thước": "114 x 61 x 37.5 mm", "Trọng lượng": "84g", "Khoảng cách kết nối": "Tối đa 10m", "Tương thích": "Windows 7/8/10/XP/Vista, Mac OS X 10.4+"}',
        'MonsGeek D1 Black sở hữu thiết kế đơn giản, hiện đại với 3 màu sắc cơ bản: đen, trắng và hồng. Chiếc chuột này có kích thước nhỏ gọn (114x61x37.5mm), trọng lượng nhẹ (84g), phù hợp với mọi kích cỡ bàn tay. Đặc biệt, MonsGeek D1 Black được trang bị 3 nút bấm cơ bản, đáp ứng đầy đủ nhu cầu sử dụng thông thường.\n\n- Chuột không dây MonsGeek D1 Black\n\nHiệu năng vượt trội\nMonsGeek D1 Black sử dụng công nghệ kết nối không dây 2.4Ghz, đảm bảo kết nối ổn định và nhanh chóng trong phạm vi lên đến 10m. Độ phân giải 1000 CPI cho khả năng di chuyển con trỏ chính xác, mượt mà trên mọi bề mặt. Chiếc chuột này cũng được trang bị cảm biến quang học tiên tiến, giúp bạn thao tác chính xác trong những tình huống cần nhanh và cần độ nhạy cao.\n\n- Chuột không dây MonsGeek D1 Black\n\nTương thích đa dạng thiết bị, giá cả phải chăng\nMonsGeek D1 Black tương thích với hầu hết các hệ điều hành phổ biến hiện nay như Windows 7/8/10/XP/Vista & Mac OS X 10.4+. Chiếc chuột này đi kèm với USB 2.4Ghz (đính kèm ở đáy chuột), giúp bạn dễ dàng kết nối với PC hoặc laptop. Đặc biệt, MonsGeek D1 Black được bán với mức giá vô cùng phải chăng, phù hợp với mọi đối tượng người dùng, từ học sinh, sinh viên cho đến dân văn phòng.',
        1, 'https://product.hstatic.net/200000722513/product/chuot-khong-day-monsgeek-d1-blac_099847ad9748479fbe2e919816a150f5.png'
    );
INSERT INTO product_category (product_id, category_id) VALUES (525, 27);
INSERT INTO product_variant (
        product_id, name, seo_name, supplier_id, price, price_sale, quantity, sku, model, barcode, 
        specifications, description, warranty, image_url, release_at, created_by)
        VALUES ( 525, 'Chuột không dây MonsGeek D1 Black', 'chuot-khong-day-monsgeek-d1-black',
            1, 299000, 150000, 10, 'CHU-MONSGEEK-D1-BLACK',
            'CHU-MONSGEEK-D1-BLACK', 'CHU-MONSGEEK-D1-BLACK',
            '{"Model": "MonsGeek D1", "Màu sắc": "Đen / Trắng / Hồng", "Thiết kế": "Tối giản, Plug & Play", "Kết nối": "Wireless 2.4GHz, USB 2.4GHz đi kèm ở đáy chuột", "CPI": "1000 CPI", "Số nút": "3 nút bấm", "Kích thước": "114 x 61 x 37.5 mm", "Trọng lượng": "84g", "Khoảng cách kết nối": "Tối đa 10m", "Tương thích": "Windows 7/8/10/XP/Vista, Mac OS X 10.4+"}',
            'MonsGeek D1 Black sở hữu thiết kế đơn giản, hiện đại với 3 màu sắc cơ bản: đen, trắng và hồng. Chiếc chuột này có kích thước nhỏ gọn (114x61x37.5mm), trọng lượng nhẹ (84g), phù hợp với mọi kích cỡ bàn tay. Đặc biệt, MonsGeek D1 Black được trang bị 3 nút bấm cơ bản, đáp ứng đầy đủ nhu cầu sử dụng thông thường.\n\n- Chuột không dây MonsGeek D1 Black\n\nHiệu năng vượt trội\nMonsGeek D1 Black sử dụng công nghệ kết nối không dây 2.4Ghz, đảm bảo kết nối ổn định và nhanh chóng trong phạm vi lên đến 10m. Độ phân giải 1000 CPI cho khả năng di chuyển con trỏ chính xác, mượt mà trên mọi bề mặt. Chiếc chuột này cũng được trang bị cảm biến quang học tiên tiến, giúp bạn thao tác chính xác trong những tình huống cần nhanh và cần độ nhạy cao.\n\n- Chuột không dây MonsGeek D1 Black\n\nTương thích đa dạng thiết bị, giá cả phải chăng\nMonsGeek D1 Black tương thích với hầu hết các hệ điều hành phổ biến hiện nay như Windows 7/8/10/XP/Vista & Mac OS X 10.4+. Chiếc chuột này đi kèm với USB 2.4Ghz (đính kèm ở đáy chuột), giúp bạn dễ dàng kết nối với PC hoặc laptop. Đặc biệt, MonsGeek D1 Black được bán với mức giá vô cùng phải chăng, phù hợp với mọi đối tượng người dùng, từ học sinh, sinh viên cho đến dân văn phòng.',
            12, 'https://product.hstatic.net/200000722513/product/chuot-khong-day-monsgeek-d1-blac_099847ad9748479fbe2e919816a150f5.png', '2024-10-18T03:43:59+00:00',1);
        
INSERT INTO product_image (name, product_variant_id, image_url, is_main)
VALUES
    ('Ảnh 1', 525, 'https://product.hstatic.net/200000722513/product/chuot-khong-day-monsgeek-d1-blac_099847ad9748479fbe2e919816a150f5.png', TRUE),
    ('Ảnh 2', 525, 'https://product.hstatic.net/200000722513/product/chuot-khong-day-monsgeek-d1-01-5_3a790c802afd43f6901b410986b4dd47.png', FALSE);
---
INSERT INTO product (name, seo_name, brand_id, specifications, description, created_by, image_url) 
    VALUES (
        'Chuột Rappo M500 Grey', 'chuot-rappo-m500-grey', 29,
        '{"Thương hiệu": "Rappo", "Bảo hành": "12 tháng", "Chuẩn kết nối": "Wireless 2.4Ghz / Bluetooth", "Độ phân giải": "1600 DPI"}',
        'Chuột không dây bluetooth Rapoo M500 silent là lựa chọn hoàn hảo cho các anh em văn phòng hiện nay. Với thiết kế gọn nhẹ cùng kiểu dáng trẻ trung. Đặc biệt chuột Rapoo có khả năng kết nối nhanh, ổn định và hoàn toàn êm ái khi sử dụng. Đây chắc chắn là lựa chọn hoàn hảo mà dân văn phòng không nên bỏ qua.\n\nThiết kế vừa vặn, dễ dàng kết nối tới 10m\nChuột không dây bluetooth Rapoo M500 silent sở hữu thiết kế chuột công thái học nhỏ gọn giúp cho cảm giác cầm nắm được dễ dàng và gọn hơn. Từ đó cho thao tác sử dụng thuận tiện và phù hợp với mọi đối tượng. Với nhiều màu sắc khá độc đáo, người dùng có thể thoải mái lựa chọn cho mình màu sắc yêu thích.\n\nChuột không dây Bluetooth Rapoo M500 Silent\n\nVới chuột Rapoo M500 sẽ mang tới cho người dùng khả năng kết nối dễ dàng và nhanh chóng trong phạm vi khoảng 10m. Đây là lựa chọn vô cùng linh hoạt để bạn có thể thuận tiện hơn trong quá trình làm việc tại văn phòng cũng như mang theo khi ra ngoài.\n\nDi chuyển nhanh chóng, êm ái khi sử dụng\nChuột không dây bluetooth Rapoo M500 silent có độ phân giải tuỳ chỉnh trong khoảng từ 800 - 1600 DPI. Từ đó mang tới khả năng di chuyển nhanh, cũng như thao tác nhạy bén và vô cùng chuẩn xác. Hơn thế bạn có thể thay đổi độ nhạy linh hoạt nhờ nhấn nút DPI trên chuột.\n\nChuột không dây Bluetooth Rapoo M500 Silent\n\nNgoài ra, chuột được tích hợp công nghệ Silent mang tới khả năng êm ái khi sử dụng. Chắc chắn với mẫu chuột thông minh này, bạn có thể thoải mái sử dụng mà không ảnh hưởng tới độ yên tĩnh của không gian.',
        1, 'https://product.hstatic.net/200000722513/product/250-6438-chuot-rapoo-m500-silent_46bf78fb5d0d4289a53eab6601776735.png'
    );
INSERT INTO product_category (product_id, category_id) VALUES (526, 27);
INSERT INTO product_variant (
        product_id, name, seo_name, supplier_id, price, price_sale, quantity, sku, model, barcode, 
        specifications, description, warranty, image_url, release_at, created_by)
        VALUES ( 526, 'Chuột Rappo M500 Grey', 'chuot-rappo-m500-grey',
            1, 559000, 260000, 10, 'CHU-RAPOO-M500-GREY',
            'CHU-RAPOO-M500-GREY', 'CHU-RAPOO-M500-GREY',
            '{"Thương hiệu": "Rapoo", "Model": "Không xác định", "Cảm biến": "Quang học", "DPI": "600 - 1600 DPI", "Số nút": "7 nút (Trái, Giữa, Phải, Back, Forward, Bluetooth, Chuyển đổi DPI)", "Kết nối": "Bluetooth, Wireless 2.4GHz", "Đèn LED": "Không", "Pin": "2 pin AA", "Thời gian sử dụng": "12 tháng", "Tiện ích": "Nút bấm êm, không gây tiếng ồn, kết nối đồng thời 3 thiết bị", "Kích thước": "105 x 66.6 x 41.4 mm", "Trọng lượng": "72g"}',
            'Chuột không dây bluetooth Rapoo M500 silent là lựa chọn hoàn hảo cho các anh em văn phòng hiện nay. Với thiết kế gọn nhẹ cùng kiểu dáng trẻ trung. Đặc biệt chuột Rapoo có khả năng kết nối nhanh, ổn định và hoàn toàn êm ái khi sử dụng. Đây chắc chắn là lựa chọn hoàn hảo mà dân văn phòng không nên bỏ qua.\n\nThiết kế vừa vặn, dễ dàng kết nối tới 10m\nChuột không dây bluetooth Rapoo M500 silent sở hữu thiết kế chuột công thái học nhỏ gọn giúp cho cảm giác cầm nắm được dễ dàng và gọn hơn. Từ đó cho thao tác sử dụng thuận tiện và phù hợp với mọi đối tượng. Với nhiều màu sắc khá độc đáo, người dùng có thể thoải mái lựa chọn cho mình màu sắc yêu thích.\n\nChuột không dây Bluetooth Rapoo M500 Silent\n\nVới chuột Rapoo M500 sẽ mang tới cho người dùng khả năng kết nối dễ dàng và nhanh chóng trong phạm vi khoảng 10m. Đây là lựa chọn vô cùng linh hoạt để bạn có thể thuận tiện hơn trong quá trình làm việc tại văn phòng cũng như mang theo khi ra ngoài.\n\nDi chuyển nhanh chóng, êm ái khi sử dụng\nChuột không dây bluetooth Rapoo M500 silent có độ phân giải tuỳ chỉnh trong khoảng từ 800 - 1600 DPI. Từ đó mang tới khả năng di chuyển nhanh, cũng như thao tác nhạy bén và vô cùng chuẩn xác. Hơn thế bạn có thể thay đổi độ nhạy linh hoạt nhờ nhấn nút DPI trên chuột.\n\nChuột không dây Bluetooth Rapoo M500 Silent\n\nNgoài ra, chuột được tích hợp công nghệ Silent mang tới khả năng êm ái khi sử dụng. Chắc chắn với mẫu chuột thông minh này, bạn có thể thoải mái sử dụng mà không ảnh hưởng tới độ yên tĩnh của không gian.',
            24, 'https://product.hstatic.net/200000722513/product/250-6438-chuot-rapoo-m500-silent_46bf78fb5d0d4289a53eab6601776735.png', '2024-11-15T07:43:16+00:00',1);
        
INSERT INTO product_image (name, product_variant_id, image_url, is_main)
VALUES
    ('Ảnh 1', 526, 'https://product.hstatic.net/200000722513/product/250-6438-chuot-rapoo-m500-silent_46bf78fb5d0d4289a53eab6601776735.png', TRUE),
    ('Ảnh 2', 526, 'https://product.hstatic.net/200000722513/product/6438-2_d70dc9389b0141399f4cad58fc176d62.png', FALSE),
    ('Ảnh 3', 526, 'https://product.hstatic.net/200000722513/product/6438-3_28438612f0584ba8b2ff6fb9edfa23c8.png', FALSE);
---
INSERT INTO product (name, seo_name, brand_id, specifications, description, created_by, image_url) 
    VALUES (
        'Chuột Rappo M500 Red', 'chuot-rappo-m500-red', 29,
        '{"Thương hiệu": "Rappo", "Bảo hành": "12 tháng", "Chuẩn kết nối": "Wireless 2.4Ghz / Bluetooth", "Độ phân giải": "1600 DPI"}',
        '**Chuột không dây Bluetooth Rapoo M500 Silent nhỏ gọn, êm ái khi sử dụng**\n\nChuột không dây Bluetooth Rapoo M500 Silent là lựa chọn hoàn hảo cho dân văn phòng hiện nay. Với thiết kế gọn nhẹ cùng kiểu dáng trẻ trung, chuột Rapoo có khả năng kết nối nhanh, ổn định và hoạt động hoàn toàn êm ái. Đây chắc chắn là lựa chọn không thể bỏ qua.\n\n**Thiết kế vừa vặn, kết nối dễ dàng trong phạm vi 10m**\n\nChuột không dây Bluetooth Rapoo M500 Silent được thiết kế nhỏ gọn, mang lại cảm giác cầm nắm thoải mái và thao tác thuận tiện, phù hợp với mọi đối tượng người dùng. Với nhiều màu sắc độc đáo, bạn có thể thoải mái lựa chọn màu sắc yêu thích. Chuột Rapoo M500 cho phép kết nối dễ dàng và nhanh chóng trong phạm vi khoảng 10m. Đây là một lựa chọn linh hoạt, giúp bạn làm việc thuận tiện tại văn phòng cũng như mang theo khi di chuyển.\n\n**Di chuyển nhanh chóng, êm ái khi sử dụng**\n\nChuột không dây Bluetooth Rapoo M500 Silent có độ phân giải tùy chỉnh từ 800 - 1600 DPI, mang lại khả năng di chuyển nhanh, thao tác nhạy bén và chuẩn xác. Bạn có thể thay đổi độ nhạy linh hoạt bằng cách nhấn nút DPI trên chuột.\n\nNgoài ra, chuột được tích hợp công nghệ Silent, mang đến khả năng sử dụng êm ái. Với mẫu chuột thông minh này, bạn có thể thoải mái làm việc mà không ảnh hưởng đến sự yên tĩnh của không gian xung quanh.',
        1, 'https://product.hstatic.net/200000722513/product/6437-chuot-rapoo-m500-silent-wir_e3dc68e3197a4801be51ea52361c3a1b.png'
    );
INSERT INTO product_category (product_id, category_id) VALUES (527, 27);
INSERT INTO product_variant (
        product_id, name, seo_name, supplier_id, price, price_sale, quantity, sku, model, barcode, 
        specifications, description, warranty, image_url, release_at, created_by)
        VALUES ( 527, 'Chuột Rappo M500 Red', 'chuot-rappo-m500-red',
            1, 559000, 260000, 10, 'CHU-RAPOO-M500-RED',
            'CHU-RAPOO-M500-RED', 'CHU-RAPOO-M500-RED',
            '{"Màu sắc": "Camo Red","Kết nối": "Wireless 2.4Ghz / Bluetooth 3.0, 4.0, 5.0","Độ phân giải tối đa": "1600 DPI","Kích thước": "105mm * 66.6mm * 41.4mm","Trọng lượng": "72g","Tuổi thọ pin": "Lên đến 12 tháng","Công nghệ nút bấm": "Silent"}',
            '**Chuột không dây Bluetooth Rapoo M500 Silent nhỏ gọn, êm ái khi sử dụng**\n\nChuột không dây Bluetooth Rapoo M500 Silent là lựa chọn hoàn hảo cho dân văn phòng hiện nay. Với thiết kế gọn nhẹ cùng kiểu dáng trẻ trung, chuột Rapoo có khả năng kết nối nhanh, ổn định và hoạt động hoàn toàn êm ái. Đây chắc chắn là lựa chọn không thể bỏ qua.\n\n**Thiết kế vừa vặn, kết nối dễ dàng trong phạm vi 10m**\n\nChuột không dây Bluetooth Rapoo M500 Silent được thiết kế nhỏ gọn, mang lại cảm giác cầm nắm thoải mái và thao tác thuận tiện, phù hợp với mọi đối tượng người dùng. Với nhiều màu sắc độc đáo, bạn có thể thoải mái lựa chọn màu sắc yêu thích. Chuột Rapoo M500 cho phép kết nối dễ dàng và nhanh chóng trong phạm vi khoảng 10m. Đây là một lựa chọn linh hoạt, giúp bạn làm việc thuận tiện tại văn phòng cũng như mang theo khi di chuyển.\n\n**Di chuyển nhanh chóng, êm ái khi sử dụng**\n\nChuột không dây Bluetooth Rapoo M500 Silent có độ phân giải tùy chỉnh từ 800 - 1600 DPI, mang lại khả năng di chuyển nhanh, thao tác nhạy bén và chuẩn xác. Bạn có thể thay đổi độ nhạy linh hoạt bằng cách nhấn nút DPI trên chuột.\n\nNgoài ra, chuột được tích hợp công nghệ Silent, mang đến khả năng sử dụng êm ái. Với mẫu chuột thông minh này, bạn có thể thoải mái làm việc mà không ảnh hưởng đến sự yên tĩnh của không gian xung quanh.',
            24, 'https://product.hstatic.net/200000722513/product/6437-chuot-rapoo-m500-silent-wir_e3dc68e3197a4801be51ea52361c3a1b.png', '2024-11-15T07:42:57+00:00',1);
        
INSERT INTO product_image (name, product_variant_id, image_url, is_main)
VALUES
    ('Ảnh 1', 527, 'https://product.hstatic.net/200000722513/product/6437-chuot-rapoo-m500-silent-wir_e3dc68e3197a4801be51ea52361c3a1b.png', TRUE),
    ('Ảnh 2', 527, 'https://product.hstatic.net/200000722513/product/6437-3_d62648d8dc0b466aa1eeb3c9e6c96029.png', FALSE),
    ('Ảnh 3', 527, 'https://product.hstatic.net/200000722513/product/6437-4_bcf4a2530cd8432bb59afc6e611446dc.png', FALSE);
---
INSERT INTO product (name, seo_name, brand_id, specifications, description, created_by, image_url) 
    VALUES (
        'Chuột Rapoo MT760 Mini Không Dây Hồng', 'chuot-rapoo-mt760-mini-khong-day-hong', 29,
        '{"Tên sản phẩm": "Chuột Rapoo MT760 Mini Không Dây Hồng", "Thương hiệu": "Rapoo", "Model": "MT760 Mini", "Màu sắc": "Hồng", "Kết nối": "Không dây", "Công nghệ kết nối": "Bluetooth, 2.4GHz Wireless", "Phạm vi hoạt động không dây": "10m", "Cảm biến": "Optical", "Độ phân giải DPI": "800/1300/1600", "Số nút bấm": "5", "Pin": "Sạc lại (Lithium-ion)", "Thời lượng pin": "Lên đến 30 ngày", "Hệ điều hành tương thích": "Windows, macOS, Chrome OS, Android, iOS", "Kích thước": "Nhỏ gọn, phù hợp cho người dùng di chuyển", "Trọng lượng": "Khoảng 70g", "Chất liệu": "Nhựa ABS cao cấp", "Tính năng đặc biệt": "Kết nối đa thiết bị, Silent Click, Nút cuộn đa hướng", "Phụ kiện đi kèm": "Cáp sạc USB-C, Đầu thu USB 2.4GHz"}',
        'Chuột Rapoo MT760 Mini Không Dây Hồng là sự kết hợp hoàn hảo giữa phong cách, hiệu suất và tính di động. Với thiết kế nhỏ gọn, tông màu hồng nữ tính quyến rũ, chiếc chuột này không chỉ đẹp mắt mà còn cực kỳ tiện dụng cho mọi không gian làm việc. Khả năng kết nối đa chế độ (Bluetooth 3.0, 4.0 và 2.4GHz) cho phép bạn dễ dàng chuyển đổi giữa ba thiết bị khác nhau như máy tính để bàn, laptop hay máy tính bảng chỉ với một nút bấm, tối ưu hóa quy trình làm việc đa nhiệm. Độ phân giải quang học có thể điều chỉnh linh hoạt từ 600 đến 3200 DPI, đảm bảo độ chính xác cao trên mọi bề mặt, từ công việc văn phòng đến các tác vụ đòi hỏi sự tỉ mỉ. Chuột được trang bị 8 nút lập trình tiện lợi, bao gồm cả con lăn phụ cho cuộn ngang, giúp tăng cường năng suất đáng kể. Pin sạc tích hợp qua cổng USB-C hiện đại và tiện lợi, mang lại thời gian sử dụng dài lâu. Thiết kế công thái học cùng lớp phủ mềm mại mang đến cảm giác cầm nắm thoải mái trong nhiều giờ liền, giảm thiểu mỏi tay. Rapoo MT760 Mini Hồng là lựa chọn lý tưởng cho những ai tìm kiếm một thiết bị ngoại vi không dây cao cấp, thời trang và linh hoạt.',
        1, 'https://product.hstatic.net/200000722513/product/5277-vt760-mini-pink-1_6cbfa95e694e446b926f6a05859e19d9.jpg'
    );
INSERT INTO product_category (product_id, category_id) VALUES (528, 27);
INSERT INTO product_variant (
        product_id, name, seo_name, supplier_id, price, price_sale, quantity, sku, model, barcode, 
        specifications, description, warranty, image_url, release_at, created_by)
        VALUES ( 528, 'Chuột Rapoo MT760 Mini Không Dây Hồng', 'chuot-rapoo-mt760-mini-khong-day-hong',
            1, 990000, 790000, 10, 'CHU-RAPOO-MT760-MINI-HONG',
            'CHU-RAPOO-MT760-MINI-HONG', 'CHU-RAPOO-MT760-MINI-HONG',
            '{"Tên sản phẩm": "Chuột Rapoo MT760 Mini Không Dây Hồng", "Thương hiệu": "Rapoo", "Model": "MT760 Mini", "Màu sắc": "Hồng", "Kết nối": "Không dây", "Công nghệ kết nối": "Bluetooth, 2.4GHz Wireless", "Phạm vi hoạt động không dây": "10m", "Cảm biến": "Optical", "Độ phân giải DPI": "800/1300/1600", "Số nút bấm": "5", "Pin": "Sạc lại (Lithium-ion)", "Thời lượng pin": "Lên đến 30 ngày", "Hệ điều hành tương thích": "Windows, macOS, Chrome OS, Android, iOS", "Kích thước": "Nhỏ gọn, phù hợp cho người dùng di chuyển", "Trọng lượng": "Khoảng 70g", "Chất liệu": "Nhựa ABS cao cấp", "Tính năng đặc biệt": "Kết nối đa thiết bị, Silent Click, Nút cuộn đa hướng", "Phụ kiện đi kèm": "Cáp sạc USB-C, Đầu thu USB 2.4GHz"}',
            'Chuột Rapoo MT760 Mini Không Dây Hồng là sự kết hợp hoàn hảo giữa phong cách, hiệu suất và tính di động. Với thiết kế nhỏ gọn, tông màu hồng nữ tính quyến rũ, chiếc chuột này không chỉ đẹp mắt mà còn cực kỳ tiện dụng cho mọi không gian làm việc. Khả năng kết nối đa chế độ (Bluetooth 3.0, 4.0 và 2.4GHz) cho phép bạn dễ dàng chuyển đổi giữa ba thiết bị khác nhau như máy tính để bàn, laptop hay máy tính bảng chỉ với một nút bấm, tối ưu hóa quy trình làm việc đa nhiệm. Độ phân giải quang học có thể điều chỉnh linh hoạt từ 600 đến 3200 DPI, đảm bảo độ chính xác cao trên mọi bề mặt, từ công việc văn phòng đến các tác vụ đòi hỏi sự tỉ mỉ. Chuột được trang bị 8 nút lập trình tiện lợi, bao gồm cả con lăn phụ cho cuộn ngang, giúp tăng cường năng suất đáng kể. Pin sạc tích hợp qua cổng USB-C hiện đại và tiện lợi, mang lại thời gian sử dụng dài lâu. Thiết kế công thái học cùng lớp phủ mềm mại mang đến cảm giác cầm nắm thoải mái trong nhiều giờ liền, giảm thiểu mỏi tay. Rapoo MT760 Mini Hồng là lựa chọn lý tưởng cho những ai tìm kiếm một thiết bị ngoại vi không dây cao cấp, thời trang và linh hoạt.',
            24, 'https://product.hstatic.net/200000722513/product/5277-vt760-mini-pink-1_6cbfa95e694e446b926f6a05859e19d9.jpg', '2024-07-10T07:51:03+00:00',1);
        
INSERT INTO product_image (name, product_variant_id, image_url, is_main)
VALUES
    ('Ảnh 1', 528, 'https://product.hstatic.net/200000722513/product/5277-vt760-mini-pink-1_6cbfa95e694e446b926f6a05859e19d9.jpg', TRUE),
    ('Ảnh 2', 528, 'https://product.hstatic.net/200000722513/product/5277-vt760-mini-pink-2_757581b92a0b4c44a81db6e8fff281e1.jpg', FALSE),
    ('Ảnh 3', 528, 'https://product.hstatic.net/200000722513/product/5277-vt760-mini-pink-3_0a0973d331684f45a77fb2b09e2e681d.jpg', FALSE),
    ('Ảnh 4', 528, 'https://product.hstatic.net/200000722513/product/5277-vt760-mini-pink-4_3131d82730ea4d758c7b6063f79b78a6.jpg', FALSE),
    ('Ảnh 5', 528, 'https://product.hstatic.net/200000722513/product/5277-vt760-mini-pink-5_56773936dcd74369ac3333a5ce714ea9.jpg', FALSE);
---
INSERT INTO product (name, seo_name, brand_id, specifications, description, created_by, image_url) 
    VALUES (
        'Chuột Razer DeathAdder V3 Hyperspeed Wireless', 'chuot-razer-deathadder-v3-hyperspeed-wireless', 15,
        '{"Thương hiệu": "Razer", "Màu sắc": "Đen", "Kết nối": "Không dây", "Led": "Không", "Cảm biến": "Cảm biến quang học Focus X 26K", "DPI": "26000", "IPS": "500", "Gia tốc tối đa (G)": "40", "Số nút": "8", "Switch": "Optical Gen-3", "Tuổi thọ Switch": "Lên đến 90 triệu lần nhấn", "Feet chuột": "100% PTFE", "Kích thước (D x R x C)": "Dài: 122.2 mm / 4.81 in; Rộng: 64.8 mm / 2.55 in; Cao: 41.3 mm / 1.63 in", "Trọng lượng": "55g (chưa bao gồm cáp và dongle)", "Phụ kiện": ["Razer DeathAdder V3 HyperSpeed", "Razer HyperSpeed Wireless USB Dongle", "USB Dongle Adapter", "USB Type A to USB Type C cable", "Hướng dẫn sử dụng"]}',
        'Chuột Razer DeathAdder V3 Hyperspeed Wireless: Tái định nghĩa hiệu suất không dây trong tầm tay bạn. Huyền thoại DeathAdder trở lại, không chỉ nhẹ hơn, nhanh hơn mà còn hoàn toàn không dây, mang đến trải nghiệm chơi game đỉnh cao dành cho game thủ chuyên nghiệp. Với trọng lượng siêu nhẹ chỉ khoảng 59g, kết hợp cùng thiết kế công thái học kinh điển được tinh chỉnh hoàn hảo, chuột DeathAdder V3 Hyperspeed mang lại cảm giác cầm nắm thoải mái và kiểm soát tuyệt đối, giảm thiểu mệt mỏi ngay cả trong những trận chiến kéo dài. Trái tim của DeathAdder V3 Hyperspeed là công nghệ không dây Razer HyperSpeed Wireless danh tiếng, đảm bảo kết nối siêu ổn định, nhanh như chớp với độ trễ gần như bằng 0, mang lại hiệu suất ngang ngửa chuột có dây. Cảm biến quang học Razer Focus Pro 30K tiên tiến cung cấp độ chính xác vượt trội, độ phân giải 30.000 DPI và tốc độ theo dõi 750 IPS, giúp mọi chuyển động của bạn đều được ghi nhận một cách hoàn hảo và tức thì. Trang bị Switch quang học Razer thế hệ 3, chuột không chỉ mang lại tuổi thọ lên đến 90 triệu lần nhấp mà còn loại bỏ hoàn toàn độ trễ debounce, cho phản hồi nhanh nhạy và bền bỉ theo thời gian. Với thời lượng pin ấn tượng lên đến 100 giờ chỉ sau một lần sạc, bạn có thể tự tin chiến đấu hàng giờ liền mà không lo gián đoạn. Razer DeathAdder V3 Hyperspeed Wireless không chỉ là một con chuột, mà là một vũ khí tối thượng, được thiết kế để nâng tầm kỹ năng và giúp bạn thống trị mọi chiến trường. Trải nghiệm sự kết hợp hoàn hảo giữa tốc độ, độ chính xác và sự thoải mái ngay hôm nay!',
        1, 'https://product.hstatic.net/200000722513/product/v9amb50o_6df2fc1a8a944bdbbf598f3f0dd408e4.png'
    );
INSERT INTO product_category (product_id, category_id) VALUES (529, 27);
INSERT INTO product_variant (
        product_id, name, seo_name, supplier_id, price, price_sale, quantity, sku, model, barcode, 
        specifications, description, warranty, image_url, release_at, created_by)
        VALUES ( 529, 'Chuột Razer DeathAdder V3 Hyperspeed Wireless', 'chuot-razer-deathadder-v3-hyperspeed-wireless',
            1, 2990000, 2290000, 10, 'CHU-RAZER-DEATHADDER-V3-HP',
            'CHU-RAZER-DEATHADDER-V3-HP', 'CHU-RAZER-DEATHADDER-V3-HP',
            '{"Thương hiệu": "Razer", "Màu sắc": "Đen", "Kết nối": "Không dây", "Led": "Không", "Cảm biến": "Cảm biến quang học Focus X 26K", "DPI": "26000", "IPS": "500", "Gia tốc tối đa (G)": "40", "Số nút": "8", "Switch": "Optical Gen-3", "Tuổi thọ Switch": "Lên đến 90 triệu lần nhấn", "Feet chuột": "100% PTFE", "Kích thước (D x R x C)": "Dài: 122.2 mm / 4.81 in; Rộng: 64.8 mm / 2.55 in; Cao: 41.3 mm / 1.63 in", "Trọng lượng": "55g (chưa bao gồm cáp và dongle)", "Phụ kiện": ["Razer DeathAdder V3 HyperSpeed", "Razer HyperSpeed Wireless USB Dongle", "USB Dongle Adapter", "USB Type A to USB Type C cable", "Hướng dẫn sử dụng"]}',
            'Chuột Razer DeathAdder V3 Hyperspeed Wireless: Tái định nghĩa hiệu suất không dây trong tầm tay bạn. Huyền thoại DeathAdder trở lại, không chỉ nhẹ hơn, nhanh hơn mà còn hoàn toàn không dây, mang đến trải nghiệm chơi game đỉnh cao dành cho game thủ chuyên nghiệp. Với trọng lượng siêu nhẹ chỉ khoảng 59g, kết hợp cùng thiết kế công thái học kinh điển được tinh chỉnh hoàn hảo, chuột DeathAdder V3 Hyperspeed mang lại cảm giác cầm nắm thoải mái và kiểm soát tuyệt đối, giảm thiểu mệt mỏi ngay cả trong những trận chiến kéo dài. Trái tim của DeathAdder V3 Hyperspeed là công nghệ không dây Razer HyperSpeed Wireless danh tiếng, đảm bảo kết nối siêu ổn định, nhanh như chớp với độ trễ gần như bằng 0, mang lại hiệu suất ngang ngửa chuột có dây. Cảm biến quang học Razer Focus Pro 30K tiên tiến cung cấp độ chính xác vượt trội, độ phân giải 30.000 DPI và tốc độ theo dõi 750 IPS, giúp mọi chuyển động của bạn đều được ghi nhận một cách hoàn hảo và tức thì. Trang bị Switch quang học Razer thế hệ 3, chuột không chỉ mang lại tuổi thọ lên đến 90 triệu lần nhấp mà còn loại bỏ hoàn toàn độ trễ debounce, cho phản hồi nhanh nhạy và bền bỉ theo thời gian. Với thời lượng pin ấn tượng lên đến 100 giờ chỉ sau một lần sạc, bạn có thể tự tin chiến đấu hàng giờ liền mà không lo gián đoạn. Razer DeathAdder V3 Hyperspeed Wireless không chỉ là một con chuột, mà là một vũ khí tối thượng, được thiết kế để nâng tầm kỹ năng và giúp bạn thống trị mọi chiến trường. Trải nghiệm sự kết hợp hoàn hảo giữa tốc độ, độ chính xác và sự thoải mái ngay hôm nay!',
            24, 'https://product.hstatic.net/200000722513/product/v9amb50o_6df2fc1a8a944bdbbf598f3f0dd408e4.png', '2024-07-10T04:21:20+00:00',1);
        
INSERT INTO product_image (name, product_variant_id, image_url, is_main)
VALUES
    ('Ảnh 1', 529, 'https://product.hstatic.net/200000722513/product/v9amb50o_6df2fc1a8a944bdbbf598f3f0dd408e4.png', TRUE),
    ('Ảnh 2', 529, 'https://product.hstatic.net/200000722513/product/iner_h69_h81_9785428607006_240620-deathadder-v3-hyperspeed-1500x1000-5_5beb89e149494a8497b9b3c4b056a0b2.jpg', FALSE),
    ('Ảnh 3', 529, 'https://product.hstatic.net/200000722513/product/iner_hc2_h7e_9785428574238_240620-deathadder-v3-hyperspeed-1500x1000-4_1c39299878994929a8958f4bf0099a3d.jpg', FALSE),
    ('Ảnh 4', 529, 'https://product.hstatic.net/200000722513/product/iner_h59_h7b_9785428475934_240620-deathadder-v3-hyperspeed-1500x1000-1_8de842d667c24e6da9cb818a065d2179.jpg', FALSE),
    ('Ảnh 5', 529, 'https://product.hstatic.net/200000722513/product/iner_h9a_h77_9785428344862_240620-deathadder-v3-hyperspeed-1500x1000-2_abf290567c4b461ba7fda4dd62e7fdcd.jpg', FALSE),
    ('Ảnh 6', 529, 'https://product.hstatic.net/200000722513/product/iner_h00_h7e_9785428508702_240620-deathadder-v3-hyperspeed-1500x1000-3_996b24e9bda246169fc6385ba4c2d8e2.jpg', FALSE);
---
INSERT INTO product (name, seo_name, brand_id, specifications, description, created_by, image_url) 
    VALUES (
        'Chuột Razer Cobra Pro Trắng', 'chuot-razer-cobra-pro-trang', 15,
        '{"Hãng sản xuất": "Razer", "Model": "Razer Cobra Pro", "Số nút": "8 nút có thể lập trình", "RGB LIGHTING": "Razer Chroma™ RGB (con lăn, logo, nhiều vùng bên dưới chuột)", "Pin": "Lên đến 100 giờ với Razer HyperSpeed Wireless (1000Hz). Lên đến 33 giờ với Razer HyperPolling Wireless Dongle và Mouse Dock Pro* (4000Hz). Lưu ý: Sản phẩm không bao gồm HyperPolling Wireless Dongle và Mouse Dock Pro. Lên đến 170 giờ với Bluetooth.", "Kết nối": "Razer™ HyperSpeed Wireless (2.4 GHz), Bluetooth, Có dây – Dây Speedflex USB Type C", "Thiết kế": "Đối xứng - cho người thuận tay phải", "Độ phân giải (CPI/DPI)": "30.000 DPI", "Gia tốc": "750 IPS / 70G", "Kích thước": "127.0 x 61.7 x 42.7 mm", "Trọng lượng": "77g"}',
        'Nâng tầm đẳng cấp gaming của bạn với Chuột Razer Cobra Pro Trắng – một kiệt tác kết hợp hoàn hảo giữa phong cách tinh tế và hiệu năng đỉnh cao. Với sắc trắng thanh lịch, chiếc chuột này không chỉ là một công cụ, mà còn là một tuyên ngôn thẩm mỹ, nổi bật trên mọi góc setup gaming. Bên dưới vẻ ngoài trang nhã là sức mạnh đáng gờm: cảm biến quang học Razer Focus Pro 30K mang lại độ chính xác tuyệt đối, cho phép bạn thực hiện những pha di chuyển mượt mà và chuẩn xác đến từng pixel. Trang bị Switch quang học Razer Gen-3, Cobra Pro tự hào với tốc độ phản hồi tức thì và độ bền vượt trội, sẵn sàng cùng bạn chinh phục mọi thử thách. Kết nối không dây HyperSpeed siêu tốc đảm bảo độ trễ gần như bằng không, trong khi tùy chọn Bluetooth hoặc dây Speedflex mang lại sự linh hoạt tối đa. Với trọng lượng siêu nhẹ chỉ 77g và thiết kế đối xứng nhỏ gọn, chiếc chuột này mang lại cảm giác cầm nắm thoải mái, kiểm soát mượt mà, phù hợp cho những trận đấu kéo dài. Tùy chỉnh trải nghiệm của bạn với 10 nút có thể lập trình và ánh sáng Razer Chroma RGB sống động, biến mỗi cú nhấp chuột thành một màn trình diễn ánh sáng đầy mê hoặc. Chuột Razer Cobra Pro Trắng không chỉ là một vũ khí, mà là người bạn đồng hành đáng tin cậy, giúp bạn bứt phá mọi giới hạn và tiến tới chiến thắng.',
        1, 'https://product.hstatic.net/200000722513/product/42rc3efe_13d1959281ec44749394fad1ceebece4.png'
    );
INSERT INTO product_category (product_id, category_id) VALUES (530, 27);
INSERT INTO product_variant (
        product_id, name, seo_name, supplier_id, price, price_sale, quantity, sku, model, barcode, 
        specifications, description, warranty, image_url, release_at, created_by)
        VALUES ( 530, 'Chuột Razer Cobra Pro Trắng', 'chuot-razer-cobra-pro-trang',
            1, 3990000, 2850000, 10, 'CHU-RAZER-COBRA-PRO-WHT',
            'CHU-RAZER-COBRA-PRO-WHT', 'CHU-RAZER-COBRA-PRO-WHT',
            '{"Hãng sản xuất": "Razer", "Model": "Razer Cobra Pro", "Số nút": "8 nút có thể lập trình", "RGB LIGHTING": "Razer Chroma™ RGB (con lăn, logo, nhiều vùng bên dưới chuột)", "Pin": "Lên đến 100 giờ với Razer HyperSpeed Wireless (1000Hz). Lên đến 33 giờ với Razer HyperPolling Wireless Dongle và Mouse Dock Pro* (4000Hz). Lưu ý: Sản phẩm không bao gồm HyperPolling Wireless Dongle và Mouse Dock Pro. Lên đến 170 giờ với Bluetooth.", "Kết nối": "Razer™ HyperSpeed Wireless (2.4 GHz), Bluetooth, Có dây – Dây Speedflex USB Type C", "Thiết kế": "Đối xứng - cho người thuận tay phải", "Độ phân giải (CPI/DPI)": "30.000 DPI", "Gia tốc": "750 IPS / 70G", "Kích thước": "127.0 x 61.7 x 42.7 mm", "Trọng lượng": "77g"}',
            'Nâng tầm đẳng cấp gaming của bạn với Chuột Razer Cobra Pro Trắng – một kiệt tác kết hợp hoàn hảo giữa phong cách tinh tế và hiệu năng đỉnh cao. Với sắc trắng thanh lịch, chiếc chuột này không chỉ là một công cụ, mà còn là một tuyên ngôn thẩm mỹ, nổi bật trên mọi góc setup gaming. Bên dưới vẻ ngoài trang nhã là sức mạnh đáng gờm: cảm biến quang học Razer Focus Pro 30K mang lại độ chính xác tuyệt đối, cho phép bạn thực hiện những pha di chuyển mượt mà và chuẩn xác đến từng pixel. Trang bị Switch quang học Razer Gen-3, Cobra Pro tự hào với tốc độ phản hồi tức thì và độ bền vượt trội, sẵn sàng cùng bạn chinh phục mọi thử thách. Kết nối không dây HyperSpeed siêu tốc đảm bảo độ trễ gần như bằng không, trong khi tùy chọn Bluetooth hoặc dây Speedflex mang lại sự linh hoạt tối đa. Với trọng lượng siêu nhẹ chỉ 77g và thiết kế đối xứng nhỏ gọn, chiếc chuột này mang lại cảm giác cầm nắm thoải mái, kiểm soát mượt mà, phù hợp cho những trận đấu kéo dài. Tùy chỉnh trải nghiệm của bạn với 10 nút có thể lập trình và ánh sáng Razer Chroma RGB sống động, biến mỗi cú nhấp chuột thành một màn trình diễn ánh sáng đầy mê hoặc. Chuột Razer Cobra Pro Trắng không chỉ là một vũ khí, mà là người bạn đồng hành đáng tin cậy, giúp bạn bứt phá mọi giới hạn và tiến tới chiến thắng.',
            24, 'https://product.hstatic.net/200000722513/product/42rc3efe_13d1959281ec44749394fad1ceebece4.png', '2024-06-11T08:31:38+00:00',1);
        
INSERT INTO product_image (name, product_variant_id, image_url, is_main)
VALUES
    ('Ảnh 1', 530, 'https://product.hstatic.net/200000722513/product/42rc3efe_13d1959281ec44749394fad1ceebece4.png', TRUE),
    ('Ảnh 2', 530, 'https://product.hstatic.net/200000722513/product/bfo6ep9j_37d6891e25d94d7fa37cd147bc3464e8.png', FALSE),
    ('Ảnh 3', 530, 'https://product.hstatic.net/200000722513/product/9ktbn43h_c8d1e233aee24077ae3ccb8061b5c7bc.png', FALSE);
---
INSERT INTO product (name, seo_name, brand_id, specifications, description, created_by, image_url) 
    VALUES (
        'Chuột E-DRA Không dây EM625X Superlight White', 'chuot-e-dra-khong-day-em625x-superlight-white', 23,
        '{"Hãng sản xuất": "E-Dra", "Bảo hành": "24 Tháng", "Model": "EM625X Superlight", "Màu sắc": "Trắng", "Kết nối": "USB Type-C / Wireless 2.4 / Bluetooth 5.0", "Đèn LED": "RGB", "Kiểu thiết kế": "Đối xứng", "Độ nhạy (DPI)": "800/1600/2400/3200/6400/10000 DPI", "Số nút bấm": "7D + 1 Scroll", "Switch": "Kailh switch 80 triệu lần nhấn", "Phụ kiện": "Cáp Type-C"}',
        '**Khi nói đến việc nâng cấp bàn làm việc của bạn với các sản phẩm công nghệ tiên tiến**, một trong những lựa chọn hàng đầu không thể bỏ qua là **Chuột E-DRA Không dây EM625X Superlight White**. Đây là **một chuột gaming tầm trung có chất lượng cao**, với **nhiều tính năng ấn tượng**, đáp ứng đầy đủ nhu cầu của **các game thủ cũng như người dùng thông thường.**  \n\n### **Thiết kế nhẹ và tiện lợi**  \n**Chuột E-DRA EM625X Superlight White** được thiết kế với **trọng lượng chỉ 60g**, mang lại **cảm giác nhẹ nhàng và thoải mái** ngay cả trong các phiên chơi game kéo dài. **Thiết kế nhẹ** không chỉ **giúp giảm mỏi tay** mà còn **tăng cường độ linh hoạt khi di chuyển**, đặc biệt **quan trọng trong các tựa game yêu cầu sự chính xác cao.**  \n\n### **Hiệu suất cao với cảm biến PixArt**  \n**Cảm biến PixArt PMW3325DB** là **một trong những điểm mạnh nổi bật** của **E-DRA EM625X Superlight White**. Với **độ phân giải tối đa lên đến 10.000 DPI**, cảm biến này **đảm bảo độ chính xác tuyệt đối và hiệu suất theo dõi mượt mà**, giúp người dùng **dễ dàng thực hiện các thao tác nhanh và chính xác trong game.**  \n\n### **Kết nối linh hoạt**  \n**Chuột E-DRA EM625X Superlight White** hỗ trợ **ba chế độ kết nối** gồm **kết nối có dây USB, 2.4GHz không dây và Bluetooth**. Điều này **mang lại sự linh hoạt tối đa**, cho phép bạn **dễ dàng kết nối chuột với nhiều thiết bị khác nhau** như **máy tính để bàn, laptop, hoặc tablet** mà không gặp bất kỳ trở ngại nào.  \n\n### **Thời lượng pin dài**  \nVới **pin sạc tích hợp**, **chuột E-DRA** có thể **kéo dài đến 80 giờ sử dụng chỉ với một lần sạc.** Đây là **một tính năng rất hữu ích** cho những ai **thường xuyên sử dụng chuột trong thời gian dài** mà **không muốn gián đoạn công việc hoặc trải nghiệm chơi game.** Chuột còn được **trang bị đèn LED RGB**, không chỉ **tăng vẻ đẹp thẩm mỹ** mà còn **cho phép tùy chỉnh theo phong cách cá nhân.** Ngoài ra, **switch Kailh** với **độ bền 80 triệu lần nhấp** đảm bảo **tuổi thọ cao** và **trải nghiệm nhấp nhạy, chính xác.**',
        1, 'https://product.hstatic.net/200000722513/product/512_625x_3_419c74269a7e4807814c6470d9488765.jpg'
    );
INSERT INTO product_category (product_id, category_id) VALUES (531, 27);
INSERT INTO product_variant (
        product_id, name, seo_name, supplier_id, price, price_sale, quantity, sku, model, barcode, 
        specifications, description, warranty, image_url, release_at, created_by)
        VALUES ( 531, 'Chuột E-DRA Không dây EM625X Superlight White', 'chuot-e-dra-khong-day-em625x-superlight-white',
            1, 790000, 449000, 10, 'CHU-EDRA-EM625X-SPL-WHITE',
            'CHU-EDRA-EM625X-SPL-WHITE', 'CHU-EDRA-EM625X-SPL-WHITE',
            '{"Hãng sản xuất": "E-Dra", "Bảo hành": "24 Tháng", "Model": "EM625X Superlight", "Màu sắc": "Trắng", "Kết nối": "USB Type-C / Wireless 2.4 / Bluetooth 5.0", "Đèn LED": "RGB", "Kiểu thiết kế": "Đối xứng", "Độ nhạy (DPI)": "800/1600/2400/3200/6400/10000 DPI", "Số nút bấm": "7D + 1 Scroll", "Switch": "Kailh switch 80 triệu lần nhấn", "Phụ kiện": "Cáp Type-C"}',
            '**Khi nói đến việc nâng cấp bàn làm việc của bạn với các sản phẩm công nghệ tiên tiến**, một trong những lựa chọn hàng đầu không thể bỏ qua là **Chuột E-DRA Không dây EM625X Superlight White**. Đây là **một chuột gaming tầm trung có chất lượng cao**, với **nhiều tính năng ấn tượng**, đáp ứng đầy đủ nhu cầu của **các game thủ cũng như người dùng thông thường.**  \n\n### **Thiết kế nhẹ và tiện lợi**  \n**Chuột E-DRA EM625X Superlight White** được thiết kế với **trọng lượng chỉ 60g**, mang lại **cảm giác nhẹ nhàng và thoải mái** ngay cả trong các phiên chơi game kéo dài. **Thiết kế nhẹ** không chỉ **giúp giảm mỏi tay** mà còn **tăng cường độ linh hoạt khi di chuyển**, đặc biệt **quan trọng trong các tựa game yêu cầu sự chính xác cao.**  \n\n### **Hiệu suất cao với cảm biến PixArt**  \n**Cảm biến PixArt PMW3325DB** là **một trong những điểm mạnh nổi bật** của **E-DRA EM625X Superlight White**. Với **độ phân giải tối đa lên đến 10.000 DPI**, cảm biến này **đảm bảo độ chính xác tuyệt đối và hiệu suất theo dõi mượt mà**, giúp người dùng **dễ dàng thực hiện các thao tác nhanh và chính xác trong game.**  \n\n### **Kết nối linh hoạt**  \n**Chuột E-DRA EM625X Superlight White** hỗ trợ **ba chế độ kết nối** gồm **kết nối có dây USB, 2.4GHz không dây và Bluetooth**. Điều này **mang lại sự linh hoạt tối đa**, cho phép bạn **dễ dàng kết nối chuột với nhiều thiết bị khác nhau** như **máy tính để bàn, laptop, hoặc tablet** mà không gặp bất kỳ trở ngại nào.  \n\n### **Thời lượng pin dài**  \nVới **pin sạc tích hợp**, **chuột E-DRA** có thể **kéo dài đến 80 giờ sử dụng chỉ với một lần sạc.** Đây là **một tính năng rất hữu ích** cho những ai **thường xuyên sử dụng chuột trong thời gian dài** mà **không muốn gián đoạn công việc hoặc trải nghiệm chơi game.** Chuột còn được **trang bị đèn LED RGB**, không chỉ **tăng vẻ đẹp thẩm mỹ** mà còn **cho phép tùy chỉnh theo phong cách cá nhân.** Ngoài ra, **switch Kailh** với **độ bền 80 triệu lần nhấp** đảm bảo **tuổi thọ cao** và **trải nghiệm nhấp nhạy, chính xác.**',
            24, 'https://product.hstatic.net/200000722513/product/512_625x_3_419c74269a7e4807814c6470d9488765.jpg', '2024-05-28T09:59:38+00:00',1);
        
INSERT INTO product_image (name, product_variant_id, image_url, is_main)
VALUES
    ('Ảnh 1', 531, 'https://product.hstatic.net/200000722513/product/512_625x_3_419c74269a7e4807814c6470d9488765.jpg', TRUE),
    ('Ảnh 2', 531, 'https://product.hstatic.net/200000722513/product/512_625x_4__1__4572f7c6fefd4b78af82b63420387dac.jpg', FALSE),
    ('Ảnh 3', 531, 'https://product.hstatic.net/200000722513/product/512_625x_5_60018d553cce4b35aa942f4db6722ac4.jpg', FALSE),
    ('Ảnh 4', 531, 'https://product.hstatic.net/200000722513/product/512_625x_6_409881744e3940daab945301901b1339.jpg', FALSE);
---
INSERT INTO product (name, seo_name, brand_id, specifications, description, created_by, image_url) 
    VALUES (
        'Chuột E-DRA Không dây EM625X Superlight Black', 'chuot-e-dra-khong-day-em625x-superlight-black', 23,
        '{"Hãng sản xuất": "E-Dra", "Bảo hành": "24 Tháng", "Model": "EM625X Superlight", "Màu sắc": "Đen", "Kết nối": "USB Type-C / Wireless 2.4 / Bluetooth 5.0", "Đèn LED": "RGB", "Kiểu thiết kế": "Đối xứng", "Độ nhạy (DPI)": "800/1600/2400/3200/6400/10000 DPI", "Số nút bấm": "7D + 1 Scroll", "Switch": "Kailh switch 80 triệu lần nhấn", "Phụ kiện": "Cáp Type-C đi kèm"}',
        'Nếu bạn đang tìm kiếm một con chuột sở hữu những công nghệ tiên tiến để nâng cấp bàn làm việc của mình, Chuột E-DRA Không dây EM625X Superlight Black siêu nhẹ chắc chắn là một sự lựa chọn không thể bỏ qua. Với thiết kế tinh tế, hiệu năng vượt trội và tính năng đa dạng, chuột này không chỉ đáp ứng nhu cầu chơi game mà còn hoàn hảo cho các tác vụ hàng ngày tại bàn làm việc của bạn.\n\n**Thiết kế công thái học**\nChuột không dây siêu nhẹ với trọng lượng chỉ 60g ± 10g, giúp giảm thiểu sự mỏi tay khi sử dụng trong thời gian dài. Thiết kế công thái học mang lại sự thoải mái tối đa cho người dùng khi cầm nắm, giúp bạn dễ dàng sử dụng trong nhiều giờ mà không bị đau mỏi. Chất liệu cao cấp như nhựa ABS và POM không chỉ bền bỉ mà còn chống mồ hôi tốt, giúp giữ cho chuột luôn sạch sẽ và dễ dàng lau chùi.\n\nĐiểm nhấn của thiết kế này chính là 2 dải LED RGB ở đầu chuột, có thể điều chỉnh đến 16,8 triệu màu sắc khác nhau, mang lại vẻ đẹp lung linh cho bàn làm việc của bạn. Đây là sự kết hợp hoàn hảo giữa tính thẩm mỹ và tiện dụng, làm nổi bật không gian làm việc của bạn.\n\n**Hiệu năng vượt trội**\nChuột E-DRA Không dây EM625X Superlight Black này được trang bị cảm biến Pixart PMW3325DB, cung cấp độ chính xác và độ mượt mà cao, giúp bạn di chuyển chuột một cách mượt mà và chính xác. Độ phân giải cao lên đến 10000 DPI cho phép bạn điều chỉnh độ nhạy của chuột theo nhu cầu sử dụng, từ các công việc văn phòng đến chơi game chuyên nghiệp. Switch Kailh với tuổi thọ lên đến 80 triệu lần nhấn đảm bảo độ bền cao, cho bạn yên tâm sử dụng lâu dài mà không phải lo lắng về việc thay thế.\n\n**Kết nối đa dạng**\nChuột hỗ trợ nhiều phương thức kết nối đa dạng bao gồm cáp USB-C, Bluetooth và 2.4GHz Không dây, mang đến sự linh hoạt tối đa cho người dùng, giúp bạn dễ dàng kết nối chuột với các thiết bị khác nhau từ máy tính bàn, laptop đến các thiết bị di động. Với pin dung lượng cao 300mAh, chuột có thể sử dụng liên tục lên đến 60 giờ. Bạn sẽ không cần phải lo lắng về việc sạc pin thường xuyên, giúp tăng hiệu suất làm việc và chơi game.\n\n**Tính năng đặc biệt**\nPhần mềm E-DRA đi kèm cho phép bạn dễ dàng điều chỉnh các cài đặt của chuột như DPI, tốc độ di chuột, macro và nhiều tính năng khác. Điều này giúp bạn tùy chỉnh chuột theo ý muốn, tạo ra trải nghiệm sử dụng tối ưu nhất.',
        1, 'https://product.hstatic.net/200000722513/product/512_625x_7_530dd67ad0864f19a1446ffe52b4a469.jpg'
    );
INSERT INTO product_category (product_id, category_id) VALUES (532, 27);
INSERT INTO product_variant (
        product_id, name, seo_name, supplier_id, price, price_sale, quantity, sku, model, barcode, 
        specifications, description, warranty, image_url, release_at, created_by)
        VALUES ( 532, 'Chuột E-DRA Không dây EM625X Superlight Black', 'chuot-e-dra-khong-day-em625x-superlight-black',
            1, 990000, 449000, 10, 'CHU-EDRA-EM625X-SPL-BLACK',
            'CHU-EDRA-EM625X-SPL-BLACK', 'CHU-EDRA-EM625X-SPL-BLACK',
            '{"Hãng sản xuất": "E-Dra", "Bảo hành": "24 Tháng", "Model": "EM625X Superlight", "Màu sắc": "Đen", "Kết nối": "USB Type-C / Wireless 2.4 / Bluetooth 5.0", "Đèn LED": "RGB", "Kiểu thiết kế": "Đối xứng", "Độ nhạy (DPI)": "800/1600/2400/3200/6400/10000 DPI", "Số nút bấm": "7D + 1 Scroll", "Switch": "Kailh switch 80 triệu lần nhấn", "Phụ kiện": "Cáp Type-C đi kèm"}',
            'Nếu bạn đang tìm kiếm một con chuột sở hữu những công nghệ tiên tiến để nâng cấp bàn làm việc của mình, Chuột E-DRA Không dây EM625X Superlight Black siêu nhẹ chắc chắn là một sự lựa chọn không thể bỏ qua. Với thiết kế tinh tế, hiệu năng vượt trội và tính năng đa dạng, chuột này không chỉ đáp ứng nhu cầu chơi game mà còn hoàn hảo cho các tác vụ hàng ngày tại bàn làm việc của bạn.\n\n**Thiết kế công thái học**\nChuột không dây siêu nhẹ với trọng lượng chỉ 60g ± 10g, giúp giảm thiểu sự mỏi tay khi sử dụng trong thời gian dài. Thiết kế công thái học mang lại sự thoải mái tối đa cho người dùng khi cầm nắm, giúp bạn dễ dàng sử dụng trong nhiều giờ mà không bị đau mỏi. Chất liệu cao cấp như nhựa ABS và POM không chỉ bền bỉ mà còn chống mồ hôi tốt, giúp giữ cho chuột luôn sạch sẽ và dễ dàng lau chùi.\n\nĐiểm nhấn của thiết kế này chính là 2 dải LED RGB ở đầu chuột, có thể điều chỉnh đến 16,8 triệu màu sắc khác nhau, mang lại vẻ đẹp lung linh cho bàn làm việc của bạn. Đây là sự kết hợp hoàn hảo giữa tính thẩm mỹ và tiện dụng, làm nổi bật không gian làm việc của bạn.\n\n**Hiệu năng vượt trội**\nChuột E-DRA Không dây EM625X Superlight Black này được trang bị cảm biến Pixart PMW3325DB, cung cấp độ chính xác và độ mượt mà cao, giúp bạn di chuyển chuột một cách mượt mà và chính xác. Độ phân giải cao lên đến 10000 DPI cho phép bạn điều chỉnh độ nhạy của chuột theo nhu cầu sử dụng, từ các công việc văn phòng đến chơi game chuyên nghiệp. Switch Kailh với tuổi thọ lên đến 80 triệu lần nhấn đảm bảo độ bền cao, cho bạn yên tâm sử dụng lâu dài mà không phải lo lắng về việc thay thế.\n\n**Kết nối đa dạng**\nChuột hỗ trợ nhiều phương thức kết nối đa dạng bao gồm cáp USB-C, Bluetooth và 2.4GHz Không dây, mang đến sự linh hoạt tối đa cho người dùng, giúp bạn dễ dàng kết nối chuột với các thiết bị khác nhau từ máy tính bàn, laptop đến các thiết bị di động. Với pin dung lượng cao 300mAh, chuột có thể sử dụng liên tục lên đến 60 giờ. Bạn sẽ không cần phải lo lắng về việc sạc pin thường xuyên, giúp tăng hiệu suất làm việc và chơi game.\n\n**Tính năng đặc biệt**\nPhần mềm E-DRA đi kèm cho phép bạn dễ dàng điều chỉnh các cài đặt của chuột như DPI, tốc độ di chuột, macro và nhiều tính năng khác. Điều này giúp bạn tùy chỉnh chuột theo ý muốn, tạo ra trải nghiệm sử dụng tối ưu nhất.',
            24, 'https://product.hstatic.net/200000722513/product/512_625x_7_530dd67ad0864f19a1446ffe52b4a469.jpg', '2024-05-28T09:59:42+00:00',1);
        
INSERT INTO product_image (name, product_variant_id, image_url, is_main)
VALUES
    ('Ảnh 1', 532, 'https://product.hstatic.net/200000722513/product/512_625x_7_530dd67ad0864f19a1446ffe52b4a469.jpg', TRUE),
    ('Ảnh 2', 532, 'https://product.hstatic.net/200000722513/product/512_625x_1_622002aed03043f7b42c879f556efce5.jpg', FALSE),
    ('Ảnh 3', 532, 'https://product.hstatic.net/200000722513/product/512_625x_2_9a4d1a4a0f12497e8e7a94879a5e0606.jpg', FALSE),
    ('Ảnh 4', 532, 'https://product.hstatic.net/200000722513/product/512_625x_8_48224fd3b1b44182b77937141c54fd13.jpg', FALSE);
---
INSERT INTO product (name, seo_name, brand_id, specifications, description, created_by, image_url) 
    VALUES (
        'Chuột Không dây VGN VXE R1 SE Plus Đen', 'chuot-khong-day-vgn-r1-se-plus-den', 39,
        '{"Thương hiệu": "VGN", "Model": "VXE R1 SE Plus", "Màu sắc": "Đen", "Loại kết nối": "Không dây", "Loại chuột": "Gaming", "Sensor": "PixArt PAW3395", "DPI tối đa": "26000", "Polling Rate": "1000Hz", "Trọng lượng": "55g", "Pin": "Có thể sạc lại", "Thời lượng pin": "Lên đến 80 giờ", "Switch": "Huano transparent blue pink dot", "Số nút": "6", "Kích thước": "127.7mm x 63.7mm x 39.9mm", "Hệ điều hành tương thích": "Windows, macOS", "Phần mềm đi kèm": "Có"}',
        'Chuột gaming VGN VXE Dragonfly R1 SE+ là một sản phẩm chất lượng của VGN – thương hiệu nổi tiếng trong lĩnh vực thiết bị gaming. Được thiết kế đặc biệt cho các game thủ đòi hỏi sự chính xác và độ nhạy cao, hứa hẹn mang lại trải nghiệm chơi game tuyệt vời.\n\nVới một loạt các tính năng và công nghệ tiên tiến, Dragonfly R1 SE+ đem đến hiệu suất và độ ổn định. Cảm biến PAW3395 SE chính xác, độ phân giải cao và tốc độ phản hồi nhanh. Ngoài ra, thiết kế công thái học của chuột cũng được tối ưu hóa để mang lại sự thoải mái trong quá trình sử dụng trong thời gian dài.\n\nchuot-gaming-vgn-vxe-dragonfly-r1-se-plus\n\nTrang bị cảm biến hàng đầu PAW3395 SE\nCảm biến PAW3395 SE được trang bị trong chuột gaming VGN VXE Dragonfly R1 SE+, là một trong những yếu tố quan trọng định nghĩa chất lượng và hiệu suất của chuột. Cảm biến mang lại độ chính xác, tính linh hoạt và khả năng ổn định. Nhờ đó mà có thể nhận diện và thực hiện các chuyển động một cách nhất quán. Đây là tính năng quan trọng giúp cung cấp trải nghiệm chơi game mượt mà và mang lại lợi thế trong các trò chơi yêu cầu sự chính xác cao. Điều này làm tăng trải nghiệm chơi game, đặc biệt quan trọng trong các trò chơi yêu cầu sự nhanh nhạy và phản ứng nhanh như trò chơi FPS (First-Person Shooter) hoặc MOBA (Multiplayer Online Battle Arena).\n\nchuot-gaming-vgn-vxe-dragonfly-r1-se-plus\n\nTrang bị chipset Nordic có hiệu suất cao và độ trễ thấp\nChuột gaming VGN VXE Dragonfly R1 SE+ hiện được trang bị chipset Nordic mới nhất. Chipset là một yếu tố quan trọng giúp cải thiện hiệu suất, độ trễ và tăng cường phản hồi trong game. Đặc biệt, Chipset Nordic thường được tối ưu hóa để tiết kiệm năng lượng, giúp kéo dài thời gian sử dụng pin hoặc tuổi thọ của pin. \n\nchuot-gaming-vgn-vxe-dragonfly-r1-se-plus\n\nThiết kế siêu nhẹ 48g\nChuột Dragonfly R1 SE+ sở hữu kích thước gọn nhẹ 120.6 x 64 x 37.8 mm cùng trọng lượng chỉ 48g. Chuột được thiết kế với hình dáng công thái học cùng những đường nét cong mềm mại để ôm trọn lòng bàn tay người dùng, mang lại cảm giác thoải mái hơn khi chơi game và dễ dàng điều khiển. Form chuột phù hợp với kiểu cầm claw grip, bề mặt phủ nhám trơn trượt để không để lại dấu vân tay và dễ dàng vệ sinh làm sạch.\n\ndragonfly-r1-se-plus\n\nCông nghệ không dây thông minh SpeedX\nCông nghệ SpeedX được tối ưu hóa để giảm thiểu độ trễ giữa hành động của người dùng và phản ứng trên màn hình. Kết nối không dây ổn định và đáng tin cậy trong quá trình sử dụng, cung cấp trải nghiệm chơi game mượt mà và không gián đoạn kể cả trong môi trường nhiễu tín hiệu mạnh mẽ. \n\nDragonfly R1 SE+ với dung lượng pin 500mAh. Công nghệ tiết kiệm năng lượng giúp kéo dài thời gian sử dụng chuột lên đến 130 giờ. Điều này làm cho Dragonfly R1 SE+ trở thành một lựa chọn hợp lý cho những người dùng muốn sử dụng lâu dài mà không cần lo lắng về việc sạc pin thường xuyên.\n\ndragonfly-r1-se-plus\n\nCông tắc cơ học Kaihua GE và con lăn TTC Silver\nCông tắc cơ học Kaihua GE có độ nhạy cao và độ bền tốt, cảm giác nhấn mềm mại cùng tuổi thọ cao, thích hợp với người dùng đang tìm kiếm một con chuột để sử dụng lâu dài.\n\nCon lăn TTC Silver mang lại sự nhạy bén, đáng tin cậy và linh hoạt, tạo ra một trải nghiệm chơi game tốt hơn cho người dùng.\n\ndragonfly-r1-se-plus\n\nBa chế độ kết nối\nDragonfly R1 SE+ trang bị ba chế độ kết nối phổ biến: Không dây 2.4 Ghz, Bluetooth và có dây USB-C. Chuột được thiết kế để tương thích với nhiều thiết bị và hệ điều hành khác nhau. Sử dụng chế độ USB có dây để sạc nhanh trong khi chơi.\n\ndragonfly-r1-se-plus\n\nPhần mềm VHUB\nPhần mềm hỗ trợ tùy chỉnh chỉ số DPI, macro, hiệu suất chuột và nhiều thông số khác.\n\nTính năng điều chỉnh DPI linh hoạt, cho phép người dùng tinh chỉnh độ nhạy của chuột theo sở thích cá nhân và nhu cầu trong game. Điều này giúp người chơi tùy chỉnh cảm giác và tốc độ di chuyển của con chuột phù hợp với mọi tình huống chơi game.',
        1, 'https://product.hstatic.net/200000722513/product/fly-r1-se-plus-_se-__---black-white--hang-chinh-hang---bh-12-thang-_9__e981781ce15040e9a27e46912084474a.jpg'
    );
INSERT INTO product_category (product_id, category_id) VALUES (533, 27);
INSERT INTO product_variant (
        product_id, name, seo_name, supplier_id, price, price_sale, quantity, sku, model, barcode, 
        specifications, description, warranty, image_url, release_at, created_by)
        VALUES ( 533, 'Chuột Không dây VGN VXE R1 SE Plus Đen', 'chuot-khong-day-vgn-r1-se-plus-den',
            1, 1090000, 750000, 10, 'CHU-VGN-R1-SE-PLUS-BLACK',
            'CHU-VGN-R1-SE-PLUS-BLACK', 'CHU-VGN-R1-SE-PLUS-BLACK',
            '{"Thương hiệu": "VGN", "Model": "VXE R1 SE Plus", "Màu sắc": "Đen", "Loại kết nối": "Không dây", "Loại chuột": "Gaming", "Sensor": "PixArt PAW3395", "DPI tối đa": "26000", "Polling Rate": "1000Hz", "Trọng lượng": "55g", "Pin": "Có thể sạc lại", "Thời lượng pin": "Lên đến 80 giờ", "Switch": "Huano transparent blue pink dot", "Số nút": "6", "Kích thước": "127.7mm x 63.7mm x 39.9mm", "Hệ điều hành tương thích": "Windows, macOS", "Phần mềm đi kèm": "Có"}',
            'Chuột gaming VGN VXE Dragonfly R1 SE+ là một sản phẩm chất lượng của VGN – thương hiệu nổi tiếng trong lĩnh vực thiết bị gaming. Được thiết kế đặc biệt cho các game thủ đòi hỏi sự chính xác và độ nhạy cao, hứa hẹn mang lại trải nghiệm chơi game tuyệt vời.\n\nVới một loạt các tính năng và công nghệ tiên tiến, Dragonfly R1 SE+ đem đến hiệu suất và độ ổn định. Cảm biến PAW3395 SE chính xác, độ phân giải cao và tốc độ phản hồi nhanh. Ngoài ra, thiết kế công thái học của chuột cũng được tối ưu hóa để mang lại sự thoải mái trong quá trình sử dụng trong thời gian dài.\n\nchuot-gaming-vgn-vxe-dragonfly-r1-se-plus\n\nTrang bị cảm biến hàng đầu PAW3395 SE\nCảm biến PAW3395 SE được trang bị trong chuột gaming VGN VXE Dragonfly R1 SE+, là một trong những yếu tố quan trọng định nghĩa chất lượng và hiệu suất của chuột. Cảm biến mang lại độ chính xác, tính linh hoạt và khả năng ổn định. Nhờ đó mà có thể nhận diện và thực hiện các chuyển động một cách nhất quán. Đây là tính năng quan trọng giúp cung cấp trải nghiệm chơi game mượt mà và mang lại lợi thế trong các trò chơi yêu cầu sự chính xác cao. Điều này làm tăng trải nghiệm chơi game, đặc biệt quan trọng trong các trò chơi yêu cầu sự nhanh nhạy và phản ứng nhanh như trò chơi FPS (First-Person Shooter) hoặc MOBA (Multiplayer Online Battle Arena).\n\nchuot-gaming-vgn-vxe-dragonfly-r1-se-plus\n\nTrang bị chipset Nordic có hiệu suất cao và độ trễ thấp\nChuột gaming VGN VXE Dragonfly R1 SE+ hiện được trang bị chipset Nordic mới nhất. Chipset là một yếu tố quan trọng giúp cải thiện hiệu suất, độ trễ và tăng cường phản hồi trong game. Đặc biệt, Chipset Nordic thường được tối ưu hóa để tiết kiệm năng lượng, giúp kéo dài thời gian sử dụng pin hoặc tuổi thọ của pin. \n\nchuot-gaming-vgn-vxe-dragonfly-r1-se-plus\n\nThiết kế siêu nhẹ 48g\nChuột Dragonfly R1 SE+ sở hữu kích thước gọn nhẹ 120.6 x 64 x 37.8 mm cùng trọng lượng chỉ 48g. Chuột được thiết kế với hình dáng công thái học cùng những đường nét cong mềm mại để ôm trọn lòng bàn tay người dùng, mang lại cảm giác thoải mái hơn khi chơi game và dễ dàng điều khiển. Form chuột phù hợp với kiểu cầm claw grip, bề mặt phủ nhám trơn trượt để không để lại dấu vân tay và dễ dàng vệ sinh làm sạch.\n\ndragonfly-r1-se-plus\n\nCông nghệ không dây thông minh SpeedX\nCông nghệ SpeedX được tối ưu hóa để giảm thiểu độ trễ giữa hành động của người dùng và phản ứng trên màn hình. Kết nối không dây ổn định và đáng tin cậy trong quá trình sử dụng, cung cấp trải nghiệm chơi game mượt mà và không gián đoạn kể cả trong môi trường nhiễu tín hiệu mạnh mẽ. \n\nDragonfly R1 SE+ với dung lượng pin 500mAh. Công nghệ tiết kiệm năng lượng giúp kéo dài thời gian sử dụng chuột lên đến 130 giờ. Điều này làm cho Dragonfly R1 SE+ trở thành một lựa chọn hợp lý cho những người dùng muốn sử dụng lâu dài mà không cần lo lắng về việc sạc pin thường xuyên.\n\ndragonfly-r1-se-plus\n\nCông tắc cơ học Kaihua GE và con lăn TTC Silver\nCông tắc cơ học Kaihua GE có độ nhạy cao và độ bền tốt, cảm giác nhấn mềm mại cùng tuổi thọ cao, thích hợp với người dùng đang tìm kiếm một con chuột để sử dụng lâu dài.\n\nCon lăn TTC Silver mang lại sự nhạy bén, đáng tin cậy và linh hoạt, tạo ra một trải nghiệm chơi game tốt hơn cho người dùng.\n\ndragonfly-r1-se-plus\n\nBa chế độ kết nối\nDragonfly R1 SE+ trang bị ba chế độ kết nối phổ biến: Không dây 2.4 Ghz, Bluetooth và có dây USB-C. Chuột được thiết kế để tương thích với nhiều thiết bị và hệ điều hành khác nhau. Sử dụng chế độ USB có dây để sạc nhanh trong khi chơi.\n\ndragonfly-r1-se-plus\n\nPhần mềm VHUB\nPhần mềm hỗ trợ tùy chỉnh chỉ số DPI, macro, hiệu suất chuột và nhiều thông số khác.\n\nTính năng điều chỉnh DPI linh hoạt, cho phép người dùng tinh chỉnh độ nhạy của chuột theo sở thích cá nhân và nhu cầu trong game. Điều này giúp người chơi tùy chỉnh cảm giác và tốc độ di chuyển của con chuột phù hợp với mọi tình huống chơi game.',
            12, 'https://product.hstatic.net/200000722513/product/fly-r1-se-plus-_se-__---black-white--hang-chinh-hang---bh-12-thang-_9__e981781ce15040e9a27e46912084474a.jpg', '2024-05-06T08:10:47+00:00',1);
        
INSERT INTO product_image (name, product_variant_id, image_url, is_main)
VALUES
    ('Ảnh 1', 533, 'https://product.hstatic.net/200000722513/product/fly-r1-se-plus-_se-__---black-white--hang-chinh-hang---bh-12-thang-_9__e981781ce15040e9a27e46912084474a.jpg', TRUE);
---
INSERT INTO product (name, seo_name, brand_id, specifications, description, created_by, image_url) 
    VALUES (
        'Chuột không dây Corsair Darkstar RGB (CH-931A011-AP)', 'chuot-khong-day-corsair-darkstar-rgb-ch-931a011-ap', 5,
        '{"Kết nối": "Không dây / Bluetooth", "Thời lượng pin": "Không dây: Lên đến 65 giờ, Bluetooth: Lên đến 80 giờ", "Led": "RGB", "Cảm biến": "Marksman 26K", "DPI": "26000", "Switch": "Optical"}',
        'Chuột không dây Corsair Darkstar RGB (CH-931A011-AP) là một lựa chọn hoàn hảo dành cho các game thủ chuyên nghiệp và những ai yêu thích sự linh hoạt cùng hiệu suất đỉnh cao. Với thiết kế công thái học vượt trội, Darkstar RGB đảm bảo sự thoải mái tối đa ngay cả trong những phiên chơi game kéo dài, ôm vừa vặn trong lòng bàn tay, giảm thiểu mệt mỏi. Được trang bị cảm biến quang học Corsair Marksman tiên tiến với độ nhạy lên đến 26.000 DPI, chuột mang lại độ chính xác gần như tuyệt đối, cho phép mọi cử động, mọi cú click đều được ghi nhận một cách hoàn hảo. Tần số phản hồi siêu nhanh 2.000Hz qua công nghệ Slipstream Wireless độc quyền của Corsair đảm bảo độ trễ gần như bằng không, mang lại trải nghiệm không dây mượt mà như chuột có dây. Ngoài ra, Darkstar RGB còn tích hợp 11 nút lập trình được, cho phép người dùng tùy chỉnh macro, gán các lệnh phức tạp hoặc điều khiển media một cách dễ dàng thông qua phần mềm iCUE mạnh mẽ của Corsair. Hệ thống đèn nền RGB động với 5 vùng chiếu sáng riêng biệt có thể đồng bộ hóa với các thiết bị Corsair khác, tạo nên một không gian chơi game đầy màu sắc và cá tính. Với thời lượng pin ấn tượng lên đến 80 giờ khi kết nối qua Bluetooth hoặc 65 giờ qua Slipstream Wireless (tắt đèn RGB), Darkstar RGB cho phép bạn chiến game không ngừng nghỉ. Chuột cũng hỗ trợ sạc nhanh qua cổng USB-C, giúp bạn nhanh chóng trở lại cuộc chơi. Trọng lượng nhẹ cùng feet chuột PTFE ma sát thấp giúp lướt mượt mà trên mọi bề mặt, biến Corsair Darkstar RGB thành vũ khí tối thượng, đưa bạn đến chiến thắng trong mọi trận chiến.',
        1, 'https://product.hstatic.net/200000722513/product/zkcjs5el_4e9208da4d9648fba24bf590fed636cd.png'
    );
INSERT INTO product_category (product_id, category_id) VALUES (534, 27);
INSERT INTO product_variant (
        product_id, name, seo_name, supplier_id, price, price_sale, quantity, sku, model, barcode, 
        specifications, description, warranty, image_url, release_at, created_by)
        VALUES ( 534, 'Chuột không dây Corsair Darkstar RGB (CH-931A011-AP)', 'chuot-khong-day-corsair-darkstar-rgb-ch-931a011-ap',
            1, 3990000, 3590000, 10, 'CHU-COR-DARKSTAR-RGB',
            'CHU-COR-DARKSTAR-RGB', 'CHU-COR-DARKSTAR-RGB',
            '{"Model": "DARKSTAR RGB (CH-931A011-AP)","Loại chuột": "Wireless","Kích thước bàn tay": "Lớn","Cảm biến": "Cảm biến quang học (Optical)","DPI (Tối thiểu / Tối đa)": "26000 DPI","Độ bền nút (Trái/Phải)": "50 triệu lần nhấn","LED": "1 vùng RGB","Thể loại game tương thích": "MMO; MOBA; RTS","Độ dài cáp": "1.8 m","Cân nặng": "96g (không bao gồm cáp)","Tương thích": "PC hoặc Mac có c. cổng USB 2.0 Type-A; Windows® 10, Windows® 11; macOS® 10.15 trở lên; Cần kết nối internet để tải phần mềm iCUE","Số nút": "15","Switch": "Omron","Pin (USB 2.4GHz Slipstream)": "Lên đến 65 giờ sử dụng liên tục","Pin (Bluetooth)": "Lên đến 80 giờ sử dụng liên tục","Kết nối": "USB 2.4GHz Slipstream, Bluetooth","Bảo hành": "2 năm"}',
            'Chuột không dây Corsair Darkstar RGB (CH-931A011-AP) là một lựa chọn hoàn hảo dành cho các game thủ chuyên nghiệp và những ai yêu thích sự linh hoạt cùng hiệu suất đỉnh cao. Với thiết kế công thái học vượt trội, Darkstar RGB đảm bảo sự thoải mái tối đa ngay cả trong những phiên chơi game kéo dài, ôm vừa vặn trong lòng bàn tay, giảm thiểu mệt mỏi. Được trang bị cảm biến quang học Corsair Marksman tiên tiến với độ nhạy lên đến 26.000 DPI, chuột mang lại độ chính xác gần như tuyệt đối, cho phép mọi cử động, mọi cú click đều được ghi nhận một cách hoàn hảo. Tần số phản hồi siêu nhanh 2.000Hz qua công nghệ Slipstream Wireless độc quyền của Corsair đảm bảo độ trễ gần như bằng không, mang lại trải nghiệm không dây mượt mà như chuột có dây. Ngoài ra, Darkstar RGB còn tích hợp 11 nút lập trình được, cho phép người dùng tùy chỉnh macro, gán các lệnh phức tạp hoặc điều khiển media một cách dễ dàng thông qua phần mềm iCUE mạnh mẽ của Corsair. Hệ thống đèn nền RGB động với 5 vùng chiếu sáng riêng biệt có thể đồng bộ hóa với các thiết bị Corsair khác, tạo nên một không gian chơi game đầy màu sắc và cá tính. Với thời lượng pin ấn tượng lên đến 80 giờ khi kết nối qua Bluetooth hoặc 65 giờ qua Slipstream Wireless (tắt đèn RGB), Darkstar RGB cho phép bạn chiến game không ngừng nghỉ. Chuột cũng hỗ trợ sạc nhanh qua cổng USB-C, giúp bạn nhanh chóng trở lại cuộc chơi. Trọng lượng nhẹ cùng feet chuột PTFE ma sát thấp giúp lướt mượt mà trên mọi bề mặt, biến Corsair Darkstar RGB thành vũ khí tối thượng, đưa bạn đến chiến thắng trong mọi trận chiến.',
            24, 'https://product.hstatic.net/200000722513/product/zkcjs5el_4e9208da4d9648fba24bf590fed636cd.png', '2024-05-03T08:55:35+00:00',1);
        
INSERT INTO product_image (name, product_variant_id, image_url, is_main)
VALUES
    ('Ảnh 1', 534, 'https://product.hstatic.net/200000722513/product/zkcjs5el_4e9208da4d9648fba24bf590fed636cd.png', TRUE),
    ('Ảnh 2', 534, 'https://product.hstatic.net/200000722513/product/4dywf2sh_aaf9095c5f604198ba15257cd3bbcb84.png', FALSE),
    ('Ảnh 3', 534, 'https://product.hstatic.net/200000722513/product/sfnvk9vc_8a38e9948c8147e59cb59a4b08ff7757.png', FALSE),
    ('Ảnh 4', 534, 'https://product.hstatic.net/200000722513/product/riup6haq_b412064379c04dcd8ea29a7042fdbb6b.png', FALSE),
    ('Ảnh 5', 534, 'https://product.hstatic.net/200000722513/product/0o6qlqve_83e210487fb64775a16dd18acc5b5bce.png', FALSE),
    ('Ảnh 6', 534, 'https://product.hstatic.net/200000722513/product/xp5012cb_5688b335a81549ad9646f7bcddc2814a.png', FALSE);
---
