INSERT INTO product (name, seo_name, brand_id, specifications, description, created_by, image_url) 
    VALUES (
        'Màn hình AOC 24G11ZE 24" Fast IPS 240Hz chuyên game', 'man-hinh-aoc-24g11ze-24-fast-ips-240hz-chuyen-game', 54,
        '{"Nhà sản xuất": "AOC"}',
        'Màn hình AOC 24G11ZE 24\" Fast IPS 240Hz chuyên game là lựa chọn hoàn hảo cho những game thủ tìm kiếm trải nghiệm đỉnh cao và lợi thế cạnh tranh vượt trội. Với tấm nền Fast IPS tiên tiến, màn hình này không chỉ mang đến màu sắc sống động, độ tương phản ấn tượng và góc nhìn rộng, mà còn đảm bảo tốc độ phản hồi cực nhanh, thường là 1ms GtG, loại bỏ hiện tượng bóng ma và nhòe hình trong các pha hành động tốc độ cao. Tần số quét 240Hz siêu mượt là điểm nhấn không thể bỏ qua, giúp mọi chuyển động trong game trở nên trôi chảy đến khó tin, cho phép bạn phản ứng nhanh hơn và nắm bắt mọi khoảnh khắc quan trọng. Kích thước 24 inch là lý tưởng cho thi đấu chuyên nghiệp, vừa vặn tầm nhìn mà không cần phải đảo mắt quá nhiều. Độ phân giải Full HD (1920x1080) tối ưu hóa hiệu suất, đảm bảo card đồ họa của bạn có thể đạt được khung hình cao nhất. Sản phẩm còn tích hợp công nghệ Adaptive Sync (FreeSync Premium) để đồng bộ hóa tần số quét của màn hình với GPU, loại bỏ hoàn toàn hiện tượng xé hình và giật lag, mang lại trải nghiệm chơi game mượt mà không gián đoạn. Thiết kế viền mỏng ba cạnh mang lại không gian hiển thị rộng rãi và phù hợp cho thiết lập đa màn hình. Các tính năng hỗ trợ game thủ như Crosshair Overlay, chế độ tùy chỉnh game (FPS, RTS), và công nghệ bảo vệ mắt Flicker-Free cùng Low Blue Light giúp bạn thoải mái chiến đấu hàng giờ liền mà không lo mỏi mắt. Cổng kết nối đa dạng bao gồm DisplayPort và HDMI, đảm bảo khả năng tương thích rộng rãi với nhiều thiết bị khác nhau. Đây chắc chắn là công cụ đắc lực để bạn vươn tới chiến thắng.',
        1, 'https://cdn.hstatic.net/products/200000722513/aoc_24g11ze_gearvn_833138fa3d134dbc8a02a337198c99d5.jpg'
    );
INSERT INTO product_category (product_id, category_id) VALUES (642, 16);
INSERT INTO product_variant (
        product_id, name, seo_name, supplier_id, price, price_sale, quantity, sku, model, barcode, 
        specifications, description, warranty, image_url, release_at, created_by)
        VALUES ( 642, 'Màn hình AOC 24G11ZE 24" Fast IPS 240Hz chuyên game', 'man-hinh-aoc-24g11ze-24-fast-ips-240hz-chuyen-game',
            1, 3190000, 2790000, 10, 'MAN-AOC-24G11ZE',
            'MAN-AOC-24G11ZE', 'MAN-AOC-24G11ZE',
            '{"Kích thước màn hình": "24 inch","Công nghệ tấm nền": "Fast IPS","Tần số quét": "240Hz","Thời gian phản hồi": "1ms (GtG) / 0.3ms (MPRT)","Độ phân giải": "Full HD (1920 x 1080)","Độ sáng": "300 cd/m²","Không gian màu": "127% sRGB / 94% DCI-P3","Tương thích VESA": "100x100","Khử nhấp nháy": "Có","Công nghệ bảo vệ mắt": "Low Blue Mode","Kết nối": "HDMI 2.0, DisplayPort 1.4","Hỗ trợ HDR": "HDR10"}',
            'Màn hình cong Samsung Odyssey G9 LS49CG954EE 49\" là một trong những sản phẩm nổi bật trong dòng màn hình chơi game cao cấp. Với kích thước màn hình lớn cùng độ phân giải 2K và tần số quét 240Hz, sản phẩm này hứa hẹn sẽ mang đến trải nghiệm gaming tuyệt vời cho người dùng. Dưới đây, hãy cùng tìm hiểu chi tiết về các đặc tính và tính năng nổi bật của màn hình máy tính này.\n\nMàn hình cong Samsung Odyssey G9 LS49CG954EE 49\n\nThiết kế tương lai, kiến tạo không gian làm việc và giải trí đỉnh cao\nMàn hình cong Samsung Odyssey G9 LS49CG954EE được thiết kế với kiểu dáng đẹp mắt và hiện đại. Màn hình với tỉ lệ 32:9 giúp tăng cường sự trải nghiệm, cho phép người dùng có cái nhìn bao quát hơn trong các trò chơi cũng như trong công việc. Ngoài ra, thiết kế cong với độ cong 1000R gần giống với đường cong của mắt người, giúp giảm mỏi mắt và mang đến cảm giác chân thực hơn.\n\nMàn hình cong Samsung Odyssey G9 LS49CG954EE 49\n\nMặt sau của màn hình được thiết kế với phong cách tối giản nhưng không kém phần mạnh mẽ. Hệ thống đèn nền Infinity Core Lighting với khả năng tùy chỉnh màu sắc và hiệu ứng đa dạng không chỉ tạo điểm nhấn thẩm mỹ mà còn góp phần tạo nên không gian gaming hoặc làm việc cá tính. Chân đế kim loại chắc chắn, có khả năng điều chỉnh độ cao, góc nghiêng và xoay, giúp người dùng dễ dàng tìm được vị trí xem thoải mái và công thái học nhất.\n\nKích thước siêu rộng 49 inch và độ phân giải Dual QHD\nĐiểm nổi bật nhất của Odyssey G9 LS49CG954EE chính là kích thước siêu rộng 49 inch với tỷ lệ khung hình 32:9. Không gian hiển thị khổng lồ này tương đương với việc ghép nối hai màn hình 27 inch QHD lại với nhau, loại bỏ hoàn toàn viền giữa gây khó chịu. Độ phân giải Dual QHD (5120 x 1440) mang đến mật độ điểm ảnh cao, hình ảnh sắc nét và chi tiết đáng kinh ngạc, cho dù bạn đang chơi game, xem phim hay làm việc đa nhiệm.\n\nMàn hình cong Samsung Odyssey G9 LS49CG954EE 49\n\nTần số quét 240Hz và thời gian phản hồi 1ms\nĐối với một màn hình gaming cao cấp, tần số quét và thời gian phản hồi là những yếu tố sống còn. Odyssey G9 LS49CG954EE sở hữu tần số quét siêu tốc 240Hz, cho phép hiển thị tới 240 khung hình mỗi giây. Kết hợp với thời gian phản hồi chỉ 1ms (GtG), mọi chuyển động trên màn hình đều trở nên mượt mà, sắc nét, giảm thiểu tối đa hiện tượng bóng mờ và xé hình. Điều này đặc biệt quan trọng trong các tựa game hành động nhanh, đòi hỏi phản xạ tức thời.\n\nMàn hình cong Samsung Odyssey G9 LS49CG954EE 49\n\nCông nghệ Quantum Dot và HDR1000\nSamsung trang bị cho Odyssey G9 LS49CG954EE công nghệ Quantum Dot tiên tiến, cho khả năng hiển thị 1.07 tỷ màu với độ phủ màu DCI-P3 lên đến 95%. Nhờ đó, hình ảnh trở nên sống động, rực rỡ và chân thực hơn bao giờ hết. Chứng nhận VESA DisplayHDR 1000 đảm bảo màn hình có khả năng hiển thị độ sáng tối đa lên đến 1000 nits, mang đến độ tương phản tuyệt vời giữa vùng sáng và vùng tối, giúp các chi tiết ẩn trong bóng tối hoặc vùng sáng chói trở nên rõ ràng hơn.\n\nMàn hình cong Samsung Odyssey G9 LS49CG954EE 49\n\nAMD FreeSync Premium Pro loại bỏ hiện tượng xé hình và giật lag\nĐể mang đến trải nghiệm gaming mượt mà nhất, Odyssey G9 LS49CG954EE được tích hợp công nghệ AMD FreeSync Premium Pro. Công nghệ này đồng bộ hóa tần số quét của màn hình với tốc độ khung hình của card đồ họa AMD tương thích, loại bỏ hoàn toàn hiện tượng xé hình và giảm thiểu tối đa tình trạng giật lag, mang đến những giờ phút gaming liền mạch và không bị gián đoạn.\n\nKết nối đa dạng\nMàn hình trang bị nhiều cổng kết nối, bao gồm DisplayPort 1.4, HDMI 2.0 và USB Hub 3.0, cho phép người dùng có thể kết nối dễ dàng với các thiết bị ngoại vi và trải nghiệm nội dung một cách dễ dàng. Điều này giúp tối ưu hóa hiệu suất và linh hoạt trong việc sử dụng.\n\nMàn hình cong Samsung Odyssey G9 LS49CG954EE 49\n\nCác tính năng thông minh và tiện ích vượt trội\nKhông chỉ sở hữu hiệu năng hiển thị ấn tượng, Odyssey G9 LS49CG954EE còn được trang bị nhiều tính năng thông minh và tiện ích, nâng cao trải nghiệm người dùng:\n\nPicture-by-Picture (PBP) và Picture-in-Picture (PIP): Cho phép hiển thị đồng thời nội dung từ hai nguồn khác nhau trên cùng một màn hình, tăng cường khả năng đa nhiệm.\n\nChế độ Low Input Lag: Giảm thiểu độ trễ đầu vào, mang lại lợi thế cạnh tranh trong các tựa game đối kháng.\n\nEye Saver Mode và Flicker Free: Giúp giảm thiểu ánh sáng xanh có hại và hiện tượng nhấp nháy màn hình, bảo vệ đôi mắt của người dùng khi sử dụng trong thời gian dài.\n\nAuto Source Switch+: Tự động nhận diện và chuyển đổi sang nguồn tín hiệu đầu vào đang hoạt động.',
            36, 'https://cdn.hstatic.net/products/200000722513/aoc_24g11ze_gearvn_833138fa3d134dbc8a02a337198c99d5.jpg', '2025-07-24T09:54:08+00:00',1);
        
INSERT INTO product_image (name, product_variant_id, image_url, is_main)
VALUES
    ('Ảnh 1', 642, 'https://cdn.hstatic.net/products/200000722513/aoc_24g11ze_gearvn_833138fa3d134dbc8a02a337198c99d5.jpg', TRUE),
    ('Ảnh 2', 642, 'https://cdn.hstatic.net/products/200000722513/24g11ze_b_42db300045cd470899de3b4c339f5acb.png', FALSE),
    ('Ảnh 3', 642, 'https://cdn.hstatic.net/products/200000722513/24g11ze_bkl_aa395f108fc8424a82c582ff607f0a5f.png', FALSE),
    ('Ảnh 4', 642, 'https://cdn.hstatic.net/products/200000722513/24g11ze_ftl_0b06f94de2784be2bba6a891e5d0f214.png', FALSE),
    ('Ảnh 5', 642, 'https://cdn.hstatic.net/products/200000722513/24g11ze_ftr_d0204fdf91364a93a1b5ee4aa2c16a7e.png', FALSE),
    ('Ảnh 6', 642, 'https://cdn.hstatic.net/products/200000722513/24g11ze_io_59a2ae915ce148f99ab13d8cdb03993f.png', FALSE),
    ('Ảnh 7', 642, 'https://cdn.hstatic.net/products/200000722513/24g11ze_s_bff61f37508f4d7b8fe9971e687960a7.png', FALSE),
    ('Ảnh 8', 642, 'https://cdn.hstatic.net/products/200000722513/24g11ze_t_ed5eb1da454a4615a652b7a47bb560e9.png', FALSE);
---
INSERT INTO product (name, seo_name, brand_id, specifications, description, created_by, image_url) 
    VALUES (
        'Màn hình ViewSonic ColorPro VP2456A 24" IPS 120Hz USBC chuyên đồ hoạ', 'man-hinh-viewsonic-colorpro-vp2456a-24-ips-120hz-usbc-chuyen-do-hoa', 55,
        '{"Nhà sản xuất": "ViewSonic"}',
        'Màn hình ViewSonic ColorPro VP2456A 24\" IPS 120Hz USB-C là lựa chọn lý tưởng cho các chuyên gia đồ họa, nhiếp ảnh và biên tập video đòi hỏi độ chính xác màu sắc tuyệt đối. Với tấm nền IPS cao cấp, màn hình này mang lại góc nhìn rộng và tái tạo màu sắc sống động, chân thực, đảm bảo rằng mọi chi tiết trong tác phẩm của bạn được hiển thị một cách trung thực nhất. Công nghệ ColorPro đảm bảo độ chính xác màu Delta E < 2, cùng với việc được hiệu chỉnh trước tại nhà máy, mang đến khả năng hiển thị màu sắc vượt trội ngay khi xuất xưởng. Tần số quét 120Hz không chỉ giúp trải nghiệm làm việc mượt mà hơn, giảm mỏi mắt khi di chuyển chuột hay cuộn trang, mà còn nâng cao hiệu suất làm việc tổng thể. Đặc biệt, cổng USB-C đa năng cho phép kết nối một dây duy nhất để truyền tải dữ liệu, video và cấp nguồn cho laptop, giúp bàn làm việc gọn gàng và hiệu quả. Ngoài ra, màn hình còn tích hợp các cổng kết nối phổ biến như HDMI và DisplayPort, cùng hub USB để dễ dàng kết nối các thiết bị ngoại vi. Thiết kế công thái học với khả năng điều chỉnh độ cao, xoay, nghiêng và xoay trục (pivot) giúp người dùng dễ dàng tìm được tư thế làm việc thoải mái nhất trong thời gian dài.',
        1, 'https://cdn.hstatic.net/products/200000722513/view_vp2456a_gearvn_d787d732d11c44938e47df4263d7163b.jpg'
    );
INSERT INTO product_category (product_id, category_id) VALUES (643, 16);
INSERT INTO product_variant (
        product_id, name, seo_name, supplier_id, price, price_sale, quantity, sku, model, barcode, 
        specifications, description, warranty, image_url, release_at, created_by)
        VALUES ( 643, 'Màn hình ViewSonic ColorPro VP2456A 24" IPS 120Hz USBC chuyên đồ hoạ', 'man-hinh-viewsonic-colorpro-vp2456a-24-ips-120hz-usbc-chuyen-do-hoa',
            1, 6590000, 5290000, 10, 'MAN-VIE-VP2456A',
            'MAN-VIE-VP2456A', 'MAN-VIE-VP2456A',
            '{"Tên sản phẩm": "ViewSonic ColorPro VP2456A","Kích thước màn hình": "24 inch","Tấm nền": "IPS","Độ phân giải": "1920 x 1080 (FHD)","Tốc độ làm mới": "120Hz","Thời gian đáp ứng": "5ms","Tỷ lệ tương phản tĩnh": "1500:1","Độ sáng": "250 cd/m²","Gam màu": "100% sRGB","Chứng nhận": "Pantone Validated","Cổng kết nối": "USB-C (90W), HDMI 1.4, DisplayPort 1.2, USB-A 3.2","Tính năng": "Chân đế công thái học, Tự động xoay (Auto Pivot)"}',
            'Màn hình ViewSonic ColorPro VP2456A 24\" IPS 120Hz USB-C là lựa chọn lý tưởng cho các chuyên gia đồ họa, nhiếp ảnh và biên tập video đòi hỏi độ chính xác màu sắc tuyệt đối. Với tấm nền IPS cao cấp, màn hình này mang lại góc nhìn rộng và tái tạo màu sắc sống động, chân thực, đảm bảo rằng mọi chi tiết trong tác phẩm của bạn được hiển thị một cách trung thực nhất. Công nghệ ColorPro đảm bảo độ chính xác màu Delta E < 2, cùng với việc được hiệu chỉnh trước tại nhà máy, mang đến khả năng hiển thị màu sắc vượt trội ngay khi xuất xưởng. Tần số quét 120Hz không chỉ giúp trải nghiệm làm việc mượt mà hơn, giảm mỏi mắt khi di chuyển chuột hay cuộn trang, mà còn nâng cao hiệu suất làm việc tổng thể. Đặc biệt, cổng USB-C đa năng cho phép kết nối một dây duy nhất để truyền tải dữ liệu, video và cấp nguồn cho laptop, giúp bàn làm việc gọn gàng và hiệu quả. Ngoài ra, màn hình còn tích hợp các cổng kết nối phổ biến như HDMI và DisplayPort, cùng hub USB để dễ dàng kết nối các thiết bị ngoại vi. Thiết kế công thái học với khả năng điều chỉnh độ cao, xoay, nghiêng và xoay trục (pivot) giúp người dùng dễ dàng tìm được tư thế làm việc thoải mái nhất trong thời gian dài.',
            36, 'https://cdn.hstatic.net/products/200000722513/view_vp2456a_gearvn_d787d732d11c44938e47df4263d7163b.jpg', '2025-07-22T07:14:52+00:00',1);
        
INSERT INTO product_image (name, product_variant_id, image_url, is_main)
VALUES
    ('Ảnh 1', 643, 'https://cdn.hstatic.net/products/200000722513/view_vp2456a_gearvn_d787d732d11c44938e47df4263d7163b.jpg', TRUE),
    ('Ảnh 2', 643, 'https://cdn.hstatic.net/products/200000722513/gpg-25-mon-vp2456a-product_photo_b01_8ceddbc0ca6c4c39be0990251b38c9fe.png', FALSE),
    ('Ảnh 3', 643, 'https://cdn.hstatic.net/products/200000722513/gpg-25-mon-vp2456a-product_photo_c01_7dcd3383ff914218bbdf58e4fcafdc37.png', FALSE),
    ('Ảnh 4', 643, 'https://cdn.hstatic.net/products/200000722513/gpg-25-mon-vp2456a-product_photo_f03_95a5c5ff8f454cddbb450e44bd141b3f.png', FALSE),
    ('Ảnh 5', 643, 'https://cdn.hstatic.net/products/200000722513/gpg-25-mon-vp2456a-product_photo_l02_d5a16d31552f485486bb80f7e37f85c1.png', FALSE),
    ('Ảnh 6', 643, 'https://cdn.hstatic.net/products/200000722513/gpg-25-mon-vp2456a-product_photo_lb01_551b18f49561402dbf23566d8db8a39d.png', FALSE),
    ('Ảnh 7', 643, 'https://cdn.hstatic.net/products/200000722513/gpg-25-mon-vp2456a-product_photo_lb02_0a494e19d9214f809aac9e4dcf4aa9a4.png', FALSE),
    ('Ảnh 8', 643, 'https://cdn.hstatic.net/products/200000722513/gpg-25-mon-vp2456a-product_photo_lf01_c81f59051a7644878e50ad0035b7b979.png', FALSE),
    ('Ảnh 9', 643, 'https://cdn.hstatic.net/products/200000722513/gpg-25-mon-vp2456a-product_photo_rb01_206e915fe3b8404b8b46a6b4af4cc003.png', FALSE),
    ('Ảnh 10', 643, 'https://cdn.hstatic.net/products/200000722513/gpg-25-mon-vp2456a-product_photo_rf02_22343811d2b54bd194690218bf10a665.png', FALSE);
---
INSERT INTO product (name, seo_name, brand_id, specifications, description, created_by, image_url) 
    VALUES (
        'Màn hình AOC CS25G 25" Fast IPS 310Hz Gsync chuyên game', 'man-hinh-aoc-cs25g-25-fast-ips-310hz-gsync-chuyen-game', 54,
        '{"Tên sản phẩm":"CS25G","Kích thước màn hình":"24.5 inch","Tấm nền":"Fast IPS","Pixel Pitch":"0.2832 (H) × 0.2802 (V)","Vùng xem hiệu quả":"543.744 (H) × 302.616 (V) mm","Độ sáng":"350 cd/m²","Độ tương phản":"1000:1 (Typical) MEGA DCR","Tốc độ phản hồi":"0.3ms (MPRT) / 1ms (GtG)","Góc nhìn":"178° (H) / 178° (V)","Gam màu":"NTSC 100% (CIE1976) / sRGB 117% (CIE1931) / DCI-P3 91% (CIE1976)","Độ chính xác màu":"Delta E < 2","Độ phân giải tối ưu":"1920 × 1080 @ 310Hz (OC) – DisplayPort 1.4; 1920 × 1080 @ 240Hz – HDMI 2.0","Màu hiển thị":"16.7 Million","Đầu vào tín hiệu":"HDMI 2.0 × 2, DisplayPort 1.4 × 1","HDCP version":"HDMI: 2.3 / DisplayPort: 2.3","Cổng USB":"No","Nguồn điện":"Internal 100 - 240V～1.5A, 50/60Hz","Điện tiêu thụ (typical)":"30W","Loa":"No","Line in & Tai nghe":"Earphone","Treo tường":"100mm x 100mm","Khả năng điều chỉnh chân đế":"Height: 130mm, Swivel: -30° ~ 30°, Pivot: -90° ~ 90°, Tilt: -5° ~ 23°","Sản phẩm không có chân đế":"324.8 (H) × 560.1 (W) × 52.1 (D) mm","Sản phẩm với chân đế":"380.6~498.5 (H) × 560.1 (W) × 207.6 (D) mm","Kích thước thùng":"481 (H) × 780 (W) × 162 (D) mm","Sản phẩm không có chân đế (kg)":"2.81","Sản phẩm với chân đế (kg)":"4.63","Sản phẩm có bao bì (kg)":"8.15","Cabinet Color":"Black & Golden","Chứng nhận":"CE / CB / FCC / RoHS"}',
        'Đối với game thủ FPS, màn hình trang bị tần số quét cao là một yếu tố không thể thiếu và luôn mang lại những lợi thế tuyệt vời trong những trận chiến căng thẳng, đặc biệt với tựa game CS2 (hay CS:GO).\n\nNgoại hình đẹp mắt với skin CS2\nGiữ vững ngôn ngữ thiết kế mạnh mẽ của biết bao chiếc màn hình gaming, đó vẫn là ngoại hình góc cạnh trên mặt sau của chiếc màn hình AOC CS25G, những đường nét tối giản nhưng vẫn đậm chất gaming cùng điểm nhấn cực độc đáo là logo AOC Gaming và logo của tựa game CS2. Đó cũng chính là điều tạo nên sự đặc biệt cho chiếc màn hình AOC khi sản phẩm này là sự kết hợp giữa AOC và tựa game bắn súng đình đám đến từ nhà Valve mang đến cho fan của CS2. Đó còn là phần chân đế sử dụng tông màu quen thuộc mà những game thủ lão làng của CS2 không thể không nhận ra cùng với những biểu tượng như nhân vật, khẩu súng AWP nổi tiếng của tựa game. Nếu là một fan chân chính của tựa game CS2 này thì đừng ngần ngại mà cho AOC CS25G vào wishlist của mình khi build PC nhé !\n\n- Màn hình AOC CS25G 25\n\nTốc độ trong từng pha xử lý với 310Hz\nĐiểm nổi bật khi nhắc đến màn hình AOC CS25G chính là tần số quét lên đến 310Hz – một con số vô cùng ấn tượng trong phân khúc màn hình gaming dưới 5 triệu. Đây có thể được xem như món “vũ khí” tối thượng mà chiếc màn hình AOC có thể đem lại cho game thủ chúng ta. Ở con số tần số quét này những hiện tượng bóng mờ sẽ giảm thiểu để lại những hình ảnh cùng khung hình siêu mượt mà, qua đó cũng mang lại những pha xử lý trong các tựa game FPS, MOBA hay đua xe tốc độ cao. Cùng với thời gian phản hồi chỉ 0.3ms, AOC CS25G sẽ bắt trọn mọi hành động của đối thủ và đem lại cho bạn những lợi thế nhất định trong những trận chiến căng thẳng.\n\n- Màn hình AOC CS25G 25\n\nTấm nền Fast IPS bắt kịp mọi chuyển động\nLà nền tảng cho tốc độ trong từng pha đấu súng cùng AOC CS25G sẽ là tấm nền Fast IPS hiện đại. Không chỉ đảm bảo về góc nhìn mà những yếu tố về hình ảnh như màu sắc, độ sắc nét trên Fast IPS đều được nâng cấp một bậc so với tấm nền IPS. Tất cả đều hướng đến hiệu suất gaming đỉnh cao nhất cho mọi game thủ.\n\n- Màn hình AOC CS25G 25\n\nNhững công nghệ và chuẩn hiển thị hỗ trợ hiện đại \nGia tăng thêm khả năng tương thích của AOC CS25G sẽ là công nghệ G-Sync đến từ NVIDIA để đảm bảo từng khung hình liền mạch, xóa bỏ tình trạng xé màn hình khó chịu khi nâng cao khả năng kết nối giữa card màn hình và màn hình máy tính. Ngoài ra, chứng nhận VESA DisplayHDR 400 sẽ đảm bảo về mặt hiển thị với độ sáng tốt, hình ảnh khi có màu đen cũng sâu hơn và nịnh mắt hơn với nét chân thực và sống động nhất.\n\n- Màn hình AOC CS25G 25\n\nĐi kèm trên màn hình AOC CS25G còn những công nghệ hỗ trợ đỉnh cao nhất cho nhu cầu giải trí. Với AOC Input Low Lag, tăng cường thêm tốc độ phản hồi để cho bạn bắt kịp và đưa ra phản ứng kịp thời nhất. Ngoài ra, ngay trên AOC CS25G là cài đặt AOC Game Mode cung cấp cho bạn những setting phù hợp theo từng thể loại game như FPS, đua xe, RTS hoặc tùy chỉnh cài đặt riêng cho phù hợp với tựa game của mình.',
        1, 'https://cdn.hstatic.net/products/200000722513/aoc_cs25g_310hz_gearvn_7654b3610132408cbc1c6c0dd1964d6d.jpg'
    );
INSERT INTO product_category (product_id, category_id) VALUES (644, 16);
INSERT INTO product_variant (
        product_id, name, seo_name, supplier_id, price, price_sale, quantity, sku, model, barcode, 
        specifications, description, warranty, image_url, release_at, created_by)
        VALUES ( 644, 'Màn hình AOC CS25G 25" Fast IPS 310Hz Gsync chuyên game', 'man-hinh-aoc-cs25g-25-fast-ips-310hz-gsync-chuyen-game',
            1, 5090000, 4790000, 10, 'MAN-AOC-CS25G',
            'MAN-AOC-CS25G', 'MAN-AOC-CS25G',
            '{"Tên sản phẩm":"CS25G","Kích thước màn hình":"24.5 inch","Tấm nền":"Fast IPS","Pixel Pitch":"0.2832 (H) × 0.2802 (V)","Vùng xem hiệu quả":"543.744 (H) × 302.616 (V) mm","Độ sáng":"350 cd/m²","Độ tương phản":"1000:1 (Typical) MEGA DCR","Tốc độ phản hồi":"0.3ms (MPRT) / 1ms (GtG)","Góc nhìn":"178° (H) / 178° (V)","Gam màu":"NTSC 100% (CIE1976) / sRGB 117% (CIE1931) / DCI-P3 91% (CIE1976)","Độ chính xác màu":"Delta E < 2","Độ phân giải tối ưu":"1920 × 1080 @ 310Hz (OC) – DisplayPort 1.4; 1920 × 1080 @ 240Hz – HDMI 2.0","Màu hiển thị":"16.7 Million","Đầu vào tín hiệu":"HDMI 2.0 × 2, DisplayPort 1.4 × 1","HDCP version":"HDMI: 2.3 / DisplayPort: 2.3","Cổng USB":"No","Nguồn điện":"Internal 100 - 240V～1.5A, 50/60Hz","Điện tiêu thụ (typical)":"30W","Loa":"No","Line in & Tai nghe":"Earphone","Treo tường":"100mm x 100mm","Khả năng điều chỉnh chân đế":"Height: 130mm, Swivel: -30° ~ 30°, Pivot: -90° ~ 90°, Tilt: -5° ~ 23°","Sản phẩm không có chân đế":"324.8 (H) × 560.1 (W) × 52.1 (D) mm","Sản phẩm với chân đế":"380.6~498.5 (H) × 560.1 (W) × 207.6 (D) mm","Kích thước thùng":"481 (H) × 780 (W) × 162 (D) mm","Sản phẩm không có chân đế (kg)":"2.81","Sản phẩm với chân đế (kg)":"4.63","Sản phẩm có bao bì (kg)":"8.15","Cabinet Color":"Black & Golden","Chứng nhận":"CE / CB / FCC / RoHS"}',
            'Đối với game thủ FPS, màn hình trang bị tần số quét cao là một yếu tố không thể thiếu và luôn mang lại những lợi thế tuyệt vời trong những trận chiến căng thẳng, đặc biệt với tựa game CS2 (hay CS:GO).\n\nNgoại hình đẹp mắt với skin CS2\nGiữ vững ngôn ngữ thiết kế mạnh mẽ của biết bao chiếc màn hình gaming, đó vẫn là ngoại hình góc cạnh trên mặt sau của chiếc màn hình AOC CS25G, những đường nét tối giản nhưng vẫn đậm chất gaming cùng điểm nhấn cực độc đáo là logo AOC Gaming và logo của tựa game CS2. Đó cũng chính là điều tạo nên sự đặc biệt cho chiếc màn hình AOC khi sản phẩm này là sự kết hợp giữa AOC và tựa game bắn súng đình đám đến từ nhà Valve mang đến cho fan của CS2. Đó còn là phần chân đế sử dụng tông màu quen thuộc mà những game thủ lão làng của CS2 không thể không nhận ra cùng với những biểu tượng như nhân vật, khẩu súng AWP nổi tiếng của tựa game. Nếu là một fan chân chính của tựa game CS2 này thì đừng ngần ngại mà cho AOC CS25G vào wishlist của mình khi build PC nhé !\n\n- Màn hình AOC CS25G 25\n\nTốc độ trong từng pha xử lý với 310Hz\nĐiểm nổi bật khi nhắc đến màn hình AOC CS25G chính là tần số quét lên đến 310Hz – một con số vô cùng ấn tượng trong phân khúc màn hình gaming dưới 5 triệu. Đây có thể được xem như món “vũ khí” tối thượng mà chiếc màn hình AOC có thể đem lại cho game thủ chúng ta. Ở con số tần số quét này những hiện tượng bóng mờ sẽ giảm thiểu để lại những hình ảnh cùng khung hình siêu mượt mà, qua đó cũng mang lại những pha xử lý trong các tựa game FPS, MOBA hay đua xe tốc độ cao. Cùng với thời gian phản hồi chỉ 0.3ms, AOC CS25G sẽ bắt trọn mọi hành động của đối thủ và đem lại cho bạn những lợi thế nhất định trong những trận chiến căng thẳng.\n\n- Màn hình AOC CS25G 25\n\nTấm nền Fast IPS bắt kịp mọi chuyển động\nLà nền tảng cho tốc độ trong từng pha đấu súng cùng AOC CS25G sẽ là tấm nền Fast IPS hiện đại. Không chỉ đảm bảo về góc nhìn mà những yếu tố về hình ảnh như màu sắc, độ sắc nét trên Fast IPS đều được nâng cấp một bậc so với tấm nền IPS. Tất cả đều hướng đến hiệu suất gaming đỉnh cao nhất cho mọi game thủ.\n\n- Màn hình AOC CS25G 25\n\nNhững công nghệ và chuẩn hiển thị hỗ trợ hiện đại \nGia tăng thêm khả năng tương thích của AOC CS25G sẽ là công nghệ G-Sync đến từ NVIDIA để đảm bảo từng khung hình liền mạch, xóa bỏ tình trạng xé màn hình khó chịu khi nâng cao khả năng kết nối giữa card màn hình và màn hình máy tính. Ngoài ra, chứng nhận VESA DisplayHDR 400 sẽ đảm bảo về mặt hiển thị với độ sáng tốt, hình ảnh khi có màu đen cũng sâu hơn và nịnh mắt hơn với nét chân thực và sống động nhất.\n\n- Màn hình AOC CS25G 25\n\nĐi kèm trên màn hình AOC CS25G còn những công nghệ hỗ trợ đỉnh cao nhất cho nhu cầu giải trí. Với AOC Input Low Lag, tăng cường thêm tốc độ phản hồi để cho bạn bắt kịp và đưa ra phản ứng kịp thời nhất. Ngoài ra, ngay trên AOC CS25G là cài đặt AOC Game Mode cung cấp cho bạn những setting phù hợp theo từng thể loại game như FPS, đua xe, RTS hoặc tùy chỉnh cài đặt riêng cho phù hợp với tựa game của mình.',
            36, 'https://cdn.hstatic.net/products/200000722513/aoc_cs25g_310hz_gearvn_7654b3610132408cbc1c6c0dd1964d6d.jpg', '2025-07-14T07:04:01+00:00',1);
        
INSERT INTO product_image (name, product_variant_id, image_url, is_main)
VALUES
    ('Ảnh 1', 644, 'https://cdn.hstatic.net/products/200000722513/aoc_cs25g_310hz_gearvn_7654b3610132408cbc1c6c0dd1964d6d.jpg', TRUE),
    ('Ảnh 2', 644, 'https://cdn.hstatic.net/products/200000722513/cs25g_b_e7962bcfbf084329ac38a04b601866e1.png', FALSE),
    ('Ảnh 3', 644, 'https://cdn.hstatic.net/products/200000722513/cs25g_bkl_6dd727236a4c446c94282f7c1028b822.png', FALSE),
    ('Ảnh 4', 644, 'https://cdn.hstatic.net/products/200000722513/cs25g_f_d3061a795d334680b09954d15e078528.png', FALSE),
    ('Ảnh 5', 644, 'https://cdn.hstatic.net/products/200000722513/cs25g_f_p_2b4322ea0a674e62a5492e7db27bb0af.png', FALSE),
    ('Ảnh 6', 644, 'https://cdn.hstatic.net/products/200000722513/cs25g_ftl_546060f3a0684c008b0c11db52037b15.png', FALSE),
    ('Ảnh 7', 644, 'https://cdn.hstatic.net/products/200000722513/cs25g_ftl_p_cc398c506b49439686667aa0bd08b662.png', FALSE),
    ('Ảnh 8', 644, 'https://cdn.hstatic.net/products/200000722513/cs25g_io_678742e0da98409e9fbfe10d03e810d6.png', FALSE),
    ('Ảnh 9', 644, 'https://cdn.hstatic.net/products/200000722513/cs25g_l_df41218f628f45f28ee154aaef549051.png', FALSE),
    ('Ảnh 10', 644, 'https://cdn.hstatic.net/products/200000722513/cs25g_t_52f2f6ba5d0c4f1abf23a9313cf37f87.png', FALSE);
---
INSERT INTO product (name, seo_name, brand_id, specifications, description, created_by, image_url) 
    VALUES (
        'Màn hình Viewsonic VA2432-H-2 24" IPS 100Hz viền mỏng', 'man-hinh-viewsonic-va2432-h-2-24-ips-100hz-vien-mong', 55,
        '{"Nhà sản xuất": "ViewSonic"}',
        'Màn hình Viewsonic VA2432-H-2 kích thước 24 inch là lựa chọn lý tưởng cho cả công việc và giải trí, mang lại trải nghiệm hình ảnh tuyệt vời. Được trang bị tấm nền IPS tiên tiến, màn hình này đảm bảo góc nhìn rộng 178 độ cả chiều ngang lẫn chiều dọc, giúp màu sắc và độ tương phản không bị biến đổi dù bạn nhìn từ bất kỳ vị trí nào. Độ phân giải Full HD (1920x1080) sắc nét cùng tần số quét 100Hz mượt mà là điểm cộng lớn, đặc biệt khi xem phim hành động hay chơi game nhẹ, giảm thiểu hiện tượng xé hình và giật lag, mang lại chuyển động liền mạch và chân thực hơn. Thiết kế viền mỏng (frameless) không chỉ tạo nên vẻ ngoài hiện đại, tinh tế mà còn tối ưu hóa không gian hiển thị, rất phù hợp cho thiết lập đa màn hình, cho phép chuyển đổi tầm nhìn mượt mà giữa các màn hình mà không bị gián đoạn. Công nghệ Flicker-Free và bộ lọc ánh sáng xanh tích hợp giúp bảo vệ mắt bạn khỏi mỏi mệt trong suốt quá trình sử dụng lâu dài, nâng cao sự thoải mái. Màn hình còn được trang bị đầy đủ các cổng kết nối phổ biến như HDMI và VGA, dễ dàng tương thích với nhiều thiết bị. Viewsonic VA2432-H-2 là sự kết hợp hoàn hảo giữa hiệu năng, thiết kế và công nghệ bảo vệ mắt, đáp ứng đa dạng nhu cầu của người dùng từ văn phòng đến giải trí gia đình.',
        1, 'https://cdn.hstatic.net/products/200000722513/view_va2432-h-2_gearvn_6c9b444681ce460d819fbbdb160d6c35.jpg'
    );
INSERT INTO product_category (product_id, category_id) VALUES (645, 16);
INSERT INTO product_variant (
        product_id, name, seo_name, supplier_id, price, price_sale, quantity, sku, model, barcode, 
        specifications, description, warranty, image_url, release_at, created_by)
        VALUES ( 645, 'Màn hình Viewsonic VA2432-H-2 24" IPS 100Hz viền mỏng', 'man-hinh-viewsonic-va2432-h-2-24-ips-100hz-vien-mong',
            1, 2590000, 1990000, 10, 'MAN-VIE-VA2432-H-2',
            'MAN-VIE-VA2432-H-2', 'MAN-VIE-VA2432-H-2',
            '{"Kích thước màn hình": "24 inch","Loại tấm nền": "IPS","Tần số quét": "100Hz","Thời gian phản hồi": "1ms","Độ phân giải": "Full HD (1920 x 1080)","Cổng kết nối": "HDMI 1.4, VGA","Thiết kế": "Viền mỏng 3 cạnh","Công nghệ": "SuperClear IPS, Flicker-Free, Bộ lọc ánh sáng xanh","Tương thích VESA": "75 x 75 mm","Độ sáng": "250 cd/m²","Không gian màu": "104% sRGB"}',
            'Màn hình Viewsonic VA2432-H-2 kích thước 24 inch là lựa chọn lý tưởng cho cả công việc và giải trí, mang lại trải nghiệm hình ảnh tuyệt vời. Được trang bị tấm nền IPS tiên tiến, màn hình này đảm bảo góc nhìn rộng 178 độ cả chiều ngang lẫn chiều dọc, giúp màu sắc và độ tương phản không bị biến đổi dù bạn nhìn từ bất kỳ vị trí nào. Độ phân giải Full HD (1920x1080) sắc nét cùng tần số quét 100Hz mượt mà là điểm cộng lớn, đặc biệt khi xem phim hành động hay chơi game nhẹ, giảm thiểu hiện tượng xé hình và giật lag, mang lại chuyển động liền mạch và chân thực hơn. Thiết kế viền mỏng (frameless) không chỉ tạo nên vẻ ngoài hiện đại, tinh tế mà còn tối ưu hóa không gian hiển thị, rất phù hợp cho thiết lập đa màn hình, cho phép chuyển đổi tầm nhìn mượt mà giữa các màn hình mà không bị gián đoạn. Công nghệ Flicker-Free và bộ lọc ánh sáng xanh tích hợp giúp bảo vệ mắt bạn khỏi mỏi mệt trong suốt quá trình sử dụng lâu dài, nâng cao sự thoải mái. Màn hình còn được trang bị đầy đủ các cổng kết nối phổ biến như HDMI và VGA, dễ dàng tương thích với nhiều thiết bị. Viewsonic VA2432-H-2 là sự kết hợp hoàn hảo giữa hiệu năng, thiết kế và công nghệ bảo vệ mắt, đáp ứng đa dạng nhu cầu của người dùng từ văn phòng đến giải trí gia đình.',
            36, 'https://cdn.hstatic.net/products/200000722513/view_va2432-h-2_gearvn_6c9b444681ce460d819fbbdb160d6c35.jpg', '2025-07-11T10:00:47+00:00',1);
        
INSERT INTO product_image (name, product_variant_id, image_url, is_main)
VALUES
    ('Ảnh 1', 645, 'https://cdn.hstatic.net/products/200000722513/view_va2432-h-2_gearvn_6c9b444681ce460d819fbbdb160d6c35.jpg', TRUE),
    ('Ảnh 2', 645, 'https://cdn.hstatic.net/products/200000722513/gpg-24-mon-va2432a-h-product_photo_b01_pc_20af37bf303e46b2b8ee66d34acc4043.jpg', FALSE),
    ('Ảnh 3', 645, 'https://cdn.hstatic.net/products/200000722513/gpg-24-mon-va2432a-h-product_photo_c01_pc_3fe40b4e1df54063ae5a82341ff9df5c.jpg', FALSE),
    ('Ảnh 4', 645, 'https://cdn.hstatic.net/products/200000722513/gpg-24-mon-va2432a-h-product_photo_lb01_pc_59705f39219a40f0b75c47010a023002.jpg', FALSE),
    ('Ảnh 5', 645, 'https://cdn.hstatic.net/products/200000722513/gpg-24-mon-va2432a-h-product_photo_r01_pc_f7221c7e430b4fb6aec7b9fa14a6cb6a.jpg', FALSE),
    ('Ảnh 6', 645, 'https://cdn.hstatic.net/products/200000722513/gpg-24-mon-va2432a-h-product_photo_s01_pc_ec6b319de0f94d25b0f5845757dd437a.jpg', FALSE),
    ('Ảnh 7', 645, 'https://cdn.hstatic.net/products/200000722513/gpg-25-mon-va2432-h-2-product_ph_d27fa542b7d44794a596b74108bed859.png', FALSE),
    ('Ảnh 8', 645, 'https://cdn.hstatic.net/products/200000722513/gpg-25-mon-va2432-h-2-product_photo_f01_pc_b3495819b5cf48c7b6f57ca33f6844a1.png', FALSE),
    ('Ảnh 9', 645, 'https://cdn.hstatic.net/products/200000722513/gpg-25-mon-va2432-h-2-product_photo_lf02_pc_bd473512eefe407b871e1881ca976204.png', FALSE);
---
INSERT INTO product (name, seo_name, brand_id, specifications, description, created_by, image_url) 
    VALUES (
        'Màn hình Philips 24E1N2100A 24" IPS 120Hz', 'man-hinh-philips-24e1n2100a-24-ips-120hz', 56,
        '{"Nhà sản xuất": "Philips"}',
        'Màn hình Philips 24E1N2100A 24\" IPS 120Hz là sự lựa chọn hoàn hảo cho cả công việc, giải trí và chơi game nhẹ, mang đến trải nghiệm hình ảnh mượt mà và sắc nét. Với kích thước 24 inch lý tưởng, màn hình này cung cấp không gian hiển thị rộng rãi mà vẫn đảm bảo sự gọn gàng trên bàn làm việc.\n\nTấm nền IPS cao cấp là điểm nhấn nổi bật, đảm bảo màu sắc trung thực, sống động và góc nhìn siêu rộng 178/178 độ, giúp bạn xem nội dung từ mọi vị trí mà không bị biến đổi màu sắc. Dù bạn đang chỉnh sửa ảnh, xem phim hay làm việc với các ứng dụng đồ họa, Philips 24E1N2100A đều thể hiện hình ảnh với độ chính xác cao.\n\nĐiểm cộng lớn khác là tần số quét 120Hz, mang lại lợi thế vượt trội so với màn hình 60Hz truyền thống. Mọi chuyển động trên màn hình, từ cuộn trang web mượt mà đến các pha hành động nhanh trong game, đều trở nên trôi chảy và ít giật lag hơn đáng kể. Điều này không chỉ nâng cao trải nghiệm chơi game mà còn giảm mỏi mắt khi làm việc liên tục.\n\nMàn hình còn được trang bị công nghệ Flicker-Free và LowBlue Mode của Philips, giúp bảo vệ mắt bạn khỏi hiện tượng nhấp nháy khó chịu và giảm ánh sáng xanh có hại, cho phép bạn làm việc và giải trí lâu hơn mà không lo ngại về sức khỏe thị giác.\n\nVới thiết kế hiện đại, viền mỏng cùng khả năng kết nối linh hoạt qua các cổng phổ biến, Philips 24E1N2100A là một khoản đầu tư xứng đáng cho bất kỳ ai tìm kiếm một màn hình đa năng, hiệu suất cao và chú trọng đến trải nghiệm người dùng.',
        1, 'https://product.hstatic.net/200000722513/product/philips_24e1n2100a_gearvn_e187f333e17743f1b92b9b823b145415.jpg'
    );
INSERT INTO product_category (product_id, category_id) VALUES (646, 16);
INSERT INTO product_variant (
        product_id, name, seo_name, supplier_id, price, price_sale, quantity, sku, model, barcode, 
        specifications, description, warranty, image_url, release_at, created_by)
        VALUES ( 646, 'Màn hình Philips 24E1N2100A 24" IPS 120Hz', 'man-hinh-philips-24e1n2100a-24-ips-120hz',
            1, 2390000, 2090000, 10, 'MAN-PHILIPS-24E1N2100A',
            'MAN-PHILIPS-24E1N2100A', 'MAN-PHILIPS-24E1N2100A',
            '{"Tấm nền": "IPS","Kích thước màn hình": "23.8 inch","Độ phân giải": "Full HD (1920 x 1080)","Tần số quét": "120Hz","Thời gian phản hồi": "4 ms (GtG), 1ms (MPRT)","Độ sáng": "300 cd/m²","Độ tương phản": "1500:1","Số màu hiển thị": "16.7 triệu màu","Không gian màu": "102% sRGB; 81% DCI-P3; 89% NTSC","Cổng kết nối": "1 x HDMI 1.4, 1 x VGA","Loa": "2W x 2","Tương thích VESA": "100x100","Tính năng": "Khử nhấp nháy, Chế độ LowBlue, Công nghệ SoftBlue, Công nghệ SmartContrast, Công nghệ Adaptive-Sync, EasyRead mode","Bảo hành": "36 tháng"}',
            'Màn hình Philips 24E1N2100A 24\" IPS 120Hz là sự lựa chọn hoàn hảo cho cả công việc, giải trí và chơi game nhẹ, mang đến trải nghiệm hình ảnh mượt mà và sắc nét. Với kích thước 24 inch lý tưởng, màn hình này cung cấp không gian hiển thị rộng rãi mà vẫn đảm bảo sự gọn gàng trên bàn làm việc.\n\nTấm nền IPS cao cấp là điểm nhấn nổi bật, đảm bảo màu sắc trung thực, sống động và góc nhìn siêu rộng 178/178 độ, giúp bạn xem nội dung từ mọi vị trí mà không bị biến đổi màu sắc. Dù bạn đang chỉnh sửa ảnh, xem phim hay làm việc với các ứng dụng đồ họa, Philips 24E1N2100A đều thể hiện hình ảnh với độ chính xác cao.\n\nĐiểm cộng lớn khác là tần số quét 120Hz, mang lại lợi thế vượt trội so với màn hình 60Hz truyền thống. Mọi chuyển động trên màn hình, từ cuộn trang web mượt mà đến các pha hành động nhanh trong game, đều trở nên trôi chảy và ít giật lag hơn đáng kể. Điều này không chỉ nâng cao trải nghiệm chơi game mà còn giảm mỏi mắt khi làm việc liên tục.\n\nMàn hình còn được trang bị công nghệ Flicker-Free và LowBlue Mode của Philips, giúp bảo vệ mắt bạn khỏi hiện tượng nhấp nháy khó chịu và giảm ánh sáng xanh có hại, cho phép bạn làm việc và giải trí lâu hơn mà không lo ngại về sức khỏe thị giác.\n\nVới thiết kế hiện đại, viền mỏng cùng khả năng kết nối linh hoạt qua các cổng phổ biến, Philips 24E1N2100A là một khoản đầu tư xứng đáng cho bất kỳ ai tìm kiếm một màn hình đa năng, hiệu suất cao và chú trọng đến trải nghiệm người dùng.',
            36, 'https://product.hstatic.net/200000722513/product/philips_24e1n2100a_gearvn_e187f333e17743f1b92b9b823b145415.jpg', '2025-06-11T07:29:56+00:00',1);
        
INSERT INTO product_image (name, product_variant_id, image_url, is_main)
VALUES
    ('Ảnh 1', 646, 'https://product.hstatic.net/200000722513/product/philips_24e1n2100a_gearvn_e187f333e17743f1b92b9b823b145415.jpg', TRUE),
    ('Ảnh 2', 646, 'https://product.hstatic.net/200000722513/product/2_1b385a920ab1410db06549db8e037afd.png', FALSE),
    ('Ảnh 3', 646, 'https://product.hstatic.net/200000722513/product/3_e7f7a2c244e9498abfef90bb02834f75.png', FALSE),
    ('Ảnh 4', 646, 'https://product.hstatic.net/200000722513/product/4_e2ff0dc9407f44c7869f1a729c499479.png', FALSE),
    ('Ảnh 5', 646, 'https://product.hstatic.net/200000722513/product/5_975be22507924a89bc2f4a42fd07f0fb.png', FALSE),
    ('Ảnh 6', 646, 'https://product.hstatic.net/200000722513/product/6_0953fba92e534b03af76e1cceffcb133.png', FALSE),
    ('Ảnh 7', 646, 'https://product.hstatic.net/200000722513/product/7_873a8e480a324b92a8f4abe74d603e37.png', FALSE);
---
INSERT INTO product (name, seo_name, brand_id, specifications, description, created_by, image_url) 
    VALUES (
        'Màn hình ViewSonic VX2428AJ-BL 24 inch IPS 240Hz Gsync', 'man-hinh-viewsonic-vx2428aj-bl-24-ips-240hz-gsync-chuyen-game', 55,
        '{"Thương hiệu":"ViewSonic","Kích cỡ":"24 inch","Độ phân giải":"FHD (1920 x 1080)","Tỷ lệ khung hình":"16:9","Tấm nền":"IPS","Độ sáng màn hình":"250cd/m2","Độ tương phản":"1000:1","Kiểu màn hình":"Màn hình phẳng","Thời gian phản hồi":"0.5 ms","Tần số quét":"240Hz","Cổng kết nối":"1 x 3.5mm Audio Out, 1 x DisplayPort 1.2, 2 x HDMI 1.4, DC Socket","Phân loại màn hình":"Gaming","VESA":"100 x 100 mm","Kích thước (Có chân đế)":"541.86 x 417~547 x 207 mm","Kích thước (Không có chân đế)":"541.86 x 323 x 43.5 mm","Trọng lượng (Có chân đế)":"3.8 kg","Trọng lượng (Không có chân đế)":"2.8 kg","Trọng lượng (Có bao bì)":"5.5 kg"}',
        'Màn hình ViewSonic VX2428AJ-BL là một sản phẩm màn hình ViewSonic không thể bỏ qua đối với những game thủ và người dùng yêu thích trải nghiệm hình ảnh sắc nét. Với kích thước 24 inch và công nghệ IPS, màn hình này hứa hẹn sẽ mang đến trải nghiệm chơi game và giải trí tuyệt vời. Hãy cùng khám phá các đặc tính và tính năng nổi bật của sản phẩm màn hình gaming này trong bài đánh giá chi tiết dưới đây.\n\nĐộ phân giải Full HD (1920 x 1080)\nMàn hình ViewSonic VX2428AJ-BL sở hữu độ phân giải Full HD 1920 x 1080, giúp hình ảnh sắc nét và chân thực. Độ phân giải này đặc biệt phù hợp với các trò chơi hiện đại và nội dung đa phương tiện, mang lại trải nghiệm hình ảnh sống động.\n\nMàn hình ViewSonic VX2428AJ-BL 24\n\nTần số quét 240Hz\nĐiểm nhấn của màn hình là tần số quét 240Hz và thời gian phản hồi 0.5ms MPRT siêu nhanh. Tần số quét cao loại bỏ hiện tượng xé hình, giật lag, mang lại chuyển động siêu mượt mà trong các tựa game FPS hay MOBA. Thời gian phản hồi cực thấp đảm bảo mọi hình ảnh chuyển động đều sắc nét, không bị nhòe mờ, giúp game thủ phản ứng nhanh và chính xác.\n\nMàn hình ViewSonic VX2428AJ-BL 24\n\nCông nghệ G-Sync\nĐể tối ưu hóa trải nghiệm, VX2428AJ-BL tích hợp AMD FreeSync™ Premium và tương thích NVIDIA G-Sync. Hai công nghệ này đồng bộ hóa tần số quét của màn hình với card đồ họa, loại bỏ hoàn toàn hiện tượng xé hình và giật hình. Nhờ đó, hình ảnh luôn mượt mà, liền mạch, cho phép bạn tập trung hoàn toàn vào trận đấu.\n\nMàn hình IPS\nMàn hình IPS cung cấp góc nhìn rộng lên đến 178 độ, cho phép bạn nhìn rõ hình ảnh mà không bị biến dạng màu sắc. Tính năng này là một điểm cộng lớn, đặc biệt khi bạn đang tham gia những trận đấu co-op hoặc chơi game cùng bạn bè.\n\nMàn hình ViewSonic VX2428AJ-BL 24\n\nThiết kế thanh lịch và tiện dụng\nViewSonic VX2428AJ-BL được trang bị chân đế công thái học đa năng, cho phép điều chỉnh độ cao, xoay, nghiêng và xoay dọc, mang lại tư thế thoải mái nhất. Đặc biệt, các công nghệ Low Blue Light và Flicker-Free giúp bảo vệ đôi mắt của bạn khỏi mệt mỏi khi sử dụng trong thời gian dài. Đây là sự kết hợp hoàn hảo giữa hiệu năng và sự thoải mái. \n\nMàn hình ViewSonic VX2428AJ-BL 24\n\nMàn hình ViewSonic VX2428AJ-BL 24\n\nĐộ sáng và độ tương phản ấn tượng\nVới độ sáng tối đa là 250 nits và tỷ lệ độ tương phản 1000:1, VX2428AJ-BL mang đến những hình ảnh rõ nét và sống động ngay cả trong những điều kiện ánh sáng mạnh. Điều này giúp cải thiện trải nghiệm người dùng khi xem phim hay chơi game trong môi trường khác nhau.\n\nBảo vệ mắt\nMàn hình máy tính được trang bị công nghệ Flicker-Free và Blue Light Filter, giúp giảm thiểu mỏi mắt và bảo vệ sức khỏe mắt cho người dùng trong quá trình sử dụng lâu dài. Đây là một yếu tố quan trọng cho những game thủ hay những người làm việc văn phòng.\n\nMàn hình ViewSonic VX2428AJ-BL 24\n\nTính năng đa kết nối\nMàn hình cung cấp các cổng kết nối phong phú bao gồm hai HDMI 2.0 và một DisplayPort 1.4, đáp ứng mọi nhu cầu kết nối từ laptop, PC đến console. Cổng Audio Out 3.5mm và loa tích hợp cũng tăng cường tiện ích. Ngoài ra, thiết kế gọn gàng với khe khóa Kensington và quản lý cáp giúp không gian làm việc của bạn luôn ngăn nắp.',
        1, 'https://product.hstatic.net/200000722513/product/view_vx2428aj-bl_gearvn_a1a9750917fe420cb7d880b162d6a1e9.jpg'
    );
INSERT INTO product_category (product_id, category_id) VALUES (647, 16);
INSERT INTO product_variant (
        product_id, name, seo_name, supplier_id, price, price_sale, quantity, sku, model, barcode, 
        specifications, description, warranty, image_url, release_at, created_by)
        VALUES ( 647, 'Màn hình ViewSonic VX2428AJ-BL 24" IPS 240Hz Gsync chuyên game', 'man-hinh-viewsonic-vx2428aj-bl-24-ips-240hz-gsync-chuyen-game',
            1, 4390000, 3890000, 10, 'MAN-VIE-VX2428AJ-BL',
            'MAN-VIE-VX2428AJ-BL', 'MAN-VIE-VX2428AJ-BL',
            '{"Thương hiệu":"ViewSonic","Kích cỡ":"24 inch","Độ phân giải":"FHD (1920 x 1080)","Tỷ lệ khung hình":"16:9","Tấm nền":"IPS","Độ sáng màn hình":"250cd/m2","Độ tương phản":"1000:1","Kiểu màn hình":"Màn hình phẳng","Thời gian phản hồi":"0.5 ms","Tần số quét":"240Hz","Cổng kết nối":"1 x 3.5mm Audio Out, 1 x DisplayPort 1.2, 2 x HDMI 1.4, DC Socket","Phân loại màn hình":"Gaming","VESA":"100 x 100 mm","Kích thước (Có chân đế)":"541.86 x 417~547 x 207 mm","Kích thước (Không có chân đế)":"541.86 x 323 x 43.5 mm","Trọng lượng (Có chân đế)":"3.8 kg","Trọng lượng (Không có chân đế)":"2.8 kg","Trọng lượng (Có bao bì)":"5.5 kg"}',
            'Màn hình ViewSonic VX2428AJ-BL là một sản phẩm màn hình ViewSonic không thể bỏ qua đối với những game thủ và người dùng yêu thích trải nghiệm hình ảnh sắc nét. Với kích thước 24 inch và công nghệ IPS, màn hình này hứa hẹn sẽ mang đến trải nghiệm chơi game và giải trí tuyệt vời. Hãy cùng khám phá các đặc tính và tính năng nổi bật của sản phẩm màn hình gaming này trong bài đánh giá chi tiết dưới đây.\n\nĐộ phân giải Full HD (1920 x 1080)\nMàn hình ViewSonic VX2428AJ-BL sở hữu độ phân giải Full HD 1920 x 1080, giúp hình ảnh sắc nét và chân thực. Độ phân giải này đặc biệt phù hợp với các trò chơi hiện đại và nội dung đa phương tiện, mang lại trải nghiệm hình ảnh sống động.\n\nMàn hình ViewSonic VX2428AJ-BL 24\n\nTần số quét 240Hz\nĐiểm nhấn của màn hình là tần số quét 240Hz và thời gian phản hồi 0.5ms MPRT siêu nhanh. Tần số quét cao loại bỏ hiện tượng xé hình, giật lag, mang lại chuyển động siêu mượt mà trong các tựa game FPS hay MOBA. Thời gian phản hồi cực thấp đảm bảo mọi hình ảnh chuyển động đều sắc nét, không bị nhòe mờ, giúp game thủ phản ứng nhanh và chính xác.\n\nMàn hình ViewSonic VX2428AJ-BL 24\n\nCông nghệ G-Sync\nĐể tối ưu hóa trải nghiệm, VX2428AJ-BL tích hợp AMD FreeSync™ Premium và tương thích NVIDIA G-Sync. Hai công nghệ này đồng bộ hóa tần số quét của màn hình với card đồ họa, loại bỏ hoàn toàn hiện tượng xé hình và giật hình. Nhờ đó, hình ảnh luôn mượt mà, liền mạch, cho phép bạn tập trung hoàn toàn vào trận đấu.\n\nMàn hình IPS\nMàn hình IPS cung cấp góc nhìn rộng lên đến 178 độ, cho phép bạn nhìn rõ hình ảnh mà không bị biến dạng màu sắc. Tính năng này là một điểm cộng lớn, đặc biệt khi bạn đang tham gia những trận đấu co-op hoặc chơi game cùng bạn bè.\n\nMàn hình ViewSonic VX2428AJ-BL 24\n\nThiết kế thanh lịch và tiện dụng\nViewSonic VX2428AJ-BL được trang bị chân đế công thái học đa năng, cho phép điều chỉnh độ cao, xoay, nghiêng và xoay dọc, mang lại tư thế thoải mái nhất. Đặc biệt, các công nghệ Low Blue Light và Flicker-Free giúp bảo vệ đôi mắt của bạn khỏi mệt mỏi khi sử dụng trong thời gian dài. Đây là sự kết hợp hoàn hảo giữa hiệu năng và sự thoải mái. \n\nMàn hình ViewSonic VX2428AJ-BL 24\n\nMàn hình ViewSonic VX2428AJ-BL 24\n\nĐộ sáng và độ tương phản ấn tượng\nVới độ sáng tối đa là 250 nits và tỷ lệ độ tương phản 1000:1, VX2428AJ-BL mang đến những hình ảnh rõ nét và sống động ngay cả trong những điều kiện ánh sáng mạnh. Điều này giúp cải thiện trải nghiệm người dùng khi xem phim hay chơi game trong môi trường khác nhau.\n\nBảo vệ mắt\nMàn hình máy tính được trang bị công nghệ Flicker-Free và Blue Light Filter, giúp giảm thiểu mỏi mắt và bảo vệ sức khỏe mắt cho người dùng trong quá trình sử dụng lâu dài. Đây là một yếu tố quan trọng cho những game thủ hay những người làm việc văn phòng.\n\nMàn hình ViewSonic VX2428AJ-BL 24\n\nTính năng đa kết nối\nMàn hình cung cấp các cổng kết nối phong phú bao gồm hai HDMI 2.0 và một DisplayPort 1.4, đáp ứng mọi nhu cầu kết nối từ laptop, PC đến console. Cổng Audio Out 3.5mm và loa tích hợp cũng tăng cường tiện ích. Ngoài ra, thiết kế gọn gàng với khe khóa Kensington và quản lý cáp giúp không gian làm việc của bạn luôn ngăn nắp.',
            36, 'https://product.hstatic.net/200000722513/product/view_vx2428aj-bl_gearvn_a1a9750917fe420cb7d880b162d6a1e9.jpg', '2025-06-06T03:21:52+00:00',1);
        
INSERT INTO product_image (name, product_variant_id, image_url, is_main)
VALUES
    ('Ảnh 1', 647, 'https://product.hstatic.net/200000722513/product/view_vx2428aj-bl_gearvn_a1a9750917fe420cb7d880b162d6a1e9.jpg', TRUE),
    ('Ảnh 2', 647, 'https://product.hstatic.net/200000722513/product/gpg-25-mon-vx2428aj-bl-product_photo_b01_pc_63aa961522aa4a9bbbaae2aa014d00d4.jpg', FALSE),
    ('Ảnh 3', 647, 'https://product.hstatic.net/200000722513/product/gpg-25-mon-vx2428aj-bl-product_photo_c01_pc_df6237731bf74674b437128324ccfaab.jpg', FALSE),
    ('Ảnh 4', 647, 'https://product.hstatic.net/200000722513/product/gpg-25-mon-vx2428aj-bl-product_photo_f021_pc_68ef911ed5b34e8a8ad15eb765639108.jpg', FALSE),
    ('Ảnh 5', 647, 'https://product.hstatic.net/200000722513/product/gpg-25-mon-vx2428aj-bl-product_photo_l02_pc_225c03e4b17e411d9e00d917737e4e9f.jpg', FALSE),
    ('Ảnh 6', 647, 'https://product.hstatic.net/200000722513/product/gpg-25-mon-vx2428aj-bl-product_photo_l03_pc_f0aa3da26f5543c98dab45ef5fae2c6a.jpg', FALSE),
    ('Ảnh 7', 647, 'https://product.hstatic.net/200000722513/product/gpg-25-mon-vx2428aj-bl-product_photo_lb02_pc_bb5b9f0eb36340bb98e12a56ab55333d.jpg', FALSE),
    ('Ảnh 8', 647, 'https://product.hstatic.net/200000722513/product/gpg-25-mon-vx2428aj-bl-product_photo_lf021_pc_e930e076938e4b05a6a3f086d08cba36.jpg', FALSE),
    ('Ảnh 9', 647, 'https://product.hstatic.net/200000722513/product/gpg-25-mon-vx2428aj-bl-product_photo_rb02_pc_501674e6baa44460971a89c1a41f1f68.jpg', FALSE),
    ('Ảnh 10', 647, 'https://product.hstatic.net/200000722513/product/gpg-25-mon-vx2428aj-bl-product_photo_rf011_pc_959f79bf915146f39a3dae34e76798ab.jpg', FALSE),
    ('Ảnh 11', 647, 'https://product.hstatic.net/200000722513/product/gpg-25-mon-vx2428aj-bl-product_photo_rf021_pc_4df2be499c734fa0817cc86bd79c8d97.jpg', FALSE);
---
INSERT INTO product (name, seo_name, brand_id, specifications, description, created_by, image_url) 
    VALUES (
        'Màn hình ViewSonic VX2428AJ-PK 24" IPS 240Hz Gsync chuyên game', 'man-hinh-viewsonic-vx2428aj-pk-24-ips-240hz-gsync-chuyen-game', 55,
        '{"Nhà sản xuất": "ViewSonic"}',
        'Màn hình ViewSonic VX2428AJ-PK là lựa chọn hoàn hảo cho những game thủ chuyên nghiệp và đam mê tốc độ, tìm kiếm trải nghiệm chơi game mượt mà và sống động nhất. Với kích thước 24 inch tiêu chuẩn esports, màn hình này tối ưu hóa không gian hiển thị, giúp bạn dễ dàng bao quát toàn cảnh mà không cần phải di chuyển mắt quá nhiều. Tấm nền IPS cao cấp không chỉ mang lại màu sắc rực rỡ, chân thực đến từng chi tiết mà còn đảm bảo góc nhìn rộng, giữ nguyên chất lượng hình ảnh dù bạn nhìn từ bất kỳ vị trí nào. Điểm nhấn vượt trội chính là tần số quét 240Hz siêu nhanh, loại bỏ hoàn toàn hiện tượng mờ nhòe chuyển động, cho phép bạn phản ứng nhanh nhạy trong từng pha giao tranh quyết định. Kết hợp với công nghệ NVIDIA G-Sync, màn hình ViewSonic VX2428AJ-PK đồng bộ hóa tần số quét của màn hình với card đồ họa, loại bỏ triệt để hiện tượng xé hình (tearing) và giật lag (stuttering), mang đến trải nghiệm chơi game liền mạch, không gián đoạn, đảm bảo mọi hành động của bạn được thể hiện tức thì. Thiết kế công thái học cùng các tùy chỉnh tiện lợi về chiều cao, góc nghiêng và xoay giúp game thủ dễ dàng tìm được tư thế thoải mái nhất, hỗ trợ tối đa trong những trận đấu kéo dài. Đây thực sự là vũ khí bí mật giúp bạn thống trị mọi chiến trường ảo với lợi thế vượt trội về hình ảnh.',
        1, 'https://product.hstatic.net/200000722513/product/view_vx2428aj-pk_gearvn_f927d9d003a243798e1048dde61c689a.jpg'
    );
INSERT INTO product_category (product_id, category_id) VALUES (648, 16);
INSERT INTO product_variant (
        product_id, name, seo_name, supplier_id, price, price_sale, quantity, sku, model, barcode, 
        specifications, description, warranty, image_url, release_at, created_by)
        VALUES ( 648, 'Màn hình ViewSonic VX2428AJ-PK 24" IPS 240Hz Gsync chuyên game', 'man-hinh-viewsonic-vx2428aj-pk-24-ips-240hz-gsync-chuyen-game',
            1, 4390000, 3890000, 10, 'MAN-VIE-VX2428AJ-PK',
            'MAN-VIE-VX2428AJ-PK', 'MAN-VIE-VX2428AJ-PK',
            '{"Tên sản phẩm": "ViewSonic VX2428AJ-PK","Kích thước màn hình": "24 inch","Độ phân giải": "Full HD (1920 x 1080)","Tấm nền": "Fast IPS","Tần số quét": "240Hz","Tốc độ phản hồi": "0.5ms (MPRT)","Công nghệ đồng bộ hóa": "AMD FreeSync Premium, G-Sync compatible","HDR": "HDR10","Kết nối": "2 x HDMI 1.4, 1 x DisplayPort 1.4, 1 x 3.5 mm Audio out","Loa": "2W x 2","Tính năng": "Thiết kế công thái học (điều chỉnh độ cao, xoay, nghiêng), Flicker-Free, Low Blue Light","Tương thích VESA": "100 x 100 mm","Tỷ lệ khung hình": "16:9","Góc nhìn": "178º (ngang), 178º (dọc)","Độ sáng": "250 cd/m² (typ)","Độ tương phản": "1,000:1 (typ) / 80M:1 (dynamic)","Gam màu": "72% NTSC, 102% sRGB","Trọng lượng (bao gồm chân đế)": "3.8 kg","Trọng lượng (không chân đế)": "2.8 kg","Trọng lượng (tổng)": "5.5 kg"}',
            'Màn hình ViewSonic VX2428AJ-PK là lựa chọn hoàn hảo cho những game thủ chuyên nghiệp và đam mê tốc độ, tìm kiếm trải nghiệm chơi game mượt mà và sống động nhất. Với kích thước 24 inch tiêu chuẩn esports, màn hình này tối ưu hóa không gian hiển thị, giúp bạn dễ dàng bao quát toàn cảnh mà không cần phải di chuyển mắt quá nhiều. Tấm nền IPS cao cấp không chỉ mang lại màu sắc rực rỡ, chân thực đến từng chi tiết mà còn đảm bảo góc nhìn rộng, giữ nguyên chất lượng hình ảnh dù bạn nhìn từ bất kỳ vị trí nào. Điểm nhấn vượt trội chính là tần số quét 240Hz siêu nhanh, loại bỏ hoàn toàn hiện tượng mờ nhòe chuyển động, cho phép bạn phản ứng nhanh nhạy trong từng pha giao tranh quyết định. Kết hợp với công nghệ NVIDIA G-Sync, màn hình ViewSonic VX2428AJ-PK đồng bộ hóa tần số quét của màn hình với card đồ họa, loại bỏ triệt để hiện tượng xé hình (tearing) và giật lag (stuttering), mang đến trải nghiệm chơi game liền mạch, không gián đoạn, đảm bảo mọi hành động của bạn được thể hiện tức thì. Thiết kế công thái học cùng các tùy chỉnh tiện lợi về chiều cao, góc nghiêng và xoay giúp game thủ dễ dàng tìm được tư thế thoải mái nhất, hỗ trợ tối đa trong những trận đấu kéo dài. Đây thực sự là vũ khí bí mật giúp bạn thống trị mọi chiến trường ảo với lợi thế vượt trội về hình ảnh.',
            36, 'https://product.hstatic.net/200000722513/product/view_vx2428aj-pk_gearvn_f927d9d003a243798e1048dde61c689a.jpg', '2025-06-06T03:16:33+00:00',1);
        
INSERT INTO product_image (name, product_variant_id, image_url, is_main)
VALUES
    ('Ảnh 1', 648, 'https://product.hstatic.net/200000722513/product/view_vx2428aj-pk_gearvn_f927d9d003a243798e1048dde61c689a.jpg', TRUE),
    ('Ảnh 2', 648, 'https://product.hstatic.net/200000722513/product/gpg-25-mon-vx2428aj-pk_-product_photo_b01_pc_1e162f67e1ea414195a84f301c411f13.jpg', FALSE),
    ('Ảnh 3', 648, 'https://product.hstatic.net/200000722513/product/gpg-25-mon-vx2428aj-pk_-product_photo_c01_pc_9e0ef82ebd8545a59da461318214f314.jpg', FALSE),
    ('Ảnh 4', 648, 'https://product.hstatic.net/200000722513/product/gpg-25-mon-vx2428aj-pk_-product_photo_f021_pc_09283819843441bab6296a3d0346d52e.jpg', FALSE),
    ('Ảnh 5', 648, 'https://product.hstatic.net/200000722513/product/gpg-25-mon-vx2428aj-pk_-product_photo_l01_pc_ae871aef067f4a79aae0d01c70f46af8.jpg', FALSE),
    ('Ảnh 6', 648, 'https://product.hstatic.net/200000722513/product/gpg-25-mon-vx2428aj-pk_-product_photo_lb01_pc_2837a9cd954d45e599763291308dd2c0.jpg', FALSE),
    ('Ảnh 7', 648, 'https://product.hstatic.net/200000722513/product/gpg-25-mon-vx2428aj-pk_-product_photo_lf021_pc_50ee73ac27aa4495b1d6f1876bff28f0.jpg', FALSE),
    ('Ảnh 8', 648, 'https://product.hstatic.net/200000722513/product/gpg-25-mon-vx2428aj-pk_-product_photo_rb02_pc_adf9d598bbb6430f8a4b74ad4b650c69.jpg', FALSE),
    ('Ảnh 9', 648, 'https://product.hstatic.net/200000722513/product/gpg-25-mon-vx2428aj-pk_-product_photo_rf021_pc_b6865430bc5048c38c93db03b2e8e91d.jpg', FALSE);
---
INSERT INTO product (name, seo_name, brand_id, specifications, description, created_by, image_url) 
    VALUES (
        'Màn hình MSI MAG 255XF 25" Rapid IPS 300Hz FreeSync Premium chuyên game', 'man-hinh-msi-mag-255xf-25-rapid-ips-300hz-freesync-premium-chuyen-game', 52,
        '{"Nhà sản xuất": "MSI"}',
        'Màn hình MSI MAG 255XF 25\" Rapid IPS 300Hz FreeSync Premium là lựa chọn hoàn hảo cho game thủ chuyên nghiệp và những ai khao khát trải nghiệm gaming đỉnh cao. Với kích thước 25 inch, màn hình này cung cấp tầm nhìn tối ưu, cho phép game thủ dễ dàng bao quát toàn bộ chiến trường mà không bỏ lỡ bất kỳ chi tiết nào.\n\nĐiểm nhấn nổi bật chính là tấm nền Rapid IPS tiên tiến, không chỉ mang lại màu sắc sống động, độ tương phản tuyệt vời và góc nhìn rộng mà còn sở hữu tốc độ phản hồi cực nhanh, gần như loại bỏ hiện tượng bóng ma.\n\nTần số quét 300Hz siêu cao là yếu tố then chốt, đảm bảo mọi chuyển động trong game đều mượt mà đến khó tin, loại bỏ hoàn toàn hiện tượng xé hình hay giật lag, mang lại lợi thế cạnh tranh đáng kể trong các tựa game tốc độ.\n\nCông nghệ FreeSync Premium tích hợp đồng bộ hóa tần số quét của màn hình với card đồ họa, loại bỏ tình trạng rách hình và giật khung hình, cho phép bạn đắm chìm hoàn toàn vào trận chiến với hình ảnh liền mạch.\n\nThiết kế công thái học cùng viền mỏng cũng góp phần nâng cao trải nghiệm. MSI MAG 255XF không chỉ là một chiếc màn hình, mà là công cụ giúp bạn chinh phục mọi thử thách, biến mọi khoảnh khắc chơi game thành chiến thắng.',
        1, 'https://product.hstatic.net/200000722513/product/msi_mag_255xf_gearvn_1c860101b3084c2791b881c9ceff3e90.jpg'
    );
INSERT INTO product_category (product_id, category_id) VALUES (649, 16);
INSERT INTO product_variant (
        product_id, name, seo_name, supplier_id, price, price_sale, quantity, sku, model, barcode, 
        specifications, description, warranty, image_url, release_at, created_by)
        VALUES ( 649, 'Màn hình MSI MAG 255XF 25" Rapid IPS 300Hz FreeSync Premium chuyên game', 'man-hinh-msi-mag-255xf-25-rapid-ips-300hz-freesync-premium-chuyen-game',
            1, 4990000, 4390000, 10, 'MAN-MSI-MAG-255XF',
            'MAN-MSI-MAG-255XF', 'MAN-MSI-MAG-255XF',
            '{"Kích thước màn hình": "24.5 inch","Loại tấm nền": "Rapid IPS","Độ phân giải": "FHD – 1920 x 1080","Tần số quét": "300Hz","Thời gian đáp ứng": "0.5ms (GtG, Min.)","Công nghệ đồng bộ": "AMD FreeSync™ Premium","Độ sáng hiển thị": "250 cd/m2","Tương phản": "1000:1","Tỉ lệ khung hình": "16:9","Số lượng màu sắc": "1.07 tỷ màu","Cổng kết nối": "2 x HDMI™ 2.0b, 1 x DisplayPort 1.4a","Hỗ trợ HDR": "HDR Ready","Góc nhìn": "178°(H) / 178°(V)","Loa": "Không tích hợp","Kích thước (CxRxD)": "557.1 x 220.1 x 418.5 mm","Trọng lượng": "3.24kg (chưa chân đế)"}',
            'Màn hình MSI MAG 255XF 25\" Rapid IPS 300Hz FreeSync Premium là lựa chọn hoàn hảo cho game thủ chuyên nghiệp và những ai khao khát trải nghiệm gaming đỉnh cao. Với kích thước 25 inch, màn hình này cung cấp tầm nhìn tối ưu, cho phép game thủ dễ dàng bao quát toàn bộ chiến trường mà không bỏ lỡ bất kỳ chi tiết nào.\n\nĐiểm nhấn nổi bật chính là tấm nền Rapid IPS tiên tiến, không chỉ mang lại màu sắc sống động, độ tương phản tuyệt vời và góc nhìn rộng mà còn sở hữu tốc độ phản hồi cực nhanh, gần như loại bỏ hiện tượng bóng ma.\n\nTần số quét 300Hz siêu cao là yếu tố then chốt, đảm bảo mọi chuyển động trong game đều mượt mà đến khó tin, loại bỏ hoàn toàn hiện tượng xé hình hay giật lag, mang lại lợi thế cạnh tranh đáng kể trong các tựa game tốc độ.\n\nCông nghệ FreeSync Premium tích hợp đồng bộ hóa tần số quét của màn hình với card đồ họa, loại bỏ tình trạng rách hình và giật khung hình, cho phép bạn đắm chìm hoàn toàn vào trận chiến với hình ảnh liền mạch.\n\nThiết kế công thái học cùng viền mỏng cũng góp phần nâng cao trải nghiệm. MSI MAG 255XF không chỉ là một chiếc màn hình, mà là công cụ giúp bạn chinh phục mọi thử thách, biến mọi khoảnh khắc chơi game thành chiến thắng.',
            36, 'https://product.hstatic.net/200000722513/product/msi_mag_255xf_gearvn_1c860101b3084c2791b881c9ceff3e90.jpg', '2025-05-19T04:15:31+00:00',1);
        
INSERT INTO product_image (name, product_variant_id, image_url, is_main)
VALUES
    ('Ảnh 1', 649, 'https://product.hstatic.net/200000722513/product/msi_mag_255xf_gearvn_1c860101b3084c2791b881c9ceff3e90.jpg', TRUE),
    ('Ảnh 2', 649, 'https://product.hstatic.net/200000722513/product/1024__1__66284a8adf90433d8ee0ebd7af171a24.png', FALSE),
    ('Ảnh 3', 649, 'https://product.hstatic.net/200000722513/product/1024__2__32eb004980474788a6c30768a03b4364.png', FALSE),
    ('Ảnh 4', 649, 'https://product.hstatic.net/200000722513/product/1024__3__c4143f9fe13949d1b10bdb3595908195.png', FALSE),
    ('Ảnh 5', 649, 'https://product.hstatic.net/200000722513/product/1024__4__fe92024df96743cfa2c4b57a28861993.png', FALSE),
    ('Ảnh 6', 649, 'https://product.hstatic.net/200000722513/product/1024_719f044fe85544fbb4f94c613912e048.png', FALSE);
---
INSERT INTO product (name, seo_name, brand_id, specifications, description, created_by, image_url) 
    VALUES (
        'Màn hình MSI MAG 244F 24" Rapid IPS 200Hz chuyên game', 'man-hinh-msi-mag-244f-24-rapid-ips-200hz-chuyen-game', 52,
        '{"Nhà sản xuất": "MSI"}',
        'Màn hình MSI MAG 244F 24\" Rapid IPS 200Hz chuyên game là sự lựa chọn tuyệt vời cho game thủ chuyên nghiệp và người dùng yêu cầu hiệu suất hình ảnh đỉnh cao. Với tấm nền Rapid IPS tiên tiến, màn hình mang lại màu sắc rực rỡ, độ tương phản sâu và góc nhìn siêu rộng 178 độ. Tốc độ phản hồi 1ms GTG loại bỏ hoàn toàn hiện tượng bóng ma (ghosting) hay nhòe ảnh trong các phân cảnh hành động nhanh. Tần số quét 200Hz siêu mượt đảm bảo mọi chuyển động liền mạch, không giật lag, mang lại lợi thế cạnh tranh trong các game FPS, MOBA hay đua xe tốc độ cao. Kích thước 24 inch tối ưu hóa tầm nhìn và khả năng tập trung. MSI MAG 244F tích hợp các công nghệ hỗ trợ game thủ như chống xé hình (Adaptive Sync), chế độ nhìn đêm (Night Vision) và các tùy chỉnh hiển thị đặc biệt. Thiết kế công thái học cho phép điều chỉnh độ nghiêng, xoay và chiều cao, đảm bảo sự thoải mái khi sử dụng lâu dài. Đây là một vũ khí mạnh mẽ giúp bạn thống trị mọi chiến trường ảo.',
        1, 'https://product.hstatic.net/200000722513/product/msi_mag_244f_gearvn_83b97ccc3d1641d6afcd3e8d56a378c0.jpg'
    );
INSERT INTO product_category (product_id, category_id) VALUES (650, 16);
INSERT INTO product_variant (
        product_id, name, seo_name, supplier_id, price, price_sale, quantity, sku, model, barcode, 
        specifications, description, warranty, image_url, release_at, created_by)
        VALUES ( 650, 'Màn hình MSI MAG 244F 24" Rapid IPS 200Hz chuyên game', 'man-hinh-msi-mag-244f-24-rapid-ips-200hz-chuyen-game',
            1, 3990000, 2890000, 10, 'MAN-MSI-MAG-244F',
            'MAN-MSI-MAG-244F', 'MAN-MSI-MAG-244F',
            '{"Tên sản phẩm": "MSI MAG 244F","Kích thước màn hình": "23.8 inch (hiển thị là 24 inch)","Độ phân giải": "1920x1080 (FHD)","Tấm nền màn hình": "Rapid IPS","Tần số quét": "200Hz","Thời gian phản hồi": "0.5ms (GtG, Min)","Công nghệ đồng bộ": "AMD FreeSync Premium","Hỗ trợ HDR": "HDR Ready","Công nghệ tăng cường hình ảnh": "AI Vision","Độ sáng": "300 cd/m² (SDR)","Tỷ lệ tương phản": "1000:1 (tĩnh), 100M:1 (DCR)","Hỗ trợ màu sắc": "1.07 tỷ màu (8-bit + FRC)","Độ phủ màu": "126% sRGB, 96% DCI-P3, 91% Adobe RGB","Tần số quét tối thiểu": "75Hz","Thời gian phản hồi mặc định": "8ms(GTG)","Thời gian phản hồi tối thiểu": "0.5ms","Độ sáng tối thiểu": "300 nits","Tương thích VESA": "100 x 100mm","Cổng kết nối": "1 x HDMI™ 2.0b, 1 x DisplayPort 1.2a, 1 x Jack cắm tai nghe","Loa tích hợp": "Không có","Bảo hành": "24 tháng hoặc 36 tháng (tùy nhà bán)","Chế độ Console": "Hỗ trợ VRR cho PlayStation và Nintendo Switch","Công nghệ bảo vệ mắt": "Chống nhấp nháy (Anti-Flicker), Giảm ánh sáng xanh (Less Blue Light)"}',
            'Màn hình MSI MAG 244F 24\" Rapid IPS 200Hz chuyên game là sự lựa chọn tuyệt vời cho game thủ chuyên nghiệp và người dùng yêu cầu hiệu suất hình ảnh đỉnh cao. Với tấm nền Rapid IPS tiên tiến, màn hình mang lại màu sắc rực rỡ, độ tương phản sâu và góc nhìn siêu rộng 178 độ. Tốc độ phản hồi 1ms GTG loại bỏ hoàn toàn hiện tượng bóng ma (ghosting) hay nhòe ảnh trong các phân cảnh hành động nhanh. Tần số quét 200Hz siêu mượt đảm bảo mọi chuyển động liền mạch, không giật lag, mang lại lợi thế cạnh tranh trong các game FPS, MOBA hay đua xe tốc độ cao. Kích thước 24 inch tối ưu hóa tầm nhìn và khả năng tập trung. MSI MAG 244F tích hợp các công nghệ hỗ trợ game thủ như chống xé hình (Adaptive Sync), chế độ nhìn đêm (Night Vision) và các tùy chỉnh hiển thị đặc biệt. Thiết kế công thái học cho phép điều chỉnh độ nghiêng, xoay và chiều cao, đảm bảo sự thoải mái khi sử dụng lâu dài. Đây là một vũ khí mạnh mẽ giúp bạn thống trị mọi chiến trường ảo.',
            36, 'https://product.hstatic.net/200000722513/product/msi_mag_244f_gearvn_83b97ccc3d1641d6afcd3e8d56a378c0.jpg', '2025-05-19T04:12:11+00:00',1);
        
INSERT INTO product_image (name, product_variant_id, image_url, is_main)
VALUES
    ('Ảnh 1', 650, 'https://product.hstatic.net/200000722513/product/msi_mag_244f_gearvn_83b97ccc3d1641d6afcd3e8d56a378c0.jpg', TRUE),
    ('Ảnh 2', 650, 'https://product.hstatic.net/200000722513/product/1024__1__556058cf83654973aab0bc307ce01917.png', FALSE),
    ('Ảnh 3', 650, 'https://product.hstatic.net/200000722513/product/1024__2__2a2f9ed8d2f34de1858e5535df9f307d.png', FALSE),
    ('Ảnh 4', 650, 'https://product.hstatic.net/200000722513/product/1024__3__ca1b7f6667544aada00388379dae317f.png', FALSE),
    ('Ảnh 5', 650, 'https://product.hstatic.net/200000722513/product/1024__4__8a1e93e95b8743909f549959adf90899.png', FALSE),
    ('Ảnh 6', 650, 'https://product.hstatic.net/200000722513/product/1024_34983efa103e460bb7d8294b50d7682e.png', FALSE);
---
INSERT INTO product (name, seo_name, brand_id, specifications, description, created_by, image_url) 
    VALUES (
        'Màn hình AOC 24G4H 24" Fast IPS 200Hz chuyên game', 'man-hinh-aoc-24g4h-24-fast-ips-200hz-chuyen-game', 54,
        '{"Nhà sản xuất": "AOC"}',
        'Màn hình AOC 24G4H 24\" Fast IPS 200Hz chuyên game là lựa chọn hoàn hảo cho các game thủ đòi hỏi trải nghiệm hình ảnh mượt mà và sống động. Với kích thước 24 inch tiêu chuẩn, màn hình này tối ưu cho không gian làm việc và chơi game, đồng thời mang lại góc nhìn rộng. Tấm nền Fast IPS tiên tiến mang lại màu sắc rực rỡ, độ tương phản cao cùng góc nhìn rộng lên đến 178 độ, đảm bảo mọi chi tiết hiển thị sắc nét và chân thực từ mọi góc độ. Tần số quét 200Hz siêu nhanh kết hợp thời gian phản hồi cực thấp 1ms MPRT (Moving Picture Response Time) giúp loại bỏ hoàn toàn hiện tượng xé hình, giật hình và bóng ma chuyển động, mang đến lợi thế cạnh tranh vượt trội trong các tựa game hành động nhanh và eSports. Công nghệ AMD FreeSync Premium được tích hợp sẵn còn đồng bộ hóa tốc độ khung hình của màn hình với card đồ họa, đảm bảo trải nghiệm chơi game liền mạch không gián đoạn, mượt mà ở mọi mức khung hình. Thiết kế công thái học với chân đế đa năng cho phép điều chỉnh độ cao, xoay, nghiêng và pivot linh hoạt, tối ưu hóa tư thế ngồi và giảm mỏi mắt, cổ khi sử dụng trong thời gian dài. Viền màn hình siêu mỏng tạo không gian hiển thị rộng hơn, lý tưởng cho thiết lập đa màn hình, chìm đắm hoàn toàn vào thế giới game. AOC 24G4H không chỉ là công cụ giải trí mà còn là người bạn đồng hành đáng tin cậy trên mọi chiến trường ảo, giúp bạn nắm bắt mọi khoảnh khắc quyết định.',
        1, 'https://product.hstatic.net/200000722513/product/aoc_24g4h_200hz_gearvn_2e44669d656a4c688fc62379e991572e.jpg'
    );
INSERT INTO product_category (product_id, category_id) VALUES (651, 16);
INSERT INTO product_variant (
        product_id, name, seo_name, supplier_id, price, price_sale, quantity, sku, model, barcode, 
        specifications, description, warranty, image_url, release_at, created_by)
        VALUES ( 651, 'Màn hình AOC 24G4H 24" Fast IPS 200Hz chuyên game', 'man-hinh-aoc-24g4h-24-fast-ips-200hz-chuyen-game',
            1, 3990000, 3190000, 10, 'MAN-AOC-24G4H',
            'MAN-AOC-24G4H', 'MAN-AOC-24G4H',
            '{"Kích thước màn hình": "23.8 inch","Tấm nền": "Fast IPS","Độ phân giải": "Full HD (1920x1080)","Tần số quét": "200Hz","Thời gian phản hồi": "0.3ms (MPRT)","Độ sáng": "300 cd/m²","Tỷ lệ tương phản": "1000:1","Màu sắc hiển thị": "16.7 Triệu màu","Công nghệ": "Adaptive-Sync, HDR10, AOC Low Input Lag, Flicker-Free","Cổng kết nối": "HDMI 2.0, DisplayPort 1.4, Audio out","Khả năng điều chỉnh": "Nâng hạ độ cao, Nghiêng, Xoay ngang, Xoay dọc","Tương thích VESA": "100 x 100 mm"}',
            'Màn hình AOC 24G4H 24\" Fast IPS 200Hz chuyên game là lựa chọn hoàn hảo cho các game thủ đòi hỏi trải nghiệm hình ảnh mượt mà và sống động. Với kích thước 24 inch tiêu chuẩn, màn hình này tối ưu cho không gian làm việc và chơi game, đồng thời mang lại góc nhìn rộng. Tấm nền Fast IPS tiên tiến mang lại màu sắc rực rỡ, độ tương phản cao cùng góc nhìn rộng lên đến 178 độ, đảm bảo mọi chi tiết hiển thị sắc nét và chân thực từ mọi góc độ. Tần số quét 200Hz siêu nhanh kết hợp thời gian phản hồi cực thấp 1ms MPRT (Moving Picture Response Time) giúp loại bỏ hoàn toàn hiện tượng xé hình, giật hình và bóng ma chuyển động, mang đến lợi thế cạnh tranh vượt trội trong các tựa game hành động nhanh và eSports. Công nghệ AMD FreeSync Premium được tích hợp sẵn còn đồng bộ hóa tốc độ khung hình của màn hình với card đồ họa, đảm bảo trải nghiệm chơi game liền mạch không gián đoạn, mượt mà ở mọi mức khung hình. Thiết kế công thái học với chân đế đa năng cho phép điều chỉnh độ cao, xoay, nghiêng và pivot linh hoạt, tối ưu hóa tư thế ngồi và giảm mỏi mắt, cổ khi sử dụng trong thời gian dài. Viền màn hình siêu mỏng tạo không gian hiển thị rộng hơn, lý tưởng cho thiết lập đa màn hình, chìm đắm hoàn toàn vào thế giới game. AOC 24G4H không chỉ là công cụ giải trí mà còn là người bạn đồng hành đáng tin cậy trên mọi chiến trường ảo, giúp bạn nắm bắt mọi khoảnh khắc quyết định.',
            36, 'https://product.hstatic.net/200000722513/product/aoc_24g4h_200hz_gearvn_2e44669d656a4c688fc62379e991572e.jpg', '2025-05-15T10:09:58+00:00',1);
        
INSERT INTO product_image (name, product_variant_id, image_url, is_main)
VALUES
    ('Ảnh 1', 651, 'https://product.hstatic.net/200000722513/product/aoc_24g4h_200hz_gearvn_2e44669d656a4c688fc62379e991572e.jpg', TRUE),
    ('Ảnh 2', 651, 'https://product.hstatic.net/200000722513/product/24g4h_b_15a7812507444252a7520d4d5efa9c34.png', FALSE),
    ('Ảnh 3', 651, 'https://product.hstatic.net/200000722513/product/24g4h_f_6eebc7d041574a2bbb0abca478f96ffc.png', FALSE),
    ('Ảnh 4', 651, 'https://product.hstatic.net/200000722513/product/24g4h_ftl_p_3058c3dea4254fb8ae9c5cd49a4391db.png', FALSE),
    ('Ảnh 5', 651, 'https://product.hstatic.net/200000722513/product/24g4h_ftr_ce040583ceb8469bbc8e866b319711f5.png', FALSE),
    ('Ảnh 6', 651, 'https://product.hstatic.net/200000722513/product/24g4h_io_095f31136b8e4f7bb287ad6e359cc426.png', FALSE),
    ('Ảnh 7', 651, 'https://product.hstatic.net/200000722513/product/24g4h_s_e36caacf6e24499f99984144de52ea0f.png', FALSE),
    ('Ảnh 8', 651, 'https://product.hstatic.net/200000722513/product/24g4h_t_10c46069113942ce9d7100b32b23b64c.png', FALSE);
---
INSERT INTO product (name, seo_name, brand_id, specifications, description, created_by, image_url) 
    VALUES (
        'Màn hình MSI MAG 255F E20 25" Rapid IPS 200Hz chuyên game', 'man-hinh-msi-mag-255f-e20-25-rapid-ips-200hz-chuyen-game', 52,
        '{"Kích thước màn hình": "24.5 inch","Độ phân giải": "Full HD (1920 x 1080)","Tấm nền": "Rapid IPS","Tần số quét": "200 Hz","Thời gian đáp ứng": "0.5ms (GTG)","Công nghệ màn hình": "HDR Ready, AMD FreeSync Premium, AI Vision","Độ phủ màu": "100% sRGB, 79% DCI-P3, 83% Adobe RGB","Số lượng màu": "1.07 tỷ màu","Độ sáng": "300 cd/m2","Độ tương phản tĩnh": "1000:1","Góc nhìn": "178°(Dọc) / 178°(Ngang)","Cổng kết nối": "2x HDMI 2.0b, 1x DisplayPort 1.2a","Thiết kế": "Phẳng, chống lóa, hỗ trợ gắn tường VESA 100x100mm","Bảo hành": "36 tháng"}',
        'Màn hình MSI MAG 255F E20 25\" Rapid IPS 200Hz chuyên game là lựa chọn hoàn hảo cho những game thủ khao khát tốc độ và sự mượt mà tuyệt đối trong từng khung hình. Với tấm nền Rapid IPS tiên tiến, màn hình này không chỉ mang lại màu sắc sống động, độ tương phản ấn tượng và góc nhìn rộng mà còn đạt được tốc độ phản hồi cực nhanh, giảm thiểu hiện tượng bóng mờ và xé hình, đảm bảo mọi chuyển động trên màn hình đều sắc nét và rõ ràng. Tần số quét 200Hz cực cao là điểm nhấn, cho phép bạn trải nghiệm lối chơi siêu mượt mà, nắm bắt từng khoảnh khắc quan trọng trong các tựa game hành động nhanh. Kích thước 25 inch là tối ưu cho việc tập trung, giúp người chơi dễ dàng bao quát toàn bộ chiến trường mà không cần di chuyển mắt quá nhiều. Công nghệ Adaptive Sync tích hợp giúp loại bỏ hiện tượng xé hình, đồng bộ hóa tần số quét của màn hình với card đồ họa của bạn, mang lại trải nghiệm game liền mạch và không giật lag. Bên cạnh đó, thiết kế công thái học với chân đế có thể điều chỉnh linh hoạt độ cao, độ nghiêng và xoay, đảm bảo tư thế ngồi thoải mái nhất trong những buổi chơi game kéo dài. MSI MAG 255F E20 chính là chìa khóa để nâng tầm kỹ năng và thống trị mọi cuộc đấu. Đây không chỉ là một màn hình, mà là một công cụ đắc lực cho mọi game thủ chuyên nghiệp.',
        1, 'https://product.hstatic.net/200000722513/product/msi_mag_255f_e20_gearvn_ff826175c7974b9da8db347784de0b24.jpg'
    );
INSERT INTO product_category (product_id, category_id) VALUES (652, 16);
INSERT INTO product_variant (
        product_id, name, seo_name, supplier_id, price, price_sale, quantity, sku, model, barcode, 
        specifications, description, warranty, image_url, release_at, created_by)
        VALUES ( 652, 'Màn hình MSI MAG 255F E20 25" Rapid IPS 200Hz chuyên game', 'man-hinh-msi-mag-255f-e20-25-rapid-ips-200hz-chuyen-game',
            1, 3690000, 2990000, 10, 'MAN-MSI-MAG-255F-E20',
            'MAN-MSI-MAG-255F-E20', 'MAN-MSI-MAG-255F-E20',
            '{"Kích thước màn hình": "24.5 inch","Độ phân giải": "Full HD (1920 x 1080)","Tấm nền": "Rapid IPS","Tần số quét": "200 Hz","Thời gian đáp ứng": "0.5ms (GTG)","Công nghệ màn hình": "HDR Ready, AMD FreeSync Premium, AI Vision","Độ phủ màu": "100% sRGB, 79% DCI-P3, 83% Adobe RGB","Số lượng màu": "1.07 tỷ màu","Độ sáng": "300 cd/m2","Độ tương phản tĩnh": "1000:1","Góc nhìn": "178°(Dọc) / 178°(Ngang)","Cổng kết nối": "2x HDMI 2.0b, 1x DisplayPort 1.2a","Thiết kế": "Phẳng, chống lóa, hỗ trợ gắn tường VESA 100x100mm"}',
            'Màn hình MSI MAG 255F E20 25\" Rapid IPS 200Hz chuyên game là lựa chọn hoàn hảo cho những game thủ khao khát tốc độ và sự mượt mà tuyệt đối trong từng khung hình. Với tấm nền Rapid IPS tiên tiến, màn hình này không chỉ mang lại màu sắc sống động, độ tương phản ấn tượng và góc nhìn rộng mà còn đạt được tốc độ phản hồi cực nhanh, giảm thiểu hiện tượng bóng mờ và xé hình, đảm bảo mọi chuyển động trên màn hình đều sắc nét và rõ ràng. Tần số quét 200Hz cực cao là điểm nhấn, cho phép bạn trải nghiệm lối chơi siêu mượt mà, nắm bắt từng khoảnh khắc quan trọng trong các tựa game hành động nhanh. Kích thước 25 inch là tối ưu cho việc tập trung, giúp người chơi dễ dàng bao quát toàn bộ chiến trường mà không cần di chuyển mắt quá nhiều. Công nghệ Adaptive Sync tích hợp giúp loại bỏ hiện tượng xé hình, đồng bộ hóa tần số quét của màn hình với card đồ họa của bạn, mang lại trải nghiệm game liền mạch và không giật lag. Bên cạnh đó, thiết kế công thái học với chân đế có thể điều chỉnh linh hoạt độ cao, độ nghiêng và xoay, đảm bảo tư thế ngồi thoải mái nhất trong những buổi chơi game kéo dài. MSI MAG 255F E20 chính là chìa khóa để nâng tầm kỹ năng và thống trị mọi cuộc đấu. Đây không chỉ là một màn hình, mà là một công cụ đắc lực cho mọi game thủ chuyên nghiệp.',
            36, 'https://product.hstatic.net/200000722513/product/msi_mag_255f_e20_gearvn_ff826175c7974b9da8db347784de0b24.jpg', '2025-05-27T04:18:52+00:00',1);
        
INSERT INTO product_image (name, product_variant_id, image_url, is_main)
VALUES
    ('Ảnh 1', 652, 'https://product.hstatic.net/200000722513/product/msi_mag_255f_e20_gearvn_ff826175c7974b9da8db347784de0b24.jpg', TRUE),
    ('Ảnh 2', 652, 'https://product.hstatic.net/200000722513/product/1024__1__5ad8efb3be754eb08fc1f8a1de4ba194.png', FALSE),
    ('Ảnh 3', 652, 'https://product.hstatic.net/200000722513/product/1024__2__87a2571123934cc4ac45d17c081ead77.png', FALSE),
    ('Ảnh 4', 652, 'https://product.hstatic.net/200000722513/product/1024__3__b8e1288642db4efd977a83f9b187b14f.png', FALSE),
    ('Ảnh 5', 652, 'https://product.hstatic.net/200000722513/product/1024__4__850e6a88819f4a4abdf246af1b133457.png', FALSE),
    ('Ảnh 6', 652, 'https://product.hstatic.net/200000722513/product/1024_5cdfc24b6321491c919d218f3f65db23.png', FALSE);
---
INSERT INTO product (name, seo_name, brand_id, specifications, description, created_by, image_url) 
    VALUES (
        'Màn hình Asus TUF GAMING VG259Q5A 25" Fast IPS 200Hz Gsync chuyên game', 'man-hinh-asus-tuf-gaming-vg259q5a-25-fast-ips-200hz-gsync-chuyen-game', 3,
        '{"Tên sản phẩm": "Asus TUF GAMING VG259Q5A","Kích thước màn hình": "25 inch","Loại tấm nền": "Fast IPS","Tần số quét": "200Hz","Công nghệ đồng bộ": "G-Sync Compatible","Độ phân giải": "Full HD (1920 x 1080)","Thời gian phản hồi": "1ms (MPRT)","Độ sáng": "300 cd/m²","Tỷ lệ tương phản": "1000:1","Góc nhìn": "178°/178°","Số màu hiển thị": "16.7 triệu màu","Công nghệ màn hình": "Trace Free, Shadow Boost, GameVisual, Flicker-Free, Low Blue Light","Cổng kết nối": "DisplayPort 1.2, HDMI 2.0, Jack tai nghe 3.5mm","Tính năng nổi bật": "Chuyên game, tần số quét cao, hình ảnh sắc nét, màu sắc chính xác","Kích thước (có chân đế)": "557.17 x 432.53 x 212.22 mm","Trọng lượng (có chân đế)": "5.0 kg","Nguồn gốc": "Chính hãng"}',
        'Màn hình Asus TUF GAMING VG259Q5A 25\" Fast IPS 200Hz G-Sync chuyên game là lựa chọn hoàn hảo cho game thủ đòi hỏi tốc độ và chất lượng hình ảnh vượt trội. Với tấm nền Fast IPS tiên tiến, màn hình này mang lại màu sắc sống động, độ tương phản ấn tượng cùng góc nhìn rộng, đảm bảo mọi chi tiết trong game đều được hiển thị rõ nét và chân thực nhất. Tần số quét 200Hz siêu nhanh cùng thời gian phản hồi chỉ 1ms (MPRT) loại bỏ hoàn toàn hiện tượng xé hình hay bóng mờ, giúp mọi pha hành động diễn ra mượt mà đến khó tin, mang lại lợi thế cạnh tranh quyết định trong các tựa game nhịp độ cao. Công nghệ G-SYNC Compatible tích hợp đồng bộ hóa tần số quét của màn hình với GPU, loại bỏ hiện tượng giật lag và xé hình, đảm bảo trải nghiệm chơi game không gián đoạn. Bên cạnh đó, các tính năng độc quyền của Asus như ELMB-Sync, GamePlus và GameVisual cung cấp các công cụ hỗ trợ hữu ích để tối ưu hóa trải nghiệm. Thiết kế công thái học cho phép điều chỉnh độ cao, xoay, nghiêng và pivot, giúp bạn tìm được tư thế thoải mái nhất. Đây thực sự là một vũ khí tối thượng, đưa trải nghiệm gaming của bạn lên một tầm cao mới.',
        1, 'https://product.hstatic.net/200000722513/product/asus_vg259q5a_200hz_gearvn_2c55f5c7cebe4f688f1e07e8c6f1bb48.jpg'
    );
INSERT INTO product_category (product_id, category_id) VALUES (653, 16);
INSERT INTO product_variant (
        product_id, name, seo_name, supplier_id, price, price_sale, quantity, sku, model, barcode, 
        specifications, description, warranty, image_url, release_at, created_by)
        VALUES ( 653, 'Màn hình Asus TUF GAMING VG259Q5A 25" Fast IPS 200Hz Gsync chuyên game', 'man-hinh-asus-tuf-gaming-vg259q5a-25-fast-ips-200hz-gsync-chuyen-game',
            1, 3990000, 3090000, 10, 'MAN-ASU-TUF-VG259Q5A',
            'MAN-ASU-TUF-VG259Q5A', 'MAN-ASU-TUF-VG259Q5A',
            '{"Tên sản phẩm": "Asus TUF GAMING VG259Q5A","Kích thước màn hình": "25 inch","Loại tấm nền": "Fast IPS","Tần số quét": "200Hz","Công nghệ đồng bộ": "G-Sync Compatible","Độ phân giải": "Full HD (1920 x 1080)","Thời gian phản hồi": "1ms (MPRT)","Độ sáng": "300 cd/m²","Tỷ lệ tương phản": "1000:1","Góc nhìn": "178°/178°","Số màu hiển thị": "16.7 triệu màu","Công nghệ màn hình": "Trace Free, Shadow Boost, GameVisual, Flicker-Free, Low Blue Light","Cổng kết nối": "DisplayPort 1.2, HDMI 2.0, Jack tai nghe 3.5mm","Tính năng nổi bật": "Chuyên game, tần số quét cao, hình ảnh sắc nét, màu sắc chính xác","Kích thước (có chân đế)": "557.17 x 432.53 x 212.22 mm","Trọng lượng (có chân đế)": "5.0 kg","Nguồn gốc": "Chính hãng"}',
            'Màn hình Asus TUF GAMING VG259Q5A 25\" Fast IPS 200Hz G-Sync chuyên game là lựa chọn hoàn hảo cho game thủ đòi hỏi tốc độ và chất lượng hình ảnh vượt trội. Với tấm nền Fast IPS tiên tiến, màn hình này mang lại màu sắc sống động, độ tương phản ấn tượng cùng góc nhìn rộng, đảm bảo mọi chi tiết trong game đều được hiển thị rõ nét và chân thực nhất. Tần số quét 200Hz siêu nhanh cùng thời gian phản hồi chỉ 1ms (MPRT) loại bỏ hoàn toàn hiện tượng xé hình hay bóng mờ, giúp mọi pha hành động diễn ra mượt mà đến khó tin, mang lại lợi thế cạnh tranh quyết định trong các tựa game nhịp độ cao. Công nghệ G-SYNC Compatible tích hợp đồng bộ hóa tần số quét của màn hình với GPU, loại bỏ hiện tượng giật lag và xé hình, đảm bảo trải nghiệm chơi game không gián đoạn. Bên cạnh đó, các tính năng độc quyền của Asus như ELMB-Sync, GamePlus và GameVisual cung cấp các công cụ hỗ trợ hữu ích để tối ưu hóa trải nghiệm. Thiết kế công thái học cho phép điều chỉnh độ cao, xoay, nghiêng và pivot, giúp bạn tìm được tư thế thoải mái nhất. Đây thực sự là một vũ khí tối thượng, đưa trải nghiệm gaming của bạn lên một tầm cao mới.',
            36, 'https://product.hstatic.net/200000722513/product/asus_vg259q5a_200hz_gearvn_2c55f5c7cebe4f688f1e07e8c6f1bb48.jpg', '2025-05-12T09:57:46+00:00',1);
        
INSERT INTO product_image (name, product_variant_id, image_url, is_main)
VALUES
    ('Ảnh 1', 653, 'https://product.hstatic.net/200000722513/product/asus_vg259q5a_200hz_gearvn_2c55f5c7cebe4f688f1e07e8c6f1bb48.jpg', TRUE),
    ('Ảnh 2', 653, 'https://product.hstatic.net/200000722513/product/tuf-gaming-vg259q5a-01_d61a36a5f490469b9b0d5488e05011a2.jpg', FALSE),
    ('Ảnh 3', 653, 'https://product.hstatic.net/200000722513/product/tuf-gaming-vg259q5a-t-01_0013c29f052a4a3b82387f9f73b70672.jpg', FALSE),
    ('Ảnh 4', 653, 'https://product.hstatic.net/200000722513/product/tuf-gaming-vg259q5a-t-02_63e2c25e4605424197b0f0d5b2efda7e.jpg', FALSE),
    ('Ảnh 5', 653, 'https://product.hstatic.net/200000722513/product/tuf-gaming-vg259q5a-t-03_f7f96e9c31514711bcb26481385f49c4.jpg', FALSE),
    ('Ảnh 6', 653, 'https://product.hstatic.net/200000722513/product/tuf-gaming-vg259q5a-t-04_f632a5e146014b4fb1d9d812834931d8.jpg', FALSE),
    ('Ảnh 7', 653, 'https://product.hstatic.net/200000722513/product/tuf-gaming-vg259q5a-t-05_9e00b0df6e46476e809980ed7ae34465.jpg', FALSE);
---
INSERT INTO product (name, seo_name, brand_id, specifications, description, created_by, image_url) 
    VALUES (
        'Màn hình ViewSonic VX2480-2K-SHD-2 24" IPS 2K 100Hz', 'man-hinh-viewsonic-vx2480-2k-shd-2-24-ips-2k-100hz', 55,
        '{"Kích thước màn hình": "24 inches", "Kích thước hiển thị": "23.8 inch", "Kiểu màn hình": "Màn hình phẳng", "Độ phân giải": "2560 x 1440 pixels", "Tấm nền": "IPS", "Tỉ lệ màn hình": "16:9", "Tần số quét": "100 Hz", "Thời gian phản hồi": "5 ms", "Số lượng màu": "16.7 triệu màu", "Độ phủ màu": "NTSC 72% (Typ), sRGB 104% (Typ)", "Độ chính xác màu": "8 bit thực", "Độ sáng": "250 cd/m² (typ)", "Góc nhìn": "178°/178°", "Độ tương phản tĩnh": "1300:1 (typ)", "Độ tương phản động": "80M:1", "Công nghệ màn hình": "Hard Coating (3H)", "Nghiêng": "-5° / 15°", "Treo tường": "100 x 100 mm", "Cổng kết nối": "1x Audio Out 3.5mm, 2x HDMI 1.4, 1x DisplayPort, 1x Nguồn 3-pin (IEC C14 / CEE22)", "Tính năng màn hình": "Hạn chế ánh sáng xanh, Chống chói, Chống nháy, Chế độ tiết kiệm điện", "Công suất tiêu thụ": "Eco Mode 18-20W, điển hình 22W, tối đa 23W", "Kích thước": "Có chân đế: 539.2 x 400.6 x 175 mm, Không chân đế: 539.2 x 316.5 x 49.9 mm", "Trọng lượng": "Có chân đế: 4 kg, Không chân đế: 3.4 kg"}',
        'ViewSonic VX2480-2K-SHD là sản phẩm được kết hợp hoàn hảo giữa chất lượng hình ảnh và thiết kế đẳng cấp. Màn hình QHD kích cỡ 24 inch, hiển thị hình ảnh sắc nét và video có độ chi tiết cao. Tốc độ làm mới 75Hz cho phép trải nghiệm mượt mà từ cuộn web đến chơi game. Chuyên đồ hoạ với 8 bit màu đi kèm 104%sRGB giúp hình ảnh luôn chính xác và chuẩn màu.\n\n- Màn hình ViewSonic VX2480-2K-SHD 24\n\nHiệu năng vượt trội, góc nhìn rộng\nVới màn hình có viền mỏng, kiểu dáng đẹp và thiết kế tối giản, màn hình này hoàn hảo ở nơi làm việc hoặc gia đình. Khả năng bố trí và quản lý dây cáp dễ dàng khiến cho góc của bạn luôn luôn gọn gàng. VX2480-2K-SHD cũng được trang bị các cài đặt trước ViewMode ™ độc quyền của ViewSonic, mang lại hiệu suất màn hình được tối ưu hóa cho nhiều tình huống như chơi game, chỉnh sửa hoặc xem phim. Ngoài ra, đầu vào DisplayPort và HDMI cung cấp khả năng kết nối linh hoạt.\n\n- Màn hình ViewSonic VX2480-2K-SHD 24\n\nĐa dạng kết nối và dễ đi dây\nMàn hình với kết nối đa dạng gồm HDMI,DP hỗ trợ dễ dàng kết nối với mọi máy tính, laptop. Thoải mái sử dụng và đồng bộ cao với hệ thống của bạn.\n\n- Màn hình ViewSonic VX2480-2K-SHD 24\n\nTốc độ làm mới cao 75Hz\nTốc độ làm mới cao lên đến 75Hz đảm bảo hình ảnh luôn mượt mà, vượt trội. Giúp bạn làm việc và giải trí một cách thoải mái nhất.\n\n- Màn hình ViewSonic VX2480-2K-SHD 24\n\nĐộ tương phản cao\nVới độ tương phản động cao lên đến 80.000.000 : 1, mọi hình ảnh của bạn điều trở nên sắc nét và có chiều sâu tối ưu nhất.\n\n- Màn hình ViewSonic VX2480-2K-SHD 24\n\nNhiều chế độ màn hình đa dạng\nViewMode ™ độc quyền của ViewSonic cung cấp các cài đặt trước chuyên biệt để phù hợp với các tình huống sử dụng khác nhau. Các giá trị đặt trước này nâng cao đường cong gamma, nhiệt độ màu, độ tương phản và độ sáng để mang lại các đặc điểm xem tối ưu cho từng ứng dụng. Chế độ trò chơi tích hợp cài đặt trò chơi FPS, RTS và MOBA được hiệu chỉnh trước với kiểm tra và điều chỉnh trong trò chơi để có sự pha trộn tốt nhất giữa màu sắc và công nghệ.\n\n- Màn hình ViewSonic VX2480-2K-SHD 24\n\nBảo vệ mắt cực tốt\nCông nghệ Flicker-Free và bộ lọc ánh sáng xanh giúp giảm mỏi mắt và mệt mỏi do thời gian sử dụng màn hình kéo dài. Dù sử dụng cho mục đích công việc hay cá nhân, bạn sẽ luôn cảm thấy thoải mái.\n\n- Màn hình ViewSonic VX2480-2K-SHD 24\n\nCực mỏng chỉ 50mm\nMàn hình với độ mỏng tối ưu góc làm việc cũng như gaming của bạn. Dễ dàng thiết lập và phù hợp với mọi góc máy của bạn.',
        1, 'https://product.hstatic.net/200000722513/product/view_vx2480-2k-shd-2_gearvn_b9e8f3e912fc412ebac88da2393098a4.jpg'
    );
INSERT INTO product_category (product_id, category_id) VALUES (654, 16);
INSERT INTO product_variant (
        product_id, name, seo_name, supplier_id, price, price_sale, quantity, sku, model, barcode, 
        specifications, description, warranty, image_url, release_at, created_by)
        VALUES ( 654, 'Màn hình ViewSonic VX2480-2K-SHD-2 24" IPS 2K 100Hz', 'man-hinh-viewsonic-vx2480-2k-shd-2-24-ips-2k-100hz',
            1, 4990000, 3990000, 10, 'MAN-VIE-VX2480-2K-SHD-2',
            'MAN-VIE-VX2480-2K-SHD-2', 'MAN-VIE-VX2480-2K-SHD-2',
            '{"Kích thước màn hình": "24 inches", "Kích thước hiển thị": "23.8 inch", "Kiểu màn hình": "Màn hình phẳng", "Độ phân giải": "2560 x 1440 pixels", "Tấm nền": "IPS", "Tỉ lệ màn hình": "16:9", "Tần số quét": "100 Hz", "Thời gian phản hồi": "5 ms", "Số lượng màu": "16.7 triệu màu", "Độ phủ màu": "NTSC 72% (Typ), sRGB 104% (Typ)", "Độ chính xác màu": "8 bit thực", "Độ sáng": "250 cd/m² (typ)", "Góc nhìn": "178°/178°", "Độ tương phản tĩnh": "1300:1 (typ)", "Độ tương phản động": "80M:1", "Công nghệ màn hình": "Hard Coating (3H)", "Nghiêng": "-5° / 15°", "Treo tường": "100 x 100 mm", "Cổng kết nối": "1x Audio Out 3.5mm, 2x HDMI 1.4, 1x DisplayPort, 1x Nguồn 3-pin (IEC C14 / CEE22)", "Tính năng màn hình": "Hạn chế ánh sáng xanh, Chống chói, Chống nháy, Chế độ tiết kiệm điện", "Công suất tiêu thụ": "Eco Mode 18-20W, điển hình 22W, tối đa 23W", "Kích thước": "Có chân đế: 539.2 x 400.6 x 175 mm, Không chân đế: 539.2 x 316.5 x 49.9 mm", "Trọng lượng": "Có chân đế: 4 kg, Không chân đế: 3.4 kg"}',
            'ViewSonic VX2480-2K-SHD là sản phẩm được kết hợp hoàn hảo giữa chất lượng hình ảnh và thiết kế đẳng cấp. Màn hình QHD kích cỡ 24 inch, hiển thị hình ảnh sắc nét và video có độ chi tiết cao. Tốc độ làm mới 75Hz cho phép trải nghiệm mượt mà từ cuộn web đến chơi game. Chuyên đồ hoạ với 8 bit màu đi kèm 104%sRGB giúp hình ảnh luôn chính xác và chuẩn màu.\n\n- Màn hình ViewSonic VX2480-2K-SHD 24\n\nHiệu năng vượt trội, góc nhìn rộng\nVới màn hình có viền mỏng, kiểu dáng đẹp và thiết kế tối giản, màn hình này hoàn hảo ở nơi làm việc hoặc gia đình. Khả năng bố trí và quản lý dây cáp dễ dàng khiến cho góc của bạn luôn luôn gọn gàng. VX2480-2K-SHD cũng được trang bị các cài đặt trước ViewMode ™ độc quyền của ViewSonic, mang lại hiệu suất màn hình được tối ưu hóa cho nhiều tình huống như chơi game, chỉnh sửa hoặc xem phim. Ngoài ra, đầu vào DisplayPort và HDMI cung cấp khả năng kết nối linh hoạt.\n\n- Màn hình ViewSonic VX2480-2K-SHD 24\n\nĐa dạng kết nối và dễ đi dây\nMàn hình với kết nối đa dạng gồm HDMI,DP hỗ trợ dễ dàng kết nối với mọi máy tính, laptop. Thoải mái sử dụng và đồng bộ cao với hệ thống của bạn.\n\n- Màn hình ViewSonic VX2480-2K-SHD 24\n\nTốc độ làm mới cao 75Hz\nTốc độ làm mới cao lên đến 75Hz đảm bảo hình ảnh luôn mượt mà, vượt trội. Giúp bạn làm việc và giải trí một cách thoải mái nhất.\n\n- Màn hình ViewSonic VX2480-2K-SHD 24\n\nĐộ tương phản cao\nVới độ tương phản động cao lên đến 80.000.000 : 1, mọi hình ảnh của bạn điều trở nên sắc nét và có chiều sâu tối ưu nhất.\n\n- Màn hình ViewSonic VX2480-2K-SHD 24\n\nNhiều chế độ màn hình đa dạng\nViewMode ™ độc quyền của ViewSonic cung cấp các cài đặt trước chuyên biệt để phù hợp với các tình huống sử dụng khác nhau. Các giá trị đặt trước này nâng cao đường cong gamma, nhiệt độ màu, độ tương phản và độ sáng để mang lại các đặc điểm xem tối ưu cho từng ứng dụng. Chế độ trò chơi tích hợp cài đặt trò chơi FPS, RTS và MOBA được hiệu chỉnh trước với kiểm tra và điều chỉnh trong trò chơi để có sự pha trộn tốt nhất giữa màu sắc và công nghệ.\n\n- Màn hình ViewSonic VX2480-2K-SHD 24\n\nBảo vệ mắt cực tốt\nCông nghệ Flicker-Free và bộ lọc ánh sáng xanh giúp giảm mỏi mắt và mệt mỏi do thời gian sử dụng màn hình kéo dài. Dù sử dụng cho mục đích công việc hay cá nhân, bạn sẽ luôn cảm thấy thoải mái.\n\n- Màn hình ViewSonic VX2480-2K-SHD 24\n\nCực mỏng chỉ 50mm\nMàn hình với độ mỏng tối ưu góc làm việc cũng như gaming của bạn. Dễ dàng thiết lập và phù hợp với mọi góc máy của bạn.',
            36, 'https://product.hstatic.net/200000722513/product/view_vx2480-2k-shd-2_gearvn_b9e8f3e912fc412ebac88da2393098a4.jpg', '2025-04-10T04:31:58+00:00',1);
        
INSERT INTO product_image (name, product_variant_id, image_url, is_main)
VALUES
    ('Ảnh 1', 654, 'https://product.hstatic.net/200000722513/product/view_vx2480-2k-shd-2_gearvn_b9e8f3e912fc412ebac88da2393098a4.jpg', TRUE),
    ('Ảnh 2', 654, 'https://product.hstatic.net/200000722513/product/gpg-24-mon-vx2480-2k-shd-2-product_photo_b01_pc_981171c0aa15431aa67fabed9754d2b8.jpg', FALSE),
    ('Ảnh 3', 654, 'https://product.hstatic.net/200000722513/product/gpg-24-mon-vx2480-2k-shd-2-product_photo_c01_pc_550a2d681c754125b2df8fb6d21e1342.jpg', FALSE),
    ('Ảnh 4', 654, 'https://product.hstatic.net/200000722513/product/gpg-24-mon-vx2480-2k-shd-2-product_photo_f01_pc_76715e4641a340bdb0cb638bd73f865e.jpg', FALSE),
    ('Ảnh 5', 654, 'https://product.hstatic.net/200000722513/product/gpg-24-mon-vx2480-2k-shd-2-product_photo_f02_pc_f321c09ee7b34dcab9e845840536b353.jpg', FALSE),
    ('Ảnh 6', 654, 'https://product.hstatic.net/200000722513/product/gpg-24-mon-vx2480-2k-shd-2-product_photo_l02_pc_72b5a97d9e954a15bb421881b2486c4f.jpg', FALSE),
    ('Ảnh 7', 654, 'https://product.hstatic.net/200000722513/product/gpg-24-mon-vx2480-2k-shd-2-product_photo_lb02_pc_660001b7d25641f8b401cb10a7b44c82.jpg', FALSE),
    ('Ảnh 8', 654, 'https://product.hstatic.net/200000722513/product/gpg-24-mon-vx2480-2k-shd-2-product_photo_lf01_pc_193d74a4b93b43858fc9beac229b4764.jpg', FALSE),
    ('Ảnh 9', 654, 'https://product.hstatic.net/200000722513/product/gpg-24-mon-vx2480-2k-shd-2-product_photo_rb01_pc_1c279f38a38f4730a16d22c9661662f9.jpg', FALSE),
    ('Ảnh 10', 654, 'https://product.hstatic.net/200000722513/product/gpg-24-mon-vx2480-2k-shd-2-product_photo_rf01_pc_9a64abfcbe85449f8ba605a708f29b04.jpg', FALSE);
---
INSERT INTO product (name, seo_name, brand_id, specifications, description, created_by, image_url) 
    VALUES (
        'Màn Hình Samsung LS24F320GAEXXV 24" IPS 120Hz', 'man-hinh-samsung-ls24f320gaexxv-24-ips-120hz', 16,
        '{"Nhà sản xuất": "Samsung"}',
        'Màn Hình Samsung LS24F320GAEXXV 24\" IPS 120Hz là sự lựa chọn lý tưởng cho những ai tìm kiếm trải nghiệm hình ảnh mượt mà và sống động, đáp ứng tốt cả nhu cầu làm việc, giải trí lẫn chơi game. Với kích thước 24 inch tiêu chuẩn, chiếc màn hình này mang lại không gian hiển thị rộng rãi mà vẫn gọn gàng trên bàn làm việc.\n\nĐiểm nhấn nổi bật chính là tấm nền IPS cao cấp, đảm bảo góc nhìn rộng lên đến 178 độ, giúp màu sắc và độ tương phản không bị biến đổi dù bạn nhìn từ bất kỳ vị trí nào. Công nghệ IPS còn mang lại khả năng tái tạo màu sắc chân thực, rực rỡ và chính xác, phù hợp cho các tác vụ đòi hỏi độ chuẩn màu cao như thiết kế đồ họa, chỉnh sửa ảnh hay xem phim chất lượng cao.\n\nKhông chỉ dừng lại ở chất lượng hình ảnh, Samsung LS24F320GAEXXV còn nâng tầm trải nghiệm mượt mà với tần số quét 120Hz. Đây là một cải tiến đáng kể so với các màn hình 60Hz truyền thống, giúp mọi chuyển động trên màn hình trở nên trơn tru và ít giật lag hơn đáng kể. Đối với game thủ, tần số quét 120Hz mang lại lợi thế rõ rệt trong các tựa game tốc độ cao, giảm thiểu hiện tượng xé hình và mờ nhòe, giúp bạn phản ứng nhanh hơn và đắm chìm vào thế giới ảo. Ngay cả khi sử dụng hàng ngày, việc cuộn trang web hay di chuyển cửa sổ cũng trở nên mượt mà, dễ chịu hơn nhiều.\n\nThiết kế của màn hình cũng được chú trọng với viền mỏng ba cạnh, tối ưu hóa không gian hiển thị và tạo vẻ ngoài hiện đại, sang trọng. Điều này không chỉ giúp tăng tính thẩm mỹ mà còn rất tiện lợi khi thiết lập đa màn hình, mang lại trải nghiệm liền mạch.\n\nMàn hình được trang bị các cổng kết nối phổ biến, đảm bảo khả năng tương thích với nhiều thiết bị khác nhau. Samsung LS24F320GAEXXV thực sự là một khoản đầu tư xứng đáng cho hiệu suất làm việc và giải trí tối ưu.',
        1, 'https://product.hstatic.net/200000722513/product/samsung_ls24f320gaexxv_gearvn_3f8ffeeddd364bab96e38d4ed1d0d9c0.jpg'
    );
INSERT INTO product_category (product_id, category_id) VALUES (655, 16);
INSERT INTO product_variant (
        product_id, name, seo_name, supplier_id, price, price_sale, quantity, sku, model, barcode, 
        specifications, description, warranty, image_url, release_at, created_by)
        VALUES ( 655, 'Màn Hình Samsung LS24F320GAEXXV 24" IPS 120Hz', 'man-hinh-samsung-ls24f320gaexxv-24-ips-120hz',
            1, 2990000, 2490000, 10, 'MAN-SAM-LS24F320GAEXXV',
            'MAN-SAM-LS24F320GAEXXV', 'MAN-SAM-LS24F320GAEXXV',
            '{"Kích thước màn hình": "24 inch","Tấm nền": "IPS","Tần số quét": "120 Hz","Độ phân giải": "Full HD (1920 x 1080)","Thời gian đáp ứng": "5ms (GTG)","Độ sáng": "250cd/m2","Tỷ lệ tương phản": "1000:1","Góc nhìn": "178°(H)/178°(V)","Cổng giao tiếp": "HDMI x2","Loa tích hợp": "Không","Loại màn hình": "Phẳng","Tỉ lệ khung hình": "16:9"}',
            'Màn Hình Samsung LS24F320GAEXXV 24\" IPS 120Hz là sự lựa chọn lý tưởng cho những ai tìm kiếm trải nghiệm hình ảnh mượt mà và sống động, đáp ứng tốt cả nhu cầu làm việc, giải trí lẫn chơi game. Với kích thước 24 inch tiêu chuẩn, chiếc màn hình này mang lại không gian hiển thị rộng rãi mà vẫn gọn gàng trên bàn làm việc.\n\nĐiểm nhấn nổi bật chính là tấm nền IPS cao cấp, đảm bảo góc nhìn rộng lên đến 178 độ, giúp màu sắc và độ tương phản không bị biến đổi dù bạn nhìn từ bất kỳ vị trí nào. Công nghệ IPS còn mang lại khả năng tái tạo màu sắc chân thực, rực rỡ và chính xác, phù hợp cho các tác vụ đòi hỏi độ chuẩn màu cao như thiết kế đồ họa, chỉnh sửa ảnh hay xem phim chất lượng cao.\n\nKhông chỉ dừng lại ở chất lượng hình ảnh, Samsung LS24F320GAEXXV còn nâng tầm trải nghiệm mượt mà với tần số quét 120Hz. Đây là một cải tiến đáng kể so với các màn hình 60Hz truyền thống, giúp mọi chuyển động trên màn hình trở nên trơn tru và ít giật lag hơn đáng kể. Đối với game thủ, tần số quét 120Hz mang lại lợi thế rõ rệt trong các tựa game tốc độ cao, giảm thiểu hiện tượng xé hình và mờ nhòe, giúp bạn phản ứng nhanh hơn và đắm chìm vào thế giới ảo. Ngay cả khi sử dụng hàng ngày, việc cuộn trang web hay di chuyển cửa sổ cũng trở nên mượt mà, dễ chịu hơn nhiều.\n\nThiết kế của màn hình cũng được chú trọng với viền mỏng ba cạnh, tối ưu hóa không gian hiển thị và tạo vẻ ngoài hiện đại, sang trọng. Điều này không chỉ giúp tăng tính thẩm mỹ mà còn rất tiện lợi khi thiết lập đa màn hình, mang lại trải nghiệm liền mạch.\n\nMàn hình được trang bị các cổng kết nối phổ biến, đảm bảo khả năng tương thích với nhiều thiết bị khác nhau. Samsung LS24F320GAEXXV thực sự là một khoản đầu tư xứng đáng cho hiệu suất làm việc và giải trí tối ưu.',
            24, 'https://product.hstatic.net/200000722513/product/samsung_ls24f320gaexxv_gearvn_3f8ffeeddd364bab96e38d4ed1d0d9c0.jpg', '2025-03-27T10:21:55+00:00',1);
        
INSERT INTO product_image (name, product_variant_id, image_url, is_main)
VALUES
    ('Ảnh 1', 655, 'https://product.hstatic.net/200000722513/product/samsung_ls24f320gaexxv_gearvn_3f8ffeeddd364bab96e38d4ed1d0d9c0.jpg', TRUE),
    ('Ảnh 2', 655, 'https://product.hstatic.net/200000722513/product/2_ce26498441954972adc14f02d63af970.png', FALSE),
    ('Ảnh 3', 655, 'https://product.hstatic.net/200000722513/product/3_fbec82133f584f6dbcd472ade77e7fb9.png', FALSE),
    ('Ảnh 4', 655, 'https://product.hstatic.net/200000722513/product/4_4ae75559281944b39a455b0cfcec5009.png', FALSE),
    ('Ảnh 5', 655, 'https://product.hstatic.net/200000722513/product/5_6f443172db8d4ee1be3087b8c59751b2.png', FALSE),
    ('Ảnh 6', 655, 'https://product.hstatic.net/200000722513/product/6_6c6f594ba0d74c449fc4d9128c806751.png', FALSE),
    ('Ảnh 7', 655, 'https://product.hstatic.net/200000722513/product/7_565c0905ce7449c3a75e58b6ac82a2f5.png', FALSE),
    ('Ảnh 8', 655, 'https://product.hstatic.net/200000722513/product/8_fe0d2068b06d466986e786dd045fe8de.png', FALSE);
---
INSERT INTO product (name, seo_name, brand_id, specifications, description, created_by, image_url) 
    VALUES (
        'Màn hình Asus TUF GAMING VG249QE5A-R 24" IPS 146Hz chuyên game', 'man-hinh-asus-tuf-gaming-vg249qe5a-r-24-ips-146hz-chuyen-game', 3,
        '{"Nhà sản xuất": "ASUS"}',
        'Màn hình Asus TUF GAMING VG249QE5A-R 24\" IPS 146Hz là lựa chọn hoàn hảo cho game thủ tìm kiếm trải nghiệm chơi game mượt mà và sống động. Với kích thước 24 inch lý tưởng cùng tấm nền IPS tiên tiến, màn hình này mang lại góc nhìn siêu rộng 178 độ và màu sắc chân thực, rực rỡ, đảm bảo mọi chi tiết trong game hay nội dung giải trí đều được hiển thị rõ nét. Tần số quét 146Hz vượt trội so với các màn hình tiêu chuẩn, kết hợp cùng thời gian phản hồi nhanh chóng (thường là 1ms MPRT), loại bỏ hoàn toàn hiện tượng xé hình, giật lag hay bóng mờ chuyển động, giúp người chơi phản ứng nhanh nhạy và chính xác hơn trong mọi tình huống. Công nghệ Adaptive-Sync (FreeSync Premium) được tích hợp sẵn sẽ đồng bộ hóa tần số quét của màn hình với card đồ họa của bạn, mang lại hình ảnh liền mạch và không bị rách. Màn hình còn được trang bị các tính năng độc quyền của Asus như GamePlus (tâm ngắm, hẹn giờ, bộ đếm FPS) và Shadow Boost để tăng cường chi tiết ở vùng tối mà không làm cháy sáng các vùng khác. Thiết kế công thái học cho phép điều chỉnh độ nghiêng, xoay, quay và chiều cao, đảm bảo tư thế ngồi thoải mái nhất trong những giờ chơi game dài. Công nghệ Flicker-Free và Low Blue Light bảo vệ mắt người dùng khỏi mỏi mệt. Asus TUF GAMING VG249QE5A-R thực sự là một vũ khí lợi hại, giúp bạn thống trị mọi chiến trường ảo.',
        1, 'https://product.hstatic.net/200000722513/product/asus_vg249qe5a-r_gearvn_ffd9fbb049944b0b99e96d9090651676.jpg'
    );
INSERT INTO product_category (product_id, category_id) VALUES (656, 16);
INSERT INTO product_variant (
        product_id, name, seo_name, supplier_id, price, price_sale, quantity, sku, model, barcode, 
        specifications, description, warranty, image_url, release_at, created_by)
        VALUES ( 656, 'Màn hình Asus TUF GAMING VG249QE5A-R 24" IPS 146Hz chuyên game', 'man-hinh-asus-tuf-gaming-vg249qe5a-r-24-ips-146hz-chuyen-game',
            1, 3990000, 2690000, 10, 'MAN-ASU-TUF-VG249QE5A-R',
            'MAN-ASU-TUF-VG249QE5A-R', 'MAN-ASU-TUF-VG249QE5A-R',
            '{"Tên sản phẩm": "Asus TUF GAMING VG249QE5A-R","Kích thước màn hình": "23.8 inch","Tấm nền": "IPS","Tần số quét": "146Hz (ép xung)","Thời gian phản hồi": "1 ms (MPRT)","Độ phân giải": "Full HD (1920 x 1080)","Độ sáng": "300 cd/m² (Typ.)","Không gian màu": "125% sRGB; 90% DCI-P3","Kiểu màn hình": "Phẳng","Tỷ lệ khung hình": "16:9","Góc nhìn": "178°/ 178°","Tỷ lệ tương phản": "1500:1","Tích hợp loa": "2x 2W","VESA": "100x100mm","Cổng kết nối": "HDMI x1, DisplayPort x1, Audio 3.5mm","Công nghệ nổi bật": "ASUS Extreme Low Motion Blur Sync (ELMB Sync), Shadow Boost, DisplayWidget Center, Adaptive-Sync (FreeSync)"}',
            'Màn hình Asus TUF GAMING VG249QE5A-R 24\" IPS 146Hz là lựa chọn hoàn hảo cho game thủ tìm kiếm trải nghiệm chơi game mượt mà và sống động. Với kích thước 24 inch lý tưởng cùng tấm nền IPS tiên tiến, màn hình này mang lại góc nhìn siêu rộng 178 độ và màu sắc chân thực, rực rỡ, đảm bảo mọi chi tiết trong game hay nội dung giải trí đều được hiển thị rõ nét. Tần số quét 146Hz vượt trội so với các màn hình tiêu chuẩn, kết hợp cùng thời gian phản hồi nhanh chóng (thường là 1ms MPRT), loại bỏ hoàn toàn hiện tượng xé hình, giật lag hay bóng mờ chuyển động, giúp người chơi phản ứng nhanh nhạy và chính xác hơn trong mọi tình huống. Công nghệ Adaptive-Sync (FreeSync Premium) được tích hợp sẵn sẽ đồng bộ hóa tần số quét của màn hình với card đồ họa của bạn, mang lại hình ảnh liền mạch và không bị rách. Màn hình còn được trang bị các tính năng độc quyền của Asus như GamePlus (tâm ngắm, hẹn giờ, bộ đếm FPS) và Shadow Boost để tăng cường chi tiết ở vùng tối mà không làm cháy sáng các vùng khác. Thiết kế công thái học cho phép điều chỉnh độ nghiêng, xoay, quay và chiều cao, đảm bảo tư thế ngồi thoải mái nhất trong những giờ chơi game dài. Công nghệ Flicker-Free và Low Blue Light bảo vệ mắt người dùng khỏi mỏi mệt. Asus TUF GAMING VG249QE5A-R thực sự là một vũ khí lợi hại, giúp bạn thống trị mọi chiến trường ảo.',
            36, 'https://product.hstatic.net/200000722513/product/asus_vg249qe5a-r_gearvn_ffd9fbb049944b0b99e96d9090651676.jpg', '2025-03-21T08:34:21+00:00',1);
        
INSERT INTO product_image (name, product_variant_id, image_url, is_main)
VALUES
    ('Ảnh 1', 656, 'https://product.hstatic.net/200000722513/product/asus_vg249qe5a-r_gearvn_ffd9fbb049944b0b99e96d9090651676.jpg', TRUE),
    ('Ảnh 2', 656, 'https://product.hstatic.net/200000722513/product/1_0fc5df3d9410418680b31c2b10021f62.png', FALSE),
    ('Ảnh 3', 656, 'https://product.hstatic.net/200000722513/product/2_6bd48d8546f74df1869990003af8ba64.png', FALSE),
    ('Ảnh 4', 656, 'https://product.hstatic.net/200000722513/product/4_60baca041e1e4fd4bd7d2347b911aab4.png', FALSE),
    ('Ảnh 5', 656, 'https://product.hstatic.net/200000722513/product/90081_man_hinh_asus_tuf_vg249qe5a_2_6943be0f85bb4ffcb0e3b5e26c5da623.jpg', FALSE),
    ('Ảnh 6', 656, 'https://product.hstatic.net/200000722513/product/90081_man_hinh_asus_tuf_vg249qe5a_3_2ad2c442806f452982081db92155f424.jpg', FALSE),
    ('Ảnh 7', 656, 'https://product.hstatic.net/200000722513/product/90081_man_hinh_asus_tuf_vg249qe5a_4_1bf528d21fcb47858e59877965cbe3c5.jpg', FALSE);
---
INSERT INTO product (name, seo_name, brand_id, specifications, description, created_by, image_url) 
    VALUES (
        'Màn hình GIGABYTE G25F2 25" IPS 200Hz chuyên game', 'man-hinh-gigabyte-g25f2-25-ips-200hz-chuyen-game', 49,
        '{"Nhà sản xuất": "GIGABYTE"}',
        'Màn hình GIGABYTE G25F2 25\" IPS 200Hz chuyên game là một lựa chọn lý tưởng cho các game thủ đang tìm kiếm trải nghiệm hình ảnh mượt mà và sắc nét. Với kích thước 25 inch, màn hình này cung cấp không gian hiển thị vừa phải, tối ưu cho việc tập trung vào trận đấu. Tấm nền IPS tiên tiến đảm bảo góc nhìn rộng lên đến 178 độ cùng khả năng tái tạo màu sắc chân thực và sống động, biến mỗi khung hình trở nên rực rỡ và chi tiết. Điểm nhấn nổi bật của G25F2 chính là tần số quét cực cao 200Hz, giúp loại bỏ hoàn toàn hiện tượng xé hình và giật lag, mang lại sự mượt mà không tưởng trong từng pha hành động tốc độ cao. Kết hợp với thời gian phản hồi siêu nhanh 1ms MPRT, game thủ sẽ luôn phản ứng kịp thời và chính xác, giành lợi thế quyết định trong mọi cuộc chiến. Màn hình còn được trang bị công nghệ đồng bộ hóa thích ứng (Adaptive Sync), tương thích với cả AMD FreeSync Premium và NVIDIA G-Sync Compatible, đảm bảo khung hình luôn đồng bộ với GPU. Các tính năng hỗ trợ game thủ như Black Equalizer, Crosshair, OSD Sidekick cũng được tích hợp, nâng cao trải nghiệm chiến đấu. Thiết kế công thái học cho phép điều chỉnh độ nghiêng, độ cao, mang lại sự thoải mái tối đa ngay cả trong những phiên chơi game kéo dài. GIGABYTE G25F2 thực sự là một vũ khí đắc lực giúp bạn thống trị mọi chiến trường ảo.',
        1, 'https://product.hstatic.net/200000722513/product/giga_g25f2_gearvn_60630e2345514c788bd33d80077579c2.jpg'
    );
INSERT INTO product_category (product_id, category_id) VALUES (657, 16);
INSERT INTO product_variant (
        product_id, name, seo_name, supplier_id, price, price_sale, quantity, sku, model, barcode, 
        specifications, description, warranty, image_url, release_at, created_by)
        VALUES ( 657, 'Màn hình GIGABYTE G25F2 25" IPS 200Hz chuyên game', 'man-hinh-gigabyte-g25f2-25-ips-200hz-chuyen-game',
            1, 4490000, 2990000, 10, 'MAN-GIG-G25F2',
            'MAN-GIG-G25F2', 'MAN-GIG-G25F2',
            '{"Kích thước màn hình": "24.5 inch","Tấm nền": "IPS","Độ phân giải": "FHD (1920 x 1080)","Tần số quét": "200Hz","Thời gian phản hồi": "1ms (GTG)","Độ sáng": "300 cd/m² (TYP)","Độ tương phản": "1000:1","Không gian màu": "120% sRGB","HDR": "HDR 10","Công nghệ đồng bộ": "AMD Free-Sync Premium","Loa tích hợp": "2Wx2","Cổng kết nối": "1 x Displayport 1.4, 2 x HDMI 2.0, 1 x Earphone Jack","Hỗ trợ VESA": "100x100mm","Tính năng khác": "Flicker Free, Low Blue Light, Eyesafe 2.0","Kích thước (có chân đế)": "556.9*498.3*187.5 mm","Trọng lượng (có chân đế)": "4.34 kg","Bảo hành": "36 tháng"}',
            'Màn hình GIGABYTE G25F2 25\" IPS 200Hz chuyên game là một lựa chọn lý tưởng cho các game thủ đang tìm kiếm trải nghiệm hình ảnh mượt mà và sắc nét. Với kích thước 25 inch, màn hình này cung cấp không gian hiển thị vừa phải, tối ưu cho việc tập trung vào trận đấu. Tấm nền IPS tiên tiến đảm bảo góc nhìn rộng lên đến 178 độ cùng khả năng tái tạo màu sắc chân thực và sống động, biến mỗi khung hình trở nên rực rỡ và chi tiết. Điểm nhấn nổi bật của G25F2 chính là tần số quét cực cao 200Hz, giúp loại bỏ hoàn toàn hiện tượng xé hình và giật lag, mang lại sự mượt mà không tưởng trong từng pha hành động tốc độ cao. Kết hợp với thời gian phản hồi siêu nhanh 1ms MPRT, game thủ sẽ luôn phản ứng kịp thời và chính xác, giành lợi thế quyết định trong mọi cuộc chiến. Màn hình còn được trang bị công nghệ đồng bộ hóa thích ứng (Adaptive Sync), tương thích với cả AMD FreeSync Premium và NVIDIA G-Sync Compatible, đảm bảo khung hình luôn đồng bộ với GPU. Các tính năng hỗ trợ game thủ như Black Equalizer, Crosshair, OSD Sidekick cũng được tích hợp, nâng cao trải nghiệm chiến đấu. Thiết kế công thái học cho phép điều chỉnh độ nghiêng, độ cao, mang lại sự thoải mái tối đa ngay cả trong những phiên chơi game kéo dài. GIGABYTE G25F2 thực sự là một vũ khí đắc lực giúp bạn thống trị mọi chiến trường ảo.',
            36, 'https://product.hstatic.net/200000722513/product/giga_g25f2_gearvn_60630e2345514c788bd33d80077579c2.jpg', '2025-03-20T10:24:38+00:00',1);
        
INSERT INTO product_image (name, product_variant_id, image_url, is_main)
VALUES
    ('Ảnh 1', 657, 'https://product.hstatic.net/200000722513/product/giga_g25f2_gearvn_60630e2345514c788bd33d80077579c2.jpg', TRUE),
    ('Ảnh 2', 657, 'https://product.hstatic.net/200000722513/product/g25f2_gaming_monitor-01_a427e6a2928944f8a241a76d6385972c.png', FALSE),
    ('Ảnh 3', 657, 'https://product.hstatic.net/200000722513/product/g25f2_gaming_monitor-02_75ac4e32c6b9433ca8b437d305b31693.png', FALSE),
    ('Ảnh 4', 657, 'https://product.hstatic.net/200000722513/product/g25f2_gaming_monitor-03_ce0c558bb7d344e68685554f98db4fec.png', FALSE),
    ('Ảnh 5', 657, 'https://product.hstatic.net/200000722513/product/g25f2_gaming_monitor-04_27f56ebce2ce4c1784bab5923e7c458e.png', FALSE),
    ('Ảnh 6', 657, 'https://product.hstatic.net/200000722513/product/g25f2_gaming_monitor-05_ed85d6874f674441927b59d5aea14d16.png', FALSE),
    ('Ảnh 7', 657, 'https://product.hstatic.net/200000722513/product/g25f2_gaming_monitor-06_c30dfc0dc70e4016a9e9073b2a4fbaf2.png', FALSE),
    ('Ảnh 8', 657, 'https://product.hstatic.net/200000722513/product/g25f2_gaming_monitor-07_fc6c1e3addfa458582e7b3e9e57aa9e3.png', FALSE),
    ('Ảnh 9', 657, 'https://product.hstatic.net/200000722513/product/g25f2_gaming_monitor-08_024cb41530124aeeaebcf1a3757b9ae3.png', FALSE),
    ('Ảnh 10', 657, 'https://product.hstatic.net/200000722513/product/giga_g25f2_gearvn_3da7bd8f745a42b486b454206c6f0e1f.jpg', FALSE),
    ('Ảnh 11', 657, 'https://product.hstatic.net/200000722513/product/g25f2_gaming_monitor-09_89075aad67ef4d5d92d1ecfb21f3bb85.png', FALSE);
---
INSERT INTO product (name, seo_name, brand_id, specifications, description, created_by, image_url) 
    VALUES (
        'Màn hình MSI MAG 255PXF 25" Rapid IPS 300Hz Gsync chuyên game', 'man-hinh-msi-mag-255pxf-25-rapid-ips-300hz-gsync-chuyen-game', 52,
        '{"Nhà sản xuất": "MSI"}',
        'Màn hình MSI MAG 255PXF là lựa chọn hoàn hảo cho game thủ chuyên nghiệp và những người yêu thích tốc độ cao. Với kích thước 25 inch, màn hình này cung cấp không gian hiển thị tối ưu, tập trung cho các trận đấu căng thẳng. Công nghệ tấm nền Rapid IPS mang lại màu sắc sống động, góc nhìn rộng và đặc biệt là thời gian phản hồi cực nhanh, giúp loại bỏ hiện tượng bóng mờ, tối ưu hóa trải nghiệm hình ảnh mượt mà. Điểm nhấn mạnh mẽ nhất chính là tần số quét 300Hz siêu tốc, đảm bảo mọi chuyển động trong game đều mượt mà đến khó tin, cho phép người chơi phản ứng tức thì với mọi tình huống mà không bỏ lỡ bất kỳ khung hình quan trọng nào. Kết hợp với công nghệ NVIDIA G-SYNC, màn hình đồng bộ hóa hoàn hảo với card đồ họa NVIDIA, loại bỏ hoàn toàn hiện tượng xé hình (tearing) và giật hình (stuttering), mang lại trải nghiệm chơi game liền mạch và chân thực nhất. Thiết kế công thái học cùng các tính năng hỗ trợ game thủ khác cũng được tích hợp, biến MSI MAG 255PXF thành một cỗ máy chiến thắng thực thụ trên mọi chiến trường ảo, giúp bạn chiếm lợi thế trong mọi cuộc đối đầu.',
        1, 'https://product.hstatic.net/200000722513/product/msi_mag_255pxf_gearvn_ba67f26790de4f1e873619bbe5ba750c.jpg'
    );
INSERT INTO product_category (product_id, category_id) VALUES (658, 16);
INSERT INTO product_variant (
        product_id, name, seo_name, supplier_id, price, price_sale, quantity, sku, model, barcode, 
        specifications, description, warranty, image_url, release_at, created_by)
        VALUES ( 658, 'Màn hình MSI MAG 255PXF 25" Rapid IPS 300Hz Gsync chuyên game', 'man-hinh-msi-mag-255pxf-25-rapid-ips-300hz-gsync-chuyen-game',
            1, 5990000, 4890000, 10, 'MAN-MSI-MAG-255PXF',
            'MAN-MSI-MAG-255PXF', 'MAN-MSI-MAG-255PXF',
            '{"Tên sản phẩm": "MSI MAG 255PXF","Kích thước màn hình": "25 inch","Tấm nền": "Rapid IPS","Tốc độ làm mới": "300Hz","Công nghệ đồng bộ": "G-Sync"}',
            'Màn hình MSI MAG 255PXF là lựa chọn hoàn hảo cho game thủ chuyên nghiệp và những người yêu thích tốc độ cao. Với kích thước 25 inch, màn hình này cung cấp không gian hiển thị tối ưu, tập trung cho các trận đấu căng thẳng. Công nghệ tấm nền Rapid IPS mang lại màu sắc sống động, góc nhìn rộng và đặc biệt là thời gian phản hồi cực nhanh, giúp loại bỏ hiện tượng bóng mờ, tối ưu hóa trải nghiệm hình ảnh mượt mà. Điểm nhấn mạnh mẽ nhất chính là tần số quét 300Hz siêu tốc, đảm bảo mọi chuyển động trong game đều mượt mà đến khó tin, cho phép người chơi phản ứng tức thì với mọi tình huống mà không bỏ lỡ bất kỳ khung hình quan trọng nào. Kết hợp với công nghệ NVIDIA G-SYNC, màn hình đồng bộ hóa hoàn hảo với card đồ họa NVIDIA, loại bỏ hoàn toàn hiện tượng xé hình (tearing) và giật hình (stuttering), mang lại trải nghiệm chơi game liền mạch và chân thực nhất. Thiết kế công thái học cùng các tính năng hỗ trợ game thủ khác cũng được tích hợp, biến MSI MAG 255PXF thành một cỗ máy chiến thắng thực thụ trên mọi chiến trường ảo, giúp bạn chiếm lợi thế trong mọi cuộc đối đầu.',
            36, 'https://product.hstatic.net/200000722513/product/msi_mag_255pxf_gearvn_ba67f26790de4f1e873619bbe5ba750c.jpg', '2025-03-06T09:12:11+00:00',1);
        
INSERT INTO product_image (name, product_variant_id, image_url, is_main)
VALUES
    ('Ảnh 1', 658, 'https://product.hstatic.net/200000722513/product/msi_mag_255pxf_gearvn_ba67f26790de4f1e873619bbe5ba750c.jpg', TRUE),
    ('Ảnh 2', 658, 'https://product.hstatic.net/200000722513/product/1024__1__4be6a045877e4ea6bb7951595391ca7d.png', FALSE),
    ('Ảnh 3', 658, 'https://product.hstatic.net/200000722513/product/1024__2__099ff05271294b148a28e323ba107ab2.png', FALSE),
    ('Ảnh 4', 658, 'https://product.hstatic.net/200000722513/product/1024__3__832716432da8444ebce06d89aa70d3f9.png', FALSE),
    ('Ảnh 5', 658, 'https://product.hstatic.net/200000722513/product/1024__4__b256e86e44954338be0849ba7dfca5f3.png', FALSE),
    ('Ảnh 6', 658, 'https://product.hstatic.net/200000722513/product/1024_766a1461434c4f798c89f55dcbf34f90.png', FALSE);
---
INSERT INTO product (name, seo_name, brand_id, specifications, description, created_by, image_url) 
    VALUES (
        'Màn hình ViewSonic VX2528J 25" IPS 180Hz Gsync chuyên game', 'man-hinh-viewsonic-vx2528j-25-ips-180hz-gsync-chuyen-game', 55,
        '{"Nhà sản xuất": "ViewSonic"}',
        'Màn hình ViewSonic VX2528J 25 inch là lựa chọn hoàn hảo cho game thủ tìm kiếm hiệu suất vượt trội và trải nghiệm hình ảnh mượt mà. Với tấm nền IPS cao cấp, màn hình này mang lại góc nhìn rộng cùng màu sắc sống động, chân thực, giúp bạn đắm chìm hoàn toàn vào thế giới game. Tần số quét 180Hz cực nhanh đảm bảo mọi chuyển động trên màn hình đều diễn ra mượt mà, loại bỏ hiện tượng xé hình và giật lag, mang lại lợi thế cạnh tranh trong các tựa game tốc độ cao. Đặc biệt, công nghệ G-Sync tương thích giúp đồng bộ hóa tần số quét của màn hình với card đồ họa NVIDIA, loại bỏ hoàn toàn hiện tượng xé hình (tearing) và giật hình (stuttering), đảm bảo trải nghiệm chơi game không gián đoạn và siêu mượt mà. Kích thước 25 inch tối ưu cho việc tập trung, dễ dàng bao quát toàn bộ hành động mà không cần phải di chuyển mắt quá nhiều. Thời gian phản hồi nhanh kết hợp với các tính năng chuyên game khác của ViewSonic giúp tối ưu hóa từng khoảnh khắc, từ những pha giao tranh căng thẳng đến những cảnh quay mãn nhãn. ViewSonic VX2528J không chỉ là một chiếc màn hình, mà là một công cụ mạnh mẽ giúp nâng tầm kỹ năng và sự tận hưởng của bạn trong mọi trận đấu.',
        1, 'https://product.hstatic.net/200000722513/product/view_vx2528j_gearvn_f596f16bc729449a9a722d007ba49aa4.jpg'
    );
INSERT INTO product_category (product_id, category_id) VALUES (659, 16);
INSERT INTO product_variant (
        product_id, name, seo_name, supplier_id, price, price_sale, quantity, sku, model, barcode, 
        specifications, description, warranty, image_url, release_at, created_by)
        VALUES ( 659, 'Màn hình ViewSonic VX2528J 25" IPS 180Hz Gsync chuyên game', 'man-hinh-viewsonic-vx2528j-25-ips-180hz-gsync-chuyen-game',
            1, 4290000, 3090000, 10, 'MAN-VIE-VX2528J',
            'MAN-VIE-VX2528J', 'MAN-VIE-VX2528J',
            '{"Tên sản phẩm": "Màn hình ViewSonic VX2528J","Kích thước màn hình": "25 inch","Loại tấm nền": "IPS","Tần số quét": "180Hz","Công nghệ đồng bộ": "G-Sync","Đối tượng sử dụng": "Chuyên game"}',
            'Màn hình ViewSonic VX2528J 25 inch là lựa chọn hoàn hảo cho game thủ tìm kiếm hiệu suất vượt trội và trải nghiệm hình ảnh mượt mà. Với tấm nền IPS cao cấp, màn hình này mang lại góc nhìn rộng cùng màu sắc sống động, chân thực, giúp bạn đắm chìm hoàn toàn vào thế giới game. Tần số quét 180Hz cực nhanh đảm bảo mọi chuyển động trên màn hình đều diễn ra mượt mà, loại bỏ hiện tượng xé hình và giật lag, mang lại lợi thế cạnh tranh trong các tựa game tốc độ cao. Đặc biệt, công nghệ G-Sync tương thích giúp đồng bộ hóa tần số quét của màn hình với card đồ họa NVIDIA, loại bỏ hoàn toàn hiện tượng xé hình (tearing) và giật hình (stuttering), đảm bảo trải nghiệm chơi game không gián đoạn và siêu mượt mà. Kích thước 25 inch tối ưu cho việc tập trung, dễ dàng bao quát toàn bộ hành động mà không cần phải di chuyển mắt quá nhiều. Thời gian phản hồi nhanh kết hợp với các tính năng chuyên game khác của ViewSonic giúp tối ưu hóa từng khoảnh khắc, từ những pha giao tranh căng thẳng đến những cảnh quay mãn nhãn. ViewSonic VX2528J không chỉ là một chiếc màn hình, mà là một công cụ mạnh mẽ giúp nâng tầm kỹ năng và sự tận hưởng của bạn trong mọi trận đấu.',
            36, 'https://product.hstatic.net/200000722513/product/view_vx2528j_gearvn_f596f16bc729449a9a722d007ba49aa4.jpg', '2025-02-05T02:26:29+00:00',1);
        
INSERT INTO product_image (name, product_variant_id, image_url, is_main)
VALUES
    ('Ảnh 1', 659, 'https://product.hstatic.net/200000722513/product/view_vx2528j_gearvn_f596f16bc729449a9a722d007ba49aa4.jpg', TRUE),
    ('Ảnh 2', 659, 'https://product.hstatic.net/200000722513/product/gpg-24-mon-vx2528j-product_photo_c01_pc_6e1fce88ad104952bdad59d0d9c13a65.jpg', FALSE),
    ('Ảnh 3', 659, 'https://product.hstatic.net/200000722513/product/gpg-24-mon-vx2528j-product_photo_f02_pc_7fcfc130560341b782feea8488fa942e.jpg', FALSE),
    ('Ảnh 4', 659, 'https://product.hstatic.net/200000722513/product/gpg-24-mon-vx2528j-product_photo_f03_pc_c1e8378e5e684b5c970d9407f74face8.jpg', FALSE),
    ('Ảnh 5', 659, 'https://product.hstatic.net/200000722513/product/gpg-24-mon-vx2528j-product_photo_f04_pc_2ad89ecd9ff94781a44d399dbdff5a0e.jpg', FALSE),
    ('Ảnh 6', 659, 'https://product.hstatic.net/200000722513/product/gpg-24-mon-vx2528j-product_photo_f05_pc_9430902e2b1e4508b1d92222244a86c4.jpg', FALSE),
    ('Ảnh 7', 659, 'https://product.hstatic.net/200000722513/product/gpg-24-mon-vx2528j-product_photo_f06_pc_d3e32bd2502941a4bda3ef4ecc3b86f0.jpg', FALSE),
    ('Ảnh 8', 659, 'https://product.hstatic.net/200000722513/product/gpg-24-mon-vx2528j-product_photo_l02_pc_4c61047bfd2f4693a75b62ba06512be7.jpg', FALSE),
    ('Ảnh 9', 659, 'https://product.hstatic.net/200000722513/product/gpg-24-mon-vx2528j-product_photo_l04_pc_0251f7238346479fbcbdcd6c921682a8.jpg', FALSE),
    ('Ảnh 10', 659, 'https://product.hstatic.net/200000722513/product/gpg-24-mon-vx2528j-product_photo_lf01_pc_271453459122485ca7dc761b143bb465.jpg', FALSE),
    ('Ảnh 11', 659, 'https://product.hstatic.net/200000722513/product/gpg-24-mon-vx2528j-product_photo_rb02_pc_24374692bdac4735931aeec12bbe08b8.jpg', FALSE);
---
INSERT INTO product (name, seo_name, brand_id, specifications, description, created_by, image_url) 
    VALUES (
        'Màn hình Acer KG240Y-X1 24" IPS 200Hz Gsync chuyên game', 'man-hinh-acer-kg240y-x1-24-ips-200hz-gsync-chuyen-game', 35,
        '{"Nhà sản xuất": "Acer"}',
        'Màn hình Acer KG240Y-X1 24\" IPS 200Hz Gsync là một chiến binh đích thực dành cho mọi game thủ, từ nghiệp dư đến chuyên nghiệp, mong muốn một trải nghiệm chơi game không giới hạn. Với kích thước 24 inch tiêu chuẩn, màn hình này cung cấp không gian hiển thị tối ưu, đủ rộng để đắm chìm nhưng vẫn giữ được sự tập trung cao độ vào mọi hành động trên màn hình. Tấm nền IPS cao cấp là trái tim của KG240Y-X1, mang đến khả năng tái tạo màu sắc vượt trội, sống động như thật với góc nhìn siêu rộng 178 độ, đảm bảo hình ảnh luôn sắc nét và chân thực dù bạn nhìn từ bất kỳ vị trí nào. Điểm nhấn không thể bỏ qua là tần số quét cực khủng 200Hz, giúp mọi chuyển động trong game diễn ra mượt mà đến kinh ngạc, loại bỏ hoàn toàn hiện tượng giật lag hay bóng mờ (ghosting), mang lại lợi thế quyết định trong các tựa game tốc độ cao như FPS, MOBA hay đua xe. Kết hợp với công nghệ G-Sync Compatible, màn hình này đồng bộ hóa hoàn hảo với card đồ họa NVIDIA của bạn, loại bỏ triệt để hiện tượng xé hình (tearing) và giảm thiểu độ trễ đầu vào, cho phép bạn phản ứng nhanh nhạy và chính xác hơn bao giờ hết. Thời gian phản hồi siêu nhanh (thường là 0.5ms hoặc 1ms VRB trên các mẫu gaming cao cấp) càng củng cố vị thế của KG240Y-X1 như một công cụ chơi game đỉnh cao. Thiết kế viền mỏng ZeroFrame không chỉ tạo tính thẩm mỹ mà còn lý tưởng cho thiết lập đa màn hình, mở rộng không gian trải nghiệm. Acer KG240Y-X1 không chỉ là một chiếc màn hình, mà là một vũ khí giúp bạn chinh phục mọi thử thách trong thế giới ảo.',
        1, 'https://product.hstatic.net/200000722513/product/acer_kg240y_x1_gearvn_a8aad1a4eb7c460ea9cacf5aecc2b15f.jpg'
    );
INSERT INTO product_category (product_id, category_id) VALUES (660, 16);
INSERT INTO product_variant (
        product_id, name, seo_name, supplier_id, price, price_sale, quantity, sku, model, barcode, 
        specifications, description, warranty, image_url, release_at, created_by)
        VALUES ( 660, 'Màn hình Acer KG240Y-X1 24" IPS 200Hz Gsync chuyên game', 'man-hinh-acer-kg240y-x1-24-ips-200hz-gsync-chuyen-game',
            1, 3790000, 2850000, 10, 'MAN-ACER-KG240Y-X1',
            'MAN-ACER-KG240Y-X1', 'MAN-ACER-KG240Y-X1',
            '{"Tên sản phẩm": "Màn hình Acer KG240Y-X1","Kích thước màn hình": "24 inch","Tấm nền": "IPS","Tần số quét": "200Hz","Công nghệ đồng bộ": "G-Sync","Đối tượng sử dụng": "Chuyên game"}',
            'Màn hình Acer KG240Y-X1 24\" IPS 200Hz Gsync là một chiến binh đích thực dành cho mọi game thủ, từ nghiệp dư đến chuyên nghiệp, mong muốn một trải nghiệm chơi game không giới hạn. Với kích thước 24 inch tiêu chuẩn, màn hình này cung cấp không gian hiển thị tối ưu, đủ rộng để đắm chìm nhưng vẫn giữ được sự tập trung cao độ vào mọi hành động trên màn hình. Tấm nền IPS cao cấp là trái tim của KG240Y-X1, mang đến khả năng tái tạo màu sắc vượt trội, sống động như thật với góc nhìn siêu rộng 178 độ, đảm bảo hình ảnh luôn sắc nét và chân thực dù bạn nhìn từ bất kỳ vị trí nào. Điểm nhấn không thể bỏ qua là tần số quét cực khủng 200Hz, giúp mọi chuyển động trong game diễn ra mượt mà đến kinh ngạc, loại bỏ hoàn toàn hiện tượng giật lag hay bóng mờ (ghosting), mang lại lợi thế quyết định trong các tựa game tốc độ cao như FPS, MOBA hay đua xe. Kết hợp với công nghệ G-Sync Compatible, màn hình này đồng bộ hóa hoàn hảo với card đồ họa NVIDIA của bạn, loại bỏ triệt để hiện tượng xé hình (tearing) và giảm thiểu độ trễ đầu vào, cho phép bạn phản ứng nhanh nhạy và chính xác hơn bao giờ hết. Thời gian phản hồi siêu nhanh (thường là 0.5ms hoặc 1ms VRB trên các mẫu gaming cao cấp) càng củng cố vị thế của KG240Y-X1 như một công cụ chơi game đỉnh cao. Thiết kế viền mỏng ZeroFrame không chỉ tạo tính thẩm mỹ mà còn lý tưởng cho thiết lập đa màn hình, mở rộng không gian trải nghiệm. Acer KG240Y-X1 không chỉ là một chiếc màn hình, mà là một vũ khí giúp bạn chinh phục mọi thử thách trong thế giới ảo.',
            36, 'https://product.hstatic.net/200000722513/product/acer_kg240y_x1_gearvn_a8aad1a4eb7c460ea9cacf5aecc2b15f.jpg', '2025-02-04T04:16:14+00:00',1);
        
INSERT INTO product_image (name, product_variant_id, image_url, is_main)
VALUES
    ('Ảnh 1', 660, 'https://product.hstatic.net/200000722513/product/acer_kg240y_x1_gearvn_a8aad1a4eb7c460ea9cacf5aecc2b15f.jpg', TRUE),
    ('Ảnh 2', 660, 'https://product.hstatic.net/200000722513/product/0._kg240y_x1_-_frame_9894e0f9aca046c286d03ffb35ad1277.png', FALSE),
    ('Ảnh 3', 660, 'https://product.hstatic.net/200000722513/product/acer_nitro_kg0_-_kg240y_x1_-_1_703b0169ed814b0598ea731baee2450b.png', FALSE),
    ('Ảnh 4', 660, 'https://product.hstatic.net/200000722513/product/acer_nitro_kg0_-_kg240y_x1_-_2_10512f3df49b43758a8d3eb0bb31e3ac.png', FALSE),
    ('Ảnh 5', 660, 'https://product.hstatic.net/200000722513/product/acer_nitro_kg0_-_kg240y_x1_-_3_3a944853c4ed48e59d8ace2d49ccc7e5.png', FALSE),
    ('Ảnh 6', 660, 'https://product.hstatic.net/200000722513/product/acer_nitro_kg0_-_kg240y_x1_-_4_531894a3fb4547ffb0d10a51383705ae.png', FALSE),
    ('Ảnh 7', 660, 'https://product.hstatic.net/200000722513/product/acer_nitro_kg0_-_kg240y_x1_-_5_704cae73fa124ca3aa66bf025f887904.png', FALSE),
    ('Ảnh 8', 660, 'https://product.hstatic.net/200000722513/product/acer_nitro_kg0_-_kg240y_x1_-_6_e3a1604804ea4bf38d3a5d2bf2472592.png', FALSE),
    ('Ảnh 9', 660, 'https://product.hstatic.net/200000722513/product/acer_nitro_kg0_-_kg240y_x1_-_7_978b1846844a4fc498ebda3b557841c4.png', FALSE);
---
INSERT INTO product (name, seo_name, brand_id, specifications, description, created_by, image_url) 
    VALUES (
        'Màn hình Viewsonic VA2432A-H 24" IPS 120Hz viền mỏng', 'man-hinh-viewsonic-va2432a-h-24-ips-120hz-vien-mong', 55,
        '{"Nhà sản xuất": "ViewSonic"}',
        'Màn hình Viewsonic VA2432A-H là sự lựa chọn hoàn hảo cho cả công việc và giải trí, mang đến trải nghiệm hình ảnh vượt trội. Với kích thước 24 inch tiêu chuẩn, sản phẩm này tối ưu hóa không gian làm việc của bạn mà vẫn đảm bảo tầm nhìn rộng rãi. Tấm nền IPS chất lượng cao là điểm nhấn, cung cấp góc nhìn siêu rộng 178 độ cả chiều ngang và dọc, cùng với khả năng tái tạo màu sắc chính xác và sống động, giúp mọi hình ảnh trở nên chân thực và sắc nét. Độ phân giải Full HD (1920x1080) mang lại chi tiết rõ ràng, lý tưởng cho việc xem tài liệu, duyệt web hay thưởng thức các bộ phim và video. Điểm đặc biệt của VA2432A-H chính là tần số quét 120Hz, vượt trội so với các màn hình 60Hz thông thường. Tần số quét cao này giúp loại bỏ hiện tượng xé hình và giật lag, mang lại trải nghiệm cuộn trang mượt mà, chuyển động hình ảnh liền mạch, đặc biệt có lợi cho các tác vụ đòi hỏi độ phản hồi nhanh như chơi game giải trí nhẹ hoặc xem video hành động. Thiết kế viền siêu mỏng (frameless) ở ba cạnh không chỉ tạo nên vẻ ngoài hiện đại, sang trọng mà còn tối ưu hóa không gian hiển thị, giúp việc thiết lập đa màn hình trở nên liền mạch hơn. Viewsonic cũng tích hợp các công nghệ bảo vệ mắt tiên tiến như Flicker-Free (chống nhấp nháy) và Blue Light Filter (lọc ánh sáng xanh), giúp giảm thiểu mệt mỏi cho mắt khi sử dụng trong thời gian dài, bảo vệ thị lực của người dùng. Các cổng kết nối đa dạng như HDMI và VGA đảm bảo khả năng tương thích với nhiều thiết bị khác nhau. Với sự kết hợp giữa hiệu năng mạnh mẽ, hình ảnh chất lượng cao, thiết kế tinh tế và tính năng bảo vệ mắt, Viewsonic VA2432A-H chắc chắn sẽ nâng tầm trải nghiệm thị giác của bạn.',
        1, 'https://product.hstatic.net/200000722513/product/view_va2432a-h_gearvn_9f5ded4d703e45fa9de460c8ce23bcc7.jpg'
    );
INSERT INTO product_category (product_id, category_id) VALUES (661, 16);
INSERT INTO product_variant (
        product_id, name, seo_name, supplier_id, price, price_sale, quantity, sku, model, barcode, 
        specifications, description, warranty, image_url, release_at, created_by)
        VALUES ( 661, 'Màn hình Viewsonic VA2432A-H 24" IPS 120Hz viền mỏng', 'man-hinh-viewsonic-va2432a-h-24-ips-120hz-vien-mong',
            1, 3590000, 2050000, 10, 'MAN-VIE-VA2432A-H',
            'MAN-VIE-VA2432A-H', 'MAN-VIE-VA2432A-H',
            '{"Tên sản phẩm": "Viewsonic VA2432A-H","Kích thước màn hình": "24 inch","Loại tấm nền": "IPS","Độ phân giải": "Full HD (1920 x 1080)","Tần số quét": "120Hz","Thời gian phản hồi": "1ms (MPRT)","Tỷ lệ tương phản tĩnh": "1,500:1 (typ)","Tỷ lệ tương phản động": "50M:1","Độ sáng": "250 cd/m² (typ)","Số màu": "16.7M","Hỗ trợ không gian màu": "105% sRGB","Tỷ lệ màn hình": "16:9","Góc nhìn": "178° (ngang), 178° (dọc)","Kết nối": "HDMI 1.4, VGA","Cổng âm thanh": "Jack âm thanh 3.5mm","Tương thích VESA": "75 x 75 mm","Công nghệ": "SuperClear IPS, Eye ProTech+ (Flicker-Free, Low Blue Light), ViewMode, Eco Mode","Thiết kế": "Viền mỏng 3 cạnh","Nguồn sáng": "LED","Bảo hành": "36 tháng"}',
            'Màn hình Viewsonic VA2432A-H là sự lựa chọn hoàn hảo cho cả công việc và giải trí, mang đến trải nghiệm hình ảnh vượt trội. Với kích thước 24 inch tiêu chuẩn, sản phẩm này tối ưu hóa không gian làm việc của bạn mà vẫn đảm bảo tầm nhìn rộng rãi. Tấm nền IPS chất lượng cao là điểm nhấn, cung cấp góc nhìn siêu rộng 178 độ cả chiều ngang và dọc, cùng với khả năng tái tạo màu sắc chính xác và sống động, giúp mọi hình ảnh trở nên chân thực và sắc nét. Độ phân giải Full HD (1920x1080) mang lại chi tiết rõ ràng, lý tưởng cho việc xem tài liệu, duyệt web hay thưởng thức các bộ phim và video. Điểm đặc biệt của VA2432A-H chính là tần số quét 120Hz, vượt trội so với các màn hình 60Hz thông thường. Tần số quét cao này giúp loại bỏ hiện tượng xé hình và giật lag, mang lại trải nghiệm cuộn trang mượt mà, chuyển động hình ảnh liền mạch, đặc biệt có lợi cho các tác vụ đòi hỏi độ phản hồi nhanh như chơi game giải trí nhẹ hoặc xem video hành động. Thiết kế viền siêu mỏng (frameless) ở ba cạnh không chỉ tạo nên vẻ ngoài hiện đại, sang trọng mà còn tối ưu hóa không gian hiển thị, giúp việc thiết lập đa màn hình trở nên liền mạch hơn. Viewsonic cũng tích hợp các công nghệ bảo vệ mắt tiên tiến như Flicker-Free (chống nhấp nháy) và Blue Light Filter (lọc ánh sáng xanh), giúp giảm thiểu mệt mỏi cho mắt khi sử dụng trong thời gian dài, bảo vệ thị lực của người dùng. Các cổng kết nối đa dạng như HDMI và VGA đảm bảo khả năng tương thích với nhiều thiết bị khác nhau. Với sự kết hợp giữa hiệu năng mạnh mẽ, hình ảnh chất lượng cao, thiết kế tinh tế và tính năng bảo vệ mắt, Viewsonic VA2432A-H chắc chắn sẽ nâng tầm trải nghiệm thị giác của bạn.',
            36, 'https://product.hstatic.net/200000722513/product/view_va2432a-h_gearvn_9f5ded4d703e45fa9de460c8ce23bcc7.jpg', '2024-12-30T05:26:21+00:00',1);
        
INSERT INTO product_image (name, product_variant_id, image_url, is_main)
VALUES
    ('Ảnh 1', 661, 'https://product.hstatic.net/200000722513/product/view_va2432a-h_gearvn_9f5ded4d703e45fa9de460c8ce23bcc7.jpg', TRUE),
    ('Ảnh 2', 661, 'https://product.hstatic.net/200000722513/product/gpg-24-mon-va2432a-h-product_photo_b01_34643b4168d64ca99f7ae640f850e18f.png', FALSE),
    ('Ảnh 3', 661, 'https://product.hstatic.net/200000722513/product/gpg-24-mon-va2432a-h-product_photo_c01_df569d203a7f4e949ae41e8f4c0cbab2.png', FALSE),
    ('Ảnh 4', 661, 'https://product.hstatic.net/200000722513/product/gpg-24-mon-va2432a-h-product_photo_lf01_b4d9ad0c25784e30ae46f8ec68977bea.png', FALSE),
    ('Ảnh 5', 661, 'https://product.hstatic.net/200000722513/product/gpg-24-mon-va2432a-h-product_photo_r01_e8012b8b6c8241b39889767bd3bea8b6.png', FALSE),
    ('Ảnh 6', 661, 'https://product.hstatic.net/200000722513/product/gpg-24-mon-va2432a-h-product_photo_rb01_05d69c3a11584c8bb33e1070712ded21.png', FALSE),
    ('Ảnh 7', 661, 'https://product.hstatic.net/200000722513/product/gpg-24-mon-va2432a-h-product_photo_rf01_90d2eef2b03146eeb5778e0462031306.png', FALSE),
    ('Ảnh 8', 661, 'https://product.hstatic.net/200000722513/product/gpg-24-mon-va2432a-h-product_photo_s01_997ea1be58504f7ca25cc6c594a8db48.png', FALSE);
---
INSERT INTO product (name, seo_name, brand_id, specifications, description, created_by, image_url) 
    VALUES (
        'Màn hình ViewSonic XG2409A 24" IPS 240Hz 1ms chuyên game', 'man-hinh-viewsonic-xg2409a-24-ips-240hz-1ms-chuyen-game', 55,
        '{"Nhà sản xuất": "ViewSonic"}',
        'Màn hình ViewSonic XG2409A là sự lựa chọn hoàn hảo dành cho các game thủ chuyên nghiệp và những ai đam mê trải nghiệm gaming đỉnh cao. Với kích thước 24 inch, sản phẩm mang lại không gian hiển thị vừa phải, tối ưu cho các trận đấu căng thẳng. Điểm nhấn vượt trội của XG2409A nằm ở tấm nền IPS cao cấp, không chỉ đảm bảo góc nhìn rộng 178 độ mà còn tái tạo màu sắc sống động và chân thực đến bất ngờ, giúp bạn đắm chìm hoàn toàn vào thế giới ảo. Tốc độ là yếu tố then chốt trong mọi cuộc chiến, và ViewSonic XG2409A không làm bạn thất vọng với tần số quét 240Hz siêu tốc. Điều này đồng nghĩa với việc mọi chuyển động trên màn hình đều mượt mà một cách kinh ngạc, loại bỏ hoàn toàn hiện tượng xé hình hay giật lag, mang lại lợi thế quyết định trong các tựa game FPS hoặc MOBA yêu cầu phản xạ nhanh. Kết hợp với thời gian phản hồi chỉ 1ms (MPRT), màn hình này giúp loại bỏ hoàn toàn hiện tượng bóng mờ (ghosting), đảm bảo hình ảnh luôn sắc nét dù cho hành động có nhanh đến mấy. Ngoài ra, màn hình còn được trang bị công nghệ đồng bộ hóa hình ảnh tiên tiến (ví dụ: FreeSync Premium), giúp loại bỏ triệt để hiện tượng xé hình và giật hình bằng cách đồng bộ hóa tần số quét của màn hình với card đồ họa của bạn. Thiết kế công thái học cho phép điều chỉnh độ cao, xoay, nghiêng linh hoạt, tối ưu hóa tư thế ngồi chơi game, giảm thiểu mệt mỏi trong thời gian dài. Với ViewSonic XG2409A, bạn không chỉ sở hữu một công cụ chơi game mạnh mẽ mà còn là một trung tâm giải trí đa phương tiện cao cấp.',
        1, 'https://product.hstatic.net/200000722513/product/view_xg2409a_gearvn_1b136568d145494c9871559bbe0e0ca0.jpg'
    );
INSERT INTO product_category (product_id, category_id) VALUES (662, 16);
INSERT INTO product_variant (
        product_id, name, seo_name, supplier_id, price, price_sale, quantity, sku, model, barcode, 
        specifications, description, warranty, image_url, release_at, created_by)
        VALUES ( 662, 'Màn hình ViewSonic XG2409A 24" IPS 240Hz 1ms chuyên game', 'man-hinh-viewsonic-xg2409a-24-ips-240hz-1ms-chuyen-game',
            1, 4790000, 3790000, 10, 'MAN-VIE-XG2409A',
            'MAN-VIE-XG2409A', 'MAN-VIE-XG2409A',
            '{"Kích thước màn hình": "24 inch","Loại tấm nền": "IPS","Độ phân giải": "FHD (1920 x 1080)","Tần số quét": "240Hz","Thời gian phản hồi": "1ms (MPRT)","Độ sáng": "250 cd/m² (typ)","Tỷ lệ tương phản tĩnh": "1,000:1 (typ)","Tỷ lệ tương phản động": "80M:1","HDR": "HDR10","Tỷ lệ khung hình": "16:9","Không gian màu": "NTSC: 72% (Typ), sRGB: 102% (Typ)","Góc nhìn": "178º (ngang), 178º (dọc)","Công nghệ đồng bộ hóa": "FreeSync Premium Pro","Cổng kết nối": "2x HDMI 1.4, 1x DisplayPort, 1x 3.5mm Audio","Tính năng bổ sung": "Flicker-Free, Low Blue Light, Anti-Glare, Hard Coating (3H)"}',
            'Màn hình ViewSonic XG2409A là sự lựa chọn hoàn hảo dành cho các game thủ chuyên nghiệp và những ai đam mê trải nghiệm gaming đỉnh cao. Với kích thước 24 inch, sản phẩm mang lại không gian hiển thị vừa phải, tối ưu cho các trận đấu căng thẳng. Điểm nhấn vượt trội của XG2409A nằm ở tấm nền IPS cao cấp, không chỉ đảm bảo góc nhìn rộng 178 độ mà còn tái tạo màu sắc sống động và chân thực đến bất ngờ, giúp bạn đắm chìm hoàn toàn vào thế giới ảo. Tốc độ là yếu tố then chốt trong mọi cuộc chiến, và ViewSonic XG2409A không làm bạn thất vọng với tần số quét 240Hz siêu tốc. Điều này đồng nghĩa với việc mọi chuyển động trên màn hình đều mượt mà một cách kinh ngạc, loại bỏ hoàn toàn hiện tượng xé hình hay giật lag, mang lại lợi thế quyết định trong các tựa game FPS hoặc MOBA yêu cầu phản xạ nhanh. Kết hợp với thời gian phản hồi chỉ 1ms (MPRT), màn hình này giúp loại bỏ hoàn toàn hiện tượng bóng mờ (ghosting), đảm bảo hình ảnh luôn sắc nét dù cho hành động có nhanh đến mấy. Ngoài ra, màn hình còn được trang bị công nghệ đồng bộ hóa hình ảnh tiên tiến (ví dụ: FreeSync Premium), giúp loại bỏ triệt để hiện tượng xé hình và giật hình bằng cách đồng bộ hóa tần số quét của màn hình với card đồ họa của bạn. Thiết kế công thái học cho phép điều chỉnh độ cao, xoay, nghiêng linh hoạt, tối ưu hóa tư thế ngồi chơi game, giảm thiểu mệt mỏi trong thời gian dài. Với ViewSonic XG2409A, bạn không chỉ sở hữu một công cụ chơi game mạnh mẽ mà còn là một trung tâm giải trí đa phương tiện cao cấp.',
            36, 'https://product.hstatic.net/200000722513/product/view_xg2409a_gearvn_1b136568d145494c9871559bbe0e0ca0.jpg', '2024-12-27T10:27:18+00:00',1);
        
INSERT INTO product_image (name, product_variant_id, image_url, is_main)
VALUES
    ('Ảnh 1', 662, 'https://product.hstatic.net/200000722513/product/view_xg2409a_gearvn_1b136568d145494c9871559bbe0e0ca0.jpg', TRUE),
    ('Ảnh 2', 662, 'https://product.hstatic.net/200000722513/product/gpg-24-mon-vx2479aj-hd-pro-product_photo_c01_8fda399d30394596ac1ba5c84b5b2acf.png', FALSE),
    ('Ảnh 3', 662, 'https://product.hstatic.net/200000722513/product/gpg-24-mon-vx2479aj-hd-pro-product_photo_f01_2ab7a89e8475432384e7f97cf91348f5.png', FALSE),
    ('Ảnh 4', 662, 'https://product.hstatic.net/200000722513/product/gpg-24-mon-vx2479aj-hd-pro-product_photo_f03_d2a6b084d4b8494e9db3447e7924e89b.png', FALSE),
    ('Ảnh 5', 662, 'https://product.hstatic.net/200000722513/product/gpg-24-mon-vx2479aj-hd-pro-product_photo_f04_80612d6b70b7478b8c595ca6652448f6.png', FALSE),
    ('Ảnh 6', 662, 'https://product.hstatic.net/200000722513/product/gpg-24-mon-vx2479aj-hd-pro-product_photo_f05_d6d2a5626f424d058e57e8b5745ed7a7.png', FALSE),
    ('Ảnh 7', 662, 'https://product.hstatic.net/200000722513/product/gpg-24-mon-vx2479aj-hd-pro-product_photo_f09_f0bc73559c59414ea9399d5125d12af7.png', FALSE),
    ('Ảnh 8', 662, 'https://product.hstatic.net/200000722513/product/gpg-24-mon-vx2479aj-hd-pro-product_photo_l02_7743f313a6ee468e9ca73064cc4f15ca.png', FALSE),
    ('Ảnh 9', 662, 'https://product.hstatic.net/200000722513/product/gpg-24-mon-vx2479aj-hd-pro-product_photo_lb01_7289a6b7d01c47a2b0168b1adae56e09.png', FALSE),
    ('Ảnh 10', 662, 'https://product.hstatic.net/200000722513/product/gpg-24-mon-vx2479aj-hd-pro-product_photo_rb01_b0ac16270d4847418f1d277286a7feb0.png', FALSE);
---
INSERT INTO product (name, seo_name, brand_id, specifications, description, created_by, image_url) 
    VALUES (
        'Màn hình ViewSonic VX2479A-HD-PRO 24" IPS 240Hz 1ms chuyên game', 'man-hinh-viewsonic-vx2479a-hd-pro-24-ips-240hz-1ms-chuyen-game', 55,
        '{"Nhà sản xuất": "ViewSonic"}',
        'Màn hình ViewSonic VX2479A-HD-PRO là lựa chọn hoàn hảo cho game thủ chuyên nghiệp, mang đến trải nghiệm chơi game cực kỳ mượt mà và sống động. Với kích thước 24 inch tiêu chuẩn, tấm nền IPS cao cấp đảm bảo màu sắc chân thực, góc nhìn rộng và độ tương phản tuyệt vời, giúp mọi khung hình trở nên sắc nét đến từng chi tiết. Điểm nhấn mạnh mẽ nhất của VX2479A-HD-PRO chính là tần số quét 240Hz siêu tốc cùng thời gian phản hồi chỉ 1ms (MPRT), loại bỏ hoàn toàn hiện tượng xé hình, giật lag hay bóng mờ, ngay cả trong những pha hành động nhanh nhất. Điều này mang lại lợi thế cạnh tranh đáng kể trong các tựa game Esport, giúp bạn phản ứng nhanh hơn và chính xác hơn. Thiết kế không viền ba cạnh mang lại không gian hiển thị rộng lớn, tối ưu hóa cho việc thiết lập đa màn hình. Công nghệ Adaptive Sync tích hợp đảm bảo đồng bộ hóa hoàn hảo giữa card đồ họa và màn hình, cho trải nghiệm không gián đoạn. ViewSonic VX2479A-HD-PRO thực sự là một vũ khí lợi hại để thống trị mọi chiến trường ảo.',
        1, 'https://product.hstatic.net/200000722513/product/view_vx2479a-hd-pro_gearvn_6f2507d66980467a8f1eb20e5cb6be09.jpg'
    );
INSERT INTO product_category (product_id, category_id) VALUES (663, 16);
INSERT INTO product_variant (
        product_id, name, seo_name, supplier_id, price, price_sale, quantity, sku, model, barcode, 
        specifications, description, warranty, image_url, release_at, created_by)
        VALUES ( 663, 'Màn hình ViewSonic VX2479A-HD-PRO 24" IPS 240Hz 1ms chuyên game', 'man-hinh-viewsonic-vx2479a-hd-pro-24-ips-240hz-1ms-chuyen-game',
            1, 4490000, 3690000, 10, 'MAN-VIE-VX2479A-HD-PRO',
            'MAN-VIE-VX2479A-HD-PRO', 'MAN-VIE-VX2479A-HD-PRO',
            '{"Kích thước màn hình": "23.8 inch","Độ phân giải": "Full HD (1920x1080)","Tấm nền": "IPS","Tần số quét": "240Hz","Thời gian phản hồi": "1ms (MPRT)","Độ sáng (Typ.)": "250 cd/m²","Tỷ lệ màn hình": "16:9","Tỷ lệ tương phản tĩnh": "1,000:1","Tỷ lệ tương phản động": "50M:1","Cổng kết nối": "2x HDMI 2.0, 1x DisplayPort 1.4, Audio Out","Công nghệ đồng bộ": "AMD FreeSync Premium","Loa tích hợp": "2W x2","Không gian màu": "102% sRGB","Bảo hành": "36 tháng","Khử nhấp nháy": "Có","Công nghệ": "SuperClear® IPS, EyeProTech"}',
            'Màn hình ViewSonic VX2479A-HD-PRO là lựa chọn hoàn hảo cho game thủ chuyên nghiệp, mang đến trải nghiệm chơi game cực kỳ mượt mà và sống động. Với kích thước 24 inch tiêu chuẩn, tấm nền IPS cao cấp đảm bảo màu sắc chân thực, góc nhìn rộng và độ tương phản tuyệt vời, giúp mọi khung hình trở nên sắc nét đến từng chi tiết. Điểm nhấn mạnh mẽ nhất của VX2479A-HD-PRO chính là tần số quét 240Hz siêu tốc cùng thời gian phản hồi chỉ 1ms (MPRT), loại bỏ hoàn toàn hiện tượng xé hình, giật lag hay bóng mờ, ngay cả trong những pha hành động nhanh nhất. Điều này mang lại lợi thế cạnh tranh đáng kể trong các tựa game Esport, giúp bạn phản ứng nhanh hơn và chính xác hơn. Thiết kế không viền ba cạnh mang lại không gian hiển thị rộng lớn, tối ưu hóa cho việc thiết lập đa màn hình. Công nghệ Adaptive Sync tích hợp đảm bảo đồng bộ hóa hoàn hảo giữa card đồ họa và màn hình, cho trải nghiệm không gián đoạn. ViewSonic VX2479A-HD-PRO thực sự là một vũ khí lợi hại để thống trị mọi chiến trường ảo.',
            36, 'https://product.hstatic.net/200000722513/product/view_vx2479a-hd-pro_gearvn_6f2507d66980467a8f1eb20e5cb6be09.jpg', '2024-12-03T03:34:52+00:00',1);
        
INSERT INTO product_image (name, product_variant_id, image_url, is_main)
VALUES
    ('Ảnh 1', 663, 'https://product.hstatic.net/200000722513/product/view_vx2479a-hd-pro_gearvn_6f2507d66980467a8f1eb20e5cb6be09.jpg', TRUE),
    ('Ảnh 2', 663, 'https://product.hstatic.net/200000722513/product/gpg-24-mon-vx2479a-hd-pro-product_photo_b01_pc_ed766f457201498c9223d710b3cf9157.jpg', FALSE),
    ('Ảnh 3', 663, 'https://product.hstatic.net/200000722513/product/gpg-24-mon-vx2479a-hd-pro-product_photo_c01_pc_afe904c7f5a44f8cbeef338a1bdcf117.jpg', FALSE),
    ('Ảnh 4', 663, 'https://product.hstatic.net/200000722513/product/gpg-24-mon-vx2479a-hd-pro-product_photo_f01_pc_1c1f30f505fc45008eed66a03b3f6b27.jpg', FALSE),
    ('Ảnh 5', 663, 'https://product.hstatic.net/200000722513/product/gpg-24-mon-vx2479a-hd-pro-product_photo_f02_pc_f19dff8f9f8f42ca9e93de42e2d718f5.jpg', FALSE),
    ('Ảnh 6', 663, 'https://product.hstatic.net/200000722513/product/gpg-24-mon-vx2479a-hd-pro-product_photo_lb02_pc_b3622e36c38647b7ad2d3f458ec80a6c.jpg', FALSE),
    ('Ảnh 7', 663, 'https://product.hstatic.net/200000722513/product/gpg-24-mon-vx2479a-hd-pro-product_photo_lf01_pc_7939af8fda684d11923471e9e10a3557.jpg', FALSE),
    ('Ảnh 8', 663, 'https://product.hstatic.net/200000722513/product/gpg-24-mon-vx2479a-hd-pro-product_photo_rf01_pc_a8cc4ebdbf094fa9afafb638e3ae16f1.jpg', FALSE),
    ('Ảnh 9', 663, 'https://product.hstatic.net/200000722513/product/gpg-24-mon-vx2479a-hd-pro-product_photo_rf02_pc_45572f5ed8614b4f83c3908d2bec5ede.jpg', FALSE);
---
INSERT INTO product (name, seo_name, brand_id, specifications, description, created_by, image_url) 
    VALUES (
        'Màn hình ASUS VY249HGR 24" IPS 120Hz viền mỏng', 'man-hinh-asus-vy249hgr-24-ips-120hz-vien-mong', 3,
        '{"Kích thước màn hình": "24 inches", "Kích thước hiển thị": "23.8 inch", "Kiểu màn hình": "Màn hình phẳng", "Tấm nền": "IPS", "Tỉ lệ màn hình": "16:9", "Độ phân giải": "1920 x 1080 pixels", "Tần số quét": "120 Hz", "Thời gian phản hồi": "1 ms", "Số lượng màu": "16.7 triệu màu", "Độ sáng": "250 cd/㎡", "Góc nhìn": "178°/178°", "Độ tương phản tĩnh": "1500:1", "Công nghệ màn hình": "Trace Free, SPLENDID, 4 chế độ nhiệt độ màu, GamePlus, QuickFit, HDCP 1.4, Adaptive-Sync, GameFast Input, Shadow Boost, Motion Sync, Eye Care+", "Nghiêng": "+23° ~ -5°", "Điều chỉnh độ cao": "Không", "Treo tường": "100 x 100 mm", "Cổng kết nối": "1x HDMI v1.4, 1x VGA, Earphone Jack", "Tính năng màn hình": "Hạn chế ánh sáng xanh, Chống chói, Chế độ chơi game, Chống nháy, Chế độ tiết kiệm điện", "Công suất tiêu thụ": "<15W, Chế độ tiết kiệm: <0.5W, Chế độ tắt: <0.3W", "Kích thước": "Có chân đế: 54.1 x 39.5 x 18.5 cm, Không có chân đế: 54.1 x 32.3 x 4.8 cm", "Trọng lượng": "Có chân đế: 3.4 kg, Không có chân đế: 2.9 kg"}',
        'Màn hình ASUS VY249HGR 120HZ 24 inch là trợ thủ đắc lực cho dàn PC thêm phần chuyên nghiệp, hiệu quả tối ưu. Sở hữu nhiều đặc điểm ưu trội, mẫu màn hình ASUS này hứa hẹn thỏa mãn thị giác người dùng trong mọi hoạt động.\n\nPhân giải cao, chuyển động mượt\nMàn hình ASUS VY249HGR 120HZ 24 inch nổi bật với phân giải Full HD, hiển thị chi tiết và rõ ràng trên kích thước 23,8 inch. Độ phân giải cao giúp các chi tiết sắc nét và tăng cường trải nghiệm cho người dùng ở đa dạng nhu cầu. \n\nChất lượng hiển thị của màn hình ASUS VY249HGR 120HZ 24 inch\n\nĐiểm đáng chú ý của phiên bản là tần số quét 120Hz, cung cấp chuyển động mượt mà, ít bị giật lag hay xé hình. Nhờ tốc độ làm mới nhanh, màn hình có khả năng bắt kịp các chuyển động nhanh, tối ưu hóa phản xạ trong các trò chơi hành động. Tần số quét cao kết hợp với độ trễ thấp MPRT 1ms cũng giúp người dùng có được cảm giác chính xác khi thao tác và xử lý nhanh chóng các tình huống.\n\nThiết kế bền bỉ, màu năng động\nMàn hình ASUS VY249HGR 120HZ 24 inch gây ấn tượng với phong cách hiện đại, khung viền mỏng nhằm tăng diện tích hiển thị và tạo cảm giác liền mạch. Bên cạnh đó, thiết kế của màn hình này khá bền bỉ và phù hợp với nhu cầu sử dụng lâu dài, hạn chế trầy xước, giảm thiểu hư hỏng tối ưu. \n\nThiết kế màn hình ASUS VY249HGR 120HZ 24 inch\n\nVới màu sắc đen cơ bản, tổng thể màn hình tương đối trẻ trung, phù hợp với nhiều loại không gian. Ngoài ra, hãng cũng tập trung vào tính tiện dụng của phiên bản khi tối giản chi tiết thừa nhưng vẫn giữ được vẻ ngoài tinh tế. Kèm theo chân đế chắc chắn, có thể tùy chỉnh linh hoạt góc nhìn, mang đến góc sử dụng thoải mái cho người dùng.\n\nTấm nền IPS, công nghệ Game Plus \nMàn hình ASUS VY249HGR 120HZ 24 inch sử dụng tấm nền IPS cao cấp, nổi bật với khả năng hiển thị màu sắc chính xác và độ tương phản tốt. Công nghệ này nổi tiếng với góc nhìn rộng lên đến 178 độ, với màu sắc và độ sáng đồng nhất kể cả khi nhiều người cùng xem hoặc khi chia sẻ màn hình với người khác. \n\nCông nghệ hiển thị, tiện ích thông minh đi kèm của màn hình ASUS VY249HGR 120HZ 24 inch\n\nHơn thế nữa, công nghệ Game Plus của màn hình còn tích hợp sẵn các tính năng đặc biệt hỗ trợ chơi game như chế độ tâm ngắm, hẹn giờ, bộ đếm FPS và tính năng điều chỉnh vị trí màn hình. Qua đó, các game thủ có thể tùy chỉnh màn hình để tối ưu hóa trải nghiệm, đồng thời có lợi thế cạnh tranh khi theo dõi và thực hiện các thao tác nhanh. \n\nKết nối mượt, hỗ trợ đa cổng\nMàn hình ASUS VY249HGR 120HZ 24 inch trang bị nhiều cổng giao tiếp, bao gồm cả HDMI và VGA phù hợp nhu cầu kết nối đa dạng. Theo đó, các cổng giao tiếp trên màn hình được bố trí thuận tiện, dễ dàng sử dụng mà không cần phải di chuyển màn hình hay thực hiện thao tác phức tạp. Việc hỗ trợ đa dạng các cổng kết nối cũng giúp màn hình dễ dàng tích hợp vào hệ thống hiện có của người dùng. \n\nHệ thống cổng kết nối của màn hình ASUS VY249HGR 120HZ 24 inch\n\nĐồng thời cho phép chuyển đổi nhanh chóng giữa các thiết bị mà không gặp rắc rối về khả năng tương thích. Mặt khác, màn hình này còn hỗ trợ người dùng sử dụng thêm các thiết bị ngoại vi, từ đó hoàn thiện trải nghiệm chơi game một cách toàn diện.',
        1, 'https://product.hstatic.net/200000722513/product/asus_vy249hgr_120hz_gearvn_3b944fdc15e449968d9ba0739aaea352.jpg'
    );
INSERT INTO product_category (product_id, category_id) VALUES (664, 16);
INSERT INTO product_variant (
        product_id, name, seo_name, supplier_id, price, price_sale, quantity, sku, model, barcode, 
        specifications, description, warranty, image_url, release_at, created_by)
        VALUES ( 664, 'Màn hình ASUS VY249HGR 24" IPS 120Hz viền mỏng', 'man-hinh-asus-vy249hgr-24-ips-120hz-vien-mong',
            1, 3090000, 2390000, 10, 'MAN-ASU-VY249HGR',
            'MAN-ASU-VY249HGR', 'MAN-ASU-VY249HGR',
            '{"Kích thước màn hình": "24 inches", "Kích thước hiển thị": "23.8 inch", "Kiểu màn hình": "Màn hình phẳng", "Tấm nền": "IPS", "Tỉ lệ màn hình": "16:9", "Độ phân giải": "1920 x 1080 pixels", "Tần số quét": "120 Hz", "Thời gian phản hồi": "1 ms", "Số lượng màu": "16.7 triệu màu", "Độ sáng": "250 cd/㎡", "Góc nhìn": "178°/178°", "Độ tương phản tĩnh": "1500:1", "Công nghệ màn hình": "Trace Free, SPLENDID, 4 chế độ nhiệt độ màu, GamePlus, QuickFit, HDCP 1.4, Adaptive-Sync, GameFast Input, Shadow Boost, Motion Sync, Eye Care+", "Nghiêng": "+23° ~ -5°", "Điều chỉnh độ cao": "Không", "Treo tường": "100 x 100 mm", "Cổng kết nối": "1x HDMI v1.4, 1x VGA, Earphone Jack", "Tính năng màn hình": "Hạn chế ánh sáng xanh, Chống chói, Chế độ chơi game, Chống nháy, Chế độ tiết kiệm điện", "Công suất tiêu thụ": "<15W, Chế độ tiết kiệm: <0.5W, Chế độ tắt: <0.3W", "Kích thước": "Có chân đế: 54.1 x 39.5 x 18.5 cm, Không có chân đế: 54.1 x 32.3 x 4.8 cm", "Trọng lượng": "Có chân đế: 3.4 kg, Không có chân đế: 2.9 kg"}',
            'Màn hình ASUS VY249HGR 120HZ 24 inch là trợ thủ đắc lực cho dàn PC thêm phần chuyên nghiệp, hiệu quả tối ưu. Sở hữu nhiều đặc điểm ưu trội, mẫu màn hình ASUS này hứa hẹn thỏa mãn thị giác người dùng trong mọi hoạt động.\n\nPhân giải cao, chuyển động mượt\nMàn hình ASUS VY249HGR 120HZ 24 inch nổi bật với phân giải Full HD, hiển thị chi tiết và rõ ràng trên kích thước 23,8 inch. Độ phân giải cao giúp các chi tiết sắc nét và tăng cường trải nghiệm cho người dùng ở đa dạng nhu cầu. \n\nChất lượng hiển thị của màn hình ASUS VY249HGR 120HZ 24 inch\n\nĐiểm đáng chú ý của phiên bản là tần số quét 120Hz, cung cấp chuyển động mượt mà, ít bị giật lag hay xé hình. Nhờ tốc độ làm mới nhanh, màn hình có khả năng bắt kịp các chuyển động nhanh, tối ưu hóa phản xạ trong các trò chơi hành động. Tần số quét cao kết hợp với độ trễ thấp MPRT 1ms cũng giúp người dùng có được cảm giác chính xác khi thao tác và xử lý nhanh chóng các tình huống.\n\nThiết kế bền bỉ, màu năng động\nMàn hình ASUS VY249HGR 120HZ 24 inch gây ấn tượng với phong cách hiện đại, khung viền mỏng nhằm tăng diện tích hiển thị và tạo cảm giác liền mạch. Bên cạnh đó, thiết kế của màn hình này khá bền bỉ và phù hợp với nhu cầu sử dụng lâu dài, hạn chế trầy xước, giảm thiểu hư hỏng tối ưu. \n\nThiết kế màn hình ASUS VY249HGR 120HZ 24 inch\n\nVới màu sắc đen cơ bản, tổng thể màn hình tương đối trẻ trung, phù hợp với nhiều loại không gian. Ngoài ra, hãng cũng tập trung vào tính tiện dụng của phiên bản khi tối giản chi tiết thừa nhưng vẫn giữ được vẻ ngoài tinh tế. Kèm theo chân đế chắc chắn, có thể tùy chỉnh linh hoạt góc nhìn, mang đến góc sử dụng thoải mái cho người dùng.\n\nTấm nền IPS, công nghệ Game Plus \nMàn hình ASUS VY249HGR 120HZ 24 inch sử dụng tấm nền IPS cao cấp, nổi bật với khả năng hiển thị màu sắc chính xác và độ tương phản tốt. Công nghệ này nổi tiếng với góc nhìn rộng lên đến 178 độ, với màu sắc và độ sáng đồng nhất kể cả khi nhiều người cùng xem hoặc khi chia sẻ màn hình với người khác. \n\nCông nghệ hiển thị, tiện ích thông minh đi kèm của màn hình ASUS VY249HGR 120HZ 24 inch\n\nHơn thế nữa, công nghệ Game Plus của màn hình còn tích hợp sẵn các tính năng đặc biệt hỗ trợ chơi game như chế độ tâm ngắm, hẹn giờ, bộ đếm FPS và tính năng điều chỉnh vị trí màn hình. Qua đó, các game thủ có thể tùy chỉnh màn hình để tối ưu hóa trải nghiệm, đồng thời có lợi thế cạnh tranh khi theo dõi và thực hiện các thao tác nhanh. \n\nKết nối mượt, hỗ trợ đa cổng\nMàn hình ASUS VY249HGR 120HZ 24 inch trang bị nhiều cổng giao tiếp, bao gồm cả HDMI và VGA phù hợp nhu cầu kết nối đa dạng. Theo đó, các cổng giao tiếp trên màn hình được bố trí thuận tiện, dễ dàng sử dụng mà không cần phải di chuyển màn hình hay thực hiện thao tác phức tạp. Việc hỗ trợ đa dạng các cổng kết nối cũng giúp màn hình dễ dàng tích hợp vào hệ thống hiện có của người dùng. \n\nHệ thống cổng kết nối của màn hình ASUS VY249HGR 120HZ 24 inch\n\nĐồng thời cho phép chuyển đổi nhanh chóng giữa các thiết bị mà không gặp rắc rối về khả năng tương thích. Mặt khác, màn hình này còn hỗ trợ người dùng sử dụng thêm các thiết bị ngoại vi, từ đó hoàn thiện trải nghiệm chơi game một cách toàn diện.',
            36, 'https://product.hstatic.net/200000722513/product/asus_vy249hgr_120hz_gearvn_3b944fdc15e449968d9ba0739aaea352.jpg', '2024-11-11T08:51:09+00:00',1);
        
INSERT INTO product_image (name, product_variant_id, image_url, is_main)
VALUES
    ('Ảnh 1', 664, 'https://product.hstatic.net/200000722513/product/asus_vy249hgr_120hz_gearvn_3b944fdc15e449968d9ba0739aaea352.jpg', TRUE),
    ('Ảnh 2', 664, 'https://product.hstatic.net/200000722513/product/vy249hgr-02_e3c9275f1c504706be720fbb11086ed7.jpg', FALSE),
    ('Ảnh 3', 664, 'https://product.hstatic.net/200000722513/product/vy249hgr-03_9ba0bac0aa63459481eb6f67f7018ee7.jpg', FALSE),
    ('Ảnh 4', 664, 'https://product.hstatic.net/200000722513/product/vy249hgr-04_1daba2aa3cc24d079b5ecc4545efb236.jpg', FALSE),
    ('Ảnh 5', 664, 'https://product.hstatic.net/200000722513/product/vy249hgr-05_bf47493cbec44b51a40cd946db825aa4.jpg', FALSE),
    ('Ảnh 6', 664, 'https://product.hstatic.net/200000722513/product/vy249hgr-06_07c54beaa3384f1c967ce6eae71b8d23.jpg', FALSE);
---
INSERT INTO product (name, seo_name, brand_id, specifications, description, created_by, image_url) 
    VALUES (
        'Màn hình ASUS ProArt PA24US 24" IPS 4K USBC chuyên đồ họa', 'man-hinh-asus-proart-pa24us-24-ips-4k-usbc-chuyen-do-hoa', 3,
        '{"Nhà sản xuất": "ASUS"}',
        'Màn hình ASUS ProArt PA24US là lựa chọn hoàn hảo cho các chuyên gia đồ họa, nhiếp ảnh gia và nhà sản xuất nội dung cần độ chính xác màu sắc tuyệt đối. Với kích thước 24 inch tiêu chuẩn cùng tấm nền IPS cao cấp, màn hình này mang đến góc nhìn rộng và màu sắc chân thực từ mọi góc độ. Độ phân giải 4K UHD (3840x2160) cho phép hiển thị hình ảnh sắc nét đến từng chi tiết, lý tưởng cho việc chỉnh sửa ảnh, video 4K hay thiết kế đồ họa phức tạp.\n\nĐiểm nổi bật của PA24US chính là khả năng tái tạo màu sắc vượt trội, đạt chuẩn Delta E < 1, bao phủ rộng dải màu DCI-P3, Adobe RGB và sRGB, đảm bảo mọi tác phẩm được thể hiện đúng như ý đồ sáng tạo. Hỗ trợ HDR (HDR-10) giúp tăng cường độ tương phản và chi tiết ở vùng sáng tối. Cổng kết nối USB-C đa năng không chỉ truyền tải video, dữ liệu mà còn cung cấp nguồn điện 90W cho laptop, giúp bàn làm việc gọn gàng hơn.\n\nNgoài ra, màn hình còn được trang bị các công nghệ độc quyền của ASUS ProArt như ProArt Preset và ProArt Palette, cho phép người dùng dễ dàng điều chỉnh các thông số màu sắc. Chân đế công thái học cho phép điều chỉnh độ cao, xoay, nghiêng và pivot, tối ưu hóa tư thế làm việc. Khả năng hiệu chuẩn phần cứng đảm bảo màu sắc ổn định theo thời gian.\n\nASUS ProArt PA24US thực sự là một công cụ mạnh mẽ, không thể thiếu cho mọi quy trình làm việc sáng tạo chuyên nghiệp.',
        1, 'https://product.hstatic.net/200000722513/product/asus_pa24us_gearvn_46302ccf8b5f45fbb65d5d8ca1d02226.jpg'
    );
INSERT INTO product_category (product_id, category_id) VALUES (665, 16);
INSERT INTO product_variant (
        product_id, name, seo_name, supplier_id, price, price_sale, quantity, sku, model, barcode, 
        specifications, description, warranty, image_url, release_at, created_by)
        VALUES ( 665, 'Màn hình ASUS ProArt PA24US 24" IPS 4K USBC chuyên đồ họa', 'man-hinh-asus-proart-pa24us-24-ips-4k-usbc-chuyen-do-hoa',
            1, 44990000, 37490000, 10, 'MAN-ASU-PROART-PA24US',
            'MAN-ASU-PROART-PA24US', 'MAN-ASU-PROART-PA24US',
            '{"Kích thước": "24 inch","Tấm nền": "IPS","Độ phân giải": "4K (3840 x 2160)","Tần số quét": "60 Hz","Thời gian phản hồi": "5ms GtG","Độ sáng (Typ.)": "350 cd/m²","Không gian màu": "100% sRGB; 95% DCI-P3; HDR10","Cổng kết nối": "2 x HDMI™(2.0); 1 x DisplayPort(1.4); 1xUSBC DP Alt mode PD 80W; 12G-SDI x 1","Tương thích VESA": "100 x 100 mm","Bảo hành": "36 tháng","Khử nhấp nháy": "Có"}',
            'Màn hình ASUS ProArt PA24US là lựa chọn hoàn hảo cho các chuyên gia đồ họa, nhiếp ảnh gia và nhà sản xuất nội dung cần độ chính xác màu sắc tuyệt đối. Với kích thước 24 inch tiêu chuẩn cùng tấm nền IPS cao cấp, màn hình này mang đến góc nhìn rộng và màu sắc chân thực từ mọi góc độ. Độ phân giải 4K UHD (3840x2160) cho phép hiển thị hình ảnh sắc nét đến từng chi tiết, lý tưởng cho việc chỉnh sửa ảnh, video 4K hay thiết kế đồ họa phức tạp.\n\nĐiểm nổi bật của PA24US chính là khả năng tái tạo màu sắc vượt trội, đạt chuẩn Delta E < 1, bao phủ rộng dải màu DCI-P3, Adobe RGB và sRGB, đảm bảo mọi tác phẩm được thể hiện đúng như ý đồ sáng tạo. Hỗ trợ HDR (HDR-10) giúp tăng cường độ tương phản và chi tiết ở vùng sáng tối. Cổng kết nối USB-C đa năng không chỉ truyền tải video, dữ liệu mà còn cung cấp nguồn điện 90W cho laptop, giúp bàn làm việc gọn gàng hơn.\n\nNgoài ra, màn hình còn được trang bị các công nghệ độc quyền của ASUS ProArt như ProArt Preset và ProArt Palette, cho phép người dùng dễ dàng điều chỉnh các thông số màu sắc. Chân đế công thái học cho phép điều chỉnh độ cao, xoay, nghiêng và pivot, tối ưu hóa tư thế làm việc. Khả năng hiệu chuẩn phần cứng đảm bảo màu sắc ổn định theo thời gian.\n\nASUS ProArt PA24US thực sự là một công cụ mạnh mẽ, không thể thiếu cho mọi quy trình làm việc sáng tạo chuyên nghiệp.',
            36, 'https://product.hstatic.net/200000722513/product/asus_pa24us_gearvn_46302ccf8b5f45fbb65d5d8ca1d02226.jpg', '2024-10-07T03:11:30+00:00',1);
        
INSERT INTO product_image (name, product_variant_id, image_url, is_main)
VALUES
    ('Ảnh 1', 665, 'https://product.hstatic.net/200000722513/product/asus_pa24us_gearvn_46302ccf8b5f45fbb65d5d8ca1d02226.jpg', TRUE),
    ('Ảnh 2', 665, 'https://product.hstatic.net/200000722513/product/proart-pa24us-01_4d13722ced194b9b8209e0d8c785f231.jpg', FALSE),
    ('Ảnh 3', 665, 'https://product.hstatic.net/200000722513/product/proart-pa24us-t-03_dbc173767d8647b79c7f390a9ac25586.jpg', FALSE),
    ('Ảnh 4', 665, 'https://product.hstatic.net/200000722513/product/proart-pa24us-t-04_bae247bbc61e4c1cb84b486c95a991c1.jpg', FALSE),
    ('Ảnh 5', 665, 'https://product.hstatic.net/200000722513/product/proart-pa24us-t-06_cdaf6b8831db48dcb0881b5ffafac55b.jpg', FALSE),
    ('Ảnh 6', 665, 'https://product.hstatic.net/200000722513/product/proart-pa24us-t-07_5b0c9f98dabb4aa2a885f9cef5cbb5f5.jpg', FALSE),
    ('Ảnh 7', 665, 'https://product.hstatic.net/200000722513/product/proart-pa24us-t-09_0feb2b492e104f74b8a01589ea74e620.jpg', FALSE),
    ('Ảnh 8', 665, 'https://product.hstatic.net/200000722513/product/proart-pa24us-t-11_0f03e15140f043169e2c88969e03e4b7.jpg', FALSE),
    ('Ảnh 9', 665, 'https://product.hstatic.net/200000722513/product/proart-pa24us-t-13_959e655c3c8d491c9fc8ab18b1adb4b2.jpg', FALSE),
    ('Ảnh 10', 665, 'https://product.hstatic.net/200000722513/product/proart-pa24us-t-14_105dd3d3342e4bcf9feac76eb149df2d.jpg', FALSE);
---
INSERT INTO product (name, seo_name, brand_id, specifications, description, created_by, image_url) 
    VALUES (
        'Màn hình Viewsonic VA2432-H 24" IPS 100Hz viền mỏng', 'man-hinh-viewsonic-va2432-h-24-ips-100hz-vien-mong', 55,
        '{"Thương hiệu": "ViewSonic", "Kích thước": "23.8 inch", "Độ phân giải": "1920 x 1080", "Tấm nền": "IPS", "Tần số quét": "100Hz", "Thời gian phản hồi": "1ms", "Kiểu màn hình": "Phẳng", "Độ sáng": "250 cd/m² (typ)", "Góc nhìn": "178° (H) / 178° (V)", "Khả năng hiển thị màu sắc": "16.7 triệu màu, 104% sRGB", "Độ tương phản tĩnh": "1.000:1 (typ)", "Độ tương phản động": "50M:1", "Cổng xuất hình": "1 x VGA, 1 x HDMI 1.4", "Tính năng đặc biệt": "Chống lóa, Lớp phủ cứng (3H)", "Kỹ thuật thiết kế": "Tương thích VESA mount: 75x75mm (Cần mua thêm ốc vít phù hợp nếu sử dụng arm)", "Khối lượng": "2.7 kg (bao gồm chân đế)", "Kích thước chuẩn": "540 x 406 x 185 (mm)"}',
        'Màn hình Viewsonic VA2432-H 24\" IPS 100Hz viền mỏng là lựa chọn lý tưởng cho cả công việc và giải trí tại gia. Với kích thước 24 inch, tấm nền IPS cao cấp mang lại góc nhìn siêu rộng 178°/178° và màu sắc chân thực, sống động, đảm bảo hình ảnh luôn sắc nét và nhất quán dù bạn nhìn từ bất kỳ vị trí nào. Tần số quét 100Hz là một nâng cấp đáng giá so với màn hình 60Hz truyền thống, mang lại trải nghiệm xem mượt mà hơn, giảm thiểu hiện tượng xé hình và giật lag trong các cảnh chuyển động nhanh, đặc biệt hữu ích khi duyệt web, xem phim hành động hay chơi game giải trí nhẹ. Thiết kế viền siêu mỏng (frameless) không chỉ tạo vẻ ngoài hiện đại, tinh tế mà còn tối ưu hóa không gian hiển thị, giúp trải nghiệm đa màn hình trở nên liền mạch hơn. Màn hình này còn được trang bị các công nghệ bảo vệ mắt như Flicker-Free và Blue Light Filter, giúp giảm mỏi mắt khi sử dụng trong thời gian dài. Khả năng kết nối đa dạng với cổng HDMI và VGA đảm bảo tương thích tốt với nhiều thiết bị. Đây thực sự là một sản phẩm đa năng, đáp ứng mọi nhu cầu từ làm việc văn phòng, học tập trực tuyến đến thưởng thức nội dung đa phương tiện chất lượng cao.',
        1, 'https://product.hstatic.net/200000722513/product/1_6bf24e36cbd34fd990728781a18e1653_befa433a45b84594bf6aa5a5c8526365.jpg'
    );
INSERT INTO product_category (product_id, category_id) VALUES (666, 16);
INSERT INTO product_variant (
        product_id, name, seo_name, supplier_id, price, price_sale, quantity, sku, model, barcode, 
        specifications, description, warranty, image_url, release_at, created_by)
        VALUES ( 666, 'Màn hình Viewsonic VA2432-H 24" IPS 100Hz viền mỏng', 'man-hinh-viewsonic-va2432-h-24-ips-100hz-vien-mong',
            1, 4550000, 1990000, 10, 'MAN-VIE-VA2432-H',
            'MAN-VIE-VA2432-H', 'MAN-VIE-VA2432-H',
            '{"Thương hiệu": "ViewSonic", "Kích thước": "23.8 inch", "Độ phân giải": "1920 x 1080", "Tấm nền": "IPS", "Tần số quét": "100Hz", "Thời gian phản hồi": "1ms", "Kiểu màn hình": "Phẳng", "Độ sáng": "250 cd/m² (typ)", "Góc nhìn": "178° (H) / 178° (V)", "Khả năng hiển thị màu sắc": "16.7 triệu màu, 104% sRGB", "Độ tương phản tĩnh": "1.000:1 (typ)", "Độ tương phản động": "50M:1", "Cổng xuất hình": "1 x VGA, 1 x HDMI 1.4", "Tính năng đặc biệt": "Chống lóa, Lớp phủ cứng (3H)", "Kỹ thuật thiết kế": "Tương thích VESA mount: 75x75mm (Cần mua thêm ốc vít phù hợp nếu sử dụng arm)", "Khối lượng": "2.7 kg (bao gồm chân đế)", "Kích thước chuẩn": "540 x 406 x 185 (mm)"}',
            'Màn hình Viewsonic VA2432-H 24\" IPS 100Hz viền mỏng là lựa chọn lý tưởng cho cả công việc và giải trí tại gia. Với kích thước 24 inch, tấm nền IPS cao cấp mang lại góc nhìn siêu rộng 178°/178° và màu sắc chân thực, sống động, đảm bảo hình ảnh luôn sắc nét và nhất quán dù bạn nhìn từ bất kỳ vị trí nào. Tần số quét 100Hz là một nâng cấp đáng giá so với màn hình 60Hz truyền thống, mang lại trải nghiệm xem mượt mà hơn, giảm thiểu hiện tượng xé hình và giật lag trong các cảnh chuyển động nhanh, đặc biệt hữu ích khi duyệt web, xem phim hành động hay chơi game giải trí nhẹ. Thiết kế viền siêu mỏng (frameless) không chỉ tạo vẻ ngoài hiện đại, tinh tế mà còn tối ưu hóa không gian hiển thị, giúp trải nghiệm đa màn hình trở nên liền mạch hơn. Màn hình này còn được trang bị các công nghệ bảo vệ mắt như Flicker-Free và Blue Light Filter, giúp giảm mỏi mắt khi sử dụng trong thời gian dài. Khả năng kết nối đa dạng với cổng HDMI và VGA đảm bảo tương thích tốt với nhiều thiết bị. Đây thực sự là một sản phẩm đa năng, đáp ứng mọi nhu cầu từ làm việc văn phòng, học tập trực tuyến đến thưởng thức nội dung đa phương tiện chất lượng cao.',
            36, 'https://product.hstatic.net/200000722513/product/1_6bf24e36cbd34fd990728781a18e1653_befa433a45b84594bf6aa5a5c8526365.jpg', '2025-03-01T04:18:41+00:00',1);
        
INSERT INTO product_image (name, product_variant_id, image_url, is_main)
VALUES
    ('Ảnh 1', 666, 'https://product.hstatic.net/200000722513/product/1_6bf24e36cbd34fd990728781a18e1653_befa433a45b84594bf6aa5a5c8526365.jpg', TRUE),
    ('Ảnh 2', 666, 'https://product.hstatic.net/200000722513/product/va2432-h_a27cdcc772f945de8b2fe912288ef609.jpg', FALSE),
    ('Ảnh 3', 666, 'https://product.hstatic.net/200000722513/product/va2432-h_lf01_h_c95d23a3a0cb40be95da8bedd0428c28_3407719e40d04fa18d78638cc55188ac.jpg', FALSE),
    ('Ảnh 4', 666, 'https://product.hstatic.net/200000722513/product/va2432-h_rf02_h_c6b76b9881e8411f9bff222bd797d575_0687a084e5bc4da8842a3437584b44aa.jpg', FALSE),
    ('Ảnh 5', 666, 'https://product.hstatic.net/200000722513/product/va2432-h_rf03_h_d9c612ab1a104e3880c2f48851f9e063_f004f5ff28e44852aca61156f6956a7a.jpg', FALSE),
    ('Ảnh 6', 666, 'https://product.hstatic.net/200000722513/product/va2432-h_lb01_h_601485552d0e4563abd6a7af3be4b2c1_f0e349d11e514909a757216bb65a0c0b.jpg', FALSE),
    ('Ảnh 7', 666, 'https://product.hstatic.net/200000722513/product/va2432-h_c01_h_57bb127d519f4552a364db77e4bde76e_19e89b6562ec45888dd9bd7f07ed2a7a.jpg', FALSE),
    ('Ảnh 8', 666, 'https://product.hstatic.net/200000722513/product/va2432-h_b01_h_c9e40f0faf9d476484e94586e8e03047_bece7701f14b4484836a6a123d058d65.jpg', FALSE);
---
INSERT INTO product (name, seo_name, brand_id, specifications, description, created_by, image_url) 
    VALUES (
        'Màn hình ASUS ProArt PA24ACRV 24" IPS 2K 75Hz USBC chuyên đồ họa', 'man-hinh-asus-proart-pa24acrv-24-ips-2k-75hz-usbc-chuyen-do-hoa', 3,
        '{"Tên sản phẩm": "Màn hình ASUS ProArt PA24ACRV", "Kích thước màn hình": "24 inch", "Tấm nền": "IPS", "Độ phân giải": "2K (2560 x 1440)", "Tần số quét": "75Hz", "Công nghệ màn hình": "ProArt", "Cổng kết nối chính": "USB-C", "Tính năng nổi bật": "Chuyên đồ họa", "Tỷ lệ khung hình": "16:9", "Độ sáng": "300 cd/m²", "Độ tương phản": "1000:1", "Thời gian phản hồi": "5ms (Gray to Gray)", "Góc nhìn": "178°/178°", "Dải màu": "100% sRGB, 100% Rec.709, 95% DCI-P3", "Hỗ trợ HDR": "HDR10", "Cổng USB-C": "Hỗ trợ DisplayPort, Power Delivery (65W)", "Cổng khác": "HDMI, DisplayPort, USB hub", "Công nghệ bảo vệ mắt": "Flicker-Free, Low Blue Light", "Trọng lượng": "5.9 kg", "Kích thước (có chân đế)": "540 x 382-532 x 200 mm", "Tương thích VESA": "100x100mm", "Bảo hành": "36 tháng"}',
        'Màn hình ASUS ProArt PA24ACRV 24\" IPS 2K 75Hz USB-C chuyên đồ họa là công cụ không thể thiếu cho các nhà sáng tạo nội dung, nhiếp ảnh gia và chuyên gia thiết kế đồ họa đòi hỏi sự chuẩn xác màu sắc tuyệt đối. Với tấm nền IPS 24 inch độ phân giải 2K (2560x1440), màn hình này mang lại hình ảnh sắc nét, chi tiết ấn tượng và góc nhìn siêu rộng 178 độ, đảm bảo màu sắc không bị biến đổi dù nhìn từ bất kỳ vị trí nào. Điểm mạnh vượt trội của PA24ACRV nằm ở khả năng hiển thị màu sắc chuyên nghiệp, thường được hiệu chuẩn tại nhà máy để đạt độ chính xác Delta E < 2, cùng với độ phủ màu rộng (ví dụ, 100% sRGB và một phần DCI-P3), cho phép tái tạo màu sắc trung thực nhất. Tần số quét 75Hz cung cấp trải nghiệm mượt mà hơn so với màn hình 60Hz truyền thống, rất hữu ích khi chỉnh sửa video hoặc làm việc với các chuyển động đồ họa. Cổng USB-C tích hợp là một giải pháp kết nối đa năng, không chỉ truyền tải tín hiệu video và dữ liệu mà còn cung cấp khả năng sạc ngược cho laptop của bạn với công suất lên đến 65W, giúp không gian làm việc gọn gàng hơn. Ngoài ra, màn hình còn được trang bị đầy đủ các cổng kết nối khác như HDMI và DisplayPort, cùng chân đế công thái học cho phép điều chỉnh độ cao, xoay, nghiêng và pivot, tối ưu hóa sự thoải mái khi làm việc trong thời gian dài. ASUS ProArt PA24ACRV thực sự là một khoản đầu tư xứng đáng cho mọi chuyên gia cần một màn hình chất lượng cao, đáng tin cậy cho các tác vụ đòi hỏi độ chính xác màu sắc khắt khe.',
        1, 'https://product.hstatic.net/200000722513/product/asus_pa24acrv_gearvn_d46b75e070e44323bb98dd33131af4ff.jpg'
    );
INSERT INTO product_category (product_id, category_id) VALUES (667, 16);
INSERT INTO product_variant (
        product_id, name, seo_name, supplier_id, price, price_sale, quantity, sku, model, barcode, 
        specifications, description, warranty, image_url, release_at, created_by)
        VALUES ( 667, 'Màn hình ASUS ProArt PA24ACRV 24" IPS 2K 75Hz USBC chuyên đồ họa', 'man-hinh-asus-proart-pa24acrv-24-ips-2k-75hz-usbc-chuyen-do-hoa',
            1, 14990000, 12490000, 10, 'MAN-ASU-PROART-PA24ACRV',
            'MAN-ASU-PROART-PA24ACRV', 'MAN-ASU-PROART-PA24ACRV',
            '{"Tên sản phẩm": "Màn hình ASUS ProArt PA24ACRV", "Kích thước màn hình": "24 inch", "Tấm nền": "IPS", "Độ phân giải": "2K (2560 x 1440)", "Tần số quét": "75Hz", "Công nghệ màn hình": "ProArt", "Cổng kết nối chính": "USB-C", "Tính năng nổi bật": "Chuyên đồ họa", "Tỷ lệ khung hình": "16:9", "Độ sáng": "300 cd/m²", "Độ tương phản": "1000:1", "Thời gian phản hồi": "5ms (Gray to Gray)", "Góc nhìn": "178°/178°", "Dải màu": "100% sRGB, 100% Rec.709, 95% DCI-P3", "Hỗ trợ HDR": "HDR10", "Cổng USB-C": "Hỗ trợ DisplayPort, Power Delivery (65W)", "Cổng khác": "HDMI, DisplayPort, USB hub", "Công nghệ bảo vệ mắt": "Flicker-Free, Low Blue Light", "Trọng lượng": "5.9 kg", "Kích thước (có chân đế)": "540 x 382-532 x 200 mm", "Tương thích VESA": "100x100mm", "Bảo hành": "36 tháng"}',
            'Màn hình ASUS ProArt PA24ACRV 24\" IPS 2K 75Hz USB-C chuyên đồ họa là công cụ không thể thiếu cho các nhà sáng tạo nội dung, nhiếp ảnh gia và chuyên gia thiết kế đồ họa đòi hỏi sự chuẩn xác màu sắc tuyệt đối. Với tấm nền IPS 24 inch độ phân giải 2K (2560x1440), màn hình này mang lại hình ảnh sắc nét, chi tiết ấn tượng và góc nhìn siêu rộng 178 độ, đảm bảo màu sắc không bị biến đổi dù nhìn từ bất kỳ vị trí nào. Điểm mạnh vượt trội của PA24ACRV nằm ở khả năng hiển thị màu sắc chuyên nghiệp, thường được hiệu chuẩn tại nhà máy để đạt độ chính xác Delta E < 2, cùng với độ phủ màu rộng (ví dụ, 100% sRGB và một phần DCI-P3), cho phép tái tạo màu sắc trung thực nhất. Tần số quét 75Hz cung cấp trải nghiệm mượt mà hơn so với màn hình 60Hz truyền thống, rất hữu ích khi chỉnh sửa video hoặc làm việc với các chuyển động đồ họa. Cổng USB-C tích hợp là một giải pháp kết nối đa năng, không chỉ truyền tải tín hiệu video và dữ liệu mà còn cung cấp khả năng sạc ngược cho laptop của bạn với công suất lên đến 65W, giúp không gian làm việc gọn gàng hơn. Ngoài ra, màn hình còn được trang bị đầy đủ các cổng kết nối khác như HDMI và DisplayPort, cùng chân đế công thái học cho phép điều chỉnh độ cao, xoay, nghiêng và pivot, tối ưu hóa sự thoải mái khi làm việc trong thời gian dài. ASUS ProArt PA24ACRV thực sự là một khoản đầu tư xứng đáng cho mọi chuyên gia cần một màn hình chất lượng cao, đáng tin cậy cho các tác vụ đòi hỏi độ chính xác màu sắc khắt khe.',
            36, 'https://product.hstatic.net/200000722513/product/asus_pa24acrv_gearvn_d46b75e070e44323bb98dd33131af4ff.jpg', '2024-10-07T03:11:23+00:00',1);
        
INSERT INTO product_image (name, product_variant_id, image_url, is_main)
VALUES
    ('Ảnh 1', 667, 'https://product.hstatic.net/200000722513/product/asus_pa24acrv_gearvn_d46b75e070e44323bb98dd33131af4ff.jpg', TRUE),
    ('Ảnh 2', 667, 'https://product.hstatic.net/200000722513/product/proart-pa24acrv-t-02_44f202ab414d486dbd119007a74397e6.jpg', FALSE),
    ('Ảnh 3', 667, 'https://product.hstatic.net/200000722513/product/proart-pa24acrv-t-03_4097f7a057a841cb85ec8ffbdee2b494.jpg', FALSE),
    ('Ảnh 4', 667, 'https://product.hstatic.net/200000722513/product/proart-pa24acrv-t-05_64f9475927b649f48cce473f67c25aff.jpg', FALSE),
    ('Ảnh 5', 667, 'https://product.hstatic.net/200000722513/product/proart-pa24acrv-t-07_925b70d6cb954f759cf25e6d52be14fb.jpg', FALSE),
    ('Ảnh 6', 667, 'https://product.hstatic.net/200000722513/product/proart-pa24acrv-t-08_1c04ace018cc43dc99c386ca66b8bebb.jpg', FALSE),
    ('Ảnh 7', 667, 'https://product.hstatic.net/200000722513/product/proart-pa24acrv-t-10_e83de0309a6b4482969653e137d4b5e4.jpg', FALSE),
    ('Ảnh 8', 667, 'https://product.hstatic.net/200000722513/product/proart-pa24acrv-t-12_5461dcf413ef43d194b5069c111ccd67.jpg', FALSE),
    ('Ảnh 9', 667, 'https://product.hstatic.net/200000722513/product/proart-pa24acrv-t-13_8e5d1e4626344aafa5fe18173602f176.jpg', FALSE);
---
INSERT INTO product (name, seo_name, brand_id, specifications, description, created_by, image_url) 
    VALUES (
        'Màn hình E-DRA EGM25F100P 25" IPS 100Hz', 'man-hinh-e-dra-egm25f100p-25-ips-100hz', 23,
        '{"Nhà sản xuất": "EDRA"}',
        'Màn hình E-DRA EGM25F100P là sự lựa chọn lý tưởng cho cả công việc và giải trí, mang đến trải nghiệm hình ảnh mượt mà và sắc nét. Với kích thước 25 inch tiêu chuẩn, sản phẩm này vừa vặn hoàn hảo trên mọi không gian làm việc mà vẫn đảm bảo tầm nhìn rộng rãi. Điểm nổi bật là tấm nền IPS chất lượng cao, tái tạo màu sắc sống động, độ chính xác màu sắc vượt trội và góc nhìn rộng 178 độ, giúp bạn tận hưởng hình ảnh rõ ràng từ mọi vị trí. Tần số quét 100Hz là một nâng cấp đáng giá, cung cấp các chuyển động mượt mà hơn đáng kể so với màn hình 60Hz truyền thống, đặc biệt hữu ích trong các tựa game hành động nhanh hoặc khi cuộn trang, giúp giảm hiện tượng giật lag và xé hình. Thời gian phản hồi nhanh chóng (thường là 1ms MPRT hoặc 5ms GTG) càng củng cố trải nghiệm gaming không gián đoạn. EGM25F100P còn được trang bị đầy đủ các cổng kết nối phổ biến như HDMI và DisplayPort, đảm bảo khả năng tương thích cao với nhiều thiết bị. Thiết kế viền mỏng ba cạnh mang lại vẻ ngoài hiện đại, tối ưu hóa không gian hiển thị và cho phép thiết lập đa màn hình liền mạch. Công nghệ chống nhấp nháy (Flicker-Free) và lọc ánh sáng xanh (Low Blue Light) được tích hợp để bảo vệ thị lực người dùng trong thời gian sử dụng dài. Đây là một màn hình đa năng, hiệu quả với mức giá phải chăng, phù hợp cho sinh viên, nhân viên văn phòng và game thủ muốn nâng cấp trải nghiệm của mình.',
        1, 'https://product.hstatic.net/200000722513/product/edra_egm25f100p_gearvn_23f3666fc85b40e382d46868c345e213.jpg'
    );
INSERT INTO product_category (product_id, category_id) VALUES (668, 16);
INSERT INTO product_variant (
        product_id, name, seo_name, supplier_id, price, price_sale, quantity, sku, model, barcode, 
        specifications, description, warranty, image_url, release_at, created_by)
        VALUES ( 668, 'Màn hình E-DRA EGM25F100P 25" IPS 100Hz', 'man-hinh-e-dra-egm25f100p-25-ips-100hz',
            1, 2590000, 2090000, 10, 'MAN-EDRA-EGM25F100P',
            'MAN-EDRA-EGM25F100P', 'MAN-EDRA-EGM25F100P',
            '{"Tên sản phẩm": "Màn hình E-DRA EGM25F100P","Kích thước màn hình": "25 inch","Loại tấm nền": "IPS","Tần số quét": "100Hz"}',
            'Màn hình E-DRA EGM25F100P là sự lựa chọn lý tưởng cho cả công việc và giải trí, mang đến trải nghiệm hình ảnh mượt mà và sắc nét. Với kích thước 25 inch tiêu chuẩn, sản phẩm này vừa vặn hoàn hảo trên mọi không gian làm việc mà vẫn đảm bảo tầm nhìn rộng rãi. Điểm nổi bật là tấm nền IPS chất lượng cao, tái tạo màu sắc sống động, độ chính xác màu sắc vượt trội và góc nhìn rộng 178 độ, giúp bạn tận hưởng hình ảnh rõ ràng từ mọi vị trí. Tần số quét 100Hz là một nâng cấp đáng giá, cung cấp các chuyển động mượt mà hơn đáng kể so với màn hình 60Hz truyền thống, đặc biệt hữu ích trong các tựa game hành động nhanh hoặc khi cuộn trang, giúp giảm hiện tượng giật lag và xé hình. Thời gian phản hồi nhanh chóng (thường là 1ms MPRT hoặc 5ms GTG) càng củng cố trải nghiệm gaming không gián đoạn. EGM25F100P còn được trang bị đầy đủ các cổng kết nối phổ biến như HDMI và DisplayPort, đảm bảo khả năng tương thích cao với nhiều thiết bị. Thiết kế viền mỏng ba cạnh mang lại vẻ ngoài hiện đại, tối ưu hóa không gian hiển thị và cho phép thiết lập đa màn hình liền mạch. Công nghệ chống nhấp nháy (Flicker-Free) và lọc ánh sáng xanh (Low Blue Light) được tích hợp để bảo vệ thị lực người dùng trong thời gian sử dụng dài. Đây là một màn hình đa năng, hiệu quả với mức giá phải chăng, phù hợp cho sinh viên, nhân viên văn phòng và game thủ muốn nâng cấp trải nghiệm của mình.',
            24, 'https://product.hstatic.net/200000722513/product/edra_egm25f100p_gearvn_23f3666fc85b40e382d46868c345e213.jpg', '2024-09-23T03:47:04+00:00',1);
        
INSERT INTO product_image (name, product_variant_id, image_url, is_main)
VALUES
    ('Ảnh 1', 668, 'https://product.hstatic.net/200000722513/product/edra_egm25f100p_gearvn_23f3666fc85b40e382d46868c345e213.jpg', TRUE),
    ('Ảnh 2', 668, 'https://product.hstatic.net/200000722513/product/533_25f100p_f0b3498df9734adba38a963a1f166630.jpg', FALSE),
    ('Ảnh 3', 668, 'https://product.hstatic.net/200000722513/product/533_25f100p_1_eea5711dc326427e90152ecb26750b44.jpg', FALSE),
    ('Ảnh 4', 668, 'https://product.hstatic.net/200000722513/product/533_25f100p_2_65089c378a124820923ee734055cbdf7.jpg', FALSE);
---
INSERT INTO product (name, seo_name, brand_id, specifications, description, created_by, image_url) 
    VALUES (
        'Màn hình Dahua DHI-LM24-A200Y 24" 100Hz', 'man-hinh-dahua-dhi-lm24-a200y-24-100hz', 57,
        '{"Nhà sản xuất": "DAHUA"}',
        'Màn hình Dahua DHI-LM24-A200Y 24\" 100Hz là lựa chọn lý tưởng cho người dùng tìm kiếm một thiết bị hiển thị cân bằng giữa hiệu suất và giá trị. Với kích thước 24 inch tiêu chuẩn, màn hình này mang lại không gian làm việc và giải trí thoải mái, không quá cồng kềnh nhưng vẫn đủ rộng rãi để đa nhiệm. Độ phân giải Full HD (1920x1080) sắc nét đảm bảo mọi hình ảnh, văn bản và video đều được hiển thị chi tiết, sống động, phục vụ tốt cho cả công việc văn phòng, duyệt web lẫn xem phim.\n\nĐiểm nổi bật của DHI-LM24-A200Y là tần số quét 100Hz. Mức tần số này cao hơn đáng kể so với các màn hình 60Hz truyền thống, mang lại trải nghiệm hình ảnh mượt mà hơn, đặc biệt rõ rệt khi cuộn trang, di chuyển chuột hoặc trong các cảnh chuyển động nhanh của trò chơi và phim ảnh. Điều này giúp giảm thiểu hiện tượng giật hình và bóng mờ, tạo cảm giác dễ chịu cho mắt khi sử dụng trong thời gian dài. Thời gian phản hồi nhanh (thường là 5ms GtG hoặc thấp hơn) càng củng cố khả năng hiển thị mượt mà, hạn chế tối đa độ trễ hình ảnh.\n\nMàn hình được trang bị tấm nền chất lượng cao (thường là IPS hoặc VA), cung cấp góc nhìn rộng lên đến 178 độ cả chiều ngang và dọc, đảm bảo màu sắc và độ sáng không bị biến đổi dù bạn nhìn từ bất kỳ vị trí nào. Công nghệ chống nhấp nháy (Flicker-Free) và chế độ lọc ánh sáng xanh thấp (Low Blue Light) tích hợp giúp bảo vệ thị lực người dùng, giảm mỏi mắt khi làm việc liên tục trước màn hình.\n\nThiết kế viền mỏng ba cạnh mang lại vẻ ngoài hiện đại, tinh tế và tối ưu không gian hiển thị, rất phù hợp cho thiết lập đa màn hình. Các cổng kết nối đa dạng như HDMI và VGA (hoặc DisplayPort) cung cấp khả năng tương thích rộng rãi với nhiều thiết bị khác nhau, từ máy tính để bàn, laptop cho đến các thiết bị giải trí.\n\nVới tất cả những tính năng này, Dahua DHI-LM24-A200Y là một lựa chọn tuyệt vời cho cả công việc và giải trí hàng ngày.',
        1, 'https://product.hstatic.net/200000722513/product/dahua_gearvn_78eaee7ab3fd4fb89aa7796875352b88.jpg'
    );
INSERT INTO product_category (product_id, category_id) VALUES (669, 16);
INSERT INTO product_variant (
        product_id, name, seo_name, supplier_id, price, price_sale, quantity, sku, model, barcode, 
        specifications, description, warranty, image_url, release_at, created_by)
        VALUES ( 669, 'Màn hình Dahua DHI-LM24-A200Y 24" 100Hz', 'man-hinh-dahua-dhi-lm24-a200y-24-100hz',
            1, 2490000, 1590000, 10, 'MAN-DAHUA-DHI-LM24-A200Y',
            'MAN-DAHUA-DHI-LM24-A200Y', 'MAN-DAHUA-DHI-LM24-A200Y',
            '{"Kích thước màn hình": "23.8 inch","Độ phân giải": "Full HD (1920 x 1080)","Tấm nền": "VA","Tần số quét": "100Hz","Thời gian phản hồi": "8ms","Độ sáng": "250 cd/m²","Tỷ lệ tương phản": "3000:1","Góc nhìn": "178° (H)/178° (V)","Cổng kết nối": "HDMI, VGA"}',
            'Màn hình Dahua DHI-LM24-A200Y 24\" 100Hz là lựa chọn lý tưởng cho người dùng tìm kiếm một thiết bị hiển thị cân bằng giữa hiệu suất và giá trị. Với kích thước 24 inch tiêu chuẩn, màn hình này mang lại không gian làm việc và giải trí thoải mái, không quá cồng kềnh nhưng vẫn đủ rộng rãi để đa nhiệm. Độ phân giải Full HD (1920x1080) sắc nét đảm bảo mọi hình ảnh, văn bản và video đều được hiển thị chi tiết, sống động, phục vụ tốt cho cả công việc văn phòng, duyệt web lẫn xem phim.\n\nĐiểm nổi bật của DHI-LM24-A200Y là tần số quét 100Hz. Mức tần số này cao hơn đáng kể so với các màn hình 60Hz truyền thống, mang lại trải nghiệm hình ảnh mượt mà hơn, đặc biệt rõ rệt khi cuộn trang, di chuyển chuột hoặc trong các cảnh chuyển động nhanh của trò chơi và phim ảnh. Điều này giúp giảm thiểu hiện tượng giật hình và bóng mờ, tạo cảm giác dễ chịu cho mắt khi sử dụng trong thời gian dài. Thời gian phản hồi nhanh (thường là 5ms GtG hoặc thấp hơn) càng củng cố khả năng hiển thị mượt mà, hạn chế tối đa độ trễ hình ảnh.\n\nMàn hình được trang bị tấm nền chất lượng cao (thường là IPS hoặc VA), cung cấp góc nhìn rộng lên đến 178 độ cả chiều ngang và dọc, đảm bảo màu sắc và độ sáng không bị biến đổi dù bạn nhìn từ bất kỳ vị trí nào. Công nghệ chống nhấp nháy (Flicker-Free) và chế độ lọc ánh sáng xanh thấp (Low Blue Light) tích hợp giúp bảo vệ thị lực người dùng, giảm mỏi mắt khi làm việc liên tục trước màn hình.\n\nThiết kế viền mỏng ba cạnh mang lại vẻ ngoài hiện đại, tinh tế và tối ưu không gian hiển thị, rất phù hợp cho thiết lập đa màn hình. Các cổng kết nối đa dạng như HDMI và VGA (hoặc DisplayPort) cung cấp khả năng tương thích rộng rãi với nhiều thiết bị khác nhau, từ máy tính để bàn, laptop cho đến các thiết bị giải trí.\n\nVới tất cả những tính năng này, Dahua DHI-LM24-A200Y là một lựa chọn tuyệt vời cho cả công việc và giải trí hàng ngày.',
            36, 'https://product.hstatic.net/200000722513/product/dahua_gearvn_78eaee7ab3fd4fb89aa7796875352b88.jpg', '2024-08-30T08:26:01+00:00',1);
        
INSERT INTO product_image (name, product_variant_id, image_url, is_main)
VALUES
    ('Ảnh 1', 669, 'https://product.hstatic.net/200000722513/product/dahua_gearvn_78eaee7ab3fd4fb89aa7796875352b88.jpg', TRUE),
    ('Ảnh 2', 669, 'https://product.hstatic.net/200000722513/product/a2_4c962c30158342ad9e54034ca81ace44.jpg', FALSE),
    ('Ảnh 3', 669, 'https://product.hstatic.net/200000722513/product/a3_146a9926e6164a048841ab0e3d5165ce.jpg', FALSE);
---
INSERT INTO product (name, seo_name, brand_id, specifications, description, created_by, image_url) 
    VALUES (
        'Màn hình LG 24GS60F-B 24" IPS 180Hz HDR10 Gsync chuyên game', 'man-hinh-lg-24gs60f-b-24-ips-180hz-hdr10-gsync-chuyen-game', 12,
        '{"Nhà sản xuất": "LG"}',
        'Màn hình LG 24GS60F-B 24\" IPS 180Hz HDR10 Gsync là một lựa chọn lý tưởng dành cho game thủ chuyên nghiệp và người dùng yêu cầu hiệu suất cao. Với kích thước 24 inch tiêu chuẩn, màn hình này mang lại trải nghiệm chơi game và làm việc tối ưu mà không chiếm quá nhiều không gian. Điểm nhấn chính là tấm nền IPS chất lượng cao, đảm bảo góc nhìn rộng, màu sắc trung thực và sống động, rất quan trọng cho cả việc thưởng thức nội dung đa phương tiện lẫn các tác vụ đòi hỏi độ chính xác màu. Tốc độ làm mới 180Hz siêu nhanh cùng thời gian phản hồi cực thấp giúp loại bỏ hiện tượng xé hình và giật lag, mang lại chuyển động mượt mà đến khó tin trong các tựa game hành động nhanh. Hỗ trợ HDR10 tăng cường độ tương phản và dải màu, giúp hình ảnh trở nên chân thực và ấn tượng hơn. Đặc biệt, công nghệ G-Sync của NVIDIA được tích hợp giúp đồng bộ hóa tốc độ khung hình giữa card đồ họa và màn hình, loại bỏ hiện tượng xé hình khó chịu, đảm bảo trải nghiệm chơi game liền mạch và không gián đoạn. Thiết kế viền mỏng cũng góp phần nâng cao trải nghiệm nhìn, giúp người dùng tập trung hoàn toàn vào nội dung hiển thị. Đây thực sự là một màn hình chuyên game đáng giá với hiệu năng vượt trội.',
        1, 'https://product.hstatic.net/200000722513/product/lg_24gs60f-b_gearvn_d49057760de2459899aa429092fc505f.jpg'
    );
INSERT INTO product_category (product_id, category_id) VALUES (670, 16);
INSERT INTO product_variant (
        product_id, name, seo_name, supplier_id, price, price_sale, quantity, sku, model, barcode, 
        specifications, description, warranty, image_url, release_at, created_by)
        VALUES ( 670, 'Màn hình LG 24GS60F-B 24" IPS 180Hz HDR10 Gsync chuyên game', 'man-hinh-lg-24gs60f-b-24-ips-180hz-hdr10-gsync-chuyen-game',
            1, 4190000, 3050000, 10, 'MAN-LG-24GS60F-B',
            'MAN-LG-24GS60F-B', 'MAN-LG-24GS60F-B',
            '{"Kích thước màn hình": "23.8 inch","Độ phân giải": "FHD 1920 x 1080","Tấm nền": "IPS","Tần số quét": "180Hz","Thời gian phản hồi": "1ms (GtG)","Độ sáng": "300 cd/m²","Tỉ lệ tương phản": "1000:1","Hỗ trợ HDR": "HDR10","Tương thích G-Sync/FreeSync": "Có","Độ phủ màu": "sRGB 99%","Cổng kết nối": "HDMI 2.0, DisplayPort 1.4, Audio 3.5mm","Tương thích ngàm VESA": "100 x 100 mm","Điều chỉnh màn hình": "Nghiêng (-5° ~ 15°)","Kích thước (có chân đế)": "540.8 x 408.9 x 180.5 mm","Kích thước (không chân đế)": "540.8 x 323.8 x 42.8 mm","Trọng lượng (không chân đế)": "3.5 kg"}',
            'Màn hình LG 24GS60F-B 24\" IPS 180Hz HDR10 Gsync là một lựa chọn lý tưởng dành cho game thủ chuyên nghiệp và người dùng yêu cầu hiệu suất cao. Với kích thước 24 inch tiêu chuẩn, màn hình này mang lại trải nghiệm chơi game và làm việc tối ưu mà không chiếm quá nhiều không gian. Điểm nhấn chính là tấm nền IPS chất lượng cao, đảm bảo góc nhìn rộng, màu sắc trung thực và sống động, rất quan trọng cho cả việc thưởng thức nội dung đa phương tiện lẫn các tác vụ đòi hỏi độ chính xác màu. Tốc độ làm mới 180Hz siêu nhanh cùng thời gian phản hồi cực thấp giúp loại bỏ hiện tượng xé hình và giật lag, mang lại chuyển động mượt mà đến khó tin trong các tựa game hành động nhanh. Hỗ trợ HDR10 tăng cường độ tương phản và dải màu, giúp hình ảnh trở nên chân thực và ấn tượng hơn. Đặc biệt, công nghệ G-Sync của NVIDIA được tích hợp giúp đồng bộ hóa tốc độ khung hình giữa card đồ họa và màn hình, loại bỏ hiện tượng xé hình khó chịu, đảm bảo trải nghiệm chơi game liền mạch và không gián đoạn. Thiết kế viền mỏng cũng góp phần nâng cao trải nghiệm nhìn, giúp người dùng tập trung hoàn toàn vào nội dung hiển thị. Đây thực sự là một màn hình chuyên game đáng giá với hiệu năng vượt trội.',
            24, 'https://product.hstatic.net/200000722513/product/lg_24gs60f-b_gearvn_d49057760de2459899aa429092fc505f.jpg', '2024-10-29T04:06:06+00:00',1);
        
INSERT INTO product_image (name, product_variant_id, image_url, is_main)
VALUES
    ('Ảnh 1', 670, 'https://product.hstatic.net/200000722513/product/lg_24gs60f-b_gearvn_d49057760de2459899aa429092fc505f.jpg', TRUE),
    ('Ảnh 2', 670, 'https://product.hstatic.net/200000722513/product/gearvn-man-hinh-lg-24gs60f-b-24-ips-180hz-hdr10-gsync-chuyen-game-1_04753716c97d46c4858e140ab7849f95.jpg', FALSE),
    ('Ảnh 3', 670, 'https://product.hstatic.net/200000722513/product/gearvn-man-hinh-lg-24gs60f-b-24-ips-180hz-hdr10-gsync-chuyen-game-2_6d320a39c6f54740b99f8ef80253f93b.jpg', FALSE),
    ('Ảnh 4', 670, 'https://product.hstatic.net/200000722513/product/gearvn-man-hinh-lg-24gs60f-b-24-ips-180hz-hdr10-gsync-chuyen-game-3_826c7e28f7264d8fa74225575fb24ce4.jpg', FALSE),
    ('Ảnh 5', 670, 'https://product.hstatic.net/200000722513/product/gearvn-man-hinh-lg-24gs60f-b-24-ips-180hz-hdr10-gsync-chuyen-game-4_9c990d5982ea41998f351807dc4f5009.jpg', FALSE),
    ('Ảnh 6', 670, 'https://product.hstatic.net/200000722513/product/gearvn-man-hinh-lg-24gs60f-b-24-ips-180hz-hdr10-gsync-chuyen-game-5_99efb8be49094136a8fe9c7e709bd5ef.jpg', FALSE),
    ('Ảnh 7', 670, 'https://product.hstatic.net/200000722513/product/gearvn-man-hinh-lg-24gs60f-b-24-ips-180hz-hdr10-gsync-chuyen-game-6_19e672767ce545669d598501a6bdc0b2.jpg', FALSE),
    ('Ảnh 8', 670, 'https://product.hstatic.net/200000722513/product/gearvn-man-hinh-lg-24gs60f-b-24-ips-180hz-hdr10-gsync-chuyen-game-7_57d1d97cd0ca4647ac094bb755d0fe51.jpg', FALSE);
---
INSERT INTO product (name, seo_name, brand_id, specifications, description, created_by, image_url) 
    VALUES (
        'Màn hình Acer EK251Q G 25" IPS 120Hz', 'man-hinh-acer-ek251q-g-25-ips-120hz', 35,
        '{"Nhà sản xuất": "Acer"}',
        'Màn hình Acer EK251Q G với kích thước 25 inch là lựa chọn lý tưởng cho cả công việc, giải trí và chơi game nhẹ. Được trang bị tấm nền IPS cao cấp, màn hình này mang lại góc nhìn rộng lên đến 178 độ, cùng khả năng tái tạo màu sắc chân thực và sống động. Dù bạn đang xem phim, chỉnh sửa ảnh hay làm việc với các bảng tính, hình ảnh hiển thị luôn rõ ràng và sắc nét.\n\nĐiểm nổi bật của Acer EK251Q G chính là tần số quét 120Hz. So với các màn hình 60Hz truyền thống, tần số quét 120Hz giúp giảm thiểu hiện tượng xé hình (tearing) và giật lag, mang lại trải nghiệm mượt mà hơn đáng kể trong các tựa game tốc độ hay khi cuộn trang web nhanh. Điều này đặc biệt hữu ích cho những game thủ muốn có lợi thế trong các trò chơi eSports hoặc chỉ đơn giản là mong muốn một trải nghiệm hình ảnh trôi chảy hơn.\n\nKích thước 25 inch cung cấp không gian hiển thị rộng rãi mà vẫn giữ được mật độ điểm ảnh tốt, đảm bảo chi tiết hình ảnh không bị vỡ. Thiết kế viền mỏng ba cạnh giúp tối ưu hóa không gian hiển thị và tạo vẻ ngoài hiện đại, thanh lịch, dễ dàng bố trí trên mọi không gian làm việc hoặc giải trí. Các cổng kết nối đa dạng như HDMI và VGA cho phép người dùng dễ dàng kết nối với nhiều thiết bị khác nhau, từ PC, laptop cho đến các console chơi game. Acer EK251Q G là sự kết hợp hoàn hảo giữa hiệu năng ổn định, chất lượng hình ảnh sắc nét và giá thành phải chăng.',
        1, 'https://product.hstatic.net/200000722513/product/acer_ek251q_g_gearvn_85e3f9993e494b3f84b9999c1024f6ef.jpg'
    );
INSERT INTO product_category (product_id, category_id) VALUES (671, 16);
INSERT INTO product_variant (
        product_id, name, seo_name, supplier_id, price, price_sale, quantity, sku, model, barcode, 
        specifications, description, warranty, image_url, release_at, created_by)
        VALUES ( 671, 'Màn hình Acer EK251Q G 25" IPS 120Hz', 'man-hinh-acer-ek251q-g-25-ips-120hz',
            1, 2590000, 2290000, 10, 'MAN-ACER-EK251Q-G',
            'MAN-ACER-EK251Q-G', 'MAN-ACER-EK251Q-G',
            '{"Tên sản phẩm": "Màn hình Acer EK251Q G","Kích thước màn hình": "25 inch","Loại tấm nền": "IPS","Tần số quét": "120Hz"}',
            'Màn hình Acer EK251Q G với kích thước 25 inch là lựa chọn lý tưởng cho cả công việc, giải trí và chơi game nhẹ. Được trang bị tấm nền IPS cao cấp, màn hình này mang lại góc nhìn rộng lên đến 178 độ, cùng khả năng tái tạo màu sắc chân thực và sống động. Dù bạn đang xem phim, chỉnh sửa ảnh hay làm việc với các bảng tính, hình ảnh hiển thị luôn rõ ràng và sắc nét.\n\nĐiểm nổi bật của Acer EK251Q G chính là tần số quét 120Hz. So với các màn hình 60Hz truyền thống, tần số quét 120Hz giúp giảm thiểu hiện tượng xé hình (tearing) và giật lag, mang lại trải nghiệm mượt mà hơn đáng kể trong các tựa game tốc độ hay khi cuộn trang web nhanh. Điều này đặc biệt hữu ích cho những game thủ muốn có lợi thế trong các trò chơi eSports hoặc chỉ đơn giản là mong muốn một trải nghiệm hình ảnh trôi chảy hơn.\n\nKích thước 25 inch cung cấp không gian hiển thị rộng rãi mà vẫn giữ được mật độ điểm ảnh tốt, đảm bảo chi tiết hình ảnh không bị vỡ. Thiết kế viền mỏng ba cạnh giúp tối ưu hóa không gian hiển thị và tạo vẻ ngoài hiện đại, thanh lịch, dễ dàng bố trí trên mọi không gian làm việc hoặc giải trí. Các cổng kết nối đa dạng như HDMI và VGA cho phép người dùng dễ dàng kết nối với nhiều thiết bị khác nhau, từ PC, laptop cho đến các console chơi game. Acer EK251Q G là sự kết hợp hoàn hảo giữa hiệu năng ổn định, chất lượng hình ảnh sắc nét và giá thành phải chăng.',
            36, 'https://product.hstatic.net/200000722513/product/acer_ek251q_g_gearvn_85e3f9993e494b3f84b9999c1024f6ef.jpg', '2025-02-03T09:31:16+00:00',1);
        
INSERT INTO product_image (name, product_variant_id, image_url, is_main)
VALUES
    ('Ảnh 1', 671, 'https://product.hstatic.net/200000722513/product/acer_ek251q_g_gearvn_85e3f9993e494b3f84b9999c1024f6ef.jpg', TRUE),
    ('Ảnh 2', 671, 'https://product.hstatic.net/200000722513/product/86162_man_hinh_acer_ek251q_g_1_a705ab9f1a034ba8ba9273eb5ad62453.jpg', FALSE),
    ('Ảnh 3', 671, 'https://product.hstatic.net/200000722513/product/86162_man_hinh_acer_ek251q_g_2_c2e3fe27e9434d9b8ae97f49c3076dbd.jpg', FALSE),
    ('Ảnh 4', 671, 'https://product.hstatic.net/200000722513/product/86162_man_hinh_acer_ek251q_g_3_85453313c5434196a120c9737d910099.jpg', FALSE),
    ('Ảnh 5', 671, 'https://product.hstatic.net/200000722513/product/86162_man_hinh_acer_ek251q_g_4_b8be7152301b4f3b80ab471659bf432e.jpg', FALSE),
    ('Ảnh 6', 671, 'https://product.hstatic.net/200000722513/product/86162_man_hinh_acer_ek251q_g_5_22a4e07d07df478697aec9a3dbf5a3b0.jpg', FALSE);
---
INSERT INTO product (name, seo_name, brand_id, specifications, description, created_by, image_url) 
    VALUES (
        'Màn hình thông minh LG 25SR50F-W 25" IPS webOS', 'man-hinh-thong-minh-lg-25sr50f-w-25-ips-webos', 12,
        '{"Nhà sản xuất": "LG"}',
        'Màn hình thông minh LG 25SR50F-W 25\" IPS webOS là một giải pháp giải trí và làm việc đa năng, tích hợp nhiều tính năng thông minh trong một thiết kế hiện đại. Với kích thước 25 inch và tấm nền IPS cao cấp, màn hình này mang lại trải nghiệm hình ảnh sống động, màu sắc chân thực và góc nhìn rộng, đảm bảo mọi chi tiết hiển thị rõ nét từ hầu hết mọi vị trí. Độ phân giải tối ưu giúp tái tạo hình ảnh sắc nét, phù hợp cho cả công việc văn phòng, xem phim hay lướt web. Điểm nổi bật nhất của LG 25SR50F-W chính là việc tích hợp hệ điều hành webOS thông minh, biến chiếc màn hình này thành một trung tâm giải trí đa phương tiện độc lập. Người dùng có thể dễ dàng truy cập vào các ứng dụng giải trí phổ biến như Netflix, YouTube, Disney+, Spotify mà không cần kết nối với máy tính hay thiết bị ngoại vi nào khác. Khả năng kết nối Wi-Fi và Bluetooth tích hợp mở rộng tùy chọn sử dụng, cho phép bạn truyền tải nội dung không dây từ điện thoại hoặc kết nối với các thiết bị âm thanh Bluetooth. Ngoài ra, màn hình còn hỗ trợ các cổng kết nối đa dạng, giúp dễ dàng kết nối với laptop, PC hoặc các thiết bị chơi game. Thiết kế viền mỏng không chỉ tăng tính thẩm mỹ mà còn tối ưu hóa không gian hiển thị, mang lại trải nghiệm xem đắm chìm hơn. LG 25SR50F-W không chỉ là một màn hình hiển thị mà còn là một trợ thủ đắc lực cho công việc và một trung tâm giải trí tuyệt vời cho gia đình bạn.',
        1, 'https://product.hstatic.net/200000722513/product/lg_25sr50f-w_smart_gearvn_a394df40aaf54fbab93da6ca9bf36bf2.jpg'
    );
INSERT INTO product_category (product_id, category_id) VALUES (672, 16);
INSERT INTO product_variant (
        product_id, name, seo_name, supplier_id, price, price_sale, quantity, sku, model, barcode, 
        specifications, description, warranty, image_url, release_at, created_by)
        VALUES ( 672, 'Màn hình thông minh LG 25SR50F-W 25" IPS webOS', 'man-hinh-thong-minh-lg-25sr50f-w-25-ips-webos',
            1, 5190000, 2890000, 10, 'MAN-LG-25SR50F-W',
            'MAN-LG-25SR50F-W', 'MAN-LG-25SR50F-W',
            '{"Tên sản phẩm": "Màn hình thông minh LG 25SR50F-W","Kích thước màn hình": "24.5 inch","Loại màn hình": "Màn hình thông minh, Màn hình phẳng","Tấm nền": "IPS","Độ phân giải": "Full HD (1920 x 1080)","Tần số quét": "60Hz","Thời gian phản hồi": "8ms (GtG)","Tỷ lệ màn hình": "16:9","Không gian màu": "72% NTSC","Độ sáng": "300 nit (typ.)","Hệ điều hành": "webOS","Kết nối": "2 x HDMI 1.4, 2 x USB-A, 1 x Audio 3.5mm, Bluetooth, Wi-Fi","Loa tích hợp": "2 loa 5W","Tính năng bổ sung": "AirPlay 2, Chia sẻ màn hình, Điều khiển từ xa Magic, Hỗ trợ HDR 10, Trợ lý AI, Chơi game trên đám mây, Theo dõi thể thao cá nhân hóa","Khử nhấp nháy": "Có","Tương thích VESA": "100 x 100 mm","Bảo hành": "24 tháng","Phụ kiện đi kèm": "Cáp nguồn, cáp HDMI, Remote Controller"}',
            'Màn hình thông minh LG 25SR50F-W 25\" IPS webOS là một giải pháp giải trí và làm việc đa năng, tích hợp nhiều tính năng thông minh trong một thiết kế hiện đại. Với kích thước 25 inch và tấm nền IPS cao cấp, màn hình này mang lại trải nghiệm hình ảnh sống động, màu sắc chân thực và góc nhìn rộng, đảm bảo mọi chi tiết hiển thị rõ nét từ hầu hết mọi vị trí. Độ phân giải tối ưu giúp tái tạo hình ảnh sắc nét, phù hợp cho cả công việc văn phòng, xem phim hay lướt web. Điểm nổi bật nhất của LG 25SR50F-W chính là việc tích hợp hệ điều hành webOS thông minh, biến chiếc màn hình này thành một trung tâm giải trí đa phương tiện độc lập. Người dùng có thể dễ dàng truy cập vào các ứng dụng giải trí phổ biến như Netflix, YouTube, Disney+, Spotify mà không cần kết nối với máy tính hay thiết bị ngoại vi nào khác. Khả năng kết nối Wi-Fi và Bluetooth tích hợp mở rộng tùy chọn sử dụng, cho phép bạn truyền tải nội dung không dây từ điện thoại hoặc kết nối với các thiết bị âm thanh Bluetooth. Ngoài ra, màn hình còn hỗ trợ các cổng kết nối đa dạng, giúp dễ dàng kết nối với laptop, PC hoặc các thiết bị chơi game. Thiết kế viền mỏng không chỉ tăng tính thẩm mỹ mà còn tối ưu hóa không gian hiển thị, mang lại trải nghiệm xem đắm chìm hơn. LG 25SR50F-W không chỉ là một màn hình hiển thị mà còn là một trợ thủ đắc lực cho công việc và một trung tâm giải trí tuyệt vời cho gia đình bạn.',
            24, 'https://product.hstatic.net/200000722513/product/lg_25sr50f-w_smart_gearvn_a394df40aaf54fbab93da6ca9bf36bf2.jpg', '2024-08-01T06:38:00+00:00',1);
        
INSERT INTO product_image (name, product_variant_id, image_url, is_main)
VALUES
    ('Ảnh 1', 672, 'https://product.hstatic.net/200000722513/product/lg_25sr50f-w_smart_gearvn_a394df40aaf54fbab93da6ca9bf36bf2.jpg', TRUE),
    ('Ảnh 2', 672, 'https://product.hstatic.net/200000722513/product/large01_3244dfe4f18f40efbf75c182dba7ba35.jpg', FALSE),
    ('Ảnh 3', 672, 'https://product.hstatic.net/200000722513/product/large02_673c5d4bcd8b45299484e4986fff29f3.jpg', FALSE),
    ('Ảnh 4', 672, 'https://product.hstatic.net/200000722513/product/large04_9748a1d2b66e4dd0bb96a0551f799b0c.jpg', FALSE),
    ('Ảnh 5', 672, 'https://product.hstatic.net/200000722513/product/large05_65542c2600e44bc19568e407cfcac343.jpg', FALSE),
    ('Ảnh 6', 672, 'https://product.hstatic.net/200000722513/product/large07_a46ccd8f9ed34606982cc56f5e69dc57.jpg', FALSE),
    ('Ảnh 7', 672, 'https://product.hstatic.net/200000722513/product/large08_62e12ce84c534ba9bf43e813f11f3f14.jpg', FALSE);
---
INSERT INTO product (name, seo_name, brand_id, specifications, description, created_by, image_url) 
    VALUES (
        'Màn hình Lenovo L24i-4A 24" IPS 100Hz', 'man-hinh-lenovo-l24i-4a-24-ips-100hz', 34,
        '{"Nhà sản xuất": "Lenovo"}',
        'Màn hình Lenovo L24i-4A là lựa chọn lý tưởng cho mọi nhu cầu làm việc, giải trí và học tập tại nhà, mang đến trải nghiệm hình ảnh mượt mà và sống động. Với kích thước 24 inch tiêu chuẩn, màn hình này tối ưu hóa không gian làm việc mà vẫn đảm bảo tầm nhìn rộng rãi. Tấm nền IPS cao cấp là điểm nhấn, cho phép người dùng thưởng thức màu sắc chính xác, rực rỡ và góc nhìn siêu rộng lên đến 178 độ, loại bỏ hiện tượng biến đổi màu sắc dù nhìn từ bất kỳ vị trí nào. Độ phân giải Full HD (1920x1080) sắc nét hiển thị mọi chi tiết một cách rõ ràng, phù hợp cho cả công việc văn phòng đòi hỏi độ chính xác cao hay thưởng thức các bộ phim giải trí. Đặc biệt, tần số quét 100Hz mang lại sự khác biệt đáng kể so với màn hình 60Hz truyền thống, giúp chuyển động trên màn hình mượt mà hơn, giảm thiểu hiện tượng giật hình hay xé hình, rất hữu ích khi xem video hành động hay chơi game giải trí nhẹ. Thiết kế hiện đại với viền mỏng \"NearEdgeless\" ở ba cạnh không chỉ tăng cường tính thẩm mỹ mà còn tối ưu hóa trải nghiệm đa màn hình liền mạch. Chân đế kim loại chắc chắn, thanh lịch không chiếm nhiều diện tích, đồng thời hỗ trợ điều chỉnh độ nghiêng linh hoạt để tìm được góc nhìn thoải mái nhất. Màn hình còn được trang bị công nghệ bảo vệ mắt TÜV Rheinland Low Blue Light, giúp giảm thiểu ánh sáng xanh có hại, bảo vệ đôi mắt khỏi mỏi mệt trong thời gian dài sử dụng. Các cổng kết nối đa dạng như HDMI và VGA đảm bảo khả năng tương thích rộng rãi với nhiều thiết bị. Lenovo L24i-4A thực sự là một khoản đầu tư xứng đáng cho một không gian làm việc và giải trí hiện đại, hiệu quả.',
        1, 'https://product.hstatic.net/200000722513/product/lenovo_l24i-4a_gearvn_2c4ff441ee464a3384abb4bb7d523da4.jpg'
    );
INSERT INTO product_category (product_id, category_id) VALUES (673, 16);
INSERT INTO product_variant (
        product_id, name, seo_name, supplier_id, price, price_sale, quantity, sku, model, barcode, 
        specifications, description, warranty, image_url, release_at, created_by)
        VALUES ( 673, 'Màn hình Lenovo L24i-4A 24" IPS 100Hz', 'man-hinh-lenovo-l24i-4a-24-ips-100hz',
            1, 2990000, 2490000, 10, 'MAN-LEN-L24I-4A',
            'MAN-LEN-L24I-4A', 'MAN-LEN-L24I-4A',
            '{"Tên sản phẩm": "Lenovo L24i-4A","Kích thước màn hình": "23.8 inch","Loại màn hình": "Phẳng","Tấm nền": "IPS","Độ phân giải": "Full HD (1920 x 1080)","Tần số quét": "100Hz","Thời gian phản hồi": "1ms (MPRT@100Hz) / 4ms (Extreme Mode)","Độ sáng": "250 cd/m²","Độ tương phản": "1500:1 (typical)","Tỷ lệ khung hình": "16:9","Góc nhìn": "178° (H)/ 178° (V)","Độ phủ màu": "99% sRGB","Số màu hỗ trợ": "16.7 triệu màu","Cổng kết nối": "1 x HDMI 1.4, 1 x VGA, 1 x Audio Out (3.5mm)","Loa tích hợp": "2 x 3W","Công nghệ": "AMD FreeSync™, Natural Low Blue Light","Nguồn điện": "Internal Power Supply","Kích thước (có chân đế)": "539.8 x 407.9 x 170.0 mm","Trọng lượng (có chân đế)": "3.84 kg","Chuẩn VESA": "100 x 100 mm","Màu sắc": "Cloud Grey / Raven Black"}',
            'Màn hình Lenovo L24i-4A là lựa chọn lý tưởng cho mọi nhu cầu làm việc, giải trí và học tập tại nhà, mang đến trải nghiệm hình ảnh mượt mà và sống động. Với kích thước 24 inch tiêu chuẩn, màn hình này tối ưu hóa không gian làm việc mà vẫn đảm bảo tầm nhìn rộng rãi. Tấm nền IPS cao cấp là điểm nhấn, cho phép người dùng thưởng thức màu sắc chính xác, rực rỡ và góc nhìn siêu rộng lên đến 178 độ, loại bỏ hiện tượng biến đổi màu sắc dù nhìn từ bất kỳ vị trí nào. Độ phân giải Full HD (1920x1080) sắc nét hiển thị mọi chi tiết một cách rõ ràng, phù hợp cho cả công việc văn phòng đòi hỏi độ chính xác cao hay thưởng thức các bộ phim giải trí. Đặc biệt, tần số quét 100Hz mang lại sự khác biệt đáng kể so với màn hình 60Hz truyền thống, giúp chuyển động trên màn hình mượt mà hơn, giảm thiểu hiện tượng giật hình hay xé hình, rất hữu ích khi xem video hành động hay chơi game giải trí nhẹ. Thiết kế hiện đại với viền mỏng \"NearEdgeless\" ở ba cạnh không chỉ tăng cường tính thẩm mỹ mà còn tối ưu hóa trải nghiệm đa màn hình liền mạch. Chân đế kim loại chắc chắn, thanh lịch không chiếm nhiều diện tích, đồng thời hỗ trợ điều chỉnh độ nghiêng linh hoạt để tìm được góc nhìn thoải mái nhất. Màn hình còn được trang bị công nghệ bảo vệ mắt TÜV Rheinland Low Blue Light, giúp giảm thiểu ánh sáng xanh có hại, bảo vệ đôi mắt khỏi mỏi mệt trong thời gian dài sử dụng. Các cổng kết nối đa dạng như HDMI và VGA đảm bảo khả năng tương thích rộng rãi với nhiều thiết bị. Lenovo L24i-4A thực sự là một khoản đầu tư xứng đáng cho một không gian làm việc và giải trí hiện đại, hiệu quả.',
            36, 'https://product.hstatic.net/200000722513/product/lenovo_l24i-4a_gearvn_2c4ff441ee464a3384abb4bb7d523da4.jpg', '2024-11-26T03:11:53+00:00',1);
        
INSERT INTO product_image (name, product_variant_id, image_url, is_main)
VALUES
    ('Ảnh 1', 673, 'https://product.hstatic.net/200000722513/product/lenovo_l24i-4a_gearvn_2c4ff441ee464a3384abb4bb7d523da4.jpg', TRUE),
    ('Ảnh 2', 673, 'https://product.hstatic.net/200000722513/product/lenovo_l24i_4a_ct2_01_94c67ea88e0647108d17d31f0c0e482e.jpg', FALSE),
    ('Ảnh 3', 673, 'https://product.hstatic.net/200000722513/product/lenovo_l24i_4a_ct2_02_ae5594dd48f646cfb412ebbbd0dbbf30.jpg', FALSE),
    ('Ảnh 4', 673, 'https://product.hstatic.net/200000722513/product/lenovo_l24i_4a_ct2_03_e0cf055d0ef1402faa8dc2682cae73b2.jpg', FALSE),
    ('Ảnh 5', 673, 'https://product.hstatic.net/200000722513/product/lenovo_l24i_4a_ct2_04_60048f1baa2d4c1e89c05d63a10aa6cf.jpg', FALSE),
    ('Ảnh 6', 673, 'https://product.hstatic.net/200000722513/product/lenovo_l24i_4a_ct2_05_97bdcc5993ea4352922a5cfe2d9ce620.jpg', FALSE);
---
INSERT INTO product (name, seo_name, brand_id, specifications, description, created_by, image_url) 
    VALUES (
        'Màn hình E-DRA EGM24F100H 24" IPS 100Hz', 'man-hinh-e-dra-egm24f100h-24-ips-100hz', 23,
        '{"Nhà sản xuất": "EDRA"}',
        'Màn hình E-DRA EGM24F100H là một lựa chọn tuyệt vời cho người dùng tìm kiếm sự cân bằng giữa hiệu năng làm việc và giải trí với mức giá phải chăng. Với kích thước 24 inch tiêu chuẩn, sản phẩm này mang lại không gian hiển thị vừa đủ rộng rãi mà không chiếm quá nhiều diện tích bàn làm việc. Điểm nổi bật nhất của EGM24F100H là tấm nền IPS cao cấp, cung cấp màu sắc sống động, chân thực và góc nhìn rộng 178 độ, đảm bảo hình ảnh không bị biến đổi dù bạn nhìn từ bất kỳ góc độ nào. Điều này đặc biệt hữu ích cho các công việc đòi hỏi độ chính xác màu sắc hoặc khi xem phim, chơi game cùng bạn bè. Độ phân giải Full HD (1920x1080) sắc nét hiển thị mọi chi tiết rõ ràng, từ văn bản, bảng tính cho đến các tựa game đồ họa phức tạp. Tần số quét 100Hz là một nâng cấp đáng giá so với các màn hình 60Hz truyền thống, mang lại trải nghiệm hình ảnh mượt mà hơn đáng kể, giảm thiểu hiện tượng xé hình (tearing) và giật lag (stuttering) trong các cảnh chuyển động nhanh. Điều này giúp game thủ có lợi thế phản ứng nhanh hơn trong các tựa game hành động và mang lại cảm giác dễ chịu hơn khi cuộn trang hay làm việc hàng ngày. Màn hình cũng được trang bị các cổng kết nối phổ biến như HDMI và DisplayPort, tương thích dễ dàng với nhiều thiết bị. Thiết kế viền mỏng ba cạnh không chỉ tạo vẻ ngoài hiện đại, tinh tế mà còn tối ưu không gian hiển thị, lý tưởng cho việc thiết lập đa màn hình. Ngoài ra, E-DRA EGM24F100H còn tích hợp các công nghệ bảo vệ mắt như Low Blue Light và Flicker-Free, giúp giảm mỏi mắt khi sử dụng trong thời gian dài, đảm bảo sức khỏe thị giác cho người dùng. Đây là một chiếc màn hình đa năng, phù hợp cho cả nhu cầu làm việc, học tập và giải trí.',
        1, 'https://product.hstatic.net/200000722513/product/edra_egm24f100h_gearvn_2c67262ed2cc428f9f76f9dab6c6b242.jpg'
    );
INSERT INTO product_category (product_id, category_id) VALUES (674, 16);
INSERT INTO product_variant (
        product_id, name, seo_name, supplier_id, price, price_sale, quantity, sku, model, barcode, 
        specifications, description, warranty, image_url, release_at, created_by)
        VALUES ( 674, 'Màn hình E-DRA EGM24F100H 24" IPS 100Hz', 'man-hinh-e-dra-egm24f100h-24-ips-100hz',
            1, 2490000, 1790000, 10, 'MAN-EDRA-EGM24F100H',
            'MAN-EDRA-EGM24F100H', 'MAN-EDRA-EGM24F100H',
            '{"Tên sản phẩm": "Màn hình E-DRA EGM24F100H","Kích thước màn hình": "24 inch","Loại tấm nền": "IPS","Tần số quét": "100Hz"}',
            'Màn hình E-DRA EGM24F100H là một lựa chọn tuyệt vời cho người dùng tìm kiếm sự cân bằng giữa hiệu năng làm việc và giải trí với mức giá phải chăng. Với kích thước 24 inch tiêu chuẩn, sản phẩm này mang lại không gian hiển thị vừa đủ rộng rãi mà không chiếm quá nhiều diện tích bàn làm việc. Điểm nổi bật nhất của EGM24F100H là tấm nền IPS cao cấp, cung cấp màu sắc sống động, chân thực và góc nhìn rộng 178 độ, đảm bảo hình ảnh không bị biến đổi dù bạn nhìn từ bất kỳ góc độ nào. Điều này đặc biệt hữu ích cho các công việc đòi hỏi độ chính xác màu sắc hoặc khi xem phim, chơi game cùng bạn bè. Độ phân giải Full HD (1920x1080) sắc nét hiển thị mọi chi tiết rõ ràng, từ văn bản, bảng tính cho đến các tựa game đồ họa phức tạp. Tần số quét 100Hz là một nâng cấp đáng giá so với các màn hình 60Hz truyền thống, mang lại trải nghiệm hình ảnh mượt mà hơn đáng kể, giảm thiểu hiện tượng xé hình (tearing) và giật lag (stuttering) trong các cảnh chuyển động nhanh. Điều này giúp game thủ có lợi thế phản ứng nhanh hơn trong các tựa game hành động và mang lại cảm giác dễ chịu hơn khi cuộn trang hay làm việc hàng ngày. Màn hình cũng được trang bị các cổng kết nối phổ biến như HDMI và DisplayPort, tương thích dễ dàng với nhiều thiết bị. Thiết kế viền mỏng ba cạnh không chỉ tạo vẻ ngoài hiện đại, tinh tế mà còn tối ưu không gian hiển thị, lý tưởng cho việc thiết lập đa màn hình. Ngoài ra, E-DRA EGM24F100H còn tích hợp các công nghệ bảo vệ mắt như Low Blue Light và Flicker-Free, giúp giảm mỏi mắt khi sử dụng trong thời gian dài, đảm bảo sức khỏe thị giác cho người dùng. Đây là một chiếc màn hình đa năng, phù hợp cho cả nhu cầu làm việc, học tập và giải trí.',
            24, 'https://product.hstatic.net/200000722513/product/edra_egm24f100h_gearvn_2c67262ed2cc428f9f76f9dab6c6b242.jpg', '2024-09-23T03:45:45+00:00',1);
        
INSERT INTO product_image (name, product_variant_id, image_url, is_main)
VALUES
    ('Ảnh 1', 674, 'https://product.hstatic.net/200000722513/product/edra_egm24f100h_gearvn_2c67262ed2cc428f9f76f9dab6c6b242.jpg', TRUE),
    ('Ảnh 2', 674, 'https://product.hstatic.net/200000722513/product/530_24f100h_1_0495882ee2d940029be6d49f5b90d433.jpg', FALSE),
    ('Ảnh 3', 674, 'https://product.hstatic.net/200000722513/product/530_24f100h_3_d3f1803dad5e474e8b5301db3065c17d.jpg', FALSE),
    ('Ảnh 4', 674, 'https://product.hstatic.net/200000722513/product/530_24f100h_4_104f3426d45e4bd1b430e415cae47b21.jpg', FALSE),
    ('Ảnh 5', 674, 'https://product.hstatic.net/200000722513/product/530_24f100h_5_4c3f222b714e45a38a7bc8cdbbadc090.jpg', FALSE);
---
INSERT INTO product (name, seo_name, brand_id, specifications, description, created_by, image_url) 
    VALUES (
        'Màn hình MSI PRO MP251 E2 25" IPS 120Hz', 'man-hinh-msi-pro-mp251-e2-25-ips-120hz', 52,
        '{"Nhà sản xuất": "MSI"}',
        'Màn hình MSI PRO MP251 E2 25\" IPS 120Hz là một lựa chọn lý tưởng cho cả công việc và giải trí, mang đến trải nghiệm hình ảnh mượt mà và sắc nét. Với kích thước 25 inch, màn hình này cung cấp không gian hiển thị rộng rãi, giúp bạn dễ dàng làm việc với nhiều cửa sổ cùng lúc hoặc đắm chìm vào các bộ phim và trò chơi yêu thích. Tấm nền IPS cao cấp đảm bảo góc nhìn rộng 178 độ, giữ cho màu sắc và độ tương phản nhất quán dù bạn nhìn từ bất kỳ vị trí nào. Màn hình tái tạo màu sắc chính xác và sống động, rất phù hợp cho các tác vụ đòi hỏi độ chuẩn màu như chỉnh sửa ảnh hay thiết kế đồ họa. Điểm nổi bật là tần số quét 120Hz, mang lại sự mượt mà vượt trội so với các màn hình 60Hz truyền thống, đặc biệt hữu ích khi xem video hành động nhanh hoặc chơi game, giảm thiểu hiện tượng xé hình và giật lag. Màn hình MSI PRO MP251 E2 còn tích hợp công nghệ Eye-Care của MSI, bao gồm khả năng chống nhấp nháy (Anti-Flicker) và chế độ lọc ánh sáng xanh (Less Blue Light), giúp bảo vệ mắt bạn khỏi mỏi và căng thẳng khi sử dụng trong thời gian dài, nâng cao hiệu quả làm việc và giải trí. Thiết kế tối giản, viền mỏng ba cạnh không chỉ tạo nên vẻ ngoài hiện đại mà còn tối ưu hóa không gian hiển thị, rất phù hợp cho thiết lập đa màn hình. Cổng kết nối đa dạng như HDMI và DisplayPort đảm bảo khả năng tương thích cao với nhiều thiết bị. Đây là một sự đầu tư xứng đáng cho bất kỳ ai tìm kiếm một màn hình đa năng, hiệu suất cao và chú trọng đến sức khỏe người dùng.',
        1, 'https://product.hstatic.net/200000722513/product/msi_mp251_e2_gearvn_a7b529f73a96430ab1079fab4ea58502.jpg'
    );
INSERT INTO product_category (product_id, category_id) VALUES (675, 16);
INSERT INTO product_variant (
        product_id, name, seo_name, supplier_id, price, price_sale, quantity, sku, model, barcode, 
        specifications, description, warranty, image_url, release_at, created_by)
        VALUES ( 675, 'Màn hình MSI PRO MP251 E2 25" IPS 120Hz', 'man-hinh-msi-pro-mp251-e2-25-ips-120hz',
            1, 2990000, 2190000, 10, 'MAN-MSI-PRO-MP251-E2',
            'MAN-MSI-PRO-MP251-E2', 'MAN-MSI-PRO-MP251-E2',
            '{"Kích thước màn hình": "24.5 inch","Loại màn hình": "Phẳng","Tấm nền": "IPS","Độ phân giải": "Full HD (1920 x 1080)","Tần số quét": "120 Hz","Thời gian phản hồi": "1ms (MPRT) / 4ms (GTG)","Không gian màu": "sRGB 99%","Độ sáng": "300 cd/m2","Tỷ lệ màn hình": "16:9","Góc nhìn (H/V)": "178°/178°","Tỷ lệ tương phản tĩnh": "1500:1","Số màu hiển thị": "16.7 triệu màu","Công nghệ màn hình": "IPS Grade Panel, Adaptive Sync, EyesErgo, Anti-Glare","Cổng kết nối": "1 x HDMI™ 2.0, 1 x DisplayPort 1.4a, 1 x D-Sub (VGA), 1 x Headphone-out, 1 x Line-in","Loa tích hợp": "Có (2x 2W)","Chuẩn VESA": "100 x 100 mm","Nguồn": "Bộ chuyển đổi ngoài 12V 2.5A","Điện áp đầu vào": "100~240V, 50~60Hz","Kích thước (W x H x D)": "556.89 x 413.91 x 188.2 mm","Trọng lượng (NW / GW)": "2.7 kg / 4.9 kg","Chứng chỉ": "CB/CE Energy Star","Tính năng khác": "Thiết kế PerfectEdge (viền 4 cạnh siêu mỏng), Kensington Lock, Eye-Q Check"}',
            'Màn hình MSI PRO MP251 E2 25\" IPS 120Hz là một lựa chọn lý tưởng cho cả công việc và giải trí, mang đến trải nghiệm hình ảnh mượt mà và sắc nét. Với kích thước 25 inch, màn hình này cung cấp không gian hiển thị rộng rãi, giúp bạn dễ dàng làm việc với nhiều cửa sổ cùng lúc hoặc đắm chìm vào các bộ phim và trò chơi yêu thích. Tấm nền IPS cao cấp đảm bảo góc nhìn rộng 178 độ, giữ cho màu sắc và độ tương phản nhất quán dù bạn nhìn từ bất kỳ vị trí nào. Màn hình tái tạo màu sắc chính xác và sống động, rất phù hợp cho các tác vụ đòi hỏi độ chuẩn màu như chỉnh sửa ảnh hay thiết kế đồ họa. Điểm nổi bật là tần số quét 120Hz, mang lại sự mượt mà vượt trội so với các màn hình 60Hz truyền thống, đặc biệt hữu ích khi xem video hành động nhanh hoặc chơi game, giảm thiểu hiện tượng xé hình và giật lag. Màn hình MSI PRO MP251 E2 còn tích hợp công nghệ Eye-Care của MSI, bao gồm khả năng chống nhấp nháy (Anti-Flicker) và chế độ lọc ánh sáng xanh (Less Blue Light), giúp bảo vệ mắt bạn khỏi mỏi và căng thẳng khi sử dụng trong thời gian dài, nâng cao hiệu quả làm việc và giải trí. Thiết kế tối giản, viền mỏng ba cạnh không chỉ tạo nên vẻ ngoài hiện đại mà còn tối ưu hóa không gian hiển thị, rất phù hợp cho thiết lập đa màn hình. Cổng kết nối đa dạng như HDMI và DisplayPort đảm bảo khả năng tương thích cao với nhiều thiết bị. Đây là một sự đầu tư xứng đáng cho bất kỳ ai tìm kiếm một màn hình đa năng, hiệu suất cao và chú trọng đến sức khỏe người dùng.',
            24, 'https://product.hstatic.net/200000722513/product/msi_mp251_e2_gearvn_a7b529f73a96430ab1079fab4ea58502.jpg', '2024-08-12T01:17:09+00:00',1);
        
INSERT INTO product_image (name, product_variant_id, image_url, is_main)
VALUES
    ('Ảnh 1', 675, 'https://product.hstatic.net/200000722513/product/msi_mp251_e2_gearvn_a7b529f73a96430ab1079fab4ea58502.jpg', TRUE),
    ('Ảnh 2', 675, 'https://product.hstatic.net/200000722513/product/1024__1__795a0caf9ddb49519dfb3dc96bc4b955.png', FALSE),
    ('Ảnh 3', 675, 'https://product.hstatic.net/200000722513/product/1024__2__973bc988b2a047c7a8e6e937b4be6f02.png', FALSE),
    ('Ảnh 4', 675, 'https://product.hstatic.net/200000722513/product/1024__3__82f457fac8cd4aa983a342fb79c25c02.png', FALSE),
    ('Ảnh 5', 675, 'https://product.hstatic.net/200000722513/product/1024_d26db129f25a4a29b6ac7c8f370a358f.png', FALSE),
    ('Ảnh 6', 675, 'https://product.hstatic.net/200000722513/product/product_1722499638d2490e12db8fdb83105e803208e107e3_6f36896a95b4498a8908afdaad09468e.png', FALSE);
---
INSERT INTO product (name, seo_name, brand_id, specifications, description, created_by, image_url) 
    VALUES (
        'Màn hình ASUS ROG Strix XG259CMS 25" Fast IPS 310Hz 1ms G-Sync', 'man-hinh-asus-rog-strix-xg259cms-25-fast-ips-310hz-1ms-g-sync', 3,
        '{"Nhà sản xuất": "ASUS"}',
        'Màn hình ASUS ROG Strix XG259CMS 25\" Fast IPS 310Hz 1ms G-Sync là một kiệt tác công nghệ dành cho game thủ chuyên nghiệp và những ai khao khát trải nghiệm gaming đỉnh cao. Với kích thước 25 inch, màn hình này cung cấp không gian hiển thị lý tưởng để tập trung hoàn toàn vào trận đấu mà không bị phân tâm. Tấm nền Fast IPS tiên tiến mang lại màu sắc sống động, độ tương phản tuyệt vời cùng góc nhìn rộng, đảm bảo mọi chi tiết trên màn hình đều sắc nét và trung thực. Điểm nhấn vượt trội là tần số quét siêu tốc 310Hz, giúp loại bỏ hoàn toàn hiện tượng xé hình và giật lag, mang đến hình ảnh mượt mà đến khó tin ngay cả trong những pha hành động nhanh nhất. Kết hợp với thời gian phản hồi cực nhanh 1ms (GTG), XG259CMS đảm bảo mọi thao tác của bạn được thực hiện tức thì, tạo lợi thế quyết định trong các tựa game Esport. Công nghệ G-Sync giúp đồng bộ hóa tần số quét của màn hình với card đồ họa NVIDIA, loại bỏ hiện tượng giật hình và xé hình, đảm bảo trải nghiệm chơi game liền mạch và chân thực nhất. Thiết kế ROG Strix mạnh mẽ, cùng với các tính năng công thái học tiên tiến như điều chỉnh độ cao, xoay, nghiêng và trục đứng, cho phép bạn tìm được vị trí xem thoải mái nhất. Các cổng kết nối đa dạng cũng giúp dễ dàng kết nối với các thiết bị khác. Đây thực sự là lựa chọn hoàn hảo để nâng tầm đẳng cấp gaming của bạn.',
        1, 'https://product.hstatic.net/200000722513/product/asus_xg259cms_gearvn_6c2308acee8a467d96ea13b8ac20c5f8.jpg'
    );
INSERT INTO product_category (product_id, category_id) VALUES (676, 16);
INSERT INTO product_variant (
        product_id, name, seo_name, supplier_id, price, price_sale, quantity, sku, model, barcode, 
        specifications, description, warranty, image_url, release_at, created_by)
        VALUES ( 676, 'Màn hình ASUS ROG Strix XG259CMS 25" Fast IPS 310Hz 1ms G-Sync', 'man-hinh-asus-rog-strix-xg259cms-25-fast-ips-310hz-1ms-g-sync',
            1, 8490000, 7590000, 10, 'MAN-ASU-XG259CMS',
            'MAN-ASU-XG259CMS', 'MAN-ASU-XG259CMS',
            '{"Tên sản phẩm": "ASUS ROG Strix XG259CMS","Kích thước màn hình": "25 inch","Loại tấm nền": "Fast IPS","Tần số quét": "310Hz","Thời gian phản hồi": "1ms","Công nghệ đồng bộ": "G-Sync Compatible"}',
            'Màn hình ASUS ROG Strix XG259CMS 25\" Fast IPS 310Hz 1ms G-Sync là một kiệt tác công nghệ dành cho game thủ chuyên nghiệp và những ai khao khát trải nghiệm gaming đỉnh cao. Với kích thước 25 inch, màn hình này cung cấp không gian hiển thị lý tưởng để tập trung hoàn toàn vào trận đấu mà không bị phân tâm. Tấm nền Fast IPS tiên tiến mang lại màu sắc sống động, độ tương phản tuyệt vời cùng góc nhìn rộng, đảm bảo mọi chi tiết trên màn hình đều sắc nét và trung thực. Điểm nhấn vượt trội là tần số quét siêu tốc 310Hz, giúp loại bỏ hoàn toàn hiện tượng xé hình và giật lag, mang đến hình ảnh mượt mà đến khó tin ngay cả trong những pha hành động nhanh nhất. Kết hợp với thời gian phản hồi cực nhanh 1ms (GTG), XG259CMS đảm bảo mọi thao tác của bạn được thực hiện tức thì, tạo lợi thế quyết định trong các tựa game Esport. Công nghệ G-Sync giúp đồng bộ hóa tần số quét của màn hình với card đồ họa NVIDIA, loại bỏ hiện tượng giật hình và xé hình, đảm bảo trải nghiệm chơi game liền mạch và chân thực nhất. Thiết kế ROG Strix mạnh mẽ, cùng với các tính năng công thái học tiên tiến như điều chỉnh độ cao, xoay, nghiêng và trục đứng, cho phép bạn tìm được vị trí xem thoải mái nhất. Các cổng kết nối đa dạng cũng giúp dễ dàng kết nối với các thiết bị khác. Đây thực sự là lựa chọn hoàn hảo để nâng tầm đẳng cấp gaming của bạn.',
            36, 'https://product.hstatic.net/200000722513/product/asus_xg259cms_gearvn_6c2308acee8a467d96ea13b8ac20c5f8.jpg', '2024-07-23T09:42:44+00:00',1);
        
INSERT INTO product_image (name, product_variant_id, image_url, is_main)
VALUES
    ('Ảnh 1', 676, 'https://product.hstatic.net/200000722513/product/asus_xg259cms_gearvn_6c2308acee8a467d96ea13b8ac20c5f8.jpg', TRUE),
    ('Ảnh 2', 676, 'https://product.hstatic.net/200000722513/product/asus_xg259cms_gearvn_8f80f35f7b154031b67aa1a74272c508.jpg', FALSE),
    ('Ảnh 3', 676, 'https://product.hstatic.net/200000722513/product/h732__1__e7b245f787534126ab60ff13ed0b1399.png', FALSE),
    ('Ảnh 4', 676, 'https://product.hstatic.net/200000722513/product/h732__2__c87ffe534ee140cb92f5e79608b4178a.png', FALSE),
    ('Ảnh 5', 676, 'https://product.hstatic.net/200000722513/product/h732__3__ef8bfb6ad4164e79a7f3b6dbaf2fee13.png', FALSE),
    ('Ảnh 6', 676, 'https://product.hstatic.net/200000722513/product/h732__4__abb0cbe8ad5349d299627403d53878e3.png', FALSE),
    ('Ảnh 7', 676, 'https://product.hstatic.net/200000722513/product/h732__5__19bbe4a5d0374b0584c65b97dc1d13fb.png', FALSE),
    ('Ảnh 8', 676, 'https://product.hstatic.net/200000722513/product/h732__6__7fd82232ab3e4a3b8bcd8660b4a1d8ce.png', FALSE),
    ('Ảnh 9', 676, 'https://product.hstatic.net/200000722513/product/h732_912d77c338af4b489afe7a170d18a0b8.png', FALSE);
---
INSERT INTO product (name, seo_name, brand_id, specifications, description, created_by, image_url) 
    VALUES (
        'Màn hình Asus TUF GAMING VG259Q3A 25" Fast IPS 180Hz Gsync chuyên game', 'man-hinh-asus-tuf-gaming-vg259q3a-25-fast-ips-180hz-gsync-chuyen-game', 3,
        '{"Nhà sản xuất": "ASUS"}',
        'Màn hình Asus TUF GAMING VG259Q3A là sự lựa chọn hoàn hảo cho những game thủ tìm kiếm hiệu suất vượt trội và trải nghiệm chơi game mượt mà không tưởng. Với kích thước 25 inch, tấm nền Fast IPS tiên tiến, màn hình này không chỉ mang lại hình ảnh sắc nét, màu sắc sống động và độ chính xác cao từ mọi góc nhìn, mà còn đảm bảo thời gian phản hồi siêu tốc, loại bỏ hoàn toàn hiện tượng bóng mờ trong các pha hành động nhanh. Tần số quét 180Hz cực cao kết hợp cùng công nghệ G-Sync Compatible đảm bảo rằng mỗi khung hình được hiển thị một cách liền mạch, không giật, không xé hình, cho phép bạn phản ứng nhanh hơn và đắm chìm hoàn toàn vào thế giới game. Dù là những trận đấu esports căng thẳng hay những tựa game AAA đồ họa đỉnh cao, VG259Q3A luôn sẵn sàng đáp ứng. Bên cạnh đó, các công nghệ độc quyền của ASUS như GamePlus với các tính năng hữu ích như tâm ngắm ảo, hẹn giờ, và công nghệ GameVisual với nhiều chế độ hiển thị tối ưu cho từng thể loại game, sẽ nâng tầm trải nghiệm của bạn. Thiết kế viền mỏng tối ưu hóa không gian hiển thị, cùng với các công nghệ bảo vệ mắt như Low Blue Light và Flicker-Free, giúp game thủ có thể chiến game trong thời gian dài mà vẫn giữ được sự thoải mái. Màn hình Asus TUF GAMING VG259Q3A thực sự là một vũ khí lợi hại, giúp bạn chiếm ưu thế trong mọi cuộc chiến ảo.',
        1, 'https://product.hstatic.net/200000722513/product/asus_vg259q3a_gearvn_0157239e435843259bd118fab6ab39da.jpg'
    );
INSERT INTO product_category (product_id, category_id) VALUES (677, 16);
INSERT INTO product_variant (
        product_id, name, seo_name, supplier_id, price, price_sale, quantity, sku, model, barcode, 
        specifications, description, warranty, image_url, release_at, created_by)
        VALUES ( 677, 'Màn hình Asus TUF GAMING VG259Q3A 25" Fast IPS 180Hz Gsync chuyên game', 'man-hinh-asus-tuf-gaming-vg259q3a-25-fast-ips-180hz-gsync-chuyen-game',
            1, 3990000, 3090000, 10, 'MAN-ASU-TUF-VG259Q3A',
            'MAN-ASU-TUF-VG259Q3A', 'MAN-ASU-TUF-VG259Q3A',
            '{"Tên sản phẩm": "Asus TUF GAMING VG259Q3A","Kích thước màn hình": "24.5 inch","Độ phân giải": "FHD (1920x1080)","Tấm nền": "Fast IPS","Tần số quét": "180Hz","Thời gian phản hồi": "1ms (GTG)","Công nghệ": "G-Sync, AMD FreeSync, ASUS Extreme Low Motion Blur (ELMB)","Không gian màu": "99% sRGB","Độ sáng": "250 cd/m² (typ)","Cổng kết nối": "2 x HDMI 2.0, 1 x DisplayPort 1.2","Loa": "Tích hợp loa stereo 2W x 2","Tương thích VESA": "100 x 100 mm","Bảo hành": "36 tháng"}',
            'Màn hình Asus TUF GAMING VG259Q3A là sự lựa chọn hoàn hảo cho những game thủ tìm kiếm hiệu suất vượt trội và trải nghiệm chơi game mượt mà không tưởng. Với kích thước 25 inch, tấm nền Fast IPS tiên tiến, màn hình này không chỉ mang lại hình ảnh sắc nét, màu sắc sống động và độ chính xác cao từ mọi góc nhìn, mà còn đảm bảo thời gian phản hồi siêu tốc, loại bỏ hoàn toàn hiện tượng bóng mờ trong các pha hành động nhanh. Tần số quét 180Hz cực cao kết hợp cùng công nghệ G-Sync Compatible đảm bảo rằng mỗi khung hình được hiển thị một cách liền mạch, không giật, không xé hình, cho phép bạn phản ứng nhanh hơn và đắm chìm hoàn toàn vào thế giới game. Dù là những trận đấu esports căng thẳng hay những tựa game AAA đồ họa đỉnh cao, VG259Q3A luôn sẵn sàng đáp ứng. Bên cạnh đó, các công nghệ độc quyền của ASUS như GamePlus với các tính năng hữu ích như tâm ngắm ảo, hẹn giờ, và công nghệ GameVisual với nhiều chế độ hiển thị tối ưu cho từng thể loại game, sẽ nâng tầm trải nghiệm của bạn. Thiết kế viền mỏng tối ưu hóa không gian hiển thị, cùng với các công nghệ bảo vệ mắt như Low Blue Light và Flicker-Free, giúp game thủ có thể chiến game trong thời gian dài mà vẫn giữ được sự thoải mái. Màn hình Asus TUF GAMING VG259Q3A thực sự là một vũ khí lợi hại, giúp bạn chiếm ưu thế trong mọi cuộc chiến ảo.',
            36, 'https://product.hstatic.net/200000722513/product/asus_vg259q3a_gearvn_0157239e435843259bd118fab6ab39da.jpg', '2024-07-03T07:00:58+00:00',1);
        
INSERT INTO product_image (name, product_variant_id, image_url, is_main)
VALUES
    ('Ảnh 1', 677, 'https://product.hstatic.net/200000722513/product/asus_vg259q3a_gearvn_0157239e435843259bd118fab6ab39da.jpg', TRUE),
    ('Ảnh 2', 677, 'https://product.hstatic.net/200000722513/product/asus_vg259q3a_gearvn_e76558abb18946d7b7d51dd16d915d89.jpg', FALSE),
    ('Ảnh 3', 677, 'https://product.hstatic.net/200000722513/product/untitled_design__1__b43e3bea49a04cfda354680aaca6bbc3.jpg', FALSE),
    ('Ảnh 4', 677, 'https://product.hstatic.net/200000722513/product/untitled_design__2__f3ce99193b4f4344b8d3730215d20b49.jpg', FALSE),
    ('Ảnh 5', 677, 'https://product.hstatic.net/200000722513/product/untitled_design__3__3b043c0462844796ad3b5499ade675af.jpg', FALSE),
    ('Ảnh 6', 677, 'https://product.hstatic.net/200000722513/product/untitled_design__4__ef0732cf558441bdbcf8b0152193560e.jpg', FALSE),
    ('Ảnh 7', 677, 'https://product.hstatic.net/200000722513/product/untitled_design__5__3c9174d77dd04403b10d739c762766e6.jpg', FALSE),
    ('Ảnh 8', 677, 'https://product.hstatic.net/200000722513/product/untitled_design_533f7ee192d24cf4b2cafc4f07df6514.jpg', FALSE);
---
INSERT INTO product (name, seo_name, brand_id, specifications, description, created_by, image_url) 
    VALUES (
        'Màn hình ASUS ROG Strix XG259QNS-W 25" Fast IPS 380Hz chuyên game', 'man-hinh-asus-rog-strix-xg259qns-w-25-fast-ips-380hz-chuyen-game', 3,
        '{"Nhà sản xuất": "ASUS"}',
        'Màn hình ASUS ROG Strix XG259QNS-W 25\" Fast IPS 380Hz chuyên game là một cỗ máy chiến thắng, được thiết kế dành riêng cho các game thủ esports chuyên nghiệp và những người đòi hỏi tốc độ tối thượng. Với kích thước 25 inch lý tưởng, màn hình này mang đến tầm nhìn toàn diện, giúp bạn dễ dàng bao quát mọi diễn biến trên chiến trường mà không cần di chuyển mắt quá nhiều. Điểm nhấn vượt trội là tần số quét 380Hz cực kỳ ấn tượng, đảm bảo mọi chuyển động đều mượt mà đến khó tin, loại bỏ hoàn toàn hiện tượng xé hình hay giật lag, cho phép bạn phản ứng nhanh nhạy hơn bao giờ hết trong từng khoảnh khắc quyết định. Công nghệ tấm nền Fast IPS không chỉ cung cấp tốc độ phản hồi 1ms GTG siêu nhanh, loại bỏ hiện tượng bóng ma, mà còn tái tạo màu sắc sống động, chân thực cùng góc nhìn rộng, giúp trải nghiệm hình ảnh trở nên hoàn hảo và sắc nét. Thiết kế đặc trưng của dòng ROG Strix thể hiện sự mạnh mẽ, hiện đại với viền màn hình siêu mỏng, tối ưu cho thiết lập đa màn hình, cùng chân đế công thái học cho phép điều chỉnh đa hướng (nghiêng, xoay, nâng hạ), tối ưu hóa tư thế chơi game thoải mái nhất. XG259QNS-W còn tích hợp các tính năng hỗ trợ game thủ độc quyền của ASUS như GamePlus, GameVisual và công nghệ đồng bộ hóa Adaptive-Sync (tương thích G-SYNC Compatible/FreeSync Premium) để loại bỏ hiện tượng xé hình và giật hình, mang lại trải nghiệm chiến đấu không gián đoạn. Đây chính là lựa chọn hoàn hảo để nâng tầm kỹ năng và thống trị mọi trận đấu, đưa bạn lên một tầm cao mới trong thế giới game.',
        1, 'https://product.hstatic.net/200000722513/product/asus_xg259qns-w_gearvn_f6e0a56b7a024a038e6b39791f5173cf.jpg'
    );
INSERT INTO product_category (product_id, category_id) VALUES (678, 16);
INSERT INTO product_variant (
        product_id, name, seo_name, supplier_id, price, price_sale, quantity, sku, model, barcode, 
        specifications, description, warranty, image_url, release_at, created_by)
        VALUES ( 678, 'Màn hình ASUS ROG Strix XG259QNS-W 25" Fast IPS 380Hz chuyên game', 'man-hinh-asus-rog-strix-xg259qns-w-25-fast-ips-380hz-chuyen-game',
            1, 11990000, 11490000, 10, 'MAN-ASU-XG259QNS-W',
            'MAN-ASU-XG259QNS-W', 'MAN-ASU-XG259QNS-W',
            '{"Tên sản phẩm": "Màn hình ASUS ROG Strix XG259QNS-W","Kích thước màn hình": "25 inch","Loại tấm nền": "Fast IPS","Tần số quét": "380Hz","Độ phân giải": "Full HD (1920 x 1080)","Công nghệ làm mới": "G-Sync Compatible","Thời gian phản hồi": "1ms (GTG)","Độ sáng": "400 cd/m²","Tỷ lệ tương phản": "1000:1","Màu sắc": "1.07 tỷ màu","HDR": "DisplayHDR 400","Cổng kết nối": "DisplayPort 1.4, HDMI 2.0, USB Hub","Công nghệ đặc biệt": "ELMB Sync, Variable Overdrive","Thiết kế": "Cần trục có thể điều chỉnh, hỗ trợ VESA"}',
            'Màn hình ASUS ROG Strix XG259QNS-W 25\" Fast IPS 380Hz chuyên game là một cỗ máy chiến thắng, được thiết kế dành riêng cho các game thủ esports chuyên nghiệp và những người đòi hỏi tốc độ tối thượng. Với kích thước 25 inch lý tưởng, màn hình này mang đến tầm nhìn toàn diện, giúp bạn dễ dàng bao quát mọi diễn biến trên chiến trường mà không cần di chuyển mắt quá nhiều. Điểm nhấn vượt trội là tần số quét 380Hz cực kỳ ấn tượng, đảm bảo mọi chuyển động đều mượt mà đến khó tin, loại bỏ hoàn toàn hiện tượng xé hình hay giật lag, cho phép bạn phản ứng nhanh nhạy hơn bao giờ hết trong từng khoảnh khắc quyết định. Công nghệ tấm nền Fast IPS không chỉ cung cấp tốc độ phản hồi 1ms GTG siêu nhanh, loại bỏ hiện tượng bóng ma, mà còn tái tạo màu sắc sống động, chân thực cùng góc nhìn rộng, giúp trải nghiệm hình ảnh trở nên hoàn hảo và sắc nét. Thiết kế đặc trưng của dòng ROG Strix thể hiện sự mạnh mẽ, hiện đại với viền màn hình siêu mỏng, tối ưu cho thiết lập đa màn hình, cùng chân đế công thái học cho phép điều chỉnh đa hướng (nghiêng, xoay, nâng hạ), tối ưu hóa tư thế chơi game thoải mái nhất. XG259QNS-W còn tích hợp các tính năng hỗ trợ game thủ độc quyền của ASUS như GamePlus, GameVisual và công nghệ đồng bộ hóa Adaptive-Sync (tương thích G-SYNC Compatible/FreeSync Premium) để loại bỏ hiện tượng xé hình và giật hình, mang lại trải nghiệm chiến đấu không gián đoạn. Đây chính là lựa chọn hoàn hảo để nâng tầm kỹ năng và thống trị mọi trận đấu, đưa bạn lên một tầm cao mới trong thế giới game.',
            36, 'https://product.hstatic.net/200000722513/product/asus_xg259qns-w_gearvn_f6e0a56b7a024a038e6b39791f5173cf.jpg', '2024-06-10T03:15:27+00:00',1);
        
INSERT INTO product_image (name, product_variant_id, image_url, is_main)
VALUES
    ('Ảnh 1', 678, 'https://product.hstatic.net/200000722513/product/asus_xg259qns-w_gearvn_f6e0a56b7a024a038e6b39791f5173cf.jpg', TRUE),
    ('Ảnh 2', 678, 'https://product.hstatic.net/200000722513/product/h732__2__ed77269699794a2fa846a3cc28ac6de3.png', FALSE),
    ('Ảnh 3', 678, 'https://product.hstatic.net/200000722513/product/h732__3__fe1d0db5cfaa4f0cb91cfff1944cdb13.png', FALSE),
    ('Ảnh 4', 678, 'https://product.hstatic.net/200000722513/product/h732__4__666e608e19134bac8e41b1178414088c.png', FALSE),
    ('Ảnh 5', 678, 'https://product.hstatic.net/200000722513/product/h732__5__b536e1d72b664a3c804ce14e3830c442.png', FALSE),
    ('Ảnh 6', 678, 'https://product.hstatic.net/200000722513/product/h732__6__59233bfb940b413195f9e0238d965797.png', FALSE);
---
INSERT INTO product (name, seo_name, brand_id, specifications, description, created_by, image_url) 
    VALUES (
        'Màn hình ASUS ROG Strix XG259QNS 25" Fast IPS 380Hz chuyên game', 'man-hinh-asus-rog-strix-xg259qns-25-fast-ips-380hz-chuyen-game', 3,
        '{"Nhà sản xuất": "ASUS"}',
        'Màn hình ASUS ROG Strix XG259QNS 25\" Fast IPS 380Hz chuyên game là lựa chọn hoàn hảo cho những game thủ yêu cầu hiệu suất đỉnh cao và trải nghiệm không giới hạn. Với kích thước 25 inch, độ phân giải Full HD (1920x1080) và tấm nền Fast IPS tiên tiến, màn hình này mang lại hình ảnh sắc nét, màu sắc sống động và góc nhìn rộng, đồng thời giảm thiểu hiện tượng mờ nhòe. Điểm nổi bật nhất là tần số quét cực khủng lên đến 380Hz (khi ép xung), đảm bảo mọi chuyển động trên màn hình diễn ra mượt mà đến khó tin, loại bỏ hoàn toàn hiện tượng xé hình và giật lag, giúp bạn phản ứng nhanh hơn trong mọi tình huống. Thời gian phản hồi 1ms GTG siêu tốc càng củng cố thêm lợi thế cạnh tranh, cho phép game thủ nắm bắt mọi khoảnh khắc quyết định. Hỗ trợ công nghệ Adaptive-Sync, màn hình tương thích với cả NVIDIA G-SYNC và AMD FreeSync, mang lại trải nghiệm chơi game không rách hình. Thiết kế công thái học với khả năng điều chỉnh độ cao, xoay, nghiêng và trục đứng giúp bạn dễ dàng tìm được tư thế xem thoải mái nhất. Màn hình còn tích hợp các tính năng độc quyền của ASUS như GamePlus và GameVisual, tối ưu hóa trải nghiệm chơi game của bạn. ASUS ROG Strix XG259QNS không chỉ là một màn hình, mà là một công cụ giúp bạn chinh phục mọi thử thách trong thế giới ảo.',
        1, 'https://product.hstatic.net/200000722513/product/asus_xg259qns_gearvn_98c6567b5b8144e8aa80087bea5bedef.jpg'
    );
INSERT INTO product_category (product_id, category_id) VALUES (679, 16);
INSERT INTO product_variant (
        product_id, name, seo_name, supplier_id, price, price_sale, quantity, sku, model, barcode, 
        specifications, description, warranty, image_url, release_at, created_by)
        VALUES ( 679, 'Màn hình ASUS ROG Strix XG259QNS 25" Fast IPS 380Hz chuyên game', 'man-hinh-asus-rog-strix-xg259qns-25-fast-ips-380hz-chuyen-game',
            1, 11990000, 11490000, 10, 'MAN-ASU-XG259QNS',
            'MAN-ASU-XG259QNS', 'MAN-ASU-XG259QNS',
            '{"Tên sản phẩm": "ASUS ROG Strix XG259QNS","Kích thước màn hình": "24.5 inch","Loại tấm nền": "Fast IPS","Độ phân giải": "FHD (1920 x 1080)","Tần số quét": "380Hz (OC)","Thời gian đáp ứng": "0.3ms (min. GTG)","Tỷ lệ màn hình": "16:9","Độ sáng": "400 nits (HDR, Peak)","Tỷ lệ tương phản": "1000:1","Màu sắc hiển thị": "16.7 triệu màu","Không gian màu": "110% sRGB","Chứng nhận HDR": "DisplayHDR 400, HDR10","Công nghệ đồng bộ hóa": "AMD FreeSync Premium","Công nghệ giảm mờ": "ASUS Extreme Low Motion Blur Sync (ELMB SYNC)","Công nghệ bảo vệ mắt": "Flicker-free, Low Blue Light","Cổng kết nối": "DisplayPort 1.4 (HBR3) x1, HDMI 2.0 x2, USB 3.2 Gen 1 Type-A x2, Jack tai nghe","Điều chỉnh chân đế": "Nghiêng (-5° đến +20°), Xoay (-45° đến +45°), Xoay dọc (Pivot -90° đến +90°), Nâng hạ (0 đến 120mm)","Tương thích VESA": "100 x 100 mm","Nguồn gốc": "ASUS","Trọng lượng": "5.58kg"}',
            'Màn hình ASUS ROG Strix XG259QNS 25\" Fast IPS 380Hz chuyên game là lựa chọn hoàn hảo cho những game thủ yêu cầu hiệu suất đỉnh cao và trải nghiệm không giới hạn. Với kích thước 25 inch, độ phân giải Full HD (1920x1080) và tấm nền Fast IPS tiên tiến, màn hình này mang lại hình ảnh sắc nét, màu sắc sống động và góc nhìn rộng, đồng thời giảm thiểu hiện tượng mờ nhòe. Điểm nổi bật nhất là tần số quét cực khủng lên đến 380Hz (khi ép xung), đảm bảo mọi chuyển động trên màn hình diễn ra mượt mà đến khó tin, loại bỏ hoàn toàn hiện tượng xé hình và giật lag, giúp bạn phản ứng nhanh hơn trong mọi tình huống. Thời gian phản hồi 1ms GTG siêu tốc càng củng cố thêm lợi thế cạnh tranh, cho phép game thủ nắm bắt mọi khoảnh khắc quyết định. Hỗ trợ công nghệ Adaptive-Sync, màn hình tương thích với cả NVIDIA G-SYNC và AMD FreeSync, mang lại trải nghiệm chơi game không rách hình. Thiết kế công thái học với khả năng điều chỉnh độ cao, xoay, nghiêng và trục đứng giúp bạn dễ dàng tìm được tư thế xem thoải mái nhất. Màn hình còn tích hợp các tính năng độc quyền của ASUS như GamePlus và GameVisual, tối ưu hóa trải nghiệm chơi game của bạn. ASUS ROG Strix XG259QNS không chỉ là một màn hình, mà là một công cụ giúp bạn chinh phục mọi thử thách trong thế giới ảo.',
            36, 'https://product.hstatic.net/200000722513/product/asus_xg259qns_gearvn_98c6567b5b8144e8aa80087bea5bedef.jpg', '2024-05-28T08:27:15+00:00',1);
        
INSERT INTO product_image (name, product_variant_id, image_url, is_main)
VALUES
    ('Ảnh 1', 679, 'https://product.hstatic.net/200000722513/product/asus_xg259qns_gearvn_98c6567b5b8144e8aa80087bea5bedef.jpg', TRUE),
    ('Ảnh 2', 679, 'https://product.hstatic.net/200000722513/product/man_hinh_asus_rog_strix_xg259qns_gearvn_e3479c67d8c54a58ad6e091205f4e4af.jpg', FALSE),
    ('Ảnh 3', 679, 'https://product.hstatic.net/200000722513/product/h732__1__e75e51d5c125418e816a34f4b2db3beb.png', FALSE),
    ('Ảnh 4', 679, 'https://product.hstatic.net/200000722513/product/h732__2__2a8635bb129e483bbaec5203bd0d009c.png', FALSE),
    ('Ảnh 5', 679, 'https://product.hstatic.net/200000722513/product/h732__3__5b47a7acab5d4ad488972b6f1e21cd11.png', FALSE),
    ('Ảnh 6', 679, 'https://product.hstatic.net/200000722513/product/h732__4__3cd974fe52b14f9ead41cf18631cfaf0.png', FALSE),
    ('Ảnh 7', 679, 'https://product.hstatic.net/200000722513/product/h732__5__36b326486adb427d95469cde75101f85.png', FALSE),
    ('Ảnh 8', 679, 'https://product.hstatic.net/200000722513/product/h732_e5d7151212c14115813f069b12294fb0.png', FALSE);
---
INSERT INTO product (name, seo_name, brand_id, specifications, description, created_by, image_url) 
    VALUES (
        'Màn hình Dahua DHI-LM25-E231 25" IPS 180Hz chuyên game', 'man-hinh-dahua-dhi-lm25-e231-25-ips-180hz-chuyen-game', 57,
        '{"Tên sản phẩm": "Màn hình Dahua DHI-LM25-E231", "Kích thước màn hình": "25 inch", "Tấm nền": "IPS", "Tần số quét": "180Hz", "Độ phân giải": "Full HD (1920 x 1080)", "Thời gian phản hồi": "1ms (MPRT)", "Độ sáng": "250 cd/m²", "Tỷ lệ tương phản": "1000:1", "Màu sắc hiển thị": "16.7 triệu màu", "Góc nhìn": "178°/178°", "Cổng kết nối": "HDMI, DisplayPort", "Công nghệ nổi bật": "AMD FreeSync", "Tính năng chuyên game": "Có", "Thiết kế": "Viền mỏng 3 cạnh", "Nguồn điện": "Adapter 12V/3A", "Công suất tiêu thụ": "36W", "Kích thước (có chân đế)": "557.6 x 422.8 x 210 mm", "Trọng lượng (có chân đế)": "3.5 kg", "Màu sắc": "Đen"}',
        'Màn hình Dahua DHI-LM25-E231 25\" IPS 180Hz là lựa chọn hoàn hảo cho game thủ đam mê tốc độ và chất lượng hình ảnh vượt trội. Với tấm nền IPS tiên tiến, màn hình này mang lại góc nhìn rộng rãi 178 độ cùng khả năng tái tạo màu sắc chính xác và sống động, giúp mọi khung cảnh trong game trở nên chân thực đến không ngờ. Độ phân giải Full HD sắc nét trên kích thước 25 inch tối ưu hóa không gian hiển thị, đảm bảo bạn không bỏ lỡ bất kỳ chi tiết quan trọng nào trong những trận đấu căng thẳng.\n\nĐiểm nổi bật nhất của DHI-LM25-E231 chính là tần số quét 180Hz siêu nhanh, kết hợp với thời gian phản hồi cực thấp (thường là 1ms MPRT hoặc GtG đối với màn hình gaming), giúp loại bỏ hoàn toàn hiện tượng xé hình (tearing) và giật lag, mang lại trải nghiệm chơi game mượt mà đến khó tin. Từng chuyển động của nhân vật hay hiệu ứng kỹ năng đều được hiển thị liền mạch, cho phép bạn phản ứng nhanh nhạy hơn, giành lợi thế quyết định trong mọi cuộc đối đầu. Công nghệ Adaptive Sync (FreeSync) tích hợp sẵn càng nâng cao sự đồng bộ giữa màn hình và card đồ họa, loại bỏ tình trạng giật hình.\n\nThiết kế viền mỏng ba cạnh không chỉ tăng tính thẩm mỹ mà còn mở rộng không gian hiển thị, rất lý tưởng cho các thiết lập đa màn hình. Cổng kết nối đa dạng như HDMI và DisplayPort đảm bảo khả năng tương thích cao với nhiều thiết bị. Đây thực sự là một vũ khí lợi hại để nâng tầm trải nghiệm gaming của bạn.',
        1, 'https://product.hstatic.net/200000722513/product/thit-k-cha-c-tn-_4__d80b68c7123a41b89bf213ffadb4d43f.png'
    );
INSERT INTO product_category (product_id, category_id) VALUES (680, 16);
INSERT INTO product_variant (
        product_id, name, seo_name, supplier_id, price, price_sale, quantity, sku, model, barcode, 
        specifications, description, warranty, image_url, release_at, created_by)
        VALUES ( 680, 'Màn hình Dahua DHI-LM25-E231 25" IPS 180Hz chuyên game', 'man-hinh-dahua-dhi-lm25-e231-25-ips-180hz-chuyen-game',
            1, 3990000, 2390000, 10, 'MAN-DAHUA-DHI-LM25-E231',
            'MAN-DAHUA-DHI-LM25-E231', 'MAN-DAHUA-DHI-LM25-E231',
            '{"Tên sản phẩm": "Màn hình Dahua DHI-LM25-E231", "Kích thước màn hình": "25 inch", "Tấm nền": "IPS", "Tần số quét": "180Hz", "Độ phân giải": "Full HD (1920 x 1080)", "Thời gian phản hồi": "1ms (MPRT)", "Độ sáng": "250 cd/m²", "Tỷ lệ tương phản": "1000:1", "Màu sắc hiển thị": "16.7 triệu màu", "Góc nhìn": "178°/178°", "Cổng kết nối": "HDMI, DisplayPort", "Công nghệ nổi bật": "AMD FreeSync", "Tính năng chuyên game": "Có", "Thiết kế": "Viền mỏng 3 cạnh", "Nguồn điện": "Adapter 12V/3A", "Công suất tiêu thụ": "36W", "Kích thước (có chân đế)": "557.6 x 422.8 x 210 mm", "Trọng lượng (có chân đế)": "3.5 kg", "Màu sắc": "Đen"}',
            'Màn hình Dahua DHI-LM25-E231 25\" IPS 180Hz là lựa chọn hoàn hảo cho game thủ đam mê tốc độ và chất lượng hình ảnh vượt trội. Với tấm nền IPS tiên tiến, màn hình này mang lại góc nhìn rộng rãi 178 độ cùng khả năng tái tạo màu sắc chính xác và sống động, giúp mọi khung cảnh trong game trở nên chân thực đến không ngờ. Độ phân giải Full HD sắc nét trên kích thước 25 inch tối ưu hóa không gian hiển thị, đảm bảo bạn không bỏ lỡ bất kỳ chi tiết quan trọng nào trong những trận đấu căng thẳng.\n\nĐiểm nổi bật nhất của DHI-LM25-E231 chính là tần số quét 180Hz siêu nhanh, kết hợp với thời gian phản hồi cực thấp (thường là 1ms MPRT hoặc GtG đối với màn hình gaming), giúp loại bỏ hoàn toàn hiện tượng xé hình (tearing) và giật lag, mang lại trải nghiệm chơi game mượt mà đến khó tin. Từng chuyển động của nhân vật hay hiệu ứng kỹ năng đều được hiển thị liền mạch, cho phép bạn phản ứng nhanh nhạy hơn, giành lợi thế quyết định trong mọi cuộc đối đầu. Công nghệ Adaptive Sync (FreeSync) tích hợp sẵn càng nâng cao sự đồng bộ giữa màn hình và card đồ họa, loại bỏ tình trạng giật hình.\n\nThiết kế viền mỏng ba cạnh không chỉ tăng tính thẩm mỹ mà còn mở rộng không gian hiển thị, rất lý tưởng cho các thiết lập đa màn hình. Cổng kết nối đa dạng như HDMI và DisplayPort đảm bảo khả năng tương thích cao với nhiều thiết bị. Đây thực sự là một vũ khí lợi hại để nâng tầm trải nghiệm gaming của bạn.',
            36, 'https://product.hstatic.net/200000722513/product/thit-k-cha-c-tn-_4__d80b68c7123a41b89bf213ffadb4d43f.png', '2024-09-06T02:19:38+00:00',1);
        
INSERT INTO product_image (name, product_variant_id, image_url, is_main)
VALUES
    ('Ảnh 1', 680, 'https://product.hstatic.net/200000722513/product/thit-k-cha-c-tn-_4__d80b68c7123a41b89bf213ffadb4d43f.png', TRUE),
    ('Ảnh 2', 680, 'https://product.hstatic.net/200000722513/product/left-2_thumb_fc078aa4bbf546bc86dee613055b48ae.png', FALSE),
    ('Ảnh 3', 680, 'https://product.hstatic.net/200000722513/product/back-min-_1_1_thumb_c33179509f9d4c5584ba574320f2a955.png', FALSE);
---
INSERT INTO product (name, seo_name, brand_id, specifications, description, created_by, image_url) 
    VALUES (
        'Màn hình AOC 24B3CA2 24" IPS 100Hz USBC', 'man-hinh-aoc-24b3ca2-24-ips-100hz-usbc', 54,
        '{"Kích thước màn hình": "24 inches", "Kiểu màn hình": "Màn hình phẳng", "Độ phân giải": "1920 x 1080", "Tấm nền": "IPS", "Tỉ lệ màn hình": "16:9", "Tần số quét": "100 Hz", "Thời gian phản hồi": "1 ms", "Số lượng màu": "16.7 triệu", "Độ phủ màu": "NTSC 89% / sRGB 102%", "Độ sáng": "250 cd/m²", "Góc nhìn": "178°/178°", "Độ tương phản tĩnh": "1300:1", "Độ tương phản động": "20 Million:1", "Công nghệ màn hình": "Adaptive Sync, Flicker-Free giảm nhấp nháy", "Nghiêng": "-5° ~ 23°", "Treo tường": "100 x 100 mm", "Cổng kết nối": "1x HDMI 1.4, 1x USB-C (DP Alt, 65W), 2x USB3.2 Gen1, 1x Earphone", "Hệ thống âm thanh": "2W x 2", "Tính năng màn hình": "Hạn chế ánh sáng xanh, Chống chói, Chống nháy", "Công suất tiêu thụ": "30W", "Kích thước": "Có chân đế: 412.1 x 542.4 x 202.3 mm, Không chân đế: 316.2 x 542.4 x 44.6 mm", "Trọng lượng": "Có chân đế: 3.36 kg, Không chân đế: 3.04 kg"}',
        'Trong thế giới sống động của công nghệ hiện đại, màn hình không chỉ là một phần của không gian làm việc, mà còn là cánh cửa mở ra thế giới của sự sáng tạo và khám phá. Và giữa vô vàn lựa chọn trên thị trường, màn hình AOC 24B3CA2 nổi bật như một ngôi sao sáng giữa bầu trời đêm, đem lại cho bạn một trải nghiệm hiển thị vượt trội và đặc biệt.\n\nHiển thị vượt trội \nVới màn hình máy tính IPS rộng lớn 24 inch và góc nhìn mở rộng, AOC 24B3CA2 không chỉ là nơi bạn trải nghiệm mỗi khoảnh khắc với độ sắc nét và chi tiết tuyệt vời, mà còn là điểm hẹn của sự thăng hoa sáng tạo và công việc hiệu quả. Mọi đường nét, màu sắc và chi tiết đều được tái hiện một cách chân thực và cuốn hút, giúp bạn khám phá và phát triển ý tưởng mới một cách dễ dàng.  \n\nMàn hình AOC 24B3CA2 24\n\n \n\nTrải nghiệm mượt mà \nTần số 100Hz độc đáo giúp giảm thiểu hiện tượng xé hình, tạo nên một khung hình mượt mà, không gây mệt mỏi cho đôi mắt, từ đó mang lại trải nghiệm thú vị và ấn tượng. Từng hình ảnh trên màn hình AOC 24B3CA2 đều được tái hiện một cách mượt mà và chân thực như cuộc sống hiện thực, giúp giảm thiểu hiện tượng xé hình và mang lại trải nghiệm đầy ấn tượng. Không gây mỏi mắt, từ đó mang lại trải nghiệm thú vị và ấn tượng. \n\nMàn hình AOC 24B3CA2 24\n\nSắc màu sống động\nVới khả năng hiển thị 101% gam màu RGB và tỷ lệ tương phản 1300:1, mọi hình ảnh trở nên sống động và sắc nét, từ những tông màu nhẹ nhàng đến những đối tượng đậm nét, đều được tái hiện chân thực và cuốn hút trong chiếc màn hình AOC 24B3CA2.\n\nMàn hình AOC 24B3CA2 24\n\nKết nối tiện lợi\nVới cổng kết nối USB-C đa dụng và thiết kế linh hoạt VESA mountable, AOC 24B3CA2 không chỉ mang lại trải nghiệm hiển thị tối ưu, mà còn tạo điều kiện thuận lợi cho mọi hoạt động làm việc và giải trí của bạn. \n\nMàn hình AOC 24B3CA2 24\n\nCông nghệ giảm ánh sáng xanh\nLuôn quan râm đến sức khỏe người dùng, phải tiếp xúc màn hình nhiều nên đã trang bị công nghệ AOC Low Blue Mode giúp giảm lượng ánh sáng xanh. Đây là nguyên nhân chính dẫn đến tình trạng mỏi mắt đau mắt.',
        1, 'https://product.hstatic.net/200000722513/product/24b3ca2_f_f4157d055ccd4603ab095091bf87f6a7.png'
    );
INSERT INTO product_category (product_id, category_id) VALUES (681, 16);
INSERT INTO product_variant (
        product_id, name, seo_name, supplier_id, price, price_sale, quantity, sku, model, barcode, 
        specifications, description, warranty, image_url, release_at, created_by)
        VALUES ( 681, 'Màn hình AOC 24B3CA2 24" IPS 100Hz USBC', 'man-hinh-aoc-24b3ca2-24-ips-100hz-usbc',
            1, 3590000, 2650000, 10, 'MAN-AOC-24B3CA2',
            'MAN-AOC-24B3CA2', 'MAN-AOC-24B3CA2',
            '{"Kích thước màn hình": "24 inches", "Kiểu màn hình": "Màn hình phẳng", "Độ phân giải": "1920 x 1080", "Tấm nền": "IPS", "Tỉ lệ màn hình": "16:9", "Tần số quét": "100 Hz", "Thời gian phản hồi": "1 ms", "Số lượng màu": "16.7 triệu", "Độ phủ màu": "NTSC 89% / sRGB 102%", "Độ sáng": "250 cd/m²", "Góc nhìn": "178°/178°", "Độ tương phản tĩnh": "1300:1", "Độ tương phản động": "20 Million:1", "Công nghệ màn hình": "Adaptive Sync, Flicker-Free giảm nhấp nháy", "Nghiêng": "-5° ~ 23°", "Treo tường": "100 x 100 mm", "Cổng kết nối": "1x HDMI 1.4, 1x USB-C (DP Alt, 65W), 2x USB3.2 Gen1, 1x Earphone", "Hệ thống âm thanh": "2W x 2", "Tính năng màn hình": "Hạn chế ánh sáng xanh, Chống chói, Chống nháy", "Công suất tiêu thụ": "30W", "Kích thước": "Có chân đế: 412.1 x 542.4 x 202.3 mm, Không chân đế: 316.2 x 542.4 x 44.6 mm", "Trọng lượng": "Có chân đế: 3.36 kg, Không chân đế: 3.04 kg"}',
            'Trong thế giới sống động của công nghệ hiện đại, màn hình không chỉ là một phần của không gian làm việc, mà còn là cánh cửa mở ra thế giới của sự sáng tạo và khám phá. Và giữa vô vàn lựa chọn trên thị trường, màn hình AOC 24B3CA2 nổi bật như một ngôi sao sáng giữa bầu trời đêm, đem lại cho bạn một trải nghiệm hiển thị vượt trội và đặc biệt.\n\nHiển thị vượt trội \nVới màn hình máy tính IPS rộng lớn 24 inch và góc nhìn mở rộng, AOC 24B3CA2 không chỉ là nơi bạn trải nghiệm mỗi khoảnh khắc với độ sắc nét và chi tiết tuyệt vời, mà còn là điểm hẹn của sự thăng hoa sáng tạo và công việc hiệu quả. Mọi đường nét, màu sắc và chi tiết đều được tái hiện một cách chân thực và cuốn hút, giúp bạn khám phá và phát triển ý tưởng mới một cách dễ dàng.  \n\nMàn hình AOC 24B3CA2 24\n\n \n\nTrải nghiệm mượt mà \nTần số 100Hz độc đáo giúp giảm thiểu hiện tượng xé hình, tạo nên một khung hình mượt mà, không gây mệt mỏi cho đôi mắt, từ đó mang lại trải nghiệm thú vị và ấn tượng. Từng hình ảnh trên màn hình AOC 24B3CA2 đều được tái hiện một cách mượt mà và chân thực như cuộc sống hiện thực, giúp giảm thiểu hiện tượng xé hình và mang lại trải nghiệm đầy ấn tượng. Không gây mỏi mắt, từ đó mang lại trải nghiệm thú vị và ấn tượng. \n\nMàn hình AOC 24B3CA2 24\n\nSắc màu sống động\nVới khả năng hiển thị 101% gam màu RGB và tỷ lệ tương phản 1300:1, mọi hình ảnh trở nên sống động và sắc nét, từ những tông màu nhẹ nhàng đến những đối tượng đậm nét, đều được tái hiện chân thực và cuốn hút trong chiếc màn hình AOC 24B3CA2.\n\nMàn hình AOC 24B3CA2 24\n\nKết nối tiện lợi\nVới cổng kết nối USB-C đa dụng và thiết kế linh hoạt VESA mountable, AOC 24B3CA2 không chỉ mang lại trải nghiệm hiển thị tối ưu, mà còn tạo điều kiện thuận lợi cho mọi hoạt động làm việc và giải trí của bạn. \n\nMàn hình AOC 24B3CA2 24\n\nCông nghệ giảm ánh sáng xanh\nLuôn quan râm đến sức khỏe người dùng, phải tiếp xúc màn hình nhiều nên đã trang bị công nghệ AOC Low Blue Mode giúp giảm lượng ánh sáng xanh. Đây là nguyên nhân chính dẫn đến tình trạng mỏi mắt đau mắt.',
            36, 'https://product.hstatic.net/200000722513/product/24b3ca2_f_f4157d055ccd4603ab095091bf87f6a7.png', '2024-04-03T09:34:10+00:00',1);
        
INSERT INTO product_image (name, product_variant_id, image_url, is_main)
VALUES
    ('Ảnh 1', 681, 'https://product.hstatic.net/200000722513/product/24b3ca2_f_f4157d055ccd4603ab095091bf87f6a7.png', TRUE),
    ('Ảnh 2', 681, 'https://product.hstatic.net/200000722513/product/24b3ca2_t_f8212354bbcc4f60b12d0c570e38903c.png', FALSE),
    ('Ảnh 3', 681, 'https://product.hstatic.net/200000722513/product/24b3ca2_ftr_b87c198bf2eb43f39ba5074a30d5d994.png', FALSE),
    ('Ảnh 4', 681, 'https://product.hstatic.net/200000722513/product/24b3ca2_ftl_0ccd39401be2465a8c3c7f6f42d4c93d.png', FALSE),
    ('Ảnh 5', 681, 'https://product.hstatic.net/200000722513/product/24b3ca2_s_3960ede5d84745e99c05d5256bfc3f90.png', FALSE),
    ('Ảnh 6', 681, 'https://product.hstatic.net/200000722513/product/24b3ca2_io_4c6ccfa906524756ba574a1a3eae675f.png', FALSE),
    ('Ảnh 7', 681, 'https://product.hstatic.net/200000722513/product/24b3ca2_bkr_3f80446603e7422c88d2d897cd8df397.png', FALSE),
    ('Ảnh 8', 681, 'https://product.hstatic.net/200000722513/product/24b3ca2_bkl_77bcc665d39e4585b6379931e0685166.png', FALSE),
    ('Ảnh 9', 681, 'https://product.hstatic.net/200000722513/product/24b3ca2_b_bce58f2a9dc74c8ebd99e00aaa7cf265.png', FALSE);
---
INSERT INTO product (name, seo_name, brand_id, specifications, description, created_by, image_url) 
    VALUES (
        'Màn hình Dell UltraSharp U2424HE 24" IPS 120Hz USBC', 'man-hinh-dell-ultrasharp-u2424he-24-ips-120hz-usbc', 6,
        '{"Tên sản phẩm":"Màn hình Dell UltraSharp U2424HE IPS 120Hz USBC","Kích thước":"24 inch","Tấm nền":"IPS","Độ phân giải":"Full HD (1920 x 1080)","Tần số quét":"120 Hz","Thời gian phản hồi":"8 ms (g-to-g normal), 5 ms (g-to-g fast)","Độ sáng":"250 cd/m²","Độ tương phản":"1000:1","Không gian màu sRGB":"100% Delta E<2","Không gian màu DCI-P3":"85%","Màu hiển thị":"16.7M","Kiểu màn hình":"Phẳng","Bề mặt hiển thị":"Chống lóa","Khử nhấp nháy":"Có","Tỉ lệ khung hình":"16:9","Cổng kết nối":"1 x Power cable, 1 x DisplayPort 1.4 cable 1.8m, 2 x USB Type-A to USB Type-C Gen 2 cable 1m","Thiết kế cơ học":"Góc nghiêng -5° ~ 21°, Lật +45° ~ -45°, Xoay ±90°, Điều chỉnh độ cao 0-150 mm","Trọng lượng":"18.62 lb","Tương thích VESA":"100 x 100 mm","Kích thước đóng gói":"21.21 x 19.55 x 7.16 inch","Phụ kiện":"Dây nguồn, dây HDMI, dây DisplayPort (optional)"}',
        'Màn hình Dell UltraSharp U2424HE 24 inch IPS 120Hz USB-C là một công cụ hiển thị cao cấp, được thiết kế để đáp ứng nhu cầu khắt khe của các chuyên gia và người dùng cần hiệu suất làm việc vượt trội. Với tấm nền IPS 24 inch, màn hình này mang đến góc nhìn cực rộng 178 độ cùng khả năng tái tạo màu sắc chân thực, sống động, cực kỳ phù hợp cho các tác vụ đòi hỏi độ chính xác màu cao như thiết kế đồ họa, chỉnh sửa ảnh, biên tập video hay phân tích dữ liệu chuyên sâu. Độ phân giải Full HD (1920x1080) sắc nét đảm bảo mọi chi tiết hiển thị rõ ràng, mượt mà. Điểm nổi bật là tần số quét 120Hz, cao hơn đáng kể so với các màn hình văn phòng truyền thống 60Hz, giúp giảm thiểu hiện tượng nhòe và bóng mờ, mang lại trải nghiệm cuộn trang, làm việc với tài liệu và chuyển động hình ảnh mượt mà hơn bao giờ hết, thậm chí còn hỗ trợ tốt cho trải nghiệm giải trí nhẹ. Cổng USB-C tích hợp đa năng là chìa khóa cho một không gian làm việc gọn gàng, cho phép truyền tải đồng thời dữ liệu, tín hiệu hình ảnh, âm thanh và cung cấp nguồn điện lên đến 90W cho laptop của bạn chỉ với một sợi cáp duy nhất. Bên cạnh đó, U2424HE còn được trang bị đầy đủ các cổng kết nối khác như DisplayPort, HDMI và một hub USB tiện lợi với cổng RJ45, hỗ trợ KVM (Keyboard, Video, Mouse) để dễ dàng chuyển đổi giữa hai máy tính. Chân đế công thái học cho phép điều chỉnh linh hoạt độ cao, xoay, nghiêng và xoay pivot 90 độ, giúp người dùng dễ dàng thiết lập vị trí làm việc tối ưu và thoải mái nhất trong suốt ngày dài. Màn hình còn tích hợp công nghệ ComfortView Plus giảm ánh sáng xanh có hại mà không làm ảnh hưởng đến màu sắc, bảo vệ mắt người dùng. Đây là sự lựa chọn lý tưởng cho bất kỳ ai tìm kiếm một màn hình đa năng, hiệu quả và thân thiện với người dùng.',
        1, 'https://product.hstatic.net/200000722513/product/monitor-ultrasharp-u2424he-gy-gallery-2_11364844d26c4e999a5efa1b28d7bf81.png'
    );
INSERT INTO product_category (product_id, category_id) VALUES (682, 16);
INSERT INTO product_variant (
        product_id, name, seo_name, supplier_id, price, price_sale, quantity, sku, model, barcode, 
        specifications, description, warranty, image_url, release_at, created_by)
        VALUES ( 682, 'Màn hình Dell UltraSharp U2424HE 24" IPS 120Hz USBC', 'man-hinh-dell-ultrasharp-u2424he-24-ips-120hz-usbc',
            1, 6990000, 6490000, 10, 'MAN-DEL-U2424HE',
            'MAN-DEL-U2424HE', 'MAN-DEL-U2424HE',
            '{"Tên sản phẩm":"Màn hình Dell UltraSharp U2424HE IPS 120Hz USBC","Kích thước":"24 inch","Tấm nền":"IPS","Độ phân giải":"Full HD (1920 x 1080)","Tần số quét":"120 Hz","Thời gian phản hồi":"8 ms (g-to-g normal), 5 ms (g-to-g fast)","Độ sáng":"250 cd/m²","Độ tương phản":"1000:1","Không gian màu sRGB":"100% Delta E<2","Không gian màu DCI-P3":"85%","Màu hiển thị":"16.7M","Kiểu màn hình":"Phẳng","Bề mặt hiển thị":"Chống lóa","Khử nhấp nháy":"Có","Tỉ lệ khung hình":"16:9","Cổng kết nối":"1 x Power cable, 1 x DisplayPort 1.4 cable 1.8m, 2 x USB Type-A to USB Type-C Gen 2 cable 1m","Thiết kế cơ học":"Góc nghiêng -5° ~ 21°, Lật +45° ~ -45°, Xoay ±90°, Điều chỉnh độ cao 0-150 mm","Trọng lượng":"18.62 lb","Tương thích VESA":"100 x 100 mm","Kích thước đóng gói":"21.21 x 19.55 x 7.16 inch","Phụ kiện":"Dây nguồn, dây HDMI, dây DisplayPort (optional)"}',
            'Màn hình Dell UltraSharp U2424HE 24 inch IPS 120Hz USB-C là một công cụ hiển thị cao cấp, được thiết kế để đáp ứng nhu cầu khắt khe của các chuyên gia và người dùng cần hiệu suất làm việc vượt trội. Với tấm nền IPS 24 inch, màn hình này mang đến góc nhìn cực rộng 178 độ cùng khả năng tái tạo màu sắc chân thực, sống động, cực kỳ phù hợp cho các tác vụ đòi hỏi độ chính xác màu cao như thiết kế đồ họa, chỉnh sửa ảnh, biên tập video hay phân tích dữ liệu chuyên sâu. Độ phân giải Full HD (1920x1080) sắc nét đảm bảo mọi chi tiết hiển thị rõ ràng, mượt mà. Điểm nổi bật là tần số quét 120Hz, cao hơn đáng kể so với các màn hình văn phòng truyền thống 60Hz, giúp giảm thiểu hiện tượng nhòe và bóng mờ, mang lại trải nghiệm cuộn trang, làm việc với tài liệu và chuyển động hình ảnh mượt mà hơn bao giờ hết, thậm chí còn hỗ trợ tốt cho trải nghiệm giải trí nhẹ. Cổng USB-C tích hợp đa năng là chìa khóa cho một không gian làm việc gọn gàng, cho phép truyền tải đồng thời dữ liệu, tín hiệu hình ảnh, âm thanh và cung cấp nguồn điện lên đến 90W cho laptop của bạn chỉ với một sợi cáp duy nhất. Bên cạnh đó, U2424HE còn được trang bị đầy đủ các cổng kết nối khác như DisplayPort, HDMI và một hub USB tiện lợi với cổng RJ45, hỗ trợ KVM (Keyboard, Video, Mouse) để dễ dàng chuyển đổi giữa hai máy tính. Chân đế công thái học cho phép điều chỉnh linh hoạt độ cao, xoay, nghiêng và xoay pivot 90 độ, giúp người dùng dễ dàng thiết lập vị trí làm việc tối ưu và thoải mái nhất trong suốt ngày dài. Màn hình còn tích hợp công nghệ ComfortView Plus giảm ánh sáng xanh có hại mà không làm ảnh hưởng đến màu sắc, bảo vệ mắt người dùng. Đây là sự lựa chọn lý tưởng cho bất kỳ ai tìm kiếm một màn hình đa năng, hiệu quả và thân thiện với người dùng.',
            36, 'https://product.hstatic.net/200000722513/product/monitor-ultrasharp-u2424he-gy-gallery-2_11364844d26c4e999a5efa1b28d7bf81.png', '2024-03-19T04:16:56+00:00',1);
        
INSERT INTO product_image (name, product_variant_id, image_url, is_main)
VALUES
    ('Ảnh 1', 682, 'https://product.hstatic.net/200000722513/product/monitor-ultrasharp-u2424he-gy-gallery-2_11364844d26c4e999a5efa1b28d7bf81.png', TRUE),
    ('Ảnh 2', 682, 'https://product.hstatic.net/200000722513/product/monitor-ultrasharp-u2424he-gy-gallery-5_6167aa5323474245b44ce9b6ec39023e.png', FALSE),
    ('Ảnh 3', 682, 'https://product.hstatic.net/200000722513/product/monitor-ultrasharp-u2424he-gy-gallery-1_06b75f0ea4d845a6b547c6e171bb34e1.png', FALSE);
---
INSERT INTO product (name, seo_name, brand_id, specifications, description, created_by, image_url) 
    VALUES (
        'Màn hình Dell UltraSharp U2424H 24" IPS 120Hz', 'man-hinh-dell-ultrasharp-u2424h-24-ips-120hz', 6,
        '{"Tên sản phẩm":"Màn hình Dell UltraSharp U2424H 24 inch IPS 120Hz","Kích thước":"24 inch","Kiểu màn hình":"Phẳng","Tấm nền":"IPS","Tỉ lệ khung hình":"16:9","Độ phân giải":"1920 x 1080 pixels","Tần số quét":"120 Hz","Thời gian phản hồi":"5 ms","Độ sáng":"250 cd/m²","Độ tương phản":"1000:1","Độ phủ màu sRGB":"100%","Góc nhìn":"178°","Góc nghiêng":"Có hỗ trợ","Điều chỉnh độ cao":"150 mm","Treo tường":"100 x 100 mm","Cổng kết nối":"DisplayPort 1.4 x 2, HDMI 1.4 x 1, Type-C x 2, USB A x 2, Cổng ra âm thanh","Hệ thống âm thanh":"Không","Tính năng màn hình":"Hạn chế ánh sáng xanh, Chống chói, Chống nháy, Chế độ tiết kiệm điện","Công suất tiêu thụ":"Thông thường 13.7W, Tối đa 72W"}',
        'Màn hình Dell UltraSharp U2424H 24\" IPS 120Hz là một lựa chọn lý tưởng cho các chuyên gia và người dùng yêu cầu chất lượng hình ảnh vượt trội cùng hiệu suất mượt mà. Với kích thước 24 inch, màn hình này cung cấp không gian làm việc tối ưu mà vẫn giữ được mật độ điểm ảnh sắc nét. Tấm nền IPS tiên tiến đảm bảo góc nhìn rộng 178 độ và tái tạo màu sắc sống động, chính xác đến từng chi tiết, rất phù hợp cho công việc thiết kế đồ họa, chỉnh sửa ảnh hoặc các tác vụ yêu cầu độ trung thực màu cao. Điểm nổi bật của U2424H là tần số quét 120Hz, mang lại trải nghiệm hình ảnh cực kỳ mượt mà, giảm hiện tượng xé hình và giật lag, không chỉ cải thiện sự thoải mái khi làm việc với các ứng dụng có chuyển động nhanh mà còn nâng cao trải nghiệm giải trí hoặc chơi game nhẹ.\n\nThiết kế của Dell UltraSharp U2424H thừa hưởng sự tinh tế đặc trưng của dòng UltraSharp, với viền màn hình siêu mỏng cho phép thiết lập đa màn hình liền mạch. Chân đế công thái học đa năng cho phép điều chỉnh độ cao, xoay, nghiêng và xoay dọc (pivot), giúp người dùng dễ dàng tìm được tư thế làm việc thoải mái nhất, giảm mỏi mắt và cổ trong thời gian dài.\n\nVề khả năng kết nối, màn hình này được trang bị đầy đủ các cổng cần thiết như HDMI, DisplayPort và đặc biệt là USB-C với khả năng cung cấp điện (power delivery), cho phép truyền dữ liệu, video và sạc laptop chỉ bằng một sợi cáp duy nhất, tối ưu hóa không gian bàn làm việc. Ngoài ra, hub USB tích hợp cũng giúp mở rộng khả năng kết nối thiết bị ngoại vi.\n\nDell UltraSharp U2424H không chỉ là một công cụ làm việc hiệu quả mà còn là một trung tâm giải trí đa phương tiện chất lượng cao.',
        1, 'https://product.hstatic.net/200000722513/product/monitor-ultrasharp-u2424h-gy-gallery-2_4197c0dd87854f26a6f84276613c0a48.png'
    );
INSERT INTO product_category (product_id, category_id) VALUES (683, 16);
INSERT INTO product_variant (
        product_id, name, seo_name, supplier_id, price, price_sale, quantity, sku, model, barcode, 
        specifications, description, warranty, image_url, release_at, created_by)
        VALUES ( 683, 'Màn hình Dell UltraSharp U2424H 24" IPS 120Hz', 'man-hinh-dell-ultrasharp-u2424h-24-ips-120hz',
            1, 6290000, 5390000, 10, 'MAN-DEL-U2424H',
            'MAN-DEL-U2424H', 'MAN-DEL-U2424H',
            '{"Tên sản phẩm":"Màn hình Dell UltraSharp U2424H 24 inch IPS 120Hz","Kích thước":"24 inch","Kiểu màn hình":"Phẳng","Tấm nền":"IPS","Tỉ lệ khung hình":"16:9","Độ phân giải":"1920 x 1080 pixels","Tần số quét":"120 Hz","Thời gian phản hồi":"5 ms","Độ sáng":"250 cd/m²","Độ tương phản":"1000:1","Độ phủ màu sRGB":"100%","Góc nhìn":"178°","Góc nghiêng":"Có hỗ trợ","Điều chỉnh độ cao":"150 mm","Treo tường":"100 x 100 mm","Cổng kết nối":"DisplayPort 1.4 x 2, HDMI 1.4 x 1, Type-C x 2, USB A x 2, Cổng ra âm thanh","Hệ thống âm thanh":"Không","Tính năng màn hình":"Hạn chế ánh sáng xanh, Chống chói, Chống nháy, Chế độ tiết kiệm điện","Công suất tiêu thụ":"Thông thường 13.7W, Tối đa 72W"}',
            'Màn hình Dell UltraSharp U2424H 24\" IPS 120Hz là một lựa chọn lý tưởng cho các chuyên gia và người dùng yêu cầu chất lượng hình ảnh vượt trội cùng hiệu suất mượt mà. Với kích thước 24 inch, màn hình này cung cấp không gian làm việc tối ưu mà vẫn giữ được mật độ điểm ảnh sắc nét. Tấm nền IPS tiên tiến đảm bảo góc nhìn rộng 178 độ và tái tạo màu sắc sống động, chính xác đến từng chi tiết, rất phù hợp cho công việc thiết kế đồ họa, chỉnh sửa ảnh hoặc các tác vụ yêu cầu độ trung thực màu cao. Điểm nổi bật của U2424H là tần số quét 120Hz, mang lại trải nghiệm hình ảnh cực kỳ mượt mà, giảm hiện tượng xé hình và giật lag, không chỉ cải thiện sự thoải mái khi làm việc với các ứng dụng có chuyển động nhanh mà còn nâng cao trải nghiệm giải trí hoặc chơi game nhẹ.\n\nThiết kế của Dell UltraSharp U2424H thừa hưởng sự tinh tế đặc trưng của dòng UltraSharp, với viền màn hình siêu mỏng cho phép thiết lập đa màn hình liền mạch. Chân đế công thái học đa năng cho phép điều chỉnh độ cao, xoay, nghiêng và xoay dọc (pivot), giúp người dùng dễ dàng tìm được tư thế làm việc thoải mái nhất, giảm mỏi mắt và cổ trong thời gian dài.\n\nVề khả năng kết nối, màn hình này được trang bị đầy đủ các cổng cần thiết như HDMI, DisplayPort và đặc biệt là USB-C với khả năng cung cấp điện (power delivery), cho phép truyền dữ liệu, video và sạc laptop chỉ bằng một sợi cáp duy nhất, tối ưu hóa không gian bàn làm việc. Ngoài ra, hub USB tích hợp cũng giúp mở rộng khả năng kết nối thiết bị ngoại vi.\n\nDell UltraSharp U2424H không chỉ là một công cụ làm việc hiệu quả mà còn là một trung tâm giải trí đa phương tiện chất lượng cao.',
            36, 'https://product.hstatic.net/200000722513/product/monitor-ultrasharp-u2424h-gy-gallery-2_4197c0dd87854f26a6f84276613c0a48.png', '2024-03-19T04:10:18+00:00',1);
        
INSERT INTO product_image (name, product_variant_id, image_url, is_main)
VALUES
    ('Ảnh 1', 683, 'https://product.hstatic.net/200000722513/product/monitor-ultrasharp-u2424h-gy-gallery-2_4197c0dd87854f26a6f84276613c0a48.png', TRUE),
    ('Ảnh 2', 683, 'https://product.hstatic.net/200000722513/product/gearvn-man-hinh-dell-ultrasharp-u2424h-24-ips-120hz-1_50842d4bdb0049a7b14fdfb82cb151f5.jpg', FALSE),
    ('Ảnh 3', 683, 'https://product.hstatic.net/200000722513/product/gearvn-man-hinh-dell-ultrasharp-u2424h-24-ips-120hz-2_30ff1bffab864f6c8b6f819313f61405.jpg', FALSE),
    ('Ảnh 4', 683, 'https://product.hstatic.net/200000722513/product/gearvn-man-hinh-dell-ultrasharp-u2424h-24-ips-120hz-3_80e0bd7f128f47aea58249f7a8d4a222.jpg', FALSE),
    ('Ảnh 5', 683, 'https://product.hstatic.net/200000722513/product/gearvn-man-hinh-dell-ultrasharp-u2424h-24-ips-120hz-4_aab31c69daa4402892c5ab2a2cf1e6a5.jpg', FALSE),
    ('Ảnh 6', 683, 'https://product.hstatic.net/200000722513/product/gearvn-man-hinh-dell-ultrasharp-u2424h-24-ips-120hz-5_6064800a0ef746debf39b057078047cf.jpg', FALSE),
    ('Ảnh 7', 683, 'https://product.hstatic.net/200000722513/product/gearvn-man-hinh-dell-ultrasharp-u2424h-24-ips-120hz-6_bb980a2ba5854d8998e33fb7e0fb3003.jpg', FALSE);
---
INSERT INTO product (name, seo_name, brand_id, specifications, description, created_by, image_url) 
    VALUES (
        'Màn hình LG 24MR400-B 24" IPS 100Hz', 'man-hinh-lg-24mr400-b-24-ips-100hz', 12,
        '{"Kích thước màn hình": "23.8 inch", "Loại tấm nền": "IPS", "Độ phân giải": "Full HD (1920 x 1080)", "Tần số quét": "100Hz", "Thời gian phản hồi": "5ms (GtG)", "Độ sáng": "250 cd/m²", "Tỷ lệ tương phản": "3000:1", "Góc nhìn": "178°/178°", "Số màu hiển thị": "16.7 triệu màu", "Cổng kết nối": "HDMI, D-Sub", "Công nghệ màn hình": "AMD FreeSync, Chế độ đọc sách (Reader Mode), Flicker Safe", "Công suất tiêu thụ": "16.8W (điển hình), <0.3W (chế độ chờ)", "Nguồn điện": "AC 100-240V, 50/60Hz", "Kích thước có chân đế (R x C x S)": "541 x 428.5 x 193 mm", "Kích thước không chân đế (R x C x S)": "541 x 322.6 x 45.1 mm", "Trọng lượng có chân đế": "2.7 kg", "Trọng lượng không chân đế": "2.3 kg", "Tương thích VESA": "100 x 100 mm", "Chân đế": "Nghiêng", "Màu sắc": "Đen", "Thương hiệu": "LG", "Model": "24MR400-B"}',
        '- Hỗ trợ đổi mới trong 7 ngày.\n- Hỗ trợ trả góp MPOS (thẻ tín dụng), HD SAISON (Xem chi tiết).\n\n## Đánh giá chi tiết màn hình LG 24MR400-B 24\" IPS 100Hz\n\nMàn hình LG được biết đến với khả năng hiển thị vượt trội so với những sản phẩm trong cùng phân khúc và nhu cầu sử dụng như làm việc, học tập. Minh chứng cho điều đó chính là LG 24MR400-B.\n\n### Thiết kế tinh tế và đơn giản\n\nKhông hầm hố, không gai góc, không mạnh mẽ - đó chính là những yếu tố về mặt thiết kế mà LG 24MR400-B mang trên mình. Mọi góc cạnh trên chiếc màn hình 24 inch được hoàn thiện để hướng đến một sản phẩm thân thiện cho mọi không gian sử dụng. Ba cạnh viền mỏng cho góc nhìn rộng hơn, kết hợp cùng khả năng tùy chỉnh độ nghiêng thuận tiện giúp cho LG 24MR400-B trở thành một lựa chọn đáng cân nhắc trong dòng màn hình văn phòng.\n\n### Khả năng hiển thị đáp ứng mọi kỳ vọng\n\nMọi hình ảnh và chi tiết được hiển thị trên tấm nền IPS với độ phân giải Full HD của LG 24MR400-B được tối đa hóa về màu sắc và góc nhìn. Để xứng đáng với danh xưng \"ông vua\" trong màn hình trình chiếu, LG 24MR400-B còn được trang bị thêm tần số quét 100Hz, giúp mang đến những chuyển động mượt mà hơn và tối ưu trải nghiệm sử dụng cho người dùng.\n\n### Công nghệ bảo vệ mắt hiệu quả\n\nĐược sinh ra để phục vụ công việc và học tập, LG 24MR400-B có trách nhiệm bảo vệ đôi mắt của bạn với 2 chế độ: đọc sách và chống nháy. Cả hai chế độ này được tinh chỉnh nhằm phục vụ nhu cầu sử dụng trong thời gian dài, qua đó giảm thiểu tình trạng mỏi mắt và các bệnh lý liên quan.\n\n### Trải nghiệm giải trí nhẹ nhàng\n\nMặc dù không thể sánh ngang với màn hình gaming, LG 24MR400-B vẫn được trang bị công nghệ AMD FreeSync, giúp mang đến khả năng đồng bộ hình ảnh tuyệt hảo, loại bỏ tình trạng xé màn hình, giật lag. Ngoài ra, LG 24MR400-B còn có khả năng tối ưu sáng với tên gọi Cân bằng tối. Nhờ công nghệ này, mọi chi tiết bóng tối trong game sẽ được làm sáng tỏ, mang lại lợi thế nhất định cho game thủ trong các trận chiến.\n\n### Tùy chỉnh dễ dàng\n\nMọi cài đặt trên LG 24MR400-B sẽ được tùy chỉnh thông qua OnScreen Control. Bộ cài đặt này mang đến vô vàn tùy biến phục vụ cho công việc lẫn học tập của người dùng, như chia đôi màn hình, tùy chỉnh hình ảnh hiển thị,...',
        1, 'https://product.hstatic.net/200000722513/product/medium01_f24d7ece218a4ba5b88dc14ce521de79.jpg'
    );
INSERT INTO product_category (product_id, category_id) VALUES (684, 16);
INSERT INTO product_variant (
        product_id, name, seo_name, supplier_id, price, price_sale, quantity, sku, model, barcode, 
        specifications, description, warranty, image_url, release_at, created_by)
        VALUES ( 684, 'Màn hình LG 24MR400-B 24" IPS 100Hz', 'man-hinh-lg-24mr400-b-24-ips-100hz',
            1, 2990000, 2190000, 10, 'MAN-LG-24MR400-B',
            'MAN-LG-24MR400-B', 'MAN-LG-24MR400-B',
            '{"Kích thước màn hình": "23.8 inch", "Loại tấm nền": "IPS", "Độ phân giải": "Full HD (1920 x 1080)", "Tần số quét": "100Hz", "Thời gian phản hồi": "5ms (GtG)", "Độ sáng": "250 cd/m²", "Tỷ lệ tương phản": "3000:1", "Góc nhìn": "178°/178°", "Số màu hiển thị": "16.7 triệu màu", "Cổng kết nối": "HDMI, D-Sub", "Công nghệ màn hình": "AMD FreeSync, Chế độ đọc sách (Reader Mode), Flicker Safe", "Công suất tiêu thụ": "16.8W (điển hình), <0.3W (chế độ chờ)", "Nguồn điện": "AC 100-240V, 50/60Hz", "Kích thước có chân đế (R x C x S)": "541 x 428.5 x 193 mm", "Kích thước không chân đế (R x C x S)": "541 x 322.6 x 45.1 mm", "Trọng lượng có chân đế": "2.7 kg", "Trọng lượng không chân đế": "2.3 kg", "Tương thích VESA": "100 x 100 mm", "Chân đế": "Nghiêng", "Màu sắc": "Đen", "Thương hiệu": "LG", "Model": "24MR400-B"}',
            '- Hỗ trợ đổi mới trong 7 ngày.\n- Hỗ trợ trả góp MPOS (thẻ tín dụng), HD SAISON (Xem chi tiết).\n\n## Đánh giá chi tiết màn hình LG 24MR400-B 24\" IPS 100Hz\n\nMàn hình LG được biết đến với khả năng hiển thị vượt trội so với những sản phẩm trong cùng phân khúc và nhu cầu sử dụng như làm việc, học tập. Minh chứng cho điều đó chính là LG 24MR400-B.\n\n### Thiết kế tinh tế và đơn giản\n\nKhông hầm hố, không gai góc, không mạnh mẽ - đó chính là những yếu tố về mặt thiết kế mà LG 24MR400-B mang trên mình. Mọi góc cạnh trên chiếc màn hình 24 inch được hoàn thiện để hướng đến một sản phẩm thân thiện cho mọi không gian sử dụng. Ba cạnh viền mỏng cho góc nhìn rộng hơn, kết hợp cùng khả năng tùy chỉnh độ nghiêng thuận tiện giúp cho LG 24MR400-B trở thành một lựa chọn đáng cân nhắc trong dòng màn hình văn phòng.\n\n### Khả năng hiển thị đáp ứng mọi kỳ vọng\n\nMọi hình ảnh và chi tiết được hiển thị trên tấm nền IPS với độ phân giải Full HD của LG 24MR400-B được tối đa hóa về màu sắc và góc nhìn. Để xứng đáng với danh xưng \"ông vua\" trong màn hình trình chiếu, LG 24MR400-B còn được trang bị thêm tần số quét 100Hz, giúp mang đến những chuyển động mượt mà hơn và tối ưu trải nghiệm sử dụng cho người dùng.\n\n### Công nghệ bảo vệ mắt hiệu quả\n\nĐược sinh ra để phục vụ công việc và học tập, LG 24MR400-B có trách nhiệm bảo vệ đôi mắt của bạn với 2 chế độ: đọc sách và chống nháy. Cả hai chế độ này được tinh chỉnh nhằm phục vụ nhu cầu sử dụng trong thời gian dài, qua đó giảm thiểu tình trạng mỏi mắt và các bệnh lý liên quan.\n\n### Trải nghiệm giải trí nhẹ nhàng\n\nMặc dù không thể sánh ngang với màn hình gaming, LG 24MR400-B vẫn được trang bị công nghệ AMD FreeSync, giúp mang đến khả năng đồng bộ hình ảnh tuyệt hảo, loại bỏ tình trạng xé màn hình, giật lag. Ngoài ra, LG 24MR400-B còn có khả năng tối ưu sáng với tên gọi Cân bằng tối. Nhờ công nghệ này, mọi chi tiết bóng tối trong game sẽ được làm sáng tỏ, mang lại lợi thế nhất định cho game thủ trong các trận chiến.\n\n### Tùy chỉnh dễ dàng\n\nMọi cài đặt trên LG 24MR400-B sẽ được tùy chỉnh thông qua OnScreen Control. Bộ cài đặt này mang đến vô vàn tùy biến phục vụ cho công việc lẫn học tập của người dùng, như chia đôi màn hình, tùy chỉnh hình ảnh hiển thị,...',
            24, 'https://product.hstatic.net/200000722513/product/medium01_f24d7ece218a4ba5b88dc14ce521de79.jpg', '2024-11-27T07:44:03+00:00',1);
        
INSERT INTO product_image (name, product_variant_id, image_url, is_main)
VALUES
    ('Ảnh 1', 684, 'https://product.hstatic.net/200000722513/product/medium01_f24d7ece218a4ba5b88dc14ce521de79.jpg', TRUE),
    ('Ảnh 2', 684, 'https://product.hstatic.net/200000722513/product/large05_44ba836748964cd0ad62b1f1577047c1.jpg', FALSE),
    ('Ảnh 3', 684, 'https://product.hstatic.net/200000722513/product/large03_b88b0dba30c341d792daebaef5aff00d.jpg', FALSE),
    ('Ảnh 4', 684, 'https://product.hstatic.net/200000722513/product/large02_19465dccad0e411f9c3dd747ef616a94.jpg', FALSE);
---
INSERT INTO product (name, seo_name, brand_id, specifications, description, created_by, image_url) 
    VALUES (
        'Màn hình ASUS Swift Pro PG248QP 24" 540Hz G-Sync chuyên game', 'man-hinh-asus-swift-pro-pg248qp-24-540hz-g-sync-chuyen-game', 3,
        '{"Nhà sản xuất": "ASUS"}',
        'Màn hình ASUS Swift Pro PG248QP 24\" 540Hz G-Sync chuyên game là đỉnh cao công nghệ dành cho các game thủ esports chuyên nghiệp và những ai đòi hỏi tốc độ phản hồi tuyệt đối. Với kích thước 24 inch lý tưởng, màn hình này cung cấp góc nhìn tối ưu, giúp game thủ dễ dàng bao quát toàn bộ hành động trên màn hình mà không cần phải di chuyển mắt quá nhiều, một lợi thế cực kỳ quan trọng trong các trận đấu gay cấn. Điểm nổi bật nhất chính là tần số quét siêu khủng 540Hz, loại bỏ hoàn toàn hiện tượng xé hình và giật lag, mang lại trải nghiệm chơi game mượt mà đến khó tin, từng khung hình được hiển thị rõ ràng và sắc nét tức thì. Công nghệ NVIDIA G-Sync tích hợp đảm bảo đồng bộ hóa hoàn hảo giữa GPU và màn hình, loại bỏ tearing và stuttering, cho phép bạn tận hưởng mọi khoảnh khắc với độ chính xác cao nhất. Cùng với thời gian phản hồi cực nhanh, màn hình PG248QP giúp bạn phản ứng nhanh hơn đối thủ, biến từng mili giây thành lợi thế quyết định. Thiết kế công thái học cho phép điều chỉnh đa dạng về độ cao, góc nghiêng, xoay và pivot, giúp người dùng dễ dàng tìm được tư thế thoải mái nhất trong những phiên chơi game dài. Đây không chỉ là một chiếc màn hình, mà là công cụ chiến thắng giúp bạn vươn tới đỉnh cao trong mọi tựa game cạnh tranh.',
        1, 'https://product.hstatic.net/200000722513/product/avatar_ed191c39ece34a2b8644a2024cbb4a3b.jpg'
    );
INSERT INTO product_category (product_id, category_id) VALUES (685, 16);
INSERT INTO product_variant (
        product_id, name, seo_name, supplier_id, price, price_sale, quantity, sku, model, barcode, 
        specifications, description, warranty, image_url, release_at, created_by)
        VALUES ( 685, 'Màn hình ASUS Swift Pro PG248QP 24" 540Hz G-Sync chuyên game', 'man-hinh-asus-swift-pro-pg248qp-24-540hz-g-sync-chuyen-game',
            1, 26900000, 23490000, 10, 'MAN-ASU-PG248QP',
            'MAN-ASU-PG248QP', 'MAN-ASU-PG248QP',
            '{"Kích thước màn hình": "24.1 inch","Độ phân giải": "FHD (1920 x 1080)","Tấm nền": "TN (Esports-TN)","Tần số quét tối đa": "540Hz","Thời gian phản hồi": "0.2ms (GTG)","Công nghệ VRR": "NVIDIA G-Sync, Adaptive-Sync","Độ sáng": "400 cd/m² (Typ.)","Tỷ lệ tương phản": "1000:1","Hỗ trợ HDR": "HDR10","Số màu hiển thị": "16.7M","Cổng kết nối": "DisplayPort 1.4 DSC x 1, HDMI 2.0 x 2, USB Hub 2x USB 3.2 Gen 1 Type-A, Cổng tai nghe","Tính năng nổi bật": "NVIDIA G-SYNC, NVIDIA Reflex Analyzer, NVIDIA ULMB 2, ESS DAC, Chân đế có thể thu lại","Kích thước (không chân đế)": "55.73 x 33.04 x 8.58 cm","Trọng lượng (không chân đế)": "3.6 kg"}',
            'Màn hình ASUS Swift Pro PG248QP 24\" 540Hz G-Sync chuyên game là đỉnh cao công nghệ dành cho các game thủ esports chuyên nghiệp và những ai đòi hỏi tốc độ phản hồi tuyệt đối. Với kích thước 24 inch lý tưởng, màn hình này cung cấp góc nhìn tối ưu, giúp game thủ dễ dàng bao quát toàn bộ hành động trên màn hình mà không cần phải di chuyển mắt quá nhiều, một lợi thế cực kỳ quan trọng trong các trận đấu gay cấn. Điểm nổi bật nhất chính là tần số quét siêu khủng 540Hz, loại bỏ hoàn toàn hiện tượng xé hình và giật lag, mang lại trải nghiệm chơi game mượt mà đến khó tin, từng khung hình được hiển thị rõ ràng và sắc nét tức thì. Công nghệ NVIDIA G-Sync tích hợp đảm bảo đồng bộ hóa hoàn hảo giữa GPU và màn hình, loại bỏ tearing và stuttering, cho phép bạn tận hưởng mọi khoảnh khắc với độ chính xác cao nhất. Cùng với thời gian phản hồi cực nhanh, màn hình PG248QP giúp bạn phản ứng nhanh hơn đối thủ, biến từng mili giây thành lợi thế quyết định. Thiết kế công thái học cho phép điều chỉnh đa dạng về độ cao, góc nghiêng, xoay và pivot, giúp người dùng dễ dàng tìm được tư thế thoải mái nhất trong những phiên chơi game dài. Đây không chỉ là một chiếc màn hình, mà là công cụ chiến thắng giúp bạn vươn tới đỉnh cao trong mọi tựa game cạnh tranh.',
            36, 'https://product.hstatic.net/200000722513/product/avatar_ed191c39ece34a2b8644a2024cbb4a3b.jpg', '2024-01-18T10:24:28+00:00',1);
        
INSERT INTO product_image (name, product_variant_id, image_url, is_main)
VALUES
    ('Ảnh 1', 685, 'https://product.hstatic.net/200000722513/product/avatar_ed191c39ece34a2b8644a2024cbb4a3b.jpg', TRUE),
    ('Ảnh 2', 685, 'https://product.hstatic.net/200000722513/product/gearvn-man-hinh-asus-swift-pro-pg248qp-24-540hz-g-sync-chuyen-game-1_552afbc1e7eb47ab9f43e51360600143.jpg', FALSE),
    ('Ảnh 3', 685, 'https://product.hstatic.net/200000722513/product/gearvn-man-hinh-asus-swift-pro-pg248qp-24-540hz-g-sync-chuyen-game-2_2c655cb61e824588ac33be6517409454.jpg', FALSE),
    ('Ảnh 4', 685, 'https://product.hstatic.net/200000722513/product/gearvn-man-hinh-asus-swift-pro-pg248qp-24-540hz-g-sync-chuyen-game-3_1fc103ca73f945e295d18a36f44fe7d2.jpg', FALSE),
    ('Ảnh 5', 685, 'https://product.hstatic.net/200000722513/product/gearvn-man-hinh-asus-swift-pro-pg248qp-24-540hz-g-sync-chuyen-game-4_be36d2379aca4211b0a7cbde205aa53e.jpg', FALSE),
    ('Ảnh 6', 685, 'https://product.hstatic.net/200000722513/product/gearvn-man-hinh-asus-swift-pro-pg248qp-24-540hz-g-sync-chuyen-game-5_74d5dd2ddf76469b8573275365af3157.jpg', FALSE),
    ('Ảnh 7', 685, 'https://product.hstatic.net/200000722513/product/gearvn-man-hinh-asus-swift-pro-pg248qp-24-540hz-g-sync-chuyen-game-6_287236e46e3c4afc9d4128ec5896c1a1.jpg', FALSE);
---
INSERT INTO product (name, seo_name, brand_id, specifications, description, created_by, image_url) 
    VALUES (
        'Màn hình HKC MB24V9-U 24" IPS 100Hz', 'man-hinh-hkc-mb24v9-u-24-ips-100hz', 58,
        '{"Hãng sản xuất": "HKC", "Model": "MB24V9-U", "Kích thước màn hình": "24 inch", "Độ phân giải": "Full HD (1920 x 1080)", "Tấm nền": "IPS", "Tỉ lệ": "16:9", "Tần số quét": "100Hz", "Độ sáng": "250 cd/m²", "Khả năng hiển thị màu sắc": "16.7 triệu màu", "Thời gian đáp ứng": "5ms (GTG)", "Góc nhìn": "178°(H)/178°(V)", "Cổng kết nối": "1 x VGA, 1 x HDMI, 1 x DC in", "Trọng lượng": "4.3kg", "Kích thước": "616 x 405 x 132 mm", "VESA mounting": "75 x 75 mm"}',
        'Màn hình HKC MB24V9-U 24\" IPS 100Hz là lựa chọn lý tưởng cho cả công việc và giải trí, mang đến trải nghiệm hình ảnh mượt mà và sắc nét vượt trội. Với kích thước 24 inch tiêu chuẩn, màn hình này cung cấp không gian hiển thị tối ưu, lý tưởng để làm việc với các ứng dụng văn phòng, duyệt web hay thưởng thức nội dung đa phương tiện mà không chiếm quá nhiều diện tích bàn làm việc.\n\nĐiểm nhấn chính là tấm nền IPS cao cấp, đảm bảo màu sắc được tái tạo chân thực, sống động và nhất quán từ mọi góc nhìn rộng lên đến 178 độ, loại bỏ hoàn toàn hiện tượng biến đổi màu sắc khi nhìn từ các góc khác nhau. Độ phân giải Full HD (1920x1080) sắc nét mang lại chi tiết rõ ràng cho văn bản, hình ảnh và video, nâng cao hiệu suất làm việc và trải nghiệm giải trí.\n\nĐiểm nổi bật khác của HKC MB24V9-U chính là tần số quét 100Hz. Mức tần số này cao hơn đáng kể so với các màn hình 60Hz truyền thống, giúp loại bỏ hiện tượng xé hình (tearing) và giật lag, mang lại chuyển động mượt mà hơn trong các tác vụ hàng ngày như cuộn trang web, xem phim và đặc biệt là chơi game giải trí nhẹ. Thời gian phản hồi nhanh (thường là 5ms GtG) càng tăng cường khả năng hiển thị mượt mà, giảm thiểu bóng mờ cho các cảnh hành động nhanh.\n\nThiết kế viền mỏng ba cạnh (bezel-less) không chỉ tạo vẻ ngoài hiện đại, tinh tế mà còn tối ưu hóa không gian hiển thị, rất phù hợp cho việc thiết lập đa màn hình, tạo nên một không gian làm việc liền mạch. Màn hình còn được trang bị đầy đủ các cổng kết nối phổ biến như HDMI và VGA, đảm bảo khả năng tương thích rộng rãi với nhiều thiết bị khác nhau.\n\nCông nghệ bảo vệ mắt như lọc ánh sáng xanh và chống nháy hình (Flicker-Free) cũng được tích hợp, giúp giảm mỏi mắt khi sử dụng trong thời gian dài, bảo vệ thị lực người dùng. HKC MB24V9-U 24\" IPS 100Hz thực sự là một sự kết hợp hoàn hảo giữa hiệu năng ổn định, chất lượng hình ảnh xuất sắc và thiết kế hiện đại, đáp ứng mọi nhu cầu từ làm việc đến giải trí.',
        1, 'https://product.hstatic.net/200000722513/product/mb24v9_mb27v9-02.png_f1ae161790f4417aa03335ab1590a543.jpg'
    );
INSERT INTO product_category (product_id, category_id) VALUES (686, 16);
INSERT INTO product_variant (
        product_id, name, seo_name, supplier_id, price, price_sale, quantity, sku, model, barcode, 
        specifications, description, warranty, image_url, release_at, created_by)
        VALUES ( 686, 'Màn hình HKC MB24V9-U 24" IPS 100Hz', 'man-hinh-hkc-mb24v9-u-24-ips-100hz',
            1, 3090000, 1790000, 10, 'MAN-HKC-MB24V9-U',
            'MAN-HKC-MB24V9-U', 'MAN-HKC-MB24V9-U',
            '{"Hãng sản xuất": "HKC", "Model": "MB24V9-U", "Kích thước màn hình": "24 inch", "Độ phân giải": "Full HD (1920 x 1080)", "Tấm nền": "IPS", "Tỉ lệ": "16:9", "Tần số quét": "100Hz", "Độ sáng": "250 cd/m²", "Khả năng hiển thị màu sắc": "16.7 triệu màu", "Thời gian đáp ứng": "5ms (GTG)", "Góc nhìn": "178°(H)/178°(V)", "Cổng kết nối": "1 x VGA, 1 x HDMI, 1 x DC in", "Trọng lượng": "4.3kg", "Kích thước": "616 x 405 x 132 mm", "VESA mounting": "75 x 75 mm"}',
            'Màn hình HKC MB24V9-U 24\" IPS 100Hz là lựa chọn lý tưởng cho cả công việc và giải trí, mang đến trải nghiệm hình ảnh mượt mà và sắc nét vượt trội. Với kích thước 24 inch tiêu chuẩn, màn hình này cung cấp không gian hiển thị tối ưu, lý tưởng để làm việc với các ứng dụng văn phòng, duyệt web hay thưởng thức nội dung đa phương tiện mà không chiếm quá nhiều diện tích bàn làm việc.\n\nĐiểm nhấn chính là tấm nền IPS cao cấp, đảm bảo màu sắc được tái tạo chân thực, sống động và nhất quán từ mọi góc nhìn rộng lên đến 178 độ, loại bỏ hoàn toàn hiện tượng biến đổi màu sắc khi nhìn từ các góc khác nhau. Độ phân giải Full HD (1920x1080) sắc nét mang lại chi tiết rõ ràng cho văn bản, hình ảnh và video, nâng cao hiệu suất làm việc và trải nghiệm giải trí.\n\nĐiểm nổi bật khác của HKC MB24V9-U chính là tần số quét 100Hz. Mức tần số này cao hơn đáng kể so với các màn hình 60Hz truyền thống, giúp loại bỏ hiện tượng xé hình (tearing) và giật lag, mang lại chuyển động mượt mà hơn trong các tác vụ hàng ngày như cuộn trang web, xem phim và đặc biệt là chơi game giải trí nhẹ. Thời gian phản hồi nhanh (thường là 5ms GtG) càng tăng cường khả năng hiển thị mượt mà, giảm thiểu bóng mờ cho các cảnh hành động nhanh.\n\nThiết kế viền mỏng ba cạnh (bezel-less) không chỉ tạo vẻ ngoài hiện đại, tinh tế mà còn tối ưu hóa không gian hiển thị, rất phù hợp cho việc thiết lập đa màn hình, tạo nên một không gian làm việc liền mạch. Màn hình còn được trang bị đầy đủ các cổng kết nối phổ biến như HDMI và VGA, đảm bảo khả năng tương thích rộng rãi với nhiều thiết bị khác nhau.\n\nCông nghệ bảo vệ mắt như lọc ánh sáng xanh và chống nháy hình (Flicker-Free) cũng được tích hợp, giúp giảm mỏi mắt khi sử dụng trong thời gian dài, bảo vệ thị lực người dùng. HKC MB24V9-U 24\" IPS 100Hz thực sự là một sự kết hợp hoàn hảo giữa hiệu năng ổn định, chất lượng hình ảnh xuất sắc và thiết kế hiện đại, đáp ứng mọi nhu cầu từ làm việc đến giải trí.',
            24, 'https://product.hstatic.net/200000722513/product/mb24v9_mb27v9-02.png_f1ae161790f4417aa03335ab1590a543.jpg', '2023-10-09T07:23:10+00:00',1);
        
INSERT INTO product_image (name, product_variant_id, image_url, is_main)
VALUES
    ('Ảnh 1', 686, 'https://product.hstatic.net/200000722513/product/mb24v9_mb27v9-02.png_f1ae161790f4417aa03335ab1590a543.jpg', TRUE),
    ('Ảnh 2', 686, 'https://product.hstatic.net/200000722513/product/mb24v9_mb27v9-01_8fb95f092ce54ec6994e2621530c7b70.png', FALSE),
    ('Ảnh 3', 686, 'https://product.hstatic.net/200000722513/product/mb24v9_mb27v9-02_1582d3118a02442f99256b815a4ddb44.png', FALSE),
    ('Ảnh 4', 686, 'https://product.hstatic.net/200000722513/product/mb24v9_mb27v9-03_b0c551d0f5204a028c76b33e13f54dea.png', FALSE),
    ('Ảnh 5', 686, 'https://product.hstatic.net/200000722513/product/mb24v9_mb27v9-04_a12375dc80fe480183172a6fe29384a6.png', FALSE),
    ('Ảnh 6', 686, 'https://product.hstatic.net/200000722513/product/mb24v9_mb27v9-05_81ff2b9c5ecf4e5eb5f932853335f4f8.png', FALSE),
    ('Ảnh 7', 686, 'https://product.hstatic.net/200000722513/product/mb24v9_mb27v9-06_3e3636b148774fb5ba8cd486783880a2.png', FALSE),
    ('Ảnh 8', 686, 'https://product.hstatic.net/200000722513/product/mb24v9_mb27v9-07_937f898874fd47609db69f9d88ae029b.png', FALSE),
    ('Ảnh 9', 686, 'https://product.hstatic.net/200000722513/product/mb24v9_mb27v9-08_e0630536fae34cb8bb3d4809eed4c875.png', FALSE),
    ('Ảnh 10', 686, 'https://product.hstatic.net/200000722513/product/mb24v9_mb27v9-09_efac7aa1915f4c53bd16b1d994b2bab0.png', FALSE);
---
INSERT INTO product (name, seo_name, brand_id, specifications, description, created_by, image_url) 
    VALUES (
        'Màn hình Asus TUF GAMING VG249Q3A 24" Fast IPS 180Hz Gsync chuyên game', 'man-hinh-asus-tuf-gaming-vg249q3a-24-fast-ips-180hz-gsync-chuyen-game', 3,
        '{"Nhà sản xuất": "ASUS", "Bảo hành": "36 tháng", "Kích thước màn hình": "24 inch", "Tỉ lệ khung hình": "16:9", "Diện tích hiển thị": "527.04 x 296.46 mm", "Tấm nền": "Fast IPS", "Góc nhìn": "178°/178°", "Độ phân giải": "1920 x 1080", "Độ sáng": "250 cd/㎡", "Loại màn hình": "LED", "Màu sắc": "16.7 triệu màu, sRGB 99%", "Thời gian phản hồi": "1ms (GTG)", "Tần số quét": "180Hz", "Công nghệ Flicker-Free": "Có", "Kích thước điểm ảnh": "0.2745mm", "Độ tương phản tĩnh": "1000:1", "Độ tương phản động": "10000000:1", "Cổng kết nối": "DisplayPort 1.2 x 1, HDMI (v2.0) x 2, Jack tai nghe", "Mức tiêu thụ điện": "Chế độ hoạt động: <18W, Chế độ tiết kiệm điện: <0.5W, Chế độ chờ: <0.3W, Nguồn điện: 100-240V, 50/60Hz", "Thiết kế chân đế": "Có thể điều chỉnh độ nghiêng: +23° ~ -5°", "Chuẩn treo tường VESA": "100 x 100mm", "Loa": "2W x 2", "Kích thước": "541 x 394 x 174 mm (Có chân đế), 541 x 323 x 58 mm (Không chân đế), 600 x 405 x 168 mm (Đóng gói)", "Trọng lượng": "3.5 Kg (Có chân đế), 2.9 Kg (Không chân đế), 5.5 Kg (Đóng gói)", "Phụ kiện đi kèm": "Cáp DisplayPort, Cáp HDMI, Tua vít chữ L, Dây nguồn, Hướng dẫn nhanh, Thẻ bảo hành"}',
        'Màn hình Asus TUF GAMING VG249Q3A 24\" Fast IPS 180Hz G-Sync chuyên game là lựa chọn hoàn hảo cho các game thủ tìm kiếm trải nghiệm đỉnh cao với hình ảnh mượt mà và sắc nét. Với kích thước 24 inch tiêu chuẩn, sản phẩm này cung cấp không gian hiển thị tối ưu mà không chiếm quá nhiều diện tích bàn làm việc. Tấm nền Fast IPS tiên tiến đảm bảo màu sắc sống động, độ tương phản tuyệt vời và góc nhìn rộng 178 độ, giúp mọi khung hình trở nên chân thực hơn bao giờ hết, dù bạn nhìn từ bất kỳ góc độ nào.\n\nĐiểm nhấn mạnh mẽ nhất của VG249Q3A chính là tần số quét 180Hz siêu nhanh cùng thời gian phản hồi 1ms MPRT (Moving Picture Response Time). Sự kết hợp này loại bỏ hoàn toàn hiện tượng nhòe chuyển động và giật lag, mang lại lợi thế quyết định trong các tựa game hành động nhịp độ cao hay eSports. Công nghệ G-Sync Compatible được tích hợp sẵn đảm bảo đồng bộ hóa hoàn hảo giữa card đồ họa và màn hình, loại bỏ hiện tượng xé hình (tearing) và giật hình (stuttering), cho phép bạn đắm chìm hoàn toàn vào thế giới game mà không bị phân tâm.\n\nNgoài ra, màn hình còn được trang bị các tính năng độc quyền của ASUS như ELMB Sync (Extreme Low Motion Blur Sync), giúp giảm thiểu hiện tượng nhòe và bóng mờ khi bật Adaptive Sync. Các chế độ GamePlus (Crosshair, Timer, FPS Counter, Display Alignment) và GameVisual cung cấp các tùy chỉnh tối ưu hóa hình ảnh cho từng thể loại game, từ FPS đến RTS. Thiết kế hầm hố đặc trưng của dòng TUF Gaming, cùng với chân đế chắc chắn, mang lại vẻ ngoài mạnh mẽ và bền bỉ. Với cổng kết nối đa dạng như HDMI và DisplayPort, VG249Q3A dễ dàng tương thích với nhiều hệ thống. Đây thực sự là một vũ khí lợi hại không thể thiếu cho mọi chiến binh gaming.',
        1, 'https://product.hstatic.net/200000722513/product/asus_vg249q3a_gearvn_05c634ab235d40f8baa5a512bf005b16.jpg'
    );
INSERT INTO product_category (product_id, category_id) VALUES (687, 16);
INSERT INTO product_variant (
        product_id, name, seo_name, supplier_id, price, price_sale, quantity, sku, model, barcode, 
        specifications, description, warranty, image_url, release_at, created_by)
        VALUES ( 687, 'Màn hình Asus TUF GAMING VG249Q3A 24" Fast IPS 180Hz Gsync chuyên game', 'man-hinh-asus-tuf-gaming-vg249q3a-24-fast-ips-180hz-gsync-chuyen-game',
            1, 3990000, 2990000, 10, 'MAN-ASU-TUF-VG249Q3A',
            'MAN-ASU-TUF-VG249Q3A', 'MAN-ASU-TUF-VG249Q3A',
            '{"Nhà sản xuất": "ASUS", "Bảo hành": "36 tháng", "Kích thước màn hình": "24 inch", "Tỉ lệ khung hình": "16:9", "Diện tích hiển thị": "527.04 x 296.46 mm", "Tấm nền": "Fast IPS", "Góc nhìn": "178°/178°", "Độ phân giải": "1920 x 1080", "Độ sáng": "250 cd/㎡", "Loại màn hình": "LED", "Màu sắc": "16.7 triệu màu, sRGB 99%", "Thời gian phản hồi": "1ms (GTG)", "Tần số quét": "180Hz", "Công nghệ Flicker-Free": "Có", "Kích thước điểm ảnh": "0.2745mm", "Độ tương phản tĩnh": "1000:1", "Độ tương phản động": "10000000:1", "Cổng kết nối": "DisplayPort 1.2 x 1, HDMI (v2.0) x 2, Jack tai nghe", "Mức tiêu thụ điện": "Chế độ hoạt động: <18W, Chế độ tiết kiệm điện: <0.5W, Chế độ chờ: <0.3W, Nguồn điện: 100-240V, 50/60Hz", "Thiết kế chân đế": "Có thể điều chỉnh độ nghiêng: +23° ~ -5°", "Chuẩn treo tường VESA": "100 x 100mm", "Loa": "2W x 2", "Kích thước": "541 x 394 x 174 mm (Có chân đế), 541 x 323 x 58 mm (Không chân đế), 600 x 405 x 168 mm (Đóng gói)", "Trọng lượng": "3.5 Kg (Có chân đế), 2.9 Kg (Không chân đế), 5.5 Kg (Đóng gói)", "Phụ kiện đi kèm": "Cáp DisplayPort, Cáp HDMI, Tua vít chữ L, Dây nguồn, Hướng dẫn nhanh, Thẻ bảo hành"}',
            'Màn hình Asus TUF GAMING VG249Q3A 24\" Fast IPS 180Hz G-Sync chuyên game là lựa chọn hoàn hảo cho các game thủ tìm kiếm trải nghiệm đỉnh cao với hình ảnh mượt mà và sắc nét. Với kích thước 24 inch tiêu chuẩn, sản phẩm này cung cấp không gian hiển thị tối ưu mà không chiếm quá nhiều diện tích bàn làm việc. Tấm nền Fast IPS tiên tiến đảm bảo màu sắc sống động, độ tương phản tuyệt vời và góc nhìn rộng 178 độ, giúp mọi khung hình trở nên chân thực hơn bao giờ hết, dù bạn nhìn từ bất kỳ góc độ nào.\n\nĐiểm nhấn mạnh mẽ nhất của VG249Q3A chính là tần số quét 180Hz siêu nhanh cùng thời gian phản hồi 1ms MPRT (Moving Picture Response Time). Sự kết hợp này loại bỏ hoàn toàn hiện tượng nhòe chuyển động và giật lag, mang lại lợi thế quyết định trong các tựa game hành động nhịp độ cao hay eSports. Công nghệ G-Sync Compatible được tích hợp sẵn đảm bảo đồng bộ hóa hoàn hảo giữa card đồ họa và màn hình, loại bỏ hiện tượng xé hình (tearing) và giật hình (stuttering), cho phép bạn đắm chìm hoàn toàn vào thế giới game mà không bị phân tâm.\n\nNgoài ra, màn hình còn được trang bị các tính năng độc quyền của ASUS như ELMB Sync (Extreme Low Motion Blur Sync), giúp giảm thiểu hiện tượng nhòe và bóng mờ khi bật Adaptive Sync. Các chế độ GamePlus (Crosshair, Timer, FPS Counter, Display Alignment) và GameVisual cung cấp các tùy chỉnh tối ưu hóa hình ảnh cho từng thể loại game, từ FPS đến RTS. Thiết kế hầm hố đặc trưng của dòng TUF Gaming, cùng với chân đế chắc chắn, mang lại vẻ ngoài mạnh mẽ và bền bỉ. Với cổng kết nối đa dạng như HDMI và DisplayPort, VG249Q3A dễ dàng tương thích với nhiều hệ thống. Đây thực sự là một vũ khí lợi hại không thể thiếu cho mọi chiến binh gaming.',
            36, 'https://product.hstatic.net/200000722513/product/asus_vg249q3a_gearvn_05c634ab235d40f8baa5a512bf005b16.jpg', '2023-08-02T02:23:42+00:00',1);
        
INSERT INTO product_image (name, product_variant_id, image_url, is_main)
VALUES
    ('Ảnh 1', 687, 'https://product.hstatic.net/200000722513/product/asus_vg249q3a_gearvn_05c634ab235d40f8baa5a512bf005b16.jpg', TRUE),
    ('Ảnh 2', 687, 'https://product.hstatic.net/200000722513/product/download.png_1eb1cdf82aea4fcf9344d6652dcb071d.jpg', FALSE),
    ('Ảnh 3', 687, 'https://product.hstatic.net/200000722513/product/an-hinh-asus-tuf-gaming-vg249q3a-24-fast-ips-180hz-gsync-chuyen-game-1_ecdcc5cbd7c14e7dab86c41c7f68969b.jpg', FALSE),
    ('Ảnh 4', 687, 'https://product.hstatic.net/200000722513/product/an-hinh-asus-tuf-gaming-vg249q3a-24-fast-ips-180hz-gsync-chuyen-game-2_b81575a9d2a04336a21a40570c2bd4b1.jpg', FALSE),
    ('Ảnh 5', 687, 'https://product.hstatic.net/200000722513/product/an-hinh-asus-tuf-gaming-vg249q3a-24-fast-ips-180hz-gsync-chuyen-game-3_b1e270a493db41ecadf1de2ac38d3dbd.jpg', FALSE),
    ('Ảnh 6', 687, 'https://product.hstatic.net/200000722513/product/an-hinh-asus-tuf-gaming-vg249q3a-24-fast-ips-180hz-gsync-chuyen-game-4_45abb9c985d44f50815b86c49692cd3f.jpg', FALSE),
    ('Ảnh 7', 687, 'https://product.hstatic.net/200000722513/product/an-hinh-asus-tuf-gaming-vg249q3a-24-fast-ips-180hz-gsync-chuyen-game-5_5006196929b441638cb608c13d733aa3.jpg', FALSE),
    ('Ảnh 8', 687, 'https://product.hstatic.net/200000722513/product/an-hinh-asus-tuf-gaming-vg249q3a-24-fast-ips-180hz-gsync-chuyen-game-6_316c04b4f76c496db90875337ecacc8e.jpg', FALSE);
---
INSERT INTO product (name, seo_name, brand_id, specifications, description, created_by, image_url) 
    VALUES (
        'Màn hình Viewsonic VA2436-H-PN 24" IPS 100Hz viền mỏng', 'man-hinh-viewsonic-va2436-h-pn-24-ips-100hz-vien-mong', 55,
        '{"Thương hiệu": "ViewSonic", "Bảo hành": "36 tháng"}',
        'Bước vào thế giới hình ảnh sắc nét và mượt mà với Màn hình Viewsonic VA2436-H-PN 24\" IPS 100Hz viền mỏng – sự kết hợp hoàn hảo giữa hiệu năng và phong cách hiện đại. Với kích thước 24 inch lý tưởng cùng tấm nền IPS cao cấp, bạn sẽ được đắm chìm trong màu sắc sống động, độ tương phản tuyệt vời và góc nhìn rộng vượt trội, đảm bảo mọi chi tiết hiển thị chân thực dù bạn nhìn từ bất kỳ vị trí nào.\n\nĐiểm nhấn đặc biệt của VA2436-H-PN chính là tần số quét 100Hz mượt mà. Khác biệt rõ rệt so với màn hình 60Hz truyền thống, tần số quét này mang lại trải nghiệm xem đã mắt hơn hẳn, từ việc cuộn trang web, xem phim hành động cho đến chơi các tựa game yêu cầu tốc độ vừa phải. Mọi chuyển động đều trở nên trôi chảy, giảm thiểu hiện tượng giật hình và bóng mờ, giúp đôi mắt bạn thoải mái hơn khi làm việc hay giải trí trong thời gian dài.\n\nThiết kế viền siêu mỏng không chỉ tạo nên vẻ ngoài thanh lịch, hiện đại cho không gian làm việc của bạn mà còn tối đa hóa diện tích hiển thị, mang lại cảm giác chìm đắm không giới hạn. Đây cũng là lựa chọn tuyệt vời cho các thiết lập đa màn hình, cho phép chuyển tiếp hình ảnh liền mạch như một bức tranh lớn. Độ phân giải Full HD (1920x1080) sắc nét cùng công nghệ bảo vệ mắt Flicker-Free và Blue Light Filter của ViewSonic giúp giảm mỏi mắt, bảo vệ thị lực của bạn trong suốt quá trình sử dụng.\n\nCho dù bạn là người dùng văn phòng, nhà thiết kế đồ họa nghiệp dư hay một game thủ yêu thích sự mượt mà, Màn hình Viewsonic VA2436-H-PN 24\" IPS 100Hz viền mỏng chắc chắn sẽ nâng tầm trải nghiệm thị giác của bạn lên một tầm cao mới.',
        1, 'https://product.hstatic.net/200000722513/product/gpg-23-mon-va2436-h-pn-prdp_f01_l.png_7d72506c812242f4a2bed9b835c32593.jpg'
    );
INSERT INTO product_category (product_id, category_id) VALUES (688, 16);
INSERT INTO product_variant (
        product_id, name, seo_name, supplier_id, price, price_sale, quantity, sku, model, barcode, 
        specifications, description, warranty, image_url, release_at, created_by)
        VALUES ( 688, 'Màn hình Viewsonic VA2436-H-PN 24" IPS 100Hz viền mỏng', 'man-hinh-viewsonic-va2436-h-pn-24-ips-100hz-vien-mong',
            1, 2790000, 2350000, 10, 'MAN-VIE-VA2436-H-PN',
            'MAN-VIE-VA2436-H-PN', 'MAN-VIE-VA2436-H-PN',
            '{"Kích thước màn hình": "24 inch","Tấm nền": "IPS","Tần số quét": "100 Hz","Thời gian phản hồi": "1ms (MPRT)","Độ phân giải": "FHD (1920 x 1080)","Tỷ lệ màn hình": "16:9","Độ sáng": "250 cd/m²","Tỷ lệ tương phản tĩnh": "1,000:1","Tỷ lệ tương phản động": "50M:1","Cổng kết nối": "HDMI, VGA","Công nghệ bảo vệ mắt": "Low Blue Light, Flicker-Free","Khả năng treo tường": "VESA 75 x 75 mm","Độ phủ màu": "NTSC: 75%, sRGB: 105%"}',
            'Bước vào thế giới hình ảnh sắc nét và mượt mà với Màn hình Viewsonic VA2436-H-PN 24\" IPS 100Hz viền mỏng – sự kết hợp hoàn hảo giữa hiệu năng và phong cách hiện đại. Với kích thước 24 inch lý tưởng cùng tấm nền IPS cao cấp, bạn sẽ được đắm chìm trong màu sắc sống động, độ tương phản tuyệt vời và góc nhìn rộng vượt trội, đảm bảo mọi chi tiết hiển thị chân thực dù bạn nhìn từ bất kỳ vị trí nào.\n\nĐiểm nhấn đặc biệt của VA2436-H-PN chính là tần số quét 100Hz mượt mà. Khác biệt rõ rệt so với màn hình 60Hz truyền thống, tần số quét này mang lại trải nghiệm xem đã mắt hơn hẳn, từ việc cuộn trang web, xem phim hành động cho đến chơi các tựa game yêu cầu tốc độ vừa phải. Mọi chuyển động đều trở nên trôi chảy, giảm thiểu hiện tượng giật hình và bóng mờ, giúp đôi mắt bạn thoải mái hơn khi làm việc hay giải trí trong thời gian dài.\n\nThiết kế viền siêu mỏng không chỉ tạo nên vẻ ngoài thanh lịch, hiện đại cho không gian làm việc của bạn mà còn tối đa hóa diện tích hiển thị, mang lại cảm giác chìm đắm không giới hạn. Đây cũng là lựa chọn tuyệt vời cho các thiết lập đa màn hình, cho phép chuyển tiếp hình ảnh liền mạch như một bức tranh lớn. Độ phân giải Full HD (1920x1080) sắc nét cùng công nghệ bảo vệ mắt Flicker-Free và Blue Light Filter của ViewSonic giúp giảm mỏi mắt, bảo vệ thị lực của bạn trong suốt quá trình sử dụng.\n\nCho dù bạn là người dùng văn phòng, nhà thiết kế đồ họa nghiệp dư hay một game thủ yêu thích sự mượt mà, Màn hình Viewsonic VA2436-H-PN 24\" IPS 100Hz viền mỏng chắc chắn sẽ nâng tầm trải nghiệm thị giác của bạn lên một tầm cao mới.',
            36, 'https://product.hstatic.net/200000722513/product/gpg-23-mon-va2436-h-pn-prdp_f01_l.png_7d72506c812242f4a2bed9b835c32593.jpg', '2023-11-30T09:36:49+00:00',1);
        
INSERT INTO product_image (name, product_variant_id, image_url, is_main)
VALUES
    ('Ảnh 1', 688, 'https://product.hstatic.net/200000722513/product/gpg-23-mon-va2436-h-pn-prdp_f01_l.png_7d72506c812242f4a2bed9b835c32593.jpg', TRUE),
    ('Ảnh 2', 688, 'https://product.hstatic.net/200000722513/product/gpg-23-mon-va2436-h-pn-prdp_lf03_l__1_.png_829be3527fea4e8bb29921b546cbfd3e.jpg', FALSE),
    ('Ảnh 3', 688, 'https://product.hstatic.net/200000722513/product/gpg-23-mon-va2436-h-pn-prdp_rf01_l__1_.png_b106bd9e9a5947fb9b82b8d9be4f4aa3.jpg', FALSE),
    ('Ảnh 4', 688, 'https://product.hstatic.net/200000722513/product/gpg-23-mon-va2436-h-pn-prdp_b01_l.png_76675ebafd6f4758a983be4cc49943fc.jpg', FALSE),
    ('Ảnh 5', 688, 'https://product.hstatic.net/200000722513/product/gpg-23-mon-va2436-h-pn-prdp_rb01_l.png_5741d7f472b94a94af6aca9f7942bd56.jpg', FALSE),
    ('Ảnh 6', 688, 'https://product.hstatic.net/200000722513/product/gpg-23-mon-va2436-h-pn-prdp_l01_l.png_ccaa43dcb79440c088f740ef6c9daadf.jpg', FALSE),
    ('Ảnh 7', 688, 'https://product.hstatic.net/200000722513/product/gpg-23-mon-va2436-h-pn-prdp_l02_l.png_53e22f665f3e42d08797f00869e48d8a.jpg', FALSE);
---
INSERT INTO product (name, seo_name, brand_id, specifications, description, created_by, image_url) 
    VALUES (
        'Màn hình LG 24QP500-B 24" IPS 2K 75Hz Freesync HDR10', 'man-hinh-lg-24qp500-b-24-ips-2k-75hz-freesync-hdr10', 12,
        '{"Thương hiệu": "LG", "Bảo hành": "24 tháng", "Kích thước": "24 inch", "Độ phân giải": "2560 x 1440", "Tấm nền": "IPS", "Tần số quét": "75Hz", "Thời gian phản hồi": "5ms", "Kiểu màn hình": "Phẳng", "Độ sáng": "300 cd/m2", "Góc nhìn": "178° (H) / 178° (V)", "Khả năng hiển thị màu sắc": "16.7 triệu màu, 99% sRGB", "Độ tương phản tĩnh": "1000:1", "Độ tương phản động": "100.000.000:1", "Cổng xuất hình": "2 x HDMI (v2.0), 1 x DisplayPort 1.2", "Khối lượng": "Cả chân đế: 4.0 kg, Không chân đế: 3.4 kg, Vận chuyển: 5.5 kg", "Tiêu thụ điện": "22W", "Kích thước chuẩn": "Cả chân đế (Rộng x Cao x Dày): 540.1 x 413.2 x 211.5 mm, Không chân đế (Rộng x Cao x Dày): 540.1 x 321.1 x 41.9 mm, Vận chuyển (Rộng x Cao x Dày): 611 x 391 x 165 mm", "Phụ kiện đi kèm": "Dây nguồn, Cáp DisplayPort (có thể có), Sách hướng dẫn, Cáp HDMI, Phiếu bảo hành"}',
        'Màn hình LG 24QP500-B 24\" IPS 2K 75Hz Freesync HDR10 là một lựa chọn tuyệt vời cho những ai đang tìm kiếm sự kết hợp hoàn hảo giữa chất lượng hình ảnh sắc nét, trải nghiệm mượt mà và các tính năng hiện đại. Với tấm nền IPS 24 inch, màn hình này mang lại góc nhìn siêu rộng 178 độ, đảm bảo màu sắc và độ tương phản không thay đổi dù bạn nhìn từ bất kỳ góc độ nào. Điều này lý tưởng cho công việc đồ họa, chỉnh sửa ảnh hoặc chỉ đơn giản là thưởng thức nội dung đa phương tiện cùng gia đình.\n\nĐộ phân giải 2K QHD (2560 x 1440) cung cấp mật độ điểm ảnh cao hơn đáng kể so với Full HD, cho phép hiển thị hình ảnh chi tiết rõ ràng, văn bản sắc nét và không gian làm việc rộng rãi hơn, từ đó nâng cao hiệu suất làm việc. Tần số quét 75Hz vượt trội so với 60Hz truyền thống, mang lại trải nghiệm xem mượt mà hơn trong các cảnh chuyển động nhanh, đặc biệt hữu ích khi xem phim hành động, lướt web hoặc chơi game giải trí nhẹ.\n\nCông nghệ AMD FreeSync™ được tích hợp giúp đồng bộ hóa tần số quét của màn hình với card đồ họa tương thích, loại bỏ hoàn toàn hiện tượng xé hình và giật lag, đảm bảo trải nghiệm chơi game liền mạch và chân thực hơn bao giờ hết. Hơn nữa, với khả năng hỗ trợ HDR10, màn hình mở rộng dải tương phản động, giúp tái tạo màu đen sâu hơn, màu trắng sáng hơn và dải màu rộng hơn, mang đến hình ảnh sống động và chân thực, đặc biệt khi thưởng thức các nội dung HDR.\n\nThiết kế viền mỏng ba cạnh không chỉ mang lại không gian hiển thị rộng rãi hơn mà còn tạo nên vẻ ngoài hiện đại, tinh tế, dễ dàng hòa nhập vào mọi không gian làm việc hoặc giải trí. Với tất cả những tính năng nổi bật này, LG 24QP500-B là một màn hình đa năng, đáp ứng tốt từ nhu cầu làm việc chuyên nghiệp đến giải trí hàng ngày, mang lại giá trị vượt trội với mức giá hợp lý.',
        1, 'https://product.hstatic.net/200000722513/product/500-b-24-ips-2k-75hz-freesync-hdr10-1_fafefcddc82444fea1481e94f056ec3e_de6a37748e6d427abe6674b439223c02.jpg'
    );
INSERT INTO product_category (product_id, category_id) VALUES (689, 16);
INSERT INTO product_variant (
        product_id, name, seo_name, supplier_id, price, price_sale, quantity, sku, model, barcode, 
        specifications, description, warranty, image_url, release_at, created_by)
        VALUES ( 689, 'Màn hình LG 24QP500-B 24" IPS 2K 75Hz Freesync HDR10', 'man-hinh-lg-24qp500-b-24-ips-2k-75hz-freesync-hdr10',
            1, 6190000, 3890000, 10, 'MAN-LG-24QP500-B',
            'MAN-LG-24QP500-B', 'MAN-LG-24QP500-B',
            '{"Thương hiệu": "LG", "Bảo hành": "24 tháng", "Kích thước": "24 inch", "Độ phân giải": "2560 x 1440", "Tấm nền": "IPS", "Tần số quét": "75Hz", "Thời gian phản hồi": "5ms", "Kiểu màn hình": "Phẳng", "Độ sáng": "300 cd/m2", "Góc nhìn": "178° (H) / 178° (V)", "Khả năng hiển thị màu sắc": "16.7 triệu màu, 99% sRGB", "Độ tương phản tĩnh": "1000:1", "Độ tương phản động": "100.000.000:1", "Cổng xuất hình": "2 x HDMI (v2.0), 1 x DisplayPort 1.2", "Khối lượng": "Cả chân đế: 4.0 kg, Không chân đế: 3.4 kg, Vận chuyển: 5.5 kg", "Tiêu thụ điện": "22W", "Kích thước chuẩn": "Cả chân đế (Rộng x Cao x Dày): 540.1 x 413.2 x 211.5 mm, Không chân đế (Rộng x Cao x Dày): 540.1 x 321.1 x 41.9 mm, Vận chuyển (Rộng x Cao x Dày): 611 x 391 x 165 mm", "Phụ kiện đi kèm": "Dây nguồn, Cáp DisplayPort (có thể có), Sách hướng dẫn, Cáp HDMI, Phiếu bảo hành"}',
            'Màn hình LG 24QP500-B 24\" IPS 2K 75Hz Freesync HDR10 là một lựa chọn tuyệt vời cho những ai đang tìm kiếm sự kết hợp hoàn hảo giữa chất lượng hình ảnh sắc nét, trải nghiệm mượt mà và các tính năng hiện đại. Với tấm nền IPS 24 inch, màn hình này mang lại góc nhìn siêu rộng 178 độ, đảm bảo màu sắc và độ tương phản không thay đổi dù bạn nhìn từ bất kỳ góc độ nào. Điều này lý tưởng cho công việc đồ họa, chỉnh sửa ảnh hoặc chỉ đơn giản là thưởng thức nội dung đa phương tiện cùng gia đình.\n\nĐộ phân giải 2K QHD (2560 x 1440) cung cấp mật độ điểm ảnh cao hơn đáng kể so với Full HD, cho phép hiển thị hình ảnh chi tiết rõ ràng, văn bản sắc nét và không gian làm việc rộng rãi hơn, từ đó nâng cao hiệu suất làm việc. Tần số quét 75Hz vượt trội so với 60Hz truyền thống, mang lại trải nghiệm xem mượt mà hơn trong các cảnh chuyển động nhanh, đặc biệt hữu ích khi xem phim hành động, lướt web hoặc chơi game giải trí nhẹ.\n\nCông nghệ AMD FreeSync™ được tích hợp giúp đồng bộ hóa tần số quét của màn hình với card đồ họa tương thích, loại bỏ hoàn toàn hiện tượng xé hình và giật lag, đảm bảo trải nghiệm chơi game liền mạch và chân thực hơn bao giờ hết. Hơn nữa, với khả năng hỗ trợ HDR10, màn hình mở rộng dải tương phản động, giúp tái tạo màu đen sâu hơn, màu trắng sáng hơn và dải màu rộng hơn, mang đến hình ảnh sống động và chân thực, đặc biệt khi thưởng thức các nội dung HDR.\n\nThiết kế viền mỏng ba cạnh không chỉ mang lại không gian hiển thị rộng rãi hơn mà còn tạo nên vẻ ngoài hiện đại, tinh tế, dễ dàng hòa nhập vào mọi không gian làm việc hoặc giải trí. Với tất cả những tính năng nổi bật này, LG 24QP500-B là một màn hình đa năng, đáp ứng tốt từ nhu cầu làm việc chuyên nghiệp đến giải trí hàng ngày, mang lại giá trị vượt trội với mức giá hợp lý.',
            24, 'https://product.hstatic.net/200000722513/product/500-b-24-ips-2k-75hz-freesync-hdr10-1_fafefcddc82444fea1481e94f056ec3e_de6a37748e6d427abe6674b439223c02.jpg', '2023-06-03T05:21:18+00:00',1);
        
INSERT INTO product_image (name, product_variant_id, image_url, is_main)
VALUES
    ('Ảnh 1', 689, 'https://product.hstatic.net/200000722513/product/500-b-24-ips-2k-75hz-freesync-hdr10-1_fafefcddc82444fea1481e94f056ec3e_de6a37748e6d427abe6674b439223c02.jpg', TRUE),
    ('Ảnh 2', 689, 'https://product.hstatic.net/200000722513/product/500-b-24-ips-2k-75hz-freesync-hdr10-2_85816a9a8d40402e84670c6451ae8cd9_c9969ae350a9497daf1554a8d1a7f640.jpg', FALSE),
    ('Ảnh 3', 689, 'https://product.hstatic.net/200000722513/product/500-b-24-ips-2k-75hz-freesync-hdr10-3_0291a341bf8a45d5bffac91372a2cff7_2aabfafed1564900b32f07bad7f0da50.jpg', FALSE),
    ('Ảnh 4', 689, 'https://product.hstatic.net/200000722513/product/500-b-24-ips-2k-75hz-freesync-hdr10-4_068357060b864c2493345e41c0cac3ea_a622907f0f2e46c2a7b177788fcd3d23.jpg', FALSE),
    ('Ảnh 5', 689, 'https://product.hstatic.net/200000722513/product/500-b-24-ips-2k-75hz-freesync-hdr10-5_d6ef6d361ffc4e1587db212d21d1545e_b3975ee411d842a8a4517eb7651dd392.jpg', FALSE),
    ('Ảnh 6', 689, 'https://product.hstatic.net/200000722513/product/500-b-24-ips-2k-75hz-freesync-hdr10-6_6a2a7dcb6da1421a939d91b5d08b65e8_b672d4807d4849028f7b8fcc9f4d4ee5.jpg', FALSE),
    ('Ảnh 7', 689, 'https://product.hstatic.net/200000722513/product/500-b-24-ips-2k-75hz-freesync-hdr10-7_059d5c1a750a4faca240e49f0060a787_4fc5c7be281a4018b428e9fd6d724759.jpg', FALSE),
    ('Ảnh 8', 689, 'https://product.hstatic.net/200000722513/product/500-b-24-ips-2k-75hz-freesync-hdr10-8_1bbd629dc639496394b80d4bcc13fd92_0d53249c41ed449c9e7c574cb1218cd3.jpg', FALSE);
---
INSERT INTO product (name, seo_name, brand_id, specifications, description, created_by, image_url) 
    VALUES (
        'Màn hình Viewsonic VA2432-H-W 24" IPS 100Hz viền mỏng', 'man-hinh-viewsonic-va2432-h-w-24-ips-100hz-vien-mong', 55,
        '{"Thương hiệu": "ViewSonic", "Bảo hành": "36 tháng", "Màu sắc": "Trắng", "Kích thước": "23.8 inch", "Độ phân giải": "1920 x 1080 (FullHD) 16:9", "Tấm nền": "IPS", "Tần số quét": "100Hz", "Thời gian phản hồi": "1ms", "Kiểu màn hình": "Phẳng", "Độ sáng": "250 cd/m2 (typ)", "Góc nhìn": "178° (H) / 178° (V)", "Khả năng hiển thị màu sắc": "16.7 triệu màu, NTSC: 75% (typ), sRGB: 105% (typ) / 99% (coverage)", "Độ tương phản tĩnh": "1,300:1 (typ)", "Độ tương phản động": "50M:1", "Cổng xuất hình": "VGA: 1, Đầu ra âm thanh 3.5 mm: 1, HDMI 1.4: 1, Cổng cắm nguồn: DC Socket (Center Positive)", "Kỹ thuật thiết kế": "Treo tường VESA: 75x75mm (Cần mua thêm ốc phù hợp để gắn tay đỡ)", "Khối lượng": "Khối lượng tịnh: 2.7kg, Khối lượng tịnh không có chân đế: 2.4kg, Tổng khối lượng: 3.7kg", "Kích thước chuẩn": "Bao bì: 600 x 395 x 112mm, Kích thước (có chân đế): 540 x 406 x 185mm, Kích thước (không có chân đế): 540 x 322 x 36mm"}',
        'Màn hình Viewsonic VA2432-H-W là lựa chọn hoàn hảo cho những ai tìm kiếm sự kết hợp giữa hiệu năng, thiết kế và trải nghiệm thị giác ấn tượng. Với kích thước 24 inch tiêu chuẩn, chiếc màn hình này cung cấp không gian hiển thị rộng rãi, lý tưởng cho mọi nhu cầu từ làm việc văn phòng, học tập cho đến giải trí đa phương tiện và chơi game nhẹ.\n\nĐiểm nhấn của VA2432-H-W chính là tấm nền IPS chất lượng cao, mang lại màu sắc sống động, độ tương phản tuyệt vời cùng góc nhìn rộng lên đến 178 độ, đảm bảo hình ảnh luôn nhất quán và chân thực dù bạn nhìn từ bất kỳ vị trí nào.\n\nTần số quét 100Hz là một nâng cấp đáng giá so với các màn hình 60/75Hz truyền thống, giúp loại bỏ hiện tượng xé hình và giật lag, mang đến trải nghiệm xem mượt mà hơn hẳn, đặc biệt khi cuộn trang web, xem video hành động hay tham gia các tựa game không quá đòi hỏi.\n\nThiết kế viền mỏng ba cạnh không chỉ tăng cường tính thẩm mỹ, tạo nên vẻ ngoài hiện đại và tinh tế, mà còn tối ưu hóa không gian hiển thị, giúp việc thiết lập đa màn hình trở nên liền mạch và ấn tượng hơn.\n\nMàn hình hỗ trợ độ phân giải Full HD (1920x1080), cung cấp hình ảnh sắc nét, chi tiết. Ngoài ra, Viewsonic còn tích hợp các công nghệ bảo vệ mắt như Flicker-Free và Blue Light Filter, giúp giảm thiểu mỏi mắt khi sử dụng trong thời gian dài.\n\nVới cổng kết nối HDMI và VGA, VA2432-H-W dễ dàng tương thích với nhiều thiết bị. Đây thực sự là một khoản đầu tư xứng đáng cho cả công việc và giải trí hàng ngày.',
        1, 'https://product.hstatic.net/200000722513/product/view_va2432-h-w_gearvn_a7166e604cb1461dad642f3aeebe5341_00d4df338a61474c903b8b93d7573ce3.jpg'
    );
INSERT INTO product_category (product_id, category_id) VALUES (690, 16);
INSERT INTO product_variant (
        product_id, name, seo_name, supplier_id, price, price_sale, quantity, sku, model, barcode, 
        specifications, description, warranty, image_url, release_at, created_by)
        VALUES ( 690, 'Màn hình Viewsonic VA2432-H-W 24" IPS 100Hz viền mỏng', 'man-hinh-viewsonic-va2432-h-w-24-ips-100hz-vien-mong',
            1, 2990000, 2190000, 10, 'MAN-VIE-VA2432-H-W',
            'MAN-VIE-VA2432-H-W', 'MAN-VIE-VA2432-H-W',
            '{"Thương hiệu": "ViewSonic", "Bảo hành": "36 tháng", "Màu sắc": "Trắng", "Kích thước": "23.8 inch", "Độ phân giải": "1920 x 1080 (FullHD) 16:9", "Tấm nền": "IPS", "Tần số quét": "100Hz", "Thời gian phản hồi": "1ms", "Kiểu màn hình": "Phẳng", "Độ sáng": "250 cd/m2 (typ)", "Góc nhìn": "178° (H) / 178° (V)", "Khả năng hiển thị màu sắc": "16.7 triệu màu, NTSC: 75% (typ), sRGB: 105% (typ) / 99% (coverage)", "Độ tương phản tĩnh": "1,300:1 (typ)", "Độ tương phản động": "50M:1", "Cổng xuất hình": "VGA: 1, Đầu ra âm thanh 3.5 mm: 1, HDMI 1.4: 1, Cổng cắm nguồn: DC Socket (Center Positive)", "Kỹ thuật thiết kế": "Treo tường VESA: 75x75mm (Cần mua thêm ốc phù hợp để gắn tay đỡ)", "Khối lượng": "Khối lượng tịnh: 2.7kg, Khối lượng tịnh không có chân đế: 2.4kg, Tổng khối lượng: 3.7kg", "Kích thước chuẩn": "Bao bì: 600 x 395 x 112mm, Kích thước (có chân đế): 540 x 406 x 185mm, Kích thước (không có chân đế): 540 x 322 x 36mm"}',
            'Màn hình Viewsonic VA2432-H-W là lựa chọn hoàn hảo cho những ai tìm kiếm sự kết hợp giữa hiệu năng, thiết kế và trải nghiệm thị giác ấn tượng. Với kích thước 24 inch tiêu chuẩn, chiếc màn hình này cung cấp không gian hiển thị rộng rãi, lý tưởng cho mọi nhu cầu từ làm việc văn phòng, học tập cho đến giải trí đa phương tiện và chơi game nhẹ.\n\nĐiểm nhấn của VA2432-H-W chính là tấm nền IPS chất lượng cao, mang lại màu sắc sống động, độ tương phản tuyệt vời cùng góc nhìn rộng lên đến 178 độ, đảm bảo hình ảnh luôn nhất quán và chân thực dù bạn nhìn từ bất kỳ vị trí nào.\n\nTần số quét 100Hz là một nâng cấp đáng giá so với các màn hình 60/75Hz truyền thống, giúp loại bỏ hiện tượng xé hình và giật lag, mang đến trải nghiệm xem mượt mà hơn hẳn, đặc biệt khi cuộn trang web, xem video hành động hay tham gia các tựa game không quá đòi hỏi.\n\nThiết kế viền mỏng ba cạnh không chỉ tăng cường tính thẩm mỹ, tạo nên vẻ ngoài hiện đại và tinh tế, mà còn tối ưu hóa không gian hiển thị, giúp việc thiết lập đa màn hình trở nên liền mạch và ấn tượng hơn.\n\nMàn hình hỗ trợ độ phân giải Full HD (1920x1080), cung cấp hình ảnh sắc nét, chi tiết. Ngoài ra, Viewsonic còn tích hợp các công nghệ bảo vệ mắt như Flicker-Free và Blue Light Filter, giúp giảm thiểu mỏi mắt khi sử dụng trong thời gian dài.\n\nVới cổng kết nối HDMI và VGA, VA2432-H-W dễ dàng tương thích với nhiều thiết bị. Đây thực sự là một khoản đầu tư xứng đáng cho cả công việc và giải trí hàng ngày.',
            36, 'https://product.hstatic.net/200000722513/product/view_va2432-h-w_gearvn_a7166e604cb1461dad642f3aeebe5341_00d4df338a61474c903b8b93d7573ce3.jpg', '2025-06-03T06:49:54+00:00',1);
        
INSERT INTO product_image (name, product_variant_id, image_url, is_main)
VALUES
    ('Ảnh 1', 690, 'https://product.hstatic.net/200000722513/product/view_va2432-h-w_gearvn_a7166e604cb1461dad642f3aeebe5341_00d4df338a61474c903b8b93d7573ce3.jpg', TRUE),
    ('Ảnh 2', 690, 'https://product.hstatic.net/200000722513/product/gearvn-man-hinh-viewsonic-va2432-h-w-24-ips-100hz-vien-mong-1_3a47fddeadf847c0b8e21a84cdaf741e.jpg', FALSE),
    ('Ảnh 3', 690, 'https://product.hstatic.net/200000722513/product/gearvn-man-hinh-viewsonic-va2432-h-w-24-ips-100hz-vien-mong-2_fbe37f92bfa84f6cbc2790ae188da308.jpg', FALSE),
    ('Ảnh 4', 690, 'https://product.hstatic.net/200000722513/product/gearvn-man-hinh-viewsonic-va2432-h-w-24-ips-100hz-vien-mong-3_bed20d2ee19945b7b4f33e191eac1bc7.jpg', FALSE),
    ('Ảnh 5', 690, 'https://product.hstatic.net/200000722513/product/gearvn-man-hinh-viewsonic-va2432-h-w-24-ips-100hz-vien-mong-4_603b9457a36f436b86ac65da25de483b.jpg', FALSE),
    ('Ảnh 6', 690, 'https://product.hstatic.net/200000722513/product/gearvn-man-hinh-viewsonic-va2432-h-w-24-ips-100hz-vien-mong-5_4a6fe87fac8942a082ab8c5d7038fac1.jpg', FALSE),
    ('Ảnh 7', 690, 'https://product.hstatic.net/200000722513/product/gearvn-man-hinh-viewsonic-va2432-h-w-24-ips-100hz-vien-mong-6_b7ddaff0c50e49fba5548845b6c79bb7.jpg', FALSE);
---
INSERT INTO product (name, seo_name, brand_id, specifications, description, created_by, image_url) 
    VALUES (
        'Màn hình Samsung LS25BG400 25" IPS 240Hz HDR10 Gsync', 'man-hinh-samsung-ls25bg400-25-ips-240hz-hdr10-gsync', 16,
        '{"Kích thước": "558.5 x 341.1 x 85.4 mm (Không chân đế), 558.5 x 552.9 x 244.8 mm (Có chân đế)", "Tỷ lệ khung hình": "16:9", "Tấm nền": "IPS", "Góc nhìn": "178°/178°", "Độ phân giải": "Full HD 1920x1080", "Độ sáng": "400 cd/m²", "Tỷ lệ tương phản tĩnh": "1000:1", "Màu sắc hiển thị": "16.7 triệu màu", "Thời gian đáp ứng": "1ms", "Tần số quét": "240Hz", "Tính năng": "HDR10, Eco Saving Plus, Eco Light Sensor, Eye Saver Mode, Flicker Free, FreeSync Premium, Off Timer Plus, Black Equalizer, Low Input Lag Mode, Virtual AIM Point, Super Arena Gaming UX, Auto Source Switch+, Adaptive Picture, Ultrawide Game View", "Cổng kết nối": "2 x HDMI 2.0, 1 x DisplayPort", "Công suất tiêu thụ điện": "35 W", "Hỗ trợ": "Treo tường 100 x 100", "Trọng lượng": "2.8 kg (Không chân đế), 4.5 kg (Có chân đế)", "Phụ kiện": "Cáp nguồn, Cáp HDMI, Hướng dẫn sử dụng,..."}',
        'Màn hình Samsung LS25BG400 25\" IPS 240Hz HDR10 Gsync là lựa chọn hoàn hảo cho game thủ chuyên nghiệp và những ai tìm kiếm trải nghiệm hình ảnh đỉnh cao. Với kích thước 25 inch, tấm nền IPS cao cấp mang lại góc nhìn rộng và màu sắc trung thực, sống động đến từng chi tiết. Điểm nổi bật nhất của chiếc màn hình này chính là tần số quét cực nhanh 240Hz, đảm bảo mọi chuyển động trên màn hình đều mượt mà một cách kinh ngạc, loại bỏ hoàn toàn hiện tượng giật hình hay xé hình, giúp người dùng phản ứng nhanh hơn trong các tựa game đòi hỏi tốc độ cao. Công nghệ HDR10 tích hợp nâng cao đáng kể độ tương phản và dải màu, mang đến hình ảnh sâu sắc hơn với các vùng sáng chói và tối sâu thẳm, tái tạo cảnh quan game và nội dung đa phương tiện một cách chân thực nhất. Hơn nữa, với khả năng tương thích G-Sync (NVIDIA G-Sync Compatible) và FreeSync Premium, màn hình đồng bộ hóa tốc độ khung hình của card đồ họa với tần số quét của màn hình, loại bỏ hiện tượng rách hình và giật lag, đảm bảo trải nghiệm chơi game không gián đoạn. Thời gian phản hồi nhanh chóng (thường là 1ms GtG) giúp giảm thiểu hiện tượng bóng mờ, giữ cho hình ảnh luôn sắc nét ngay cả trong những pha hành động nhanh nhất. Thiết kế công thái học cho phép điều chỉnh độ cao, xoay, nghiêng và pivot, mang lại sự thoải mái tối đa trong mọi tư thế sử dụng. Với độ phân giải Full HD (1920x1080), màn hình cung cấp hình ảnh rõ ràng và chi tiết, tối ưu cho chơi game tốc độ cao mà không làm quá tải GPU. Các cổng kết nối đa dạng như HDMI và DisplayPort giúp dễ dàng kết nối với nhiều thiết bị khác nhau. Đây thực sự là một màn hình chuyên dụng, nâng tầm mọi trải nghiệm giải trí và làm việc của bạn lên một tầm cao mới, mang lại lợi thế cạnh tranh không nhỏ trong thế giới ảo.',
        1, 'https://product.hstatic.net/200000722513/product/-ls25bg400-25-ips-240hz-hdr10-gsync-1_ada778e547ab48de9271b15e7922085c_161d452dcdde4981b68d368640685a8f.jpg'
    );
INSERT INTO product_category (product_id, category_id) VALUES (691, 16);
INSERT INTO product_variant (
        product_id, name, seo_name, supplier_id, price, price_sale, quantity, sku, model, barcode, 
        specifications, description, warranty, image_url, release_at, created_by)
        VALUES ( 691, 'Màn hình Samsung LS25BG400 25" IPS 240Hz HDR10 Gsync', 'man-hinh-samsung-ls25bg400-25-ips-240hz-hdr10-gsync',
            1, 9190000, 4790000, 10, 'MAN-SAM-LS25BG400',
            'MAN-SAM-LS25BG400', 'MAN-SAM-LS25BG400',
            '{"Kích thước": "558.5 x 341.1 x 85.4 mm (Không chân đế), 558.5 x 552.9 x 244.8 mm (Có chân đế)", "Tỷ lệ khung hình": "16:9", "Tấm nền": "IPS", "Góc nhìn": "178°/178°", "Độ phân giải": "Full HD 1920x1080", "Độ sáng": "400 cd/m²", "Tỷ lệ tương phản tĩnh": "1000:1", "Màu sắc hiển thị": "16.7 triệu màu", "Thời gian đáp ứng": "1ms", "Tần số quét": "240Hz", "Tính năng": "HDR10, Eco Saving Plus, Eco Light Sensor, Eye Saver Mode, Flicker Free, FreeSync Premium, Off Timer Plus, Black Equalizer, Low Input Lag Mode, Virtual AIM Point, Super Arena Gaming UX, Auto Source Switch+, Adaptive Picture, Ultrawide Game View", "Cổng kết nối": "2 x HDMI 2.0, 1 x DisplayPort", "Công suất tiêu thụ điện": "35 W", "Hỗ trợ": "Treo tường 100 x 100", "Trọng lượng": "2.8 kg (Không chân đế), 4.5 kg (Có chân đế)", "Phụ kiện": "Cáp nguồn, Cáp HDMI, Hướng dẫn sử dụng,..."}',
            'Màn hình Samsung LS25BG400 25\" IPS 240Hz HDR10 Gsync là lựa chọn hoàn hảo cho game thủ chuyên nghiệp và những ai tìm kiếm trải nghiệm hình ảnh đỉnh cao. Với kích thước 25 inch, tấm nền IPS cao cấp mang lại góc nhìn rộng và màu sắc trung thực, sống động đến từng chi tiết. Điểm nổi bật nhất của chiếc màn hình này chính là tần số quét cực nhanh 240Hz, đảm bảo mọi chuyển động trên màn hình đều mượt mà một cách kinh ngạc, loại bỏ hoàn toàn hiện tượng giật hình hay xé hình, giúp người dùng phản ứng nhanh hơn trong các tựa game đòi hỏi tốc độ cao. Công nghệ HDR10 tích hợp nâng cao đáng kể độ tương phản và dải màu, mang đến hình ảnh sâu sắc hơn với các vùng sáng chói và tối sâu thẳm, tái tạo cảnh quan game và nội dung đa phương tiện một cách chân thực nhất. Hơn nữa, với khả năng tương thích G-Sync (NVIDIA G-Sync Compatible) và FreeSync Premium, màn hình đồng bộ hóa tốc độ khung hình của card đồ họa với tần số quét của màn hình, loại bỏ hiện tượng rách hình và giật lag, đảm bảo trải nghiệm chơi game không gián đoạn. Thời gian phản hồi nhanh chóng (thường là 1ms GtG) giúp giảm thiểu hiện tượng bóng mờ, giữ cho hình ảnh luôn sắc nét ngay cả trong những pha hành động nhanh nhất. Thiết kế công thái học cho phép điều chỉnh độ cao, xoay, nghiêng và pivot, mang lại sự thoải mái tối đa trong mọi tư thế sử dụng. Với độ phân giải Full HD (1920x1080), màn hình cung cấp hình ảnh rõ ràng và chi tiết, tối ưu cho chơi game tốc độ cao mà không làm quá tải GPU. Các cổng kết nối đa dạng như HDMI và DisplayPort giúp dễ dàng kết nối với nhiều thiết bị khác nhau. Đây thực sự là một màn hình chuyên dụng, nâng tầm mọi trải nghiệm giải trí và làm việc của bạn lên một tầm cao mới, mang lại lợi thế cạnh tranh không nhỏ trong thế giới ảo.',
            24, 'https://product.hstatic.net/200000722513/product/-ls25bg400-25-ips-240hz-hdr10-gsync-1_ada778e547ab48de9271b15e7922085c_161d452dcdde4981b68d368640685a8f.jpg', '2023-06-02T09:44:38+00:00',1);
        
INSERT INTO product_image (name, product_variant_id, image_url, is_main)
VALUES
    ('Ảnh 1', 691, 'https://product.hstatic.net/200000722513/product/-ls25bg400-25-ips-240hz-hdr10-gsync-1_ada778e547ab48de9271b15e7922085c_161d452dcdde4981b68d368640685a8f.jpg', TRUE),
    ('Ảnh 2', 691, 'https://product.hstatic.net/200000722513/product/-ls25bg400-25-ips-240hz-hdr10-gsync-1_4fc0c7c316374e16b8f26ddfce41ff33_98d3637571dc4344a7064be2fc164367.jpg', FALSE),
    ('Ảnh 3', 691, 'https://product.hstatic.net/200000722513/product/-ls25bg400-25-ips-240hz-hdr10-gsync-2_c542ebd0de774dec81fd59d2137db6e7_962764fcbc55460d87475b69d3baba1a.jpg', FALSE),
    ('Ảnh 4', 691, 'https://product.hstatic.net/200000722513/product/-ls25bg400-25-ips-240hz-hdr10-gsync-3_63b9bab4f7f64ef0bf4f1dc6c6f73067_a677d63fd37c4b5095eb77514447f571.jpg', FALSE),
    ('Ảnh 5', 691, 'https://product.hstatic.net/200000722513/product/-ls25bg400-25-ips-240hz-hdr10-gsync-4_64db6e010e0547158f374bf19fdb8537_251eda242d664c9b824564d8cee823ee.jpg', FALSE),
    ('Ảnh 6', 691, 'https://product.hstatic.net/200000722513/product/-ls25bg400-25-ips-240hz-hdr10-gsync-5_88ab140906764feaa6cd91d24dd2335f_e898e036e8614e05878b9956a6009965.jpg', FALSE),
    ('Ảnh 7', 691, 'https://product.hstatic.net/200000722513/product/-ls25bg400-25-ips-240hz-hdr10-gsync-6_ddcdb2e941684383929a524331fb8c35_2538f13c03fc43e38095e5fd5708dc8a.jpg', FALSE);
---
INSERT INTO product (name, seo_name, brand_id, specifications, description, created_by, image_url) 
    VALUES (
        'Màn hình AOC Q27G42ZE 27" Fast IPS 2K 260Hz chuyên game', 'man-hinh-aoc-q27g42ze-27-fast-ips-2k-260hz-chuyen-game', 54,
        '{"Nhà sản xuất": "AOC"}',
        'Màn hình AOC Q27G42ZE 27\" Fast IPS 2K 260Hz là lựa chọn hoàn hảo cho game thủ chuyên nghiệp và những ai tìm kiếm trải nghiệm gaming đỉnh cao. Với tấm nền Fast IPS tiên tiến, màn hình này mang lại màu sắc sống động, độ tương phản ấn tượng và góc nhìn rộng, đảm bảo mọi chi tiết trong game đều hiển thị sắc nét và chân thực. Độ phân giải 2K QHD (2560x1440) trên kích thước 27 inch cung cấp không gian hiển thị rộng rãi, đồng thời giữ được mật độ điểm ảnh cao, cho hình ảnh cực kỳ rõ ràng, từ những cảnh hành động tốc độ cao đến các chi tiết nhỏ nhất trong môi trường game. Điểm nổi bật nhất của AOC Q27G42ZE chính là tần số quét siêu tốc 260Hz, kết hợp cùng thời gian phản hồi cực nhanh, giúp loại bỏ hoàn toàn hiện tượng xé hình, giật lag và bóng mờ. Người chơi sẽ cảm nhận được sự mượt mà tuyệt đối trong từng chuyển động, mang lại lợi thế cạnh tranh đáng kể trong các tựa game eSports. Công nghệ Adaptive Sync (tương thích FreeSync) đảm bảo đồng bộ hóa hoàn hảo giữa GPU và màn hình, cho trải nghiệm không gián đoạn. Thiết kế công thái học cho phép điều chỉnh độ cao, nghiêng và xoay, tối ưu hóa tư thế ngồi và giảm mỏi mắt khi chơi game trong thời gian dài. Viền màn hình siêu mỏng còn tạo điều kiện lý tưởng cho việc thiết lập đa màn hình, mở rộng không gian chiến đấu. AOC Q27G42ZE không chỉ là một màn hình, mà là một công cụ mạnh mẽ giúp bạn thống trị mọi trận chiến.',
        1, 'https://cdn.hstatic.net/products/200000722513/aoc_q27g42ze_gearvn_4db97f27183242bdb7067d0ccfb9aa19.jpg'
    );
INSERT INTO product_category (product_id, category_id) VALUES (692, 16);
INSERT INTO product_variant (
        product_id, name, seo_name, supplier_id, price, price_sale, quantity, sku, model, barcode, 
        specifications, description, warranty, image_url, release_at, created_by)
        VALUES ( 692, 'Màn hình AOC Q27G42ZE 27" Fast IPS 2K 260Hz chuyên game', 'man-hinh-aoc-q27g42ze-27-fast-ips-2k-260hz-chuyen-game',
            1, 5990000, 5490000, 10, 'MAN-AOC-Q27G42ZE',
            'MAN-AOC-Q27G42ZE', 'MAN-AOC-Q27G42ZE',
            '{"Kích thước màn hình": "27 inch","Độ phân giải màn hình": "2K (2560 x 1440)","Tấm nền màn hình": "Fast IPS","Tần số quét": "260 Hz","Thời gian phản hồi": "0.3ms MPRT / 1ms GtG","Công nghệ đồng bộ hóa": "Adaptive Sync, G-SYNC Compatible","HDR": "HDR10","Độ sáng": "300 cd/m²","Tỷ lệ tương phản": "1300:1 (Typical)","Màu sắc hiển thị": "16.7 Million","Gam màu": "NTSC 107% (CIE1976) / sRGB 120% (CIE1931) / DCI-P3 98.5% (CIE1976)","Độ chính xác màu": "Delta E < 2","Cổng kết nối": "2 x HDMI 2.0, 1 x DisplayPort 1.4","VESA": "100mm x 100mm","Tính năng khác": "Low Input Lag mode, Flicker-Free, Game Color","Bảo hành": "36 tháng"}',
            'Màn hình AOC Q27G42ZE 27\" Fast IPS 2K 260Hz là lựa chọn hoàn hảo cho game thủ chuyên nghiệp và những ai tìm kiếm trải nghiệm gaming đỉnh cao. Với tấm nền Fast IPS tiên tiến, màn hình này mang lại màu sắc sống động, độ tương phản ấn tượng và góc nhìn rộng, đảm bảo mọi chi tiết trong game đều hiển thị sắc nét và chân thực. Độ phân giải 2K QHD (2560x1440) trên kích thước 27 inch cung cấp không gian hiển thị rộng rãi, đồng thời giữ được mật độ điểm ảnh cao, cho hình ảnh cực kỳ rõ ràng, từ những cảnh hành động tốc độ cao đến các chi tiết nhỏ nhất trong môi trường game. Điểm nổi bật nhất của AOC Q27G42ZE chính là tần số quét siêu tốc 260Hz, kết hợp cùng thời gian phản hồi cực nhanh, giúp loại bỏ hoàn toàn hiện tượng xé hình, giật lag và bóng mờ. Người chơi sẽ cảm nhận được sự mượt mà tuyệt đối trong từng chuyển động, mang lại lợi thế cạnh tranh đáng kể trong các tựa game eSports. Công nghệ Adaptive Sync (tương thích FreeSync) đảm bảo đồng bộ hóa hoàn hảo giữa GPU và màn hình, cho trải nghiệm không gián đoạn. Thiết kế công thái học cho phép điều chỉnh độ cao, nghiêng và xoay, tối ưu hóa tư thế ngồi và giảm mỏi mắt khi chơi game trong thời gian dài. Viền màn hình siêu mỏng còn tạo điều kiện lý tưởng cho việc thiết lập đa màn hình, mở rộng không gian chiến đấu. AOC Q27G42ZE không chỉ là một màn hình, mà là một công cụ mạnh mẽ giúp bạn thống trị mọi trận chiến.',
            36, 'https://cdn.hstatic.net/products/200000722513/aoc_q27g42ze_gearvn_4db97f27183242bdb7067d0ccfb9aa19.jpg', '2025-07-24T09:53:29+00:00',1);
        
INSERT INTO product_image (name, product_variant_id, image_url, is_main)
VALUES
    ('Ảnh 1', 692, 'https://cdn.hstatic.net/products/200000722513/aoc_q27g42ze_gearvn_4db97f27183242bdb7067d0ccfb9aa19.jpg', TRUE),
    ('Ảnh 2', 692, 'https://cdn.hstatic.net/products/200000722513/q27g42ze_bkl_8469b81348504ac783b681b94db2eedb.png', FALSE),
    ('Ảnh 3', 692, 'https://cdn.hstatic.net/products/200000722513/q27g42ze_bkr_0cc6ee3a6de24ad9b7992a9839b8c18b.png', FALSE),
    ('Ảnh 4', 692, 'https://cdn.hstatic.net/products/200000722513/q27g42ze_f_ac793379625d494fb009ad55890a5ffa.png', FALSE),
    ('Ảnh 5', 692, 'https://cdn.hstatic.net/products/200000722513/q27g42ze_ftl_14615884ee0d4368a8ef9452eb58ef1e.png', FALSE),
    ('Ảnh 6', 692, 'https://cdn.hstatic.net/products/200000722513/q27g42ze_ftr_b0b1c330d10d45bc87101702e5ffe850.png', FALSE),
    ('Ảnh 7', 692, 'https://cdn.hstatic.net/products/200000722513/q27g42ze_io_f768db18affe43afa7c09576f36f2cdc.png', FALSE),
    ('Ảnh 8', 692, 'https://cdn.hstatic.net/products/200000722513/q27g42ze_s_e02c35a4e09a4522abf57bd7aa936e0d.png', FALSE),
    ('Ảnh 9', 692, 'https://cdn.hstatic.net/products/200000722513/q27g42ze_t_e02818239ce24c1884ec8f96b0fb1f88.png', FALSE);
---
INSERT INTO product (name, seo_name, brand_id, specifications, description, created_by, image_url) 
    VALUES (
        'Màn hình AOC U27G4 27" Fast IPS 4K 160Hz-FHD 320Hz chuyên game', 'man-hinh-aoc-u27g4-27-fast-ips-4k-160hz-fhd-320hz-chuyen-game', 54,
        '{"Kích thước": "27 inch","Tấm nền": "Fast IPS","Độ phân giải tối đa": "4K UHD (3840 x 2160) @ 160Hz","Chế độ Full HD": "1920 x 1080 @ 320Hz","Tốc độ phản hồi": "0.3ms MPRT (ở 320Hz), 0.5ms MPRT (ở 160Hz), 1ms GTG","Tần số quét": "Lên đến 320Hz","Độ sáng": "350 cd/m² (Typical), 400 nits (Peak)","Tỉ lệ tương phản": "1000:1 (Static), 80,000,000:1 (Dynamic)","Dải màu": "127% sRGB, 99% DCI-P3, 108% NTSC","Độ chính xác màu": "Delta E < 2","Công nghệ": "Flicker-Free, Low Blue Light, VESA DisplayHDR™ 400, Adaptive-Sync","Cổng kết nối": "2x HDMI 2.1, 1x DisplayPort 1.4, 3.5mm Audio Out","VESA mount": "100x100 mm","Tính năng đặc biệt": "Dual Refresh Rate (4K 160Hz / FHD 320Hz)"}',
        'Màn hình AOC U27G4 27\" Fast IPS 4K 160Hz - FHD 320Hz chuyên game là một tuyệt phẩm công nghệ được thiết kế dành riêng cho game thủ chuyên nghiệp và những người đam mê trải nghiệm hình ảnh đỉnh cao. Với kích thước 27 inch lý tưởng, màn hình này mang đến không gian hiển thị rộng rãi, kết hợp cùng tấm nền Fast IPS tiên tiến, đảm bảo tái tạo màu sắc sống động, độ tương phản ấn tượng và góc nhìn rộng, chân thực từ mọi góc độ.\n\nĐiểm nhấn vượt trội của U27G4 nằm ở khả năng hiển thị độ phân giải 4K sắc nét tuyệt đối ở tần số quét 160Hz, cho phép người chơi đắm chìm vào thế giới game với từng chi tiết được tái hiện sống động, mượt mà đến khó tin, làm tăng cường đáng kể trải nghiệm thị giác trong các tựa game đồ họa nặng.\n\nKhông chỉ dừng lại ở đó, AOC U27G4 còn đột phá với chế độ FHD (Full HD) đạt tần số quét lên đến 320Hz, một con số đáng kinh ngạc, đáp ứng hoàn hảo nhu cầu của các game thủ esports cạnh tranh, nơi mỗi khung hình, mỗi mili giây đều quyết định thắng bại. Sự kết hợp giữa tốc độ phản hồi cực nhanh của tấm nền Fast IPS và tần số quét cao ngất ngưởng giúp loại bỏ hoàn toàn hiện tượng xé hình, giật lag hay bóng mờ chuyển động, mang lại lợi thế tối đa trong mọi cuộc đối đầu nảy lửa.\n\nSản phẩm còn được trang bị đầy đủ các cổng kết nối hiện đại (như DisplayPort, HDMI) và chân đế công thái học đa năng, cho phép điều chỉnh độ cao, xoay, nghiêng linh hoạt, tối ưu hóa sự thoải mái khi sử dụng trong thời gian dài, giúp game thủ duy trì sự tập trung và phong độ.\n\nAOC U27G4 chính là lựa chọn hoàn hảo cho những ai tìm kiếm sự kết hợp đỉnh cao giữa độ phân giải siêu nét, tốc độ siêu nhanh và trải nghiệm chơi game mượt mà không đối thủ, định nghĩa lại chuẩn mực của một màn hình chơi game cao cấp.',
        1, 'https://cdn.hstatic.net/products/200000722513/aoc_u27g4_gearvn_4b5b9061eb8542388e972adfce313d5c.jpg'
    );
INSERT INTO product_category (product_id, category_id) VALUES (693, 16);
INSERT INTO product_variant (
        product_id, name, seo_name, supplier_id, price, price_sale, quantity, sku, model, barcode, 
        specifications, description, warranty, image_url, release_at, created_by)
        VALUES ( 693, 'Màn hình AOC U27G4 27" Fast IPS 4K 160Hz-FHD 320Hz chuyên game', 'man-hinh-aoc-u27g4-27-fast-ips-4k-160hz-fhd-320hz-chuyen-game',
            1, 7990000, 7190000, 10, 'MAN-AOC-U27G4',
            'MAN-AOC-U27G4', 'MAN-AOC-U27G4',
            '{"Kích thước": "27 inch","Tấm nền": "Fast IPS","Độ phân giải tối đa": "4K UHD (3840 x 2160) @ 160Hz","Chế độ Full HD": "1920 x 1080 @ 320Hz","Tốc độ phản hồi": "0.3ms MPRT (ở 320Hz), 0.5ms MPRT (ở 160Hz), 1ms GTG","Tần số quét": "Lên đến 320Hz","Độ sáng": "350 cd/m² (Typical), 400 nits (Peak)","Tỉ lệ tương phản": "1000:1 (Static), 80,000,000:1 (Dynamic)","Dải màu": "127% sRGB, 99% DCI-P3, 108% NTSC","Độ chính xác màu": "Delta E < 2","Công nghệ": "Flicker-Free, Low Blue Light, VESA DisplayHDR™ 400, Adaptive-Sync","Cổng kết nối": "2x HDMI 2.1, 1x DisplayPort 1.4, 3.5mm Audio Out","VESA mount": "100x100 mm","Tính năng đặc biệt": "Dual Refresh Rate (4K 160Hz / FHD 320Hz)"}',
            'Màn hình AOC U27G4 27\" Fast IPS 4K 160Hz - FHD 320Hz chuyên game là một tuyệt phẩm công nghệ được thiết kế dành riêng cho game thủ chuyên nghiệp và những người đam mê trải nghiệm hình ảnh đỉnh cao. Với kích thước 27 inch lý tưởng, màn hình này mang đến không gian hiển thị rộng rãi, kết hợp cùng tấm nền Fast IPS tiên tiến, đảm bảo tái tạo màu sắc sống động, độ tương phản ấn tượng và góc nhìn rộng, chân thực từ mọi góc độ.\n\nĐiểm nhấn vượt trội của U27G4 nằm ở khả năng hiển thị độ phân giải 4K sắc nét tuyệt đối ở tần số quét 160Hz, cho phép người chơi đắm chìm vào thế giới game với từng chi tiết được tái hiện sống động, mượt mà đến khó tin, làm tăng cường đáng kể trải nghiệm thị giác trong các tựa game đồ họa nặng.\n\nKhông chỉ dừng lại ở đó, AOC U27G4 còn đột phá với chế độ FHD (Full HD) đạt tần số quét lên đến 320Hz, một con số đáng kinh ngạc, đáp ứng hoàn hảo nhu cầu của các game thủ esports cạnh tranh, nơi mỗi khung hình, mỗi mili giây đều quyết định thắng bại. Sự kết hợp giữa tốc độ phản hồi cực nhanh của tấm nền Fast IPS và tần số quét cao ngất ngưởng giúp loại bỏ hoàn toàn hiện tượng xé hình, giật lag hay bóng mờ chuyển động, mang lại lợi thế tối đa trong mọi cuộc đối đầu nảy lửa.\n\nSản phẩm còn được trang bị đầy đủ các cổng kết nối hiện đại (như DisplayPort, HDMI) và chân đế công thái học đa năng, cho phép điều chỉnh độ cao, xoay, nghiêng linh hoạt, tối ưu hóa sự thoải mái khi sử dụng trong thời gian dài, giúp game thủ duy trì sự tập trung và phong độ.\n\nAOC U27G4 chính là lựa chọn hoàn hảo cho những ai tìm kiếm sự kết hợp đỉnh cao giữa độ phân giải siêu nét, tốc độ siêu nhanh và trải nghiệm chơi game mượt mà không đối thủ, định nghĩa lại chuẩn mực của một màn hình chơi game cao cấp.',
            36, 'https://cdn.hstatic.net/products/200000722513/aoc_u27g4_gearvn_4b5b9061eb8542388e972adfce313d5c.jpg', '2025-07-24T09:53:25+00:00',1);
        
INSERT INTO product_image (name, product_variant_id, image_url, is_main)
VALUES
    ('Ảnh 1', 693, 'https://cdn.hstatic.net/products/200000722513/aoc_u27g4_gearvn_4b5b9061eb8542388e972adfce313d5c.jpg', TRUE),
    ('Ảnh 2', 693, 'https://cdn.hstatic.net/products/200000722513/u27g4_bkr_738984d1c05341c794a9253424b25a39.png', FALSE),
    ('Ảnh 3', 693, 'https://cdn.hstatic.net/products/200000722513/u27g4_f_7be7d33824e84a28acfb8b6f9b5c97f3.png', FALSE),
    ('Ảnh 4', 693, 'https://cdn.hstatic.net/products/200000722513/u27g4_f_p_6bc30dfd54c54a5c855ba5d4513a2a0b.png', FALSE),
    ('Ảnh 5', 693, 'https://cdn.hstatic.net/products/200000722513/u27g4_ftl_1c8252a3beb34b6fa61e52db818d1e9b.png', FALSE),
    ('Ảnh 6', 693, 'https://cdn.hstatic.net/products/200000722513/u27g4_ftl_p_b9d8f288caec4763a7b68a710f400d5e.png', FALSE),
    ('Ảnh 7', 693, 'https://cdn.hstatic.net/products/200000722513/u27g4_ftr_d68456fc9a0f409087b69586f175acc8.png', FALSE),
    ('Ảnh 8', 693, 'https://cdn.hstatic.net/products/200000722513/u27g4_io_a060b6061b974af2b326f0c95d93cca1.png', FALSE),
    ('Ảnh 9', 693, 'https://cdn.hstatic.net/products/200000722513/u27g4_s_96298bf07cc84860b69cb2b02db8cfd6.png', FALSE);
---
INSERT INTO product (name, seo_name, brand_id, specifications, description, created_by, image_url) 
    VALUES (
        'Màn hình AOC 27B36X 27" IPS 144Hz chuyên game', 'man-hinh-aoc-27b36x-27-ips-144hz-chuyen-game', 54,
        '{"Nhà sản xuất": "AOC"}',
        'Màn hình AOC 27B36X 27\" IPS 144Hz là lựa chọn hoàn hảo cho game thủ tìm kiếm trải nghiệm đỉnh cao. Với kích thước 27 inch rộng lớn, màn hình này mang đến không gian hiển thị ấn tượng, giúp bạn đắm chìm hoàn toàn vào thế giới game. Tấm nền IPS cao cấp đảm bảo màu sắc sống động, độ chính xác màu sắc vượt trội và góc nhìn rộng 178 độ, cho dù bạn nhìn từ vị trí nào, hình ảnh vẫn rõ nét và chân thực. Điểm nhấn nổi bật của AOC 27B36X chính là tần số quét 144Hz, loại bỏ hoàn toàn hiện tượng xé hình và giật lag, mang lại những pha hành động mượt mà đến không ngờ. Kết hợp với thời gian phản hồi nhanh (thường là 1ms MPRT hoặc 4ms GtG đối với IPS gaming), màn hình này đảm bảo mọi chuyển động trong game đều được tái hiện tức thì, giúp game thủ phản ứng nhanh nhạy và chính xác hơn. Thiết kế không viền 3 cạnh tinh tế không chỉ tối ưu hóa không gian hiển thị mà còn tạo vẻ ngoài hiện đại, phù hợp với mọi không gian làm việc hay giải trí. Các cổng kết nối đa dạng như HDMI và DisplayPort giúp dễ dàng kết nối với nhiều thiết bị khác nhau. AOC 27B36X không chỉ là một màn hình chuyên game mà còn là công cụ tuyệt vời cho công việc đồ họa hay giải trí đa phương tiện nhờ chất lượng hình ảnh vượt trội. Màn hình này đem lại hiệu suất ổn định và trải nghiệm người dùng tuyệt vời.',
        1, 'https://cdn.hstatic.net/products/200000722513/aoc_27b36x_gearvn_1968bd91345943d0b1e756d47e754401.jpg'
    );
INSERT INTO product_category (product_id, category_id) VALUES (694, 16);
INSERT INTO product_variant (
        product_id, name, seo_name, supplier_id, price, price_sale, quantity, sku, model, barcode, 
        specifications, description, warranty, image_url, release_at, created_by)
        VALUES ( 694, 'Màn hình AOC 27B36X 27" IPS 144Hz chuyên game', 'man-hinh-aoc-27b36x-27-ips-144hz-chuyen-game',
            1, 3190000, 2790000, 10, 'MAN-AOC-27B36X',
            'MAN-AOC-27B36X', 'MAN-AOC-27B36X',
            '{"Kích thước màn hình": "27 inch","Tấm nền màn hình": "IPS","Độ phân giải": "FHD (1920 × 1080)","Tần số quét": "144Hz","Thời gian đáp ứng": "0.5ms (MPRT) / 4ms (GtG)","Độ sáng": "300 cd/m²","Độ tương phản": "1500:1 (typical) / MEGA DCR","Màu sắc hiển thị": "16.7 triệu màu","Cổng kết nối": "1 x DP, 1 x HDMI 1.4","Công nghệ": "Adaptive Sync, HDR10, Low Blue Light, Flicker-Free","Kích thước (rộng x cao x sâu)": "616 x 358.8 x 36.2 mm","Trọng lượng": "2.83 kg"}',
            'Màn hình AOC 27B36X 27\" IPS 144Hz là lựa chọn hoàn hảo cho game thủ tìm kiếm trải nghiệm đỉnh cao. Với kích thước 27 inch rộng lớn, màn hình này mang đến không gian hiển thị ấn tượng, giúp bạn đắm chìm hoàn toàn vào thế giới game. Tấm nền IPS cao cấp đảm bảo màu sắc sống động, độ chính xác màu sắc vượt trội và góc nhìn rộng 178 độ, cho dù bạn nhìn từ vị trí nào, hình ảnh vẫn rõ nét và chân thực. Điểm nhấn nổi bật của AOC 27B36X chính là tần số quét 144Hz, loại bỏ hoàn toàn hiện tượng xé hình và giật lag, mang lại những pha hành động mượt mà đến không ngờ. Kết hợp với thời gian phản hồi nhanh (thường là 1ms MPRT hoặc 4ms GtG đối với IPS gaming), màn hình này đảm bảo mọi chuyển động trong game đều được tái hiện tức thì, giúp game thủ phản ứng nhanh nhạy và chính xác hơn. Thiết kế không viền 3 cạnh tinh tế không chỉ tối ưu hóa không gian hiển thị mà còn tạo vẻ ngoài hiện đại, phù hợp với mọi không gian làm việc hay giải trí. Các cổng kết nối đa dạng như HDMI và DisplayPort giúp dễ dàng kết nối với nhiều thiết bị khác nhau. AOC 27B36X không chỉ là một màn hình chuyên game mà còn là công cụ tuyệt vời cho công việc đồ họa hay giải trí đa phương tiện nhờ chất lượng hình ảnh vượt trội. Màn hình này đem lại hiệu suất ổn định và trải nghiệm người dùng tuyệt vời.',
            36, 'https://cdn.hstatic.net/products/200000722513/aoc_27b36x_gearvn_1968bd91345943d0b1e756d47e754401.jpg', '2025-07-24T09:15:43+00:00',1);
        
INSERT INTO product_image (name, product_variant_id, image_url, is_main)
VALUES
    ('Ảnh 1', 694, 'https://cdn.hstatic.net/products/200000722513/aoc_27b36x_gearvn_1968bd91345943d0b1e756d47e754401.jpg', TRUE),
    ('Ảnh 2', 694, 'https://cdn.hstatic.net/products/200000722513/27b36x_b_6ac30ecb60814d5491bff2f4441ac659.png', FALSE),
    ('Ảnh 3', 694, 'https://cdn.hstatic.net/products/200000722513/27b36x_bkr_3169f5ba195c4a4e971a6b86bd4e337c.png', FALSE),
    ('Ảnh 4', 694, 'https://cdn.hstatic.net/products/200000722513/27b36x_f_2ad3fed461bc4b498c9c36f3271b6fa6.png', FALSE),
    ('Ảnh 5', 694, 'https://cdn.hstatic.net/products/200000722513/27b36x_ftl_9853b70531e2446d89aad7ee71dc6a9a.png', FALSE),
    ('Ảnh 6', 694, 'https://cdn.hstatic.net/products/200000722513/27b36x_ftr_44c3a47734ac4a729f8b80a208a36adb.png', FALSE),
    ('Ảnh 7', 694, 'https://cdn.hstatic.net/products/200000722513/27b36x_s_05d6beaa9ec349cfab51b31cd4e1ba3f.png', FALSE),
    ('Ảnh 8', 694, 'https://cdn.hstatic.net/products/200000722513/27b36x_t_3f3748548192463692e224fddb0ac570.png', FALSE);
---
INSERT INTO product (name, seo_name, brand_id, specifications, description, created_by, image_url) 
    VALUES (
        'Màn hình MSI MAG 272QPW QD-OLED X28 27" QD-OLED 2K 280Hz chuyên game', 'man-hinh-msi-mag-272qpw-qd-oled-x28-27-qd-oled-2k-280hz-chuyen-game', 52,
        '{"Tên sản phẩm":"MSI MAG 272QPW QD-OLED X28","Kích thước màn hình":"27 inch","Công nghệ màn hình":"QD-OLED","Độ phân giải":"2560 x 1440 (2K WQHD)","Tần số quét":"280Hz","Thời gian phản hồi":"0.03ms GtG","Độ sáng":"450 cd/m² (typ.)","Độ tương phản tĩnh":"1,500,000:1","Không gian màu":"138% sRGB, 98% Adobe RGB, 99% DCI-P3","HDR":"VESA DisplayHDR True Black 400","Chứng nhận chuyển động":"VESA ClearMR 15000","Cổng kết nối":"2 x HDMI 2.1, 1 x DisplayPort 1.4a, 1 x USB-C (DP alt mode, PD 15W)","Tương thích VESA":"100x100","Bảo hành tấm nền OLED":"36 tháng"}',
        'Màn hình MSI MAG 272QPW QD-OLED X28 là một tuyệt tác công nghệ được thiết kế dành riêng cho game thủ chuyên nghiệp, mang đến trải nghiệm hình ảnh đỉnh cao không thể so sánh. Với kích thước 27 inch lý tưởng, màn hình này sử dụng công nghệ tấm nền QD-OLED tiên tiến, kết hợp giữa màu sắc rực rỡ của Quantum Dot và độ tương phản vô hạn, màu đen sâu thẳm của OLED. Độ phân giải 2K (2560x1440) QHD sắc nét đảm bảo mọi chi tiết trong game đều được tái hiện một cách sống động và chân thực. Điểm nhấn nổi bật chính là tần số quét cực khủng 280Hz, cho phép hiển thị hình ảnh siêu mượt mà, loại bỏ hoàn toàn hiện tượng xé hình và giật lag, mang lại lợi thế vượt trội trong các tựa game tốc độ cao. Thời gian phản hồi siêu nhanh 0.03ms (GTG) gần như tức thì đảm bảo không có độ trễ, giúp game thủ phản ứng chính xác từng khoảnh khắc. Màn hình còn hỗ trợ công nghệ Adaptive Sync, tương thích với cả AMD FreeSync Premium Pro và NVIDIA G-Sync Compatible, đồng bộ hóa tần số quét của màn hình với GPU, loại bỏ hiện tượng xé hình và giật hình. Khả năng tái tạo màu sắc rộng với độ phủ DCI-P3 cao, cùng chứng nhận HDR, mang lại hình ảnh sống động, chân thực đến không ngờ. Thiết kế công thái học cho phép điều chỉnh linh hoạt, đảm bảo tư thế thoải mái nhất trong mọi phiên chơi game marathon. MSI MAG 272QPW QD-OLED X28 không chỉ là một màn hình, mà là một công cụ mạnh mẽ giúp bạn thống trị mọi chiến trường ảo.',
        1, 'https://cdn.hstatic.net/products/200000722513/msi_mag_272qpw_qd-oled_x28_gearvn_55badcdac7894ef0901ea6de5ae8c679.jpg'
    );
INSERT INTO product_category (product_id, category_id) VALUES (695, 16);
INSERT INTO product_variant (
        product_id, name, seo_name, supplier_id, price, price_sale, quantity, sku, model, barcode, 
        specifications, description, warranty, image_url, release_at, created_by)
        VALUES ( 695, 'Màn hình MSI MAG 272QPW QD-OLED X28 27" QD-OLED 2K 280Hz chuyên game', 'man-hinh-msi-mag-272qpw-qd-oled-x28-27-qd-oled-2k-280hz-chuyen-game',
            1, 24990000, 16690000, 10, 'MAN-MSI-MAG-272QPW-QD-OLED-X28',
            'MAN-MSI-MAG-272QPW-QD-OLED-X28', 'MAN-MSI-MAG-272QPW-QD-OLED-X28',
            '{"Tên sản phẩm":"MSI MAG 272QPW QD-OLED X28","Kích thước màn hình":"27 inch","Công nghệ màn hình":"QD-OLED","Độ phân giải":"2560 x 1440 (2K WQHD)","Tần số quét":"280Hz","Thời gian phản hồi":"0.03ms GtG","Độ sáng":"450 cd/m² (typ.)","Độ tương phản tĩnh":"1,500,000:1","Không gian màu":"138% sRGB, 98% Adobe RGB, 99% DCI-P3","HDR":"VESA DisplayHDR True Black 400","Chứng nhận chuyển động":"VESA ClearMR 15000","Cổng kết nối":"2 x HDMI 2.1, 1 x DisplayPort 1.4a, 1 x USB-C (DP alt mode, PD 15W)","Tương thích VESA":"100x100","Bảo hành tấm nền OLED":"36 tháng"}',
            'Màn hình MSI MAG 272QPW QD-OLED X28 là một tuyệt tác công nghệ được thiết kế dành riêng cho game thủ chuyên nghiệp, mang đến trải nghiệm hình ảnh đỉnh cao không thể so sánh. Với kích thước 27 inch lý tưởng, màn hình này sử dụng công nghệ tấm nền QD-OLED tiên tiến, kết hợp giữa màu sắc rực rỡ của Quantum Dot và độ tương phản vô hạn, màu đen sâu thẳm của OLED. Độ phân giải 2K (2560x1440) QHD sắc nét đảm bảo mọi chi tiết trong game đều được tái hiện một cách sống động và chân thực. Điểm nhấn nổi bật chính là tần số quét cực khủng 280Hz, cho phép hiển thị hình ảnh siêu mượt mà, loại bỏ hoàn toàn hiện tượng xé hình và giật lag, mang lại lợi thế vượt trội trong các tựa game tốc độ cao. Thời gian phản hồi siêu nhanh 0.03ms (GTG) gần như tức thì đảm bảo không có độ trễ, giúp game thủ phản ứng chính xác từng khoảnh khắc. Màn hình còn hỗ trợ công nghệ Adaptive Sync, tương thích với cả AMD FreeSync Premium Pro và NVIDIA G-Sync Compatible, đồng bộ hóa tần số quét của màn hình với GPU, loại bỏ hiện tượng xé hình và giật hình. Khả năng tái tạo màu sắc rộng với độ phủ DCI-P3 cao, cùng chứng nhận HDR, mang lại hình ảnh sống động, chân thực đến không ngờ. Thiết kế công thái học cho phép điều chỉnh linh hoạt, đảm bảo tư thế thoải mái nhất trong mọi phiên chơi game marathon. MSI MAG 272QPW QD-OLED X28 không chỉ là một màn hình, mà là một công cụ mạnh mẽ giúp bạn thống trị mọi chiến trường ảo.',
            36, 'https://cdn.hstatic.net/products/200000722513/msi_mag_272qpw_qd-oled_x28_gearvn_55badcdac7894ef0901ea6de5ae8c679.jpg', '2025-07-15T07:03:15+00:00',1);
        
INSERT INTO product_image (name, product_variant_id, image_url, is_main)
VALUES
    ('Ảnh 1', 695, 'https://cdn.hstatic.net/products/200000722513/msi_mag_272qpw_qd-oled_x28_gearvn_55badcdac7894ef0901ea6de5ae8c679.jpg', TRUE),
    ('Ảnh 2', 695, 'https://cdn.hstatic.net/products/200000722513/1024__1__d8ff0eceee1b4d4389aa8567977e431b.png', FALSE),
    ('Ảnh 3', 695, 'https://cdn.hstatic.net/products/200000722513/1024__2__8e6ab97754a64b43a2c2e35facc4454d.png', FALSE),
    ('Ảnh 4', 695, 'https://cdn.hstatic.net/products/200000722513/1024__3__df069a82dedb4ac4934f3ebf51902def.png', FALSE),
    ('Ảnh 5', 695, 'https://cdn.hstatic.net/products/200000722513/1024__4__c162172349724fa69b944ffe3d23ec05.png', FALSE),
    ('Ảnh 6', 695, 'https://cdn.hstatic.net/products/200000722513/1024_c6ef2883996a42c8a831699e795b06b7.png', FALSE);
---
INSERT INTO product (name, seo_name, brand_id, specifications, description, created_by, image_url) 
    VALUES (
        'Màn hình LG 27G850A-B 27" Nano IPS Black 4K 240Hz-FHD 480Hz chuyên game', 'man-hinh-lg-27g850a-b-27-nano-ips-black-4k-240hz-fhd-480hz-chuyen-game', 12,
        '{"Nhà sản xuất": "LG"}',
        'Màn hình LG 27G850A-B là một siêu phẩm dành cho game thủ chuyên nghiệp, mang đến trải nghiệm hình ảnh và tốc độ đỉnh cao không thể tin được. Với kích thước 27 inch lý tưởng, màn hình này sử dụng công nghệ Nano IPS Black tiên tiến, không chỉ tái tạo màu sắc sống động, chân thực đến từng chi tiết mà còn cung cấp độ tương phản vượt trội với màu đen sâu thẳm, giúp bạn dễ dàng phát hiện kẻ địch trong những môi trường tối. Điểm nhấn đột phá chính là khả năng hiển thị 4K UHD (3840x2160) ở tần số quét cực cao 240Hz, đảm bảo mọi khung hình đều mượt mà, sắc nét tuyệt đối, loại bỏ hoàn toàn hiện tượng xé hình hay giật lag, mang lại lợi thế quyết định trong các trận chiến khốc liệt. Hơn thế nữa, đối với những tựa game yêu cầu tốc độ phản hồi siêu nhanh, màn hình còn hỗ trợ chế độ FHD (1920x1080) với tần số quét lên tới 480Hz, cho phép game thủ đạt được phản xạ nhanh nhất có thể, đưa bạn lên một tầm cao mới của sự cạnh tranh. Thời gian phản hồi cực thấp cùng các công nghệ đồng bộ hóa hình ảnh tích hợp sẽ giúp bạn đắm chìm hoàn toàn vào thế giới game, trải nghiệm mọi pha hành động với độ chính xác và mượt mà tối đa. LG 27G850A-B không chỉ là một màn hình, mà là một công cụ đắc lực giúp bạn chinh phục mọi thử thách trong thế giới ảo.',
        1, 'https://product.hstatic.net/200000722513/product/lg_27g850a-b_gearvn_70f8b32c27f844179e1f16166ca9a418.jpg'
    );
INSERT INTO product_category (product_id, category_id) VALUES (696, 16);
INSERT INTO product_variant (
        product_id, name, seo_name, supplier_id, price, price_sale, quantity, sku, model, barcode, 
        specifications, description, warranty, image_url, release_at, created_by)
        VALUES ( 696, 'Màn hình LG 27G850A-B 27" Nano IPS Black 4K 240Hz-FHD 480Hz chuyên game', 'man-hinh-lg-27g850a-b-27-nano-ips-black-4k-240hz-fhd-480hz-chuyen-game',
            1, 23990000, 21500000, 10, 'MAN-LG-27G850A-B',
            'MAN-LG-27G850A-B', 'MAN-LG-27G850A-B',
            '{"Tên sản phẩm": "Màn hình LG 27GN850-B","Kích thước màn hình": "27 inch","Công nghệ màn hình": "Nano IPS","Độ phân giải": "QHD (2560 x 1440)","Tần số quét": "144Hz","Thời gian phản hồi": "1ms (GtG)","Hỗ trợ HDR": "HDR10","Công nghệ đồng bộ": "NVIDIA G-SYNC Compatible, AMD FreeSync","Độ sáng": "350 cd/m² (Typical)","Tỷ lệ tương phản": "1000:1 (Typical)","Số màu": "1.07 tỷ màu","Độ phủ màu": "98% DCI-P3","Cổng kết nối": "2 x HDMI, 1 x DisplayPort","Tính năng đặc biệt": "Dynamic Action Sync, Black Stabilizer, Crosshair, Reader Mode, Flicker Safe, Color Calibrated, 1ms Motion Blur Reduction","Kích thước (có chân đế)": "614.7 mm (Rộng) x 576.6 mm (Cao) x 292.1 mm (Sâu)","Trọng lượng (có chân đế)": "6.4 kg","Kích thước (không chân đế)": "615 mm (Rộng) x 366 mm (Cao) x 55.9 mm (Sâu)","Trọng lượng (không chân đế)": "4.22 kg"}',
            'Màn hình LG 27G850A-B là một siêu phẩm dành cho game thủ chuyên nghiệp, mang đến trải nghiệm hình ảnh và tốc độ đỉnh cao không thể tin được. Với kích thước 27 inch lý tưởng, màn hình này sử dụng công nghệ Nano IPS Black tiên tiến, không chỉ tái tạo màu sắc sống động, chân thực đến từng chi tiết mà còn cung cấp độ tương phản vượt trội với màu đen sâu thẳm, giúp bạn dễ dàng phát hiện kẻ địch trong những môi trường tối. Điểm nhấn đột phá chính là khả năng hiển thị 4K UHD (3840x2160) ở tần số quét cực cao 240Hz, đảm bảo mọi khung hình đều mượt mà, sắc nét tuyệt đối, loại bỏ hoàn toàn hiện tượng xé hình hay giật lag, mang lại lợi thế quyết định trong các trận chiến khốc liệt. Hơn thế nữa, đối với những tựa game yêu cầu tốc độ phản hồi siêu nhanh, màn hình còn hỗ trợ chế độ FHD (1920x1080) với tần số quét lên tới 480Hz, cho phép game thủ đạt được phản xạ nhanh nhất có thể, đưa bạn lên một tầm cao mới của sự cạnh tranh. Thời gian phản hồi cực thấp cùng các công nghệ đồng bộ hóa hình ảnh tích hợp sẽ giúp bạn đắm chìm hoàn toàn vào thế giới game, trải nghiệm mọi pha hành động với độ chính xác và mượt mà tối đa. LG 27G850A-B không chỉ là một màn hình, mà là một công cụ đắc lực giúp bạn chinh phục mọi thử thách trong thế giới ảo.',
            24, 'https://product.hstatic.net/200000722513/product/lg_27g850a-b_gearvn_70f8b32c27f844179e1f16166ca9a418.jpg', '2025-06-13T10:35:01+00:00',1);
        
INSERT INTO product_image (name, product_variant_id, image_url, is_main)
VALUES
    ('Ảnh 1', 696, 'https://product.hstatic.net/200000722513/product/lg_27g850a-b_gearvn_70f8b32c27f844179e1f16166ca9a418.jpg', TRUE),
    ('Ảnh 2', 696, 'https://product.hstatic.net/200000722513/product/2_0d28a20353c742eda1cf154473ecf082.png', FALSE),
    ('Ảnh 3', 696, 'https://product.hstatic.net/200000722513/product/3_119dd039863341dc8de9983217f28fdf.png', FALSE),
    ('Ảnh 4', 696, 'https://product.hstatic.net/200000722513/product/4_7b6ee64f79bf4460adcd253003f82ed5.png', FALSE),
    ('Ảnh 5', 696, 'https://product.hstatic.net/200000722513/product/5_8ee81c63be9c4494bd78d8b50ef5e563.png', FALSE),
    ('Ảnh 6', 696, 'https://product.hstatic.net/200000722513/product/6_bc8ce46abc42430b88b0a7d367b04edf.png', FALSE),
    ('Ảnh 7', 696, 'https://product.hstatic.net/200000722513/product/7_dee8db673e3446d49c3a2387dd1151d6.png', FALSE),
    ('Ảnh 8', 696, 'https://product.hstatic.net/200000722513/product/8_574bb137fc24470f84473aaf5eb0d74a.png', FALSE);
---
INSERT INTO product (name, seo_name, brand_id, specifications, description, created_by, image_url) 
    VALUES (
        'Màn hình ASUS TUF GAMING VG27AQM5A 27" Fast IPS 2K 300Hz chuyên game', 'man-hinh-asus-tuf-gaming-vg27aqm5a-27-fast-ips-2k-300hz-chuyen-game', 3,
        '{"Nhà sản xuất": "Asus"}',
        'Màn hình ASUS TUF GAMING VG27AQM5A là lựa chọn hoàn hảo cho những game thủ chuyên nghiệp và người đam mê trải nghiệm hình ảnh đỉnh cao. Với kích thước 27 inch rộng rãi cùng tấm nền Fast IPS tiên tiến, màn hình này mang lại màu sắc sống động, độ tương phản ấn tượng và góc nhìn siêu rộng, đảm bảo mọi chi tiết trên chiến trường ảo đều được hiển thị rõ nét. Độ phân giải 2K (2560x1440) cung cấp mật độ điểm ảnh tối ưu, giúp hình ảnh sắc nét mà vẫn duy trì hiệu suất mượt mà. Điểm nhấn nổi bật nhất của VG27AQM5A chính là tần số quét cực khủng 300Hz, kết hợp cùng thời gian phản hồi siêu tốc, loại bỏ hoàn toàn hiện tượng xé hình, giật lag hay bóng mờ, cho phép game thủ phản ứng nhanh nhạy trong mọi tình huống. Công nghệ đồng bộ hóa hình ảnh tích hợp (như Adaptive Sync) càng tăng cường trải nghiệm không giật hình. Thiết kế TUF GAMING bền bỉ, mạnh mẽ cũng là một điểm cộng lớn, đảm bảo tuổi thọ lâu dài. Đây thực sự là cỗ máy chiến game không thể thiếu để thống trị mọi trận đấu.',
        1, 'https://product.hstatic.net/200000722513/product/asus_vg27aqm5a_gearvn_8bb11367546a4b8c84d5758f1c9cc11b.jpg'
    );
INSERT INTO product_category (product_id, category_id) VALUES (697, 16);
INSERT INTO product_variant (
        product_id, name, seo_name, supplier_id, price, price_sale, quantity, sku, model, barcode, 
        specifications, description, warranty, image_url, release_at, created_by)
        VALUES ( 697, 'Màn hình ASUS TUF GAMING VG27AQM5A 27" Fast IPS 2K 300Hz chuyên game', 'man-hinh-asus-tuf-gaming-vg27aqm5a-27-fast-ips-2k-300hz-chuyen-game',
            1, 8490000, 7390000, 10, 'MAN-ASU-TUF-VG27AQM5A',
            'MAN-ASU-TUF-VG27AQM5A', 'MAN-ASU-TUF-VG27AQM5A',
            '{"Tên sản phẩm": "ASUS TUF GAMING VG27AQM5A","Kích thước màn hình": "27 inch","Độ phân giải": "2K (2560 x 1440 pixels)","Tấm nền": "Fast IPS","Tần số quét tối đa": "300Hz","Thời gian phản hồi": "0.3ms (GTG) / 1ms (GTG)","Độ phủ màu": "95% DCI-P3 / 95% sRGB","Cổng kết nối": "1 x DisplayPort 1.4, 2 x HDMI 2.0, 1 x USB 3.2 Gen 1 Type-C","Công nghệ": "Adaptive-Sync, AMD FreeSync Premium, NVIDIA G-Sync Compatible, ASUS Extreme Low Motion Blur Sync (ELMB Sync)","Loa": "2W x 2","Nguồn điện tiêu thụ": "<33W","Khối lượng": "4.6 kg","Bảo hành": "36 tháng"}',
            'Màn hình ASUS TUF GAMING VG27AQM5A là lựa chọn hoàn hảo cho những game thủ chuyên nghiệp và người đam mê trải nghiệm hình ảnh đỉnh cao. Với kích thước 27 inch rộng rãi cùng tấm nền Fast IPS tiên tiến, màn hình này mang lại màu sắc sống động, độ tương phản ấn tượng và góc nhìn siêu rộng, đảm bảo mọi chi tiết trên chiến trường ảo đều được hiển thị rõ nét. Độ phân giải 2K (2560x1440) cung cấp mật độ điểm ảnh tối ưu, giúp hình ảnh sắc nét mà vẫn duy trì hiệu suất mượt mà. Điểm nhấn nổi bật nhất của VG27AQM5A chính là tần số quét cực khủng 300Hz, kết hợp cùng thời gian phản hồi siêu tốc, loại bỏ hoàn toàn hiện tượng xé hình, giật lag hay bóng mờ, cho phép game thủ phản ứng nhanh nhạy trong mọi tình huống. Công nghệ đồng bộ hóa hình ảnh tích hợp (như Adaptive Sync) càng tăng cường trải nghiệm không giật hình. Thiết kế TUF GAMING bền bỉ, mạnh mẽ cũng là một điểm cộng lớn, đảm bảo tuổi thọ lâu dài. Đây thực sự là cỗ máy chiến game không thể thiếu để thống trị mọi trận đấu.',
            36, 'https://product.hstatic.net/200000722513/product/asus_vg27aqm5a_gearvn_8bb11367546a4b8c84d5758f1c9cc11b.jpg', '2025-06-12T07:29:42+00:00',1);
        
INSERT INTO product_image (name, product_variant_id, image_url, is_main)
VALUES
    ('Ảnh 1', 697, 'https://product.hstatic.net/200000722513/product/asus_vg27aqm5a_gearvn_8bb11367546a4b8c84d5758f1c9cc11b.jpg', TRUE),
    ('Ảnh 2', 697, 'https://product.hstatic.net/200000722513/product/tuf-gaming-vg27aqm5a-01_496d4e7151904bfd84778791f8cc2d6b.jpg', FALSE),
    ('Ảnh 3', 697, 'https://product.hstatic.net/200000722513/product/tuf-gaming-vg27aqm5a-02_1c9d120a53d841308fe99f4f83dbde5a.jpg', FALSE),
    ('Ảnh 4', 697, 'https://product.hstatic.net/200000722513/product/tuf-gaming-vg27aqm5a-03_966818049d0e4f86ab09f13b2c235280.jpg', FALSE),
    ('Ảnh 5', 697, 'https://product.hstatic.net/200000722513/product/tuf-gaming-vg27aqm5a-04_69528a2329b7457eae517ebb4dcfe68a.jpg', FALSE),
    ('Ảnh 6', 697, 'https://product.hstatic.net/200000722513/product/tuf-gaming-vg27aqm5a-05_bbff8800e199435fa54df3f0d8d01a20.jpg', FALSE),
    ('Ảnh 7', 697, 'https://product.hstatic.net/200000722513/product/tuf-gaming-vg27aqm5a-06_9c11ebc56b5e4d158fb13a7e1dfb80a0.jpg', FALSE);
---
INSERT INTO product (name, seo_name, brand_id, specifications, description, created_by, image_url) 
    VALUES (
        'Màn hình ViewSonic ColorPro VP2788-5K 27" IPS 5K USBC chuyên đồ hoạ', 'man-hinh-viewsonic-colorpro-vp2788-5k-27-ips-5k-usbc-chuyen-do-hoa', 55,
        '{"Nhà sản xuất": "ViewSonic"}',
        'Màn hình ViewSonic ColorPro VP2788-5K là sự lựa chọn hoàn hảo dành cho các chuyên gia đồ họa, nhiếp ảnh gia và những người sáng tạo nội dung yêu cầu độ chính xác màu sắc tuyệt đối và chi tiết hình ảnh đỉnh cao. Với kích thước 27 inch và độ phân giải 5K (5120 x 2880), màn hình này mang đến mật độ điểm ảnh siêu cao, cho phép hiển thị hình ảnh sắc nét đến từng chi tiết, loại bỏ hiện tượng răng cưa và pixel hóa, vô cùng lý tưởng cho việc chỉnh sửa ảnh độ phân giải cao, thiết kế đồ họa phức tạp và dựng phim 4K/5K. Tấm nền IPS cao cấp đảm bảo góc nhìn rộng 178 độ, giữ cho màu sắc và độ sáng đồng nhất từ mọi góc độ, điều cực kỳ quan trọng trong môi trường làm việc nhóm hoặc khi xem lại tác phẩm. Dòng ColorPro của ViewSonic nổi tiếng với khả năng tái tạo màu sắc vượt trội, thường đạt Delta E < 2, cùng với độ phủ màu rộng rãi các không gian màu chuẩn công nghiệp như 100% sRGB, Adobe RGB và DCI-P3, đảm bảo rằng màu sắc bạn thấy trên màn hình sẽ chính xác như thành phẩm cuối cùng. Cổng kết nối USB-C đa năng là một điểm cộng lớn, cho phép truyền tải video, dữ liệu và sạc nguồn (Power Delivery) chỉ bằng một cáp duy nhất, giúp bàn làm việc của bạn gọn gàng hơn và tối ưu hóa quy trình làm việc. Chân đế công thái học cho phép điều chỉnh độ cao, nghiêng, xoay và xoay dọc (pivot), giúp người dùng dễ dàng tìm được tư thế làm việc thoải mái nhất, giảm thiểu mỏi mắt và cổ trong suốt thời gian dài sử dụng. ViewSonic ColorPro VP2788-5K thực sự là một công cụ mạnh mẽ, nâng tầm trải nghiệm sáng tạo của bạn lên một đẳng cấp mới.',
        1, 'https://product.hstatic.net/200000722513/product/view_vp2788-5k_gearvn_76da39f78cf642bca2714f9ada263142.jpg'
    );
INSERT INTO product_category (product_id, category_id) VALUES (698, 16);
INSERT INTO product_variant (
        product_id, name, seo_name, supplier_id, price, price_sale, quantity, sku, model, barcode, 
        specifications, description, warranty, image_url, release_at, created_by)
        VALUES ( 698, 'Màn hình ViewSonic ColorPro VP2788-5K 27" IPS 5K USBC chuyên đồ hoạ', 'man-hinh-viewsonic-colorpro-vp2788-5k-27-ips-5k-usbc-chuyen-do-hoa',
            1, 23990000, 21490000, 10, 'MAN-VIE-VP2788-5K',
            'MAN-VIE-VP2788-5K', 'MAN-VIE-VP2788-5K',
            '{"Tên sản phẩm":"ViewSonic ColorPro VP2788-5K","Kích thước màn hình":"27 inch","Loại tấm nền":"IPS","Độ phân giải":"5K (5120 x 2880)","Mật độ điểm ảnh":"218 PPI","Tốc độ làm mới":"75Hz (ép xung)","Thời gian phản hồi":"14ms GtG (5ms với Overdrive)","Độ sáng":"500 cd/m²","Tỷ lệ tương phản tĩnh":"2000:1","Độ phủ màu":"100% sRGB, 99% DCI-P3, 88% Adobe RGB","Độ sâu màu":"10-bit (8-bit + FRC)","Chứng nhận":"VESA DisplayHDR 400, Pantone Validated","Cổng kết nối":"Thunderbolt 4 (x2, hỗ trợ sạc 100W), USB-C 3.2 Gen2 (x2), USB-A 3.2 Gen2 (x2), HDMI 2.1 (x1), DisplayPort 1.4 (x1)","Hỗ trợ kết nối chuỗi":"Có (Daisy Chain)","Nguồn điện":"Adapter ngoài","Chân đế":"Công thái học (điều chỉnh độ cao, nghiêng, xoay, lật dọc)","Kích thước (Rộng x Cao x Sâu)":"612.94 x 367.23 x 57.5 mm","Trọng lượng":"4.2 kg","Năm sản xuất (dự kiến)":"2025"}',
            'Màn hình ViewSonic ColorPro VP2788-5K là sự lựa chọn hoàn hảo dành cho các chuyên gia đồ họa, nhiếp ảnh gia và những người sáng tạo nội dung yêu cầu độ chính xác màu sắc tuyệt đối và chi tiết hình ảnh đỉnh cao. Với kích thước 27 inch và độ phân giải 5K (5120 x 2880), màn hình này mang đến mật độ điểm ảnh siêu cao, cho phép hiển thị hình ảnh sắc nét đến từng chi tiết, loại bỏ hiện tượng răng cưa và pixel hóa, vô cùng lý tưởng cho việc chỉnh sửa ảnh độ phân giải cao, thiết kế đồ họa phức tạp và dựng phim 4K/5K. Tấm nền IPS cao cấp đảm bảo góc nhìn rộng 178 độ, giữ cho màu sắc và độ sáng đồng nhất từ mọi góc độ, điều cực kỳ quan trọng trong môi trường làm việc nhóm hoặc khi xem lại tác phẩm. Dòng ColorPro của ViewSonic nổi tiếng với khả năng tái tạo màu sắc vượt trội, thường đạt Delta E < 2, cùng với độ phủ màu rộng rãi các không gian màu chuẩn công nghiệp như 100% sRGB, Adobe RGB và DCI-P3, đảm bảo rằng màu sắc bạn thấy trên màn hình sẽ chính xác như thành phẩm cuối cùng. Cổng kết nối USB-C đa năng là một điểm cộng lớn, cho phép truyền tải video, dữ liệu và sạc nguồn (Power Delivery) chỉ bằng một cáp duy nhất, giúp bàn làm việc của bạn gọn gàng hơn và tối ưu hóa quy trình làm việc. Chân đế công thái học cho phép điều chỉnh độ cao, nghiêng, xoay và xoay dọc (pivot), giúp người dùng dễ dàng tìm được tư thế làm việc thoải mái nhất, giảm thiểu mỏi mắt và cổ trong suốt thời gian dài sử dụng. ViewSonic ColorPro VP2788-5K thực sự là một công cụ mạnh mẽ, nâng tầm trải nghiệm sáng tạo của bạn lên một đẳng cấp mới.',
            36, 'https://product.hstatic.net/200000722513/product/view_vp2788-5k_gearvn_76da39f78cf642bca2714f9ada263142.jpg', '2025-06-09T10:16:30+00:00',1);
        
INSERT INTO product_image (name, product_variant_id, image_url, is_main)
VALUES
    ('Ảnh 1', 698, 'https://product.hstatic.net/200000722513/product/view_vp2788-5k_gearvn_76da39f78cf642bca2714f9ada263142.jpg', TRUE),
    ('Ảnh 2', 698, 'https://product.hstatic.net/200000722513/product/gpg-24-mon-vp2788-5k-product_photo_f02-1_1b2fa89c4bd84f95b4734ce2c618c83f.png', FALSE),
    ('Ảnh 3', 698, 'https://product.hstatic.net/200000722513/product/gpg-24-mon-vp2788-5k-product_photo_f02-2_ef9a4611422645998a2c12a7f014e883.png', FALSE),
    ('Ảnh 4', 698, 'https://product.hstatic.net/200000722513/product/25mon-con1013-prd-vp2788-5k_back_2ea2002c461b455bbda8c1ae67b4a583.png', FALSE),
    ('Ảnh 5', 698, 'https://product.hstatic.net/200000722513/product/25mon-con1013-prd-vp2788-5k_back_left_59d563d6a3764a458d90d3ee7f4eebc3.png', FALSE),
    ('Ảnh 6', 698, 'https://product.hstatic.net/200000722513/product/25mon-con1013-prd-vp2788-5k_back_right_low_a13d19feffec4fa9a569b56f6ff1a4db.png', FALSE),
    ('Ảnh 7', 698, 'https://product.hstatic.net/200000722513/product/25mon-con1013-prd-vp2788-5k_side_left_tilt_f87bade9fe6f472dada6db4d7499d1c4.png', FALSE),
    ('Ảnh 8', 698, 'https://product.hstatic.net/200000722513/product/gpg-24-mon-vp2788-5k-product_photo_b03_4163d90bf9d2483b99935e7590678686.png', FALSE),
    ('Ảnh 9', 698, 'https://product.hstatic.net/200000722513/product/gpg-24-mon-vp2788-5k-product_photo_c01_6d6713da9b1a4422b7efee0958902a3e.png', FALSE);
---
INSERT INTO product (name, seo_name, brand_id, specifications, description, created_by, image_url) 
    VALUES (
        'Màn hình Dell UltraSharp U2725QE 27" IPS 4K 120Hz USBC chuyên đồ họa', 'man-hinh-dell-ultrasharp-u2725qe-27-ips-4k-120hz-usbc-chuyen-do-hoa', 6,
        '{"Tên sản phẩm":"Dell UltraSharp U2725QE 27\" IPS 4K 120Hz USB-C","Kích thước màn hình":"27 inch","Kiểu màn hình":"Phẳng","Tấm nền":"IPS","Tỷ lệ":"16:9","Độ phân giải":"3840 x 2160 (4K UHD)","Tần số quét":"120Hz","Thời gian phản hồi":"5ms","Số lượng màu":"1.07 tỷ màu","Độ phủ màu":"DCI-P3 99% (CIE1976), Display P3 99%, sRGB 100% (CIE1931), BT.709 100%","Độ chính xác màu":"Delta E < 1.5 (Trung bình)","Độ sáng":"450 cd/m² (điển hình), 600 cd/m² (tối đa)","Độ tương phản":"3000:1","Góc nhìn":"178°/178°","Công nghệ":"VESA DisplayHDR 600, ComfortView Plus, Hiệu chuẩn màu, Chống chói phủ cứng 3H, Cảm biến ánh sáng xung quanh","Tính năng ảnh":"Picture-by-Picture, Picture-in-Picture","Điều chỉnh":"Nghiêng -5°~21°, Xoay ±45°, Trục ±90°, Điều chỉnh độ cao 150mm","Treo tường":"100 x 100 mm","Cổng kết nối":"1x HDMI, 1x DisplayPort 1.4 (DSC), 1x DisplayPort 1.4 Out, 1x Thunderbolt 4 Upstream, 1x Thunderbolt 4 Downstream, 1x USB-C Upstream, 4x USB-A 10Gbps, 1x RJ45 Ethernet, 1x Audio Out 3.5mm","Tính năng tiện ích":"Cảm biến ánh sáng xung quanh, Chống nháy, Tiết kiệm năng lượng","Điện năng tiêu thụ":"Hoạt động 25.4W, Tối đa 325W, Chờ 0.5W, Tắt 0.3W","Trọng lượng":"7.06kg (có chân đế), 5.22kg (không chân đế)"}',
        'Màn hình Dell UltraSharp U2725QE 27 inch IPS 4K 120Hz USB-C là sự lựa chọn tối ưu dành cho các chuyên gia đồ họa, nhiếp ảnh gia và nhà sáng tạo nội dung, những người đòi hỏi độ chính xác màu sắc tuyệt đối và chi tiết hình ảnh sắc nét. Với độ phân giải 4K UHD (3840x2160), màn hình này mang đến không gian làm việc rộng lớn, cho phép bạn đắm chìm vào từng pixel, từng chi tiết nhỏ nhất trong các dự án thiết kế, chỉnh sửa ảnh hoặc dựng phim. Tấm nền IPS cao cấp không chỉ đảm bảo góc nhìn siêu rộng 178 độ mà còn tái tạo màu sắc sống động, chân thực với độ phủ màu rộng, đạt chuẩn Delta E < 2, mang lại sự tin cậy tuyệt đối về màu sắc. Tần số quét 120Hz cải thiện đáng kể trải nghiệm xem, giúp mọi thao tác cuộn, chuyển động trên màn hình trở nên mượt mà và liền mạch hơn, giảm thiểu hiện tượng giật hình. Cổng USB-C tích hợp không chỉ truyền tải dữ liệu, hình ảnh mà còn cung cấp khả năng sạc nhanh lên đến 90W cho laptop, biến màn hình thành một trạm kết nối mạnh mẽ, giúp không gian làm việc gọn gàng và hiệu quả hơn. Thiết kế công thái học linh hoạt cho phép điều chỉnh độ cao, xoay, nghiêng và xoay trục (pivot), đảm bảo tư thế làm việc thoải mái nhất trong suốt thời gian dài. Công nghệ ComfortView Plus được tích hợp sẵn giúp giảm thiểu ánh sáng xanh có hại mà không làm ảnh hưởng đến độ chính xác màu, bảo vệ đôi mắt của bạn. Đây là màn hình chuyên nghiệp hội tụ hiệu suất, độ chính xác và tiện ích vượt trội.',
        1, 'https://product.hstatic.net/200000722513/product/dell_u2725qe_gearvn_91c9acb8d2eb4dcd832242d6126fc652.jpg'
    );
INSERT INTO product_category (product_id, category_id) VALUES (699, 16);
INSERT INTO product_variant (
        product_id, name, seo_name, supplier_id, price, price_sale, quantity, sku, model, barcode, 
        specifications, description, warranty, image_url, release_at, created_by)
        VALUES ( 699, 'Màn hình Dell UltraSharp U2725QE 27" IPS 4K 120Hz USBC chuyên đồ họa', 'man-hinh-dell-ultrasharp-u2725qe-27-ips-4k-120hz-usbc-chuyen-do-hoa',
            1, 17990000, 16690000, 10, 'MAN-DEL-U2725QE',
            'MAN-DEL-U2725QE', 'MAN-DEL-U2725QE',
            '{"Tên sản phẩm":"Dell UltraSharp U2725QE 27\" IPS 4K 120Hz USB-C","Kích thước màn hình":"27 inch","Kiểu màn hình":"Phẳng","Tấm nền":"IPS","Tỷ lệ":"16:9","Độ phân giải":"3840 x 2160 (4K UHD)","Tần số quét":"120Hz","Thời gian phản hồi":"5ms","Số lượng màu":"1.07 tỷ màu","Độ phủ màu":"DCI-P3 99% (CIE1976), Display P3 99%, sRGB 100% (CIE1931), BT.709 100%","Độ chính xác màu":"Delta E < 1.5 (Trung bình)","Độ sáng":"450 cd/m² (điển hình), 600 cd/m² (tối đa)","Độ tương phản":"3000:1","Góc nhìn":"178°/178°","Công nghệ":"VESA DisplayHDR 600, ComfortView Plus, Hiệu chuẩn màu, Chống chói phủ cứng 3H, Cảm biến ánh sáng xung quanh","Tính năng ảnh":"Picture-by-Picture, Picture-in-Picture","Điều chỉnh":"Nghiêng -5°~21°, Xoay ±45°, Trục ±90°, Điều chỉnh độ cao 150mm","Treo tường":"100 x 100 mm","Cổng kết nối":"1x HDMI, 1x DisplayPort 1.4 (DSC), 1x DisplayPort 1.4 Out, 1x Thunderbolt 4 Upstream, 1x Thunderbolt 4 Downstream, 1x USB-C Upstream, 4x USB-A 10Gbps, 1x RJ45 Ethernet, 1x Audio Out 3.5mm","Tính năng tiện ích":"Cảm biến ánh sáng xung quanh, Chống nháy, Tiết kiệm năng lượng","Điện năng tiêu thụ":"Hoạt động 25.4W, Tối đa 325W, Chờ 0.5W, Tắt 0.3W","Trọng lượng":"7.06kg (có chân đế), 5.22kg (không chân đế)"}',
            'Màn hình Dell UltraSharp U2725QE 27 inch IPS 4K 120Hz USB-C là sự lựa chọn tối ưu dành cho các chuyên gia đồ họa, nhiếp ảnh gia và nhà sáng tạo nội dung, những người đòi hỏi độ chính xác màu sắc tuyệt đối và chi tiết hình ảnh sắc nét. Với độ phân giải 4K UHD (3840x2160), màn hình này mang đến không gian làm việc rộng lớn, cho phép bạn đắm chìm vào từng pixel, từng chi tiết nhỏ nhất trong các dự án thiết kế, chỉnh sửa ảnh hoặc dựng phim. Tấm nền IPS cao cấp không chỉ đảm bảo góc nhìn siêu rộng 178 độ mà còn tái tạo màu sắc sống động, chân thực với độ phủ màu rộng, đạt chuẩn Delta E < 2, mang lại sự tin cậy tuyệt đối về màu sắc. Tần số quét 120Hz cải thiện đáng kể trải nghiệm xem, giúp mọi thao tác cuộn, chuyển động trên màn hình trở nên mượt mà và liền mạch hơn, giảm thiểu hiện tượng giật hình. Cổng USB-C tích hợp không chỉ truyền tải dữ liệu, hình ảnh mà còn cung cấp khả năng sạc nhanh lên đến 90W cho laptop, biến màn hình thành một trạm kết nối mạnh mẽ, giúp không gian làm việc gọn gàng và hiệu quả hơn. Thiết kế công thái học linh hoạt cho phép điều chỉnh độ cao, xoay, nghiêng và xoay trục (pivot), đảm bảo tư thế làm việc thoải mái nhất trong suốt thời gian dài. Công nghệ ComfortView Plus được tích hợp sẵn giúp giảm thiểu ánh sáng xanh có hại mà không làm ảnh hưởng đến độ chính xác màu, bảo vệ đôi mắt của bạn. Đây là màn hình chuyên nghiệp hội tụ hiệu suất, độ chính xác và tiện ích vượt trội.',
            36, 'https://product.hstatic.net/200000722513/product/dell_u2725qe_gearvn_91c9acb8d2eb4dcd832242d6126fc652.jpg', '2025-06-05T02:54:02+00:00',1);
        
INSERT INTO product_image (name, product_variant_id, image_url, is_main)
VALUES
    ('Ảnh 1', 699, 'https://product.hstatic.net/200000722513/product/dell_u2725qe_gearvn_91c9acb8d2eb4dcd832242d6126fc652.jpg', TRUE),
    ('Ảnh 2', 699, 'https://product.hstatic.net/200000722513/product/2_79ffc395e46a447f93c82baf341abe86.png', FALSE),
    ('Ảnh 3', 699, 'https://product.hstatic.net/200000722513/product/3_6423ff3ca71243aa8b40a7ea0197a2c2.png', FALSE),
    ('Ảnh 4', 699, 'https://product.hstatic.net/200000722513/product/4_0b8e8ad81fd94f919120b447d9406b45.png', FALSE),
    ('Ảnh 5', 699, 'https://product.hstatic.net/200000722513/product/5_9836a7f974ef4bde91873d63485da83c.png', FALSE),
    ('Ảnh 6', 699, 'https://product.hstatic.net/200000722513/product/6_93cfd4d606be4826bf5589a36d063aef.png', FALSE),
    ('Ảnh 7', 699, 'https://product.hstatic.net/200000722513/product/monitor-ultrasharp-u2725qe-gy-ga_65e8f1b4f60640d69d38a7e9879ff21d.png', FALSE);
---
INSERT INTO product (name, seo_name, brand_id, specifications, description, created_by, image_url) 
    VALUES (
        'Màn hình ASUS ProArt PA27JCV 27" IPS 5K USBC chuyên đồ họa', 'man-hinh-asus-proart-pa27jcv-27-ips-5k-usbc-chuyen-do-hoa', 3,
        '{"Nhà sản xuất": "Asus"}',
        'Màn hình ASUS ProArt PA27JCV 27\" IPS 5K USB-C chuyên đồ họa là một công cụ mạnh mẽ và không thể thiếu cho các nhà sáng tạo nội dung chuyên nghiệp, từ nhiếp ảnh gia, biên tập viên video đến các nhà thiết kế đồ họa. Với tấm nền IPS kích thước 27 inch, màn hình này mang lại góc nhìn rộng và màu sắc nhất quán, đảm bảo hình ảnh hiển thị trung thực từ mọi góc độ. Điểm nhấn ấn tượng nhất chính là độ phân giải 5K (5120 x 2880), cung cấp mật độ điểm ảnh siêu cao, cho phép hiển thị từng chi tiết nhỏ nhất của tác phẩm với độ sắc nét vượt trội, giúp người dùng dễ dàng chỉnh sửa và tinh chỉnh. Khả năng tái tạo màu sắc của PA27JCV được hiệu chỉnh tại nhà máy với độ chính xác Delta E < 2, đảm bảo màu sắc chân thực ngay từ khi xuất xưởng. Màn hình hỗ trợ dải màu rộng, bao gồm 99% DCI-P3, 99% Adobe RGB và 100% sRGB, đáp ứng mọi tiêu chuẩn khắt khe nhất trong ngành đồ họa và in ấn. Công nghệ ProArt Palette độc quyền của ASUS cho phép tùy chỉnh các thông số màu sắc một cách dễ dàng, mang lại sự linh hoạt tối đa. Cổng kết nối USB-C đa năng là một điểm cộng lớn, hỗ trợ truyền tải video, dữ liệu và cung cấp nguồn điện lên đến 96W chỉ với một sợi cáp duy nhất, giúp không gian làm việc gọn gàng và tối ưu hóa quy trình làm việc. Ngoài ra, màn hình còn được trang bị các cổng HDMI, DisplayPort và một hub USB, tăng cường khả năng kết nối với nhiều thiết bị ngoại vi. Chân đế công thái học cho phép điều chỉnh độ cao, xoay ngang, xoay dọc và nghiêng, mang lại tư thế làm việc thoải mái nhất trong thời gian dài. ASUS ProArt PA27JCV thực sự là một khoản đầu tư xứng đáng cho bất kỳ ai đặt nặng về chất lượng hình ảnh và độ chính xác màu sắc.',
        1, 'https://product.hstatic.net/200000722513/product/asus_pa27jcv_gearvn_9484e4bd73df435ba454ba5f504fcbc7.jpg'
    );
INSERT INTO product_category (product_id, category_id) VALUES (700, 16);
INSERT INTO product_variant (
        product_id, name, seo_name, supplier_id, price, price_sale, quantity, sku, model, barcode, 
        specifications, description, warranty, image_url, release_at, created_by)
        VALUES ( 700, 'Màn hình ASUS ProArt PA27JCV 27" IPS 5K USBC chuyên đồ họa', 'man-hinh-asus-proart-pa27jcv-27-ips-5k-usbc-chuyen-do-hoa',
            1, 22990000, 20990000, 10, 'MAN-ASU-PROART-PA27JCV',
            'MAN-ASU-PROART-PA27JCV', 'MAN-ASU-PROART-PA27JCV',
            '{"Tên sản phẩm": "ASUS ProArt PA27JCV","Kích thước màn hình": "27 inch","Độ phân giải": "5K (5120 x 2880)","Tấm nền": "IPS","Tần số quét": "60 Hz","Thời gian phản hồi": "5 ms","Độ sáng": "400 cd/m² (Typ.)","HDR": "VESA DisplayHDR 500","Độ tương phản": "3000:1 (Max Contrast Ratio)","Không gian màu": "99% DCI-P3, 100% sRGB, 95% Adobe RGB","Độ chính xác màu": "Delta E < 2","Cổng kết nối": "1 x HDMI 2.1, 1 x DisplayPort 1.4, USB-C DisplayPort Alt PD 96W, USB hub","Công nghệ màn hình": "LuxPixel™ AGLR, Light Sync Technology","Tính năng đặc biệt": "Auto KVM, Power Delivery 96W, HDR10","Tương thích VESA": "100x100 mm","Bảo hành": "36 tháng"}',
            'Màn hình ASUS ProArt PA27JCV 27\" IPS 5K USB-C chuyên đồ họa là một công cụ mạnh mẽ và không thể thiếu cho các nhà sáng tạo nội dung chuyên nghiệp, từ nhiếp ảnh gia, biên tập viên video đến các nhà thiết kế đồ họa. Với tấm nền IPS kích thước 27 inch, màn hình này mang lại góc nhìn rộng và màu sắc nhất quán, đảm bảo hình ảnh hiển thị trung thực từ mọi góc độ. Điểm nhấn ấn tượng nhất chính là độ phân giải 5K (5120 x 2880), cung cấp mật độ điểm ảnh siêu cao, cho phép hiển thị từng chi tiết nhỏ nhất của tác phẩm với độ sắc nét vượt trội, giúp người dùng dễ dàng chỉnh sửa và tinh chỉnh. Khả năng tái tạo màu sắc của PA27JCV được hiệu chỉnh tại nhà máy với độ chính xác Delta E < 2, đảm bảo màu sắc chân thực ngay từ khi xuất xưởng. Màn hình hỗ trợ dải màu rộng, bao gồm 99% DCI-P3, 99% Adobe RGB và 100% sRGB, đáp ứng mọi tiêu chuẩn khắt khe nhất trong ngành đồ họa và in ấn. Công nghệ ProArt Palette độc quyền của ASUS cho phép tùy chỉnh các thông số màu sắc một cách dễ dàng, mang lại sự linh hoạt tối đa. Cổng kết nối USB-C đa năng là một điểm cộng lớn, hỗ trợ truyền tải video, dữ liệu và cung cấp nguồn điện lên đến 96W chỉ với một sợi cáp duy nhất, giúp không gian làm việc gọn gàng và tối ưu hóa quy trình làm việc. Ngoài ra, màn hình còn được trang bị các cổng HDMI, DisplayPort và một hub USB, tăng cường khả năng kết nối với nhiều thiết bị ngoại vi. Chân đế công thái học cho phép điều chỉnh độ cao, xoay ngang, xoay dọc và nghiêng, mang lại tư thế làm việc thoải mái nhất trong thời gian dài. ASUS ProArt PA27JCV thực sự là một khoản đầu tư xứng đáng cho bất kỳ ai đặt nặng về chất lượng hình ảnh và độ chính xác màu sắc.',
            36, 'https://product.hstatic.net/200000722513/product/asus_pa27jcv_gearvn_9484e4bd73df435ba454ba5f504fcbc7.jpg', '2025-06-03T08:38:41+00:00',1);
        
INSERT INTO product_image (name, product_variant_id, image_url, is_main)
VALUES
    ('Ảnh 1', 700, 'https://product.hstatic.net/200000722513/product/asus_pa27jcv_gearvn_9484e4bd73df435ba454ba5f504fcbc7.jpg', TRUE),
    ('Ảnh 2', 700, 'https://product.hstatic.net/200000722513/product/proart-5k-pa27jcv-01_50ebfb23524b41bf920e042ac00646c7.jpg', FALSE),
    ('Ảnh 3', 700, 'https://product.hstatic.net/200000722513/product/proart-5k-pa27jcv-02_11cb6fc8f7f943f6afb52325ec8831b8.jpg', FALSE),
    ('Ảnh 4', 700, 'https://product.hstatic.net/200000722513/product/proart-5k-pa27jcv-03_fbba02e7fe504723ae68dea4f9bb6f7d.jpg', FALSE),
    ('Ảnh 5', 700, 'https://product.hstatic.net/200000722513/product/proart-5k-pa27jcv-04_a1636099a9c544f98b877f9091be934c.jpg', FALSE),
    ('Ảnh 6', 700, 'https://product.hstatic.net/200000722513/product/proart-5k-pa27jcv-05_06b2077994bc417d9fcb3e453f348a37.jpg', FALSE),
    ('Ảnh 7', 700, 'https://product.hstatic.net/200000722513/product/proart-5k-pa27jcv-06_f43a4a9e4bb4436fad2ef1c164ad11b7.jpg', FALSE),
    ('Ảnh 8', 700, 'https://product.hstatic.net/200000722513/product/proart-5k-pa27jcv-07_71248078c6a146c3b6558ed757fd2af7.jpg', FALSE),
    ('Ảnh 9', 700, 'https://product.hstatic.net/200000722513/product/proart-5k-pa27jcv-08_e82bd9887c8f4477b89844bb3b47e801.jpg', FALSE),
    ('Ảnh 10', 700, 'https://product.hstatic.net/200000722513/product/proart-5k-pa27jcv-09_ea6b6a7d4ced4bf4aa5c2bc584a98961.jpg', FALSE),
    ('Ảnh 11', 700, 'https://product.hstatic.net/200000722513/product/proart-5k-pa27jcv-10_1e3a6800ded8431fb7adfdb9d73df3f0.jpg', FALSE);
---
INSERT INTO product (name, seo_name, brand_id, specifications, description, created_by, image_url) 
    VALUES (
        'Màn hình LG 27UP850K-W 27" IPS 4K HDR USBC Chuyên Đồ họa', 'man-hinh-lg-27up850k-w-27-ips-4k-hdr-usbc-chuyen-do-hoa', 12,
        '{"Nhà sản xuất": "LG"}',
        'Màn hình LG 27UP850K-W là lựa chọn hoàn hảo cho các chuyên gia đồ họa, nhiếp ảnh gia và những người sáng tạo nội dung đang tìm kiếm sự chính xác tuyệt đối về màu sắc và chi tiết hình ảnh. Với kích thước 27 inch và độ phân giải 4K UHD (3840 x 2160), màn hình này mang lại không gian làm việc rộng rãi cùng với mật độ điểm ảnh siêu cao, đảm bảo mọi chi tiết được hiển thị sắc nét đến kinh ngạc. Tấm nền IPS cao cấp đảm bảo góc nhìn rộng 178 độ cùng với khả năng tái tạo màu sắc sống động và chân thực, bao phủ 95% không gian màu DCI-P3, đáp ứng nghiêm ngặt các tiêu chuẩn đồ họa chuyên nghiệp. Điểm nổi bật khác là công nghệ HDR (High Dynamic Range) giúp tăng cường độ tương phản và dải màu, mang đến hình ảnh có chiều sâu và sống động hơn, đặc biệt hữu ích khi chỉnh sửa video hoặc xem nội dung đa phương tiện. Cổng kết nối USB-C tiện lợi cho phép truyền tải dữ liệu, tín hiệu hình ảnh 4K và sạc thiết bị đồng thời chỉ với một sợi cáp duy nhất, tối ưu hóa không gian làm việc và sự tiện lợi khi kết nối với laptop hoặc các thiết bị di động. Thiết kế công thái học với khả năng điều chỉnh độ cao, xoay và nghiêng giúp người dùng dễ dàng tìm được tư thế làm việc thoải mái nhất, giảm thiểu mệt mỏi trong quá trình sử dụng lâu dài. Đây thực sự là một công cụ mạnh mẽ hỗ trợ tối đa hiệu suất làm việc cho mọi nhà sáng tạo.',
        1, 'https://product.hstatic.net/200000722513/product/lg_27up850k-w_gearvn_1d25f7eb3da4449595213189dc132899.jpg'
    );
INSERT INTO product_category (product_id, category_id) VALUES (701, 16);
INSERT INTO product_variant (
        product_id, name, seo_name, supplier_id, price, price_sale, quantity, sku, model, barcode, 
        specifications, description, warranty, image_url, release_at, created_by)
        VALUES ( 701, 'Màn hình LG 27UP850K-W 27" IPS 4K HDR USBC Chuyên Đồ họa', 'man-hinh-lg-27up850k-w-27-ips-4k-hdr-usbc-chuyen-do-hoa',
            1, 10890000, 8100000, 10, 'MAN-LG-27UP850K-W',
            'MAN-LG-27UP850K-W', 'MAN-LG-27UP850K-W',
            '{"Kích thước màn hình": "27 inch","Độ phân giải": "4K UHD (3840 x 2160)","Tấm nền": "IPS","Tần số quét": "60 Hz","Thời gian phản hồi": "5ms (GtG)","Độ sáng": "400 cd/m²","Độ tương phản": "1200:1","Không gian màu": "95% DCI-P3","Hỗ trợ HDR": "HDR10, VESA DisplayHDR 400","Loa tích hợp": "5W x 2","Cổng kết nối": "2 x HDMI, 1 x DisplayPort 1.4, 1 x USB Type-C (90W Power Delivery), 2 x USB 3.0","Khả năng treo tường": "100 x 100 mm","Tính năng đặc biệt": "Công nghệ Nano IPS, USB-C, Loa tích hợp, Black Stabilizer, Dynamic Action Sync, Flicker Safe, Reader Mode, Viền mỏng"}',
            'Màn hình LG 27UP850K-W là lựa chọn hoàn hảo cho các chuyên gia đồ họa, nhiếp ảnh gia và những người sáng tạo nội dung đang tìm kiếm sự chính xác tuyệt đối về màu sắc và chi tiết hình ảnh. Với kích thước 27 inch và độ phân giải 4K UHD (3840 x 2160), màn hình này mang lại không gian làm việc rộng rãi cùng với mật độ điểm ảnh siêu cao, đảm bảo mọi chi tiết được hiển thị sắc nét đến kinh ngạc. Tấm nền IPS cao cấp đảm bảo góc nhìn rộng 178 độ cùng với khả năng tái tạo màu sắc sống động và chân thực, bao phủ 95% không gian màu DCI-P3, đáp ứng nghiêm ngặt các tiêu chuẩn đồ họa chuyên nghiệp. Điểm nổi bật khác là công nghệ HDR (High Dynamic Range) giúp tăng cường độ tương phản và dải màu, mang đến hình ảnh có chiều sâu và sống động hơn, đặc biệt hữu ích khi chỉnh sửa video hoặc xem nội dung đa phương tiện. Cổng kết nối USB-C tiện lợi cho phép truyền tải dữ liệu, tín hiệu hình ảnh 4K và sạc thiết bị đồng thời chỉ với một sợi cáp duy nhất, tối ưu hóa không gian làm việc và sự tiện lợi khi kết nối với laptop hoặc các thiết bị di động. Thiết kế công thái học với khả năng điều chỉnh độ cao, xoay và nghiêng giúp người dùng dễ dàng tìm được tư thế làm việc thoải mái nhất, giảm thiểu mệt mỏi trong quá trình sử dụng lâu dài. Đây thực sự là một công cụ mạnh mẽ hỗ trợ tối đa hiệu suất làm việc cho mọi nhà sáng tạo.',
            24, 'https://product.hstatic.net/200000722513/product/lg_27up850k-w_gearvn_1d25f7eb3da4449595213189dc132899.jpg', '2025-05-28T09:04:59+00:00',1);
        
INSERT INTO product_image (name, product_variant_id, image_url, is_main)
VALUES
    ('Ảnh 1', 701, 'https://product.hstatic.net/200000722513/product/lg_27up850k-w_gearvn_1d25f7eb3da4449595213189dc132899.jpg', TRUE),
    ('Ảnh 2', 701, 'https://product.hstatic.net/200000722513/product/1_64522dd7641f4e9a9d72b04a4a164172.jpg', FALSE),
    ('Ảnh 3', 701, 'https://product.hstatic.net/200000722513/product/2_f1a30a7dacbc4ca68872bc0338a9b2fa.png', FALSE),
    ('Ảnh 4', 701, 'https://product.hstatic.net/200000722513/product/3_5385999c2c0b44c3909d8abf66929394.png', FALSE),
    ('Ảnh 5', 701, 'https://product.hstatic.net/200000722513/product/4_376d4801a5da4c7895316364d1c704be.png', FALSE),
    ('Ảnh 6', 701, 'https://product.hstatic.net/200000722513/product/5_6523d47e0e4d4302aa2b8b3dcd63d24a.png', FALSE),
    ('Ảnh 7', 701, 'https://product.hstatic.net/200000722513/product/6_915030bd6bde44779ecbfe0087ce73a7.png', FALSE),
    ('Ảnh 8', 701, 'https://product.hstatic.net/200000722513/product/7_891c0e3dc9934689bcdbcdac046057a3.png', FALSE);
---
INSERT INTO product (name, seo_name, brand_id, specifications, description, created_by, image_url) 
    VALUES (
        'Màn hình ASUS TUF GAMING VG27AQ5A 27" Fast IPS 2K 210Hz chuyên game', 'man-hinh-asus-tuf-gaming-vg27aq5a-27-fast-ips-2k-210hz-chuyen-game', 3,
        '{"Nhà sản xuất": "ASUS"}',
        'Màn hình ASUS TUF GAMING VG27AQ5A là lựa chọn hoàn hảo cho game thủ tìm kiếm trải nghiệm đỉnh cao với sự kết hợp mạnh mẽ giữa tốc độ, độ phân giải và màu sắc. Với kích thước 27 inch, màn hình này cung cấp không gian hiển thị rộng rãi, đắm chìm người chơi vào thế giới ảo. Công nghệ tấm nền Fast IPS tiên tiến không chỉ mang lại góc nhìn siêu rộng 178 độ mà còn đảm bảo độ chính xác màu sắc vượt trội và thời gian phản hồi cực nhanh, loại bỏ hiện tượng bóng ma hay nhòe hình trong những pha hành động kịch tính nhất. Độ phân giải 2K (2560x1440) tái hiện chi tiết hình ảnh một cách sắc nét, rõ ràng, giúp bạn dễ dàng phát hiện kẻ địch và thưởng thức đồ họa game tuyệt đẹp. Đặc biệt, tần số quét 210Hz siêu tốc cùng thời gian phản hồi chỉ 1ms (MPRT) là yếu tố then chốt, mang lại chuyển động mượt mà đến khó tin, giảm thiểu tối đa độ trễ đầu vào, cho phép bạn phản ứng nhanh hơn đối thủ trong mọi tựa game cạnh tranh. ASUS TUF GAMING VG27AQ5A còn tích hợp các công nghệ độc quyền của ASUS như ELMB Sync, Shadow Boost để nâng cao trải nghiệm chơi game. Thiết kế công thái học cho phép điều chỉnh độ cao, xoay, nghiêng, mang lại sự thoải mái tối đa trong những phiên chơi game dài.',
        1, 'https://product.hstatic.net/200000722513/product/asus_vg27aq5a_gearvn_8a48559a1dad420e9e07e804da103d4a.jpg'
    );
INSERT INTO product_category (product_id, category_id) VALUES (702, 16);
INSERT INTO product_variant (
        product_id, name, seo_name, supplier_id, price, price_sale, quantity, sku, model, barcode, 
        specifications, description, warranty, image_url, release_at, created_by)
        VALUES ( 702, 'Màn hình ASUS TUF GAMING VG27AQ5A 27" Fast IPS 2K 210Hz chuyên game', 'man-hinh-asus-tuf-gaming-vg27aq5a-27-fast-ips-2k-210hz-chuyen-game',
            1, 5990000, 4990000, 10, 'MAN-ASU-TUF-VG27AQ5A',
            'MAN-ASU-TUF-VG27AQ5A', 'MAN-ASU-TUF-VG27AQ5A',
            '{"Kích thước panel": "27 inch","Tỉ lệ khung hình": "16:9","Loại Panel": "Fast IPS","Độ phân giải": "2560x1440 (2K)","Tần số quét (tối đa)": "210Hz","Thời gian phản hồi": "1ms (GTG), 0.3ms (min)","Độ sáng (Typ.)": "300cd/㎡","Tỷ lệ Tương phản (Typ.)": "1300:1","Không gian màu (sRGB)": "130%","Không gian màu (DCI-P3)": "95%","Màu hiển thị": "1073.7M (10 bit)","Hỗ trợ HDR": "HDR10","Công nghệ VRR": "Adaptive-Sync","Loa": "2Wx2","Cổng DisplayPort": "1.4 x 1 (HBR2)","Cổng HDMI": "2.0 x 2","Cổng USB": "1x USB 3.2 Gen 1 Type-C (Service Port)","Độ nghiêng": "+20° ~ -5°","Chuẩn VESA treo tường": "100x100mm","Trọng lượng tịnh không có chân đế": "4.2 kg","Trọng lượng tịnh với chân đế": "5.0 kg"}',
            'Màn hình ASUS TUF GAMING VG27AQ5A là lựa chọn hoàn hảo cho game thủ tìm kiếm trải nghiệm đỉnh cao với sự kết hợp mạnh mẽ giữa tốc độ, độ phân giải và màu sắc. Với kích thước 27 inch, màn hình này cung cấp không gian hiển thị rộng rãi, đắm chìm người chơi vào thế giới ảo. Công nghệ tấm nền Fast IPS tiên tiến không chỉ mang lại góc nhìn siêu rộng 178 độ mà còn đảm bảo độ chính xác màu sắc vượt trội và thời gian phản hồi cực nhanh, loại bỏ hiện tượng bóng ma hay nhòe hình trong những pha hành động kịch tính nhất. Độ phân giải 2K (2560x1440) tái hiện chi tiết hình ảnh một cách sắc nét, rõ ràng, giúp bạn dễ dàng phát hiện kẻ địch và thưởng thức đồ họa game tuyệt đẹp. Đặc biệt, tần số quét 210Hz siêu tốc cùng thời gian phản hồi chỉ 1ms (MPRT) là yếu tố then chốt, mang lại chuyển động mượt mà đến khó tin, giảm thiểu tối đa độ trễ đầu vào, cho phép bạn phản ứng nhanh hơn đối thủ trong mọi tựa game cạnh tranh. ASUS TUF GAMING VG27AQ5A còn tích hợp các công nghệ độc quyền của ASUS như ELMB Sync, Shadow Boost để nâng cao trải nghiệm chơi game. Thiết kế công thái học cho phép điều chỉnh độ cao, xoay, nghiêng, mang lại sự thoải mái tối đa trong những phiên chơi game dài.',
            36, 'https://product.hstatic.net/200000722513/product/asus_vg27aq5a_gearvn_8a48559a1dad420e9e07e804da103d4a.jpg', '2025-05-28T07:03:58+00:00',1);
        
INSERT INTO product_image (name, product_variant_id, image_url, is_main)
VALUES
    ('Ảnh 1', 702, 'https://product.hstatic.net/200000722513/product/asus_vg27aq5a_gearvn_8a48559a1dad420e9e07e804da103d4a.jpg', TRUE),
    ('Ảnh 2', 702, 'https://product.hstatic.net/200000722513/product/asus_vg27aq5a_gearvn_4d99897bb7fa49cb84a83b8b944e2b0e.jpg', FALSE),
    ('Ảnh 3', 702, 'https://product.hstatic.net/200000722513/product/tuf-gaming-vg27aq5a-01_e146294b5b544cb18d2031e994276148.jpg', FALSE),
    ('Ảnh 4', 702, 'https://product.hstatic.net/200000722513/product/tuf-gaming-vg27aq5a-02_65c4724d469f492e8eea048ad8008399.jpg', FALSE),
    ('Ảnh 5', 702, 'https://product.hstatic.net/200000722513/product/tuf-gaming-vg27aq5a-03_d6482b96e9bb4fffb4869c4970169494.jpg', FALSE),
    ('Ảnh 6', 702, 'https://product.hstatic.net/200000722513/product/tuf-gaming-vg27aq5a-04_791b9d9a7fa841628c42b4e99b3d6ace.jpg', FALSE),
    ('Ảnh 7', 702, 'https://product.hstatic.net/200000722513/product/tuf-gaming-vg27aq5a-05_94f81b1cd84948db9d1e6685954240a0.jpg', FALSE),
    ('Ảnh 8', 702, 'https://product.hstatic.net/200000722513/product/tuf-gaming-vg27aq5a-t-01_4e938d90414848e4a2b68c5c00b164a6.jpg', FALSE);
---
INSERT INTO product (name, seo_name, brand_id, specifications, description, created_by, image_url) 
    VALUES (
        'Màn hình MSI MAG 274QF X24 27" Rapid IPS 2K 240Hz chuyên game', 'man-hinh-msi-mag-274qf-x24-27-rapid-ips-2k-240hz-chuyen-game', 52,
        '{"Nhà sản xuất": "MSI"}',
        'Màn hình MSI MAG 274QF X24 là sự lựa chọn hàng đầu cho những game thủ chuyên nghiệp và những ai đam mê công nghệ, tìm kiếm trải nghiệm hình ảnh tuyệt đỉnh. Với kích thước 27 inch lý tưởng, màn hình này mang đến không gian hiển thị rộng lớn, cho phép bạn đắm chìm hoàn toàn vào thế giới game hoặc làm việc đa nhiệm hiệu quả. Tấm nền Rapid IPS tiên tiến không chỉ tái tạo màu sắc sống động, chân thực đến từng chi tiết mà còn đảm bảo góc nhìn siêu rộng lên đến 178 độ, giữ cho hình ảnh luôn nhất quán và sắc nét dù bạn quan sát từ bất kỳ góc độ nào. Độ phân giải 2K (QHD – 2560x1440) cung cấp mật độ điểm ảnh vượt trội so với Full HD, giúp mọi hình ảnh trở nên cực kỳ sắc nét, rõ ràng, từ đó nâng cao trải nghiệm thị giác lên một tầm cao mới, đặc biệt quan trọng trong các tựa game có đồ họa chi tiết. Điểm nhấn không thể bỏ qua là tần số quét 240Hz siêu tốc, kết hợp cùng thời gian phản hồi cực thấp (thường là 1ms GtG trên các tấm nền Rapid IPS), loại bỏ triệt để hiện tượng xé hình, giật lag hay bóng mờ chuyển động, mang lại lợi thế quyết định trong các trận đấu yêu cầu phản xạ nhanh như FPS, MOBA hay Racing. Công nghệ Adaptive Sync (tương thích FreeSync Premium hoặc G-Sync Compatible) đảm bảo đồng bộ hóa hoàn hảo giữa GPU và màn hình, mang lại trải nghiệm chơi game mượt mà, không gián đoạn. Ngoài ra, thiết kế công thái học thông minh cho phép điều chỉnh linh hoạt độ cao, góc nghiêng, xoay và pivot, giúp người dùng dễ dàng tìm được tư thế thoải mái nhất cho những phiên làm việc hay chơi game kéo dài. MSI MAG 274QF X24 không chỉ là một màn hình, mà là một công cụ mạnh mẽ giúp bạn vượt lên dẫn trước mọi đối thủ và tận hưởng trọn vẹn mọi khoảnh khắc giải trí.',
        1, 'https://product.hstatic.net/200000722513/product/msi_mag_274qf_x24_gearvn_d23c9ec1aab847818a2b31d35a3d25e8.jpg'
    );
INSERT INTO product_category (product_id, category_id) VALUES (703, 16);
INSERT INTO product_variant (
        product_id, name, seo_name, supplier_id, price, price_sale, quantity, sku, model, barcode, 
        specifications, description, warranty, image_url, release_at, created_by)
        VALUES ( 703, 'Màn hình MSI MAG 274QF X24 27" Rapid IPS 2K 240Hz chuyên game', 'man-hinh-msi-mag-274qf-x24-27-rapid-ips-2k-240hz-chuyen-game',
            1, 6990000, 5590000, 10, 'MAN-MSI-MAG-274QF-X24',
            'MAN-MSI-MAG-274QF-X24', 'MAN-MSI-MAG-274QF-X24',
            '{"Kích thước màn hình": "27 inch","Độ phân giải": "2K (2560 x 1440)","Tấm nền": "Rapid IPS","Tần số quét": "240Hz","Thời gian phản hồi": "0.5ms GTG","Độ sáng (Typ.)": "250 cd/m2","Tương thích VESA": "100x100","Không gian màu": "93% AdobeRGB, 96% DCI-P3, 130% sRGB","Hỗ trợ HDR": "Có","Công nghệ đồng bộ hình ảnh": "AMD FreeSync Premium","Cổng kết nối": "HDMI™ 2.0, DisplayPort 1.4a","Bảo hành": "36 tháng"}',
            'Màn hình MSI MAG 274QF X24 là sự lựa chọn hàng đầu cho những game thủ chuyên nghiệp và những ai đam mê công nghệ, tìm kiếm trải nghiệm hình ảnh tuyệt đỉnh. Với kích thước 27 inch lý tưởng, màn hình này mang đến không gian hiển thị rộng lớn, cho phép bạn đắm chìm hoàn toàn vào thế giới game hoặc làm việc đa nhiệm hiệu quả. Tấm nền Rapid IPS tiên tiến không chỉ tái tạo màu sắc sống động, chân thực đến từng chi tiết mà còn đảm bảo góc nhìn siêu rộng lên đến 178 độ, giữ cho hình ảnh luôn nhất quán và sắc nét dù bạn quan sát từ bất kỳ góc độ nào. Độ phân giải 2K (QHD – 2560x1440) cung cấp mật độ điểm ảnh vượt trội so với Full HD, giúp mọi hình ảnh trở nên cực kỳ sắc nét, rõ ràng, từ đó nâng cao trải nghiệm thị giác lên một tầm cao mới, đặc biệt quan trọng trong các tựa game có đồ họa chi tiết. Điểm nhấn không thể bỏ qua là tần số quét 240Hz siêu tốc, kết hợp cùng thời gian phản hồi cực thấp (thường là 1ms GtG trên các tấm nền Rapid IPS), loại bỏ triệt để hiện tượng xé hình, giật lag hay bóng mờ chuyển động, mang lại lợi thế quyết định trong các trận đấu yêu cầu phản xạ nhanh như FPS, MOBA hay Racing. Công nghệ Adaptive Sync (tương thích FreeSync Premium hoặc G-Sync Compatible) đảm bảo đồng bộ hóa hoàn hảo giữa GPU và màn hình, mang lại trải nghiệm chơi game mượt mà, không gián đoạn. Ngoài ra, thiết kế công thái học thông minh cho phép điều chỉnh linh hoạt độ cao, góc nghiêng, xoay và pivot, giúp người dùng dễ dàng tìm được tư thế thoải mái nhất cho những phiên làm việc hay chơi game kéo dài. MSI MAG 274QF X24 không chỉ là một màn hình, mà là một công cụ mạnh mẽ giúp bạn vượt lên dẫn trước mọi đối thủ và tận hưởng trọn vẹn mọi khoảnh khắc giải trí.',
            36, 'https://product.hstatic.net/200000722513/product/msi_mag_274qf_x24_gearvn_d23c9ec1aab847818a2b31d35a3d25e8.jpg', '2025-05-19T05:04:00+00:00',1);
        
INSERT INTO product_image (name, product_variant_id, image_url, is_main)
VALUES
    ('Ảnh 1', 703, 'https://product.hstatic.net/200000722513/product/msi_mag_274qf_x24_gearvn_d23c9ec1aab847818a2b31d35a3d25e8.jpg', TRUE),
    ('Ảnh 2', 703, 'https://product.hstatic.net/200000722513/product/1024__1__16964bf2d67141fd9eb7672b026800ce.png', FALSE),
    ('Ảnh 3', 703, 'https://product.hstatic.net/200000722513/product/1024__2__46a28b1fad59481c83218892cc5778e6.png', FALSE),
    ('Ảnh 4', 703, 'https://product.hstatic.net/200000722513/product/1024__3__35f639351a5e4c6f9c9d74e50db933af.png', FALSE),
    ('Ảnh 5', 703, 'https://product.hstatic.net/200000722513/product/1024__4__e712828f8f7e4c35827a014bed55c1e3.png', FALSE),
    ('Ảnh 6', 703, 'https://product.hstatic.net/200000722513/product/1024_1f29c46019b948c190d220646700159d.png', FALSE);
---
INSERT INTO product (name, seo_name, brand_id, specifications, description, created_by, image_url) 
    VALUES (
        'Màn hình MSI MAG 274F 27" Rapid IPS 200Hz chuyên game', 'man-hinh-msi-mag-274f-27-rapid-ips-200hz-chuyen-game', 52,
        '{"Nhà sản xuất": "MSI"}',
        'Màn hình MSI MAG 274F 27\" Rapid IPS 200Hz chuyên game là một lựa chọn hoàn hảo dành cho game thủ chuyên nghiệp và những người đam mê trải nghiệm hình ảnh đỉnh cao. Với kích thước 27 inch rộng rãi, màn hình này mang đến không gian hiển thị sống động và chân thực, cho phép bạn đắm chìm hoàn toàn vào thế giới ảo. Điểm nhấn mạnh mẽ nhất của MSI MAG 274F là tấm nền Rapid IPS tiên tiến. Công nghệ Rapid IPS không chỉ đảm bảo màu sắc rực rỡ, độ tương phản cao và góc nhìn rộng lên đến 178 độ, mà còn cải thiện đáng kể tốc độ phản hồi, giúp loại bỏ hiện tượng bóng ma (ghosting) và nhòe hình, mang lại hình ảnh sắc nét ngay cả trong những pha hành động nhanh. Tần số quét 200Hz cực cao là yếu tố then chốt giúp MSI MAG 274F vượt trội. Tần số quét này đảm bảo mọi chuyển động trên màn hình đều mượt mà một cách kinh ngạc, từ những pha lia chuột nhanh trong game bắn súng đến những cảnh quay hành động kịch tính. Kết hợp với thời gian phản hồi siêu nhanh, màn hình này sẽ giúp bạn có lợi thế cạnh tranh trong mọi trận chiến, phản ứng nhanh hơn và chính xác hơn đối thủ. Ngoài ra, màn hình còn được trang bị công nghệ đồng bộ hình ảnh (thường là FreeSync Premium hoặc G-Sync Compatible) giúp loại bỏ hiện tượng xé hình (tearing) và giật hình (stuttering), mang lại trải nghiệm chơi game liền mạch và không gián đoạn. Thiết kế công thái học với khả năng điều chỉnh độ cao, xoay, nghiêng và trục đứng giúp người dùng dễ dàng tìm được tư thế thoải mái nhất, giảm mỏi mắt và cổ khi chơi game trong thời gian dài. MSI MAG 274F cũng được tích hợp nhiều cổng kết nối đa dạng như HDMI, DisplayPort, đảm bảo khả năng tương thích với nhiều thiết bị. Đây không chỉ là một màn hình gaming mà còn là một công cụ mạnh mẽ cho công việc sáng tạo, với khả năng hiển thị màu sắc chính xác và độ chi tiết cao, đáp ứng mọi nhu cầu của bạn.',
        1, 'https://product.hstatic.net/200000722513/product/msi_mag_274f_gearvn_31dff43a7cb841c787bb745669005d3a.jpg'
    );
INSERT INTO product_category (product_id, category_id) VALUES (704, 16);
INSERT INTO product_variant (
        product_id, name, seo_name, supplier_id, price, price_sale, quantity, sku, model, barcode, 
        specifications, description, warranty, image_url, release_at, created_by)
        VALUES ( 704, 'Màn hình MSI MAG 274F 27" Rapid IPS 200Hz chuyên game', 'man-hinh-msi-mag-274f-27-rapid-ips-200hz-chuyen-game',
            1, 3990000, 3590000, 10, 'MAN-MSI-MAG-274F',
            'MAN-MSI-MAG-274F', 'MAN-MSI-MAG-274F',
            '{"Kích thước màn hình": "27 inch","Tấm nền": "Rapid IPS","Độ phân giải": "Full HD (1920 x 1080)","Tần số quét": "200Hz","Thời gian phản hồi": "0.5ms (GtG, Min)","Độ sáng": "300 cd/m² (SDR)","Tỷ lệ tương phản": "1000:1 (tĩnh), 100.000.000:1 (dynamic)","Hỗ trợ HDR": "HDR Ready","Không gian màu": "~101% sRGB, ~86% AdobeRGB, ~81% DCI-P3","Cổng kết nối": "2x HDMI 2.0b, 1x DisplayPort 1.2a","Tần số quét động (Adaptive-Sync)": "48–200 Hz","VESA Mounting": "100 x 100 mm","Kích thước (W×H×D)": "614×521×210mm","Trọng lượng": "5.4 kg (với chân đế)","Bảo hành": "36 tháng"}',
            'Màn hình MSI MAG 274F 27\" Rapid IPS 200Hz chuyên game là một lựa chọn hoàn hảo dành cho game thủ chuyên nghiệp và những người đam mê trải nghiệm hình ảnh đỉnh cao. Với kích thước 27 inch rộng rãi, màn hình này mang đến không gian hiển thị sống động và chân thực, cho phép bạn đắm chìm hoàn toàn vào thế giới ảo. Điểm nhấn mạnh mẽ nhất của MSI MAG 274F là tấm nền Rapid IPS tiên tiến. Công nghệ Rapid IPS không chỉ đảm bảo màu sắc rực rỡ, độ tương phản cao và góc nhìn rộng lên đến 178 độ, mà còn cải thiện đáng kể tốc độ phản hồi, giúp loại bỏ hiện tượng bóng ma (ghosting) và nhòe hình, mang lại hình ảnh sắc nét ngay cả trong những pha hành động nhanh. Tần số quét 200Hz cực cao là yếu tố then chốt giúp MSI MAG 274F vượt trội. Tần số quét này đảm bảo mọi chuyển động trên màn hình đều mượt mà một cách kinh ngạc, từ những pha lia chuột nhanh trong game bắn súng đến những cảnh quay hành động kịch tính. Kết hợp với thời gian phản hồi siêu nhanh, màn hình này sẽ giúp bạn có lợi thế cạnh tranh trong mọi trận chiến, phản ứng nhanh hơn và chính xác hơn đối thủ. Ngoài ra, màn hình còn được trang bị công nghệ đồng bộ hình ảnh (thường là FreeSync Premium hoặc G-Sync Compatible) giúp loại bỏ hiện tượng xé hình (tearing) và giật hình (stuttering), mang lại trải nghiệm chơi game liền mạch và không gián đoạn. Thiết kế công thái học với khả năng điều chỉnh độ cao, xoay, nghiêng và trục đứng giúp người dùng dễ dàng tìm được tư thế thoải mái nhất, giảm mỏi mắt và cổ khi chơi game trong thời gian dài. MSI MAG 274F cũng được tích hợp nhiều cổng kết nối đa dạng như HDMI, DisplayPort, đảm bảo khả năng tương thích với nhiều thiết bị. Đây không chỉ là một màn hình gaming mà còn là một công cụ mạnh mẽ cho công việc sáng tạo, với khả năng hiển thị màu sắc chính xác và độ chi tiết cao, đáp ứng mọi nhu cầu của bạn.',
            36, 'https://product.hstatic.net/200000722513/product/msi_mag_274f_gearvn_31dff43a7cb841c787bb745669005d3a.jpg', '2025-05-19T04:54:33+00:00',1);
        
INSERT INTO product_image (name, product_variant_id, image_url, is_main)
VALUES
    ('Ảnh 1', 704, 'https://product.hstatic.net/200000722513/product/msi_mag_274f_gearvn_31dff43a7cb841c787bb745669005d3a.jpg', TRUE),
    ('Ảnh 2', 704, 'https://product.hstatic.net/200000722513/product/1024__1__a1a6f017b9044726b15aa17661d9f27a.png', FALSE),
    ('Ảnh 3', 704, 'https://product.hstatic.net/200000722513/product/1024__2__13a070dd7f9b4030953b01f6e9e202ef.png', FALSE),
    ('Ảnh 4', 704, 'https://product.hstatic.net/200000722513/product/1024__3__2185c2ce6d3440aa80bf9175de8c81fe.png', FALSE),
    ('Ảnh 5', 704, 'https://product.hstatic.net/200000722513/product/1024__4__a91cc9a4ae834eefbc3676fbb0d454c3.png', FALSE),
    ('Ảnh 6', 704, 'https://product.hstatic.net/200000722513/product/1024_973ac856aaec4bbb902e5e97e83fe611.png', FALSE);
---
INSERT INTO product (name, seo_name, brand_id, specifications, description, created_by, image_url) 
    VALUES (
        'Màn hình cong MSI MAG 276CF E20 27" 200Hz chuyên game', 'man-hinh-cong-msi-mag-276cf-e20-27-200hz-chuyen-game', 52,
        '{"Nhà sản xuất": "MSI"}',
        'Màn hình cong MSI MAG 276CF E20 27\" 200Hz chuyên game là lựa chọn hoàn hảo cho những game thủ tìm kiếm trải nghiệm đỉnh cao và lợi thế cạnh tranh không ngừng. Với kích thước 27 inch cùng độ cong tối ưu, màn hình này mang đến tầm nhìn bao quát và cuốn hút, giúp bạn đắm chìm hoàn toàn vào thế giới ảo, từ những trận chiến nảy lửa đến các cuộc phiêu lưu khám phá. Tần số quét siêu nhanh 200Hz đảm bảo mọi chuyển động trên màn hình diễn ra mượt mà đến khó tin, loại bỏ hoàn toàn hiện tượng xé hình và giật lag, cho phép bạn phản ứng nhanh chóng và chính xác trong mọi tình huống căng thẳng. Kết hợp với thời gian phản hồi siêu tốc (thường là 1ms MPRT), MSI MAG 276CF E20 giảm thiểu tối đa hiện tượng bóng ma, mang lại hình ảnh sắc nét và rõ ràng ngay cả trong những pha hành động tốc độ cao nhất. Công nghệ chống xé hình (như Adaptive Sync) được tích hợp để đồng bộ hóa tần số quét của màn hình với card đồ họa, mang lại trải nghiệm chơi game liền mạch và không gián đoạn. Màn hình còn được trang bị các tính năng tối ưu dành riêng cho game thủ như Night Vision giúp tăng cường chi tiết trong vùng tối, Game Mode đa dạng để phù hợp với từng thể loại game, và các công nghệ bảo vệ mắt như Anti-Flicker, Less Blue Light giúp giảm mỏi mắt khi chơi trong thời gian dài. Thiết kế viền mỏng không chỉ tăng tính thẩm mỹ mà còn lý tưởng cho thiết lập đa màn hình, trong khi chân đế công thái học cho phép điều chỉnh linh hoạt độ cao, độ nghiêng, đảm bảo tư thế thoải mái nhất trong mọi trận chiến. MSI MAG 276CF E20 không chỉ là một màn hình, mà là một công cụ mạnh mẽ giúp bạn chinh phục mọi thử thách và nâng tầm kỹ năng chơi game.',
        1, 'https://product.hstatic.net/200000722513/product/msi_mag_276cf_e20_gearvn_76c7152d1a72448681395af5798bc64e.jpg'
    );
INSERT INTO product_category (product_id, category_id) VALUES (705, 16);
INSERT INTO product_variant (
        product_id, name, seo_name, supplier_id, price, price_sale, quantity, sku, model, barcode, 
        specifications, description, warranty, image_url, release_at, created_by)
        VALUES ( 705, 'Màn hình cong MSI MAG 276CF E20 27" 200Hz chuyên game', 'man-hinh-cong-msi-mag-276cf-e20-27-200hz-chuyen-game',
            1, 3990000, 3390000, 10, 'MAN-MSI-MAG-276CF-E20',
            'MAN-MSI-MAG-276CF-E20', 'MAN-MSI-MAG-276CF-E20',
            '{"Kích thước màn hình": "27 inch","Độ phân giải": "Full HD (1920 x 1080)","Tấm nền": "Rapid VA","Tần số quét": "200Hz","Thời gian phản hồi": "0.5ms (GtG)","Độ cong": "1500R","Tỷ lệ khung hình": "16:9","Độ sáng": "250 cd/m² (SDR)","Tỷ lệ tương phản": "3000:1","Tỷ lệ tương phản động": "100000000:1","Màu sắc": "1.07 tỷ màu (8-bit + FRC)","Độ phủ màu": "98% sRGB","Cổng kết nối": "1 x HDMI 2.0b, 1 x DisplayPort 1.2a","Công nghệ đồng bộ": "AMD FreeSync Premium","Tính năng khác": "HDR Ready, AI Vision, Less Blue Light, Anti-Glare Coating"}',
            'Màn hình cong MSI MAG 276CF E20 27\" 200Hz chuyên game là lựa chọn hoàn hảo cho những game thủ tìm kiếm trải nghiệm đỉnh cao và lợi thế cạnh tranh không ngừng. Với kích thước 27 inch cùng độ cong tối ưu, màn hình này mang đến tầm nhìn bao quát và cuốn hút, giúp bạn đắm chìm hoàn toàn vào thế giới ảo, từ những trận chiến nảy lửa đến các cuộc phiêu lưu khám phá. Tần số quét siêu nhanh 200Hz đảm bảo mọi chuyển động trên màn hình diễn ra mượt mà đến khó tin, loại bỏ hoàn toàn hiện tượng xé hình và giật lag, cho phép bạn phản ứng nhanh chóng và chính xác trong mọi tình huống căng thẳng. Kết hợp với thời gian phản hồi siêu tốc (thường là 1ms MPRT), MSI MAG 276CF E20 giảm thiểu tối đa hiện tượng bóng ma, mang lại hình ảnh sắc nét và rõ ràng ngay cả trong những pha hành động tốc độ cao nhất. Công nghệ chống xé hình (như Adaptive Sync) được tích hợp để đồng bộ hóa tần số quét của màn hình với card đồ họa, mang lại trải nghiệm chơi game liền mạch và không gián đoạn. Màn hình còn được trang bị các tính năng tối ưu dành riêng cho game thủ như Night Vision giúp tăng cường chi tiết trong vùng tối, Game Mode đa dạng để phù hợp với từng thể loại game, và các công nghệ bảo vệ mắt như Anti-Flicker, Less Blue Light giúp giảm mỏi mắt khi chơi trong thời gian dài. Thiết kế viền mỏng không chỉ tăng tính thẩm mỹ mà còn lý tưởng cho thiết lập đa màn hình, trong khi chân đế công thái học cho phép điều chỉnh linh hoạt độ cao, độ nghiêng, đảm bảo tư thế thoải mái nhất trong mọi trận chiến. MSI MAG 276CF E20 không chỉ là một màn hình, mà là một công cụ mạnh mẽ giúp bạn chinh phục mọi thử thách và nâng tầm kỹ năng chơi game.',
            36, 'https://product.hstatic.net/200000722513/product/msi_mag_276cf_e20_gearvn_76c7152d1a72448681395af5798bc64e.jpg', '2025-05-19T04:28:05+00:00',1);
        
INSERT INTO product_image (name, product_variant_id, image_url, is_main)
VALUES
    ('Ảnh 1', 705, 'https://product.hstatic.net/200000722513/product/msi_mag_276cf_e20_gearvn_76c7152d1a72448681395af5798bc64e.jpg', TRUE),
    ('Ảnh 2', 705, 'https://product.hstatic.net/200000722513/product/1024__1__1296e011f4354ece82a149c7eed435a9.png', FALSE),
    ('Ảnh 3', 705, 'https://product.hstatic.net/200000722513/product/1024__2__262a605e584042a0ae5a7f5514ba1432.png', FALSE),
    ('Ảnh 4', 705, 'https://product.hstatic.net/200000722513/product/1024__3__704538dabc81482c9ae163d8ff60a763.png', FALSE),
    ('Ảnh 5', 705, 'https://product.hstatic.net/200000722513/product/1024__4__068e07101a374e5b84c6df1bb09c7fef.png', FALSE),
    ('Ảnh 6', 705, 'https://product.hstatic.net/200000722513/product/1024_765ba0dc33fd48369c2ff366e91f570c.png', FALSE);
---
INSERT INTO product (name, seo_name, brand_id, specifications, description, created_by, image_url) 
    VALUES (
        'Màn hình cong AOC C27G4Z 27" 280Hz Adaptive Sync chuyên game', 'man-hinh-cong-aoc-c27g4z-27-280hz-adaptive-sync-chuyen-game', 54,
        '{"Nhà sản xuất": "AOC"}',
        'Màn hình cong AOC C27G4Z 27 inch là lựa chọn hoàn hảo cho game thủ chuyên nghiệp, mang đến trải nghiệm chơi game mượt mà và sống động chưa từng có. Với tần số quét cực đại 280Hz, mọi chuyển động trên màn hình đều được tái hiện siêu nhanh và không giật lag, giúp người chơi phản ứng tức thì trong các tựa game tốc độ cao. Công nghệ Adaptive Sync loại bỏ hoàn toàn hiện tượng xé hình (tearing) và giật hình (stuttering), đảm bảo hình ảnh luôn liền mạch và mượt mà, ngay cả trong những pha hành động khốc liệt nhất. Kích thước 27 inch cùng độ cong tối ưu tạo cảm giác bao quát, đắm chìm vào thế giới ảo. Độ phân giải Full HD (1920x1080) sắc nét cùng thời gian phản hồi 1ms (MPRT) loại bỏ bóng ma, cho hình ảnh rõ ràng và chi tiết. Thiết kế chân đế công thái học cho phép điều chỉnh linh hoạt, tối ưu góc nhìn, đảm bảo sự thoải mái trong các phiên chơi game kéo dài. AOC C27G4Z không chỉ là màn hình, mà là công cụ đắc lực giúp bạn thống trị mọi trận đấu và nâng tầm trải nghiệm giải trí của mình.',
        1, 'https://product.hstatic.net/200000722513/product/aoc_c27g4z_gearvn_ac2c94faaf474a53a92fe6b9ba2f7d08.jpg'
    );
INSERT INTO product_category (product_id, category_id) VALUES (706, 16);
INSERT INTO product_variant (
        product_id, name, seo_name, supplier_id, price, price_sale, quantity, sku, model, barcode, 
        specifications, description, warranty, image_url, release_at, created_by)
        VALUES ( 706, 'Màn hình cong AOC C27G4Z 27" 280Hz Adaptive Sync chuyên game', 'man-hinh-cong-aoc-c27g4z-27-280hz-adaptive-sync-chuyen-game',
            1, 4990000, 3790000, 10, 'MAN-AOC-C27G4Z',
            'MAN-AOC-C27G4Z', 'MAN-AOC-C27G4Z',
            '{"Kích thước màn hình": "27 inch","Độ phân giải": "FHD (1920 x 1080)","Tấm nền": "Fast VA","Tần số quét": "280Hz","Thời gian phản hồi": "0.3ms (MPRT)","Độ tương phản": "3000:1 (typ), 4000:1 (typ)","Độ sáng": "300 nits","Công nghệ": "Adaptive Sync, HDR10, Flicker-Free, Low Input Lag mode","Cổng kết nối": "HDMI 2.0, DisplayPort 1.4, Audio 3.5mm","Độ cong màn hình": "1500R","Tỷ lệ khung hình": "16:9","Số màu màn hình": "1.07 Tỷ màu","Khả năng tương thích VESA": "100x100mm","Thương hiệu": "AOC","Bảo hành": "36 tháng","Thiết kế": "Màn hình cong, viền 3 cạnh siêu mỏng"}',
            'Màn hình cong AOC C27G4Z 27 inch là lựa chọn hoàn hảo cho game thủ chuyên nghiệp, mang đến trải nghiệm chơi game mượt mà và sống động chưa từng có. Với tần số quét cực đại 280Hz, mọi chuyển động trên màn hình đều được tái hiện siêu nhanh và không giật lag, giúp người chơi phản ứng tức thì trong các tựa game tốc độ cao. Công nghệ Adaptive Sync loại bỏ hoàn toàn hiện tượng xé hình (tearing) và giật hình (stuttering), đảm bảo hình ảnh luôn liền mạch và mượt mà, ngay cả trong những pha hành động khốc liệt nhất. Kích thước 27 inch cùng độ cong tối ưu tạo cảm giác bao quát, đắm chìm vào thế giới ảo. Độ phân giải Full HD (1920x1080) sắc nét cùng thời gian phản hồi 1ms (MPRT) loại bỏ bóng ma, cho hình ảnh rõ ràng và chi tiết. Thiết kế chân đế công thái học cho phép điều chỉnh linh hoạt, tối ưu góc nhìn, đảm bảo sự thoải mái trong các phiên chơi game kéo dài. AOC C27G4Z không chỉ là màn hình, mà là công cụ đắc lực giúp bạn thống trị mọi trận đấu và nâng tầm trải nghiệm giải trí của mình.',
            36, 'https://product.hstatic.net/200000722513/product/aoc_c27g4z_gearvn_ac2c94faaf474a53a92fe6b9ba2f7d08.jpg', '2025-05-15T10:13:32+00:00',1);
        
INSERT INTO product_image (name, product_variant_id, image_url, is_main)
VALUES
    ('Ảnh 1', 706, 'https://product.hstatic.net/200000722513/product/aoc_c27g4z_gearvn_ac2c94faaf474a53a92fe6b9ba2f7d08.jpg', TRUE),
    ('Ảnh 2', 706, 'https://product.hstatic.net/200000722513/product/c27g4z_b_71086333aa364a089eff0f24b78822f4.png', FALSE),
    ('Ảnh 3', 706, 'https://product.hstatic.net/200000722513/product/c27g4z_bkr_0325100616694ca4b3953ab9ecd21be6.png', FALSE),
    ('Ảnh 4', 706, 'https://product.hstatic.net/200000722513/product/c27g4z_f_903e65d9d9e8428ebffc3355ade17d13.png', FALSE),
    ('Ảnh 5', 706, 'https://product.hstatic.net/200000722513/product/c27g4z_ftl_bcd28a0fb97d498cbf9eb707c1e67ace.png', FALSE),
    ('Ảnh 6', 706, 'https://product.hstatic.net/200000722513/product/c27g4z_ftr_92d3e96a979c4481952b253bffc5f953.png', FALSE),
    ('Ảnh 7', 706, 'https://product.hstatic.net/200000722513/product/c27g4z_io_fba758640d924510afdb6b55ea6fa95a.png', FALSE),
    ('Ảnh 8', 706, 'https://product.hstatic.net/200000722513/product/c27g4z_s_a5eb2e39635e4117afc190506440ca7e.png', FALSE),
    ('Ảnh 9', 706, 'https://product.hstatic.net/200000722513/product/c27g4z_top_c9dee4fde4b847fe9fd77967d4c3871e.png', FALSE);
---
INSERT INTO product (name, seo_name, brand_id, specifications, description, created_by, image_url) 
    VALUES (
        'Màn hình ViewSonic VX2882-4KP 28" IPS 4K 150Hz HDR10 USBC', 'man-hinh-viewsonic-vx2882-4kp-28-ips-4k-150hz-hdr10-usbc', 55,
        '{"Kích thước màn hình": "28 inch", "Tấm nền": "IPS", "Loại độ phân giải": "UHD", "Tương phản tĩnh": "1.000:1", "Tương phản động": "80M:1", "Độ sáng": "300 cd/m² (typ)", "Màu sắc hiển thị": "16.7 triệu màu, DCI-P3: 90% size (Typ), NTSC: 87% size (Typ), sRGB: 122% size (Typ)", "Tỉ lệ khung hình": "16:9", "Thời gian phản hồi": "1ms", "Góc nhìn": "Ngang 178º / Dọc 178º", "Độ cong": "Phẳng", "Không nhấp nháy": "Có", "Tần số quét": "150Hz", "Kích thước Pixel": "0.162 mm (H) x 0.158 mm (V)", "Xử lý bề mặt": "Chống lóa, lớp phủ cứng (3H)", "Độ phân giải": "3840 x 2160", "Loa": "2 Watts x2", "Kết nối": "USB 3.2 loại A dòng xuống: 2, Đầu ra âm thanh 3,5 mm: 1, DisplayPort: 2, Cổng cắm nguồn: Bộ đổi nguồn bên ngoài, Luồng lên USB 3.2 loại B: 1, USB 3.2 loại C up stream; Chế độ thay thế DisplayPort: 1", "Mức tiêu thụ tối đa": "50W", "Treo tường": "75 x 75 mm", "Kích thước không có chân đế": "638 x 369 x 57 mm", "Kích thước": "638 x 414.94~544.94 x 185 mm", "Khối lượng tịnh": "6.9kg", "Khối lượng tịnh không có chân đế": "4.8kg", "Tổng trọng lượng": "9.2kg"}',
        'Màn hình ViewSonic VX2882-4KP 28\" IPS 4K 150Hz HDR10 USB-C là một tuyệt tác công nghệ, mang đến trải nghiệm hình ảnh đỉnh cao cho mọi nhu cầu, từ giải trí đến công việc chuyên nghiệp. Với kích thước 28 inch rộng rãi và độ phân giải 4K UHD (3840x2160), mọi chi tiết được hiển thị sắc nét đến kinh ngạc, tạo không gian làm việc và giải trí rộng lớn, sống động như thật. Tấm nền IPS cao cấp đảm bảo góc nhìn siêu rộng 178 độ cùng khả năng tái tạo màu sắc chính xác, chân thực, lý tưởng cho các nhà thiết kế đồ họa, biên tập video và những người yêu thích màu sắc rực rỡ. Điểm nhấn mạnh mẽ của sản phẩm là tần số quét 150Hz, vượt trội so với các màn hình thông thường, giúp mọi chuyển động trên màn hình diễn ra mượt mà, không giật lag hay xé hình, mang lại lợi thế đáng kể cho game thủ và trải nghiệm xem phim hành động đỉnh cao. Công nghệ HDR10 tích hợp nâng cao đáng kể độ tương phản và dải màu sắc, cho hình ảnh có chiều sâu hơn, rực rỡ và sống động hơn bao giờ hết. Đặc biệt, cổng kết nối USB-C đa năng là một tiện ích vượt trội, cho phép bạn kết nối laptop hoặc các thiết bị di động chỉ với một sợi cáp duy nhất để truyền tải tín hiệu video, dữ liệu và thậm chí cấp nguồn sạc ngược, giúp bàn làm việc của bạn luôn gọn gàng và tối ưu hóa hiệu suất. ViewSonic VX2882-4KP không chỉ là một màn hình, mà là một trung tâm giải trí và làm việc hiện đại, đáp ứng mọi kỳ vọng về chất lượng và hiệu năng.',
        1, 'https://product.hstatic.net/200000722513/product/-4kp-28inch-ips-4k-150hz-hdr10-usbc-1_a1b9884e45a74248938d6d5f8ef446d5_3b525a832e714ad187a32425edc9cede.jpg'
    );
INSERT INTO product_category (product_id, category_id) VALUES (707, 16);
INSERT INTO product_variant (
        product_id, name, seo_name, supplier_id, price, price_sale, quantity, sku, model, barcode, 
        specifications, description, warranty, image_url, release_at, created_by)
        VALUES ( 707, 'Màn hình ViewSonic VX2882-4KP 28" IPS 4K 150Hz HDR10 USBC', 'man-hinh-viewsonic-vx2882-4kp-28-ips-4k-150hz-hdr10-usbc',
            1, 15990000, 8790000, 10, 'MAN-VIE-VX2882-4KP',
            'MAN-VIE-VX2882-4KP', 'MAN-VIE-VX2882-4KP',
            '{"Kích thước màn hình": "28 inch", "Tấm nền": "IPS", "Loại độ phân giải": "UHD", "Tương phản tĩnh": "1.000:1", "Tương phản động": "80M:1", "Độ sáng": "300 cd/m² (typ)", "Màu sắc hiển thị": "16.7 triệu màu, DCI-P3: 90% size (Typ), NTSC: 87% size (Typ), sRGB: 122% size (Typ)", "Tỉ lệ khung hình": "16:9", "Thời gian phản hồi": "1ms", "Góc nhìn": "Ngang 178º / Dọc 178º", "Độ cong": "Phẳng", "Không nhấp nháy": "Có", "Tần số quét": "150Hz", "Kích thước Pixel": "0.162 mm (H) x 0.158 mm (V)", "Xử lý bề mặt": "Chống lóa, lớp phủ cứng (3H)", "Độ phân giải": "3840 x 2160", "Loa": "2 Watts x2", "Kết nối": "USB 3.2 loại A dòng xuống: 2, Đầu ra âm thanh 3,5 mm: 1, DisplayPort: 2, Cổng cắm nguồn: Bộ đổi nguồn bên ngoài, Luồng lên USB 3.2 loại B: 1, USB 3.2 loại C up stream; Chế độ thay thế DisplayPort: 1", "Mức tiêu thụ tối đa": "50W", "Treo tường": "75 x 75 mm", "Kích thước không có chân đế": "638 x 369 x 57 mm", "Kích thước": "638 x 414.94~544.94 x 185 mm", "Khối lượng tịnh": "6.9kg", "Khối lượng tịnh không có chân đế": "4.8kg", "Tổng trọng lượng": "9.2kg"}',
            'Màn hình ViewSonic VX2882-4KP 28\" IPS 4K 150Hz HDR10 USB-C là một tuyệt tác công nghệ, mang đến trải nghiệm hình ảnh đỉnh cao cho mọi nhu cầu, từ giải trí đến công việc chuyên nghiệp. Với kích thước 28 inch rộng rãi và độ phân giải 4K UHD (3840x2160), mọi chi tiết được hiển thị sắc nét đến kinh ngạc, tạo không gian làm việc và giải trí rộng lớn, sống động như thật. Tấm nền IPS cao cấp đảm bảo góc nhìn siêu rộng 178 độ cùng khả năng tái tạo màu sắc chính xác, chân thực, lý tưởng cho các nhà thiết kế đồ họa, biên tập video và những người yêu thích màu sắc rực rỡ. Điểm nhấn mạnh mẽ của sản phẩm là tần số quét 150Hz, vượt trội so với các màn hình thông thường, giúp mọi chuyển động trên màn hình diễn ra mượt mà, không giật lag hay xé hình, mang lại lợi thế đáng kể cho game thủ và trải nghiệm xem phim hành động đỉnh cao. Công nghệ HDR10 tích hợp nâng cao đáng kể độ tương phản và dải màu sắc, cho hình ảnh có chiều sâu hơn, rực rỡ và sống động hơn bao giờ hết. Đặc biệt, cổng kết nối USB-C đa năng là một tiện ích vượt trội, cho phép bạn kết nối laptop hoặc các thiết bị di động chỉ với một sợi cáp duy nhất để truyền tải tín hiệu video, dữ liệu và thậm chí cấp nguồn sạc ngược, giúp bàn làm việc của bạn luôn gọn gàng và tối ưu hóa hiệu suất. ViewSonic VX2882-4KP không chỉ là một màn hình, mà là một trung tâm giải trí và làm việc hiện đại, đáp ứng mọi kỳ vọng về chất lượng và hiệu năng.',
            36, 'https://product.hstatic.net/200000722513/product/-4kp-28inch-ips-4k-150hz-hdr10-usbc-1_a1b9884e45a74248938d6d5f8ef446d5_3b525a832e714ad187a32425edc9cede.jpg', '2024-06-20T05:03:29+00:00',1);
        
INSERT INTO product_image (name, product_variant_id, image_url, is_main)
VALUES
    ('Ảnh 1', 707, 'https://product.hstatic.net/200000722513/product/-4kp-28inch-ips-4k-150hz-hdr10-usbc-1_a1b9884e45a74248938d6d5f8ef446d5_3b525a832e714ad187a32425edc9cede.jpg', TRUE),
    ('Ảnh 2', 707, 'https://product.hstatic.net/200000722513/product/gearvn-man-hinh-viewsonic-vx2882-4kp-28-ips-4k-150hz-hdr10-usbc-1_068ee5e9ee8546f7943a768dd7bbeba0.jpg', FALSE),
    ('Ảnh 3', 707, 'https://product.hstatic.net/200000722513/product/gearvn-man-hinh-viewsonic-vx2882-4kp-28-ips-4k-150hz-hdr10-usbc-2_643431b1b6ae47ea9a8c163d3fc7cc7d.jpg', FALSE),
    ('Ảnh 4', 707, 'https://product.hstatic.net/200000722513/product/gearvn-man-hinh-viewsonic-vx2882-4kp-28-ips-4k-150hz-hdr10-usbc-3_aa1502426adb41369b0dd78546820ade.jpg', FALSE),
    ('Ảnh 5', 707, 'https://product.hstatic.net/200000722513/product/gearvn-man-hinh-viewsonic-vx2882-4kp-28-ips-4k-150hz-hdr10-usbc-4_8a4bbb11896541cca750a2e6e0d42bbe.jpg', FALSE),
    ('Ảnh 6', 707, 'https://product.hstatic.net/200000722513/product/gearvn-man-hinh-viewsonic-vx2882-4kp-28-ips-4k-150hz-hdr10-usbc-5_c0ac744433d7470fa0536490c96ae3e6.jpg', FALSE),
    ('Ảnh 7', 707, 'https://product.hstatic.net/200000722513/product/gearvn-man-hinh-viewsonic-vx2882-4kp-28-ips-4k-150hz-hdr10-usbc-6_a855d88975604bf78364c657ba3cc9ad.jpg', FALSE),
    ('Ảnh 8', 707, 'https://product.hstatic.net/200000722513/product/gearvn-man-hinh-viewsonic-vx2882-4kp-28-ips-4k-150hz-hdr10-usbc-7_568a1040210e4af9af15d52ae369974e.jpg', FALSE);
---
INSERT INTO product (name, seo_name, brand_id, specifications, description, created_by, image_url) 
    VALUES (
        'Màn hình E-DRA EGM27F180PV 27" IPS 180Hz chuyên game', 'man-hinh-e-dra-egm27f180pv-27-ips-180hz-chuyen-game', 23,
        '{"Nhà sản xuất": "E-Dra"}',
        'Màn hình E-DRA EGM27F180PV 27\" IPS 180Hz là lựa chọn hoàn hảo dành cho các game thủ chuyên nghiệp và những người yêu thích trải nghiệm hình ảnh mượt mà, sống động. Với kích thước 27 inch rộng rãi, màn hình này mang đến không gian hiển thị ấn tượng, giúp bạn đắm chìm hoàn toàn vào thế giới ảo. Tấm nền IPS cao cấp đảm bảo màu sắc được tái tạo chân thực, rực rỡ từ mọi góc nhìn, cùng với độ chính xác màu sắc vượt trội, lý tưởng không chỉ cho chơi game mà còn cho các tác vụ đồ họa cơ bản. Điểm nhấn mạnh mẽ nhất của EGM27F180PV chính là tần số quét siêu tốc 180Hz. Tần số này loại bỏ hiện tượng xé hình và giật lag, mang lại trải nghiệm chơi game cực kỳ mượt mà, đặc biệt quan trọng trong các tựa game hành động nhanh hoặc eSports, nơi mỗi mili giây đều có giá trị. Sự kết hợp giữa tốc độ và chất lượng hình ảnh biến E-DRA EGM27F180PV thành một công cụ mạnh mẽ, giúp game thủ chiếm lợi thế và tận hưởng từng khoảnh khắc giải trí đỉnh cao.',
        1, 'https://product.hstatic.net/200000722513/product/edra_egm27f180pv_gearvn_6eb55f364f9e431886ffdd99c01cd7d1.jpg'
    );
INSERT INTO product_category (product_id, category_id) VALUES (708, 16);
INSERT INTO product_variant (
        product_id, name, seo_name, supplier_id, price, price_sale, quantity, sku, model, barcode, 
        specifications, description, warranty, image_url, release_at, created_by)
        VALUES ( 708, 'Màn hình E-DRA EGM27F180PV 27" IPS 180Hz chuyên game', 'man-hinh-e-dra-egm27f180pv-27-ips-180hz-chuyen-game',
            1, 3690000, 2750000, 10, 'MAN-EDRA-EGM27F180PV',
            'MAN-EDRA-EGM27F180PV', 'MAN-EDRA-EGM27F180PV',
            '{"Kích thước màn hình": "27 inch","Độ phân giải": "Full HD (1920x1080)","Tấm nền": "Fast IPS A+","Tần số quét": "180Hz","Thời gian phản hồi": "0.5ms MPRT","Độ sáng": "250 cd/m2","Dải màu": "99% sRGB","Cổng kết nối": "1xHDMI, 1xDisplayPort (DP), DC","VESA": "100x100mm","Kích thước": "602 x 110 x 400mm","Trọng lượng": "4.1 kg (màn hình), 4.7 kg (cả thùng)","Màu sắc": "Đen"}',
            'Màn hình E-DRA EGM27F180PV 27\" IPS 180Hz là lựa chọn hoàn hảo dành cho các game thủ chuyên nghiệp và những người yêu thích trải nghiệm hình ảnh mượt mà, sống động. Với kích thước 27 inch rộng rãi, màn hình này mang đến không gian hiển thị ấn tượng, giúp bạn đắm chìm hoàn toàn vào thế giới ảo. Tấm nền IPS cao cấp đảm bảo màu sắc được tái tạo chân thực, rực rỡ từ mọi góc nhìn, cùng với độ chính xác màu sắc vượt trội, lý tưởng không chỉ cho chơi game mà còn cho các tác vụ đồ họa cơ bản. Điểm nhấn mạnh mẽ nhất của EGM27F180PV chính là tần số quét siêu tốc 180Hz. Tần số này loại bỏ hiện tượng xé hình và giật lag, mang lại trải nghiệm chơi game cực kỳ mượt mà, đặc biệt quan trọng trong các tựa game hành động nhanh hoặc eSports, nơi mỗi mili giây đều có giá trị. Sự kết hợp giữa tốc độ và chất lượng hình ảnh biến E-DRA EGM27F180PV thành một công cụ mạnh mẽ, giúp game thủ chiếm lợi thế và tận hưởng từng khoảnh khắc giải trí đỉnh cao.',
            24, 'https://product.hstatic.net/200000722513/product/edra_egm27f180pv_gearvn_6eb55f364f9e431886ffdd99c01cd7d1.jpg', '2025-05-09T08:02:24+00:00',1);
        
INSERT INTO product_image (name, product_variant_id, image_url, is_main)
VALUES
    ('Ảnh 1', 708, 'https://product.hstatic.net/200000722513/product/edra_egm27f180pv_gearvn_6eb55f364f9e431886ffdd99c01cd7d1.jpg', TRUE),
    ('Ảnh 2', 708, 'https://product.hstatic.net/200000722513/product/1_a38b5ac821044dc18f78cf6e32f1de32.png', FALSE),
    ('Ảnh 3', 708, 'https://product.hstatic.net/200000722513/product/2_f6f2ec0522354df78569bba59c055857.png', FALSE),
    ('Ảnh 4', 708, 'https://product.hstatic.net/200000722513/product/3_dc0270ed5aa842c1984fe67be7a789d5.png', FALSE);
---
INSERT INTO product (name, seo_name, brand_id, specifications, description, created_by, image_url) 
    VALUES (
        'Màn hình E-DRA EGM27F120PV 27" IPS 120Hz', 'man-hinh-e-dra-egm27f120pv-27-ips-120hz', 23,
        '{"Nhà sản xuất": "E-Dra"}',
        'Màn hình E-DRA EGM27F120PV là lựa chọn hoàn hảo cho cả game thủ và người dùng chuyên nghiệp, mang đến trải nghiệm hình ảnh đỉnh cao. Với kích thước 27 inch rộng rãi, màn hình này sử dụng tấm nền IPS cao cấp, đảm bảo góc nhìn siêu rộng 178 độ cùng khả năng tái tạo màu sắc sống động và chân thực đến từng chi tiết. Độ phân giải QHD (2560x1440) sắc nét giúp hình ảnh hiển thị rõ ràng, mượt mà, lý tưởng cho việc chơi game đồ họa cao, xem phim hay làm việc với các ứng dụng đòi hỏi độ chính xác màu sắc.\n\nĐiểm nổi bật của E-DRA EGM27F120PV chính là tần số quét 120Hz, mang lại chuyển động siêu mượt mà, loại bỏ hiện tượng xé hình và giật lag, đặc biệt quan trọng trong các tựa game hành động nhanh. Kết hợp với thời gian phản hồi nhanh (thường là 1ms MPRT hoặc 5ms GTG), người dùng sẽ có lợi thế cạnh tranh đáng kể trong các trận đấu. Màn hình còn hỗ trợ các công nghệ đồng bộ hình ảnh như FreeSync (hoặc Adaptive Sync), giúp loại bỏ hoàn toàn hiện tượng xé hình bằng cách đồng bộ hóa tần số quét của màn hình với card đồ họa.\n\nThiết kế viền mỏng ba cạnh mang lại không gian hiển thị tối đa, tạo cảm giác đắm chìm và liền mạch khi sử dụng cấu hình đa màn hình. Các cổng kết nối đa dạng như HDMI và DisplayPort giúp dễ dàng kết nối với nhiều thiết bị khác nhau. Chân đế chắc chắn, có thể điều chỉnh độ nghiêng, mang lại sự thoải mái tối ưu trong suốt quá trình sử dụng. Với E-DRA EGM27F120PV, bạn không chỉ sở hữu một màn hình hiệu suất cao mà còn là một trung tâm giải trí và làm việc đẳng cấp.',
        1, 'https://product.hstatic.net/200000722513/product/edra_egm27f120pv_gearvn_ad68d50305d54e65ba4613d518c1cc11.jpg'
    );
INSERT INTO product_category (product_id, category_id) VALUES (709, 16);
INSERT INTO product_variant (
        product_id, name, seo_name, supplier_id, price, price_sale, quantity, sku, model, barcode, 
        specifications, description, warranty, image_url, release_at, created_by)
        VALUES ( 709, 'Màn hình E-DRA EGM27F120PV 27" IPS 120Hz', 'man-hinh-e-dra-egm27f120pv-27-ips-120hz',
            1, 3190000, 2390000, 10, 'MAN-EDRA-EGM27F120PV',
            'MAN-EDRA-EGM27F120PV', 'MAN-EDRA-EGM27F120PV',
            '{"Tên sản phẩm": "Màn hình E-DRA EGM27F120PV","Kích thước màn hình": "27 inch","Tấm nền": "IPS","Tần số quét": "120Hz"}',
            'Màn hình E-DRA EGM27F120PV là lựa chọn hoàn hảo cho cả game thủ và người dùng chuyên nghiệp, mang đến trải nghiệm hình ảnh đỉnh cao. Với kích thước 27 inch rộng rãi, màn hình này sử dụng tấm nền IPS cao cấp, đảm bảo góc nhìn siêu rộng 178 độ cùng khả năng tái tạo màu sắc sống động và chân thực đến từng chi tiết. Độ phân giải QHD (2560x1440) sắc nét giúp hình ảnh hiển thị rõ ràng, mượt mà, lý tưởng cho việc chơi game đồ họa cao, xem phim hay làm việc với các ứng dụng đòi hỏi độ chính xác màu sắc.\n\nĐiểm nổi bật của E-DRA EGM27F120PV chính là tần số quét 120Hz, mang lại chuyển động siêu mượt mà, loại bỏ hiện tượng xé hình và giật lag, đặc biệt quan trọng trong các tựa game hành động nhanh. Kết hợp với thời gian phản hồi nhanh (thường là 1ms MPRT hoặc 5ms GTG), người dùng sẽ có lợi thế cạnh tranh đáng kể trong các trận đấu. Màn hình còn hỗ trợ các công nghệ đồng bộ hình ảnh như FreeSync (hoặc Adaptive Sync), giúp loại bỏ hoàn toàn hiện tượng xé hình bằng cách đồng bộ hóa tần số quét của màn hình với card đồ họa.\n\nThiết kế viền mỏng ba cạnh mang lại không gian hiển thị tối đa, tạo cảm giác đắm chìm và liền mạch khi sử dụng cấu hình đa màn hình. Các cổng kết nối đa dạng như HDMI và DisplayPort giúp dễ dàng kết nối với nhiều thiết bị khác nhau. Chân đế chắc chắn, có thể điều chỉnh độ nghiêng, mang lại sự thoải mái tối ưu trong suốt quá trình sử dụng. Với E-DRA EGM27F120PV, bạn không chỉ sở hữu một màn hình hiệu suất cao mà còn là một trung tâm giải trí và làm việc đẳng cấp.',
            24, 'https://product.hstatic.net/200000722513/product/edra_egm27f120pv_gearvn_ad68d50305d54e65ba4613d518c1cc11.jpg', '2025-05-09T07:38:04+00:00',1);
        
INSERT INTO product_image (name, product_variant_id, image_url, is_main)
VALUES
    ('Ảnh 1', 709, 'https://product.hstatic.net/200000722513/product/edra_egm27f120pv_gearvn_ad68d50305d54e65ba4613d518c1cc11.jpg', TRUE),
    ('Ảnh 2', 709, 'https://product.hstatic.net/200000722513/product/2_4aed57b5f1154fd0903b2cddaa4aedd2.png', FALSE),
    ('Ảnh 3', 709, 'https://product.hstatic.net/200000722513/product/3_f79402f5bfe54b258848b51972165be3.png', FALSE),
    ('Ảnh 4', 709, 'https://product.hstatic.net/200000722513/product/4_d4be762218514778848e40d5a1cd0981.png', FALSE),
    ('Ảnh 5', 709, 'https://product.hstatic.net/200000722513/product/5_2493fb8457f141e4a73726ccd6f14f8c.png', FALSE);
---
INSERT INTO product (name, seo_name, brand_id, specifications, description, created_by, image_url) 
    VALUES (
        'Màn hình Acer KA272 G0 27" IPS 120Hz', 'man-hinh-acer-ka272-g0-27-ips-120hz', 35,
        '{"Nhà sản xuất": "Acer"}',
        'Màn hình Acer KA272 G0 27\" IPS 120Hz là lựa chọn lý tưởng cho những ai tìm kiếm trải nghiệm hình ảnh vượt trội với mức giá phải chăng. Với kích thước 27 inch rộng rãi, màn hình này cung cấp không gian làm việc và giải trí thoải mái, giúp bạn dễ dàng đa nhiệm hoặc đắm chìm vào các bộ phim yêu thích. Công nghệ tấm nền IPS tiên tiến đảm bảo màu sắc sống động, độ chính xác cao và góc nhìn siêu rộng 178 độ, giữ cho hình ảnh luôn nhất quán dù bạn nhìn từ bất kỳ vị trí nào. Điều này đặc biệt hữu ích cho các công việc liên quan đến đồ họa, chỉnh sửa ảnh hoặc chỉ đơn giản là thưởng thức nội dung đa phương tiện chất lượng cao. Tần số quét 120Hz mang lại sự mượt mà đáng kể so với màn hình 60Hz truyền thống, giảm thiểu hiện tượng xé hình và giật lag, mang lại trải nghiệm xem phim, lướt web và chơi game nhẹ nhàng hơn. Thiết kế viền mỏng ba cạnh không chỉ tạo vẻ ngoài hiện đại mà còn tối ưu hóa không gian hiển thị. Acer KA272 G0 còn tích hợp các công nghệ bảo vệ mắt như Acer BluelightShield và Flicker-less, giúp giảm thiểu mỏi mắt khi sử dụng trong thời gian dài. Đây là một màn hình đa năng, phù hợp cho cả công việc văn phòng, học tập và giải trí tại gia.',
        1, 'https://product.hstatic.net/200000722513/product/acer_ka272_g0_gearvn_d7ccbda688bd4f1f8ab2df0e02a731e4.jpg'
    );
INSERT INTO product_category (product_id, category_id) VALUES (710, 16);
INSERT INTO product_variant (
        product_id, name, seo_name, supplier_id, price, price_sale, quantity, sku, model, barcode, 
        specifications, description, warranty, image_url, release_at, created_by)
        VALUES ( 710, 'Màn hình Acer KA272 G0 27" IPS 120Hz', 'man-hinh-acer-ka272-g0-27-ips-120hz',
            1, 2990000, 2550000, 10, 'MAN-ACER-KA272-G0',
            'MAN-ACER-KA272-G0', 'MAN-ACER-KA272-G0',
            '{"Kích thước màn hình": "27 inch","Độ phân giải": "Full HD (1920 x 1080)","Tấm nền": "IPS","Tần số quét": "120Hz","Thời gian phản hồi": "1ms (VRB)","Độ sáng": "250 nits","Cổng kết nối": "HDMI, VGA","Tỷ lệ tương phản": "1.000:1 (TYP)","Độ sâu màu": "99% sRGB, 16.7 triệu màu","Công nghệ đồng bộ": "AMD FreeSync","Loa": "Có"}',
            'Màn hình Acer KA272 G0 27\" IPS 120Hz là lựa chọn lý tưởng cho những ai tìm kiếm trải nghiệm hình ảnh vượt trội với mức giá phải chăng. Với kích thước 27 inch rộng rãi, màn hình này cung cấp không gian làm việc và giải trí thoải mái, giúp bạn dễ dàng đa nhiệm hoặc đắm chìm vào các bộ phim yêu thích. Công nghệ tấm nền IPS tiên tiến đảm bảo màu sắc sống động, độ chính xác cao và góc nhìn siêu rộng 178 độ, giữ cho hình ảnh luôn nhất quán dù bạn nhìn từ bất kỳ vị trí nào. Điều này đặc biệt hữu ích cho các công việc liên quan đến đồ họa, chỉnh sửa ảnh hoặc chỉ đơn giản là thưởng thức nội dung đa phương tiện chất lượng cao. Tần số quét 120Hz mang lại sự mượt mà đáng kể so với màn hình 60Hz truyền thống, giảm thiểu hiện tượng xé hình và giật lag, mang lại trải nghiệm xem phim, lướt web và chơi game nhẹ nhàng hơn. Thiết kế viền mỏng ba cạnh không chỉ tạo vẻ ngoài hiện đại mà còn tối ưu hóa không gian hiển thị. Acer KA272 G0 còn tích hợp các công nghệ bảo vệ mắt như Acer BluelightShield và Flicker-less, giúp giảm thiểu mỏi mắt khi sử dụng trong thời gian dài. Đây là một màn hình đa năng, phù hợp cho cả công việc văn phòng, học tập và giải trí tại gia.',
            36, 'https://product.hstatic.net/200000722513/product/acer_ka272_g0_gearvn_d7ccbda688bd4f1f8ab2df0e02a731e4.jpg', '2025-04-29T07:26:53+00:00',1);
        
INSERT INTO product_image (name, product_variant_id, image_url, is_main)
VALUES
    ('Ảnh 1', 710, 'https://product.hstatic.net/200000722513/product/acer_ka272_g0_gearvn_d7ccbda688bd4f1f8ab2df0e02a731e4.jpg', TRUE),
    ('Ảnh 2', 710, 'https://product.hstatic.net/200000722513/product/man-hinh-van-phong-giai-tri-27-inch-120hz-acer-viet-nam-anh-san-pham-1_c5b20e67690c4b8c961501b0a412ac97.png', FALSE),
    ('Ảnh 3', 710, 'https://product.hstatic.net/200000722513/product/man-hinh-van-phong-giai-tri-27-inch-120hz-acer-viet-nam-anh-san-pham-3_27ad9cb64a6a4de3afded52eaf16a3aa.png', FALSE),
    ('Ảnh 4', 710, 'https://product.hstatic.net/200000722513/product/man-hinh-van-phong-giai-tri-27-inch-120hz-acer-viet-nam-anh-san-pham-4_5cf4d01c8ed141e99a32f300a00c7c27.png', FALSE),
    ('Ảnh 5', 710, 'https://product.hstatic.net/200000722513/product/man-hinh-van-phong-giai-tri-27-inch-120hz-acer-viet-nam-anh-san-pham-5_307fe0c0460d425c96da09ea9dfed6f8.png', FALSE),
    ('Ảnh 6', 710, 'https://product.hstatic.net/200000722513/product/man-hinh-van-phong-giai-tri-27-inch-120hz-acer-viet-nam-anh-san-pham-6_1e1efdb8181c415494027e13663fd8b9.png', FALSE),
    ('Ảnh 7', 710, 'https://product.hstatic.net/200000722513/product/man-hinh-van-phong-giai-tri-27-inch-120hz-acer-viet-nam-anh-san-pham-7_78a4f8121762418ebb378293b5966ada.png', FALSE),
    ('Ảnh 8', 710, 'https://product.hstatic.net/200000722513/product/man-hinh-van-phong-giai-tri-27-inch-120hz-acer-viet-nam-anh-san-pham-8_cf031a34268a4efc94955dfcf4dc47fa.png', FALSE);
---
INSERT INTO product (name, seo_name, brand_id, specifications, description, created_by, image_url) 
    VALUES (
        'Màn hình MSI MPG 272URX QD-OLED 27" QD-OLED 4K 240Hz chuyên game', 'man-hinh-msi-mpg-272urx-qd-oled-27-qd-oled-4k-240hz-chuyen-game', 52,
        '{"Nhà sản xuất": "MSI"}',
        'Màn hình MSI MPG 272URX QD-OLED 27\" là một tuyệt tác công nghệ dành cho game thủ và những người sáng tạo nội dung chuyên nghiệp, mang đến trải nghiệm hình ảnh đỉnh cao chưa từng có. Với tấm nền QD-OLED 27 inch, màn hình này hiển thị độ phân giải 4K UHD (3840x2160) sắc nét đến từng chi tiết nhỏ nhất, tái tạo màu sắc sống động và rực rỡ nhờ công nghệ Quantum Dot, cùng với độ tương phản vô hạn và màu đen sâu thẳm đặc trưng của OLED. Tần số quét 240Hz siêu tốc kết hợp với thời gian phản hồi cực nhanh 0.03ms (GtG) loại bỏ hoàn toàn hiện tượng xé hình và bóng mờ, đảm bảo mọi chuyển động trong game đều mượt mà, phản ứng tức thì, mang lại lợi thế cạnh tranh vượt trội. Màn hình còn được trang bị các tính năng chuyên game của MSI như Night Vision, Smart Crosshair và KVM Switch, cùng với khả năng kết nối đa dạng qua HDMI 2.1, DisplayPort 1.4 và USB-C với sạc PD 90W. Thiết kế công thái học cho phép điều chỉnh độ cao, xoay, nghiêng và gập, đảm bảo tư thế thoải mái nhất trong mọi phiên làm việc hoặc chơi game kéo dài. Chứng nhận VESA DisplayHDR True Black 400 và độ phủ màu DCI-P3 99% khẳng định chất lượng hình ảnh xuất sắc, phục vụ hoàn hảo cho cả nhu cầu giải trí và công việc đòi hỏi độ chính xác màu cao.',
        1, 'https://product.hstatic.net/200000722513/product/msi_mpg_272urx_qd-oled_4k_gearvn_abe92b3d8d224d4a8a74c5014fe6bf12.jpg'
    );
INSERT INTO product_category (product_id, category_id) VALUES (711, 16);
INSERT INTO product_variant (
        product_id, name, seo_name, supplier_id, price, price_sale, quantity, sku, model, barcode, 
        specifications, description, warranty, image_url, release_at, created_by)
        VALUES ( 711, 'Màn hình MSI MPG 272URX QD-OLED 27" QD-OLED 4K 240Hz chuyên game', 'man-hinh-msi-mpg-272urx-qd-oled-27-qd-oled-4k-240hz-chuyen-game',
            1, 39990000, 31190000, 10, 'MAN-MSI-MPG-272URX-QD-OLED',
            'MAN-MSI-MPG-272URX-QD-OLED', 'MAN-MSI-MPG-272URX-QD-OLED',
            '{"Tên sản phẩm": "MSI MPG 272URX QD-OLED","Kích thước màn hình": "27 inch","Tấm nền": "QD-OLED","Độ phân giải": "3840 x 2160 (UHD)","Tần số quét": "240Hz","Thời gian phản hồi": "0.03ms (GtG)","Độ sáng": "250 nits (typical)","HDR": "VESA DisplayHDR True Black 400","Công nghệ màn hình": "QD Premium Color (Delta E≤2)","Công nghệ bảo vệ màn hình": "MSI OLED Care 2.0, 3-Year Burn-In Warranty","Cổng kết nối": "2x HDMI 2.1 (48Gbps), 1x DisplayPort 2.1a (80Gbps), USB Type-C (hỗ trợ DisplayPort Alt mode, 98W Power Delivery)","Tần số quét cho Console": "4K 120Hz","Hỗ trợ tần số quét": "VRR, ALLM","Băng thông DisplayPort": "80Gbps (UHBR20)","Tỷ lệ màn hình": "16:9","Khả năng điều chỉnh chân đế": "Nâng hạ, Xoay, Nghiêng","Kích thước không chân đế (R x S x C)": "610 x 69 x 356 mm","Kích thước có chân đế (R x S x C)": "610 x 242 x 422 mm","Phụ kiện đi kèm": "1x Cáp HDMI 2.1, 1x Cáp DisplayPort 2.1a, Cáp nguồn, 4x VESA Screw"}',
            'Màn hình MSI MPG 272URX QD-OLED 27\" là một tuyệt tác công nghệ dành cho game thủ và những người sáng tạo nội dung chuyên nghiệp, mang đến trải nghiệm hình ảnh đỉnh cao chưa từng có. Với tấm nền QD-OLED 27 inch, màn hình này hiển thị độ phân giải 4K UHD (3840x2160) sắc nét đến từng chi tiết nhỏ nhất, tái tạo màu sắc sống động và rực rỡ nhờ công nghệ Quantum Dot, cùng với độ tương phản vô hạn và màu đen sâu thẳm đặc trưng của OLED. Tần số quét 240Hz siêu tốc kết hợp với thời gian phản hồi cực nhanh 0.03ms (GtG) loại bỏ hoàn toàn hiện tượng xé hình và bóng mờ, đảm bảo mọi chuyển động trong game đều mượt mà, phản ứng tức thì, mang lại lợi thế cạnh tranh vượt trội. Màn hình còn được trang bị các tính năng chuyên game của MSI như Night Vision, Smart Crosshair và KVM Switch, cùng với khả năng kết nối đa dạng qua HDMI 2.1, DisplayPort 1.4 và USB-C với sạc PD 90W. Thiết kế công thái học cho phép điều chỉnh độ cao, xoay, nghiêng và gập, đảm bảo tư thế thoải mái nhất trong mọi phiên làm việc hoặc chơi game kéo dài. Chứng nhận VESA DisplayHDR True Black 400 và độ phủ màu DCI-P3 99% khẳng định chất lượng hình ảnh xuất sắc, phục vụ hoàn hảo cho cả nhu cầu giải trí và công việc đòi hỏi độ chính xác màu cao.',
            36, 'https://product.hstatic.net/200000722513/product/msi_mpg_272urx_qd-oled_4k_gearvn_abe92b3d8d224d4a8a74c5014fe6bf12.jpg', '2025-04-24T08:49:03+00:00',1);
        
INSERT INTO product_image (name, product_variant_id, image_url, is_main)
VALUES
    ('Ảnh 1', 711, 'https://product.hstatic.net/200000722513/product/msi_mpg_272urx_qd-oled_4k_gearvn_abe92b3d8d224d4a8a74c5014fe6bf12.jpg', TRUE),
    ('Ảnh 2', 711, 'https://product.hstatic.net/200000722513/product/1024__1__3688be4078ae4e5da11c65870c159cce.png', FALSE),
    ('Ảnh 3', 711, 'https://product.hstatic.net/200000722513/product/1024__2__fd469bbeefdf4d09a8732699ef13c387.png', FALSE),
    ('Ảnh 4', 711, 'https://product.hstatic.net/200000722513/product/1024__3__160383781edd411a8c45b26c25b9adb5.png', FALSE),
    ('Ảnh 5', 711, 'https://product.hstatic.net/200000722513/product/1024__4__575bc8c4d8084e87b42ad556899c8724.png', FALSE),
    ('Ảnh 6', 711, 'https://product.hstatic.net/200000722513/product/1024_ef9fce756f8140bf8854c713d7326229.png', FALSE);
---
INSERT INTO product (name, seo_name, brand_id, specifications, description, created_by, image_url) 
    VALUES (
        'Màn hình ViewSonic VX2758A-2K-PRO-4 27" IPS 2K 180Hz chuyên game', 'man-hinh-viewsonic-vx2758a-2k-pro-4-27-ips-2k-180hz-chuyen-game', 55,
        '{"Nhà sản xuất": "ViewSonic"}',
        'Màn hình ViewSonic VX2758A-2K-PRO-4 là lựa chọn hoàn hảo cho game thủ tìm kiếm trải nghiệm đỉnh cao. Với kích thước 27 inch cùng tấm nền IPS chất lượng cao, màn hình này mang đến hình ảnh sắc nét, màu sắc sống động và góc nhìn rộng, đảm bảo mọi chi tiết trong game đều được thể hiện một cách chân thực nhất. Độ phân giải 2K (2560x1440) cung cấp mật độ điểm ảnh tối ưu, giúp nâng tầm đồ họa, từ đó các thế giới ảo trở nên chi tiết và cuốn hút hơn bao giờ hết. Đặc biệt, tần số quét siêu nhanh 180Hz kết hợp với thời gian phản hồi cực thấp (thường là 1ms MPRT hoặc tương đương) giúp loại bỏ hoàn toàn hiện tượng xé hình, giật lag và bóng mờ, mang lại lợi thế quyết định trong các trận đấu tốc độ cao. Dù là chiến game FPS nảy lửa hay đắm chìm vào những tựa game nhập vai đồ họa hoành tráng, VX2758A-2K-PRO-4 đều đáp ứng vượt trội, biến mỗi khoảnh khắc chơi game thành một trải nghiệm mượt mà, sống động và đầy phấn khích. Thiết kế hiện đại cùng khả năng kết nối đa dạng, biến đây thành trung tâm giải trí lý tưởng cho mọi dàn máy gaming.',
        1, 'https://product.hstatic.net/200000722513/product/view_vx2758a-2k-pro-4_gearvn_cc38513a304a4bcb88ffaf83d1ca7bff.jpg'
    );
INSERT INTO product_category (product_id, category_id) VALUES (712, 16);
INSERT INTO product_variant (
        product_id, name, seo_name, supplier_id, price, price_sale, quantity, sku, model, barcode, 
        specifications, description, warranty, image_url, release_at, created_by)
        VALUES ( 712, 'Màn hình ViewSonic VX2758A-2K-PRO-4 27" IPS 2K 180Hz chuyên game', 'man-hinh-viewsonic-vx2758a-2k-pro-4-27-ips-2k-180hz-chuyen-game',
            1, 5990000, 4890000, 10, 'MAN-VIE-VX2758A-2K-PRO-4',
            'MAN-VIE-VX2758A-2K-PRO-4', 'MAN-VIE-VX2758A-2K-PRO-4',
            '{"Kích thước màn hình": "27 inch","Loại tấm nền": "IPS","Tỷ lệ màn hình": "16:9","Độ phân giải": "2K QHD (2560x1440)","Tần số quét": "180Hz","Thời gian phản hồi": "1ms (MPRT)","Độ sáng": "300 cd/m²","Tương phản tĩnh": "1000:1","Tương phản động": "80.000.000:1","Tần số quét biến đổi": "FreeSync, G-Sync Compatible","HDR": "HDR10","Kết nối": "2 x HDMI 2.0, 1 x DisplayPort 1.4, 1 x Jack 3.5mm Audio Out","Khối lượng (không chân đế)": "4.5 kg","Khối lượng (có chân đế)": "6.3 kg","Tần số quét (tối thiểu)": "48 Hz","Góc nhìn (H/V)": "178° / 178°","Độ phủ màu sRGB": "137%","Độ phủ màu NTSC": "97%","Độ phủ màu DCI-P3": "95%"}',
            'Màn hình ViewSonic VX2758A-2K-PRO-4 là lựa chọn hoàn hảo cho game thủ tìm kiếm trải nghiệm đỉnh cao. Với kích thước 27 inch cùng tấm nền IPS chất lượng cao, màn hình này mang đến hình ảnh sắc nét, màu sắc sống động và góc nhìn rộng, đảm bảo mọi chi tiết trong game đều được thể hiện một cách chân thực nhất. Độ phân giải 2K (2560x1440) cung cấp mật độ điểm ảnh tối ưu, giúp nâng tầm đồ họa, từ đó các thế giới ảo trở nên chi tiết và cuốn hút hơn bao giờ hết. Đặc biệt, tần số quét siêu nhanh 180Hz kết hợp với thời gian phản hồi cực thấp (thường là 1ms MPRT hoặc tương đương) giúp loại bỏ hoàn toàn hiện tượng xé hình, giật lag và bóng mờ, mang lại lợi thế quyết định trong các trận đấu tốc độ cao. Dù là chiến game FPS nảy lửa hay đắm chìm vào những tựa game nhập vai đồ họa hoành tráng, VX2758A-2K-PRO-4 đều đáp ứng vượt trội, biến mỗi khoảnh khắc chơi game thành một trải nghiệm mượt mà, sống động và đầy phấn khích. Thiết kế hiện đại cùng khả năng kết nối đa dạng, biến đây thành trung tâm giải trí lý tưởng cho mọi dàn máy gaming.',
            36, 'https://product.hstatic.net/200000722513/product/view_vx2758a-2k-pro-4_gearvn_cc38513a304a4bcb88ffaf83d1ca7bff.jpg', '2025-04-24T08:23:04+00:00',1);
        
INSERT INTO product_image (name, product_variant_id, image_url, is_main)
VALUES
    ('Ảnh 1', 712, 'https://product.hstatic.net/200000722513/product/view_vx2758a-2k-pro-4_gearvn_cc38513a304a4bcb88ffaf83d1ca7bff.jpg', TRUE),
    ('Ảnh 2', 712, 'https://product.hstatic.net/200000722513/product/2_4eccc92de6c349f6b3c83c66a2c669b1.png', FALSE),
    ('Ảnh 3', 712, 'https://product.hstatic.net/200000722513/product/3_83887fc37f194b70832b7efc24b099fe.png', FALSE),
    ('Ảnh 4', 712, 'https://product.hstatic.net/200000722513/product/4_4ce389e40e4649c8937c6e407c9faff9.png', FALSE),
    ('Ảnh 5', 712, 'https://product.hstatic.net/200000722513/product/5_0410ee5d083341529ca3fed695fd3d94.png', FALSE),
    ('Ảnh 6', 712, 'https://product.hstatic.net/200000722513/product/6_11edc5f2eff14239b1e9115404980476.png', FALSE),
    ('Ảnh 7', 712, 'https://product.hstatic.net/200000722513/product/7_0259882752d44d06aef367057b2d61c7.png', FALSE),
    ('Ảnh 8', 712, 'https://product.hstatic.net/200000722513/product/8_ae33517297134249b48ac8050af8ff3a.png', FALSE);
---
INSERT INTO product (name, seo_name, brand_id, specifications, description, created_by, image_url) 
    VALUES (
        'Màn hình Samsung Odyssey 3D LS27FG900XEXXV 27" IPS 4K 165Hz', 'man-hinh-samsung-odyssey-3d-ls27fg900xexxv-27-ips-4k-165hz', 16,
        '{"Nhà sản xuất": "Samsung"}',
        'Màn hình Samsung Odyssey 3D LS27FG900XEXXV là một kiệt tác công nghệ, mang đến trải nghiệm hình ảnh tuyệt đỉnh cho cả game thủ lẫn người dùng chuyên nghiệp. Với kích thước 27 inch và tấm nền IPS cao cấp, màn hình này đảm bảo góc nhìn rộng và màu sắc trung thực đến kinh ngạc. Độ phân giải 4K UHD (3840x2160) sắc nét từng chi tiết, biến mọi hình ảnh từ đồ họa game cho đến nội dung đa phương tiện trở nên sống động như thật. Tần số quét 165Hz siêu nhanh cùng thời gian phản hồi thấp giúp loại bỏ hoàn toàn hiện tượng xé hình hay giật lag, mang lại lợi thế quyết định trong các trận đấu game đỉnh cao. Công nghệ Odyssey tiên tiến hứa hẹn tái tạo hình ảnh với chiều sâu ấn tượng, cho cảm giác như bạn đang bước vào thế giới ảo. Dù là chiến game kịch tính hay làm việc với đồ họa phức tạp, Odyssey 3D LS27FG900XEXXV luôn là lựa chọn hoàn hảo, kiến tạo nên không gian giải trí và làm việc không giới hạn.',
        1, 'https://product.hstatic.net/200000722513/product/samsung_ls27fg900xexxv_gearvn_1598edbbd3c44199bab00d600a3a59f5.jpg'
    );
INSERT INTO product_category (product_id, category_id) VALUES (713, 16);
INSERT INTO product_variant (
        product_id, name, seo_name, supplier_id, price, price_sale, quantity, sku, model, barcode, 
        specifications, description, warranty, image_url, release_at, created_by)
        VALUES ( 713, 'Màn hình Samsung Odyssey 3D LS27FG900XEXXV 27" IPS 4K 165Hz', 'man-hinh-samsung-odyssey-3d-ls27fg900xexxv-27-ips-4k-165hz',
            1, 49990000, 42990000, 10, 'MAN-SAM-LS27FG900XEXXV',
            'MAN-SAM-LS27FG900XEXXV', 'MAN-SAM-LS27FG900XEXXV',
            '{"Screen Size Class": "27\"","Flat/Curved": "Flat","Panel Type": "IPS","Brightness Typical": "350 cd/㎡","Brightness Min": "280 cd/㎡","Contrast Ratio Static": "1000:1","HDR": "HDR10, HDR10+ Gaming","Resolution": "4K (3,840 x 2,160)","Response Time": "1ms (GTG)","Viewing Angle (H/V)": "178°/178°","Color Support": "Max 1B","Color Gamut (DCI Coverage)": "99% (CIE1931)","Refresh Rate": "Max 165Hz","Front Color": "Mercury Silver","Rear Color": "Mercury Silver","Stand Type": "HAS PIVOT","HAS (Height Adjustable Stand)": "120mm","Tilt": "-3.0° to 15.0°","Pivot": "-92.0° to +92.0°","Wall Mount": "100 x 100","Set Dimension with Stand (WxHxD)": "614.1 x 541.5 x 203.3 mm","Set Dimension without Stand (WxHxD)": "614.1 x 372.2 x 46.0 mm","Package Dimension (WxHxD)": "834.0 x 133 x 434 mm","Connectivity": "2 x HDMI 2.1, 1 x DisplayPort 1.4","VESA Compatibility": "100x100","Warranty": "24 months","Speakers": "5W x 2","Sync Technology": "FreeSync Premium, G-Sync Compatible","Eye Saver Mode": "Yes","Flicker Free": "Yes","Picture-In-Picture": "Yes","Auto Source Switch": "Auto Source Switch+","USB Hub Version": "3.1 Gen1","USB-B Upstream Port": "Yes"}',
            'Màn hình Samsung Odyssey 3D LS27FG900XEXXV là một kiệt tác công nghệ, mang đến trải nghiệm hình ảnh tuyệt đỉnh cho cả game thủ lẫn người dùng chuyên nghiệp. Với kích thước 27 inch và tấm nền IPS cao cấp, màn hình này đảm bảo góc nhìn rộng và màu sắc trung thực đến kinh ngạc. Độ phân giải 4K UHD (3840x2160) sắc nét từng chi tiết, biến mọi hình ảnh từ đồ họa game cho đến nội dung đa phương tiện trở nên sống động như thật. Tần số quét 165Hz siêu nhanh cùng thời gian phản hồi thấp giúp loại bỏ hoàn toàn hiện tượng xé hình hay giật lag, mang lại lợi thế quyết định trong các trận đấu game đỉnh cao. Công nghệ Odyssey tiên tiến hứa hẹn tái tạo hình ảnh với chiều sâu ấn tượng, cho cảm giác như bạn đang bước vào thế giới ảo. Dù là chiến game kịch tính hay làm việc với đồ họa phức tạp, Odyssey 3D LS27FG900XEXXV luôn là lựa chọn hoàn hảo, kiến tạo nên không gian giải trí và làm việc không giới hạn.',
            24, 'https://product.hstatic.net/200000722513/product/samsung_ls27fg900xexxv_gearvn_1598edbbd3c44199bab00d600a3a59f5.jpg', '2025-04-24T07:49:46+00:00',1);
        
INSERT INTO product_image (name, product_variant_id, image_url, is_main)
VALUES
    ('Ảnh 1', 713, 'https://product.hstatic.net/200000722513/product/samsung_ls27fg900xexxv_gearvn_1598edbbd3c44199bab00d600a3a59f5.jpg', TRUE),
    ('Ảnh 2', 713, 'https://product.hstatic.net/200000722513/product/1_bbaaa5f9018c4ee89d8afe0b0d8988fb.png', FALSE),
    ('Ảnh 3', 713, 'https://product.hstatic.net/200000722513/product/2_cc920101f7184e069cc8971d99235302.png', FALSE),
    ('Ảnh 4', 713, 'https://product.hstatic.net/200000722513/product/3_c7024d15051445c6a434e3097964307b.png', FALSE),
    ('Ảnh 5', 713, 'https://product.hstatic.net/200000722513/product/4_62b242657927431cbfb8145d6216a6be.png', FALSE),
    ('Ảnh 6', 713, 'https://product.hstatic.net/200000722513/product/5_2276ad34315245a8ac4ea97b8e4fd70e.png', FALSE),
    ('Ảnh 7', 713, 'https://product.hstatic.net/200000722513/product/6_d93c2d519d7c4d85a1a566f1ca388f90.png', FALSE),
    ('Ảnh 8', 713, 'https://product.hstatic.net/200000722513/product/7_af7241b4730444c28bbb9a0334c0dda5.png', FALSE),
    ('Ảnh 9', 713, 'https://product.hstatic.net/200000722513/product/8_4c62aadcc4c94ffbba1dcb6d27cd6d22.png', FALSE),
    ('Ảnh 10', 713, 'https://product.hstatic.net/200000722513/product/9_c09ae63ffcd74d69bb98fa4a6665fd5e.png', FALSE);
---
INSERT INTO product (name, seo_name, brand_id, specifications, description, created_by, image_url) 
    VALUES (
        'Màn hình Dell Pro Plus P2725D 27" IPS 2K 100Hz', 'man-hinh-dell-p2725d-27-ips-2k-100hz', 6,
        '{"Nhà sản xuất": "Dell"}',
        'Màn hình Dell Pro Plus P2725D là một lựa chọn lý tưởng cho các chuyên gia và người dùng yêu cầu hiệu suất cao, chất lượng hình ảnh sắc nét và trải nghiệm làm việc thoải mái. Với kích thước 27 inch rộng rãi, màn hình này cung cấp không gian làm việc tối ưu, cho phép bạn dễ dàng quản lý nhiều cửa sổ ứng dụng cùng lúc. Tấm nền IPS cao cấp đảm bảo màu sắc sống động, độ chính xác cao và góc nhìn rộng 178 độ, giúp hình ảnh không bị biến đổi dù bạn nhìn từ bất kỳ vị trí nào. Độ phân giải 2K QHD (2560x1440) mang lại chi tiết sắc nét gấp đôi so với Full HD, làm nổi bật mọi chi tiết nhỏ trong công việc thiết kế, chỉnh sửa ảnh hoặc lập trình. Tần số quét 100Hz là một nâng cấp đáng kể, cung cấp hình ảnh mượt mà hơn, giảm thiểu hiện tượng xé hình và giật lag so với màn hình 60Hz truyền thống, đặc biệt hữu ích khi cuộn trang, di chuyển chuột hoặc trong các tác vụ yêu cầu độ phản hồi nhanh. Dell P2725D còn được thiết kế với nhiều tính năng nâng cao năng suất. Chân đế công thái học cho phép điều chỉnh chiều cao, xoay, nghiêng và xoay Pivot, giúp bạn dễ dàng tìm được tư thế xem thoải mái nhất, giảm mỏi mắt và cổ trong suốt thời gian dài làm việc. Khả năng kết nối đa dạng bao gồm USB-C Power Delivery, HDMI và DisplayPort, cho phép bạn dễ dàng kết nối với nhiều thiết bị khác nhau, từ laptop đến máy tính để bàn, và sạc pin cho laptop qua một sợi cáp duy nhất với USB-C. Công nghệ ComfortView Plus tích hợp giúp giảm phát thải ánh sáng xanh có hại mà không làm ảnh hưởng đến độ chính xác màu sắc, bảo vệ đôi mắt của bạn. Viền màn hình siêu mỏng (InfinityEdge) tạo ra trải nghiệm xem liền mạch, hoàn hảo cho các thiết lập đa màn hình. Đây thực sự là một khoản đầu tư xứng đáng cho năng suất và sự thoải mái.',
        1, 'https://product.hstatic.net/200000722513/product/dell_p2725d_gearvn_e0edd6557e4a4b4183b649e5b1ae027b.jpg'
    );
INSERT INTO product_category (product_id, category_id) VALUES (714, 16);
INSERT INTO product_variant (
        product_id, name, seo_name, supplier_id, price, price_sale, quantity, sku, model, barcode, 
        specifications, description, warranty, image_url, release_at, created_by)
        VALUES ( 714, 'Màn hình Dell Pro Plus P2725D 27" IPS 2K 100Hz', 'man-hinh-dell-p2725d-27-ips-2k-100hz',
            1, 7990000, 6890000, 10, 'MAN-DEL-P2725D',
            'MAN-DEL-P2725D', 'MAN-DEL-P2725D',
            '{"Model": "P2725D","Kích thước màn hình": "27 inch","Độ phân giải": "QHD (2560 x 1440)","Tấm nền": "IPS","Tần số quét": "100 Hz","Thời gian phản hồi": "5ms GTG","Tỷ lệ khung hình": "16:9","Độ sáng": "350 cd/m2","Tỷ lệ tương phản tĩnh": "1500:1","Dải màu": "99% sRGB","Pixel Per Inch (PPI)": "109","Cổng kết nối video": "1 x HDMI, 1 x DisplayPort 1.4","Cổng USB": "1 x USB-C 5 Gbps downstream, 3 x USB Type-A 5 Gbps downstream, 1 x USB Type-B 5 Gbps upstream","Tiện ích": "Thay đổi được chiều cao, Xoay màn hình 90 độ, Điều chỉnh được màn hình quay trái - phải, Gập màn hình lên xuống, Gắn ARM chuẩn VESA","Năm ra mắt": "2025","Công suất tiêu thụ điện": "18.8W","Kích thước (có chân đế)": "Ngang 612.5 mm - Cao 385.7 mm - Dày 189 mm","Khối lượng có chân đế": "6.27 kg","Kích thước (không chân đế)": "Ngang 612.5 mm - Cao 356.55 mm - Dày 50 mm","Khối lượng (không chân đế)": "4.28 kg","Hỗ trợ màu": "16,7 triệu màu","Tần số ngang": "30 kHz – 151 kHz","Tần số dọc": "48 Hz – 100 Hz","Độ cứng kính": "3H","Tính năng": "Viền mỏng, Không thủy ngân, Kính không asen, Không PVC, Không BFR, Khóa chân đế, Khe khóa cáp, Khóa bảo mật, Chống chói, Eye - Comfort, sRGB","Nhiệt độ hoạt động": "0°C – 40°C","Nhiệt độ lưu trữ": "-20°C – 60°C","Độ ẩm hoạt động": "10% – 80% (không ngưng tụ)","Độ ẩm lưu trữ": "5% – 90% (không ngưng tụ)","Độ cao hoạt động tối đa": "5000 m","Bảo hành": "36 tháng"}',
            'Màn hình Dell Pro Plus P2725D là một lựa chọn lý tưởng cho các chuyên gia và người dùng yêu cầu hiệu suất cao, chất lượng hình ảnh sắc nét và trải nghiệm làm việc thoải mái. Với kích thước 27 inch rộng rãi, màn hình này cung cấp không gian làm việc tối ưu, cho phép bạn dễ dàng quản lý nhiều cửa sổ ứng dụng cùng lúc. Tấm nền IPS cao cấp đảm bảo màu sắc sống động, độ chính xác cao và góc nhìn rộng 178 độ, giúp hình ảnh không bị biến đổi dù bạn nhìn từ bất kỳ vị trí nào. Độ phân giải 2K QHD (2560x1440) mang lại chi tiết sắc nét gấp đôi so với Full HD, làm nổi bật mọi chi tiết nhỏ trong công việc thiết kế, chỉnh sửa ảnh hoặc lập trình. Tần số quét 100Hz là một nâng cấp đáng kể, cung cấp hình ảnh mượt mà hơn, giảm thiểu hiện tượng xé hình và giật lag so với màn hình 60Hz truyền thống, đặc biệt hữu ích khi cuộn trang, di chuyển chuột hoặc trong các tác vụ yêu cầu độ phản hồi nhanh. Dell P2725D còn được thiết kế với nhiều tính năng nâng cao năng suất. Chân đế công thái học cho phép điều chỉnh chiều cao, xoay, nghiêng và xoay Pivot, giúp bạn dễ dàng tìm được tư thế xem thoải mái nhất, giảm mỏi mắt và cổ trong suốt thời gian dài làm việc. Khả năng kết nối đa dạng bao gồm USB-C Power Delivery, HDMI và DisplayPort, cho phép bạn dễ dàng kết nối với nhiều thiết bị khác nhau, từ laptop đến máy tính để bàn, và sạc pin cho laptop qua một sợi cáp duy nhất với USB-C. Công nghệ ComfortView Plus tích hợp giúp giảm phát thải ánh sáng xanh có hại mà không làm ảnh hưởng đến độ chính xác màu sắc, bảo vệ đôi mắt của bạn. Viền màn hình siêu mỏng (InfinityEdge) tạo ra trải nghiệm xem liền mạch, hoàn hảo cho các thiết lập đa màn hình. Đây thực sự là một khoản đầu tư xứng đáng cho năng suất và sự thoải mái.',
            36, 'https://product.hstatic.net/200000722513/product/dell_p2725d_gearvn_e0edd6557e4a4b4183b649e5b1ae027b.jpg', '2025-07-22T09:25:37+00:00',1);
        
INSERT INTO product_image (name, product_variant_id, image_url, is_main)
VALUES
    ('Ảnh 1', 714, 'https://product.hstatic.net/200000722513/product/dell_p2725d_gearvn_e0edd6557e4a4b4183b649e5b1ae027b.jpg', TRUE),
    ('Ảnh 2', 714, 'https://product.hstatic.net/200000722513/product/1_bd903cbae895473799045e7099d9c785.png', FALSE),
    ('Ảnh 3', 714, 'https://product.hstatic.net/200000722513/product/3_9afe6d21d34d4dafb377b75f49f78680.png', FALSE),
    ('Ảnh 4', 714, 'https://product.hstatic.net/200000722513/product/4_2c21e9ea1d1c42a88736948342598534.png', FALSE),
    ('Ảnh 5', 714, 'https://product.hstatic.net/200000722513/product/5_45528cab64814ed0af17a2526a7fad2b.png', FALSE),
    ('Ảnh 6', 714, 'https://product.hstatic.net/200000722513/product/6_c7c287ff45f14ca08a975f1eab5f7431.png', FALSE),
    ('Ảnh 7', 714, 'https://product.hstatic.net/200000722513/product/7_920fde9818ea451894c6b6c221221bfe.png', FALSE),
    ('Ảnh 8', 714, 'https://product.hstatic.net/200000722513/product/8_4f34e2068eff4c8790b211efd03826a9.png', FALSE);
---
INSERT INTO product (name, seo_name, brand_id, specifications, description, created_by, image_url) 
    VALUES (
        'Màn hình Asus TUF GAMING VG279QE5A-R 27" IPS 146Hz chuyên game', 'man-hinh-asus-tuf-gaming-vg279qe5a-r-27-ips-146hz-chuyen-game', 3,
        '{"Nhà sản xuất": "ASUS"}',
        'Màn hình Asus TUF GAMING VG279QE5A-R 27 inch IPS 146Hz là lựa chọn hoàn hảo cho game thủ tìm kiếm trải nghiệm đỉnh cao. Với tấm nền IPS kích thước 27 inch, màn hình này mang lại màu sắc sống động, độ tương phản tuyệt vời và góc nhìn siêu rộng 178 độ, đảm bảo mọi chi tiết trong game đều hiển thị rõ nét và chân thực. Tốc độ làm mới 146Hz cực nhanh loại bỏ hiện tượng xé hình và giật lag, cho phép bạn phản ứng nhanh chóng trong các pha hành động kịch tính. Thời gian phản hồi MPRT 1ms (Moving Picture Response Time) giúp loại bỏ bóng mờ và nhòe chuyển động, đảm bảo hình ảnh mượt mà ngay cả trong các tựa game tốc độ cao. Công nghệ ASUS Extreme Low Motion Blur (ELMB) Sync tích hợp cùng Adaptive Sync (FreeSync Premium) mang lại trải nghiệm chơi game không gián đoạn, mượt mà đến khó tin. Màn hình còn được trang bị các tính năng độc quyền của ASUS như GamePlus (hiển thị tâm ngắm, hẹn giờ, bộ đếm FPS, căn chỉnh màn hình) và GameVisual với nhiều chế độ hiển thị tối ưu cho từng thể loại game. Công nghệ Shadow Boost giúp làm sáng các khu vực tối mà không làm phơi sáng quá mức các vùng sáng, cho phép bạn dễ dàng phát hiện kẻ địch ẩn nấp. Ngoài ra, công nghệ Flicker-Free và Low Blue Light bảo vệ mắt bạn khỏi mỏi khi chơi game trong thời gian dài. Thiết kế công thái học cho phép điều chỉnh độ nghiêng, xoay và chiều cao, mang lại sự thoải mái tối đa. Với cổng kết nối đa dạng như DisplayPort và HDMI, VG279QE5A-R dễ dàng kết nối với nhiều thiết bị. Đây không chỉ là một màn hình, mà là một công cụ chiến thắng giúp bạn thống trị mọi trận chiến ảo.',
        1, 'https://product.hstatic.net/200000722513/product/asus_vg279qe5a-r_gearvn_6188c0e4ab7f4752921a84e66398de3a.jpg'
    );
INSERT INTO product_category (product_id, category_id) VALUES (715, 16);
INSERT INTO product_variant (
        product_id, name, seo_name, supplier_id, price, price_sale, quantity, sku, model, barcode, 
        specifications, description, warranty, image_url, release_at, created_by)
        VALUES ( 715, 'Màn hình Asus TUF GAMING VG279QE5A-R 27" IPS 146Hz chuyên game', 'man-hinh-asus-tuf-gaming-vg279qe5a-r-27-ips-146hz-chuyen-game',
            1, 4990000, 3290000, 10, 'MAN-ASU-TUF-VG279QE5A-R',
            'MAN-ASU-TUF-VG279QE5A-R', 'MAN-ASU-TUF-VG279QE5A-R',
            '{"Thương hiệu": "ASUS","Dòng sản phẩm": "TUF Gaming","Mã màn hình": "VG279QE5A","Kích thước màn hình": "27 inch","Loại tấm nền": "IPS","Độ phân giải": "Full HD (1920 x 1080)","Tần số quét": "146Hz","Thời gian phản hồi": "1ms","Độ sáng": "300 cd/m²","Tỷ lệ tương phản tĩnh": "1500:1","Không gian màu (sRGB)": "125%","Không gian màu (DCI-P3)": "90%","Cổng kết nối": "1 x HDMI, 1 x DisplayPort","Công nghệ nổi bật": "ASUS ELMB Sync, Variable Overdrive, Shadow Boost, DisplayWidget Center","Loa tích hợp": "2x 2W","Khả năng tương thích VESA": "100x100mm","Bảo hành": "36 tháng"}',
            'Màn hình Asus TUF GAMING VG279QE5A-R 27 inch IPS 146Hz là lựa chọn hoàn hảo cho game thủ tìm kiếm trải nghiệm đỉnh cao. Với tấm nền IPS kích thước 27 inch, màn hình này mang lại màu sắc sống động, độ tương phản tuyệt vời và góc nhìn siêu rộng 178 độ, đảm bảo mọi chi tiết trong game đều hiển thị rõ nét và chân thực. Tốc độ làm mới 146Hz cực nhanh loại bỏ hiện tượng xé hình và giật lag, cho phép bạn phản ứng nhanh chóng trong các pha hành động kịch tính. Thời gian phản hồi MPRT 1ms (Moving Picture Response Time) giúp loại bỏ bóng mờ và nhòe chuyển động, đảm bảo hình ảnh mượt mà ngay cả trong các tựa game tốc độ cao. Công nghệ ASUS Extreme Low Motion Blur (ELMB) Sync tích hợp cùng Adaptive Sync (FreeSync Premium) mang lại trải nghiệm chơi game không gián đoạn, mượt mà đến khó tin. Màn hình còn được trang bị các tính năng độc quyền của ASUS như GamePlus (hiển thị tâm ngắm, hẹn giờ, bộ đếm FPS, căn chỉnh màn hình) và GameVisual với nhiều chế độ hiển thị tối ưu cho từng thể loại game. Công nghệ Shadow Boost giúp làm sáng các khu vực tối mà không làm phơi sáng quá mức các vùng sáng, cho phép bạn dễ dàng phát hiện kẻ địch ẩn nấp. Ngoài ra, công nghệ Flicker-Free và Low Blue Light bảo vệ mắt bạn khỏi mỏi khi chơi game trong thời gian dài. Thiết kế công thái học cho phép điều chỉnh độ nghiêng, xoay và chiều cao, mang lại sự thoải mái tối đa. Với cổng kết nối đa dạng như DisplayPort và HDMI, VG279QE5A-R dễ dàng kết nối với nhiều thiết bị. Đây không chỉ là một màn hình, mà là một công cụ chiến thắng giúp bạn thống trị mọi trận chiến ảo.',
            36, 'https://product.hstatic.net/200000722513/product/asus_vg279qe5a-r_gearvn_6188c0e4ab7f4752921a84e66398de3a.jpg', '2025-04-14T03:57:44+00:00',1);
        
INSERT INTO product_image (name, product_variant_id, image_url, is_main)
VALUES
    ('Ảnh 1', 715, 'https://product.hstatic.net/200000722513/product/asus_vg279qe5a-r_gearvn_6188c0e4ab7f4752921a84e66398de3a.jpg', TRUE),
    ('Ảnh 2', 715, 'https://product.hstatic.net/200000722513/product/1_fa5fac6044324390b4c52747dd02c4d2.png', FALSE),
    ('Ảnh 3', 715, 'https://product.hstatic.net/200000722513/product/2_0830ead1e3d64d8f968759ad2bba9f60.png', FALSE),
    ('Ảnh 4', 715, 'https://product.hstatic.net/200000722513/product/3_c6ff6808d8464118b3104436b9adc16b.png', FALSE),
    ('Ảnh 5', 715, 'https://product.hstatic.net/200000722513/product/4_0ae1b382ca1a4cc9b40133ed0b3e1aa2.png', FALSE),
    ('Ảnh 6', 715, 'https://product.hstatic.net/200000722513/product/5_c296fbacbb3942e2a5a8e440d999c335.png', FALSE),
    ('Ảnh 7', 715, 'https://product.hstatic.net/200000722513/product/6_cf3bc2838bf24c82899e824d8b82395f.png', FALSE),
    ('Ảnh 8', 715, 'https://product.hstatic.net/200000722513/product/7_eee5751419ad47c1945b4feb25504d1b.png', FALSE);
---
INSERT INTO product (name, seo_name, brand_id, specifications, description, created_by, image_url) 
    VALUES (
        'Màn hình MSI MAG 273QP QD-OLED X24 27" QD-OLED 2K 240Hz', 'man-hinh-msi-mag-273qp-qd-oled-x24-27-qd-oled-2k-240hz', 52,
        '{"Nhà sản xuất": "MSI"}',
        'Màn hình MSI MAG 273QP QD-OLED X24 là một siêu phẩm công nghệ dành cho game thủ và những người làm đồ họa chuyên nghiệp, mang đến trải nghiệm hình ảnh chưa từng có. Với kích thước 27 inch lý tưởng và tấm nền QD-OLED tiên tiến, màn hình này thể hiện màu sắc rực rỡ, độ tương phản vô hạn với màu đen tuyệt đối, loại bỏ hiện tượng hở sáng thường thấy trên các tấm nền LCD truyền thống. Độ phân giải 2K (2560x1440) đảm bảo mọi chi tiết hiển thị sắc nét, sống động, dù là trong các pha hành động kịch tính hay khi chỉnh sửa ảnh, video. Tần số quét siêu tốc 240Hz cùng thời gian phản hồi cực nhanh chỉ 0.03ms (GtG) là những yếu tố then chốt, mang lại sự mượt mà không tưởng, loại bỏ hoàn toàn hiện tượng xé hình hay bóng mờ, giúp người chơi phản ứng tức thì trong mọi tình huống. Công nghệ QD-OLED còn nổi bật với độ phủ màu rộng, thường đạt trên 99% DCI-P3, cùng khả năng hiển thị HDR vượt trội, biến mỗi khung hình trở thành một tác phẩm nghệ thuật. Thiết kế viền mỏng không chỉ tăng tính thẩm mỹ mà còn tối ưu hóa không gian hiển thị. Đây không chỉ là một màn hình, mà là cánh cổng dẫn lối bạn vào thế giới giải trí và sáng tạo đỉnh cao.',
        1, 'https://product.hstatic.net/200000722513/product/msi_mag_273qp_qd-oled_x24_gearvn_e31fa8ea388d4394abe799e55e9e8ad7.jpg'
    );
INSERT INTO product_category (product_id, category_id) VALUES (716, 16);
INSERT INTO product_variant (
        product_id, name, seo_name, supplier_id, price, price_sale, quantity, sku, model, barcode, 
        specifications, description, warranty, image_url, release_at, created_by)
        VALUES ( 716, 'Màn hình MSI MAG 273QP QD-OLED X24 27" QD-OLED 2K 240Hz', 'man-hinh-msi-mag-273qp-qd-oled-x24-27-qd-oled-2k-240hz',
            1, 23990000, 15990000, 10, 'MAN-MSI-MAG-273QP-QD-OLED-X24',
            'MAN-MSI-MAG-273QP-QD-OLED-X24', 'MAN-MSI-MAG-273QP-QD-OLED-X24',
            '{"Kích thước màn hình": "26.5 inch","Độ phân giải": "2560 x 1440 (WQHD)","Công nghệ tấm nền": "QD-OLED","Tần số quét": "240Hz","Thời gian phản hồi": "0.03ms (GtG)","Tỷ lệ tương phản": "1.500.000:1","Độ sáng tối đa": "1000 nits (3% APL)","Độ sáng": "250 cd/m²","Tỷ lệ màn hình": "16:9","Cổng kết nối": "2x HDMI™ 2.1, 1x DisplayPort 1.4a, 1x 3.5mm headphone out","Công nghệ HDR": "DisplayHDR True Black 400","Độ phủ màu": "99% DCI-P3, 98% Adobe RGB, 138% sRGB","Công nghệ đồng bộ": "Adaptive Sync, G-Sync Compatible","Tính năng": "PBP, Flicker-Free, OLED Care 2.0","Kích thước": "610.11 x 358.23 x 54.5 mm","Trọng lượng": "6.7 kg","VESA Mount": "100 x 100 mm","Bảo hành OLED": "3 năm (chống burn-in)"}',
            'Màn hình MSI MAG 273QP QD-OLED X24 là một siêu phẩm công nghệ dành cho game thủ và những người làm đồ họa chuyên nghiệp, mang đến trải nghiệm hình ảnh chưa từng có. Với kích thước 27 inch lý tưởng và tấm nền QD-OLED tiên tiến, màn hình này thể hiện màu sắc rực rỡ, độ tương phản vô hạn với màu đen tuyệt đối, loại bỏ hiện tượng hở sáng thường thấy trên các tấm nền LCD truyền thống. Độ phân giải 2K (2560x1440) đảm bảo mọi chi tiết hiển thị sắc nét, sống động, dù là trong các pha hành động kịch tính hay khi chỉnh sửa ảnh, video. Tần số quét siêu tốc 240Hz cùng thời gian phản hồi cực nhanh chỉ 0.03ms (GtG) là những yếu tố then chốt, mang lại sự mượt mà không tưởng, loại bỏ hoàn toàn hiện tượng xé hình hay bóng mờ, giúp người chơi phản ứng tức thì trong mọi tình huống. Công nghệ QD-OLED còn nổi bật với độ phủ màu rộng, thường đạt trên 99% DCI-P3, cùng khả năng hiển thị HDR vượt trội, biến mỗi khung hình trở thành một tác phẩm nghệ thuật. Thiết kế viền mỏng không chỉ tăng tính thẩm mỹ mà còn tối ưu hóa không gian hiển thị. Đây không chỉ là một màn hình, mà là cánh cổng dẫn lối bạn vào thế giới giải trí và sáng tạo đỉnh cao.',
            36, 'https://product.hstatic.net/200000722513/product/msi_mag_273qp_qd-oled_x24_gearvn_e31fa8ea388d4394abe799e55e9e8ad7.jpg', '2025-04-10T06:25:31+00:00',1);
        
INSERT INTO product_image (name, product_variant_id, image_url, is_main)
VALUES
    ('Ảnh 1', 716, 'https://product.hstatic.net/200000722513/product/msi_mag_273qp_qd-oled_x24_gearvn_e31fa8ea388d4394abe799e55e9e8ad7.jpg', TRUE),
    ('Ảnh 2', 716, 'https://product.hstatic.net/200000722513/product/1024__1__56f10fc92b4f4137a2fd446e833242e3.png', FALSE),
    ('Ảnh 3', 716, 'https://product.hstatic.net/200000722513/product/1024__2__7637c563a876443f8805fdb0739de634.png', FALSE),
    ('Ảnh 4', 716, 'https://product.hstatic.net/200000722513/product/1024__3__278c698cb50b413ead2c6726dce1d6bb.png', FALSE),
    ('Ảnh 5', 716, 'https://product.hstatic.net/200000722513/product/1024__4__f1afc622c7e64e379069b46a4a358d80.png', FALSE),
    ('Ảnh 6', 716, 'https://product.hstatic.net/200000722513/product/1024_1ad1d5fee092432c8a826d8fa316c283.png', FALSE);
---
INSERT INTO product (name, seo_name, brand_id, specifications, description, created_by, image_url) 
    VALUES (
        'Màn hình AOC Q27G11E 27" IPS 2K 180Hz chuyên game', 'man-hinh-aoc-q27g11e-27-ips-2k-180hz-chuyen-game', 54,
        '{"Nhà sản xuất": "AOC"}',
        'Màn hình AOC Q27G11E 27\" IPS 2K 180Hz chuyên game là một cỗ máy hiển thị mạnh mẽ, được thiết kế đặc biệt để đáp ứng nhu cầu khắt khe của các game thủ chuyên nghiệp và đam mê. Với kích thước 27 inch rộng rãi và tấm nền IPS chất lượng cao, màn hình này mang lại hình ảnh sắc nét, màu sắc sống động và độ chính xác vượt trội, cùng với góc nhìn cực rộng, giúp mọi chi tiết trong thế giới game được tái hiện chân thực và rực rỡ nhất. Độ phân giải 2K (QHD 2560x1440) cung cấp mật độ điểm ảnh cao hơn nhiều so với Full HD, cho phép bạn đắm chìm hoàn toàn vào các cảnh quan đồ họa phức tạp với chi tiết đáng kinh ngạc. Điểm nhấn mạnh mẽ nhất của AOC Q27G11E chính là tần số quét 180Hz siêu nhanh, một bước tiến đáng kể so với chuẩn 144Hz, đảm bảo mọi chuyển động trên màn hình đều mượt mà tuyệt đối, không còn hiện tượng xé hình hay giật lag. Kết hợp với thời gian phản hồi cực thấp 1ms MPRT (Moving Picture Response Time), màn hình loại bỏ hoàn toàn hiện tượng bóng ma, mang lại lợi thế cạnh tranh quyết định trong các tựa game yêu cầu tốc độ phản xạ cao như FPS hay MOBA. Công nghệ Adaptive Sync (thường là FreeSync Premium) được tích hợp sẵn giúp đồng bộ hóa tần số quét của màn hình với tốc độ khung hình của card đồ họa, ngăn chặn hiệu quả tình trạng xé hình và giật hình, đảm bảo trải nghiệm chơi game liền mạch và không bị gián đoạn. Thiết kế công thái học tiên tiến với chân đế có khả năng điều chỉnh độ cao, xoay, nghiêng và xoay dọc (pivot) cho phép bạn tùy chỉnh vị trí màn hình một cách linh hoạt, giảm thiểu mỏi mắt và cổ khi chơi game trong thời gian dài. Viền màn hình siêu mỏng (frameless design) không chỉ tăng cường tính thẩm mỹ mà còn tối ưu hóa không gian hiển thị, lý tưởng cho việc thiết lập đa màn hình. AOC Q27G11E không chỉ là một chiếc màn hình, mà là một công cụ mạnh mẽ giúp bạn nâng tầm kỹ năng và thống trị mọi chiến trường ảo.',
        1, 'https://product.hstatic.net/200000722513/product/aoc_q27g11e_gearvn_94906e7b704c43b9bdf3511170a0c375.jpg'
    );
INSERT INTO product_category (product_id, category_id) VALUES (717, 16);
INSERT INTO product_variant (
        product_id, name, seo_name, supplier_id, price, price_sale, quantity, sku, model, barcode, 
        specifications, description, warranty, image_url, release_at, created_by)
        VALUES ( 717, 'Màn hình AOC Q27G11E 27" IPS 2K 180Hz chuyên game', 'man-hinh-aoc-q27g11e-27-ips-2k-180hz-chuyen-game',
            1, 5990000, 4290000, 10, 'MAN-AOC-Q27G11E',
            'MAN-AOC-Q27G11E', 'MAN-AOC-Q27G11E',
            '{"Tên sản phẩm": "AOC Q27G11E","Kích thước màn hình": "27 inch","Tấm nền": "Fast IPS","Độ phân giải": "QHD (2560 x 1440)","Tần số quét": "180Hz","Thời gian phản hồi": "0.5ms (MPRT) / 1ms (GtG)","Tỷ lệ màn hình": "16:09","Tỷ lệ tương phản tĩnh": "N/A","Độ sáng": "N/A","Số màu hiển thị": "16.7 triệu màu","Độ phủ màu": "sRGB 136%, NTSC 108%, DCI-P3 99%","Công nghệ hình ảnh": "HDR10, Adaptive Sync, Low Input Lag, Flicker-Free, Low Blue Mode","Cổng kết nối": "HDMI 2.0 x1, DisplayPort 1.4 x1","Loa": "Không","Tần số quét thực tế": "N/A","Công nghệ tấm nền": "IPS","Nguồn điện": "External 19VDC, 3.0A","Công suất tiêu thụ": "42W (typical)","Treo tường VESA": "100mm × 100mm","Chân đế": "Hỗ trợ tilt (-5° đến 23°)","Tính năng đặc biệt": "Dial Point (tâm ngắm tùy biến cho game FPS)","Tương thích": "Adaptive-Sync"}',
            'Màn hình AOC Q27G11E 27\" IPS 2K 180Hz chuyên game là một cỗ máy hiển thị mạnh mẽ, được thiết kế đặc biệt để đáp ứng nhu cầu khắt khe của các game thủ chuyên nghiệp và đam mê. Với kích thước 27 inch rộng rãi và tấm nền IPS chất lượng cao, màn hình này mang lại hình ảnh sắc nét, màu sắc sống động và độ chính xác vượt trội, cùng với góc nhìn cực rộng, giúp mọi chi tiết trong thế giới game được tái hiện chân thực và rực rỡ nhất. Độ phân giải 2K (QHD 2560x1440) cung cấp mật độ điểm ảnh cao hơn nhiều so với Full HD, cho phép bạn đắm chìm hoàn toàn vào các cảnh quan đồ họa phức tạp với chi tiết đáng kinh ngạc. Điểm nhấn mạnh mẽ nhất của AOC Q27G11E chính là tần số quét 180Hz siêu nhanh, một bước tiến đáng kể so với chuẩn 144Hz, đảm bảo mọi chuyển động trên màn hình đều mượt mà tuyệt đối, không còn hiện tượng xé hình hay giật lag. Kết hợp với thời gian phản hồi cực thấp 1ms MPRT (Moving Picture Response Time), màn hình loại bỏ hoàn toàn hiện tượng bóng ma, mang lại lợi thế cạnh tranh quyết định trong các tựa game yêu cầu tốc độ phản xạ cao như FPS hay MOBA. Công nghệ Adaptive Sync (thường là FreeSync Premium) được tích hợp sẵn giúp đồng bộ hóa tần số quét của màn hình với tốc độ khung hình của card đồ họa, ngăn chặn hiệu quả tình trạng xé hình và giật hình, đảm bảo trải nghiệm chơi game liền mạch và không bị gián đoạn. Thiết kế công thái học tiên tiến với chân đế có khả năng điều chỉnh độ cao, xoay, nghiêng và xoay dọc (pivot) cho phép bạn tùy chỉnh vị trí màn hình một cách linh hoạt, giảm thiểu mỏi mắt và cổ khi chơi game trong thời gian dài. Viền màn hình siêu mỏng (frameless design) không chỉ tăng cường tính thẩm mỹ mà còn tối ưu hóa không gian hiển thị, lý tưởng cho việc thiết lập đa màn hình. AOC Q27G11E không chỉ là một chiếc màn hình, mà là một công cụ mạnh mẽ giúp bạn nâng tầm kỹ năng và thống trị mọi chiến trường ảo.',
            36, 'https://product.hstatic.net/200000722513/product/aoc_q27g11e_gearvn_94906e7b704c43b9bdf3511170a0c375.jpg', '2025-04-08T10:29:01+00:00',1);
        
INSERT INTO product_image (name, product_variant_id, image_url, is_main)
VALUES
    ('Ảnh 1', 717, 'https://product.hstatic.net/200000722513/product/aoc_q27g11e_gearvn_94906e7b704c43b9bdf3511170a0c375.jpg', TRUE),
    ('Ảnh 2', 717, 'https://product.hstatic.net/200000722513/product/q27g11e_b_1d544235a1984721876078ca63542f76.png', FALSE),
    ('Ảnh 3', 717, 'https://product.hstatic.net/200000722513/product/q27g11e_bkr_89544dd55961457cbe2e7b370b9d1415.png', FALSE),
    ('Ảnh 4', 717, 'https://product.hstatic.net/200000722513/product/q27g11e_f_aed8857ee655455882a9026355d2f6b2.png', FALSE),
    ('Ảnh 5', 717, 'https://product.hstatic.net/200000722513/product/q27g11e_ftl_feef28b16bb9473eaee1af3da0adc57b.png', FALSE),
    ('Ảnh 6', 717, 'https://product.hstatic.net/200000722513/product/q27g11e_ftr_d639ef48d51f4a1b83e2a00a58f95101.png', FALSE),
    ('Ảnh 7', 717, 'https://product.hstatic.net/200000722513/product/q27g11e_io_fdb9720bd8554ea8a1b76ce802300936.png', FALSE),
    ('Ảnh 8', 717, 'https://product.hstatic.net/200000722513/product/q27g11e_s_8317b9c5ec9a447a98226f5e6a915109.png', FALSE),
    ('Ảnh 9', 717, 'https://product.hstatic.net/200000722513/product/q27g11e_t_632defadad034cb8b3bcea898e180053.png', FALSE);
---
INSERT INTO product (name, seo_name, brand_id, specifications, description, created_by, image_url) 
    VALUES (
        'Màn hình ViewSonic VX2757A-HD-PRO 27" IPS 180Hz chuyên game', 'man-hinh-viewsonic-vx2757a-hd-pro-27-ips-180hz-chuyen-game', 55,
        '{"Nhà sản xuất": "ViewSonic"}',
        'Màn hình ViewSonic VX2757A-HD-PRO 27 inch IPS 180Hz chuyên game là lựa chọn lý tưởng cho các game thủ muốn nâng tầm trải nghiệm chơi game của mình. Với kích thước 27 inch rộng rãi và tấm nền IPS cao cấp, màn hình này mang lại hình ảnh sắc nét, màu sắc sống động và góc nhìn siêu rộng, đảm bảo mọi chi tiết trong game đều được hiển thị rõ ràng và chân thực. Tần số quét 180Hz cực nhanh cùng với thời gian phản hồi siêu tốc (thường là 1ms MPRT hoặc thấp hơn đối với màn hình chuyên game) giúp loại bỏ hiện tượng xé hình và giật lag, mang đến sự mượt mà tuyệt đối trong mọi pha hành động kịch tính, từ các tựa game bắn súng tốc độ cao đến các trò chơi chiến thuật phức tạp. Công nghệ đồng bộ hóa hình ảnh (như AMD FreeSync hoặc tương đương) được tích hợp giúp loại bỏ triệt để hiện tượng rách hình, đảm bảo trải nghiệm chơi game liền mạch và không gián đoạn. Thiết kế viền mỏng không chỉ tăng tính thẩm mỹ mà còn tối ưu hóa không gian hiển thị, rất phù hợp cho thiết lập đa màn hình. Màn hình ViewSonic VX2757A-HD-PRO không chỉ là một công cụ, mà còn là cánh cửa mở ra thế giới game đầy sống động và hấp dẫn.',
        1, 'https://product.hstatic.net/200000722513/product/view_vx2757a-hd-pro_gearvn_bfba98a54c7b4319af2eb23cf4fbf7d4.jpg'
    );
INSERT INTO product_category (product_id, category_id) VALUES (718, 16);
INSERT INTO product_variant (
        product_id, name, seo_name, supplier_id, price, price_sale, quantity, sku, model, barcode, 
        specifications, description, warranty, image_url, release_at, created_by)
        VALUES ( 718, 'Màn hình ViewSonic VX2757A-HD-PRO 27" IPS 180Hz chuyên game', 'man-hinh-viewsonic-vx2757a-hd-pro-27-ips-180hz-chuyen-game',
            1, 4290000, 3490000, 10, 'MAN-VIE-VX2757A-HD-PRO',
            'MAN-VIE-VX2757A-HD-PRO', 'MAN-VIE-VX2757A-HD-PRO',
            '{"Kích thước màn hình": "27 inch","Loại tấm nền": "IPS","Độ phân giải": "FHD (1920 x 1080)","Tần số quét": "180Hz","Thời gian phản hồi": "1ms (MPRT)","Độ sáng": "250 cd/m² (typ)","Tỷ lệ tương phản tĩnh": "1.000:1 (typ)","Tỷ lệ tương phản động": "50M:1","HDR": "HDR10","Kết nối": "2 x HDMI 2.0, 1 x DisplayPort, 1 x 3.5mm Audio Out","Hỗ trợ đồng bộ hình ảnh": "AMD FreeSync, G-Sync compatible","Màu sắc": "NTSC: 75% size (Typ), sRGB: 105% size / 99% coverage (Typ)","Công nghệ bảo vệ mắt": "Flicker-Free, Low Blue Light"}',
            'Màn hình ViewSonic VX2757A-HD-PRO 27 inch IPS 180Hz chuyên game là lựa chọn lý tưởng cho các game thủ muốn nâng tầm trải nghiệm chơi game của mình. Với kích thước 27 inch rộng rãi và tấm nền IPS cao cấp, màn hình này mang lại hình ảnh sắc nét, màu sắc sống động và góc nhìn siêu rộng, đảm bảo mọi chi tiết trong game đều được hiển thị rõ ràng và chân thực. Tần số quét 180Hz cực nhanh cùng với thời gian phản hồi siêu tốc (thường là 1ms MPRT hoặc thấp hơn đối với màn hình chuyên game) giúp loại bỏ hiện tượng xé hình và giật lag, mang đến sự mượt mà tuyệt đối trong mọi pha hành động kịch tính, từ các tựa game bắn súng tốc độ cao đến các trò chơi chiến thuật phức tạp. Công nghệ đồng bộ hóa hình ảnh (như AMD FreeSync hoặc tương đương) được tích hợp giúp loại bỏ triệt để hiện tượng rách hình, đảm bảo trải nghiệm chơi game liền mạch và không gián đoạn. Thiết kế viền mỏng không chỉ tăng tính thẩm mỹ mà còn tối ưu hóa không gian hiển thị, rất phù hợp cho thiết lập đa màn hình. Màn hình ViewSonic VX2757A-HD-PRO không chỉ là một công cụ, mà còn là cánh cửa mở ra thế giới game đầy sống động và hấp dẫn.',
            36, 'https://product.hstatic.net/200000722513/product/view_vx2757a-hd-pro_gearvn_bfba98a54c7b4319af2eb23cf4fbf7d4.jpg', '2025-04-03T10:54:43+00:00',1);
        
INSERT INTO product_image (name, product_variant_id, image_url, is_main)
VALUES
    ('Ảnh 1', 718, 'https://product.hstatic.net/200000722513/product/view_vx2757a-hd-pro_gearvn_bfba98a54c7b4319af2eb23cf4fbf7d4.jpg', TRUE),
    ('Ảnh 2', 718, 'https://product.hstatic.net/200000722513/product/gpg-24-mon-vx2757a-hd-pro-product_photo_b01_pc_d97f97067f404de399824ece1c2b48de.jpg', FALSE),
    ('Ảnh 3', 718, 'https://product.hstatic.net/200000722513/product/gpg-24-mon-vx2757a-hd-pro-product_photo_c01_pc_845f439415b148b2a583e222bfb14d52.jpg', FALSE),
    ('Ảnh 4', 718, 'https://product.hstatic.net/200000722513/product/gpg-24-mon-vx2757a-hd-pro-product_photo_f01_pc_15622b98f7a74791beb10056aad6fcf8.jpg', FALSE),
    ('Ảnh 5', 718, 'https://product.hstatic.net/200000722513/product/gpg-24-mon-vx2757a-hd-pro-product_photo_f02_pc_ed9190266ff84076bc8e637782fff3c1.jpg', FALSE),
    ('Ảnh 6', 718, 'https://product.hstatic.net/200000722513/product/gpg-24-mon-vx2757a-hd-pro-product_photo_lb01_pc_91e8a42b4d284bc1aca9eba516cacad2.jpg', FALSE),
    ('Ảnh 7', 718, 'https://product.hstatic.net/200000722513/product/gpg-24-mon-vx2757a-hd-pro-product_photo_lf01_pc_1e3e56410b634b789dfe20c92ad87331.jpg', FALSE),
    ('Ảnh 8', 718, 'https://product.hstatic.net/200000722513/product/gpg-24-mon-vx2757a-hd-pro-product_photo_rb01_pc_e51ccf04fe424a768fedbaa4ef1dec46.jpg', FALSE),
    ('Ảnh 9', 718, 'https://product.hstatic.net/200000722513/product/gpg-24-mon-vx2757a-hd-pro-product_photo_rb02_pc_bf6c5faf09fd4a498404b1ead8b7987e.jpg', FALSE),
    ('Ảnh 10', 718, 'https://product.hstatic.net/200000722513/product/gpg-24-mon-vx2757a-hd-pro-product_photo_rf02_pc_41f0bd2ed8ea4207807cd106f824f5c2.jpg', FALSE);
---
INSERT INTO product (name, seo_name, brand_id, specifications, description, created_by, image_url) 
    VALUES (
        'Màn hình ViewSonic XG2709A 27" IPS 240Hz chuyên game', 'man-hinh-viewsonic-xg2709a-27-ips-240hz-chuyen-game', 55,
        '{"Nhà sản xuất": "ViewSonic"}',
        'Màn hình ViewSonic XG2709A 27\" IPS 240Hz chuyên game là lựa chọn hoàn hảo cho những game thủ tìm kiếm trải nghiệm đỉnh cao và lợi thế cạnh tranh vượt trội. Với tấm nền IPS 27 inch sắc nét, màn hình này mang lại màu sắc sống động, độ tương phản tuyệt vời và góc nhìn rộng, đảm bảo hình ảnh luôn chân thực và rực rỡ từ mọi góc độ. Tần số quét siêu tốc 240Hz cùng thời gian phản hồi cực nhanh 1ms (MPRT) loại bỏ hoàn toàn hiện tượng xé hình, giật lag hay bóng mờ, giúp mọi chuyển động trong game diễn ra mượt mà đến không ngờ. Độ phân giải QHD (2560x1440) tái hiện chi tiết từng khung hình, từ đó người chơi có thể phát hiện kẻ địch nhanh hơn và phản ứng tức thì. Công nghệ Adaptive Sync (FreeSync Premium) đồng bộ hóa tần số quét với GPU, loại bỏ hiện tượng xé hình khó chịu. Thiết kế công thái học cho phép điều chỉnh độ cao, xoay, nghiêng linh hoạt, tối ưu hóa tư thế ngồi chơi game. Viền màn hình siêu mỏng không chỉ tăng tính thẩm mỹ mà còn tạo không gian hiển thị rộng lớn, lý tưởng cho việc thiết lập đa màn hình. ViewSonic XG2709A thực sự là một vũ khí mạnh mẽ, giúp bạn thống trị mọi chiến trường ảo.',
        1, 'https://product.hstatic.net/200000722513/product/view_xg2709a_gearvn_b7d49c8c636841afaa774e6b9a4bfc8f.jpg'
    );
INSERT INTO product_category (product_id, category_id) VALUES (719, 16);
INSERT INTO product_variant (
        product_id, name, seo_name, supplier_id, price, price_sale, quantity, sku, model, barcode, 
        specifications, description, warranty, image_url, release_at, created_by)
        VALUES ( 719, 'Màn hình ViewSonic XG2709A 27" IPS 240Hz chuyên game', 'man-hinh-viewsonic-xg2709a-27-ips-240hz-chuyen-game',
            1, 5790000, 4690000, 10, 'MAN-VIE-XG2709A',
            'MAN-VIE-XG2709A', 'MAN-VIE-XG2709A',
            '{"Kích thước màn hình": "27 inch","Loại tấm nền": "IPS","Độ phân giải": "Full HD (1920 x 1080)","Tần số quét": "240 Hz","Thời gian phản hồi": "1ms (MPRT)","Tỷ lệ tương phản tĩnh": "1,000:1","Tỷ lệ tương phản động": "50M:1","Độ sáng": "250 cd/m²","Hỗ trợ HDR": "HDR10","Công nghệ đồng bộ": "FreeSync Premium","Tỷ lệ màu": "NTSC: 72%, sRGB: 104%","Cổng kết nối": "2 x HDMI 1.4, 1 x DisplayPort 1.4, 1 x 3.5mm Audio Out","Góc nhìn": "178° (Ngang) / 178° (Dọc)","Trọng lượng (chưa chân đế)": "3.7 kg","Trọng lượng (cả chân đế)": "5.6 kg","Bảo hành": "36 tháng"}',
            'Màn hình ViewSonic XG2709A 27\" IPS 240Hz chuyên game là lựa chọn hoàn hảo cho những game thủ tìm kiếm trải nghiệm đỉnh cao và lợi thế cạnh tranh vượt trội. Với tấm nền IPS 27 inch sắc nét, màn hình này mang lại màu sắc sống động, độ tương phản tuyệt vời và góc nhìn rộng, đảm bảo hình ảnh luôn chân thực và rực rỡ từ mọi góc độ. Tần số quét siêu tốc 240Hz cùng thời gian phản hồi cực nhanh 1ms (MPRT) loại bỏ hoàn toàn hiện tượng xé hình, giật lag hay bóng mờ, giúp mọi chuyển động trong game diễn ra mượt mà đến không ngờ. Độ phân giải QHD (2560x1440) tái hiện chi tiết từng khung hình, từ đó người chơi có thể phát hiện kẻ địch nhanh hơn và phản ứng tức thì. Công nghệ Adaptive Sync (FreeSync Premium) đồng bộ hóa tần số quét với GPU, loại bỏ hiện tượng xé hình khó chịu. Thiết kế công thái học cho phép điều chỉnh độ cao, xoay, nghiêng linh hoạt, tối ưu hóa tư thế ngồi chơi game. Viền màn hình siêu mỏng không chỉ tăng tính thẩm mỹ mà còn tạo không gian hiển thị rộng lớn, lý tưởng cho việc thiết lập đa màn hình. ViewSonic XG2709A thực sự là một vũ khí mạnh mẽ, giúp bạn thống trị mọi chiến trường ảo.',
            36, 'https://product.hstatic.net/200000722513/product/view_xg2709a_gearvn_b7d49c8c636841afaa774e6b9a4bfc8f.jpg', '2025-04-03T09:53:31+00:00',1);
        
INSERT INTO product_image (name, product_variant_id, image_url, is_main)
VALUES
    ('Ảnh 1', 719, 'https://product.hstatic.net/200000722513/product/view_xg2709a_gearvn_b7d49c8c636841afaa774e6b9a4bfc8f.jpg', TRUE),
    ('Ảnh 2', 719, 'https://product.hstatic.net/200000722513/product/gpg-24-mon-vx2779aj-hd-pro-product_photo_c01_f9f74f02f68243cebc3a446f3bb3793c.png', FALSE),
    ('Ảnh 3', 719, 'https://product.hstatic.net/200000722513/product/gpg-24-mon-vx2779aj-hd-pro-product_photo_f01_bd821528d50c477b8c72c13540de5f0b.png', FALSE),
    ('Ảnh 4', 719, 'https://product.hstatic.net/200000722513/product/gpg-24-mon-vx2779aj-hd-pro-product_photo_f04_a956652c2cdb4407ac735899fde73380.png', FALSE),
    ('Ảnh 5', 719, 'https://product.hstatic.net/200000722513/product/gpg-24-mon-vx2779aj-hd-pro-product_photo_f06_2318baa7e66a4a338d5c33705f89c359.png', FALSE),
    ('Ảnh 6', 719, 'https://product.hstatic.net/200000722513/product/gpg-24-mon-vx2779aj-hd-pro-product_photo_f09_7308cb19ed84487e9a71ea88870e5f24.png', FALSE),
    ('Ảnh 7', 719, 'https://product.hstatic.net/200000722513/product/gpg-24-mon-vx2779aj-hd-pro-product_photo_l02_2b1dbe5bac934a6697cc8051d5b2ddf2.png', FALSE),
    ('Ảnh 8', 719, 'https://product.hstatic.net/200000722513/product/gpg-24-mon-vx2779aj-hd-pro-product_photo_l05_3c680484bd39482482344704c19d0553.png', FALSE),
    ('Ảnh 9', 719, 'https://product.hstatic.net/200000722513/product/gpg-24-mon-vx2779aj-hd-pro-product_photo_lb02_a643f91f6f8547f681e68e9b65d17bcf.png', FALSE),
    ('Ảnh 10', 719, 'https://product.hstatic.net/200000722513/product/gpg-24-mon-vx2779aj-hd-pro-product_photo_lf02_05935b92a0954c28b430c4e10e36ffbb.png', FALSE);
---
INSERT INTO product (name, seo_name, brand_id, specifications, description, created_by, image_url) 
    VALUES (
        'Màn hình ViewSonic VX2780-2K-SHDJ-2 27" IPS 2K 100Hz', 'man-hinh-viewsonic-vx2780-2k-shdj-2-27-ips-2k-100hz', 55,
        '{"Nhà sản xuất": "ViewSonic"}',
        'Màn hình ViewSonic VX2780-2K-SHDJ-2 là sự lựa chọn lý tưởng cho cả công việc và giải trí, mang đến trải nghiệm hình ảnh vượt trội với kích thước 27 inch rộng rãi và độ phân giải 2K QHD (2560x1440). Tấm nền IPS cao cấp đảm bảo màu sắc chân thực, sống động và góc nhìn cực rộng lên đến 178 độ, giúp bạn tận hưởng chất lượng hình ảnh đồng nhất từ mọi vị trí. Với tần số quét 100Hz, màn hình này cung cấp hình ảnh mượt mà hơn đáng kể so với các màn hình 60Hz thông thường, giảm thiểu hiện tượng xé hình và giật lag, rất phù hợp cho các tác vụ đòi hỏi độ chính xác cao như chỉnh sửa ảnh, thiết kế đồ họa hay thậm chí là chơi game nhẹ. Ngoài ra, ViewSonic VX2780-2K-SHDJ-2 còn được trang bị nhiều công nghệ bảo vệ mắt tiên tiến như Flicker-Free và Blue Light Filter, giúp giảm thiểu mỏi mắt khi sử dụng trong thời gian dài, bảo vệ sức khỏe thị giác của người dùng. Thiết kế viền mỏng ba cạnh mang lại không gian hiển thị rộng lớn, tối ưu cho việc thiết lập đa màn hình. Cổng kết nối đa dạng bao gồm HDMI và DisplayPort, đảm bảo khả năng tương thích cao với nhiều thiết bị. Chân đế có thể điều chỉnh độ nghiêng, giúp người dùng dễ dàng tìm được góc nhìn thoải mái nhất, nâng cao năng suất làm việc và trải nghiệm giải trí.',
        1, 'https://product.hstatic.net/200000722513/product/view_vx2780-2k-shdj-2_gearvn_83d6b7c5d3104589aac3919a29212b5c.jpg'
    );
INSERT INTO product_category (product_id, category_id) VALUES (720, 16);
INSERT INTO product_variant (
        product_id, name, seo_name, supplier_id, price, price_sale, quantity, sku, model, barcode, 
        specifications, description, warranty, image_url, release_at, created_by)
        VALUES ( 720, 'Màn hình ViewSonic VX2780-2K-SHDJ-2 27" IPS 2K 100Hz', 'man-hinh-viewsonic-vx2780-2k-shdj-2-27-ips-2k-100hz',
            1, 6790000, 4690000, 10, 'MAN-VIE-VX2780-2K-SHDJ-2',
            'MAN-VIE-VX2780-2K-SHDJ-2', 'MAN-VIE-VX2780-2K-SHDJ-2',
            '{"Tên sản phẩm": "ViewSonic VX2780-2K-SHDJ-2","Kích thước màn hình": "27 inch","Tấm nền": "IPS","Độ phân giải": "2K (2560 x 1440)","Tần số quét": "100Hz"}',
            'Màn hình ViewSonic VX2780-2K-SHDJ-2 là sự lựa chọn lý tưởng cho cả công việc và giải trí, mang đến trải nghiệm hình ảnh vượt trội với kích thước 27 inch rộng rãi và độ phân giải 2K QHD (2560x1440). Tấm nền IPS cao cấp đảm bảo màu sắc chân thực, sống động và góc nhìn cực rộng lên đến 178 độ, giúp bạn tận hưởng chất lượng hình ảnh đồng nhất từ mọi vị trí. Với tần số quét 100Hz, màn hình này cung cấp hình ảnh mượt mà hơn đáng kể so với các màn hình 60Hz thông thường, giảm thiểu hiện tượng xé hình và giật lag, rất phù hợp cho các tác vụ đòi hỏi độ chính xác cao như chỉnh sửa ảnh, thiết kế đồ họa hay thậm chí là chơi game nhẹ. Ngoài ra, ViewSonic VX2780-2K-SHDJ-2 còn được trang bị nhiều công nghệ bảo vệ mắt tiên tiến như Flicker-Free và Blue Light Filter, giúp giảm thiểu mỏi mắt khi sử dụng trong thời gian dài, bảo vệ sức khỏe thị giác của người dùng. Thiết kế viền mỏng ba cạnh mang lại không gian hiển thị rộng lớn, tối ưu cho việc thiết lập đa màn hình. Cổng kết nối đa dạng bao gồm HDMI và DisplayPort, đảm bảo khả năng tương thích cao với nhiều thiết bị. Chân đế có thể điều chỉnh độ nghiêng, giúp người dùng dễ dàng tìm được góc nhìn thoải mái nhất, nâng cao năng suất làm việc và trải nghiệm giải trí.',
            36, 'https://product.hstatic.net/200000722513/product/view_vx2780-2k-shdj-2_gearvn_83d6b7c5d3104589aac3919a29212b5c.jpg', '2025-04-03T09:22:01+00:00',1);
        
INSERT INTO product_image (name, product_variant_id, image_url, is_main)
VALUES
    ('Ảnh 1', 720, 'https://product.hstatic.net/200000722513/product/view_vx2780-2k-shdj-2_gearvn_83d6b7c5d3104589aac3919a29212b5c.jpg', TRUE),
    ('Ảnh 2', 720, 'https://product.hstatic.net/200000722513/product/gpg-24-mon-vx2780-2k-shdj-2-product_photo_lf02_pc_acbd535e9fa7406883db7e9371c74961.jpg', FALSE),
    ('Ảnh 3', 720, 'https://product.hstatic.net/200000722513/product/gpg-24-mon-vx2780-2k-shdj-2-product_photo_b01_pc_e677e8ff9a124087b524e587150c0ddc.jpg', FALSE),
    ('Ảnh 4', 720, 'https://product.hstatic.net/200000722513/product/gpg-24-mon-vx2780-2k-shdj-2-product_photo_c01_pc_6cf91a685844443bacbd96beb62233a7.jpg', FALSE),
    ('Ảnh 5', 720, 'https://product.hstatic.net/200000722513/product/gpg-24-mon-vx2780-2k-shdj-2-product_photo_f01_pc_c881f74bb36d455786995720ca3b4c3b.jpg', FALSE),
    ('Ảnh 6', 720, 'https://product.hstatic.net/200000722513/product/gpg-24-mon-vx2780-2k-shdj-2-product_photo_l01_pc_b66a55541ea44f6489d8e26b563a74d7.jpg', FALSE),
    ('Ảnh 7', 720, 'https://product.hstatic.net/200000722513/product/gpg-24-mon-vx2780-2k-shdj-2-product_photo_l02_pc_432d3885ecff4680a20eb7c635a418d4.jpg', FALSE),
    ('Ảnh 8', 720, 'https://product.hstatic.net/200000722513/product/gpg-24-mon-vx2780-2k-shdj-2-product_photo_lf03_pc_1d3594d53d904c67a8d857d89bfe7c6b.jpg', FALSE),
    ('Ảnh 9', 720, 'https://product.hstatic.net/200000722513/product/gpg-24-mon-vx2780-2k-shdj-2-product_photo_rf01_pc_34eee86b16ef4687a38b2a0d09edc1a1.jpg', FALSE);
---
INSERT INTO product (name, seo_name, brand_id, specifications, description, created_by, image_url) 
    VALUES (
        'Màn hình Asus ROG Swift PG27UCDM 27" QD-OLED 4K 240Hz Gsync chuyên game', 'man-hinh-asus-rog-swift-pg27ucdm-27-qd-oled-4k-240hz-gsync-chuyen-game', 3,
        '{"Nhà sản xuất": "ASUS"}',
        'Màn hình Asus ROG Swift PG27UCDM là biểu tượng của công nghệ hiển thị đỉnh cao dành cho giới game thủ chuyên nghiệp và những người đam mê trải nghiệm hình ảnh tuyệt mỹ. Với kích thước 27 inch lý tưởng, màn hình này kết hợp hoàn hảo giữa không gian hiển thị rộng rãi và độ sắc nét vượt trội.\n\nĐiểm nhấn mạnh mẽ nhất chính là công nghệ QD-OLED tiên tiến, mang lại màu sắc rực rỡ, độ tương phản vô hạn và màu đen tuyệt đối mà các công nghệ khác khó lòng sánh kịp, giúp mọi chi tiết trong game trở nên sống động như thật. Độ phân giải 4K UHD (3840x2160) đảm bảo từng pixel được tái tạo với độ chi tiết kinh ngạc, từ những cảnh quan hùng vĩ đến các hiệu ứng đặc biệt phức tạp.\n\nTần số quét 240Hz siêu tốc loại bỏ hoàn toàn hiện tượng xé hình và giật lag, đảm bảo mọi chuyển động trên màn hình diễn ra mượt mà không tì vết, tối ưu hóa lợi thế cạnh tranh trong các tựa game tốc độ cao. Công nghệ NVIDIA G-Sync tích hợp sâu sắc giúp đồng bộ hóa tần số quét của màn hình với card đồ họa, mang lại trải nghiệm chơi game liền mạch, không gián đoạn.\n\nThiết kế đặc trưng của dòng ROG Swift không chỉ bền bỉ mà còn mang tính thẩm mỹ cao, với chân đế công thái học cho phép điều chỉnh đa dạng, đảm bảo sự thoải mái tối đa trong mọi phiên chơi game. Asus ROG Swift PG27UCDM không chỉ là một chiếc màn hình, mà là một cánh cửa mở ra thế giới game chân thực và đỉnh cao nhất.',
        1, 'https://product.hstatic.net/200000722513/product/asus_pg27ucdm_gearvn_55106f235c574cb3924def5fd8566ea8.jpg'
    );
INSERT INTO product_category (product_id, category_id) VALUES (721, 16);
INSERT INTO product_variant (
        product_id, name, seo_name, supplier_id, price, price_sale, quantity, sku, model, barcode, 
        specifications, description, warranty, image_url, release_at, created_by)
        VALUES ( 721, 'Màn hình Asus ROG Swift PG27UCDM 27" QD-OLED 4K 240Hz Gsync chuyên game', 'man-hinh-asus-rog-swift-pg27ucdm-27-qd-oled-4k-240hz-gsync-chuyen-game',
            1, 39990000, 31990000, 10, 'MAN-ASU-PG27UCDM',
            'MAN-ASU-PG27UCDM', 'MAN-ASU-PG27UCDM',
            '{"Kích thước màn hình": "27 inch","Độ phân giải": "4K UHD (3840 x 2160)","Công nghệ màn hình": "QD-OLED","Tần số quét": "240Hz","Thời gian phản hồi": "0.03ms (GtG)","Độ sáng (Typ.)": "450 cd/m²","Độ sáng (HDR Peak)": "1.000 cd/m²","Độ sáng (100% APL)": "250 cd/m²","Không gian màu": "99% DCI-P3, 145% sRGB","HDR": "VESA DisplayHDR™ 400 True Black","Công nghệ đồng bộ": "G-SYNC Compatible, AMD FreeSync Premium Pro","Cổng kết nối": "DisplayPort 2.1a, HDMI 2.1 x2, USB-C (90W PD)","Công nghệ bảo vệ màn hình": "OLED Anti-Flicker 2.0, ASUS OLED Care Pro","Tương thích VESA": "100x100mm","Bảo hành": "36 tháng"}',
            'Màn hình Asus ROG Swift PG27UCDM là biểu tượng của công nghệ hiển thị đỉnh cao dành cho giới game thủ chuyên nghiệp và những người đam mê trải nghiệm hình ảnh tuyệt mỹ. Với kích thước 27 inch lý tưởng, màn hình này kết hợp hoàn hảo giữa không gian hiển thị rộng rãi và độ sắc nét vượt trội.\n\nĐiểm nhấn mạnh mẽ nhất chính là công nghệ QD-OLED tiên tiến, mang lại màu sắc rực rỡ, độ tương phản vô hạn và màu đen tuyệt đối mà các công nghệ khác khó lòng sánh kịp, giúp mọi chi tiết trong game trở nên sống động như thật. Độ phân giải 4K UHD (3840x2160) đảm bảo từng pixel được tái tạo với độ chi tiết kinh ngạc, từ những cảnh quan hùng vĩ đến các hiệu ứng đặc biệt phức tạp.\n\nTần số quét 240Hz siêu tốc loại bỏ hoàn toàn hiện tượng xé hình và giật lag, đảm bảo mọi chuyển động trên màn hình diễn ra mượt mà không tì vết, tối ưu hóa lợi thế cạnh tranh trong các tựa game tốc độ cao. Công nghệ NVIDIA G-Sync tích hợp sâu sắc giúp đồng bộ hóa tần số quét của màn hình với card đồ họa, mang lại trải nghiệm chơi game liền mạch, không gián đoạn.\n\nThiết kế đặc trưng của dòng ROG Swift không chỉ bền bỉ mà còn mang tính thẩm mỹ cao, với chân đế công thái học cho phép điều chỉnh đa dạng, đảm bảo sự thoải mái tối đa trong mọi phiên chơi game. Asus ROG Swift PG27UCDM không chỉ là một chiếc màn hình, mà là một cánh cửa mở ra thế giới game chân thực và đỉnh cao nhất.',
            36, 'https://product.hstatic.net/200000722513/product/asus_pg27ucdm_gearvn_55106f235c574cb3924def5fd8566ea8.jpg', '2025-04-02T09:07:27+00:00',1);
        
INSERT INTO product_image (name, product_variant_id, image_url, is_main)
VALUES
    ('Ảnh 1', 721, 'https://product.hstatic.net/200000722513/product/asus_pg27ucdm_gearvn_55106f235c574cb3924def5fd8566ea8.jpg', TRUE),
    ('Ảnh 2', 721, 'https://product.hstatic.net/200000722513/product/asus_pg27ucdm_gearvn_aa923d61b23e4e949852e84191292b67.jpg', FALSE),
    ('Ảnh 3', 721, 'https://product.hstatic.net/200000722513/product/rog-swift-oled-pg27ucdm-01_a00d039a04e7453095c54b7f0b306025.jpg', FALSE),
    ('Ảnh 4', 721, 'https://product.hstatic.net/200000722513/product/rog-swift-oled-pg27ucdm-02_372f80bb908d456e91b0642d1d3a779e.jpg', FALSE),
    ('Ảnh 5', 721, 'https://product.hstatic.net/200000722513/product/rog-swift-oled-pg27ucdm-03_28721bb5ed2640788a4e58733782e454.jpg', FALSE),
    ('Ảnh 6', 721, 'https://product.hstatic.net/200000722513/product/rog-swift-oled-pg27ucdm-04_662d92d4911643c98ca5edca5a888c98.jpg', FALSE),
    ('Ảnh 7', 721, 'https://product.hstatic.net/200000722513/product/rog-swift-oled-pg27ucdm-05_f5d1fb7df4c84e649ae87b0ed6ffc4c3.jpg', FALSE),
    ('Ảnh 8', 721, 'https://product.hstatic.net/200000722513/product/rog-swift-oled-pg27ucdm-06_60b4a8304e0b4b28bf2d1c1f327a42b1.jpg', FALSE),
    ('Ảnh 9', 721, 'https://product.hstatic.net/200000722513/product/rog-swift-oled-pg27ucdm-t-01_26d842743c4e4aad87f60825461e47d4.jpg', FALSE);
---
INSERT INTO product (name, seo_name, brand_id, specifications, description, created_by, image_url) 
    VALUES (
        'Màn hình Samsung LS27F320GAEXXV 27" IPS 120Hz', 'man-hinh-samsung-ls27f320gaexxv-27-ips-120hz', 16,
        '{"Tên sản phẩm":"Samsung LS27F320GAEXXV 27\" IPS 120Hz","Kích thước màn hình":"27 inch","Kiểu màn hình":"Phẳng","Tấm nền":"IPS","Tỷ lệ":"16:9","Độ phân giải":"1920 x 1080 (Full HD)","Tần số quét":"120Hz","Thời gian phản hồi":"5ms","Số lượng màu":"16.7 triệu màu","Độ phủ màu":"NTSC 72% (CIE 1931)","Độ sáng":"250 cd/m²","Độ tương phản":"1000:1 (Typical)","Góc nhìn":"178°/178°","Công nghệ":"Eye Saver Mode, Auto Source Switch, Energy Saving Solution, Off Timer Plus","Điều chỉnh":"Nghiêng -2°~21°","Treo tường":"100 x 100 mm","Cổng kết nối":"2x HDMI 1.4","Tính năng":"Chống nháy","Điện năng tiêu thụ":"Tối đa 25W","Kích thước":"612.7 x 470.0 x 200.4 mm (có chân đế), 612.7 x 360.9 x 36.2 mm (không chân đế)","Trọng lượng":"3.0 kg (có chân đế), 2.5 kg (không chân đế)"}',
        'Màn hình Samsung LS27F320GAEXXV 27\" IPS 120Hz là lựa chọn hoàn hảo cho những ai tìm kiếm trải nghiệm hình ảnh đỉnh cao, dù là để làm việc, giải trí hay chơi game. Với kích thước 27 inch rộng rãi, màn hình này mang đến không gian hiển thị lớn, giúp bạn đắm chìm hoàn toàn vào nội dung yêu thích. Tấm nền IPS cao cấp đảm bảo màu sắc sống động, chân thực đến từng chi tiết nhỏ nhất, cùng với góc nhìn cực rộng lên đến 178 độ, cho phép bạn thưởng thức hình ảnh rõ nét từ mọi vị trí mà không bị biến đổi màu sắc hay chất lượng hình ảnh. Điểm nổi bật không thể bỏ qua là tần số quét 120Hz, cung cấp độ mượt mà vượt trội so với màn hình 60Hz thông thường. Điều này đặc biệt quan trọng đối với các game thủ, khi từng chuyển động trong game hay các cảnh hành động nhanh sẽ được tái hiện trôi chảy, không giật lag, mang lại lợi thế cạnh tranh và trải nghiệm chơi game cực kỳ đã mắt. Khả năng phản hồi nhanh giúp giảm thiểu hiện tượng xé hình và bóng mờ, tối ưu hóa mọi khoảnh khắc. Ngoài ra, thiết kế tối giản, viền mỏng của Samsung LS27F320GAEXXV còn góp phần tạo nên vẻ đẹp hiện đại, tinh tế cho không gian làm việc hay giải trí của bạn, dễ dàng hòa nhập vào mọi môi trường. Công nghệ bảo vệ mắt của Samsung như Flicker-Free và Eye Saver Mode cũng được tích hợp, giúp giảm mỏi mắt khi sử dụng trong thời gian dài, đảm bảo sự thoải mái tối đa cho người dùng. Đây thực sự là một khoản đầu tư đáng giá cho một trải nghiệm hình ảnh tuyệt vời, đáp ứng mọi nhu cầu từ công việc sáng tạo, xem phim giải trí cho đến những trận game đỉnh cao.',
        1, 'https://product.hstatic.net/200000722513/product/samsung_ls24f320gaexxv_gearvn_1a854145c3534968b37de2895dee2413.jpg'
    );
INSERT INTO product_category (product_id, category_id) VALUES (722, 16);
INSERT INTO product_variant (
        product_id, name, seo_name, supplier_id, price, price_sale, quantity, sku, model, barcode, 
        specifications, description, warranty, image_url, release_at, created_by)
        VALUES ( 722, 'Màn Hình Samsung LS27F320GAEXXV 27" IPS 120Hz', 'man-hinh-samsung-ls27f320gaexxv-27-ips-120hz',
            1, 3990000, 2990000, 10, 'MAN-SAM-LS27F320GAEXXV',
            'MAN-SAM-LS27F320GAEXXV', 'MAN-SAM-LS27F320GAEXXV',
            '{"Tên sản phẩm":"Samsung LS27F320GAEXXV 27\" IPS 120Hz","Kích thước màn hình":"27 inch","Kiểu màn hình":"Phẳng","Tấm nền":"IPS","Tỷ lệ":"16:9","Độ phân giải":"1920 x 1080 (Full HD)","Tần số quét":"120Hz","Thời gian phản hồi":"5ms","Số lượng màu":"16.7 triệu màu","Độ phủ màu":"NTSC 72% (CIE 1931)","Độ sáng":"250 cd/m²","Độ tương phản":"1000:1 (Typical)","Góc nhìn":"178°/178°","Công nghệ":"Eye Saver Mode, Auto Source Switch, Energy Saving Solution, Off Timer Plus","Điều chỉnh":"Nghiêng -2°~21°","Treo tường":"100 x 100 mm","Cổng kết nối":"2x HDMI 1.4","Tính năng":"Chống nháy","Điện năng tiêu thụ":"Tối đa 25W","Kích thước":"612.7 x 470.0 x 200.4 mm (có chân đế), 612.7 x 360.9 x 36.2 mm (không chân đế)","Trọng lượng":"3.0 kg (có chân đế), 2.5 kg (không chân đế)"}',
            'Màn hình Samsung LS27F320GAEXXV 27\" IPS 120Hz là lựa chọn hoàn hảo cho những ai tìm kiếm trải nghiệm hình ảnh đỉnh cao, dù là để làm việc, giải trí hay chơi game. Với kích thước 27 inch rộng rãi, màn hình này mang đến không gian hiển thị lớn, giúp bạn đắm chìm hoàn toàn vào nội dung yêu thích. Tấm nền IPS cao cấp đảm bảo màu sắc sống động, chân thực đến từng chi tiết nhỏ nhất, cùng với góc nhìn cực rộng lên đến 178 độ, cho phép bạn thưởng thức hình ảnh rõ nét từ mọi vị trí mà không bị biến đổi màu sắc hay chất lượng hình ảnh. Điểm nổi bật không thể bỏ qua là tần số quét 120Hz, cung cấp độ mượt mà vượt trội so với màn hình 60Hz thông thường. Điều này đặc biệt quan trọng đối với các game thủ, khi từng chuyển động trong game hay các cảnh hành động nhanh sẽ được tái hiện trôi chảy, không giật lag, mang lại lợi thế cạnh tranh và trải nghiệm chơi game cực kỳ đã mắt. Khả năng phản hồi nhanh giúp giảm thiểu hiện tượng xé hình và bóng mờ, tối ưu hóa mọi khoảnh khắc. Ngoài ra, thiết kế tối giản, viền mỏng của Samsung LS27F320GAEXXV còn góp phần tạo nên vẻ đẹp hiện đại, tinh tế cho không gian làm việc hay giải trí của bạn, dễ dàng hòa nhập vào mọi môi trường. Công nghệ bảo vệ mắt của Samsung như Flicker-Free và Eye Saver Mode cũng được tích hợp, giúp giảm mỏi mắt khi sử dụng trong thời gian dài, đảm bảo sự thoải mái tối đa cho người dùng. Đây thực sự là một khoản đầu tư đáng giá cho một trải nghiệm hình ảnh tuyệt vời, đáp ứng mọi nhu cầu từ công việc sáng tạo, xem phim giải trí cho đến những trận game đỉnh cao.',
            24, 'https://product.hstatic.net/200000722513/product/samsung_ls24f320gaexxv_gearvn_1a854145c3534968b37de2895dee2413.jpg', '2025-03-27T10:21:49+00:00',1);
        
INSERT INTO product_image (name, product_variant_id, image_url, is_main)
VALUES
    ('Ảnh 1', 722, 'https://product.hstatic.net/200000722513/product/samsung_ls24f320gaexxv_gearvn_1a854145c3534968b37de2895dee2413.jpg', TRUE),
    ('Ảnh 2', 722, 'https://product.hstatic.net/200000722513/product/2_f3f9e862d4844e2da8609c089a432ed0.png', FALSE),
    ('Ảnh 3', 722, 'https://product.hstatic.net/200000722513/product/3_63dcb2cdb58940d8ac8d62a2ec4456d0.png', FALSE),
    ('Ảnh 4', 722, 'https://product.hstatic.net/200000722513/product/4_25d16554f16e4bb19c490d50e386b0d5.png', FALSE),
    ('Ảnh 5', 722, 'https://product.hstatic.net/200000722513/product/5_a0e9eb0e6197411bb974e64febe6354e.png', FALSE),
    ('Ảnh 6', 722, 'https://product.hstatic.net/200000722513/product/6_2464035c0278441e8c5ba600596ef0ec.png', FALSE),
    ('Ảnh 7', 722, 'https://product.hstatic.net/200000722513/product/7_d93e52d39b1347e1801dbbcd7ca0b857.png', FALSE),
    ('Ảnh 8', 722, 'https://product.hstatic.net/200000722513/product/8_fb9d92e5779d4c429bd9335e64d55b02.png', FALSE);
---
INSERT INTO product (name, seo_name, brand_id, specifications, description, created_by, image_url) 
    VALUES (
        'Màn hình GIGABYTE M27QA 27" IPS 2K 180Hz chuyên game', 'man-hinh-gigabyte-m27qa-27-ips-2k-180hz-chuyen-game', 49,
        '{"Nhà sản xuất": "GIGABYTE"}',
        'Màn hình GIGABYTE M27QA 27\" IPS 2K 180Hz chuyên game là lựa chọn hoàn hảo cho mọi game thủ và những người làm công việc đòi hỏi độ chính xác màu sắc cao. Với kích thước 27 inch cùng độ phân giải QHD (2560x1440), màn hình mang đến hình ảnh cực kỳ sắc nét, chi tiết sống động, giúp bạn đắm chìm hoàn toàn vào thế giới ảo hoặc các tác phẩm đồ họa. Tấm nền IPS cao cấp không chỉ đảm bảo màu sắc rực rỡ, chân thực với độ phủ màu rộng, mà còn mang lại góc nhìn siêu rộng 178 độ, giữ nguyên chất lượng hình ảnh dù nhìn từ bất kỳ vị trí nào.\n\nĐiểm nhấn mạnh mẽ nhất của M27QA chính là tần số quét 180Hz siêu nhanh và thời gian phản hồi 1ms MPRT, loại bỏ hoàn toàn hiện tượng xé hình, giật lag hay bóng mờ, mang lại chuyển động mượt mà, phản ứng tức thì trong mọi trận chiến căng thẳng. Công nghệ AMD FreeSync Premium (hoặc tương thích G-Sync) đồng bộ hóa tần số quét của màn hình với card đồ họa, đảm bảo trải nghiệm chơi game không gián đoạn, không lỗi hình. Màn hình còn hỗ trợ công nghệ HDR, tăng cường độ tương phản và chi tiết ở cả vùng sáng và tối, giúp hình ảnh có chiều sâu và sống động hơn.\n\nThiết kế công thái học cho phép điều chỉnh linh hoạt độ cao, xoay ngang, nghiêng và xoay dọc (pivot), giúp người dùng dễ dàng tìm được tư thế thoải mái nhất, giảm mỏi mắt và cổ khi sử dụng trong thời gian dài. Ngoài ra, tính năng KVM tích hợp độc đáo của Gigabyte cho phép bạn điều khiển nhiều thiết bị (PC, laptop) chỉ với một bộ bàn phím, chuột và màn hình duy nhất, tối ưu hóa không gian làm việc.\n\nVới GIGABYTE M27QA, mọi pha hành động đều trở nên sống động, mượt mà và chính xác hơn bao giờ hết, đưa bạn đến với đỉnh cao của trải nghiệm gaming và hiệu suất công việc.',
        1, 'https://product.hstatic.net/200000722513/product/giga_m27qa_gearvn_94bf2b8fca1f40e7a14fcdc93e7eb2df.jpg'
    );
INSERT INTO product_category (product_id, category_id) VALUES (723, 16);
INSERT INTO product_variant (
        product_id, name, seo_name, supplier_id, price, price_sale, quantity, sku, model, barcode, 
        specifications, description, warranty, image_url, release_at, created_by)
        VALUES ( 723, 'Màn hình GIGABYTE M27QA 27" IPS 2K 180Hz chuyên game', 'man-hinh-gigabyte-m27qa-27-ips-2k-180hz-chuyen-game',
            1, 6990000, 5890000, 10, 'MAN-GIG-M27QA',
            'MAN-GIG-M27QA', 'MAN-GIG-M27QA',
            '{"Kích thước màn hình": "27 inch","Tấm nền": "IPS","Độ phân giải": "2K QHD (2560 x 1440)","Tần số quét": "180Hz","Thời gian phản hồi": "1ms (MPRT)","Độ sáng": "350 cd/m² (typical)","Tỷ lệ tương phản": "1000:1","Màu sắc hiển thị": "1.07 tỷ màu","HDR": "VESA DisplayHDR 400","Cổng kết nối": "2 x HDMI 2.0, 1 x Displayport 1.4, 1 x USB Type-C (hỗ trợ chế độ Alt DP và sạc PD 10W), 2 x USB 3.2 downstream, 1 x USB 3.2 upstream, 1 x Jack tai nghe 3.5mm","VESA": "100 x 100 mm","Tính năng gaming": "Aim Stabilizer Sync, Black Equalizer, OSD Sidekick, Crosshair, Dashboard, Timer, Counter, Eagle Eye, PiP/PbP, Smart OD, KVM Switch, 6-axis Color Control, Auto Update","Chân đế": "Hỗ trợ nghiêng (-5°/+20°) và nâng hạ (130mm)","Kích thước có chân": "615.11 x 535.66 x 193.63 mm","Trọng lượng có chân": "5.15 kg"}',
            'Màn hình GIGABYTE M27QA 27\" IPS 2K 180Hz chuyên game là lựa chọn hoàn hảo cho mọi game thủ và những người làm công việc đòi hỏi độ chính xác màu sắc cao. Với kích thước 27 inch cùng độ phân giải QHD (2560x1440), màn hình mang đến hình ảnh cực kỳ sắc nét, chi tiết sống động, giúp bạn đắm chìm hoàn toàn vào thế giới ảo hoặc các tác phẩm đồ họa. Tấm nền IPS cao cấp không chỉ đảm bảo màu sắc rực rỡ, chân thực với độ phủ màu rộng, mà còn mang lại góc nhìn siêu rộng 178 độ, giữ nguyên chất lượng hình ảnh dù nhìn từ bất kỳ vị trí nào.\n\nĐiểm nhấn mạnh mẽ nhất của M27QA chính là tần số quét 180Hz siêu nhanh và thời gian phản hồi 1ms MPRT, loại bỏ hoàn toàn hiện tượng xé hình, giật lag hay bóng mờ, mang lại chuyển động mượt mà, phản ứng tức thì trong mọi trận chiến căng thẳng. Công nghệ AMD FreeSync Premium (hoặc tương thích G-Sync) đồng bộ hóa tần số quét của màn hình với card đồ họa, đảm bảo trải nghiệm chơi game không gián đoạn, không lỗi hình. Màn hình còn hỗ trợ công nghệ HDR, tăng cường độ tương phản và chi tiết ở cả vùng sáng và tối, giúp hình ảnh có chiều sâu và sống động hơn.\n\nThiết kế công thái học cho phép điều chỉnh linh hoạt độ cao, xoay ngang, nghiêng và xoay dọc (pivot), giúp người dùng dễ dàng tìm được tư thế thoải mái nhất, giảm mỏi mắt và cổ khi sử dụng trong thời gian dài. Ngoài ra, tính năng KVM tích hợp độc đáo của Gigabyte cho phép bạn điều khiển nhiều thiết bị (PC, laptop) chỉ với một bộ bàn phím, chuột và màn hình duy nhất, tối ưu hóa không gian làm việc.\n\nVới GIGABYTE M27QA, mọi pha hành động đều trở nên sống động, mượt mà và chính xác hơn bao giờ hết, đưa bạn đến với đỉnh cao của trải nghiệm gaming và hiệu suất công việc.',
            36, 'https://product.hstatic.net/200000722513/product/giga_m27qa_gearvn_94bf2b8fca1f40e7a14fcdc93e7eb2df.jpg', '2025-03-20T10:29:19+00:00',1);
        
INSERT INTO product_image (name, product_variant_id, image_url, is_main)
VALUES
    ('Ảnh 1', 723, 'https://product.hstatic.net/200000722513/product/giga_m27qa_gearvn_94bf2b8fca1f40e7a14fcdc93e7eb2df.jpg', TRUE),
    ('Ảnh 2', 723, 'https://product.hstatic.net/200000722513/product/m27qa_gaming_monitor-01_efa70a29d12143c68bd9aad2e6fe1f09.png', FALSE),
    ('Ảnh 3', 723, 'https://product.hstatic.net/200000722513/product/m27qa_gaming_monitor-02_05db761a1cab4073aec019aa37a62122.png', FALSE),
    ('Ảnh 4', 723, 'https://product.hstatic.net/200000722513/product/m27qa_gaming_monitor-03_2282d430227c4585b7febe308277a6ee.png', FALSE),
    ('Ảnh 5', 723, 'https://product.hstatic.net/200000722513/product/m27qa_gaming_monitor-04_64a54837add143e1879df61aafd9d963.png', FALSE),
    ('Ảnh 6', 723, 'https://product.hstatic.net/200000722513/product/m27qa_gaming_monitor-05_0988b1f7f8474ff596f65bea7b7169b2.png', FALSE),
    ('Ảnh 7', 723, 'https://product.hstatic.net/200000722513/product/m27qa_gaming_monitor-06_7b5cd1e113994d0ab3926621dd538c66.png', FALSE),
    ('Ảnh 8', 723, 'https://product.hstatic.net/200000722513/product/m27qa_gaming_monitor-07_03c80dfc2bf541d08c6b9a80de1101a1.png', FALSE);
---
INSERT INTO product (name, seo_name, brand_id, specifications, description, created_by, image_url) 
    VALUES (
        'Màn hình ViewSonic XG272-2K-OLED 27" QD-OLED 2K 240Hz Gsync chuyên game', 'man-hinh-viewsonic-xg272-2k-oled-27-qd-oled-2k-240hz-gsync-chuyen-game', 55,
        '{"Nhà sản xuất": "ViewSonic"}',
        'Màn hình ViewSonic XG272-2K-OLED 27\" là một tuyệt phẩm công nghệ, dành riêng cho giới game thủ chuyên nghiệp, mang đến trải nghiệm hình ảnh đỉnh cao không giới hạn. Với tấm nền QD-OLED kích thước 27 inch và độ phân giải 2K (2560x1440), mọi chi tiết được hiển thị sắc nét đến kinh ngạc. Khả năng tái tạo màu sắc sống động và độ tương phản vô hạn nhờ công nghệ QD-OLED tiên tiến, cho màu đen sâu tuyệt đối và màu trắng rực rỡ. Tần số quét 240Hz siêu tốc cùng thời gian phản hồi cực nhanh 0.03ms (GtG) đảm bảo mọi chuyển động trong game diễn ra mượt mà không tì vết, loại bỏ hoàn toàn hiện tượng xé hình và giật lag, mang lại lợi thế quyết định trong các trận đấu nảy lửa. Công nghệ G-Sync tích hợp đồng bộ hóa tần số quét với card đồ họa, đảm bảo khung hình luôn liền mạch và ổn định. Thiết kế công thái học cho phép điều chỉnh đa dạng, cùng với các tính năng chuyên game như HDR, dải màu rộng và độ trễ đầu vào cực thấp, biến XG272-2K-OLED thành lựa chọn không thể thiếu cho những ai tìm kiếm sự hoàn hảo trong từng khung hình.',
        1, 'https://product.hstatic.net/200000722513/product/view_xg272-2k-oled_gearvn_07232f2b1b2a41108b652ed59f00bf68.jpg'
    );
INSERT INTO product_category (product_id, category_id) VALUES (724, 16);
INSERT INTO product_variant (
        product_id, name, seo_name, supplier_id, price, price_sale, quantity, sku, model, barcode, 
        specifications, description, warranty, image_url, release_at, created_by)
        VALUES ( 724, 'Màn hình ViewSonic XG272-2K-OLED 27" QD-OLED 2K 240Hz Gsync chuyên game', 'man-hinh-viewsonic-xg272-2k-oled-27-qd-oled-2k-240hz-gsync-chuyen-game',
            1, 27990000, 17990000, 10, 'MAN-VIE-XG272-2K-OLED',
            'MAN-VIE-XG272-2K-OLED', 'MAN-VIE-XG272-2K-OLED',
            '{"Tên sản phẩm": "Màn hình ViewSonic XG272-2K-OLED","Kích thước màn hình": "27 inch","Công nghệ màn hình": "QD-OLED","Độ phân giải": "2K (2560 x 1440)","Tần số quét": "240Hz","Tính năng": "G-Sync","Mục đích sử dụng": "Chuyên game"}',
            'Màn hình ViewSonic XG272-2K-OLED 27\" là một tuyệt phẩm công nghệ, dành riêng cho giới game thủ chuyên nghiệp, mang đến trải nghiệm hình ảnh đỉnh cao không giới hạn. Với tấm nền QD-OLED kích thước 27 inch và độ phân giải 2K (2560x1440), mọi chi tiết được hiển thị sắc nét đến kinh ngạc. Khả năng tái tạo màu sắc sống động và độ tương phản vô hạn nhờ công nghệ QD-OLED tiên tiến, cho màu đen sâu tuyệt đối và màu trắng rực rỡ. Tần số quét 240Hz siêu tốc cùng thời gian phản hồi cực nhanh 0.03ms (GtG) đảm bảo mọi chuyển động trong game diễn ra mượt mà không tì vết, loại bỏ hoàn toàn hiện tượng xé hình và giật lag, mang lại lợi thế quyết định trong các trận đấu nảy lửa. Công nghệ G-Sync tích hợp đồng bộ hóa tần số quét với card đồ họa, đảm bảo khung hình luôn liền mạch và ổn định. Thiết kế công thái học cho phép điều chỉnh đa dạng, cùng với các tính năng chuyên game như HDR, dải màu rộng và độ trễ đầu vào cực thấp, biến XG272-2K-OLED thành lựa chọn không thể thiếu cho những ai tìm kiếm sự hoàn hảo trong từng khung hình.',
            36, 'https://product.hstatic.net/200000722513/product/view_xg272-2k-oled_gearvn_07232f2b1b2a41108b652ed59f00bf68.jpg', '2025-03-19T09:44:50+00:00',1);
        
INSERT INTO product_image (name, product_variant_id, image_url, is_main)
VALUES
    ('Ảnh 1', 724, 'https://product.hstatic.net/200000722513/product/view_xg272-2k-oled_gearvn_07232f2b1b2a41108b652ed59f00bf68.jpg', TRUE),
    ('Ảnh 2', 724, 'https://product.hstatic.net/200000722513/product/2_2f20077efdb048b4a5fd554b679d9841.png', FALSE),
    ('Ảnh 3', 724, 'https://product.hstatic.net/200000722513/product/3_7353943ea8a44dd484bbd5782b527dde.png', FALSE),
    ('Ảnh 4', 724, 'https://product.hstatic.net/200000722513/product/5_6e7e0ac8b96044d4abadb309b3448edd.png', FALSE),
    ('Ảnh 5', 724, 'https://product.hstatic.net/200000722513/product/6_1ae4b34c08cf47f89d150d3d53398532.png', FALSE),
    ('Ảnh 6', 724, 'https://product.hstatic.net/200000722513/product/7_358488742ed84cbdaad38231b400771d.png', FALSE),
    ('Ảnh 7', 724, 'https://product.hstatic.net/200000722513/product/8_a9fb702f353e41618e78383d5e6aa09d.png', FALSE),
    ('Ảnh 8', 724, 'https://product.hstatic.net/200000722513/product/10_db3d796b7b8446c5a09f1c532b9011d6.png', FALSE),
    ('Ảnh 9', 724, 'https://product.hstatic.net/200000722513/product/11_255df355bff14f078b0b70534c9a0449.png', FALSE),
    ('Ảnh 10', 724, 'https://product.hstatic.net/200000722513/product/12_a5277e0fd41d4f8492463357f6a3d9ae.png', FALSE);
---
INSERT INTO product (name, seo_name, brand_id, specifications, description, created_by, image_url) 
    VALUES (
        'Màn hình ViewSonic XG2737 27" IPS 520Hz Gsync chuyên game', 'man-hinh-viewsonic-xg2737-27-ips-520hz-gsync-chuyen-game', 55,
        '{"Nhà sản xuất": "ViewSonic"}',
        'Màn hình ViewSonic XG2737 27\" IPS 520Hz G-Sync chuyên game là một tuyệt tác công nghệ, được thiết kế dành riêng cho giới game thủ chuyên nghiệp và những người đam mê eSports. Với kích thước 27 inch lý tưởng, màn hình này mang đến không gian hiển thị rộng lớn, cho phép người dùng đắm chìm hoàn toàn vào thế giới ảo. Tấm nền IPS cao cấp đảm bảo màu sắc sống động, độ tương phản tuyệt vời và góc nhìn siêu rộng, giúp mọi khung hình đều trở nên chân thực và sắc nét đến từng chi tiết. Điểm nhấn đột phá nhất chính là tần số quét cực khủng lên đến 520Hz, loại bỏ hoàn toàn hiện tượng mờ nhòe chuyển động, mang lại trải nghiệm cực kỳ mượt mà và phản ứng tức thì trong mọi tình huống giao tranh tốc độ cao. Công nghệ NVIDIA G-Sync tích hợp đảm bảo đồng bộ hóa hoàn hảo giữa card đồ họa và màn hình, loại bỏ hiện tượng xé hình (tearing) và giật lag (stuttering), giúp người chơi có được lợi thế quyết định trong mọi cuộc đối đầu. Được thiết kế tối ưu cho game, XG2737 còn sở hữu thời gian phản hồi siêu nhanh, các tính năng tùy chỉnh game chuyên sâu và chân đế công thái học cho phép điều chỉnh linh hoạt, đảm bảo sự thoải mái tối đa trong những phiên chơi game dài. Đây không chỉ là một chiếc màn hình, mà còn là vũ khí tối thượng giúp người dùng chinh phục mọi thử thách, vươn tới đỉnh cao chiến thắng.',
        1, 'https://product.hstatic.net/200000722513/product/view_xg2737_gearvn_9ef4ad348d4941359c453ca6f6ad4e7b.jpg'
    );
INSERT INTO product_category (product_id, category_id) VALUES (725, 16);
INSERT INTO product_variant (
        product_id, name, seo_name, supplier_id, price, price_sale, quantity, sku, model, barcode, 
        specifications, description, warranty, image_url, release_at, created_by)
        VALUES ( 725, 'Màn hình ViewSonic XG2737 27" IPS 520Hz Gsync chuyên game', 'man-hinh-viewsonic-xg2737-27-ips-520hz-gsync-chuyen-game',
            1, 14990000, 13690000, 10, 'MAN-VIE-XG2737',
            'MAN-VIE-XG2737', 'MAN-VIE-XG2737',
            '{"Kích thước màn hình": "27 inch","Loại tấm nền": "IPS Technology","Độ phân giải": "1920 x 1080","Loại độ phân giải": "FHD (Full HD)","Tần số quét": "520Hz","Tốc độ phản hồi": "1ms (MPRT/GTG)","Công nghệ đồng bộ hóa": "AMD FreeSync Premium, G-Sync","HDR": "HDR10","Độ sáng tối đa": "400 cd/m²","Tỷ lệ tương phản tĩnh": "1000:1","Tỷ lệ tương phản động": "80M:1","Độ phủ màu": "99% sRGB, 89% NTSC","Góc nhìn": "178° (ngang/dọc)","Cổng kết nối": "HDMI kép, DisplayPort, USB","Tính năng bổ sung": "Tấm nền IPS, AMD FreeSync Premium, G-Sync, HDR10, Lọc ánh sáng xanh, Không nhấp nháy"}',
            'Màn hình ViewSonic XG2737 27\" IPS 520Hz G-Sync chuyên game là một tuyệt tác công nghệ, được thiết kế dành riêng cho giới game thủ chuyên nghiệp và những người đam mê eSports. Với kích thước 27 inch lý tưởng, màn hình này mang đến không gian hiển thị rộng lớn, cho phép người dùng đắm chìm hoàn toàn vào thế giới ảo. Tấm nền IPS cao cấp đảm bảo màu sắc sống động, độ tương phản tuyệt vời và góc nhìn siêu rộng, giúp mọi khung hình đều trở nên chân thực và sắc nét đến từng chi tiết. Điểm nhấn đột phá nhất chính là tần số quét cực khủng lên đến 520Hz, loại bỏ hoàn toàn hiện tượng mờ nhòe chuyển động, mang lại trải nghiệm cực kỳ mượt mà và phản ứng tức thì trong mọi tình huống giao tranh tốc độ cao. Công nghệ NVIDIA G-Sync tích hợp đảm bảo đồng bộ hóa hoàn hảo giữa card đồ họa và màn hình, loại bỏ hiện tượng xé hình (tearing) và giật lag (stuttering), giúp người chơi có được lợi thế quyết định trong mọi cuộc đối đầu. Được thiết kế tối ưu cho game, XG2737 còn sở hữu thời gian phản hồi siêu nhanh, các tính năng tùy chỉnh game chuyên sâu và chân đế công thái học cho phép điều chỉnh linh hoạt, đảm bảo sự thoải mái tối đa trong những phiên chơi game dài. Đây không chỉ là một chiếc màn hình, mà còn là vũ khí tối thượng giúp người dùng chinh phục mọi thử thách, vươn tới đỉnh cao chiến thắng.',
            36, 'https://product.hstatic.net/200000722513/product/view_xg2737_gearvn_9ef4ad348d4941359c453ca6f6ad4e7b.jpg', '2025-03-19T09:27:56+00:00',1);
        
INSERT INTO product_image (name, product_variant_id, image_url, is_main)
VALUES
    ('Ảnh 1', 725, 'https://product.hstatic.net/200000722513/product/view_xg2737_gearvn_9ef4ad348d4941359c453ca6f6ad4e7b.jpg', TRUE),
    ('Ảnh 2', 725, 'https://product.hstatic.net/200000722513/product/gpg-24-mon-xg2737-product_photo_c01_ba855e98d45b413f94fa8c4746c9346b.png', FALSE),
    ('Ảnh 3', 725, 'https://product.hstatic.net/200000722513/product/gpg-24-mon-xg2737-product_photo_l02_3287652103cd46788d29f5502e238e5c.png', FALSE),
    ('Ảnh 4', 725, 'https://product.hstatic.net/200000722513/product/gpg-24-mon-xg2737-product_photo_l04_1469fda4d89f4e30bc4fdaf984535429.png', FALSE),
    ('Ảnh 5', 725, 'https://product.hstatic.net/200000722513/product/2_28335b2045b74bfbb975609bfb490ebd.png', FALSE),
    ('Ảnh 6', 725, 'https://product.hstatic.net/200000722513/product/3_8d41a00d554f40a68ea1128c698eb4fb.png', FALSE),
    ('Ảnh 7', 725, 'https://product.hstatic.net/200000722513/product/4_0b4e5532689c4ded9b71d52fb79a28d0.png', FALSE),
    ('Ảnh 8', 725, 'https://product.hstatic.net/200000722513/product/5_1f7691db32c248c08eba522a05a70c0a.png', FALSE),
    ('Ảnh 9', 725, 'https://product.hstatic.net/200000722513/product/6_1ce0965c5a0e42c6bfd7fa26b63f0110.png', FALSE),
    ('Ảnh 10', 725, 'https://product.hstatic.net/200000722513/product/7_e0f62035447a4b2fb4e87ea882160b2b.png', FALSE),
    ('Ảnh 11', 725, 'https://product.hstatic.net/200000722513/product/gpg-24-mon-xg2737-product_photo_e94c036ccd53489599d20308b1bf9da6.png', FALSE);
---
INSERT INTO product (name, seo_name, brand_id, specifications, description, created_by, image_url) 
    VALUES (
        'Màn hình ViewSonic XG275D1-4K 27" IPS 4K 160Hz-FHD 320Hz USBC chuyên game', 'man-hinh-viewsonic-xg275d1-4k-27-ips-4k-160hz-fhd-320hz-usbc-chuyen-game', 55,
        '{"Nhà sản xuất": "ViewSonic"}',
        'Màn hình ViewSonic XG275D1-4K 27\" là lựa chọn hoàn hảo cho game thủ đòi hỏi hiệu năng và chất lượng hình ảnh đỉnh cao. Với tấm nền IPS 27 inch sắc nét, màn hình mang đến độ phân giải 4K UHD (3840x2160) cùng tần số quét 160Hz siêu mượt, đảm bảo mọi chi tiết trong game hiển thị rõ ràng và sống động. Đặc biệt, màn hình này còn có khả năng chuyển đổi sang chế độ Full HD với tần số quét lên đến 320Hz, tối ưu hóa lợi thế cạnh tranh trong các tựa game esports tốc độ cao, nơi từng khung hình đều quý giá. Công nghệ IPS giúp góc nhìn rộng và màu sắc chân thực, tái hiện không gian game một cách sống động nhất. Cổng kết nối USB-C đa năng không chỉ truyền tải tín hiệu hình ảnh mà còn có thể sạc thiết bị và truyền dữ liệu, mang lại sự tiện lợi tối đa cho hệ thống gaming của bạn. Thiết kế công thái học cho phép điều chỉnh linh hoạt độ cao, góc nghiêng và xoay, giảm mỏi mắt khi chơi game trong thời gian dài. Đây là màn hình chuyên game, đáp ứng mọi yêu cầu khắt khe nhất của game thủ chuyên nghiệp.',
        1, 'https://product.hstatic.net/200000722513/product/man-vie-xg275d1-4k_gearvn_5e34aa970783424ab70166ff52809159.jpg'
    );
INSERT INTO product_category (product_id, category_id) VALUES (726, 16);
INSERT INTO product_variant (
        product_id, name, seo_name, supplier_id, price, price_sale, quantity, sku, model, barcode, 
        specifications, description, warranty, image_url, release_at, created_by)
        VALUES ( 726, 'Màn hình ViewSonic XG275D1-4K 27" IPS 4K 160Hz-FHD 320Hz USBC chuyên game', 'man-hinh-viewsonic-xg275d1-4k-27-ips-4k-160hz-fhd-320hz-usbc-chuyen-game',
            1, 12990000, 11490000, 10, 'MAN-VIE-XG275D1-4K',
            'MAN-VIE-XG275D1-4K', 'MAN-VIE-XG275D1-4K',
            '{"Kích thước màn hình": "27 inch","Loại tấm nền": "IPS","Độ phân giải": "4K UHD (3840 x 2160)","Tần số quét": "160Hz (4K UHD) / 320Hz (FHD)","Thời gian phản hồi": "0.5ms (MPRT)","Độ sáng": "300 cd/m² (typ)","Tỷ lệ tương phản tĩnh": "1,000:1 (typ)","Tỷ lệ tương phản động": "80M:1","High Dynamic Range": "HDR10","Màu sắc hiển thị": "1.07B (10 bit)","Không gian màu": "DCI-P3: 94% (typ), NTSC: 91% (typ), sRGB: 128% (typ) / 99% coverage (typ)","Góc nhìn": "178º (ngang), 178º (dọc)","Công nghệ đồng bộ hóa tốc độ khung hình": "AMD FreeSync Premium, NVIDIA G-Sync Compatible","Cổng kết nối": "2 x HDMI 2.1, 1 x DisplayPort 1.4, 1 x USB-C (DP Alt mode, 65W Power Delivery)","Loa": "Có (2 x 2W)","Nguồn cấp": "External Power Adaptor","Công suất tiêu thụ (điển hình)": "46W","Khả năng tương thích VESA": "75 x 75 mm","Tính năng đặc biệt": "Dual-Mode Gaming, Esports Setting (24.5 inch), Low Blue Light, Flicker-Free, RGB lighting"}',
            'Màn hình ViewSonic XG275D1-4K 27\" là lựa chọn hoàn hảo cho game thủ đòi hỏi hiệu năng và chất lượng hình ảnh đỉnh cao. Với tấm nền IPS 27 inch sắc nét, màn hình mang đến độ phân giải 4K UHD (3840x2160) cùng tần số quét 160Hz siêu mượt, đảm bảo mọi chi tiết trong game hiển thị rõ ràng và sống động. Đặc biệt, màn hình này còn có khả năng chuyển đổi sang chế độ Full HD với tần số quét lên đến 320Hz, tối ưu hóa lợi thế cạnh tranh trong các tựa game esports tốc độ cao, nơi từng khung hình đều quý giá. Công nghệ IPS giúp góc nhìn rộng và màu sắc chân thực, tái hiện không gian game một cách sống động nhất. Cổng kết nối USB-C đa năng không chỉ truyền tải tín hiệu hình ảnh mà còn có thể sạc thiết bị và truyền dữ liệu, mang lại sự tiện lợi tối đa cho hệ thống gaming của bạn. Thiết kế công thái học cho phép điều chỉnh linh hoạt độ cao, góc nghiêng và xoay, giảm mỏi mắt khi chơi game trong thời gian dài. Đây là màn hình chuyên game, đáp ứng mọi yêu cầu khắt khe nhất của game thủ chuyên nghiệp.',
            36, 'https://product.hstatic.net/200000722513/product/man-vie-xg275d1-4k_gearvn_5e34aa970783424ab70166ff52809159.jpg', '2025-03-19T09:22:44+00:00',1);
        
INSERT INTO product_image (name, product_variant_id, image_url, is_main)
VALUES
    ('Ảnh 1', 726, 'https://product.hstatic.net/200000722513/product/man-vie-xg275d1-4k_gearvn_5e34aa970783424ab70166ff52809159.jpg', TRUE),
    ('Ảnh 2', 726, 'https://product.hstatic.net/200000722513/product/gpg-24-mon-xg275d1-4k-product_photo_c01_551581d8b68649e381e5406b91d08f5d.png', FALSE),
    ('Ảnh 3', 726, 'https://product.hstatic.net/200000722513/product/gpg-24-mon-xg275d1-4k-product_photo_f01_9dd37ea5c3a742b48db27d3a0bb8df36.png', FALSE),
    ('Ảnh 4', 726, 'https://product.hstatic.net/200000722513/product/gpg-24-mon-xg275d1-4k-product_photo_l03_3c8ebc32c920416998c2e2fb22eba566.png', FALSE),
    ('Ảnh 5', 726, 'https://product.hstatic.net/200000722513/product/gpg-24-mon-xg275d1-4k-product_photo_l04_3cd61644550a468a8815556b5e201259.png', FALSE),
    ('Ảnh 6', 726, 'https://product.hstatic.net/200000722513/product/gpg-24-mon-xg275d1-4k-product_photo_l05_b390345655234276b2d8d7626d4488b2.png', FALSE),
    ('Ảnh 7', 726, 'https://product.hstatic.net/200000722513/product/gpg-24-mon-xg275d1-4k-product_photo_s01_15ddeab76caa477abf5a3ee9f9173ea4.png', FALSE),
    ('Ảnh 8', 726, 'https://product.hstatic.net/200000722513/product/gpg-24-mon-xg275d1-4k-product_photo_s02_227feeff500845519bc5e7d0d3a97485.png', FALSE);
---
INSERT INTO product (name, seo_name, brand_id, specifications, description, created_by, image_url) 
    VALUES (
        'Màn hình LG 27GS65F-B 27" IPS 180Hz HDR10 Gsync chuyên game', 'man-hinh-lg-27gs65f-b-27-ips-180hz-hdr10-gsync-chuyen-game', 12,
        '{"Nhà sản xuất": "LG"}',
        'Màn hình LG 27GS65F-B là sự lựa chọn hoàn hảo dành cho các game thủ chuyên nghiệp và những người đam mê trải nghiệm hình ảnh đỉnh cao. Với kích thước 27 inch rộng rãi, tấm nền IPS cao cấp mang lại góc nhìn siêu rộng 178 độ cùng khả năng tái tạo màu sắc sống động, chân thực đến từng chi tiết. Độ phân giải Full HD sắc nét đảm bảo hình ảnh rõ ràng mà vẫn tối ưu hiệu năng cho hệ thống gaming của bạn.\n\nĐiểm nhấn ấn tượng nhất của chiếc màn hình này chính là tần số quét cực nhanh 180Hz, loại bỏ hoàn toàn hiện tượng xé hình và giật lag, mang đến sự mượt mà tuyệt đối trong mọi khung hình, từ những pha hành động tốc độ cao cho đến các cảnh quay phức tạp. Không chỉ dừng lại ở đó, thời gian phản hồi siêu tốc 1ms (GtG) là yếu tố then chốt giúp game thủ phản ứng nhanh nhạy, giành lợi thế trong từng trận đấu.\n\nCông nghệ HDR10 được tích hợp cho phép màn hình hiển thị dải tương phản động rộng hơn, màu đen sâu hơn và màu trắng sáng hơn, tạo nên những hình ảnh có chiều sâu và độ sống động vượt trội. Đặc biệt, màn hình tương thích với NVIDIA G-SYNC, đồng bộ hóa tần số quét của màn hình với GPU của card đồ họa, loại bỏ hiện tượng xé hình và giật hình khó chịu, đảm bảo trải nghiệm chơi game liền mạch và không gián đoạn.\n\nThiết kế công thái học với khả năng điều chỉnh độ cao, nghiêng, xoay và xoay dọc (pivot) giúp người dùng dễ dàng tìm được tư thế ngồi thoải mái nhất, hỗ trợ chơi game hoặc làm việc trong thời gian dài mà không mỏi. Các cổng kết nối đa dạng như HDMI và DisplayPort cũng đảm bảo khả năng tương thích rộng rãi với nhiều thiết bị.\n\nLG 27GS65F-B thực sự là một vũ khí sắc bén giúp game thủ nâng tầm kỹ năng và đắm chìm hoàn toàn vào thế giới ảo.',
        1, 'https://product.hstatic.net/200000722513/product/lg_27gs65f-b_gearvn_2650af629116476588bb61972092b90f.jpg'
    );
INSERT INTO product_category (product_id, category_id) VALUES (727, 16);
INSERT INTO product_variant (
        product_id, name, seo_name, supplier_id, price, price_sale, quantity, sku, model, barcode, 
        specifications, description, warranty, image_url, release_at, created_by)
        VALUES ( 727, 'Màn hình LG 27GS65F-B 27" IPS 180Hz HDR10 Gsync chuyên game', 'man-hinh-lg-27gs65f-b-27-ips-180hz-hdr10-gsync-chuyen-game',
            1, 5490000, 3990000, 10, 'MAN-LG-27GS65F-B',
            'MAN-LG-27GS65F-B', 'MAN-LG-27GS65F-B',
            '{"Kích thước màn hình": "27 inch","Độ phân giải màn hình": "Full HD (1920 x 1080)","Tấm nền": "IPS","Tần số quét": "180Hz","Thời gian phản hồi": "1ms (GtG)","Công nghệ màn hình": "HDR10","Tính năng tương thích": "NVIDIA G-Sync Compatible, AMD FreeSync","Độ sáng": "300 cd/m² (typical)","Độ tương phản": "1000:1","Không gian màu": "99% sRGB","Cổng kết nối": "1 x DisplayPort 1.4, 1 x HDMI 2.0, 1 x Jack cắm âm thanh 3.5mm","Tương thích ngàm VESA": "100 x 100 mm","Khả năng điều chỉnh chân đế": "Nghiêng, xoay, nâng hạ chiều cao"}',
            'Màn hình LG 27GS65F-B là sự lựa chọn hoàn hảo dành cho các game thủ chuyên nghiệp và những người đam mê trải nghiệm hình ảnh đỉnh cao. Với kích thước 27 inch rộng rãi, tấm nền IPS cao cấp mang lại góc nhìn siêu rộng 178 độ cùng khả năng tái tạo màu sắc sống động, chân thực đến từng chi tiết. Độ phân giải Full HD sắc nét đảm bảo hình ảnh rõ ràng mà vẫn tối ưu hiệu năng cho hệ thống gaming của bạn.\n\nĐiểm nhấn ấn tượng nhất của chiếc màn hình này chính là tần số quét cực nhanh 180Hz, loại bỏ hoàn toàn hiện tượng xé hình và giật lag, mang đến sự mượt mà tuyệt đối trong mọi khung hình, từ những pha hành động tốc độ cao cho đến các cảnh quay phức tạp. Không chỉ dừng lại ở đó, thời gian phản hồi siêu tốc 1ms (GtG) là yếu tố then chốt giúp game thủ phản ứng nhanh nhạy, giành lợi thế trong từng trận đấu.\n\nCông nghệ HDR10 được tích hợp cho phép màn hình hiển thị dải tương phản động rộng hơn, màu đen sâu hơn và màu trắng sáng hơn, tạo nên những hình ảnh có chiều sâu và độ sống động vượt trội. Đặc biệt, màn hình tương thích với NVIDIA G-SYNC, đồng bộ hóa tần số quét của màn hình với GPU của card đồ họa, loại bỏ hiện tượng xé hình và giật hình khó chịu, đảm bảo trải nghiệm chơi game liền mạch và không gián đoạn.\n\nThiết kế công thái học với khả năng điều chỉnh độ cao, nghiêng, xoay và xoay dọc (pivot) giúp người dùng dễ dàng tìm được tư thế ngồi thoải mái nhất, hỗ trợ chơi game hoặc làm việc trong thời gian dài mà không mỏi. Các cổng kết nối đa dạng như HDMI và DisplayPort cũng đảm bảo khả năng tương thích rộng rãi với nhiều thiết bị.\n\nLG 27GS65F-B thực sự là một vũ khí sắc bén giúp game thủ nâng tầm kỹ năng và đắm chìm hoàn toàn vào thế giới ảo.',
            24, 'https://product.hstatic.net/200000722513/product/lg_27gs65f-b_gearvn_2650af629116476588bb61972092b90f.jpg', '2025-03-14T10:49:07+00:00',1);
        
INSERT INTO product_image (name, product_variant_id, image_url, is_main)
VALUES
    ('Ảnh 1', 727, 'https://product.hstatic.net/200000722513/product/lg_27gs65f-b_gearvn_2650af629116476588bb61972092b90f.jpg', TRUE),
    ('Ảnh 2', 727, 'https://product.hstatic.net/200000722513/product/a1_2a04fcc7591e45759b1a456e412cc8b1.jpg', FALSE),
    ('Ảnh 3', 727, 'https://product.hstatic.net/200000722513/product/a2_06c512df77414adcbebe281a591e0990.png', FALSE),
    ('Ảnh 4', 727, 'https://product.hstatic.net/200000722513/product/a3_566d3b22d4e94e84a45835c8b7c2d3f6.png', FALSE),
    ('Ảnh 5', 727, 'https://product.hstatic.net/200000722513/product/a4_83b91288048149eb9449212c2460ba7c.png', FALSE),
    ('Ảnh 6', 727, 'https://product.hstatic.net/200000722513/product/a5_6f5ff6b4995e40e0b2d7ccf57157de2c.png', FALSE),
    ('Ảnh 7', 727, 'https://product.hstatic.net/200000722513/product/a6_33f774962c8c4fae8d9f17ca772ff87e.png', FALSE),
    ('Ảnh 8', 727, 'https://product.hstatic.net/200000722513/product/a7_bd83dac839374ae0ad455f27fc809750.png', FALSE),
    ('Ảnh 9', 727, 'https://product.hstatic.net/200000722513/product/a8_ce9fec8e4cd04576aee03994069d9403.png', FALSE);
---
INSERT INTO product (name, seo_name, brand_id, specifications, description, created_by, image_url) 
    VALUES (
        'Màn hình LG 27U631A-B 27" IPS 2K 100Hz HDR10', 'man-hinh-lg-27u631a-b-27-ips-2k-100hz-hdr10', 12,
        '{"Nhà sản xuất": "LG", "Để đáp ứng nhu cầu kết nối đa dạng của người dùng, màn hình LG 27U631A-B được trang bị đầy đủ các cổng kết nối thông dụng, bao gồm": "HDMI, DisplayPort, Headphone Out. Với sự đa dạng về cổng kết nối, bạn có thể dễ dàng kết nối màn hình với các thiết bị khác nhau để phục vụ cho công việc và giải trí."}',
        'Màn hình LG 27U631A-B là một lựa chọn tuyệt vời cho những ai tìm kiếm sự cân bằng hoàn hảo giữa hiệu suất và chất lượng hình ảnh cao cấp. Với kích thước 27 inch rộng rãi, màn hình này cung cấp không gian làm việc và giải trí thoải mái, giúp bạn dễ dàng đa nhiệm hoặc đắm chìm vào nội dung yêu thích.\n\nCông nghệ tấm nền IPS tiên tiến đảm bảo góc nhìn rộng lên đến 178 độ, cùng khả năng tái tạo màu sắc chính xác và sống động, biến mỗi hình ảnh trở nên chân thực và cuốn hút. Độ phân giải 2K (2560x1440) mang lại chi tiết sắc nét gấp nhiều lần so với Full HD, giúp văn bản rõ ràng hơn và hình ảnh mịn màng hơn, rất lý tưởng cho công việc đồ họa, chỉnh sửa ảnh hoặc đơn giản là trải nghiệm duyệt web mượt mà.\n\nTần số quét 100Hz cung cấp trải nghiệm hình ảnh mượt mà hơn đáng kể so với màn hình 60Hz truyền thống, giảm thiểu hiện tượng xé hình và giật lag, mang lại lợi thế nhỏ cho các game thủ không chuyên và làm cho việc cuộn trang hay xem video trở nên trôi chảy hơn. Hơn nữa, hỗ trợ HDR10 giúp tăng cường độ tương phản, hiển thị màu sắc phong phú và dải động rộng hơn, làm nổi bật các vùng sáng và tối, mang lại trải nghiệm xem phim và chơi game sống động như thật.\n\nĐây là một màn hình đa năng, phù hợp cho mọi nhu cầu từ công việc đến giải trí. Màn hình còn được thiết kế tinh tế, hiện đại, dễ dàng hòa nhập vào mọi không gian làm việc.',
        1, 'https://product.hstatic.net/200000722513/product/lg_27u631a-b_gearvn_1a8761f36d4f47cbb840d2c9d75c995d.jpg'
    );
INSERT INTO product_category (product_id, category_id) VALUES (728, 16);
INSERT INTO product_variant (
        product_id, name, seo_name, supplier_id, price, price_sale, quantity, sku, model, barcode, 
        specifications, description, warranty, image_url, release_at, created_by)
        VALUES ( 728, 'Màn hình LG 27U631A-B 27" IPS 2K 100Hz HDR10', 'man-hinh-lg-27u631a-b-27-ips-2k-100hz-hdr10',
            1, 6590000, 4790000, 10, 'MAN-LG-27U631A-B',
            'MAN-LG-27U631A-B', 'MAN-LG-27U631A-B',
            '{"Nhà sản xuất": "LG", "Để đáp ứng nhu cầu kết nối đa dạng của người dùng, màn hình LG 27U631A-B được trang bị đầy đủ các cổng kết nối thông dụng, bao gồm": "HDMI, DisplayPort, Headphone Out. Với sự đa dạng về cổng kết nối, bạn có thể dễ dàng kết nối màn hình với các thiết bị khác nhau để phục vụ cho công việc và giải trí."}',
            'Màn hình LG 27U631A-B là một lựa chọn tuyệt vời cho những ai tìm kiếm sự cân bằng hoàn hảo giữa hiệu suất và chất lượng hình ảnh cao cấp. Với kích thước 27 inch rộng rãi, màn hình này cung cấp không gian làm việc và giải trí thoải mái, giúp bạn dễ dàng đa nhiệm hoặc đắm chìm vào nội dung yêu thích.\n\nCông nghệ tấm nền IPS tiên tiến đảm bảo góc nhìn rộng lên đến 178 độ, cùng khả năng tái tạo màu sắc chính xác và sống động, biến mỗi hình ảnh trở nên chân thực và cuốn hút. Độ phân giải 2K (2560x1440) mang lại chi tiết sắc nét gấp nhiều lần so với Full HD, giúp văn bản rõ ràng hơn và hình ảnh mịn màng hơn, rất lý tưởng cho công việc đồ họa, chỉnh sửa ảnh hoặc đơn giản là trải nghiệm duyệt web mượt mà.\n\nTần số quét 100Hz cung cấp trải nghiệm hình ảnh mượt mà hơn đáng kể so với màn hình 60Hz truyền thống, giảm thiểu hiện tượng xé hình và giật lag, mang lại lợi thế nhỏ cho các game thủ không chuyên và làm cho việc cuộn trang hay xem video trở nên trôi chảy hơn. Hơn nữa, hỗ trợ HDR10 giúp tăng cường độ tương phản, hiển thị màu sắc phong phú và dải động rộng hơn, làm nổi bật các vùng sáng và tối, mang lại trải nghiệm xem phim và chơi game sống động như thật.\n\nĐây là một màn hình đa năng, phù hợp cho mọi nhu cầu từ công việc đến giải trí. Màn hình còn được thiết kế tinh tế, hiện đại, dễ dàng hòa nhập vào mọi không gian làm việc.',
            24, 'https://product.hstatic.net/200000722513/product/lg_27u631a-b_gearvn_1a8761f36d4f47cbb840d2c9d75c995d.jpg', '2025-03-05T07:16:22+00:00',1);
        
INSERT INTO product_image (name, product_variant_id, image_url, is_main)
VALUES
    ('Ảnh 1', 728, 'https://product.hstatic.net/200000722513/product/lg_27u631a-b_gearvn_1a8761f36d4f47cbb840d2c9d75c995d.jpg', TRUE),
    ('Ảnh 2', 728, 'https://product.hstatic.net/200000722513/product/1_4b1ed257dce4445895b210c81f6a2e89.png', FALSE),
    ('Ảnh 3', 728, 'https://product.hstatic.net/200000722513/product/2_66d5fe6c682846cda04a3ec3546d9f94.png', FALSE),
    ('Ảnh 4', 728, 'https://product.hstatic.net/200000722513/product/3_c7bf1c6226a6436abd32c0b8c01be127.png', FALSE),
    ('Ảnh 5', 728, 'https://product.hstatic.net/200000722513/product/4_6350b6f75d9340528c7b9cd472831ba7.png', FALSE),
    ('Ảnh 6', 728, 'https://product.hstatic.net/200000722513/product/5_cd2fa76faaa249f78abc12be6c2ad7e1.png', FALSE),
    ('Ảnh 7', 728, 'https://product.hstatic.net/200000722513/product/6_9319805342914298904397fa58a82794.png', FALSE),
    ('Ảnh 8', 728, 'https://product.hstatic.net/200000722513/product/7_1a221aa25210454f90db5b8ac60b0a5f.png', FALSE);
---
INSERT INTO product (name, seo_name, brand_id, specifications, description, created_by, image_url) 
    VALUES (
        'Màn hình LG 27UP600K-W 27" IPS 4K HDR10', 'man-hinh-lg-27up600k-w-27-ips-4k-hdr10', 12,
        '{"Kích thước màn hình": "27 inch", "Độ phân giải": "UHD/4K & 5K", "Tấm nền": "IPS", "Tần số quét": "60Hz", "Tỷ lệ khung hình": "16:9", "Kích thước điểm ảnh": "0.1554 x 0.1554 mm", "Độ sáng": "Điển hình: 400 cd/m², Tối thiểu: 320 cd/m²", "Hiển thị màu sắc": "1.07 tỉ màu", "Gam màu": "DCI-P3 95% (CIE1976)", "Kết nối": "HDMI, DisplayPort", "Tính năng nổi bật": "HDR 10, VESA DisplayHDR™, cân chỉnh màu sắc, chăm sóc mắt, AMD FreeSync™, chế độ chơi game, tiết kiệm điện thông minh, Dual Controller", "Tỷ lệ tương phản": "Điển hình: 1200:1, Tối thiểu: 1000:1", "Góc nhìn": "178º (R/L), 178º (U/D)", "Thời gian phản hồi": "5ms (GtG)", "Xử lý bề mặt": "Chống chói", "Điện năng tiêu thụ": "Điển hình: 40W, Tối đa: 44W, Chế độ ngủ: < 0.5W (theo điều kiện đầu vào HDMI/DP), DC tắt: <0.3W", "Công suất tiêu thụ": "24W", "Treo tường": "100 x 100 mm", "Kích thước": "Có chân đế: 613.5 x 454.8 x 211.5 mm, Không có chân đế: 613.5 x 363.5 x 45.4 mm, Đóng gói: 712 x 436 x 154 mm", "Trọng lượng": "Có chân đế: 4.3 kg, Không có chân đế: 3.8 kg, Đóng gói: 6.4 kg", "Phụ kiện": "HDMI, DP"}',
        'Màn hình LG 27UP600K-W 27\" IPS 4K HDR10 mang đến trải nghiệm hình ảnh sống động và sắc nét đến kinh ngạc với độ phân giải 4K UHD (3840 x 2160). Tấm nền IPS cao cấp tái tạo màu sắc chính xác và góc nhìn rộng, cho phép bạn thưởng thức nội dung từ mọi vị trí mà không làm giảm chất lượng hình ảnh. Công nghệ HDR10 cải thiện độ tương phản và dải màu, làm cho các cảnh phim và hình ảnh trở nên chân thực hơn với các chi tiết sáng rõ và vùng tối sâu thẳm. Kích thước màn hình 27 inch lý tưởng cho cả công việc sáng tạo, giải trí và chơi game, cung cấp không gian hiển thị rộng rãi. Tần số quét 60Hz đủ đáp ứng nhu cầu sử dụng thông thường, trong khi thời gian phản hồi nhanh chóng giúp giảm thiểu hiện tượng nhòe hình. Màn hình còn được trang bị các tính năng bảo vệ mắt như Chế độ Đọc sách (Reader Mode) và công nghệ Giảm nhấp nháy (Flicker Safe), giúp bảo vệ mắt khỏi mỏi khi sử dụng trong thời gian dài. Thiết kế hiện đại với viền mỏng và chân đế chắc chắn, phù hợp với mọi không gian làm việc. Cổng kết nối đa dạng bao gồm HDMI và DisplayPort, đảm bảo khả năng tương thích với nhiều thiết bị khác nhau. LG 27UP600K-W là lựa chọn hoàn hảo cho những ai tìm kiếm một màn hình chất lượng cao, mang lại trải nghiệm hình ảnh đỉnh cao cho mọi tác vụ.',
        1, 'https://product.hstatic.net/200000722513/product/lg_27up600k_gearvn_9090c44f723a4e68b6eab393a3ca48f1.jpg'
    );
INSERT INTO product_category (product_id, category_id) VALUES (729, 16);
INSERT INTO product_variant (
        product_id, name, seo_name, supplier_id, price, price_sale, quantity, sku, model, barcode, 
        specifications, description, warranty, image_url, release_at, created_by)
        VALUES ( 729, 'Màn hình LG 27UP600K-W 27" IPS 4K HDR10', 'man-hinh-lg-27up600k-w-27-ips-4k-hdr10',
            1, 6890000, 5690000, 10, 'MAN-LG-27UP600K-W',
            'MAN-LG-27UP600K-W', 'MAN-LG-27UP600K-W',
            '{"Kích thước màn hình": "27 inch", "Độ phân giải": "UHD/4K & 5K", "Tấm nền": "IPS", "Tần số quét": "60Hz", "Tỷ lệ khung hình": "16:9", "Kích thước điểm ảnh": "0.1554 x 0.1554 mm", "Độ sáng": "Điển hình: 400 cd/m², Tối thiểu: 320 cd/m²", "Hiển thị màu sắc": "1.07 tỉ màu", "Gam màu": "DCI-P3 95% (CIE1976)", "Kết nối": "HDMI, DisplayPort", "Tính năng nổi bật": "HDR 10, VESA DisplayHDR™, cân chỉnh màu sắc, chăm sóc mắt, AMD FreeSync™, chế độ chơi game, tiết kiệm điện thông minh, Dual Controller", "Tỷ lệ tương phản": "Điển hình: 1200:1, Tối thiểu: 1000:1", "Góc nhìn": "178º (R/L), 178º (U/D)", "Thời gian phản hồi": "5ms (GtG)", "Xử lý bề mặt": "Chống chói", "Điện năng tiêu thụ": "Điển hình: 40W, Tối đa: 44W, Chế độ ngủ: < 0.5W (theo điều kiện đầu vào HDMI/DP), DC tắt: <0.3W", "Công suất tiêu thụ": "24W", "Treo tường": "100 x 100 mm", "Kích thước": "Có chân đế: 613.5 x 454.8 x 211.5 mm, Không có chân đế: 613.5 x 363.5 x 45.4 mm, Đóng gói: 712 x 436 x 154 mm", "Trọng lượng": "Có chân đế: 4.3 kg, Không có chân đế: 3.8 kg, Đóng gói: 6.4 kg", "Phụ kiện": "HDMI, DP"}',
            'Màn hình LG 27UP600K-W 27\" IPS 4K HDR10 mang đến trải nghiệm hình ảnh sống động và sắc nét đến kinh ngạc với độ phân giải 4K UHD (3840 x 2160). Tấm nền IPS cao cấp tái tạo màu sắc chính xác và góc nhìn rộng, cho phép bạn thưởng thức nội dung từ mọi vị trí mà không làm giảm chất lượng hình ảnh. Công nghệ HDR10 cải thiện độ tương phản và dải màu, làm cho các cảnh phim và hình ảnh trở nên chân thực hơn với các chi tiết sáng rõ và vùng tối sâu thẳm. Kích thước màn hình 27 inch lý tưởng cho cả công việc sáng tạo, giải trí và chơi game, cung cấp không gian hiển thị rộng rãi. Tần số quét 60Hz đủ đáp ứng nhu cầu sử dụng thông thường, trong khi thời gian phản hồi nhanh chóng giúp giảm thiểu hiện tượng nhòe hình. Màn hình còn được trang bị các tính năng bảo vệ mắt như Chế độ Đọc sách (Reader Mode) và công nghệ Giảm nhấp nháy (Flicker Safe), giúp bảo vệ mắt khỏi mỏi khi sử dụng trong thời gian dài. Thiết kế hiện đại với viền mỏng và chân đế chắc chắn, phù hợp với mọi không gian làm việc. Cổng kết nối đa dạng bao gồm HDMI và DisplayPort, đảm bảo khả năng tương thích với nhiều thiết bị khác nhau. LG 27UP600K-W là lựa chọn hoàn hảo cho những ai tìm kiếm một màn hình chất lượng cao, mang lại trải nghiệm hình ảnh đỉnh cao cho mọi tác vụ.',
            24, 'https://product.hstatic.net/200000722513/product/lg_27up600k_gearvn_9090c44f723a4e68b6eab393a3ca48f1.jpg', '2025-03-05T06:48:39+00:00',1);
        
INSERT INTO product_image (name, product_variant_id, image_url, is_main)
VALUES
    ('Ảnh 1', 729, 'https://product.hstatic.net/200000722513/product/lg_27up600k_gearvn_9090c44f723a4e68b6eab393a3ca48f1.jpg', TRUE),
    ('Ảnh 2', 729, 'https://product.hstatic.net/200000722513/product/1_5eaa18b04a984b0695e2ec3599292b64.png', FALSE),
    ('Ảnh 3', 729, 'https://product.hstatic.net/200000722513/product/2_c4b0c2fbfc3f482f9026b15369b7e804.png', FALSE),
    ('Ảnh 4', 729, 'https://product.hstatic.net/200000722513/product/3_363c98c7433646b9ac03056e4ad8cbb2.png', FALSE),
    ('Ảnh 5', 729, 'https://product.hstatic.net/200000722513/product/4_071844f5852a4e3c9d04024172ce695e.png', FALSE),
    ('Ảnh 6', 729, 'https://product.hstatic.net/200000722513/product/5_a5fe060ba5a140bdae6d8943ff9aa731.png', FALSE);
---
INSERT INTO product (name, seo_name, brand_id, specifications, description, created_by, image_url) 
    VALUES (
        'Màn hình LG 27GX790A UltraGear 27" OLED 2K 480Hz Gsync chuyên game', 'man-hinh-lg-27gx790a-ultragear-27-oled-2k-480hz-gsync-chuyen-game', 12,
        '{"Tên sản phẩm":"LG 27GX790A UltraGear 27\" OLED 2K 480Hz G-Sync","Kích thước màn hình":"27 inch","Kích thước hiển thị":"26.5 inch","Kiểu màn hình":"Phẳng","Tấm nền":"OLED","Tỷ lệ":"16:9","Độ phân giải":"2560 x 1440 (2K QHD)","Tần số quét":"480Hz","Thời gian phản hồi":"0.03ms","Số lượng màu":"1.07 tỷ màu","Độ phủ màu":"DCI-P3 98.5% (CIE1976)","Độ sáng":"1040 cd/m² (@HDR 1.5% APL) / 640 cd/m² (@HDR 10% APL)","Độ tương phản":"1500000:1 (Dynamic)","Góc nhìn":"178° (R/L), 178° (U/D)","Công nghệ":"HDR10, Chế độ mù màu, Đồng bộ hành động động, Chế độ đọc sách, VESA DSC Tech, Crosshair, VRR, Ánh sáng Hexagon, Bộ đếm FPS, Black Stabilizer","Điều chỉnh":"Nghiêng -5°~15°, Xoay -30°~30°, Cao 110mm","Treo tường":"100 x 100 mm","Cổng kết nối":"HDMI, DisplayPort, Đầu ra tai nghe (DTS Headphone:X), 2x USB 3.0 Downstream, 1x USB 3.0 Upstream","Tính năng":"Hạn chế ánh sáng xanh, Chống nháy, Chế độ chơi game, Tiết kiệm điện, G-Sync Compatible, FreeSync Premium Pro, VESA DisplayHDR 400","Tiện ích":"Chân đế OneClick, Dual Controller, LG Calibration Studio (True Color Pro)","Điện năng tiêu thụ":"Ngủ <0.5W, Tắt <0.3W","Kích thước":"605.2 x 579.3 x 249.1 mm (có chân đế), 605.2 x 351.0 x 45.3 mm (không chân đế)","Trọng lượng":"9.3 kg (có chân đế), 5.1 kg (không chân đế)"}',
        'Màn hình LG 27GN790A UltraGear 27\\\" OLED 2K 480Hz G-Sync là một kiệt tác công nghệ dành cho game thủ chuyên nghiệp và những người đam mê hình ảnh đỉnh cao. Với kích thước 27 inch, màn hình mang đến không gian hiển thị rộng rãi, hoàn hảo cho mọi thể loại game. Công nghệ OLED đột phá cho phép tái tạo màu sắc rực rỡ, độ tương phản vô hạn và màu đen tuyệt đối, mang đến trải nghiệm hình ảnh sống động, chân thực đến nghẹt thở. Độ phân giải 2K (2560x1440) sắc nét, từng chi tiết nhỏ nhất đều được hiển thị rõ ràng, giúp bạn không bỏ lỡ bất kỳ khoảnh khắc quan trọng nào trong game. Tần số quét siêu tốc 480Hz loại bỏ hoàn toàn hiện tượng giật lag, nhòe hình, mang lại lợi thế cạnh tranh tuyệt đối với những pha hành động nhanh mượt mà. Công nghệ NVIDIA G-Sync được tích hợp đảm bảo đồng bộ hóa tần số quét của màn hình với card đồ họa, loại bỏ tearing (xé hình) và stuttering (khựng hình), mang đến trải nghiệm chơi game liền mạch và mượt mà chưa từng có. LG 27GN790A còn được trang bị thời gian phản hồi siêu nhanh chỉ 0.1ms (GtG), giúp hình ảnh di chuyển cực kỳ sắc nét, loại bỏ ghosting (bóng ma) ngay cả trong những cảnh hành động dồn dập nhất. Thiết kế gaming hầm hố, viền màn hình siêu mỏng mang đến cảm giác đắm chìm tối đa. Hỗ trợ đa dạng cổng kết nối bao gồm DisplayPort 1.4, HDMI 2.1, USB hub, đáp ứng mọi nhu cầu kết nối của game thủ. Màn hình còn có khả năng tùy chỉnh độ nghiêng, xoay, nâng hạ, giúp bạn tìm được góc nhìn thoải mái nhất. Với LG 27GN790A, mọi trận chiến đều trở nên sống động và bạn luôn sẵn sàng chinh phục mọi thử thách.',
        1, 'https://product.hstatic.net/200000722513/product/lg_27gx790a-b_gearvn_18880ec6e5a944c2b29c76d85d44d243.jpg'
    );
INSERT INTO product_category (product_id, category_id) VALUES (730, 16);
INSERT INTO product_variant (
        product_id, name, seo_name, supplier_id, price, price_sale, quantity, sku, model, barcode, 
        specifications, description, warranty, image_url, release_at, created_by)
        VALUES ( 730, 'Màn hình LG 27GX790A UltraGear 27" OLED 2K 480Hz Gsync chuyên game', 'man-hinh-lg-27gx790a-ultragear-27-oled-2k-480hz-gsync-chuyen-game',
            1, 30990000, 23090000, 10, 'MAN-LG-27GX790A-B',
            'MAN-LG-27GX790A-B', 'MAN-LG-27GX790A-B',
            '{"Tên sản phẩm":"LG 27GX790A UltraGear 27\" OLED 2K 480Hz G-Sync","Kích thước màn hình":"27 inch","Kích thước hiển thị":"26.5 inch","Kiểu màn hình":"Phẳng","Tấm nền":"OLED","Tỷ lệ":"16:9","Độ phân giải":"2560 x 1440 (2K QHD)","Tần số quét":"480Hz","Thời gian phản hồi":"0.03ms","Số lượng màu":"1.07 tỷ màu","Độ phủ màu":"DCI-P3 98.5% (CIE1976)","Độ sáng":"1040 cd/m² (@HDR 1.5% APL) / 640 cd/m² (@HDR 10% APL)","Độ tương phản":"1500000:1 (Dynamic)","Góc nhìn":"178° (R/L), 178° (U/D)","Công nghệ":"HDR10, Chế độ mù màu, Đồng bộ hành động động, Chế độ đọc sách, VESA DSC Tech, Crosshair, VRR, Ánh sáng Hexagon, Bộ đếm FPS, Black Stabilizer","Điều chỉnh":"Nghiêng -5°~15°, Xoay -30°~30°, Cao 110mm","Treo tường":"100 x 100 mm","Cổng kết nối":"HDMI, DisplayPort, Đầu ra tai nghe (DTS Headphone:X), 2x USB 3.0 Downstream, 1x USB 3.0 Upstream","Tính năng":"Hạn chế ánh sáng xanh, Chống nháy, Chế độ chơi game, Tiết kiệm điện, G-Sync Compatible, FreeSync Premium Pro, VESA DisplayHDR 400","Tiện ích":"Chân đế OneClick, Dual Controller, LG Calibration Studio (True Color Pro)","Điện năng tiêu thụ":"Ngủ <0.5W, Tắt <0.3W","Kích thước":"605.2 x 579.3 x 249.1 mm (có chân đế), 605.2 x 351.0 x 45.3 mm (không chân đế)","Trọng lượng":"9.3 kg (có chân đế), 5.1 kg (không chân đế)"}',
            'Màn hình LG 27GN790A UltraGear 27\\\" OLED 2K 480Hz G-Sync là một kiệt tác công nghệ dành cho game thủ chuyên nghiệp và những người đam mê hình ảnh đỉnh cao. Với kích thước 27 inch, màn hình mang đến không gian hiển thị rộng rãi, hoàn hảo cho mọi thể loại game. Công nghệ OLED đột phá cho phép tái tạo màu sắc rực rỡ, độ tương phản vô hạn và màu đen tuyệt đối, mang đến trải nghiệm hình ảnh sống động, chân thực đến nghẹt thở. Độ phân giải 2K (2560x1440) sắc nét, từng chi tiết nhỏ nhất đều được hiển thị rõ ràng, giúp bạn không bỏ lỡ bất kỳ khoảnh khắc quan trọng nào trong game. Tần số quét siêu tốc 480Hz loại bỏ hoàn toàn hiện tượng giật lag, nhòe hình, mang lại lợi thế cạnh tranh tuyệt đối với những pha hành động nhanh mượt mà. Công nghệ NVIDIA G-Sync được tích hợp đảm bảo đồng bộ hóa tần số quét của màn hình với card đồ họa, loại bỏ tearing (xé hình) và stuttering (khựng hình), mang đến trải nghiệm chơi game liền mạch và mượt mà chưa từng có. LG 27GN790A còn được trang bị thời gian phản hồi siêu nhanh chỉ 0.1ms (GtG), giúp hình ảnh di chuyển cực kỳ sắc nét, loại bỏ ghosting (bóng ma) ngay cả trong những cảnh hành động dồn dập nhất. Thiết kế gaming hầm hố, viền màn hình siêu mỏng mang đến cảm giác đắm chìm tối đa. Hỗ trợ đa dạng cổng kết nối bao gồm DisplayPort 1.4, HDMI 2.1, USB hub, đáp ứng mọi nhu cầu kết nối của game thủ. Màn hình còn có khả năng tùy chỉnh độ nghiêng, xoay, nâng hạ, giúp bạn tìm được góc nhìn thoải mái nhất. Với LG 27GN790A, mọi trận chiến đều trở nên sống động và bạn luôn sẵn sàng chinh phục mọi thử thách.',
            24, 'https://product.hstatic.net/200000722513/product/lg_27gx790a-b_gearvn_18880ec6e5a944c2b29c76d85d44d243.jpg', '2025-03-04T10:44:12+00:00',1);
        
INSERT INTO product_image (name, product_variant_id, image_url, is_main)
VALUES
    ('Ảnh 1', 730, 'https://product.hstatic.net/200000722513/product/lg_27gx790a-b_gearvn_18880ec6e5a944c2b29c76d85d44d243.jpg', TRUE),
    ('Ảnh 2', 730, 'https://product.hstatic.net/200000722513/product/thum2-1600x1062_ebabf6dd36a042908d273596c8818e2b.png', FALSE),
    ('Ảnh 3', 730, 'https://product.hstatic.net/200000722513/product/thum-1600x1062_dd5515b8fb8c457db809e10f4a3d4d86.png', FALSE),
    ('Ảnh 4', 730, 'https://product.hstatic.net/200000722513/product/3_df0974f1339744b99c34605cda39ffb2.png', FALSE),
    ('Ảnh 5', 730, 'https://product.hstatic.net/200000722513/product/4_e20159a7d63b4eceac6f28d84cb67636.png', FALSE),
    ('Ảnh 6', 730, 'https://product.hstatic.net/200000722513/product/5_b329216d28fc48fba2e77b54ced08d1d.png', FALSE),
    ('Ảnh 7', 730, 'https://product.hstatic.net/200000722513/product/6_20c384ecc3bd409eb1774eae8ba25b11.png', FALSE);
---
INSERT INTO product (name, seo_name, brand_id, specifications, description, created_by, image_url) 
    VALUES (
        'Màn hình cong MSI MAG 276CXF 27" 280Hz chuyên game', 'man-hinh-cong-msi-mag-276cxf-27-280hz-chuyen-game', 52,
        '{"Kích thước màn hình": "27 inch", "Độ phân giải": "Full HD (1920 x 1080)", "Tấm nền": "Rapid VA", "Độ cong": "1500R", "Tần số quét": "280Hz", "Thời gian phản hồi": "0,5ms (GtG, Min.)", "Độ phủ màu": "102% sRGB, 78% DCI-P3, 80% AdobeRGB", "Cổng kết nối": "1 x DisplayPort 1.4a, 2 x HDMI 2.0b"}',
        'Màn hình cong MSI MAG 276CXF 27\" mang đến trải nghiệm chơi game đỉnh cao với thiết kế cong 1000R ôm trọn tầm nhìn, giúp bạn đắm chìm hoàn toàn vào thế giới ảo. Tần số quét siêu tốc 280Hz kết hợp thời gian phản hồi chỉ 1ms loại bỏ hiện tượng giật hình và bóng mờ, đảm bảo mọi chuyển động đều mượt mà, sắc nét đến từng chi tiết, cho bạn lợi thế cạnh tranh vượt trội. Tấm nền Rapid VA với độ phân giải Full HD (1920x1080) tái tạo màu sắc sống động, độ tương phản cao và góc nhìn rộng, mang đến hình ảnh chân thực, cuốn hút. Công nghệ MSI Anti-Flicker và Less Blue Light giúp giảm mỏi mắt khi sử dụng trong thời gian dài, bảo vệ sức khỏe người dùng. MSI MAG 276CXF còn được trang bị các cổng kết nối đa dạng như HDMI, DisplayPort, USB-C, sẵn sàng kết hợp với mọi thiết bị gaming của bạn. Thiết kế hiện đại, hầm hố cùng hệ thống đèn LED RGB Aura Sync tùy chỉnh mang đậm phong cách game thủ, tạo nên một cỗ máy chiến game thực thụ. Đây là lựa chọn hoàn hảo cho những ai yêu thích game tốc độ cao, đòi hỏi phản xạ nhanh và chất lượng hình ảnh tuyệt mỹ.',
        1, 'https://product.hstatic.net/200000722513/product/msi_mag_276cxf_gearvn_fd78790974c747e9ab7518b28a1b69fa.jpg'
    );
INSERT INTO product_category (product_id, category_id) VALUES (731, 16);
INSERT INTO product_variant (
        product_id, name, seo_name, supplier_id, price, price_sale, quantity, sku, model, barcode, 
        specifications, description, warranty, image_url, release_at, created_by)
        VALUES ( 731, 'Màn hình cong MSI MAG 276CXF 27" 280Hz chuyên game', 'man-hinh-cong-msi-mag-276cxf-27-280hz-chuyen-game',
            1, 4590000, 3750000, 10, 'MAN-MSI-MAG-276CXF',
            'MAN-MSI-MAG-276CXF', 'MAN-MSI-MAG-276CXF',
            '{"Kích thước màn hình": "27 inch", "Độ phân giải": "Full HD (1920 x 1080)", "Tấm nền": "Rapid VA", "Độ cong": "1500R", "Tần số quét": "280Hz", "Thời gian phản hồi": "0,5ms (GtG, Min.)", "Độ phủ màu": "102% sRGB, 78% DCI-P3, 80% AdobeRGB", "Cổng kết nối": "1 x DisplayPort 1.4a, 2 x HDMI 2.0b"}',
            'Màn hình cong MSI MAG 276CXF 27\" mang đến trải nghiệm chơi game đỉnh cao với thiết kế cong 1000R ôm trọn tầm nhìn, giúp bạn đắm chìm hoàn toàn vào thế giới ảo. Tần số quét siêu tốc 280Hz kết hợp thời gian phản hồi chỉ 1ms loại bỏ hiện tượng giật hình và bóng mờ, đảm bảo mọi chuyển động đều mượt mà, sắc nét đến từng chi tiết, cho bạn lợi thế cạnh tranh vượt trội. Tấm nền Rapid VA với độ phân giải Full HD (1920x1080) tái tạo màu sắc sống động, độ tương phản cao và góc nhìn rộng, mang đến hình ảnh chân thực, cuốn hút. Công nghệ MSI Anti-Flicker và Less Blue Light giúp giảm mỏi mắt khi sử dụng trong thời gian dài, bảo vệ sức khỏe người dùng. MSI MAG 276CXF còn được trang bị các cổng kết nối đa dạng như HDMI, DisplayPort, USB-C, sẵn sàng kết hợp với mọi thiết bị gaming của bạn. Thiết kế hiện đại, hầm hố cùng hệ thống đèn LED RGB Aura Sync tùy chỉnh mang đậm phong cách game thủ, tạo nên một cỗ máy chiến game thực thụ. Đây là lựa chọn hoàn hảo cho những ai yêu thích game tốc độ cao, đòi hỏi phản xạ nhanh và chất lượng hình ảnh tuyệt mỹ.',
            36, 'https://product.hstatic.net/200000722513/product/msi_mag_276cxf_gearvn_fd78790974c747e9ab7518b28a1b69fa.jpg', '2025-03-10T03:22:57+00:00',1);
        
INSERT INTO product_image (name, product_variant_id, image_url, is_main)
VALUES
    ('Ảnh 1', 731, 'https://product.hstatic.net/200000722513/product/msi_mag_276cxf_gearvn_fd78790974c747e9ab7518b28a1b69fa.jpg', TRUE),
    ('Ảnh 2', 731, 'https://product.hstatic.net/200000722513/product/1024__1__98617c5438244dd78b37d65b07573431.png', FALSE),
    ('Ảnh 3', 731, 'https://product.hstatic.net/200000722513/product/1024__2__5122df9a1e94429dbf082b2c897b78f4.png', FALSE),
    ('Ảnh 4', 731, 'https://product.hstatic.net/200000722513/product/1024__3__0e81587bc41042faa2266614c5eb7e5e.png', FALSE),
    ('Ảnh 5', 731, 'https://product.hstatic.net/200000722513/product/1024__4__a6e75f4f7ce94f01b85c3a320a1b7b59.png', FALSE),
    ('Ảnh 6', 731, 'https://product.hstatic.net/200000722513/product/1024_5ee0523b38ca4848adf105cfcebeceb6.png', FALSE);
---
INSERT INTO product (name, seo_name, brand_id, specifications, description, created_by, image_url) 
    VALUES (
        'Màn hình Acer KG270-X1 27" IPS 200Hz Gsync chuyên game', 'man-hinh-acer-kg270-x1-27-ips-200hz-gsync-chuyen-game', 35,
        '{"Tên sản phẩm":"Màn hình Acer KG270-X1 27\" IPS 200Hz G-Sync","Kích thước màn hình":"27 inch","Kiểu màn hình":"Phẳng","Tấm nền":"IPS","Tỷ lệ":"16:9","Độ phân giải":"1920 x 1080 (Full HD)","Tần số quét":"200Hz","Thời gian phản hồi":"1ms","Số lượng màu":"16.7 triệu màu","Độ phủ màu":"72% NTSC, 99% sRGB","Độ sáng":"250 nits","Độ tương phản tĩnh":"1000:1","Độ tương phản động":"100,000,000:1","Công nghệ":"HDR10, Acer BluelightShield, Acer VisionCare, Acer Low-Dimming, Acer ComfyView","Điều chỉnh":"Nghiêng -5°~20°","Cổng kết nối":"2x HDMI 2.0, 1x DisplayPort 1.4","Tính năng":"Hạn chế ánh sáng xanh, Chống nháy, AMD FreeSync Premium, G-Sync Compatible"}',
        'Màn hình Acer KG270-X1 27\" IPS 200Hz Gsync chuyên game là một cỗ máy hoàn hảo dành cho các game thủ đam mê tốc độ và trải nghiệm hình ảnh đỉnh cao. Sở hữu tấm nền IPS kích thước 27 inch, màn hình mang đến góc nhìn rộng rãi, màu sắc chân thực và độ chính xác màu sắc tuyệt vời, tái tạo mọi chi tiết trong thế giới game sống động. Tần số quét 200Hz siêu tốc giúp loại bỏ hoàn toàn hiện tượng giật hình, xé màn, mang đến những pha hành động mượt mà đến không ngờ. Công nghệ NVIDIA G-Sync đồng bộ hóa tần số quét của màn hình với tốc độ khung hình của GPU, loại bỏ hiện tượng xé hình và giảm thiểu độ trễ, cho bạn lợi thế quyết định trong mọi trận đấu. Độ phân giải Full HD (1920x1080) cùng với thời gian phản hồi 1ms (VRB) đảm bảo mọi khung hình đều sắc nét, không mờ nhòe, ngay cả trong những tình huống giao tranh tốc độ cao. \n\nAcer KG270-X1 còn được trang bị các công nghệ bảo vệ mắt tiên tiến như BluelightShield và Flickerless, giúp giảm thiểu mỏi mắt khi sử dụng trong thời gian dài. Thiết kế hiện đại với viền màn hình mỏng, chân đế vững chắc không chỉ tăng tính thẩm mỹ cho không gian giải trí mà còn mang lại sự thoải mái khi tùy chỉnh góc nhìn. Đây là lựa chọn lý tưởng cho những ai tìm kiếm hiệu năng chơi game vượt trội, hình ảnh chất lượng cao và trải nghiệm mượt mà nhất.\n\n**Thiết kế hiện đại và mạnh mẽ**\n\nMàn hình có thiết kế viền mỏng ở 3 cạnh, giúp tối ưu hóa không gian hiển thị và mang đến vẻ ngoài hiện đại. Chân đế được thiết kế chắc chắn, cho phép điều chỉnh độ nghiêng màn hình để bạn có được góc nhìn thoải mái nhất. Mặt sau của màn hình cũng được chăm chút tỉ mỉ, với các đường vân và họa tiết gaming, tạo nên một tổng thể hài hòa và cuốn hút.\n\n**Các cổng kết nối đa dạng**\n\nAcer KG270-X1 được trang bị đầy đủ các cổng kết nối phổ biến như HDMI và DisplayPort, đảm bảo khả năng tương thích tốt với nhiều loại thiết bị khác nhau, từ PC gaming, console, đến laptop.\n\n**Công nghệ bảo vệ mắt** \nAcer cũng trang bị cho KG270-X1 các công nghệ bảo vệ mắt như Flicker-less (khử nhấp nháy) và Blue Light Filter (lọc ánh sáng xanh), giúp giảm thiểu tình trạng mỏi mắt khi bạn chơi game trong thời gian dài. Điều này đặc biệt quan trọng đối với các game thủ chuyên nghiệp, những người thường xuyên phải ngồi trước màn hình nhiều giờ liên tục.',
        1, 'https://product.hstatic.net/200000722513/product/acer_kg270_x1_gearvn_15f0f9177bba487197fa984aac42d623.jpg'
    );
INSERT INTO product_category (product_id, category_id) VALUES (732, 16);
INSERT INTO product_variant (
        product_id, name, seo_name, supplier_id, price, price_sale, quantity, sku, model, barcode, 
        specifications, description, warranty, image_url, release_at, created_by)
        VALUES ( 732, 'Màn hình Acer KG270-X1 27" IPS 200Hz Gsync chuyên game', 'man-hinh-acer-kg270-x1-27-ips-200hz-gsync-chuyen-game',
            1, 4190000, 3490000, 10, 'MAN-ACER-KG270-X1',
            'MAN-ACER-KG270-X1', 'MAN-ACER-KG270-X1',
            '{"Tên sản phẩm":"Màn hình Acer KG270-X1 27\" IPS 200Hz G-Sync","Kích thước màn hình":"27 inch","Kiểu màn hình":"Phẳng","Tấm nền":"IPS","Tỷ lệ":"16:9","Độ phân giải":"1920 x 1080 (Full HD)","Tần số quét":"200Hz","Thời gian phản hồi":"1ms","Số lượng màu":"16.7 triệu màu","Độ phủ màu":"72% NTSC, 99% sRGB","Độ sáng":"250 nits","Độ tương phản tĩnh":"1000:1","Độ tương phản động":"100,000,000:1","Công nghệ":"HDR10, Acer BluelightShield, Acer VisionCare, Acer Low-Dimming, Acer ComfyView","Điều chỉnh":"Nghiêng -5°~20°","Cổng kết nối":"2x HDMI 2.0, 1x DisplayPort 1.4","Tính năng":"Hạn chế ánh sáng xanh, Chống nháy, AMD FreeSync Premium, G-Sync Compatible"}',
            'Màn hình Acer KG270-X1 27\" IPS 200Hz Gsync chuyên game là một cỗ máy hoàn hảo dành cho các game thủ đam mê tốc độ và trải nghiệm hình ảnh đỉnh cao. Sở hữu tấm nền IPS kích thước 27 inch, màn hình mang đến góc nhìn rộng rãi, màu sắc chân thực và độ chính xác màu sắc tuyệt vời, tái tạo mọi chi tiết trong thế giới game sống động. Tần số quét 200Hz siêu tốc giúp loại bỏ hoàn toàn hiện tượng giật hình, xé màn, mang đến những pha hành động mượt mà đến không ngờ. Công nghệ NVIDIA G-Sync đồng bộ hóa tần số quét của màn hình với tốc độ khung hình của GPU, loại bỏ hiện tượng xé hình và giảm thiểu độ trễ, cho bạn lợi thế quyết định trong mọi trận đấu. Độ phân giải Full HD (1920x1080) cùng với thời gian phản hồi 1ms (VRB) đảm bảo mọi khung hình đều sắc nét, không mờ nhòe, ngay cả trong những tình huống giao tranh tốc độ cao. \n\nAcer KG270-X1 còn được trang bị các công nghệ bảo vệ mắt tiên tiến như BluelightShield và Flickerless, giúp giảm thiểu mỏi mắt khi sử dụng trong thời gian dài. Thiết kế hiện đại với viền màn hình mỏng, chân đế vững chắc không chỉ tăng tính thẩm mỹ cho không gian giải trí mà còn mang lại sự thoải mái khi tùy chỉnh góc nhìn. Đây là lựa chọn lý tưởng cho những ai tìm kiếm hiệu năng chơi game vượt trội, hình ảnh chất lượng cao và trải nghiệm mượt mà nhất.\n\n**Thiết kế hiện đại và mạnh mẽ**\n\nMàn hình có thiết kế viền mỏng ở 3 cạnh, giúp tối ưu hóa không gian hiển thị và mang đến vẻ ngoài hiện đại. Chân đế được thiết kế chắc chắn, cho phép điều chỉnh độ nghiêng màn hình để bạn có được góc nhìn thoải mái nhất. Mặt sau của màn hình cũng được chăm chút tỉ mỉ, với các đường vân và họa tiết gaming, tạo nên một tổng thể hài hòa và cuốn hút.\n\n**Các cổng kết nối đa dạng**\n\nAcer KG270-X1 được trang bị đầy đủ các cổng kết nối phổ biến như HDMI và DisplayPort, đảm bảo khả năng tương thích tốt với nhiều loại thiết bị khác nhau, từ PC gaming, console, đến laptop.\n\n**Công nghệ bảo vệ mắt** \nAcer cũng trang bị cho KG270-X1 các công nghệ bảo vệ mắt như Flicker-less (khử nhấp nháy) và Blue Light Filter (lọc ánh sáng xanh), giúp giảm thiểu tình trạng mỏi mắt khi bạn chơi game trong thời gian dài. Điều này đặc biệt quan trọng đối với các game thủ chuyên nghiệp, những người thường xuyên phải ngồi trước màn hình nhiều giờ liên tục.',
            36, 'https://product.hstatic.net/200000722513/product/acer_kg270_x1_gearvn_15f0f9177bba487197fa984aac42d623.jpg', '2025-02-04T04:16:26+00:00',1);
        
INSERT INTO product_image (name, product_variant_id, image_url, is_main)
VALUES
    ('Ảnh 1', 732, 'https://product.hstatic.net/200000722513/product/acer_kg270_x1_gearvn_15f0f9177bba487197fa984aac42d623.jpg', TRUE),
    ('Ảnh 2', 732, 'https://product.hstatic.net/200000722513/product/0._kg270_x1_-_frame_9fd6e29cd6ab4492bfc8f09e78d34b95.png', FALSE),
    ('Ảnh 3', 732, 'https://product.hstatic.net/200000722513/product/acer_nitro_kg0_-_kg270_x1_-_1_45652ce4d02c4da297778a6b33ef180c.png', FALSE),
    ('Ảnh 4', 732, 'https://product.hstatic.net/200000722513/product/acer_nitro_kg0_-_kg270_x1_-_2_8009f7db223f4daa83addc11cdfd6574.png', FALSE),
    ('Ảnh 5', 732, 'https://product.hstatic.net/200000722513/product/acer_nitro_kg0_-_kg270_x1_-_3_28aa51f09145476f86d7d93d16445557.png', FALSE),
    ('Ảnh 6', 732, 'https://product.hstatic.net/200000722513/product/acer_nitro_kg0_-_kg270_x1_-_4_a4391b9133004cd890046efb6c16c09e.png', FALSE),
    ('Ảnh 7', 732, 'https://product.hstatic.net/200000722513/product/acer_nitro_kg0_-_kg270_x1_-_5_9398a83a4c5e4b3891f8a303c146f2a0.png', FALSE),
    ('Ảnh 8', 732, 'https://product.hstatic.net/200000722513/product/acer_nitro_kg0_-_kg270_x1_-_6_becdf86c47de469fb15cce1a59dd82d4.png', FALSE),
    ('Ảnh 9', 732, 'https://product.hstatic.net/200000722513/product/acer_nitro_kg0_-_kg270_x1_-_7_b944f91e3ef046af8136fb5825516306.png', FALSE);
---
INSERT INTO product (name, seo_name, brand_id, specifications, description, created_by, image_url) 
    VALUES (
        'Màn hình Acer SA272U-E 27" IPS 2K 100Hz', 'man-hinh-acer-sa272u-e-27-ips-2k-100hz', 35,
        '{"Nhà sản xuất": "Acer"}',
        'Màn hình Acer SA272U-E 27 inch là một lựa chọn tuyệt vời cho cả công việc và giải trí, mang đến trải nghiệm hình ảnh sắc nét, màu sắc sống động và tần số quét mượt mà. Với kích thước màn hình 27 inch, bạn sẽ có không gian hiển thị rộng rãi, lý tưởng cho việc đa nhiệm, xem phim, chơi game hoặc chỉnh sửa ảnh. Tấm nền IPS (In-Plane Switching) đảm bảo góc nhìn rộng lên tới 178 độ, giữ nguyên màu sắc và độ tương phản dù nhìn từ bất kỳ góc độ nào, loại bỏ hiện tượng biến màu hay suy giảm chất lượng hình ảnh thường thấy trên các loại màn hình khác. Độ phân giải 2K (2560 x 1440 pixels) mang đến hình ảnh cực kỳ chi tiết và sắc nét, gấp đôi độ phân giải Full HD, giúp bạn nhận ra từng chi tiết nhỏ nhất. Tần số quét 100Hz vượt trội so với màn hình 60Hz hoặc 75Hz thông thường, mang lại chuyển động mượt mà và giảm thiểu hiện tượng giật hình, xé hình, đặc biệt quan trọng khi chơi các tựa game đòi hỏi tốc độ phản ứng cao hoặc khi xem các nội dung hành động nhanh. Công nghệ AMD FreeSync đồng bộ hóa tần số quét của màn hình với card đồ họa, loại bỏ hoàn toàn hiện tượng xé hình, mang đến trải nghiệm chơi game liền mạch và ấn tượng. Acer SA272U-E còn được trang bị các công nghệ bảo vệ mắt như BluelightShield và Flicker-Free, giúp giảm thiểu mỏi mắt khi sử dụng trong thời gian dài. Thiết kế viền mỏng giúp tối ưu hóa không gian hiển thị và tạo cảm giác hiện đại, sang trọng cho bàn làm việc của bạn. Cổng kết nối đa dạng bao gồm HDMI và DisplayPort, đảm bảo khả năng tương thích với nhiều thiết bị khác nhau. Màn hình Acer SA272U-E là sự kết hợp hoàn hảo giữa hiệu năng, chất lượng hình ảnh và công nghệ tiên tiến, đáp ứng mọi nhu cầu của người dùng khó tính đến từ mọi lĩnh vực.',
        1, 'https://product.hstatic.net/200000722513/product/acer_sa272u_e_black_gearvn_47dbf6b9040b45519576fd57af120ccc.jpg'
    );
INSERT INTO product_category (product_id, category_id) VALUES (733, 16);
INSERT INTO product_variant (
        product_id, name, seo_name, supplier_id, price, price_sale, quantity, sku, model, barcode, 
        specifications, description, warranty, image_url, release_at, created_by)
        VALUES ( 733, 'Màn hình Acer SA272U-E 27" IPS 2K 100Hz', 'man-hinh-acer-sa272u-e-27-ips-2k-100hz',
            1, 4590000, 3890000, 10, 'MAN-ACER-SA272U-E',
            'MAN-ACER-SA272U-E', 'MAN-ACER-SA272U-E',
            '{"Kích thước màn hình": "27 inch","Độ phân giải": "2K QHD (2560 x 1440)","Tấm nền": "IPS","Tần số quét": "100Hz","Tốc độ phản hồi": "1ms (VRB)","Độ phủ màu": "99% sRGB","Tỷ lệ màn hình": "16:9","Độ sáng": "250 cd/m²","Tỷ lệ tương phản tĩnh": "1000:1","Tỷ lệ tương phản động": "100,000,000:1","Góc nhìn": "178° (ngang), 178° (dọc)","Công nghệ hình ảnh": "HDR10, AMD FreeSync","Công nghệ bảo vệ mắt": "BlueLightShield, Flicker-less, Low Dimming, ComfyView","Cổng kết nối": "2 x HDMI 2.0, 1 x DisplayPort 1.2","Loa tích hợp": "Có (1W x 2)","Chuẩn VESA": "75 x 75 mm","Kích thước (có chân đế)": "614 mm (rộng) x 452 mm (cao) x 224 mm (dày)","Trọng lượng (có chân đế)": "3.9 kg","Thiết kế": "Viền siêu mỏng ZeroFrame, Ultra-thin"}',
            'Màn hình Acer SA272U-E 27 inch là một lựa chọn tuyệt vời cho cả công việc và giải trí, mang đến trải nghiệm hình ảnh sắc nét, màu sắc sống động và tần số quét mượt mà. Với kích thước màn hình 27 inch, bạn sẽ có không gian hiển thị rộng rãi, lý tưởng cho việc đa nhiệm, xem phim, chơi game hoặc chỉnh sửa ảnh. Tấm nền IPS (In-Plane Switching) đảm bảo góc nhìn rộng lên tới 178 độ, giữ nguyên màu sắc và độ tương phản dù nhìn từ bất kỳ góc độ nào, loại bỏ hiện tượng biến màu hay suy giảm chất lượng hình ảnh thường thấy trên các loại màn hình khác. Độ phân giải 2K (2560 x 1440 pixels) mang đến hình ảnh cực kỳ chi tiết và sắc nét, gấp đôi độ phân giải Full HD, giúp bạn nhận ra từng chi tiết nhỏ nhất. Tần số quét 100Hz vượt trội so với màn hình 60Hz hoặc 75Hz thông thường, mang lại chuyển động mượt mà và giảm thiểu hiện tượng giật hình, xé hình, đặc biệt quan trọng khi chơi các tựa game đòi hỏi tốc độ phản ứng cao hoặc khi xem các nội dung hành động nhanh. Công nghệ AMD FreeSync đồng bộ hóa tần số quét của màn hình với card đồ họa, loại bỏ hoàn toàn hiện tượng xé hình, mang đến trải nghiệm chơi game liền mạch và ấn tượng. Acer SA272U-E còn được trang bị các công nghệ bảo vệ mắt như BluelightShield và Flicker-Free, giúp giảm thiểu mỏi mắt khi sử dụng trong thời gian dài. Thiết kế viền mỏng giúp tối ưu hóa không gian hiển thị và tạo cảm giác hiện đại, sang trọng cho bàn làm việc của bạn. Cổng kết nối đa dạng bao gồm HDMI và DisplayPort, đảm bảo khả năng tương thích với nhiều thiết bị khác nhau. Màn hình Acer SA272U-E là sự kết hợp hoàn hảo giữa hiệu năng, chất lượng hình ảnh và công nghệ tiên tiến, đáp ứng mọi nhu cầu của người dùng khó tính đến từ mọi lĩnh vực.',
            36, 'https://product.hstatic.net/200000722513/product/acer_sa272u_e_black_gearvn_47dbf6b9040b45519576fd57af120ccc.jpg', '2025-02-03T10:21:46+00:00',1);
        
INSERT INTO product_image (name, product_variant_id, image_url, is_main)
VALUES
    ('Ảnh 1', 733, 'https://product.hstatic.net/200000722513/product/acer_sa272u_e_black_gearvn_47dbf6b9040b45519576fd57af120ccc.jpg', TRUE),
    ('Ảnh 2', 733, 'https://product.hstatic.net/200000722513/product/acer-sa272u-e-1_7f6e3732766d4cd08432ae939082d094.png', FALSE),
    ('Ảnh 3', 733, 'https://product.hstatic.net/200000722513/product/acer-sa272u-e-2_0d4e45e742114a1f92494cdd86ce0074.png', FALSE),
    ('Ảnh 4', 733, 'https://product.hstatic.net/200000722513/product/acer-sa272u-e-3_1477d3bd6d79476c8e1993c79ca07a76.png', FALSE),
    ('Ảnh 5', 733, 'https://product.hstatic.net/200000722513/product/acer-sa272u-e-4_3340fcc871a14a20a80d5b4d43b573dd.png', FALSE),
    ('Ảnh 6', 733, 'https://product.hstatic.net/200000722513/product/acer-sa272u-e-5_d4fffb49bec244b98ef4aadd926175fe.png', FALSE),
    ('Ảnh 7', 733, 'https://product.hstatic.net/200000722513/product/acer-sa272u-e-6_2ef6118a600547349735cfd7f81405e7.png', FALSE),
    ('Ảnh 8', 733, 'https://product.hstatic.net/200000722513/product/acer-sa272u-e-7_c3bd72746300473eb3dc1d5a4464ae3d.png', FALSE);
---
INSERT INTO product (name, seo_name, brand_id, specifications, description, created_by, image_url) 
    VALUES (
        'Màn hình Acer SA272U-E White 27" IPS 2K 100Hz', 'man-hinh-acer-sa272u-e-white-27-ips-2k-100hz', 35,
        '{"Nhà sản xuất": "Acer"}',
        'Màn hình Acer SA272U-E màu trắng, kích thước 27 inch, sử dụng tấm nền IPS cho góc nhìn rộng và màu sắc chân thực. Độ phân giải 2K (2560 x 1440) mang đến hình ảnh sắc nét, chi tiết sống động. Tần số quét 100Hz cho trải nghiệm chuyển động mượt mà, giảm thiểu hiện tượng giật lag, đặc biệt hữu ích khi chơi game hoặc xem các nội dung hành động nhanh. Công nghệ AMD FreeSync giúp đồng bộ hóa tần số quét của màn hình với card đồ họa, loại bỏ hiện tượng xé hình, mang lại trải nghiệm hình ảnh liền mạch. Acer SA272U-E còn được trang bị các công nghệ bảo vệ mắt như Blue Light Filter và Flicker-Free, giúp giảm mỏi mắt khi sử dụng trong thời gian dài. Thiết kế viền mỏng hiện đại, chân đế chắc chắn, phù hợp với mọi không gian làm việc và giải trí. Màn hình có nhiều cổng kết nối như HDMI và DisplayPort, dễ dàng kết nối với nhiều thiết bị. Đây là lựa chọn lý tưởng cho cả công việc sáng tạo, giải trí đa phương tiện và chơi game.',
        1, 'https://product.hstatic.net/200000722513/product/acer_sa272u_e_white_gearvn_c53945d4b6bb414aa4220e59388b74ce.jpg'
    );
INSERT INTO product_category (product_id, category_id) VALUES (734, 16);
INSERT INTO product_variant (
        product_id, name, seo_name, supplier_id, price, price_sale, quantity, sku, model, barcode, 
        specifications, description, warranty, image_url, release_at, created_by)
        VALUES ( 734, 'Màn hình Acer SA272U-E White 27" IPS 2K 100Hz', 'man-hinh-acer-sa272u-e-white-27-ips-2k-100hz',
            1, 4590000, 3990000, 10, 'MAN-ACER-SA272U-E-WHITE',
            'MAN-ACER-SA272U-E-WHITE', 'MAN-ACER-SA272U-E-WHITE',
            '{"Kích thước màn hình": "27 inch","Độ phân giải": "QHD (2560 x 1440)","Tấm nền": "IPS","Tần số quét": "100Hz","Thời gian phản hồi": "1ms (VRB) hoặc 4ms GtG","Độ sáng": "250 cd/m²","Tỷ lệ tương phản tĩnh": "1000:1","Tỷ lệ tương phản động": "100,000,000:1","Độ phủ màu": "99% sRGB","Bit màu": "6bit+FRC","Dãy màu": "16.7 triệu","Góc nhìn": "178°(H) - 178°(V)","Tỷ lệ màn hình": "16:09","Công nghệ": "HDR10, AMD FreeSync","Công nghệ bảo vệ mắt": "Flicker-less, BlueLightShield, ComfyView, Low-dimming","Loa": "Tích hợp (1W x2)","Cổng kết nối": "2 x HDMI 2.0, 1 x DisplayPort 1.2, 1 x Audio 3.5mm","VESA treo tường": "75 x 75 mm","Góc nghiêng (Tilt)": "-5°~15°","Trọng lượng có chân đế": "3.9 kg","Thiết kế": "Ultra-thin (7.2mm), viền ZeroFrame","Màu sắc": "Trắng","Bảo hành": "3 năm (tại Acer Việt Nam)"}',
            'Màn hình Acer SA272U-E màu trắng, kích thước 27 inch, sử dụng tấm nền IPS cho góc nhìn rộng và màu sắc chân thực. Độ phân giải 2K (2560 x 1440) mang đến hình ảnh sắc nét, chi tiết sống động. Tần số quét 100Hz cho trải nghiệm chuyển động mượt mà, giảm thiểu hiện tượng giật lag, đặc biệt hữu ích khi chơi game hoặc xem các nội dung hành động nhanh. Công nghệ AMD FreeSync giúp đồng bộ hóa tần số quét của màn hình với card đồ họa, loại bỏ hiện tượng xé hình, mang lại trải nghiệm hình ảnh liền mạch. Acer SA272U-E còn được trang bị các công nghệ bảo vệ mắt như Blue Light Filter và Flicker-Free, giúp giảm mỏi mắt khi sử dụng trong thời gian dài. Thiết kế viền mỏng hiện đại, chân đế chắc chắn, phù hợp với mọi không gian làm việc và giải trí. Màn hình có nhiều cổng kết nối như HDMI và DisplayPort, dễ dàng kết nối với nhiều thiết bị. Đây là lựa chọn lý tưởng cho cả công việc sáng tạo, giải trí đa phương tiện và chơi game.',
            36, 'https://product.hstatic.net/200000722513/product/acer_sa272u_e_white_gearvn_c53945d4b6bb414aa4220e59388b74ce.jpg', '2025-02-03T10:21:39+00:00',1);
        
INSERT INTO product_image (name, product_variant_id, image_url, is_main)
VALUES
    ('Ảnh 1', 734, 'https://product.hstatic.net/200000722513/product/acer_sa272u_e_white_gearvn_c53945d4b6bb414aa4220e59388b74ce.jpg', TRUE),
    ('Ảnh 2', 734, 'https://product.hstatic.net/200000722513/product/acer-sa272u-e-white-1-1_bc3990618aea4a9f93a638af77a59c46.png', FALSE),
    ('Ảnh 3', 734, 'https://product.hstatic.net/200000722513/product/acer-sa272u-e-white-2-1_9fa9b6fcd5ce44c48dd1549b5dafb3e1.png', FALSE),
    ('Ảnh 4', 734, 'https://product.hstatic.net/200000722513/product/acer-sa272u-e-white-3_1de806ef258e437f91c0790bd78cb4f1.png', FALSE),
    ('Ảnh 5', 734, 'https://product.hstatic.net/200000722513/product/acer-sa272u-e-white-4_b4a92fe0507e41df8a8973f9e86c489b.png', FALSE),
    ('Ảnh 6', 734, 'https://product.hstatic.net/200000722513/product/acer-sa272u-e-white-5_7cb999ae13bd4ab8a9a6cf781a72512b.png', FALSE),
    ('Ảnh 7', 734, 'https://product.hstatic.net/200000722513/product/acer-sa272u-e-white-6_ddc9a27e3bbf44bebfa249a5aa32e5bb.png', FALSE),
    ('Ảnh 8', 734, 'https://product.hstatic.net/200000722513/product/acer-sa272u-e-white-7_343dc5404ad0430882eb97fe4f9cf0d2.png', FALSE);
---
INSERT INTO product (name, seo_name, brand_id, specifications, description, created_by, image_url) 
    VALUES (
        'Màn hình Asus ROG Strix XG27ACDNG 27" QD-OLED 2K 360Hz chuyên game', 'man-hinh-asus-rog-strix-xg27acdng-27-qd-oled-2k-360hz-chuyen-game', 3,
        '{"Tên sản phẩm":"Asus ROG Strix XG27ACDNG 27\" QD-OLED 2K 360Hz","Kích thước màn hình":"27 inch","Kiểu màn hình":"Phẳng","Tấm nền":"QD-OLED","Độ phân giải":"2560 x 1440 (2K)","Tần số quét":"360Hz","Thời gian phản hồi":"0.03ms","Độ sáng":"450 cd/m² (Typ.)","Không gian màu":"99% DCI-P3, 135% sRGB, True 10-bit, Delta E<2","Tỷ lệ":"16:9","Tương thích VESA":"100 x 100 mm","Cổng kết nối":"2x HDMI 2.1, 1x DisplayPort 1.4, 1x USB-C (DP Alt Mode, 90W PD)","Tính năng":"Chống nháy, hỗ trợ HDR, màu chuẩn Delta E<2","Phụ kiện trong hộp":"Dây nguồn, dây HDMI (tùy chọn), dây DisplayPort (tùy chọn)"}',
        'Màn hình Asus ROG Strix XG27ACDNG 27\" QD-OLED 2K 360Hz chuyên game\nMàn hình Asus ROG Strix XG27ACDNG 27\" QD-OLED 2K 360Hz chuyên game nổi lên như một \"kỳ quan công nghệ\", hứa hẹn mang đến trải nghiệm gaming chưa từng có. Chiếc màn hình máy tính này không chỉ đơn thuần là một sản phẩm, mà còn là một tuyên ngôn về sự vượt trội và đẳng cấp trong thế giới màn hình gaming. Bài viết này sẽ đi sâu vào phân tích những ưu điểm vượt trội của Asus ROG Strix XG27ACDNG, cùng dõi theo nhé.\n\nMàn hình Asus ROG Strix XG27ACDNG 27\n\nMàn hình sử dụng công nghệ QD-OLED hiển thị sắc nét\nĐiểm nhấn đầu tiên và cũng là yếu tố làm nên sự khác biệt của Asus ROG Strix XG27ACDNG chính là công nghệ tấm nền QD-OLED (Quantum Dot OLED). Đây là một bước tiến vượt bậc so với các công nghệ tấm nền truyền thống như LCD hay OLED thông thường. QD-OLED kết hợp những ưu điểm tuyệt vời của cả OLED và Quantum Dot, mang đến chất lượng hình ảnh vượt trội, chưa từng có trên các màn hình gaming trước đây.\n\nCụ thể, công nghệ Quantum Dot giúp tái tạo màu sắc một cách chính xác và rực rỡ hơn bao giờ hết. Màn hình có khả năng hiển thị dải màu rộng, bao phủ gần như hoàn toàn không gian màu DCI-P3, đảm bảo mọi hình ảnh, từ những cảnh game tươi sáng đến những thước phim điện ảnh, đều được thể hiện một cách chân thực và sống động như thật.\n\nMàn hình Asus ROG Strix XG27ACDNG 27\n\nTần số quét 360Hz và độ phân giải 2K\nKhông chỉ sở hữu công nghệ tấm nền đột phá, Asus ROG Strix XG27ACDNG còn được trang bị tần số quét 360Hz và độ phân giải 2K (2560 x 1440). Đây là sự kết hợp lý tưởng cho game thủ chuyên nghiệp và những người đam mê eSports, mang đến trải nghiệm gaming mượt mà, sắc nét và vô cùng nhạy bén.\n\nTần số quét 360Hz: Tần số quét 360Hz có nghĩa là màn hình có khả năng làm mới hình ảnh 360 lần mỗi giây, gấp 6 lần so với màn hình 60Hz thông thường. Điều này mang lại sự khác biệt rõ rệt về độ mượt mà của hình ảnh, đặc biệt trong các tựa game hành động, bắn súng góc nhìn thứ nhất (FPS), hay game đối kháng. \n\nĐộ phân giải 2K: Độ phân giải 2K (2560 x 1440) mang đến hình ảnh sắc nét và chi tiết hơn đáng kể so với độ phân giải Full HD (1920 x 1080), nhưng vẫn không đòi hỏi cấu hình phần cứng quá cao như độ phân giải 4K. Với kích thước 27 inch, độ phân giải 2K là sự lựa chọn tối ưu, đảm bảo hình ảnh hiển thị sắc nét, không bị rỗ điểm ảnh, đồng thời vẫn duy trì được hiệu năng chơi game mượt mà trên các card đồ họa hiện đại.\n\nMàn hình Asus ROG Strix XG27ACDNG 27\n\nThiết kế ROG hầm hố, đậm chất gaming\n\nAsus ROG Strix XG27ACDNG không chỉ mạnh mẽ về hiệu năng, mà còn sở hữu thiết kế đậm chất game thủ ROG Strix đặc trưng. Màn hình mang vẻ ngoài mạnh mẽ, góc cạnh với các đường nét thiết kế lấy cảm hứng từ ROG Strix series. Phần chân đế được thiết kế chắc chắn, cho phép điều chỉnh độ cao, độ nghiêng và xoay màn hình linh hoạt, giúp bạn tìm được vị trí xem thoải mái nhất. \n\nMặt sau màn hình được trang bị hệ thống đèn LED RGB Aura Sync, cho phép tùy chỉnh hiệu ứng ánh sáng đồng bộ với các thiết bị ROG khác, tạo nên không gian gaming ấn tượng và cá tính.\n\nMàn hình Asus ROG Strix XG27ACDNG 27\n\nTrang bị các tính năng gaming chuyên biệt\nMàn hình Asus này được tích hợp hàng loạt các tính năng gaming cao cấp, giúp nâng cao trải nghiệm chơi game của bạn lên một tầm cao mới.\n\nNVIDIA® G-SYNC® Compatible: Công nghệ đồng bộ hóa tần số quét NVIDIA® G-SYNC® Compatible giúp loại bỏ hiện tượng xé hình và giật hình, mang đến trải nghiệm gaming mượt mà và ổn định hơn.\n\nDisplayHDR™ True Black 400: Chứng nhận DisplayHDR™ True Black 400 đảm bảo màn hình có khả năng hiển thị HDR (High Dynamic Range) với độ tương phản cao và màu đen sâu, mang đến hình ảnh sống động và chân thực hơn trong các tựa game và phim ảnh hỗ trợ HDR.\n\nASUS Extreme Low Motion Blur Sync (ELMB Sync): Công nghệ ELMB Sync kết hợp với Adaptive-Sync để giảm thiểu hiện tượng nhòe hình và bóng ma, mang đến hình ảnh sắc nét hơn trong các cảnh chuyển động nhanh.\n\nGamePlus: Bộ công cụ GamePlus độc quyền của ASUS cung cấp các tính năng hỗ trợ game thủ như tâm ngắm ảo, bộ đếm FPS, hẹn giờ, giúp bạn luyện tập và nâng cao kỹ năng chơi game.\n\nGameVisual: Công nghệ GameVisual cung cấp nhiều chế độ hiển thị cài đặt sẵn, tối ưu hóa hình ảnh cho các thể loại game khác nhau như FPS, RTS/RPG, Racing, Cinema, sRGB, và Scenery.\n\nMàn hình Asus ROG Strix XG27ACDNG 27\n\nKết nối đa dạng và tiện lợi\nAsus ROG Strix XG27ACDNG được trang bị đầy đủ các cổng kết nối phổ biến, đáp ứng mọi nhu cầu sử dụng của game thủ.\n\nDisplayPort 1.4: Cổng DisplayPort 1.4 hỗ trợ truyền tải hình ảnh 2K 360Hz với đầy đủ màu sắc và độ tương phản.\n\nHDMI 2.1: Cổng HDMI 2.1 cho phép kết nối với các thiết bị console thế hệ mới như PlayStation 5 và Xbox Series X/S ở độ phân giải 4K 120Hz (có thể giới hạn ở 2K 120Hz tùy thuộc vào khả năng của console và game).\n\nUSB Hub: Màn hình tích hợp USB hub với 2 cổng USB 3.2 Gen 1 Type-A, giúp bạn dễ dàng kết nối các thiết bị ngoại vi như chuột, bàn phím, tai nghe.\n\nCổng tai nghe 3.5mm: Cổng tai nghe 3.5mm cho phép bạn kết nối tai nghe trực tiếp vào màn hình để trải nghiệm âm thanh sống động.',
        1, 'https://product.hstatic.net/200000722513/product/asus_xg27acdng_gearvn_8bfe7dca6acf43739cd59902da11452d.jpg'
    );
INSERT INTO product_category (product_id, category_id) VALUES (735, 16);
INSERT INTO product_variant (
        product_id, name, seo_name, supplier_id, price, price_sale, quantity, sku, model, barcode, 
        specifications, description, warranty, image_url, release_at, created_by)
        VALUES ( 735, 'Màn hình Asus ROG Strix XG27ACDNG 27" QD-OLED 2K 360Hz chuyên game', 'man-hinh-asus-rog-strix-xg27acdng-27-qd-oled-2k-360hz-chuyen-game',
            1, 27990000, 26490000, 10, 'MAN-ASU-XG27ACDNG',
            'MAN-ASU-XG27ACDNG', 'MAN-ASU-XG27ACDNG',
            '{"Tên sản phẩm":"Asus ROG Strix XG27ACDNG 27\" QD-OLED 2K 360Hz","Kích thước màn hình":"27 inch","Kiểu màn hình":"Phẳng","Tấm nền":"QD-OLED","Độ phân giải":"2560 x 1440 (2K)","Tần số quét":"360Hz","Thời gian phản hồi":"0.03ms","Độ sáng":"450 cd/m² (Typ.)","Không gian màu":"99% DCI-P3, 135% sRGB, True 10-bit, Delta E<2","Tỷ lệ":"16:9","Tương thích VESA":"100 x 100 mm","Cổng kết nối":"2x HDMI 2.1, 1x DisplayPort 1.4, 1x USB-C (DP Alt Mode, 90W PD)","Tính năng":"Chống nháy, hỗ trợ HDR, màu chuẩn Delta E<2","Phụ kiện trong hộp":"Dây nguồn, dây HDMI (tùy chọn), dây DisplayPort (tùy chọn)"}',
            'Màn hình Asus ROG Strix XG27ACDNG 27\" QD-OLED 2K 360Hz chuyên game\nMàn hình Asus ROG Strix XG27ACDNG 27\" QD-OLED 2K 360Hz chuyên game nổi lên như một \"kỳ quan công nghệ\", hứa hẹn mang đến trải nghiệm gaming chưa từng có. Chiếc màn hình máy tính này không chỉ đơn thuần là một sản phẩm, mà còn là một tuyên ngôn về sự vượt trội và đẳng cấp trong thế giới màn hình gaming. Bài viết này sẽ đi sâu vào phân tích những ưu điểm vượt trội của Asus ROG Strix XG27ACDNG, cùng dõi theo nhé.\n\nMàn hình Asus ROG Strix XG27ACDNG 27\n\nMàn hình sử dụng công nghệ QD-OLED hiển thị sắc nét\nĐiểm nhấn đầu tiên và cũng là yếu tố làm nên sự khác biệt của Asus ROG Strix XG27ACDNG chính là công nghệ tấm nền QD-OLED (Quantum Dot OLED). Đây là một bước tiến vượt bậc so với các công nghệ tấm nền truyền thống như LCD hay OLED thông thường. QD-OLED kết hợp những ưu điểm tuyệt vời của cả OLED và Quantum Dot, mang đến chất lượng hình ảnh vượt trội, chưa từng có trên các màn hình gaming trước đây.\n\nCụ thể, công nghệ Quantum Dot giúp tái tạo màu sắc một cách chính xác và rực rỡ hơn bao giờ hết. Màn hình có khả năng hiển thị dải màu rộng, bao phủ gần như hoàn toàn không gian màu DCI-P3, đảm bảo mọi hình ảnh, từ những cảnh game tươi sáng đến những thước phim điện ảnh, đều được thể hiện một cách chân thực và sống động như thật.\n\nMàn hình Asus ROG Strix XG27ACDNG 27\n\nTần số quét 360Hz và độ phân giải 2K\nKhông chỉ sở hữu công nghệ tấm nền đột phá, Asus ROG Strix XG27ACDNG còn được trang bị tần số quét 360Hz và độ phân giải 2K (2560 x 1440). Đây là sự kết hợp lý tưởng cho game thủ chuyên nghiệp và những người đam mê eSports, mang đến trải nghiệm gaming mượt mà, sắc nét và vô cùng nhạy bén.\n\nTần số quét 360Hz: Tần số quét 360Hz có nghĩa là màn hình có khả năng làm mới hình ảnh 360 lần mỗi giây, gấp 6 lần so với màn hình 60Hz thông thường. Điều này mang lại sự khác biệt rõ rệt về độ mượt mà của hình ảnh, đặc biệt trong các tựa game hành động, bắn súng góc nhìn thứ nhất (FPS), hay game đối kháng. \n\nĐộ phân giải 2K: Độ phân giải 2K (2560 x 1440) mang đến hình ảnh sắc nét và chi tiết hơn đáng kể so với độ phân giải Full HD (1920 x 1080), nhưng vẫn không đòi hỏi cấu hình phần cứng quá cao như độ phân giải 4K. Với kích thước 27 inch, độ phân giải 2K là sự lựa chọn tối ưu, đảm bảo hình ảnh hiển thị sắc nét, không bị rỗ điểm ảnh, đồng thời vẫn duy trì được hiệu năng chơi game mượt mà trên các card đồ họa hiện đại.\n\nMàn hình Asus ROG Strix XG27ACDNG 27\n\nThiết kế ROG hầm hố, đậm chất gaming\n\nAsus ROG Strix XG27ACDNG không chỉ mạnh mẽ về hiệu năng, mà còn sở hữu thiết kế đậm chất game thủ ROG Strix đặc trưng. Màn hình mang vẻ ngoài mạnh mẽ, góc cạnh với các đường nét thiết kế lấy cảm hứng từ ROG Strix series. Phần chân đế được thiết kế chắc chắn, cho phép điều chỉnh độ cao, độ nghiêng và xoay màn hình linh hoạt, giúp bạn tìm được vị trí xem thoải mái nhất. \n\nMặt sau màn hình được trang bị hệ thống đèn LED RGB Aura Sync, cho phép tùy chỉnh hiệu ứng ánh sáng đồng bộ với các thiết bị ROG khác, tạo nên không gian gaming ấn tượng và cá tính.\n\nMàn hình Asus ROG Strix XG27ACDNG 27\n\nTrang bị các tính năng gaming chuyên biệt\nMàn hình Asus này được tích hợp hàng loạt các tính năng gaming cao cấp, giúp nâng cao trải nghiệm chơi game của bạn lên một tầm cao mới.\n\nNVIDIA® G-SYNC® Compatible: Công nghệ đồng bộ hóa tần số quét NVIDIA® G-SYNC® Compatible giúp loại bỏ hiện tượng xé hình và giật hình, mang đến trải nghiệm gaming mượt mà và ổn định hơn.\n\nDisplayHDR™ True Black 400: Chứng nhận DisplayHDR™ True Black 400 đảm bảo màn hình có khả năng hiển thị HDR (High Dynamic Range) với độ tương phản cao và màu đen sâu, mang đến hình ảnh sống động và chân thực hơn trong các tựa game và phim ảnh hỗ trợ HDR.\n\nASUS Extreme Low Motion Blur Sync (ELMB Sync): Công nghệ ELMB Sync kết hợp với Adaptive-Sync để giảm thiểu hiện tượng nhòe hình và bóng ma, mang đến hình ảnh sắc nét hơn trong các cảnh chuyển động nhanh.\n\nGamePlus: Bộ công cụ GamePlus độc quyền của ASUS cung cấp các tính năng hỗ trợ game thủ như tâm ngắm ảo, bộ đếm FPS, hẹn giờ, giúp bạn luyện tập và nâng cao kỹ năng chơi game.\n\nGameVisual: Công nghệ GameVisual cung cấp nhiều chế độ hiển thị cài đặt sẵn, tối ưu hóa hình ảnh cho các thể loại game khác nhau như FPS, RTS/RPG, Racing, Cinema, sRGB, và Scenery.\n\nMàn hình Asus ROG Strix XG27ACDNG 27\n\nKết nối đa dạng và tiện lợi\nAsus ROG Strix XG27ACDNG được trang bị đầy đủ các cổng kết nối phổ biến, đáp ứng mọi nhu cầu sử dụng của game thủ.\n\nDisplayPort 1.4: Cổng DisplayPort 1.4 hỗ trợ truyền tải hình ảnh 2K 360Hz với đầy đủ màu sắc và độ tương phản.\n\nHDMI 2.1: Cổng HDMI 2.1 cho phép kết nối với các thiết bị console thế hệ mới như PlayStation 5 và Xbox Series X/S ở độ phân giải 4K 120Hz (có thể giới hạn ở 2K 120Hz tùy thuộc vào khả năng của console và game).\n\nUSB Hub: Màn hình tích hợp USB hub với 2 cổng USB 3.2 Gen 1 Type-A, giúp bạn dễ dàng kết nối các thiết bị ngoại vi như chuột, bàn phím, tai nghe.\n\nCổng tai nghe 3.5mm: Cổng tai nghe 3.5mm cho phép bạn kết nối tai nghe trực tiếp vào màn hình để trải nghiệm âm thanh sống động.',
            36, 'https://product.hstatic.net/200000722513/product/asus_xg27acdng_gearvn_8bfe7dca6acf43739cd59902da11452d.jpg', '2025-02-03T09:05:57+00:00',1);
        
INSERT INTO product_image (name, product_variant_id, image_url, is_main)
VALUES
    ('Ảnh 1', 735, 'https://product.hstatic.net/200000722513/product/asus_xg27acdng_gearvn_8bfe7dca6acf43739cd59902da11452d.jpg', TRUE),
    ('Ảnh 2', 735, 'https://product.hstatic.net/200000722513/product/h732__1__604b5242f2b046a2a59f0aafc7657bde.png', FALSE),
    ('Ảnh 3', 735, 'https://product.hstatic.net/200000722513/product/h732__2__709ed7f9083648fa92c3ee30620ab7e3.png', FALSE),
    ('Ảnh 4', 735, 'https://product.hstatic.net/200000722513/product/h732__3__63b36a7b693040ccbd5cbab1415aba3f.png', FALSE),
    ('Ảnh 5', 735, 'https://product.hstatic.net/200000722513/product/h732__4__ac504c31930b401ca27808deab345a47.png', FALSE),
    ('Ảnh 6', 735, 'https://product.hstatic.net/200000722513/product/h732__5__5dff4a1f7bd944aab0ec2120467f034a.png', FALSE),
    ('Ảnh 7', 735, 'https://product.hstatic.net/200000722513/product/h732__6__63b81ba9feb74fb1bf94450ecd0dd62c.png', FALSE),
    ('Ảnh 8', 735, 'https://product.hstatic.net/200000722513/product/h732_38714091e1c6468791b1a722977bdfdd.png', FALSE);
---
INSERT INTO product (name, seo_name, brand_id, specifications, description, created_by, image_url) 
    VALUES (
        'Màn hình Asus ROG Strix XG27UCG 27" Fast IPS 4K 160Hz-FHD 320Hz chuyên game', 'man-hinh-asus-rog-strix-xg27ucg-27-fast-ips-4k-160hz-fhd-320hz-chuyen-game', 3,
        '{"Tên sản phẩm":"Asus ROG Strix XG27UCG 27\" Fast IPS 4K 160Hz-FHD 320Hz","Kích thước màn hình":"27 inch","Kiểu màn hình":"Phẳng","Tấm nền":"Fast IPS","Độ phân giải":"3840 x 2160 (4K)","Tần số quét":"160Hz (4K) / 320Hz (FHD)","Thời gian phản hồi":"1ms","Độ sáng":"350 cd/m² (Typ.)","Không gian màu":"95% DCI-P3, 130% sRGB, 10-bit","Tương thích VESA":"100 x 100 mm","Cổng kết nối":"1x HDMI 2.1, 1x DisplayPort 1.4, 1x USB-C (DP Alt Mode)","Tính năng":"Chống nháy, chế độ kép 4K 160Hz hoặc FHD 320Hz","Phụ kiện trong hộp":"Dây nguồn, dây HDMI (tùy chọn), dây DisplayPort (tùy chọn)"}',
        'Màn hình Asus ROG Strix XG27UCG 27\" Fast IPS 4K 160Hz-FHD 320Hz\n\nAsus ROG Strix XG27UCG không chỉ là một chiếc màn hình máy tính, đó là cả một cuộc cách mạng về tốc độ và hình ảnh. Với tần số quét 160Hz ở độ phân giải 4K và 320Hz ở Full HD, cùng tấm nền Fast IPS tiên tiến, XG27UCG sẽ mang đến cho bạn những trận game mượt mà, sống động và đầy kịch tính. \n\nĐỉnh cao của độ phân giải và tốc độ\nROG Strix XG27UCG sở hữu màn hình 27 inchFast IPS với độ phân giải 4K UHD (3840 x 2160), mang đến hình ảnh sắc nét đến từng chi tiết, màu sắc sống động và độ tương phản tuyệt vời. Nhờ đó, bạn sẽ được tận hưởng những khung cảnh game tuyệt đẹp, sống động như thật.\n\nKhông chỉ dừng lại ở độ phân giải, XG27UCG còn sở hữu tần số quét ấn tượng 160Hz ở độ phân giải 4K và 320Hz ở độ phân giải Full HD. Tần số quét siêu cao này giúp giảm thiểu hiện tượng giật lag, xé hình, mang đến trải nghiệm chơi game mượt mà, không gián đoạn. Thời gian phản hồi chỉ 1ms (GTG) giúp loại bỏ hiện tượng bóng ma, cho phép bạn phản ứng nhanh chóng với mọi tình huống trong game.\n\nMàn hình Asus ROG Strix XG27UCG 27\n\nCông nghệ tiên tiến cho trải nghiệm gaming tuyệt đỉnh\nROG Strix XG27UCG được trang bị hàng loạt công nghệ tiên tiến, được thiết kế đặc biệt để tối ưu hóa trải nghiệm gaming.\n\nCông nghệ Fast IPS: Màn hình Fast IPS giúp cải thiện thời gian phản hồi, đồng thời duy trì góc nhìn rộng và màu sắc chính xác.\n\nCông nghệ ELMB Sync: Công nghệ Extreme Low Motion Blur Sync (ELMB Sync) kết hợp ELMB và Adaptive-sync, giúp giảm thiểu hiện tượng nhòe chuyển động, mang đến hình ảnh sắc nét ngay cả trong những cảnh hành động nhanh.\n\nCông nghệ DisplayHDR™ 400: Với chứng nhận DisplayHDR™ 400, XG27UCG có khả năng hiển thị độ tương phản cao, màu đen sâu hơn và màu trắng sáng hơn, giúp hình ảnh sống động và chân thực hơn.\n\nCông nghệ Adaptive-Sync: Hỗ trợ công nghệ Adaptive-Sync (tương thích với cả NVIDIA G-SYNC và AMD FreeSync), XG27UCG giúp loại bỏ hiện tượng xé hình, mang đến trải nghiệm chơi game mượt mà trên mọi hệ thống.\n\nMàn hình Asus ROG Strix XG27UCG 27\n\nThiết kế công thái học, đậm chất gaming\nROG Strix XG27UCG không chỉ mạnh mẽ về hiệu năng mà còn sở hữu thiết kế đậm chất gaming, với những đường nét góc cạnh, mạnh mẽ. Chân đế của màn hình Asus này có thể điều chỉnh linh hoạt độ cao, góc nghiêng và góc xoay, giúp bạn dễ dàng tìm được vị trí xem thoải mái nhất.\n\nKết nối đa dạng, tiện lợi\nROG Strix XG27UCG được trang bị đầy đủ các cổng kết nối, bao gồm DisplayPort 1.4, HDMI 2.1 và USB-C. Cổng USB-C hỗ trợ DisplayPort Alternate Mode (DP Alt Mode) và Power Delivery, cho phép bạn kết nối màn hình với laptop chỉ bằng một cáp duy nhất, đồng thời sạc pin cho laptop.',
        1, 'https://product.hstatic.net/200000722513/product/asus_xg27ucg_gearvn_dc91678e3a604d00907d30432cca83ff.jpg'
    );
INSERT INTO product_category (product_id, category_id) VALUES (736, 16);
INSERT INTO product_variant (
        product_id, name, seo_name, supplier_id, price, price_sale, quantity, sku, model, barcode, 
        specifications, description, warranty, image_url, release_at, created_by)
        VALUES ( 736, 'Màn hình Asus ROG Strix XG27UCG 27" Fast IPS 4K 160Hz-FHD 320Hz chuyên game', 'man-hinh-asus-rog-strix-xg27ucg-27-fast-ips-4k-160hz-fhd-320hz-chuyen-game',
            1, 12990000, 11990000, 10, 'MAN-ASU-XG27UCG',
            'MAN-ASU-XG27UCG', 'MAN-ASU-XG27UCG',
            '{"Tên sản phẩm":"Asus ROG Strix XG27UCG 27\" Fast IPS 4K 160Hz-FHD 320Hz","Kích thước màn hình":"27 inch","Kiểu màn hình":"Phẳng","Tấm nền":"Fast IPS","Độ phân giải":"3840 x 2160 (4K)","Tần số quét":"160Hz (4K) / 320Hz (FHD)","Thời gian phản hồi":"1ms","Độ sáng":"350 cd/m² (Typ.)","Không gian màu":"95% DCI-P3, 130% sRGB, 10-bit","Tương thích VESA":"100 x 100 mm","Cổng kết nối":"1x HDMI 2.1, 1x DisplayPort 1.4, 1x USB-C (DP Alt Mode)","Tính năng":"Chống nháy, chế độ kép 4K 160Hz hoặc FHD 320Hz","Phụ kiện trong hộp":"Dây nguồn, dây HDMI (tùy chọn), dây DisplayPort (tùy chọn)"}',
            'Màn hình Asus ROG Strix XG27UCG 27\" Fast IPS 4K 160Hz-FHD 320Hz\n\nAsus ROG Strix XG27UCG không chỉ là một chiếc màn hình máy tính, đó là cả một cuộc cách mạng về tốc độ và hình ảnh. Với tần số quét 160Hz ở độ phân giải 4K và 320Hz ở Full HD, cùng tấm nền Fast IPS tiên tiến, XG27UCG sẽ mang đến cho bạn những trận game mượt mà, sống động và đầy kịch tính.\n\nĐỉnh cao của độ phân giải và tốc độ\nROG Strix XG27UCG sở hữu màn hình 27 inchFast IPS với độ phân giải 4K UHD (3840 x 2160), mang đến hình ảnh sắc nét đến từng chi tiết, màu sắc sống động và độ tương phản tuyệt vời. Nhờ đó, bạn sẽ được tận hưởng những khung cảnh game tuyệt đẹp, sống động như thật.\n\nKhông chỉ dừng lại ở độ phân giải, XG27UCG còn sở hữu tần số quét ấn tượng 160Hz ở độ phân giải 4K và 320Hz ở độ phân giải Full HD. Tần số quét siêu cao này giúp giảm thiểu hiện tượng giật lag, xé hình, mang đến trải nghiệm chơi game mượt mà, không gián đoạn. Thời gian phản hồi chỉ 1ms (GTG) giúp loại bỏ hiện tượng bóng ma, cho phép bạn phản ứng nhanh chóng với mọi tình huống trong game.\n\nMàn hình Asus ROG Strix XG27UCG 27\n\nCông nghệ tiên tiến cho trải nghiệm gaming tuyệt đỉnh\nROG Strix XG27UCG được trang bị hàng loạt công nghệ tiên tiến, được thiết kế đặc biệt để tối ưu hóa trải nghiệm gaming.\n\nCông nghệ Fast IPS: Màn hình Fast IPS giúp cải thiện thời gian phản hồi, đồng thời duy trì góc nhìn rộng và màu sắc chính xác.\n\nCông nghệ ELMB Sync: Công nghệ Extreme Low Motion Blur Sync (ELMB Sync) kết hợp ELMB và Adaptive-sync, giúp giảm thiểu hiện tượng nhòe chuyển động, mang đến hình ảnh sắc nét ngay cả trong những cảnh hành động nhanh.\n\nCông nghệ DisplayHDR™ 400: Với chứng nhận DisplayHDR™ 400, XG27UCG có khả năng hiển thị độ tương phản cao, màu đen sâu hơn và màu trắng sáng hơn, giúp hình ảnh sống động và chân thực hơn.\n\nCông nghệ Adaptive-Sync: Hỗ trợ công nghệ Adaptive-Sync (tương thích với cả NVIDIA G-SYNC và AMD FreeSync), XG27UCG giúp loại bỏ hiện tượng xé hình, mang đến trải nghiệm chơi game mượt mà trên mọi hệ thống.\n\nMàn hình Asus ROG Strix XG27UCG 27\n\nThiết kế công thái học, đậm chất gaming\nROG Strix XG27UCG không chỉ mạnh mẽ về hiệu năng mà còn sở hữu thiết kế đậm chất gaming, với những đường nét góc cạnh, mạnh mẽ. Chân đế của màn hình Asus này có thể điều chỉnh linh hoạt độ cao, góc nghiêng và góc xoay, giúp bạn dễ dàng tìm được vị trí xem thoải mái nhất.\n\nKết nối đa dạng, tiện lợi\nROG Strix XG27UCG được trang bị đầy đủ các cổng kết nối, bao gồm DisplayPort 1.4, HDMI 2.1 và USB-C. Cổng USB-C hỗ trợ DisplayPort Alternate Mode (DP Alt Mode) và Power Delivery, cho phép bạn kết nối màn hình với laptop chỉ bằng một cáp duy nhất, đồng thời sạc pin cho laptop.',
            36, 'https://product.hstatic.net/200000722513/product/asus_xg27ucg_gearvn_dc91678e3a604d00907d30432cca83ff.jpg', '2025-01-23T06:28:26+00:00',1);
        
INSERT INTO product_image (name, product_variant_id, image_url, is_main)
VALUES
    ('Ảnh 1', 736, 'https://product.hstatic.net/200000722513/product/asus_xg27ucg_gearvn_dc91678e3a604d00907d30432cca83ff.jpg', TRUE),
    ('Ảnh 2', 736, 'https://product.hstatic.net/200000722513/product/rog-strix-xg27ucg-01_143f860bbebc4184b555eda6efe6281c.jpg', FALSE),
    ('Ảnh 3', 736, 'https://product.hstatic.net/200000722513/product/rog-strix-xg27ucg-02_4f98a9b0b9714a1c93a737bbba72c451.jpg', FALSE),
    ('Ảnh 4', 736, 'https://product.hstatic.net/200000722513/product/rog-strix-xg27ucg-03_36e99f0b52c74fec9d1c28cffa133788.jpg', FALSE),
    ('Ảnh 5', 736, 'https://product.hstatic.net/200000722513/product/rog-strix-xg27ucg-04_515c3445c3204e7b8cadbf6407e1fad4.jpg', FALSE),
    ('Ảnh 6', 736, 'https://product.hstatic.net/200000722513/product/rog-strix-xg27ucg-05_bb21ea91fe3a4106ab2450c9ebb41a16.jpg', FALSE),
    ('Ảnh 7', 736, 'https://product.hstatic.net/200000722513/product/rog-strix-xg27ucg-06_160d573bebb044caa7d87f45e7b713b4.jpg', FALSE),
    ('Ảnh 8', 736, 'https://product.hstatic.net/200000722513/product/rog-strix-xg27ucg-07_46852314fab04597b21324370a075c25.jpg', FALSE);
---
INSERT INTO product (name, seo_name, brand_id, specifications, description, created_by, image_url) 
    VALUES (
        'Màn hình Asus ROG Swift PG27AQDP 27" WOLED 2K 480Hz Gsync chuyên game', 'man-hinh-asus-rog-swift-pg27aqdp-27-woled-2k-480hz-gsync-chuyen-game', 3,
        '{"Tên sản phẩm":"Màn hình Asus ROG Strix XG27UCG 27\" Fast IPS 4K 160Hz-FHD 320Hz","Kích thước màn hình":"27 inch","Kiểu màn hình":"Phẳng","Tấm nền":"Fast IPS","Độ phân giải":"3840 x 2160 (4K)","Tần số quét":"160Hz (4K) / 320Hz (FHD)","Thời gian phản hồi":"1ms","Độ sáng":"350 cd/m² (Typ.)","Không gian màu":"95% DCI-P3, 130% sRGB, 10-bit","Tương thích VESA":"100 x 100 mm","Cổng kết nối":"1x HDMI 2.1, 1x DisplayPort 1.4, 1x USB-C (DP Alt Mode)","Tính năng":"Chống nháy, chế độ kép 4K 160Hz hoặc FHD 320Hz","Phụ kiện trong hộp":"Dây nguồn, dây HDMI (tùy chọn), dây DisplayPort (tùy chọn)"}',
        'màn hình Asus ROG Strix XG27UCG 27\" Fast IPS 4K 160Hz-FHD 320Hz\nAsus ROG Strix XG27UCG không chỉ là một chiếc màn hình máy tính, đó là cả một cuộc cách mạng về tốc độ và hình ảnh. Với tần số quét 160Hz ở độ phân giải 4K và 320Hz ở Full HD, cùng tấm nền Fast IPS tiên tiến, XG27UCG sẽ mang đến cho bạn những trận game mượt mà, sống động và đầy kịch tính.\n\nĐỉnh cao của độ phân giải và tốc độ\nROG Strix XG27UCG sở hữu màn hình 27 inchFast IPS với độ phân giải 4K UHD (3840 x 2160), mang đến hình ảnh sắc nét đến từng chi tiết, màu sắc sống động và độ tương phản tuyệt vời. Nhờ đó, bạn sẽ được tận hưởng những khung cảnh game tuyệt đẹp, sống động như thật.\n\nKhông chỉ dừng lại ở độ phân giải, XG27UCG còn sở hữu tần số quét ấn tượng 160Hz ở độ phân giải 4K và 320Hz ở độ phân giải Full HD. Tần số quét siêu cao này giúp giảm thiểu hiện tượng giật lag, xé hình, mang đến trải nghiệm chơi game mượt mà, không gián đoạn. Thời gian phản hồi chỉ 1ms (GTG) giúp loại bỏ hiện tượng bóng ma, cho phép bạn phản ứng nhanh chóng với mọi tình huống trong game.\n\nMàn hình Asus ROG Strix XG27UCG 27\n\nCông nghệ tiên tiến cho trải nghiệm gaming tuyệt đỉnh\nROG Strix XG27UCG được trang bị hàng loạt công nghệ tiên tiến, được thiết kế đặc biệt để tối ưu hóa trải nghiệm gaming.\n\nCông nghệ Fast IPS: Màn hình Fast IPS giúp cải thiện thời gian phản hồi, đồng thời duy trì góc nhìn rộng và màu sắc chính xác.\n\nCông nghệ ELMB Sync: Công nghệ Extreme Low Motion Blur Sync (ELMB Sync) kết hợp ELMB và Adaptive-sync, giúp giảm thiểu hiện tượng nhòe chuyển động, mang đến hình ảnh sắc nét ngay cả trong những cảnh hành động nhanh.\n\nCông nghệ DisplayHDR™ 400: Với chứng nhận DisplayHDR™ 400, XG27UCG có khả năng hiển thị độ tương phản cao, màu đen sâu hơn và màu trắng sáng hơn, giúp hình ảnh sống động và chân thực hơn.\n\nCông nghệ Adaptive-Sync: Hỗ trợ công nghệ Adaptive-Sync (tương thích với cả NVIDIA G-SYNC và AMD FreeSync), XG27UCG giúp loại bỏ hiện tượng xé hình, mang đến trải nghiệm chơi game mượt mà trên mọi hệ thống.\n\nMàn hình Asus ROG Strix XG27UCG 27\n\nThiết kế công thái học, đậm chất gaming\nROG Strix XG27UCG không chỉ mạnh mẽ về hiệu năng mà còn sở hữu thiết kế đậm chất gaming, với những đường nét góc cạnh, mạnh mẽ. Chân đế của màn hình Asus này có thể điều chỉnh linh hoạt độ cao, góc nghiêng và góc xoay, giúp bạn dễ dàng tìm được vị trí xem thoải mái nhất.\n\nKết nối đa dạng, tiện lợi\nROG Strix XG27UCG được trang bị đầy đủ các cổng kết nối, bao gồm DisplayPort 1.4, HDMI 2.1 và USB-C. Cổng USB-C hỗ trợ DisplayPort Alternate Mode (DP Alt Mode) và Power Delivery, cho phép bạn kết nối màn hình với laptop chỉ bằng một cáp duy nhất, đồng thời sạc pin cho laptop.',
        1, 'https://product.hstatic.net/200000722513/product/asus_pg27aqdp_gearvn_06c16bec410f483d8593c8c09a08ecba.jpg'
    );
INSERT INTO product_category (product_id, category_id) VALUES (737, 16);
INSERT INTO product_variant (
        product_id, name, seo_name, supplier_id, price, price_sale, quantity, sku, model, barcode, 
        specifications, description, warranty, image_url, release_at, created_by)
        VALUES ( 737, 'Màn hình Asus ROG Swift PG27AQDP 27" WOLED 2K 480Hz Gsync chuyên game', 'man-hinh-asus-rog-swift-pg27aqdp-27-woled-2k-480hz-gsync-chuyen-game',
            1, 39990000, 32990000, 10, 'MAN-ASU-PG27AQDP',
            'MAN-ASU-PG27AQDP', 'MAN-ASU-PG27AQDP',
            '{"Tên sản phẩm":"Màn hình Asus ROG Strix XG27UCG 27\" Fast IPS 4K 160Hz-FHD 320Hz","Kích thước màn hình":"27 inch","Kiểu màn hình":"Phẳng","Tấm nền":"Fast IPS","Độ phân giải":"3840 x 2160 (4K)","Tần số quét":"160Hz (4K) / 320Hz (FHD)","Thời gian phản hồi":"1ms","Độ sáng":"350 cd/m² (Typ.)","Không gian màu":"95% DCI-P3, 130% sRGB, 10-bit","Tương thích VESA":"100 x 100 mm","Cổng kết nối":"1x HDMI 2.1, 1x DisplayPort 1.4, 1x USB-C (DP Alt Mode)","Tính năng":"Chống nháy, chế độ kép 4K 160Hz hoặc FHD 320Hz","Phụ kiện trong hộp":"Dây nguồn, dây HDMI (tùy chọn), dây DisplayPort (tùy chọn)"}',
            'Màn hình Asus ROG Swift PG27AQDP 27\\\" WOLED 2K 480Hz G-Sync chuyên game là một bước nhảy vọt về hiệu năng và chất lượng hình ảnh dành cho game thủ. Với tấm nền WOLED 27 inch, màn hình mang đến độ phân giải 2K (2560 x 1440) sắc nét, tái tạo hình ảnh chi tiết đến kinh ngạc. Công nghệ WOLED độc quyền của LG Display, kết hợp với lớp Quantum Dot, cho phép màn hình đạt được độ sáng cực cao, màu sắc rực rỡ và độ tương phản vô hạn, mang lại trải nghiệm hình ảnh sống động như thật. Tần số quét siêu khủng 480Hz loại bỏ hoàn toàn hiện tượng giật hình và nhòe chuyển động, đảm bảo mọi pha hành động diễn ra mượt mà, chính xác đến từng mili giây. Công nghệ G-Sync Ultimate tích hợp đảm bảo đồng bộ hóa tần số quét giữa GPU và màn hình, loại bỏ tearing và stuttering, mang lại lợi thế cạnh tranh tuyệt đối trong các tựa game đòi hỏi tốc độ. Màn hình còn hỗ trợ HDR10+ và độ bao phủ màu DCI-P3 99%, tái tạo dải màu rộng lớn với độ chính xác cao, phù hợp cho cả công việc sáng tạo nội dung. Asus ROG Swift PG27AQDP còn trang bị các tính năng độc quyền của dòng ROG như GamePlus, GameVisual, và công nghệ chống mỏi mắt Eye Care, mang đến sự thoải mái tối ưu ngay cả trong những phiên chơi game kéo dài. Thiết kế hầm hố đặc trưng của ROG với chân đế chắc chắn và khả năng tùy chỉnh linh hoạt, cùng với hệ thống tản nhiệt hiệu quả, đảm bảo hiệu năng hoạt động ổn định. Đây là lựa chọn hoàn hảo cho những game thủ chuyên nghiệp, eSports và những người yêu cầu chất lượng hình ảnh cao nhất, nhất quán và tốc độ cao nhất. Họ sẽ có khả năng phản hồi tốt nhất từ màn hình của mình.',
            36, 'https://product.hstatic.net/200000722513/product/asus_pg27aqdp_gearvn_06c16bec410f483d8593c8c09a08ecba.jpg', '2025-01-21T10:17:56+00:00',1);
        
INSERT INTO product_image (name, product_variant_id, image_url, is_main)
VALUES
    ('Ảnh 1', 737, 'https://product.hstatic.net/200000722513/product/asus_pg27aqdp_gearvn_06c16bec410f483d8593c8c09a08ecba.jpg', TRUE),
    ('Ảnh 2', 737, 'https://product.hstatic.net/200000722513/product/h732__1__f46486294163409e96df8145d16faa1c.png', FALSE),
    ('Ảnh 3', 737, 'https://product.hstatic.net/200000722513/product/h732__2__7f7b557581204ea1a788d3531e833ac5.png', FALSE),
    ('Ảnh 4', 737, 'https://product.hstatic.net/200000722513/product/h732__3__e72885737fcd4924ba0e82b7140eede2.png', FALSE),
    ('Ảnh 5', 737, 'https://product.hstatic.net/200000722513/product/h732__4__079a7a4c279845fcb63abdc795e584c9.png', FALSE),
    ('Ảnh 6', 737, 'https://product.hstatic.net/200000722513/product/h732__5__2256e04678de4ab2b1a0d430fac72669.png', FALSE),
    ('Ảnh 7', 737, 'https://product.hstatic.net/200000722513/product/h732_318c3eda867949e9a66e428d06e40bc6.png', FALSE);
---
INSERT INTO product (name, seo_name, brand_id, specifications, description, created_by, image_url) 
    VALUES (
        'Màn hình Viewsonic VA2732A-H 27" IPS 120Hz viền mỏng', 'man-hinh-viewsonic-va2732a-h-27-ips-120hz-vien-mong', 55,
        '{"Nhà sản xuất": "ViewSonic"}',
        'Màn hình Viewsonic VA2732A-H là một lựa chọn tuyệt vời cho người dùng cần một màn hình có chất lượng hiển thị cao, tần số quét ấn tượng và thiết kế hiện đại. Với kích thước 27 inch, màn hình này mang đến không gian làm việc và giải trí rộng rãi, phù hợp cho cả công việc văn phòng, thiết kế đồ họa và chơi game. Tấm nền IPS (In-Plane Switching) đảm bảo màu sắc hiển thị chân thực, góc nhìn rộng lên đến 178 độ cả chiều ngang và dọc, giúp bạn không bị biến đổi màu sắc khi nhìn từ các góc khác nhau. Độ phân giải Full HD (1920 x 1080) sắc nét, tái tạo hình ảnh chi tiết và rõ ràng. Điểm nhấn đặc biệt của VA2732A-H là tần số quét 120Hz, mang lại trải nghiệm chuyển động mượt mà, giảm thiểu hiện tượng giật lag, xé hình, đặc biệt quan trọng khi chơi các tựa game hành động nhanh hoặc xem các nội dung video có nhiều cảnh chuyển động. Công nghệ Adaptive Sync giúp đồng bộ hóa tần số quét của màn hình với card đồ họa, tối ưu hóa hiệu suất hiển thị. Thiết kế viền siêu mỏng (borderless) không chỉ tạo cảm giác hiện đại, tinh tế mà còn rất lý tưởng cho việc thiết lập đa màn hình (multi-monitor setup), mang đến một không gian hiển thị liền mạch. Màn hình còn được trang bị các công nghệ bảo vệ mắt như Flicker-Free (chống nhấp nháy) và Blue Light Filter (giảm ánh sáng xanh), giúp bảo vệ mắt người dùng khỏi mỏi mắt và các tác hại tiềm ẩn khi sử dụng màn hình trong thời gian dài. Cổng kết nối đa dạng bao gồm HDMI và VGA, đáp ứng nhu cầu kết nối với nhiều thiết bị khác nhau. Với những ưu điểm vượt trội về chất lượng hình ảnh, tần số quét cao và thiết kế hiện đại, màn hình Viewsonic VA2732A-H là một sự đầu tư xứng đáng cho mọi người dùng cá nhân và chuyên nghiệp.',
        1, 'https://product.hstatic.net/200000722513/product/view_va2732a-h_gearvn_dfdcf24792dc4d0f912dcffcbeee0b16.jpg'
    );
INSERT INTO product_category (product_id, category_id) VALUES (738, 16);
INSERT INTO product_variant (
        product_id, name, seo_name, supplier_id, price, price_sale, quantity, sku, model, barcode, 
        specifications, description, warranty, image_url, release_at, created_by)
        VALUES ( 738, 'Màn hình Viewsonic VA2732A-H 27" IPS 120Hz viền mỏng', 'man-hinh-viewsonic-va2732a-h-27-ips-120hz-vien-mong',
            1, 3590000, 2490000, 10, 'MAN-VIE-VA2732A-H',
            'MAN-VIE-VA2732A-H', 'MAN-VIE-VA2732A-H',
            '{"Kích thước màn hình": "27 inch","Độ phân giải": "Full HD (1920 x 1080)","Tấm nền": "IPS","Tần số quét": "120 Hz","Thời gian đáp ứng": "1ms (MPRT)","Độ sáng": "250 cd/m² (typ)","Tỷ lệ tương phản tĩnh": "1500:1 (typ)","Tỷ lệ tương phản động": "50M:1","Nguồn sáng": "LED","Số màu hiển thị": "16.7 triệu màu","Không gian màu": "NTSC: 77% (Typ), sRGB: 109% size / 99% coverage (Typ)","Kích thước điểm ảnh": "0.311 mm (H) x 0.311 mm (V)","Bề mặt màn hình": "Chống lóa, Lớp phủ cứng (3H)","Công nghệ màn hình": "SuperClear® IPS, Eye Protech+, Flicker-Free, Lọc ánh sáng xanh, Adaptive-Sync","Tần số quét thích ứng": "Có","Cổng kết nối": "1 x HDMI 1.4, 1 x VGA, 1 x Jack âm thanh 3.5mm","Ngàm VESA": "100 x 100 mm","Loa tích hợp": "Không","Chế độ tiết kiệm năng lượng": "Eco Mode","Nguồn cấp": "Bộ chuyển đổi nguồn ngoài","Điện áp": "AC 100-240V","Tiêu thụ điện năng (điển hình)": "26W","Tiêu thụ điện năng (tối đa)": "30W","Chế độ chờ": "0.3W","Kích thước (có chân đế)": "615 x 458.8 x 225 mm","Kích thước (không chân đế)": "615 x 363.8 x 46 mm","Trọng lượng (có chân đế)": "3.6 kg","Thiết kế": "Viền mỏng 3 cạnh","Màu sắc": "Đen"}',
            'Màn hình Viewsonic VA2732A-H là một lựa chọn tuyệt vời cho người dùng cần một màn hình có chất lượng hiển thị cao, tần số quét ấn tượng và thiết kế hiện đại. Với kích thước 27 inch, màn hình này mang đến không gian làm việc và giải trí rộng rãi, phù hợp cho cả công việc văn phòng, thiết kế đồ họa và chơi game. Tấm nền IPS (In-Plane Switching) đảm bảo màu sắc hiển thị chân thực, góc nhìn rộng lên đến 178 độ cả chiều ngang và dọc, giúp bạn không bị biến đổi màu sắc khi nhìn từ các góc khác nhau. Độ phân giải Full HD (1920 x 1080) sắc nét, tái tạo hình ảnh chi tiết và rõ ràng. Điểm nhấn đặc biệt của VA2732A-H là tần số quét 120Hz, mang lại trải nghiệm chuyển động mượt mà, giảm thiểu hiện tượng giật lag, xé hình, đặc biệt quan trọng khi chơi các tựa game hành động nhanh hoặc xem các nội dung video có nhiều cảnh chuyển động. Công nghệ Adaptive Sync giúp đồng bộ hóa tần số quét của màn hình với card đồ họa, tối ưu hóa hiệu suất hiển thị. Thiết kế viền siêu mỏng (borderless) không chỉ tạo cảm giác hiện đại, tinh tế mà còn rất lý tưởng cho việc thiết lập đa màn hình (multi-monitor setup), mang đến một không gian hiển thị liền mạch. Màn hình còn được trang bị các công nghệ bảo vệ mắt như Flicker-Free (chống nhấp nháy) và Blue Light Filter (giảm ánh sáng xanh), giúp bảo vệ mắt người dùng khỏi mỏi mắt và các tác hại tiềm ẩn khi sử dụng màn hình trong thời gian dài. Cổng kết nối đa dạng bao gồm HDMI và VGA, đáp ứng nhu cầu kết nối với nhiều thiết bị khác nhau. Với những ưu điểm vượt trội về chất lượng hình ảnh, tần số quét cao và thiết kế hiện đại, màn hình Viewsonic VA2732A-H là một sự đầu tư xứng đáng cho mọi người dùng cá nhân và chuyên nghiệp.',
            36, 'https://product.hstatic.net/200000722513/product/view_va2732a-h_gearvn_dfdcf24792dc4d0f912dcffcbeee0b16.jpg', '2024-12-30T05:26:19+00:00',1);
        
INSERT INTO product_image (name, product_variant_id, image_url, is_main)
VALUES
    ('Ảnh 1', 738, 'https://product.hstatic.net/200000722513/product/view_va2732a-h_gearvn_dfdcf24792dc4d0f912dcffcbeee0b16.jpg', TRUE),
    ('Ảnh 2', 738, 'https://product.hstatic.net/200000722513/product/gpg-24-mon-va2732a-h-product_photo_b01_f4d6eae428774d528c3a59d62b6f8773.png', FALSE),
    ('Ảnh 3', 738, 'https://product.hstatic.net/200000722513/product/gpg-24-mon-va2732a-h-product_photo_b02_9dd64c10bf5e4114bee37c1e28840ce6.png', FALSE),
    ('Ảnh 4', 738, 'https://product.hstatic.net/200000722513/product/gpg-24-mon-va2732a-h-product_photo_c01_cf1616a172314e4d87075ff3c05d264e.png', FALSE),
    ('Ảnh 5', 738, 'https://product.hstatic.net/200000722513/product/gpg-24-mon-va2732a-h-product_photo_f03_c038779bb8934ff2857aeac899a12fce.png', FALSE),
    ('Ảnh 6', 738, 'https://product.hstatic.net/200000722513/product/gpg-24-mon-va2732a-h-product_photo_l01_2d513665c9fc4876a277fdeeac63605e.png', FALSE),
    ('Ảnh 7', 738, 'https://product.hstatic.net/200000722513/product/gpg-24-mon-va2732a-h-product_photo_lb01_f09f72047d2248a2a7c1f82eaf5c700e.png', FALSE),
    ('Ảnh 8', 738, 'https://product.hstatic.net/200000722513/product/gpg-24-mon-va2732a-h-product_photo_lf01_8165b826358b433cafe460f4b94f0f97.png', FALSE);
---
INSERT INTO product (name, seo_name, brand_id, specifications, description, created_by, image_url) 
    VALUES (
        'Màn hình ViewSonic VX2779A-HD-PRO 27" IPS 240Hz 1ms chuyên game', 'man-hinh-viewsonic-vx2779a-hd-pro-27-ips-240hz-1ms-chuyen-game', 55,
        '{"Nhà sản xuất": "ViewSonic"}',
        'Màn hình ViewSonic VX2779A-HD-PRO là lựa chọn hoàn hảo cho các game thủ chuyên nghiệp, mang đến trải nghiệm hình ảnh đỉnh cao với tần số quét 240Hz siêu mượt và thời gian phản hồi chỉ 1ms. Tấm nền IPS cao cấp cho góc nhìn rộng 178 độ, màu sắc sống động, chân thực với độ phân giải Full HD (1920x1080), đảm bảo mọi chi tiết trong game đều hiển thị sắc nét. Công nghệ AMD FreeSync Premium đồng bộ hóa tần số quét của màn hình với card đồ họa, loại bỏ hiện tượng xé hình, giật lag, mang lại những pha hành động liền mạch và mãn nhãn. Thiết kế viền mỏng 3 cạnh tối ưu không gian hiển thị, tạo cảm giác đắm chìm hơn vào thế giới game. Màn hình còn tích hợp nhiều chế độ hiển thị chuyên biệt cho từng thể loại game, cùng các cổng kết nối đa dạng HDMI, DisplayPort, USB-C hỗ trợ truyền tín hiệu và sạc thiết bị tiện lợi. Với ViewSonic VX2779A-HD-PRO, bạn sẽ có lợi thế cạnh tranh vượt trội và tận hưởng những giờ phút giải trí đỉnh cao.',
        1, 'https://product.hstatic.net/200000722513/product/view_vx2779a-hd-pro_gearvn_4df9dc714ab141f59c8be5a894f1ff2a.jpg'
    );
INSERT INTO product_category (product_id, category_id) VALUES (739, 16);
INSERT INTO product_variant (
        product_id, name, seo_name, supplier_id, price, price_sale, quantity, sku, model, barcode, 
        specifications, description, warranty, image_url, release_at, created_by)
        VALUES ( 739, 'Màn hình ViewSonic VX2779A-HD-PRO 27" IPS 240Hz 1ms chuyên game', 'man-hinh-viewsonic-vx2779a-hd-pro-27-ips-240hz-1ms-chuyen-game',
            1, 5590000, 4190000, 10, 'MAN-VIE-VX2779A-HD-PRO',
            'MAN-VIE-VX2779A-HD-PRO', 'MAN-VIE-VX2779A-HD-PRO',
            '{"Kích thước màn hình": "27 inch","Độ phân giải": "Full HD (1920 x 1080)","Tấm nền": "IPS (SuperClear IPS)","Tần số quét": "240Hz","Thời gian đáp ứng": "1ms (MPRT)","Độ sáng": "250 cd/m²","Tỷ lệ khung hình": "16:9","Công nghệ hiển thị": "HDR10","Tương thích tần số quét": "AMD FreeSync, G-Sync Compatible","Cổng kết nối": "2 x HDMI 1.4, 1 x DisplayPort 1.4, 1 x 3.5mm Audio Out","Hỗ trợ VESA": "100 x 100 mm","Màu sắc": "16.7 triệu màu","Độ phủ màu": "NTSC 72% (typ), sRGB 104% (typ)"}',
            'Màn hình ViewSonic VX2779A-HD-PRO là lựa chọn hoàn hảo cho các game thủ chuyên nghiệp, mang đến trải nghiệm hình ảnh đỉnh cao với tần số quét 240Hz siêu mượt và thời gian phản hồi chỉ 1ms. Tấm nền IPS cao cấp cho góc nhìn rộng 178 độ, màu sắc sống động, chân thực với độ phân giải Full HD (1920x1080), đảm bảo mọi chi tiết trong game đều hiển thị sắc nét. Công nghệ AMD FreeSync Premium đồng bộ hóa tần số quét của màn hình với card đồ họa, loại bỏ hiện tượng xé hình, giật lag, mang lại những pha hành động liền mạch và mãn nhãn. Thiết kế viền mỏng 3 cạnh tối ưu không gian hiển thị, tạo cảm giác đắm chìm hơn vào thế giới game. Màn hình còn tích hợp nhiều chế độ hiển thị chuyên biệt cho từng thể loại game, cùng các cổng kết nối đa dạng HDMI, DisplayPort, USB-C hỗ trợ truyền tín hiệu và sạc thiết bị tiện lợi. Với ViewSonic VX2779A-HD-PRO, bạn sẽ có lợi thế cạnh tranh vượt trội và tận hưởng những giờ phút giải trí đỉnh cao.',
            36, 'https://product.hstatic.net/200000722513/product/view_vx2779a-hd-pro_gearvn_4df9dc714ab141f59c8be5a894f1ff2a.jpg', '2024-12-03T03:34:55+00:00',1);
        
INSERT INTO product_image (name, product_variant_id, image_url, is_main)
VALUES
    ('Ảnh 1', 739, 'https://product.hstatic.net/200000722513/product/view_vx2779a-hd-pro_gearvn_4df9dc714ab141f59c8be5a894f1ff2a.jpg', TRUE),
    ('Ảnh 2', 739, 'https://product.hstatic.net/200000722513/product/gpg-24-mon-vx2779a-hd-pro-product_photo_b01_pc_e187bc7efded450f872649e257508cc5.jpg', FALSE),
    ('Ảnh 3', 739, 'https://product.hstatic.net/200000722513/product/gpg-24-mon-vx2779a-hd-pro-product_photo_c01_pc_f16cf4d66b1f441c97169684e92abf4d.jpg', FALSE),
    ('Ảnh 4', 739, 'https://product.hstatic.net/200000722513/product/gpg-24-mon-vx2779a-hd-pro-product_photo_lb02_pc_ca6d23c1a11047aca4a1a30c78a5aac7.jpg', FALSE),
    ('Ảnh 5', 739, 'https://product.hstatic.net/200000722513/product/gpg-24-mon-vx2779a-hd-pro-product_photo_lf01_pc_f3d2de59ee364f12929773f4a78fdd6f.jpg', FALSE),
    ('Ảnh 6', 739, 'https://product.hstatic.net/200000722513/product/gpg-24-mon-vx2779a-hd-pro-product_photo_lf02_pc_2265d69e3796415fa71c5fda2c659db0.jpg', FALSE),
    ('Ảnh 7', 739, 'https://product.hstatic.net/200000722513/product/gpg-24-mon-vx2779a-hd-pro-product_photo_rb02_pc_7e09fd4fad2f4cd2ae754345d034142f.jpg', FALSE),
    ('Ảnh 8', 739, 'https://product.hstatic.net/200000722513/product/gpg-24-mon-vx2779a-hd-pro-product_photo_rf01_pc_1bafe951c41842b5aaaf2f657c887c9f.jpg', FALSE);
---
INSERT INTO product (name, seo_name, brand_id, specifications, description, created_by, image_url) 
    VALUES (
        'Màn hình ASUS TUF GAMING VG27AQ3A 27" Fast IPS 2K 180Hz Gsync chuyên game', 'man-hinh-asus-tuf-gaming-vg27aq3a-27-fast-ips-2k-180hz-gsync-chuyen-game', 3,
        '{"Thương hiệu": "Asus", "Kích thước": "27 inch", "Độ phân giải": "2K (2560 x 1440) (16:9)", "Tấm nền": "IPS", "Tần số quét": "180Hz", "Thời gian phản hồi": "1ms", "Kiểu màn hình": "Phẳng", "Độ sáng": "250 cd/m2", "Góc nhìn": "178 (H) / 178 (V)", "Khả năng hiển thị màu sắc": "16.7 triệu màu, sRGB 130%", "Độ tương phản": "1000:1", "Cổng xuất hình": "DisplayPort 1.4 x 1 (HBR2), HDMI (v2.0) x 2, Earphone Jack: Yes", "Khối lượng": "Có chân đế: 4.6 Kg, Không có chân đế: 3.6 Kg, Đóng gói: 7.2 Kg", "Tiêu thụ điện": "Power Consumption: <35W, Power Saving Mode: <0.5W, Power Off Mode: <0.3W, Voltage: 100-240V, 50/60Hz", "Thiết kế": "Tilt: Yes (+20° ~ -5°), Swivel: Yes (+20° ~ -20°), VESA Wall Mounting: 100x100mm, Kensington Lock: Yes", "Kích thước chuẩn": "Có chân đế: 615 x 455 x 214 mm, Không có chân đế: 615 x 367 x 54 mm, Đóng gói: 686 x 475 x 160 mm", "Phụ kiện đi kèm": "DisplayPort cable, HDMI cable, L-shaped Screwdriver, Power adapter, Power cord, Quick start guide, Warranty Card"}',
        'Màn hình ASUS TUF GAMING VG27AQ3A sở hữu kích thước 27 inch, tấm nền Fast IPS mang đến khả năng hiển thị màu sắc sống động và góc nhìn rộng. Độ phân giải 2K (2560 x 1440) kết hợp với tần số quét siêu tốc 180Hz giúp tái hiện mọi khung hình mượt mà, sắc nét, loại bỏ hiện tượng bóng ma và xé hình hiệu quả, đặc biệt là trong các tựa game hành động nhanh. Công nghệ G-Sync Compatibility đảm bảo đồng bộ hóa tần số quét giữa card đồ họa và màn hình, mang đến trải nghiệm chơi game không giật lag, hình ảnh chân thực đến từng chi tiết. Tốc độ phản hồi 1ms (MPRT) giúp các pha xử lý trong game diễn ra tức thời, không bỏ lỡ bất kỳ khoảnh khắc quan trọng nào. Màn hình còn được trang bị các công nghệ độc quyền của ASUS như ASUS Extreme Low Motion Blur Sync (ELMB SYNC) để giảm thiểu hiện tượng mờ nhòe, Eye Care technology giúp bảo vệ mắt người dùng khi sử dụng trong thời gian dài với khả năng giảm ánh sáng xanh và chống nhấp nháy. Thiết kế theo phong cách TUF Gaming hầm hố, bền bỉ với chân đế chắc chắn, hỗ trợ nhiều tùy chỉnh góc nhìn, giúp game thủ tìm được vị trí ngồi thoải mái nhất. Cổng kết nối đa dạng bao gồm DisplayPort 1.4 và HDMI 2.0, đáp ứng nhu cầu kết nối với nhiều thiết bị. Đây là lựa chọn hoàn hảo cho các game thủ chuyên nghiệp, yêu cầu hiệu năng cao và chất lượng hình ảnh đỉnh cao.',
        1, 'https://product.hstatic.net/200000722513/product/asus_vg27aq3a_gearvn_ee8cb5fe0d1c495dbf48fe2456f75923.jpg'
    );
INSERT INTO product_category (product_id, category_id) VALUES (740, 16);
INSERT INTO product_variant (
        product_id, name, seo_name, supplier_id, price, price_sale, quantity, sku, model, barcode, 
        specifications, description, warranty, image_url, release_at, created_by)
        VALUES ( 740, 'Màn hình ASUS TUF GAMING VG27AQ3A 27" Fast IPS 2K 180Hz Gsync chuyên game', 'man-hinh-asus-tuf-gaming-vg27aq3a-27-fast-ips-2k-180hz-gsync-chuyen-game',
            1, 8990000, 5850000, 10, 'MAN-ASU-TUF-VG27AQ3A',
            'MAN-ASU-TUF-VG27AQ3A', 'MAN-ASU-TUF-VG27AQ3A',
            '{"Thương hiệu": "Asus", "Kích thước": "27 inch", "Độ phân giải": "2K (2560 x 1440) (16:9)", "Tấm nền": "IPS", "Tần số quét": "180Hz", "Thời gian phản hồi": "1ms", "Kiểu màn hình": "Phẳng", "Độ sáng": "250 cd/m2", "Góc nhìn": "178 (H) / 178 (V)", "Khả năng hiển thị màu sắc": "16.7 triệu màu, sRGB 130%", "Độ tương phản": "1000:1", "Cổng xuất hình": "DisplayPort 1.4 x 1 (HBR2), HDMI (v2.0) x 2, Earphone Jack: Yes", "Khối lượng": "Có chân đế: 4.6 Kg, Không có chân đế: 3.6 Kg, Đóng gói: 7.2 Kg", "Tiêu thụ điện": "Power Consumption: <35W, Power Saving Mode: <0.5W, Power Off Mode: <0.3W, Voltage: 100-240V, 50/60Hz", "Thiết kế": "Tilt: Yes (+20° ~ -5°), Swivel: Yes (+20° ~ -20°), VESA Wall Mounting: 100x100mm, Kensington Lock: Yes", "Kích thước chuẩn": "Có chân đế: 615 x 455 x 214 mm, Không có chân đế: 615 x 367 x 54 mm, Đóng gói: 686 x 475 x 160 mm", "Phụ kiện đi kèm": "DisplayPort cable, HDMI cable, L-shaped Screwdriver, Power adapter, Power cord, Quick start guide, Warranty Card"}',
            'Màn hình ASUS TUF GAMING VG27AQ3A sở hữu kích thước 27 inch, tấm nền Fast IPS mang đến khả năng hiển thị màu sắc sống động và góc nhìn rộng. Độ phân giải 2K (2560 x 1440) kết hợp với tần số quét siêu tốc 180Hz giúp tái hiện mọi khung hình mượt mà, sắc nét, loại bỏ hiện tượng bóng ma và xé hình hiệu quả, đặc biệt là trong các tựa game hành động nhanh. Công nghệ G-Sync Compatibility đảm bảo đồng bộ hóa tần số quét giữa card đồ họa và màn hình, mang đến trải nghiệm chơi game không giật lag, hình ảnh chân thực đến từng chi tiết. Tốc độ phản hồi 1ms (MPRT) giúp các pha xử lý trong game diễn ra tức thời, không bỏ lỡ bất kỳ khoảnh khắc quan trọng nào. Màn hình còn được trang bị các công nghệ độc quyền của ASUS như ASUS Extreme Low Motion Blur Sync (ELMB SYNC) để giảm thiểu hiện tượng mờ nhòe, Eye Care technology giúp bảo vệ mắt người dùng khi sử dụng trong thời gian dài với khả năng giảm ánh sáng xanh và chống nhấp nháy. Thiết kế theo phong cách TUF Gaming hầm hố, bền bỉ với chân đế chắc chắn, hỗ trợ nhiều tùy chỉnh góc nhìn, giúp game thủ tìm được vị trí ngồi thoải mái nhất. Cổng kết nối đa dạng bao gồm DisplayPort 1.4 và HDMI 2.0, đáp ứng nhu cầu kết nối với nhiều thiết bị. Đây là lựa chọn hoàn hảo cho các game thủ chuyên nghiệp, yêu cầu hiệu năng cao và chất lượng hình ảnh đỉnh cao.',
            36, 'https://product.hstatic.net/200000722513/product/asus_vg27aq3a_gearvn_ee8cb5fe0d1c495dbf48fe2456f75923.jpg', '2024-03-04T10:49:34+00:00',1);
        
INSERT INTO product_image (name, product_variant_id, image_url, is_main)
VALUES
    ('Ảnh 1', 740, 'https://product.hstatic.net/200000722513/product/asus_vg27aq3a_gearvn_ee8cb5fe0d1c495dbf48fe2456f75923.jpg', TRUE),
    ('Ảnh 2', 740, 'https://product.hstatic.net/200000722513/product/45798_m__n_h__nh_gaming_asus_tuf_gaming_vg27aq3a__2__d26f149d2572444ab698dc3ef68e8501.jpg', FALSE),
    ('Ảnh 3', 740, 'https://product.hstatic.net/200000722513/product/hinh-asus-tuf-gaming-vg27aq3a-27-fast-ips-2k-180hz-gsync-chuyen-game-1_99185276e8514430ba08fef56c0bb772.jpg', FALSE),
    ('Ảnh 4', 740, 'https://product.hstatic.net/200000722513/product/hinh-asus-tuf-gaming-vg27aq3a-27-fast-ips-2k-180hz-gsync-chuyen-game-2_70e20a559cb84f76ae1428841404e0e0.jpg', FALSE),
    ('Ảnh 5', 740, 'https://product.hstatic.net/200000722513/product/hinh-asus-tuf-gaming-vg27aq3a-27-fast-ips-2k-180hz-gsync-chuyen-game-3_696e42882c5d4ff091285f1fe488c6e2.jpg', FALSE),
    ('Ảnh 6', 740, 'https://product.hstatic.net/200000722513/product/hinh-asus-tuf-gaming-vg27aq3a-27-fast-ips-2k-180hz-gsync-chuyen-game-4_7957b50f4cc04413bff3a678ab68cfe7.jpg', FALSE),
    ('Ảnh 7', 740, 'https://product.hstatic.net/200000722513/product/hinh-asus-tuf-gaming-vg27aq3a-27-fast-ips-2k-180hz-gsync-chuyen-game-5_2859306add124deaab09280e69bfd7a4.jpg', FALSE),
    ('Ảnh 8', 740, 'https://product.hstatic.net/200000722513/product/hinh-asus-tuf-gaming-vg27aq3a-27-fast-ips-2k-180hz-gsync-chuyen-game-6_e47dd97e38e942298d9a58b4e749ef59.jpg', FALSE);
---
INSERT INTO product (name, seo_name, brand_id, specifications, description, created_by, image_url) 
    VALUES (
        'Màn hình Asus ROG Strix XG27ACS 27" Fast IPS 2K 180Hz Gsync chuyên game', 'man-hinh-asus-rog-strix-xg27acs-27-fast-ips-2k-180hz-gsync-chuyen-game', 3,
        '{"Kích thước màn hình":"27 inch","Kiểu màn hình":"Phẳng","Tấm nền":"IPS","Tỉ lệ màn hình":"16:9","Độ phân giải":"2560 x 1440","Tần số quét":"180Hz","Thời gian phản hồi":"1ms","Số lượng màu":"16.7 triệu màu","Độ phủ màu":"133% sRGB, 97% DCI-P3","Độ sáng":"350 cd/m²","Góc nhìn":"178°/178°","Độ tương phản tĩnh":"1000:1","Nghiêng":"+20° / -5°","Điều chỉnh độ cao":"120mm","Treo tường":"100 x 100 mm","Cổng kết nối":"DisplayPort 1.4, HDMI 2.0, USB-C, Audio 3.5mm","Tính năng":"Hạn chế ánh sáng xanh, Chống chói, Chống nháy, Tương thích NVIDIA G-Sync và AMD FreeSync, VESA DisplayHDR 400, Hỗ trợ HDR10","Công suất tiêu thụ":"<23W","Trọng lượng":"Có chân đế: 6.61 kg, Không chân đế: 3.93 kg"}',
        'Màn hình Gaming ASUS ROG STRIX XG27ACS 27 inch - Độ phân giải WQHD đạt 2560 x 1440\nMàn hình Gaming ASUS ROG STRIX XG27ACS 27 inch có thiết kế và tính năng nổi trội, bạn sẽ có trải nghiệm ấn tượng trong thời gian dài sử dụng. Bạn có thể đưa ra quyết định mua sản phẩm tại nơi uy tín để hạn chế mua sản phẩm kém chất lượng.\n\n Độ phân giải WQHD đạt 2560 x 1440, tần số quét 180Hz\nMàn hình này với kích thước lớn là 27 inch và độ phân giải QHD đạt 2560 x 1440, tạo điều kiện cho một trải nghiệm hình ảnh sắc nét và chi tiết. Sử dụng công nghệ tấm nền IPS, nó mang lại góc nhìn mở rộng và màu sắc chân thực, giúp bạn thưởng thức nội dung một cách trung thực hơn.\n\nVới tần số quét cao lên đến 180Hz và thời gian phản hồi nhanh chỉ trong 1ms, màn hình Gaming ASUS ROG STRIX XG27ACS 27 inch là sự lựa chọn lý tưởng cho những người yêu thích game, mang đến trải nghiệm chơi game mượt mà và không có hiện tượng nhòe hình.\n\nMàn hình Gaming ASUS ROG STRIX XG27ACS 27 inch - Độ phân giải WQHD đạt 2560 x 1440\n\nĐộ sáng của màn hình đảm bảo hình ảnh sáng rõ dưới nhiều điều kiện ánh sáng môi trường khác nhau. Tỉ lệ tương phản đạt 1000:1 giúp tái tạo màu sắc đầy đặc và phong phú, tạo ra hình ảnh sắc nét và chi tiết.\n\nThiết kế hiện đại, trọng lượng gọn nhẹ\nTrọng lượng có chân đế kết hợp kích thước vật lý kèm với kệ gọn nhẹ.. Kích thước chiều cao có thể điều chỉnh sẽ giúp đảm bảo rằng sản phẩm phù hợp với không gian lắp đặt cụ thể của họ.\n\nVới thiết kế khung viền tinh tế mỏng nhẹ, góc cạnh mềm mại tạo nên vẻ đẹp sang trọng. Màn hình Gaming ASUS ROG STRIX XG27ACS 27 inch có màu đen chủ đạo đen của sản phẩm giúp tôn lên thiết kế của sản phẩm, phù hợp với nhiều phong cách và không gian khác nhau. \n\nMàn hình Gaming ASUS ROG STRIX XG27ACS 27 inch - Độ phân giải WQHD đạt 2560 x 1440\n\nKhả năng tương thích với HDR10 cho phép các nội dung đa phương tiện hiển thị độ tương phản cao hơn, màu sắc chân thực hơn và chi tiết tốt hơn trong cảnh quay sáng và tối. Màn hình này được trang bị 1 cổng DisplayPort (phiên bản 1.4) và 1 cổng HDMI (phiên bản 2.0) giúp bạn kết nối màn hình với các thiết bị ngoại vi khác nhau.',
        1, 'https://product.hstatic.net/200000722513/product/asus_xg27acs_gearvn_50cb7c1a568e4610ac4e723d30349803.jpg'
    );
INSERT INTO product_category (product_id, category_id) VALUES (741, 16);
INSERT INTO product_variant (
        product_id, name, seo_name, supplier_id, price, price_sale, quantity, sku, model, barcode, 
        specifications, description, warranty, image_url, release_at, created_by)
        VALUES ( 741, 'Màn hình Asus ROG Strix XG27ACS 27" Fast IPS 2K 180Hz Gsync chuyên game', 'man-hinh-asus-rog-strix-xg27acs-27-fast-ips-2k-180hz-gsync-chuyen-game',
            1, 8990000, 6890000, 10, 'MAN-ASU-XG27ACS',
            'MAN-ASU-XG27ACS', 'MAN-ASU-XG27ACS',
            '{"Kích thước màn hình":"27 inch","Kiểu màn hình":"Phẳng","Tấm nền":"IPS","Tỉ lệ màn hình":"16:9","Độ phân giải":"2560 x 1440","Tần số quét":"180Hz","Thời gian phản hồi":"1ms","Số lượng màu":"16.7 triệu màu","Độ phủ màu":"133% sRGB, 97% DCI-P3","Độ sáng":"350 cd/m²","Góc nhìn":"178°/178°","Độ tương phản tĩnh":"1000:1","Nghiêng":"+20° / -5°","Điều chỉnh độ cao":"120mm","Treo tường":"100 x 100 mm","Cổng kết nối":"DisplayPort 1.4, HDMI 2.0, USB-C, Audio 3.5mm","Tính năng":"Hạn chế ánh sáng xanh, Chống chói, Chống nháy, Tương thích NVIDIA G-Sync và AMD FreeSync, VESA DisplayHDR 400, Hỗ trợ HDR10","Công suất tiêu thụ":"<23W","Trọng lượng":"Có chân đế: 6.61 kg, Không chân đế: 3.93 kg"}',
            'Màn hình Gaming ASUS ROG STRIX XG27ACS 27 inch - Độ phân giải WQHD đạt 2560 x 1440\nMàn hình Gaming ASUS ROG STRIX XG27ACS 27 inch có thiết kế và tính năng nổi trội, bạn sẽ có trải nghiệm ấn tượng trong thời gian dài sử dụng. Bạn có thể đưa ra quyết định mua sản phẩm tại nơi uy tín để hạn chế mua sản phẩm kém chất lượng.\n\n Độ phân giải WQHD đạt 2560 x 1440, tần số quét 180Hz\nMàn hình này với kích thước lớn là 27 inch và độ phân giải QHD đạt 2560 x 1440, tạo điều kiện cho một trải nghiệm hình ảnh sắc nét và chi tiết. Sử dụng công nghệ tấm nền IPS, nó mang lại góc nhìn mở rộng và màu sắc chân thực, giúp bạn thưởng thức nội dung một cách trung thực hơn.\n\nVới tần số quét cao lên đến 180Hz và thời gian phản hồi nhanh chỉ trong 1ms, màn hình Gaming ASUS ROG STRIX XG27ACS 27 inch là sự lựa chọn lý tưởng cho những người yêu thích game, mang đến trải nghiệm chơi game mượt mà và không có hiện tượng nhòe hình.\n\nMàn hình Gaming ASUS ROG STRIX XG27ACS 27 inch - Độ phân giải WQHD đạt 2560 x 1440\n\nĐộ sáng của màn hình đảm bảo hình ảnh sáng rõ dưới nhiều điều kiện ánh sáng môi trường khác nhau. Tỉ lệ tương phản đạt 1000:1 giúp tái tạo màu sắc đầy đặc và phong phú, tạo ra hình ảnh sắc nét và chi tiết.\n\nThiết kế hiện đại, trọng lượng gọn nhẹ\nTrọng lượng có chân đế kết hợp kích thước vật lý kèm với kệ gọn nhẹ.. Kích thước chiều cao có thể điều chỉnh sẽ giúp đảm bảo rằng sản phẩm phù hợp với không gian lắp đặt cụ thể của họ.\n\nVới thiết kế khung viền tinh tế mỏng nhẹ, góc cạnh mềm mại tạo nên vẻ đẹp sang trọng. Màn hình Gaming ASUS ROG STRIX XG27ACS 27 inch có màu đen chủ đạo đen của sản phẩm giúp tôn lên thiết kế của sản phẩm, phù hợp với nhiều phong cách và không gian khác nhau. \n\nMàn hình Gaming ASUS ROG STRIX XG27ACS 27 inch - Độ phân giải WQHD đạt 2560 x 1440\n\nKhả năng tương thích với HDR10 cho phép các nội dung đa phương tiện hiển thị độ tương phản cao hơn, màu sắc chân thực hơn và chi tiết tốt hơn trong cảnh quay sáng và tối. Màn hình này được trang bị 1 cổng DisplayPort (phiên bản 1.4) và 1 cổng HDMI (phiên bản 2.0) giúp bạn kết nối màn hình với các thiết bị ngoại vi khác nhau.',
            36, 'https://product.hstatic.net/200000722513/product/asus_xg27acs_gearvn_50cb7c1a568e4610ac4e723d30349803.jpg', '2024-04-05T04:29:45+00:00',1);
        
INSERT INTO product_image (name, product_variant_id, image_url, is_main)
VALUES
    ('Ảnh 1', 741, 'https://product.hstatic.net/200000722513/product/asus_xg27acs_gearvn_50cb7c1a568e4610ac4e723d30349803.jpg', TRUE),
    ('Ảnh 2', 741, 'https://product.hstatic.net/200000722513/product/h732_09613fc83b2b48b99011a323e0ef540b.png', FALSE),
    ('Ảnh 3', 741, 'https://product.hstatic.net/200000722513/product/n-hinh-asus-rog-strix-xg27acs-27-fast-ips-2k-180hz-gsync-chuyen-game-1_8832c85cae2a402a8dec490071860357.jpg', FALSE),
    ('Ảnh 4', 741, 'https://product.hstatic.net/200000722513/product/n-hinh-asus-rog-strix-xg27acs-27-fast-ips-2k-180hz-gsync-chuyen-game-2_1f73806f11484c3ca33dee79ad63ffba.jpg', FALSE),
    ('Ảnh 5', 741, 'https://product.hstatic.net/200000722513/product/n-hinh-asus-rog-strix-xg27acs-27-fast-ips-2k-180hz-gsync-chuyen-game-3_0b800e99ae6048709ec38399db090474.jpg', FALSE),
    ('Ảnh 6', 741, 'https://product.hstatic.net/200000722513/product/n-hinh-asus-rog-strix-xg27acs-27-fast-ips-2k-180hz-gsync-chuyen-game-4_c00a3b52e7ef466591068a8bc60796bf.jpg', FALSE),
    ('Ảnh 7', 741, 'https://product.hstatic.net/200000722513/product/n-hinh-asus-rog-strix-xg27acs-27-fast-ips-2k-180hz-gsync-chuyen-game-5_2cc78d2830b1487ba644548fa461438c.jpg', FALSE),
    ('Ảnh 8', 741, 'https://product.hstatic.net/200000722513/product/n-hinh-asus-rog-strix-xg27acs-27-fast-ips-2k-180hz-gsync-chuyen-game-6_84eed36dd9c1489fa25174098ff97924.jpg', FALSE);
---
INSERT INTO product (name, seo_name, brand_id, specifications, description, created_by, image_url) 
    VALUES (
        'Màn hình cong ViewSonic VX3418C-2K 34" 2K 180Hz chuyên game', 'man-hinh-cong-viewsonic-vx3418c-2k-34-2k-180hz-chuyen-game', 55,
        '{"Kích thước màn hình": "34 inch","Độ phân giải": "UWQHD 3440 x 1440","Tấm nền": "VA","Tần số quét": "180Hz","Thời gian phản hồi": "1ms","Độ sáng": "250 nits","Tỉ lệ tương phản": "4000:1","Tích hợp loa": "2x 5W","Tương thích ngàm VESA": "100 x 100 mm","Cổng kết nối HDMI": "2x HDMI 2.0","Cổng kết nối DisplayPort": "2x DisplayPort 1.4","Cổng kết nối âm thanh": "1x Đầu ra âm thanh 3,5 mm","Tỷ lệ màn hình": "21:9","Công nghệ": "HDR10, AMD FreeSync Premium, Flicker-Free"}',
        'Màn hình cong ViewSonic VX3418C-2K là một lựa chọn tuyệt vời cho game thủ chuyên nghiệp và những người đam mê công nghệ. Với kích thước 34 inch và độ phân giải 2K (3440 x 1440), màn hình mang đến hình ảnh sắc nét, chi tiết đến kinh ngạc cùng không gian hiển thị rộng lớn, cho phép bạn đắm chìm hoàn toàn vào thế giới game. Tần số quét siêu tốc 180Hz kết hợp với thời gian phản hồi chỉ 1ms (MPRT) loại bỏ hiện tượng giật lag và mờ nhòe, đảm bảo mọi chuyển động trong game diễn ra mượt mà, chính xác đến từng milisecond, mang lại lợi thế cạnh tranh tối thượng. Công nghệ tấm nền VA tiên tiến cung cấp độ tương phản động cao, màu sắc rực rỡ và góc nhìn rộng, tái tạo hình ảnh sống động và chân thực. Màn hình cong 1500R ôm trọn tầm nhìn, giảm thiểu sự phân tâm và mang lại trải nghiệm xem thoải mái hơn, đặc biệt trong các phiên chơi game dài. ViewSonic VX3418C-2K còn được trang bị các công nghệ bảo vệ mắt như Flicker-Free và Blue Light Filter, giúp giảm mỏi mắt khi sử dụng lâu. Hỗ trợ Adaptive-Sync (tương thích với FreeSync Premium) đồng bộ hóa tần số quét của màn hình với card đồ họa, loại bỏ hiện tượng xé hình, mang lại trải nghiệm chơi game liền mạch. Thiết kế viền mỏng tối ưu hóa không gian hiển thị và tạo cảm giác hiện đại, sang trọng cho bàn làm việc của bạn. Màn hình cung cấp đa dạng các cổng kết nối như HDMI và DisplayPort, dễ dàng kết nối với các thiết bị chơi game và máy tính.',
        1, 'https://cdn.hstatic.net/products/200000722513/view_vx3418c-2k_gearvn_7c8323adc0a54856af9c99ea2d90c57b.jpg'
    );
INSERT INTO product_category (product_id, category_id) VALUES (742, 16);
INSERT INTO product_variant (
        product_id, name, seo_name, supplier_id, price, price_sale, quantity, sku, model, barcode, 
        specifications, description, warranty, image_url, release_at, created_by)
        VALUES ( 742, 'Màn hình cong ViewSonic VX3418C-2K 34" 2K 180Hz chuyên game', 'man-hinh-cong-viewsonic-vx3418c-2k-34-2k-180hz-chuyen-game',
            1, 8900000, 7590000, 10, 'MAN-VIE-VX3418C-2K',
            'MAN-VIE-VX3418C-2K', 'MAN-VIE-VX3418C-2K',
            '{"Kích thước màn hình": "34 inch","Độ phân giải": "UWQHD 3440 x 1440","Tấm nền": "VA","Tần số quét": "180Hz","Thời gian phản hồi": "1ms","Độ sáng": "250 nits","Tỉ lệ tương phản": "4000:1","Tích hợp loa": "2x 5W","Tương thích ngàm VESA": "100 x 100 mm","Cổng kết nối HDMI": "2x HDMI 2.0","Cổng kết nối DisplayPort": "2x DisplayPort 1.4","Cổng kết nối âm thanh": "1x Đầu ra âm thanh 3,5 mm","Tỷ lệ màn hình": "21:9","Công nghệ": "HDR10, AMD FreeSync Premium, Flicker-Free"}',
            'Màn hình cong ViewSonic VX3418C-2K là một lựa chọn tuyệt vời cho game thủ chuyên nghiệp và những người đam mê công nghệ. Với kích thước 34 inch và độ phân giải 2K (3440 x 1440), màn hình mang đến hình ảnh sắc nét, chi tiết đến kinh ngạc cùng không gian hiển thị rộng lớn, cho phép bạn đắm chìm hoàn toàn vào thế giới game. Tần số quét siêu tốc 180Hz kết hợp với thời gian phản hồi chỉ 1ms (MPRT) loại bỏ hiện tượng giật lag và mờ nhòe, đảm bảo mọi chuyển động trong game diễn ra mượt mà, chính xác đến từng milisecond, mang lại lợi thế cạnh tranh tối thượng. Công nghệ tấm nền VA tiên tiến cung cấp độ tương phản động cao, màu sắc rực rỡ và góc nhìn rộng, tái tạo hình ảnh sống động và chân thực. Màn hình cong 1500R ôm trọn tầm nhìn, giảm thiểu sự phân tâm và mang lại trải nghiệm xem thoải mái hơn, đặc biệt trong các phiên chơi game dài. ViewSonic VX3418C-2K còn được trang bị các công nghệ bảo vệ mắt như Flicker-Free và Blue Light Filter, giúp giảm mỏi mắt khi sử dụng lâu. Hỗ trợ Adaptive-Sync (tương thích với FreeSync Premium) đồng bộ hóa tần số quét của màn hình với card đồ họa, loại bỏ hiện tượng xé hình, mang lại trải nghiệm chơi game liền mạch. Thiết kế viền mỏng tối ưu hóa không gian hiển thị và tạo cảm giác hiện đại, sang trọng cho bàn làm việc của bạn. Màn hình cung cấp đa dạng các cổng kết nối như HDMI và DisplayPort, dễ dàng kết nối với các thiết bị chơi game và máy tính.',
            36, 'https://cdn.hstatic.net/products/200000722513/view_vx3418c-2k_gearvn_7c8323adc0a54856af9c99ea2d90c57b.jpg', '2025-07-22T07:05:28+00:00',1);
        
INSERT INTO product_image (name, product_variant_id, image_url, is_main)
VALUES
    ('Ảnh 1', 742, 'https://cdn.hstatic.net/products/200000722513/view_vx3418c-2k_gearvn_7c8323adc0a54856af9c99ea2d90c57b.jpg', TRUE),
    ('Ảnh 2', 742, 'https://cdn.hstatic.net/products/200000722513/m2_2ef35f8479f0486f82a9f6d7d671830f.png', FALSE),
    ('Ảnh 3', 742, 'https://cdn.hstatic.net/products/200000722513/m3_ec447455199849809a34ec850775c024.png', FALSE),
    ('Ảnh 4', 742, 'https://cdn.hstatic.net/products/200000722513/m4_ac3d45958e484546836180c4dc0312ee.png', FALSE),
    ('Ảnh 5', 742, 'https://cdn.hstatic.net/products/200000722513/m5_b0c9f26a6f4f48e3925e61086786bb4c.png', FALSE),
    ('Ảnh 6', 742, 'https://cdn.hstatic.net/products/200000722513/m6_9700c42c16ee4511af5dbdada8e54d1d.png', FALSE),
    ('Ảnh 7', 742, 'https://cdn.hstatic.net/products/200000722513/m7_1f75c2ce23de43bf9eccdd2df2de1d0a.png', FALSE);
---
INSERT INTO product (name, seo_name, brand_id, specifications, description, created_by, image_url) 
    VALUES (
        'Màn hình cong LG 34GX90SA-W 34" OLED 2K 240Hz chuyên game', 'man-hinh-cong-lg-34gx90sa-w-oled-2k-240hz-chuyen-game', 12,
        '{"Kích thước màn hình":"34 inch","Kiểu màn hình":"Cong","Độ cong":"800R","Tấm nền":"OLED","Tỉ lệ màn hình":"21:9","Độ phân giải":"3440 x 1440","Tần số quét":"240Hz","Thời gian phản hồi":"0.03ms","Số lượng màu":"1.07 tỷ màu, 10-bit","Độ phủ màu":"DCI-P3 98.5% (CIE1976)","Độ sáng":"275 cd/m²","Độ tương phản tĩnh":"1500000:1","Công nghệ màn hình":"HDR10, Điều chỉnh độ sáng tự động, VRR, Crosshair","Nghiêng":"Có","Xoay":"Có","Điều chỉnh độ cao":"Có","Cổng kết nối":"HDMI, DisplayPort, USB-C, Đầu ra tai nghe, LAN (RJ-45)","Hệ thống âm thanh":"7W x 2","Tính năng":"Chống chói, Chế độ chơi game, Chống nháy, Tương thích NVIDIA G-Sync và AMD FreeSync Premium, VESA DisplayHDR 400","Tiện ích":"Chế độ đọc sách, Bluetooth, Hệ điều hành webOS, AI Picture, Dynamic Tone Mapping, AI Personalized Picture Wizard, AI Sound, Hexagon Lighting","Công suất tiêu thụ":"<0.5W (Tắt DC)","Kích thước":"Có chân đế: 784.1 x 580.4 x 291.8 mm (UP) / 784.1 x 470.4 x 291.8 mm (Down); Không chân đế: 784.1 x 358.3 x 167.1 mm","Trọng lượng":"Có chân đế: 10.4 kg, Không chân đế: 6.2 kg"}',
        'Màn hình cong LG 34GX90SA-W quảng bá một trải nghiệm chơi game tuyệt vời với các tính năng nổi bật và thiết kế hiện đại, hứa hẹn sẽ làm hài lòng cả những game thủ khó tính nhất. Dưới đây là bài đánh giá chi tiết về sản phẩm này.\n\nThiết kế hiện đại và ấn tượng\nVới độ cong 800R, LG 34GX90SA-W ôm trọn tầm nhìn của game thủ, kiến tạo một không gian hiển thị liền mạch và chân thực đến khó tin. Thiết kế này không chỉ tăng cường cảm giác nhập vai sâu sắc vào mọi trận chiến, mà còn tối ưu hóa sự thoải mái cho đôi mắt, giảm thiểu tình trạng mỏi mắt khi trải nghiệm game trong thời gian dài.\n\nMàn hình cong LG 34GX90SA-W 34\n\nĐộ phân giải và chất lượng hình ảnh vượt trội\nVới độ phân giải 3440 x 1440 và công nghệ OLED, màn hình này mang đến hình ảnh sắc nét và rực rỡ. Màu sắc được tái tạo chính xác với độ tương phản cao, giúp các chi tiết trong game trở nên sống động và chân thực hơn.\n\nTần số quét 240Hz và thời gian phản hồi 0.03ms\nĐây là những con số ấn tượng giúp loại bỏ hoàn toàn hiện tượng xé hình, giật lag hay bóng mờ, đảm bảo mọi chuyển động trên màn hình diễn ra mượt mà, nhanh nhạy đến từng khung hình. Game thủ sẽ phản ứng tức thì và chính xác, làm chủ mọi tình huống trong game.\n\nMàn hình cong LG 34GX90SA-W 34\n\nCông nghệ HDR cho trải nghiệm hình ảnh tốt nhất\nMàn hình LG 34GX90SA-W hỗ trợ công nghệ HDR10, mang đến dải màu rộng và độ sáng tối ưu. Nhờ vào khả năng tái tạo màu sắc chính xác, người chơi sẽ cảm nhận được sự khác biệt rõ rệt khi tham gia vào các trò chơi có đồ họa cao.\n\nCác tính năng hỗ trợ chơi game tối ưu\nMàn hình này còn được trang bị nhiều công nghệ hiện đại hỗ trợ chơi game như FreeSync và G-Sync, giúp đồng bộ hóa tần số quét giữa màn hình và card đồ họa, mang đến trải nghiệm chơi game mượt mà hơn, không bị xé hình.\n\nMàn hình cong LG 34GX90SA-W 34\n\nCông nghệ OLED với VESA DisplayHDR True Black 400\nMàn hình OLED mang đến khả năng hiển thị màu đen tuyệt đối, độ tương phản 1,5M:1 và dải màu DCI-P3 98.5% (điển hình), tái tạo hình ảnh với độ sâu và chi tiết đáng kinh ngạc. Từ những pha hành động bùng nổ đến những cảnh quay tối tăm đầy kịch tính, mọi sắc thái đều được thể hiện một cách chân thực và sống động nhất.\n\nKết nối đa dạng\nMàn hình LG 34GX90SA-W được trang bị nhiều cổng kết nối như HDMI 2.0, DisplayPort 1.4 và USB-C, giúp người dùng dễ dàng kết nối với nhiều thiết bị khác nhau, từ máy tính đến console một cách thuận tiện.\n\nMàn hình cong LG 34GX90SA-W 34\n\nMàn hình cong LG 34GX90SA-W 34\n\nBảo vệ đôi mắt \n\nLG thấu hiểu tầm quan trọng của việc bảo vệ đôi mắt cho game thủ. Công nghệ LG WOLED được UL xác minh giúp hạn chế tiếp xúc với ánh sáng xanh có hại và loại bỏ hiện tượng nhấp nháy (Flicker-Free, Discomfort Glare Free, Low Blue Light Hardware Solution Platinum). Bề mặt màn hình chống chói cũng là một điểm cộng lớn, giúp giảm phản xạ ánh sáng khó chịu, cho phép bạn tập trung hoàn toàn vào trận đấu.\n\nMàn hình cong LG 34GX90SA-W 34\n\nTính năng thông minh webOS\nKhông chỉ dừng lại ở hiệu năng gaming, LG 34GX90SA-W còn tích hợp hệ điều hành webOS thông minh. Điều này biến chiếc màn hình của bạn thành một trung tâm giải trí đa năng, nơi bạn có thể dễ dàng truy cập các ứng dụng, xem phim, nghe nhạc mà không cần đến thiết bị ngoại vi phức tạp.',
        1, 'https://product.hstatic.net/200000722513/product/lg_34gx90sa-w_gearvn_17a0185667854c7f984875a5e68ebd09.jpg'
    );
INSERT INTO product_category (product_id, category_id) VALUES (743, 16);
INSERT INTO product_variant (
        product_id, name, seo_name, supplier_id, price, price_sale, quantity, sku, model, barcode, 
        specifications, description, warranty, image_url, release_at, created_by)
        VALUES ( 743, 'Màn hình cong LG 34GX90SA-W 34" OLED 2K 240Hz chuyên game', 'man-hinh-cong-lg-34gx90sa-w-oled-2k-240hz-chuyen-game',
            1, 32990000, 26990000, 10, 'MAN-LG-34GX90SA-W',
            'MAN-LG-34GX90SA-W', 'MAN-LG-34GX90SA-W',
            '{"Kích thước màn hình":"34 inch","Kiểu màn hình":"Cong","Độ cong":"800R","Tấm nền":"OLED","Tỉ lệ màn hình":"21:9","Độ phân giải":"3440 x 1440","Tần số quét":"240Hz","Thời gian phản hồi":"0.03ms","Số lượng màu":"1.07 tỷ màu, 10-bit","Độ phủ màu":"DCI-P3 98.5% (CIE1976)","Độ sáng":"275 cd/m²","Độ tương phản tĩnh":"1500000:1","Công nghệ màn hình":"HDR10, Điều chỉnh độ sáng tự động, VRR, Crosshair","Nghiêng":"Có","Xoay":"Có","Điều chỉnh độ cao":"Có","Cổng kết nối":"HDMI, DisplayPort, USB-C, Đầu ra tai nghe, LAN (RJ-45)","Hệ thống âm thanh":"7W x 2","Tính năng":"Chống chói, Chế độ chơi game, Chống nháy, Tương thích NVIDIA G-Sync và AMD FreeSync Premium, VESA DisplayHDR 400","Tiện ích":"Chế độ đọc sách, Bluetooth, Hệ điều hành webOS, AI Picture, Dynamic Tone Mapping, AI Personalized Picture Wizard, AI Sound, Hexagon Lighting","Công suất tiêu thụ":"<0.5W (Tắt DC)","Kích thước":"Có chân đế: 784.1 x 580.4 x 291.8 mm (UP) / 784.1 x 470.4 x 291.8 mm (Down); Không chân đế: 784.1 x 358.3 x 167.1 mm","Trọng lượng":"Có chân đế: 10.4 kg, Không chân đế: 6.2 kg"}',
            'Màn hình cong LG 34GX90SA-W quảng bá một trải nghiệm chơi game tuyệt vời với các tính năng nổi bật và thiết kế hiện đại, hứa hẹn sẽ làm hài lòng cả những game thủ khó tính nhất. Dưới đây là bài đánh giá chi tiết về sản phẩm này.\n\nThiết kế hiện đại và ấn tượng\nVới độ cong 800R, LG 34GX90SA-W ôm trọn tầm nhìn của game thủ, kiến tạo một không gian hiển thị liền mạch và chân thực đến khó tin. Thiết kế này không chỉ tăng cường cảm giác nhập vai sâu sắc vào mọi trận chiến, mà còn tối ưu hóa sự thoải mái cho đôi mắt, giảm thiểu tình trạng mỏi mắt khi trải nghiệm game trong thời gian dài.\n\nMàn hình cong LG 34GX90SA-W 34\n\nĐộ phân giải và chất lượng hình ảnh vượt trội\nVới độ phân giải 3440 x 1440 và công nghệ OLED, màn hình này mang đến hình ảnh sắc nét và rực rỡ. Màu sắc được tái tạo chính xác với độ tương phản cao, giúp các chi tiết trong game trở nên sống động và chân thực hơn.\n\nTần số quét 240Hz và thời gian phản hồi 0.03ms\nĐây là những con số ấn tượng giúp loại bỏ hoàn toàn hiện tượng xé hình, giật lag hay bóng mờ, đảm bảo mọi chuyển động trên màn hình diễn ra mượt mà, nhanh nhạy đến từng khung hình. Game thủ sẽ phản ứng tức thì và chính xác, làm chủ mọi tình huống trong game.\n\nMàn hình cong LG 34GX90SA-W 34\n\nCông nghệ HDR cho trải nghiệm hình ảnh tốt nhất\nMàn hình LG 34GX90SA-W hỗ trợ công nghệ HDR10, mang đến dải màu rộng và độ sáng tối ưu. Nhờ vào khả năng tái tạo màu sắc chính xác, người chơi sẽ cảm nhận được sự khác biệt rõ rệt khi tham gia vào các trò chơi có đồ họa cao.\n\nCác tính năng hỗ trợ chơi game tối ưu\nMàn hình này còn được trang bị nhiều công nghệ hiện đại hỗ trợ chơi game như FreeSync và G-Sync, giúp đồng bộ hóa tần số quét giữa màn hình và card đồ họa, mang đến trải nghiệm chơi game mượt mà hơn, không bị xé hình.\n\nMàn hình cong LG 34GX90SA-W 34\n\nCông nghệ OLED với VESA DisplayHDR True Black 400\nMàn hình OLED mang đến khả năng hiển thị màu đen tuyệt đối, độ tương phản 1,5M:1 và dải màu DCI-P3 98.5% (điển hình), tái tạo hình ảnh với độ sâu và chi tiết đáng kinh ngạc. Từ những pha hành động bùng nổ đến những cảnh quay tối tăm đầy kịch tính, mọi sắc thái đều được thể hiện một cách chân thực và sống động nhất.\n\nKết nối đa dạng\nMàn hình LG 34GX90SA-W được trang bị nhiều cổng kết nối như HDMI 2.0, DisplayPort 1.4 và USB-C, giúp người dùng dễ dàng kết nối với nhiều thiết bị khác nhau, từ máy tính đến console một cách thuận tiện.\n\nMàn hình cong LG 34GX90SA-W 34\n\nMàn hình cong LG 34GX90SA-W 34\n\nBảo vệ đôi mắt \n\nLG thấu hiểu tầm quan trọng của việc bảo vệ đôi mắt cho game thủ. Công nghệ LG WOLED được UL xác minh giúp hạn chế tiếp xúc với ánh sáng xanh có hại và loại bỏ hiện tượng nhấp nháy (Flicker-Free, Discomfort Glare Free, Low Blue Light Hardware Solution Platinum). Bề mặt màn hình chống chói cũng là một điểm cộng lớn, giúp giảm phản xạ ánh sáng khó chịu, cho phép bạn tập trung hoàn toàn vào trận đấu.\n\nMàn hình cong LG 34GX90SA-W 34\n\nTính năng thông minh webOS\nKhông chỉ dừng lại ở hiệu năng gaming, LG 34GX90SA-W còn tích hợp hệ điều hành webOS thông minh. Điều này biến chiếc màn hình của bạn thành một trung tâm giải trí đa năng, nơi bạn có thể dễ dàng truy cập các ứng dụng, xem phim, nghe nhạc mà không cần đến thiết bị ngoại vi phức tạp.',
            24, 'https://product.hstatic.net/200000722513/product/lg_34gx90sa-w_gearvn_17a0185667854c7f984875a5e68ebd09.jpg', '2025-06-18T02:49:31+00:00',1);
        
INSERT INTO product_image (name, product_variant_id, image_url, is_main)
VALUES
    ('Ảnh 1', 743, 'https://product.hstatic.net/200000722513/product/lg_34gx90sa-w_gearvn_17a0185667854c7f984875a5e68ebd09.jpg', TRUE),
    ('Ảnh 2', 743, 'https://product.hstatic.net/200000722513/product/1_878ea56a74c648d4b9003151ac6a4c2a.png', FALSE),
    ('Ảnh 3', 743, 'https://product.hstatic.net/200000722513/product/2_443d58cdbb814a41a42b0a422440bd3c.png', FALSE),
    ('Ảnh 4', 743, 'https://product.hstatic.net/200000722513/product/3_36a3b70192f74dfa85e0a4abfafbfc68.png', FALSE),
    ('Ảnh 5', 743, 'https://product.hstatic.net/200000722513/product/4_2f31f3850696476fb06de466e50d7b2c.png', FALSE),
    ('Ảnh 6', 743, 'https://product.hstatic.net/200000722513/product/5_c47fe4a5873a4a5c927d09a63c9bcd83.png', FALSE),
    ('Ảnh 7', 743, 'https://product.hstatic.net/200000722513/product/6_558e3a15aaca40a987acf65ae2880331.png', FALSE),
    ('Ảnh 8', 743, 'https://product.hstatic.net/200000722513/product/7_0ae454c358994c40a59b649aa103c0fa.png', FALSE);
---
INSERT INTO product (name, seo_name, brand_id, specifications, description, created_by, image_url) 
    VALUES (
        'Màn hình cong Samsung Odyssey G9 LS49DG930 49" OLED 2K 240Hz USBC', 'man-hinh-cong-samsung-odyssey-g9-ls49dg930-49-oled-2k-240hz-usbc', 16,
        '{"Kích thước màn hình":"49 inch","Kiểu màn hình":"Cong","Tấm nền":"OLED","Tỉ lệ màn hình":"32:9","Độ phân giải":"5120 x 1440","Tần số quét":"240Hz","Thời gian phản hồi":"0.03ms","Số lượng màu":"1 tỷ màu","Độ sáng":"250 cd/m²","Góc nhìn":"178°(H)/178°(V)","Độ tương phản tĩnh":"1,000,000:1","Nghiêng":"-2° ~ 15°","Điều chỉnh độ cao":"120 mm","Cổng kết nối":"DisplayPort 1.4 x1, HDMI 2.1 x1, Micro HDMI 2.1 x1","Hệ thống âm thanh":"5W x2","Tính năng":"Hạn chế ánh sáng xanh, Chống chói, Chống nháy, AMD FreeSync Premium Pro","Công suất tiêu thụ":"Tối đa 220W","Kích thước":"Có chân đế: 1194.7 x 529.3 x 284.1 mm","Trọng lượng":"Có chân đế: 12.6 kg"}',
        'Màn hình cong Samsung Odyssey G9 LS49DG930 49\" là một trong những sản phẩm đáng chú ý nhất trong dòng màn hình chơi game cao cấp. Với thiết kế hiện đại và các tính năng vượt trội, sản phẩm này hứa hẹn mang đến trải nghiệm chơi game tuyệt vời cho người dùng. Trong bài viết này, chúng ta sẽ cùng nhau khám phá những điểm nổi bật của sản phẩm này.\n\nThiết kế tinh tế và ấn tượng\n\n\nSamsung Odyssey G9 LS49DG930 sở hữu thiết kế cong độc đáo, mang lại cảm giác sống động và hấp dẫn hơn cho người dùng. Màn hình máy tính này có kích thước lên đến 49 inch, cùng với tỷ lệ khung hình 32:9, giúp người dùng có được trải nghiệm đa nhiệm tối ưu hơn. Đường cong 1000R của màn hình đồng nhất với hình dạng của mắt người, tối ưu hóa góc nhìn và giảm sự mỏi mắt trong suốt quá trình sử dụng.\n\nĐộ phân giải hình ảnh tuyệt vời\n\n\nVới độ phân giải 2K Dual QHD (5120 x 1440), màn hình Samsung Odyssey G9 LS49DG930 cung cấp chất lượng hình ảnh sắc nét và chi tiết. Đây là một trong những yếu tốthen ảnh hưởng lớn đến trải nghiệm người chơi, giúp bạn dễ dàng nắm bắt các tình huống trong game từ xa và tận hưởng các cảnh quay sống động.\n\nTần số quét 240Hz và thời gian phản hồi 1ms\nVới tần số quét lên đến 240Hz, Odyssey G9 đảm bảo rằng bạn luôn có được những hình ảnh mượt mà và không bị giật hình trong các tình huống chơi game nhanh chóng. Thời gian phản hồi chỉ 1ms cũng giúp hạn chế hiện tượng bóng ma, cho hình ảnh trở nên rõ ràng và mượt mà hơn bao giờ hết.\n\nCông nghệ OLED tiên tiến\n\n\nSản phẩm này được trang bị công nghệ màn hình OLED, giúp mang lại độ tương phản cao, màu đen sâu và màu sắc sống động. Nhờ vậy, bạn có thể thưởng thức các trò chơi với chất lượng hình ảnh tốt nhất, làm nổi bật các chi tiết trong từng khung hình.\n\nTính năng Game Mode và hỗ trợ G-Sync\nSamsung Odyssey G9 LS49DG930 được trang bị nhiều chế độ game khác nhau, từ chế độ FPS đến chế độ RTS, tùy thuộc vào loại trò chơi mà bạn đang tham gia. Bên cạnh đó, màn hình còn hỗ trợ công nghệ G-Sync và FreeSync Premium Pro, giúp loại bỏ hiện tượng xé hình và mang đến một trải nghiệm chơi game tuyệt vời.\n\nKết nối đa dạng với USB-C\n\n\nMàn hình Odyssey G9 LS49DG930 tích hợp cổng USB-C, cho phép người dùng dễ dàng kết nối với laptop hoặc các thiết bị di động khác. Điều này không chỉ tiết kiệm không gian, mà còn mang lại sự tiện lợi cho việc sử dụng màn hình trong các môi trường đa nhiệm.',
        1, 'https://product.hstatic.net/200000722513/product/samsung_ls49dg930sexxv_gearvn_b475b324cf5b4d8e89855eba7d33871c.jpg'
    );
INSERT INTO product_category (product_id, category_id) VALUES (744, 16);
INSERT INTO product_variant (
        product_id, name, seo_name, supplier_id, price, price_sale, quantity, sku, model, barcode, 
        specifications, description, warranty, image_url, release_at, created_by)
        VALUES ( 744, 'Màn hình cong Samsung Odyssey G9 LS49DG930 49" OLED 2K 240Hz USBC', 'man-hinh-cong-samsung-odyssey-g9-ls49dg930-49-oled-2k-240hz-usbc',
            1, 45990000, 36890000, 10, 'MAN-SAM-LS49DG930SEXXV',
            'MAN-SAM-LS49DG930SEXXV', 'MAN-SAM-LS49DG930SEXXV',
            '{"Kích thước màn hình":"49 inch","Kiểu màn hình":"Cong","Tấm nền":"OLED","Tỉ lệ màn hình":"32:9","Độ phân giải":"5120 x 1440","Tần số quét":"240Hz","Thời gian phản hồi":"0.03ms","Số lượng màu":"1 tỷ màu","Độ sáng":"250 cd/m²","Góc nhìn":"178°(H)/178°(V)","Độ tương phản tĩnh":"1,000,000:1","Nghiêng":"-2° ~ 15°","Điều chỉnh độ cao":"120 mm","Cổng kết nối":"DisplayPort 1.4 x1, HDMI 2.1 x1, Micro HDMI 2.1 x1","Hệ thống âm thanh":"5W x2","Tính năng":"Hạn chế ánh sáng xanh, Chống chói, Chống nháy, AMD FreeSync Premium Pro","Công suất tiêu thụ":"Tối đa 220W","Kích thước":"Có chân đế: 1194.7 x 529.3 x 284.1 mm","Trọng lượng":"Có chân đế: 12.6 kg"}',
            'Màn hình cong Samsung Odyssey G9 LS49DG930 49\" là một trong những sản phẩm đáng chú ý nhất trong dòng màn hình chơi game cao cấp. Với thiết kế hiện đại và các tính năng vượt trội, sản phẩm này hứa hẹn mang đến trải nghiệm chơi game tuyệt vời cho người dùng. Trong bài viết này, chúng ta sẽ cùng nhau khám phá những điểm nổi bật của sản phẩm này.\n\nThiết kế tinh tế và ấn tượng\n\n\nSamsung Odyssey G9 LS49DG930 sở hữu thiết kế cong độc đáo, mang lại cảm giác sống động và hấp dẫn hơn cho người dùng. Màn hình máy tính này có kích thước lên đến 49 inch, cùng với tỷ lệ khung hình 32:9, giúp người dùng có được trải nghiệm đa nhiệm tối ưu hơn. Đường cong 1000R của màn hình đồng nhất với hình dạng của mắt người, tối ưu hóa góc nhìn và giảm sự mỏi mắt trong suốt quá trình sử dụng.\n\nĐộ phân giải hình ảnh tuyệt vời\n\n\nVới độ phân giải 2K Dual QHD (5120 x 1440), màn hình Samsung Odyssey G9 LS49DG930 cung cấp chất lượng hình ảnh sắc nét và chi tiết. Đây là một trong những yếu tốthen ảnh hưởng lớn đến trải nghiệm người chơi, giúp bạn dễ dàng nắm bắt các tình huống trong game từ xa và tận hưởng các cảnh quay sống động.\n\nTần số quét 240Hz và thời gian phản hồi 1ms\nVới tần số quét lên đến 240Hz, Odyssey G9 đảm bảo rằng bạn luôn có được những hình ảnh mượt mà và không bị giật hình trong các tình huống chơi game nhanh chóng. Thời gian phản hồi chỉ 1ms cũng giúp hạn chế hiện tượng bóng ma, cho hình ảnh trở nên rõ ràng và mượt mà hơn bao giờ hết.\n\nCông nghệ OLED tiên tiến\n\n\nSản phẩm này được trang bị công nghệ màn hình OLED, giúp mang lại độ tương phản cao, màu đen sâu và màu sắc sống động. Nhờ vậy, bạn có thể thưởng thức các trò chơi với chất lượng hình ảnh tốt nhất, làm nổi bật các chi tiết trong từng khung hình.\n\nTính năng Game Mode và hỗ trợ G-Sync\nSamsung Odyssey G9 LS49DG930 được trang bị nhiều chế độ game khác nhau, từ chế độ FPS đến chế độ RTS, tùy thuộc vào loại trò chơi mà bạn đang tham gia. Bên cạnh đó, màn hình còn hỗ trợ công nghệ G-Sync và FreeSync Premium Pro, giúp loại bỏ hiện tượng xé hình và mang đến một trải nghiệm chơi game tuyệt vời.\n\nKết nối đa dạng với USB-C\n\n\nMàn hình Odyssey G9 LS49DG930 tích hợp cổng USB-C, cho phép người dùng dễ dàng kết nối với laptop hoặc các thiết bị di động khác. Điều này không chỉ tiết kiệm không gian, mà còn mang lại sự tiện lợi cho việc sử dụng màn hình trong các môi trường đa nhiệm.',
            24, 'https://product.hstatic.net/200000722513/product/samsung_ls49dg930sexxv_gearvn_b475b324cf5b4d8e89855eba7d33871c.jpg', '2025-04-24T07:10:39+00:00',1);
        
INSERT INTO product_image (name, product_variant_id, image_url, is_main)
VALUES
    ('Ảnh 1', 744, 'https://product.hstatic.net/200000722513/product/samsung_ls49dg930sexxv_gearvn_b475b324cf5b4d8e89855eba7d33871c.jpg', TRUE),
    ('Ảnh 2', 744, 'https://product.hstatic.net/200000722513/product/2_21afe5a59b42489ab8c6558801fe39fa.png', FALSE),
    ('Ảnh 3', 744, 'https://product.hstatic.net/200000722513/product/3_a1d66e0177dc414195df8b80610bba44.png', FALSE),
    ('Ảnh 4', 744, 'https://product.hstatic.net/200000722513/product/4_ee3b7393f62e45b7a22db93039fe8459.png', FALSE),
    ('Ảnh 5', 744, 'https://product.hstatic.net/200000722513/product/5_d4cc99c3183942b6a6efc4c7caccbb02.png', FALSE),
    ('Ảnh 6', 744, 'https://product.hstatic.net/200000722513/product/6_b69ff0d8cef24509a5c5e734d582a442.png', FALSE),
    ('Ảnh 7', 744, 'https://product.hstatic.net/200000722513/product/7_1723ece3010844958d1b62498ce7b080.png', FALSE),
    ('Ảnh 8', 744, 'https://product.hstatic.net/200000722513/product/8_7db74119fdfe44fcbfd48e643eb5cb85.png', FALSE);
---
INSERT INTO product (name, seo_name, brand_id, specifications, description, created_by, image_url) 
    VALUES (
        'Màn hình ViewSonic VX3480-2K-PRO 34" 2K 165Hz chuyên game', 'man-hinh-viewsonic-vx3480-2k-pro-34-2k-165hz-chuyen-game', 55,
        '{"Kích thước màn hình": "34 inch", "Kiểu màn hình": "Phẳng", "Tấm nền": "VA", "Độ phân giải": "3440 x 1440", "Tần số quét": "165 Hz", "Thời gian phản hồi": "1 ms", "Độ sáng": "300 cd/m²", "Không gian màu": "128% sRGB", "Khử nhấp nháy": "Có", "Tương thích VESA": "100x100", "Cổng kết nối": "2 x HDMI, 1 x DisplayPort", "Phụ kiện trong hộp": "Dây nguồn; dây HDMI (optional); dây DisplayPort (optional)"}',
        'ViewSonic VX3480-2K-PRO là một trong những chiếc màn hình gaming ultrawide 2K 165Hz đáng chú ý nhất trên thị trường hiện nay. Với kích thước 34 inch siêu rộng, độ phân giải 2K sắc nét và tần số quét 165Hz siêu tốc, cùng hàng loạt công nghệ tiên tiến khác, chiếc màn hình này hứa hẹn sẽ định nghĩa lại trải nghiệm của bạn, dù là trong game hay trong công việc.\n\nMàn hình ViewSonic VX3480-2K-PRO 34\n\nKhông gian hiển thị ultrawide đắm chìm\nVới kích thước 34 inch và tỉ lệ 21:9, ViewSonic VX3480-2K-PRO mở ra một không gian hiển thị rộng gấp rưỡi màn hình 16:9 truyền thống. Màn hình cong (khả năng cao 1500R/1800R) ôm trọn tầm nhìn, tăng cường sự đắm chìm trong game và phim ảnh. Đối với công việc, không gian ultrawide này cho phép bạn dễ dàng sắp xếp nhiều cửa sổ cạnh nhau, nâng cao hiệu suất làm việc đa nhiệm. \n\nMàn hình ViewSonic VX3480-2K-PRO 34\n\nChân đế công thái học hỗ trợ điều chỉnh độ cao, nghiêng, xoay và ngàm VESA, đảm bảo sự thoải mái tối đa khi sử dụng lâu dài.\n\nHiệu năng gaming tuyệt đỉnh\nViewSonic VX3480-2K-PRO được sinh ra cho tốc độ. Độ phân giải UWQHD (3440 x 1440) mang lại hình ảnh sắc nét, giàu chi tiết mà vẫn đủ nhẹ để card đồ họa xử lý. Tần số quét 165Hz siêu tốc đảm bảo mọi chuyển động trong game, đặc biệt là các tựa game FPS và đua xe, đều cực kỳ mượt mà, giảm thiểu hiện tượng nhòe. \n\nMàn hình ViewSonic VX3480-2K-PRO 34\n\nThời gian phản hồi nhanh (1ms MPRT) loại bỏ bóng mờ. Công nghệ đồng bộ hóa khung hình (Adaptive Sync) loại bỏ hoàn toàn hiện tượng xé hình, mang đến trải nghiệm gaming mượt mà và liền mạch nhất.\n\nChất lượng hình ảnh sống động & tính năng hỗ trợ\nSử dụng tấm nền VA (ước tính dựa trên độ tương phản cao), màn hình cho màu đen sâu ấn tượng và độ tương phản tĩnh vượt trội (3000:1). Màn hình hỗ trợ HDR (khả năng cao HDR 400), mở rộng dải tương phản cho hình ảnh chi tiết hơn ở cả vùng sáng và vùng tối. \n\nMàn hình ViewSonic VX3480-2K-PRO 34\n\nCông nghệ bảo vệ mắt\n\nSử dụng máy tính trong thời gian dài có thể gây mỏi mắt. ViewSonic tích hợp các công nghệ bảo vệ mắt tiên tiến như công nghệ giảm ánh sáng xanh (Blue Light Filter) và công nghệ chống nháy hình (Flicker-Free). Công nghệ Flicker-Free loại bỏ hiện tượng nhấp nháy vô hình của đèn nền màn hình, một trong những nguyên nhân chính gây mỏi mắt. \n\nBộ lọc ánh sáng xanh giúp giảm lượng ánh sáng xanh có hại phát ra từ màn hình, đặc biệt quan trọng khi bạn sử dụng màn hình vào ban đêm. Những tính năng này góp phần tạo nên một trải nghiệm sử dụng thoải mái và an toàn cho thị lực của bạn.\n\nKết nối đa dạng và tiện lợi\nMàn hình trang bị đầy đủ các cổng kết nối cần thiết bao gồm DisplayPort (để đạt 165Hz), nhiều cổng HDMI, và cổng Audio Out 3.5mm, dễ dàng kết nối với PC gaming, console, laptop và các thiết bị khác.\n\nMàn hình ViewSonic VX3480-2K-PRO 34\n\nViewSonic VX3480-2K-PRO 34\" 2K 165Hz là một chiếc màn hình ultrawide mạnh mẽ và linh hoạt, mang đến sự kết hợp xuất sắc giữa hiệu năng gaming đỉnh cao và khả năng làm việc hiệu quả. Với không gian hiển thị rộng lớn, hình ảnh sắc nét, tốc độ phản hồi nhanh và các tính năng hỗ trợ đa dạng, đây là khoản đầu tư xứng đáng cho mọi dàn máy cao cấp.',
        1, 'https://product.hstatic.net/200000722513/product/view_vx3480-2k-pro_gearvn_90f61afb93cd496a9d88c272e7821d7c.jpg'
    );
INSERT INTO product_category (product_id, category_id) VALUES (745, 16);
INSERT INTO product_variant (
        product_id, name, seo_name, supplier_id, price, price_sale, quantity, sku, model, barcode, 
        specifications, description, warranty, image_url, release_at, created_by)
        VALUES ( 745, 'Màn hình ViewSonic VX3480-2K-PRO 34" 2K 165Hz chuyên game', 'man-hinh-viewsonic-vx3480-2k-pro-34-2k-165hz-chuyen-game',
            1, 8990000, 7390000, 10, 'MAN-VIE-VX3480-2K--PRO',
            'MAN-VIE-VX3480-2K--PRO', 'MAN-VIE-VX3480-2K--PRO',
            '{"Kích thước màn hình": "34 inch", "Kiểu màn hình": "Phẳng", "Tấm nền": "VA", "Độ phân giải": "3440 x 1440", "Tần số quét": "165 Hz", "Thời gian phản hồi": "1 ms", "Độ sáng": "300 cd/m²", "Không gian màu": "128% sRGB", "Khử nhấp nháy": "Có", "Tương thích VESA": "100x100", "Cổng kết nối": "2 x HDMI, 1 x DisplayPort", "Phụ kiện trong hộp": "Dây nguồn; dây HDMI (optional); dây DisplayPort (optional)"}',
            'ViewSonic VX3480-2K-PRO là một trong những chiếc màn hình gaming ultrawide 2K 165Hz đáng chú ý nhất trên thị trường hiện nay. Với kích thước 34 inch siêu rộng, độ phân giải 2K sắc nét và tần số quét 165Hz siêu tốc, cùng hàng loạt công nghệ tiên tiến khác, chiếc màn hình này hứa hẹn sẽ định nghĩa lại trải nghiệm của bạn, dù là trong game hay trong công việc.\n\nMàn hình ViewSonic VX3480-2K-PRO 34\n\nKhông gian hiển thị ultrawide đắm chìm\nVới kích thước 34 inch và tỉ lệ 21:9, ViewSonic VX3480-2K-PRO mở ra một không gian hiển thị rộng gấp rưỡi màn hình 16:9 truyền thống. Màn hình cong (khả năng cao 1500R/1800R) ôm trọn tầm nhìn, tăng cường sự đắm chìm trong game và phim ảnh. Đối với công việc, không gian ultrawide này cho phép bạn dễ dàng sắp xếp nhiều cửa sổ cạnh nhau, nâng cao hiệu suất làm việc đa nhiệm. \n\nMàn hình ViewSonic VX3480-2K-PRO 34\n\nChân đế công thái học hỗ trợ điều chỉnh độ cao, nghiêng, xoay và ngàm VESA, đảm bảo sự thoải mái tối đa khi sử dụng lâu dài.\n\nHiệu năng gaming tuyệt đỉnh\nViewSonic VX3480-2K-PRO được sinh ra cho tốc độ. Độ phân giải UWQHD (3440 x 1440) mang lại hình ảnh sắc nét, giàu chi tiết mà vẫn đủ nhẹ để card đồ họa xử lý. Tần số quét 165Hz siêu tốc đảm bảo mọi chuyển động trong game, đặc biệt là các tựa game FPS và đua xe, đều cực kỳ mượt mà, giảm thiểu hiện tượng nhòe. \n\nMàn hình ViewSonic VX3480-2K-PRO 34\n\nThời gian phản hồi nhanh (1ms MPRT) loại bỏ bóng mờ. Công nghệ đồng bộ hóa khung hình (Adaptive Sync) loại bỏ hoàn toàn hiện tượng xé hình, mang đến trải nghiệm gaming mượt mà và liền mạch nhất.\n\nChất lượng hình ảnh sống động & tính năng hỗ trợ\nSử dụng tấm nền VA (ước tính dựa trên độ tương phản cao), màn hình cho màu đen sâu ấn tượng và độ tương phản tĩnh vượt trội (3000:1). Màn hình hỗ trợ HDR (khả năng cao HDR 400), mở rộng dải tương phản cho hình ảnh chi tiết hơn ở cả vùng sáng và vùng tối. \n\nMàn hình ViewSonic VX3480-2K-PRO 34\n\nCông nghệ bảo vệ mắt\n\nSử dụng máy tính trong thời gian dài có thể gây mỏi mắt. ViewSonic tích hợp các công nghệ bảo vệ mắt tiên tiến như công nghệ giảm ánh sáng xanh (Blue Light Filter) và công nghệ chống nháy hình (Flicker-Free). Công nghệ Flicker-Free loại bỏ hiện tượng nhấp nháy vô hình của đèn nền màn hình, một trong những nguyên nhân chính gây mỏi mắt. \n\nBộ lọc ánh sáng xanh giúp giảm lượng ánh sáng xanh có hại phát ra từ màn hình, đặc biệt quan trọng khi bạn sử dụng màn hình vào ban đêm. Những tính năng này góp phần tạo nên một trải nghiệm sử dụng thoải mái và an toàn cho thị lực của bạn.\n\nKết nối đa dạng và tiện lợi\nMàn hình trang bị đầy đủ các cổng kết nối cần thiết bao gồm DisplayPort (để đạt 165Hz), nhiều cổng HDMI, và cổng Audio Out 3.5mm, dễ dàng kết nối với PC gaming, console, laptop và các thiết bị khác.\n\nMàn hình ViewSonic VX3480-2K-PRO 34\n\nViewSonic VX3480-2K-PRO 34\" 2K 165Hz là một chiếc màn hình ultrawide mạnh mẽ và linh hoạt, mang đến sự kết hợp xuất sắc giữa hiệu năng gaming đỉnh cao và khả năng làm việc hiệu quả. Với không gian hiển thị rộng lớn, hình ảnh sắc nét, tốc độ phản hồi nhanh và các tính năng hỗ trợ đa dạng, đây là khoản đầu tư xứng đáng cho mọi dàn máy cao cấp.',
            36, 'https://product.hstatic.net/200000722513/product/view_vx3480-2k-pro_gearvn_90f61afb93cd496a9d88c272e7821d7c.jpg', '2025-04-10T04:21:17+00:00',1);
        
INSERT INTO product_image (name, product_variant_id, image_url, is_main)
VALUES
    ('Ảnh 1', 745, 'https://product.hstatic.net/200000722513/product/view_vx3480-2k-pro_gearvn_90f61afb93cd496a9d88c272e7821d7c.jpg', TRUE),
    ('Ảnh 2', 745, 'https://product.hstatic.net/200000722513/product/1_90cfacd5b11c4104970e5b4cdc6aacf6.png', FALSE),
    ('Ảnh 3', 745, 'https://product.hstatic.net/200000722513/product/2_efb3d5a859ec400181f8a60540b0d74f.png', FALSE),
    ('Ảnh 4', 745, 'https://product.hstatic.net/200000722513/product/3_ef7e064d4b154951b4527c6097720776.png', FALSE),
    ('Ảnh 5', 745, 'https://product.hstatic.net/200000722513/product/4_147d5ad9b5aa4498b5b63411bf42030d.png', FALSE),
    ('Ảnh 6', 745, 'https://product.hstatic.net/200000722513/product/5_718b3370ef1b4cdbb649036b8db211bc.png', FALSE),
    ('Ảnh 7', 745, 'https://product.hstatic.net/200000722513/product/6_01ee96d8627a4b17819469a534287285.png', FALSE),
    ('Ảnh 8', 745, 'https://product.hstatic.net/200000722513/product/7_bcaed2f684504d7689cbb94bc630efee.png', FALSE),
    ('Ảnh 9', 745, 'https://product.hstatic.net/200000722513/product/8_34620a6f675c449b91627f25dee34f9d.png', FALSE),
    ('Ảnh 10', 745, 'https://product.hstatic.net/200000722513/product/9_cbb445abfdb6436dae09749b11a48da2.png', FALSE),
    ('Ảnh 11', 745, 'https://product.hstatic.net/200000722513/product/10_96fe9d6bd9324b05a55727b6f8b15da7.png', FALSE);
---
INSERT INTO product (name, seo_name, brand_id, specifications, description, created_by, image_url) 
    VALUES (
        'Màn hình cong LG 34WR55QK-B 34" 2K 100Hz USBC', 'man-hinh-cong-lg-34wr55qk-b-34-2k-100hz-usbc', 12,
        '{"Kích thước màn hình": "34 inches", "Kiểu màn hình": "Màn hình cong", "Độ cong": "1800R", "Tấm nền": "VA", "Tỉ lệ màn hình": "21:9", "Tần số quét": "100 Hz", "Thời gian phản hồi": "5 ms", "Số lượng màu": "16.7 triệu màu", "Độ phủ màu": "sRGB 90% (CIE1931)", "Độ sáng": "240 cd/m²", "Góc nhìn": "178º/178º", "Độ tương phản tĩnh": "3000:1", "Công nghệ màn hình": "HDR10, Đồng bộ hành động động, Super Resolution+, Hiệu ứng HDR", "Nghiêng": "-5~20˚", "Điều chỉnh độ cao": "110 mm", "Treo tường": "100 x 100 mm", "Độ phân giải": "3440 x 1440 pixels", "Cổng kết nối": "2x HDMI, 1x DisplayPort, 1x USB-C, 1x Audio Out, 2x USB 3.0 Downstream", "Tính năng màn hình": "Chống nháy, Chế độ tiết kiệm điện", "Tiện ích": "Chế độ đọc sách, Ảnh kề ảnh (PBP)", "Công suất tiêu thụ": "Tắt DC <0.3W", "Kích thước": "Có chân đế: 809 x 568.3 x 260 mm (Up) / 809 x 458.3 x 260 mm (Down), Không chân đế: 809 x 358.9 x 91.5 mm", "Trọng lượng": "Có chân đế: 6.9 kg, Không chân đế: 5 kg"}',
        'Màn hình cong LG 34WR55QK-B 34\" 2K 100Hz USBC là một thành phần không thể thiếu trong mọi góc setup, màn hình luôn là một trong những lựa chọn đau đầu dành cho mọi người dùng, đặc biệt là với dân văn phòng. \n\nMột bản thiết kế hoàn hảo cho công việc\nVì sao LG 34WR55QK-B được gọi như vậy? Điều này đến từ sự chỉn chu trong từng góc cạnh và chi tiết mà LG mang lại cho sản phẩm của mình. Chiếc màn hình khoác lên mình màu đen lịch lãm cùng các chi tiết đơn giản, vô cùng phù hợp với môi trường văn phòng làm việc sôi động của từng công ty. Bên cạnh đó là 3 cạnh viền siêu mỏng của màn hình cho góc nhìn rộng và tôn lên sự chuyên nghiệp từ LG. Phần chân đế công thái học được làm hình vòng đảm bảo sự chắc chắn nhất định khi kết nối với phần màn hình của LG 34WR55QK-B.\n\n- Màn hình cong LG 34WR55QK-B 34\n\nNhắc đến công thái học, điều này được bao quanh LG 34WR55QK-B. Chính là đến từ chiếc chân đế với khớp nối nhanh cùng vô vàn khả năng tùy chỉnh lý tưởng. Nhờ vậy, bạn có thể dễ dàng tùy chỉnh góc nhìn màn hình cho phù hợp với ánh mắt và chiều cao người dùng. Từ đó, người dùng có thể thoải mái trang bị thêm các màn hình phụ cùng với chiếc arm màn hình để tạo nên không gian làm việc tối ưu và hiệu quả nhất có thể.\n\nKích thước rộng rãi, thoải mái cho đa tác vụ\nKích thước 34 inch mà LG 34WR55QK-B cho chúng ta không gian hiển thị đã vô cùng ấn tượng rồi, điều này còn được kết hợp theo độ cong 1800R và tỷ lệ màn hình 21:9 càng khiến cho người dùng chúng ta phải thốt lên wow vì góc nhìn trên chính chiếc màn hình LG của chúng ta. Qua đó, giúp bạn thoải mái sắp xếp cùng lúc nhiều công việc cùng lúc trên LG 34WR55QK-B mà không phải khó chịu vì kích thước quá nhỏ khi chia nhỏ.\n\n- Màn hình cong LG 34WR55QK-B 34\n\nĐa nhiệm đỉnh cao cùng ứng dụng LG Switch\nĐể đảm bảo hiệu quả làm việc lành mạch, LG 34WR55QK-B đem đến cho chúng ta khả năng hỗ trợ tuyệt đối từ ứng dụng LG Switch. Khi đó bạn có thể tối ưu hóa không giản hiển thị công việc với khả năng phân chia màn hình thành 6 phần rõ ràng hay dễ dàng thực hiện video call chỉ bằng những thao tác nhấn đơn giản. Chưa dừng lại đó, LG 34WR55QK-B hỗ trợ thêm cho chúng ta công nghệ PBP (ảnh kề ảnh) giúp cho hình ảnh đến 2 hay nhiều màn hình hoặc thiết bị khác nhu laptop không bị giảm thiểu về chất lượng.\n\n- Màn hình cong LG 34WR55QK-B 34\n\nNhững khung hình chất lượng\nVà không làm người dùng chúng ta thất vọng, LG tiếp tục mang đến một phiên bản LG 34WR55QK-B vô cùng cao cấp để cho ra những khung hình sắc nét và sống động. Đó là sự tuyệt vời của gam màu 99% sRGB tạo nên chiều sâu trong mọi chi tiết, hay đó còn là khả năng tương thích từ HDR10 phù hợp cho mọi nhu cầu sử dụng của chúng ta mà chẳng kém gì bất kì chiếc màn hình đồ họa nào trên thị trường.\n\n- Màn hình cong LG 34WR55QK-B 34\n\nDễ dàng kết nối với sự dễ dàng và thông dụng\nLG 34WR55QK-B đưa những cổng kết nối tốt nhất ra đằng sau với góc độ. Đặc biệt rằng khi ở đó chúng ta sẽ được trang bị cổng USB Type-C vô cùng tiện lợi mang đầy đủ tính năng như truyền dữ liệu, sạc pin cho các thiết bị khác như laptop hay thậm chí đó là truyền phát hình ảnh. Đương nhiên, chúng ta không thể quên các cổng kết nối đáp ứng nhu cầu truyền phát hình ảnh thông dụng như DisplayPort và HDMI 2.0 để phục vụ cho nhu cầu trình chiếu hay kết nối cùng phần cứng trong case máy tính như VGA.',
        1, 'https://product.hstatic.net/200000722513/product/lg_34wr55qk-b_gearvn_176cf6e6841e4428b7e3746776ba154d.jpg'
    );
INSERT INTO product_category (product_id, category_id) VALUES (746, 16);
INSERT INTO product_variant (
        product_id, name, seo_name, supplier_id, price, price_sale, quantity, sku, model, barcode, 
        specifications, description, warranty, image_url, release_at, created_by)
        VALUES ( 746, 'Màn hình cong LG 34WR55QK-B 34" 2K 100Hz USBC', 'man-hinh-cong-lg-34wr55qk-b-34-2k-100hz-usbc',
            1, 12990000, 8650000, 10, 'MAN-LG-34WR55QK-B',
            'MAN-LG-34WR55QK-B', 'MAN-LG-34WR55QK-B',
            '{"Kích thước màn hình": "34 inches", "Kiểu màn hình": "Màn hình cong", "Độ cong": "1800R", "Tấm nền": "VA", "Tỉ lệ màn hình": "21:9", "Tần số quét": "100 Hz", "Thời gian phản hồi": "5 ms", "Số lượng màu": "16.7 triệu màu", "Độ phủ màu": "sRGB 90% (CIE1931)", "Độ sáng": "240 cd/m²", "Góc nhìn": "178º/178º", "Độ tương phản tĩnh": "3000:1", "Công nghệ màn hình": "HDR10, Đồng bộ hành động động, Super Resolution+, Hiệu ứng HDR", "Nghiêng": "-5~20˚", "Điều chỉnh độ cao": "110 mm", "Treo tường": "100 x 100 mm", "Độ phân giải": "3440 x 1440 pixels", "Cổng kết nối": "2x HDMI, 1x DisplayPort, 1x USB-C, 1x Audio Out, 2x USB 3.0 Downstream", "Tính năng màn hình": "Chống nháy, Chế độ tiết kiệm điện", "Tiện ích": "Chế độ đọc sách, Ảnh kề ảnh (PBP)", "Công suất tiêu thụ": "Tắt DC <0.3W", "Kích thước": "Có chân đế: 809 x 568.3 x 260 mm (Up) / 809 x 458.3 x 260 mm (Down), Không chân đế: 809 x 358.9 x 91.5 mm", "Trọng lượng": "Có chân đế: 6.9 kg, Không chân đế: 5 kg"}',
            'Màn hình cong LG 34WR55QK-B 34\" 2K 100Hz USBC là một thành phần không thể thiếu trong mọi góc setup, màn hình luôn là một trong những lựa chọn đau đầu dành cho mọi người dùng, đặc biệt là với dân văn phòng. \n\nMột bản thiết kế hoàn hảo cho công việc\nVì sao LG 34WR55QK-B được gọi như vậy? Điều này đến từ sự chỉn chu trong từng góc cạnh và chi tiết mà LG mang lại cho sản phẩm của mình. Chiếc màn hình khoác lên mình màu đen lịch lãm cùng các chi tiết đơn giản, vô cùng phù hợp với môi trường văn phòng làm việc sôi động của từng công ty. Bên cạnh đó là 3 cạnh viền siêu mỏng của màn hình cho góc nhìn rộng và tôn lên sự chuyên nghiệp từ LG. Phần chân đế công thái học được làm hình vòng đảm bảo sự chắc chắn nhất định khi kết nối với phần màn hình của LG 34WR55QK-B.\n\n- Màn hình cong LG 34WR55QK-B 34\n\nNhắc đến công thái học, điều này được bao quanh LG 34WR55QK-B. Chính là đến từ chiếc chân đế với khớp nối nhanh cùng vô vàn khả năng tùy chỉnh lý tưởng. Nhờ vậy, bạn có thể dễ dàng tùy chỉnh góc nhìn màn hình cho phù hợp với ánh mắt và chiều cao người dùng. Từ đó, người dùng có thể thoải mái trang bị thêm các màn hình phụ cùng với chiếc arm màn hình để tạo nên không gian làm việc tối ưu và hiệu quả nhất có thể.\n\nKích thước rộng rãi, thoải mái cho đa tác vụ\nKích thước 34 inch mà LG 34WR55QK-B cho chúng ta không gian hiển thị đã vô cùng ấn tượng rồi, điều này còn được kết hợp theo độ cong 1800R và tỷ lệ màn hình 21:9 càng khiến cho người dùng chúng ta phải thốt lên wow vì góc nhìn trên chính chiếc màn hình LG của chúng ta. Qua đó, giúp bạn thoải mái sắp xếp cùng lúc nhiều công việc cùng lúc trên LG 34WR55QK-B mà không phải khó chịu vì kích thước quá nhỏ khi chia nhỏ.\n\n- Màn hình cong LG 34WR55QK-B 34\n\nĐa nhiệm đỉnh cao cùng ứng dụng LG Switch\nĐể đảm bảo hiệu quả làm việc lành mạch, LG 34WR55QK-B đem đến cho chúng ta khả năng hỗ trợ tuyệt đối từ ứng dụng LG Switch. Khi đó bạn có thể tối ưu hóa không giản hiển thị công việc với khả năng phân chia màn hình thành 6 phần rõ ràng hay dễ dàng thực hiện video call chỉ bằng những thao tác nhấn đơn giản. Chưa dừng lại đó, LG 34WR55QK-B hỗ trợ thêm cho chúng ta công nghệ PBP (ảnh kề ảnh) giúp cho hình ảnh đến 2 hay nhiều màn hình hoặc thiết bị khác nhu laptop không bị giảm thiểu về chất lượng.\n\n- Màn hình cong LG 34WR55QK-B 34\n\nNhững khung hình chất lượng\nVà không làm người dùng chúng ta thất vọng, LG tiếp tục mang đến một phiên bản LG 34WR55QK-B vô cùng cao cấp để cho ra những khung hình sắc nét và sống động. Đó là sự tuyệt vời của gam màu 99% sRGB tạo nên chiều sâu trong mọi chi tiết, hay đó còn là khả năng tương thích từ HDR10 phù hợp cho mọi nhu cầu sử dụng của chúng ta mà chẳng kém gì bất kì chiếc màn hình đồ họa nào trên thị trường.\n\n- Màn hình cong LG 34WR55QK-B 34\n\nDễ dàng kết nối với sự dễ dàng và thông dụng\nLG 34WR55QK-B đưa những cổng kết nối tốt nhất ra đằng sau với góc độ. Đặc biệt rằng khi ở đó chúng ta sẽ được trang bị cổng USB Type-C vô cùng tiện lợi mang đầy đủ tính năng như truyền dữ liệu, sạc pin cho các thiết bị khác như laptop hay thậm chí đó là truyền phát hình ảnh. Đương nhiên, chúng ta không thể quên các cổng kết nối đáp ứng nhu cầu truyền phát hình ảnh thông dụng như DisplayPort và HDMI 2.0 để phục vụ cho nhu cầu trình chiếu hay kết nối cùng phần cứng trong case máy tính như VGA.',
            24, 'https://product.hstatic.net/200000722513/product/lg_34wr55qk-b_gearvn_176cf6e6841e4428b7e3746776ba154d.jpg', '2025-04-10T03:48:30+00:00',1);
        
INSERT INTO product_image (name, product_variant_id, image_url, is_main)
VALUES
    ('Ảnh 1', 746, 'https://product.hstatic.net/200000722513/product/lg_34wr55qk-b_gearvn_176cf6e6841e4428b7e3746776ba154d.jpg', TRUE),
    ('Ảnh 2', 746, 'https://product.hstatic.net/200000722513/product/1_615ad24f224f4a9e89d59af9fdd9ce42.png', FALSE),
    ('Ảnh 3', 746, 'https://product.hstatic.net/200000722513/product/2_8c75c2aa43b54de5b32ad6629eba831f.png', FALSE),
    ('Ảnh 4', 746, 'https://product.hstatic.net/200000722513/product/3_45efc529bfec45f9b452ee99e1806a5b.png', FALSE),
    ('Ảnh 5', 746, 'https://product.hstatic.net/200000722513/product/4_39b23b0711244c65a4cc0b155e10da77.png', FALSE),
    ('Ảnh 6', 746, 'https://product.hstatic.net/200000722513/product/5_c834ddff672c43e595c9f6b3fd797522.png', FALSE),
    ('Ảnh 7', 746, 'https://product.hstatic.net/200000722513/product/6_b85aff67410d43caa0c3bc5f3c032c4e.png', FALSE),
    ('Ảnh 8', 746, 'https://product.hstatic.net/200000722513/product/7_ce7a2166dbc043cca3f304670a450ea2.png', FALSE);
---
INSERT INTO product (name, seo_name, brand_id, specifications, description, created_by, image_url) 
    VALUES (
        'Màn hình cong Samsung Odyssey G9 LS49CG954EE 49" VA 2K 240Hz', 'man-hinh-cong-samsung-odyssey-g9-ls49cg954ee-49-va-2k-240hz', 16,
        '{"Kích thước màn hình": "49 inches", "Kiểu màn hình": "Màn hình cong", "Tấm nền": "VA", "Tỉ lệ màn hình": "32:9", "Độ phân giải": "5120 x 1440 pixels", "Tần số quét": "240 Hz", "Thời gian phản hồi": "1 ms", "Số lượng màu": "1.07 tỷ màu", "Độ phủ màu": "92% (CIE1976)", "Độ sáng": "450 cd/m²", "Góc nhìn": "178°(H)/178°(V)", "Độ tương phản động": "2500:1", "Công nghệ màn hình": "Mega DCR, HDR10+ Gaming, VESA DisplayHDR 1000", "Nghiêng": "-2° (±2°) ~ 11° (±2°), Khớp quay: -15° (±3°) ~ 15° (±3°)", "Điều chỉnh độ cao": "120 ± 5 mm", "Treo tường": "100 x 100 mm", "Cổng kết nối": "Display Port, HDMI, Tai nghe, USB 3.0", "Tính năng màn hình": "Chế độ chơi game, Chống nháy, AMD FreeSync Premium Pro", "Tiện ích": "Super Arena Gaming UX, Auto Source Switch+, Adaptive Picture, Trình tối ưu hóa tốc độ làm mới", "Công suất tiêu thụ": "180 W (tối đa)", "Kích thước": "Có chân đế: 1147.6 x 568.4 x 420.5 mm, Không có chân đế: 1147.6 x 363.5 x 293.8 mm", "Trọng lượng": "Có chân đế: 15.6 kg, Không có chân đế: 10.6 kg"}',
        'Màn hình cong Samsung Odyssey G9 LS49CG954EE 49\" là một trong những sản phẩm nổi bật trong dòng màn hình chơi game cao cấp. Với kích thước màn hình lớn cùng độ phân giải 2K và tần số quét 240Hz, sản phẩm này hứa hẹn sẽ mang đến trải nghiệm gaming tuyệt vời cho người dùng. Dưới đây, hãy cùng tìm hiểu chi tiết về các đặc tính và tính năng nổi bật của màn hình máy tính này.\n\nMàn hình cong Samsung Odyssey G9 LS49CG954EE 49\n\nThiết kế tương lai, kiến tạo không gian làm việc và giải trí đỉnh cao\nMàn hình cong Samsung Odyssey G9 LS49CG954EE được thiết kế với kiểu dáng đẹp mắt và hiện đại. Màn hình với tỉ lệ 32:9 giúp tăng cường sự trải nghiệm, cho phép người dùng có cái nhìn bao quát hơn trong các trò chơi cũng như trong công việc. Ngoài ra, thiết kế cong với độ cong 1000R gần giống với đường cong của mắt người, giúp giảm mỏi mắt và mang đến cảm giác chân thực hơn.\n\nMàn hình cong Samsung Odyssey G9 LS49CG954EE 49\n\nMặt sau của màn hình được thiết kế với phong cách tối giản nhưng không kém phần mạnh mẽ. Hệ thống đèn nền Infinity Core Lighting với khả năng tùy chỉnh màu sắc và hiệu ứng đa dạng không chỉ tạo điểm nhấn thẩm mỹ mà còn góp phần tạo nên không gian gaming hoặc làm việc cá tính. Chân đế kim loại chắc chắn, có khả năng điều chỉnh độ cao, góc nghiêng và xoay, giúp người dùng dễ dàng tìm được vị trí xem thoải mái và công thái học nhất.\n\nKích thước siêu rộng 49 inch và độ phân giải Dual QHD\nĐiểm nổi bật nhất của Odyssey G9 LS49CG954EE chính là kích thước siêu rộng 49 inch với tỷ lệ khung hình 32:9. Không gian hiển thị khổng lồ này tương đương với việc ghép nối hai màn hình 27 inch QHD lại với nhau, loại bỏ hoàn toàn viền giữa gây khó chịu. Độ phân giải Dual QHD (5120 x 1440) mang đến mật độ điểm ảnh cao, hình ảnh sắc nét và chi tiết đáng kinh ngạc, cho dù bạn đang chơi game, xem phim hay làm việc đa nhiệm.\n\nMàn hình cong Samsung Odyssey G9 LS49CG954EE 49\n\nTần số quét 240Hz và thời gian phản hồi 1ms\nĐối với một màn hình gaming cao cấp, tần số quét và thời gian phản hồi là những yếu tố sống còn. Odyssey G9 LS49CG954EE sở hữu tần số quét siêu tốc 240Hz, cho phép hiển thị tới 240 khung hình mỗi giây. Kết hợp với thời gian phản hồi chỉ 1ms (GtG), mọi chuyển động trên màn hình đều trở nên mượt mà, sắc nét, giảm thiểu tối đa hiện tượng bóng mờ và xé hình. Điều này đặc biệt quan trọng trong các tựa game hành động nhanh, đòi hỏi phản xạ tức thời.\n\nMàn hình cong Samsung Odyssey G9 LS49CG954EE 49\n\nCông nghệ Quantum Dot và HDR1000\nSamsung trang bị cho Odyssey G9 LS49CG954EE công nghệ Quantum Dot tiên tiến, cho khả năng hiển thị 1.07 tỷ màu với độ phủ màu DCI-P3 lên đến 95%. Nhờ đó, hình ảnh trở nên sống động, rực rỡ và chân thực hơn bao giờ hết. Chứng nhận VESA DisplayHDR 1000 đảm bảo màn hình có khả năng hiển thị độ sáng tối đa lên đến 1000 nits, mang đến độ tương phản tuyệt vời giữa vùng sáng và vùng tối, giúp các chi tiết ẩn trong bóng tối hoặc vùng sáng chói trở nên rõ ràng hơn.\n\nMàn hình cong Samsung Odyssey G9 LS49CG954EE 49\n\nAMD FreeSync Premium Pro loại bỏ hiện tượng xé hình và giật lag\nĐể mang đến trải nghiệm gaming mượt mà nhất, Odyssey G9 LS49CG954EE được tích hợp công nghệ AMD FreeSync Premium Pro. Công nghệ này đồng bộ hóa tần số quét của màn hình với tốc độ khung hình của card đồ họa AMD tương thích, loại bỏ hoàn toàn hiện tượng xé hình và giảm thiểu tối đa tình trạng giật lag, mang đến những giờ phút gaming liền mạch và không bị gián đoạn.\n\nKết nối đa dạng\nMàn hình trang bị nhiều cổng kết nối, bao gồm DisplayPort 1.4, HDMI 2.0 và USB Hub 3.0, cho phép người dùng có thể kết nối dễ dàng với các thiết bị ngoại vi và trải nghiệm nội dung một cách dễ dàng. Điều này giúp tối ưu hóa hiệu suất và linh hoạt trong việc sử dụng.\n\nMàn hình cong Samsung Odyssey G9 LS49CG954EE 49\n\nCác tính năng thông minh và tiện ích vượt trội\nKhông chỉ sở hữu hiệu năng hiển thị ấn tượng, Odyssey G9 LS49CG954EE còn được trang bị nhiều tính năng thông minh và tiện ích, nâng cao trải nghiệm người dùng:\n\nPicture-by-Picture (PBP) và Picture-in-Picture (PIP): Cho phép hiển thị đồng thời nội dung từ hai nguồn khác nhau trên cùng một màn hình, tăng cường khả năng đa nhiệm.\n\nChế độ Low Input Lag: Giảm thiểu độ trễ đầu vào, mang lại lợi thế cạnh tranh trong các tựa game đối kháng.\n\nEye Saver Mode và Flicker Free: Giúp giảm thiểu ánh sáng xanh có hại và hiện tượng nhấp nháy màn hình, bảo vệ đôi mắt của người dùng khi sử dụng trong thời gian dài.\n\nAuto Source Switch+: Tự động nhận diện và chuyển đổi sang nguồn tín hiệu đầu vào đang hoạt động.',
        1, 'https://product.hstatic.net/200000722513/product/samsung_ls49cg954eexxv_gearvn_44529ef7a48448d69046edc6a5fd3a5e.jpg'
    );
INSERT INTO product_category (product_id, category_id) VALUES (747, 16);
INSERT INTO product_variant (
        product_id, name, seo_name, supplier_id, price, price_sale, quantity, sku, model, barcode, 
        specifications, description, warranty, image_url, release_at, created_by)
        VALUES ( 747, 'Màn hình cong Samsung Odyssey G9 LS49CG954EE 49" VA 2K 240Hz', 'man-hinh-cong-samsung-odyssey-g9-ls49cg954ee-49-va-2k-240hz',
            1, 32990000, 21990000, 10, 'MAN-SAM-LS49CG954EEXXV',
            'MAN-SAM-LS49CG954EEXXV', 'MAN-SAM-LS49CG954EEXXV',
            '{"Kích thước màn hình": "49 inches", "Kiểu màn hình": "Màn hình cong", "Tấm nền": "VA", "Tỉ lệ màn hình": "32:9", "Độ phân giải": "5120 x 1440 pixels", "Tần số quét": "240 Hz", "Thời gian phản hồi": "1 ms", "Số lượng màu": "1.07 tỷ màu", "Độ phủ màu": "92% (CIE1976)", "Độ sáng": "450 cd/m²", "Góc nhìn": "178°(H)/178°(V)", "Độ tương phản động": "2500:1", "Công nghệ màn hình": "Mega DCR, HDR10+ Gaming, VESA DisplayHDR 1000", "Nghiêng": "-2° (±2°) ~ 11° (±2°), Khớp quay: -15° (±3°) ~ 15° (±3°)", "Điều chỉnh độ cao": "120 ± 5 mm", "Treo tường": "100 x 100 mm", "Cổng kết nối": "Display Port, HDMI, Tai nghe, USB 3.0", "Tính năng màn hình": "Chế độ chơi game, Chống nháy, AMD FreeSync Premium Pro", "Tiện ích": "Super Arena Gaming UX, Auto Source Switch+, Adaptive Picture, Trình tối ưu hóa tốc độ làm mới", "Công suất tiêu thụ": "180 W (tối đa)", "Kích thước": "Có chân đế: 1147.6 x 568.4 x 420.5 mm, Không có chân đế: 1147.6 x 363.5 x 293.8 mm", "Trọng lượng": "Có chân đế: 15.6 kg, Không có chân đế: 10.6 kg"}',
            'Màn hình cong Samsung Odyssey G9 LS49CG954EE 49\\\" VA 2K 240Hz là một \\\"quái vật\\\" hiệu năng, được thiết kế cho những game thủ khát khao trải nghiệm hình ảnh đỉnh cao và tốc độ phản hồi siêu nhanh. Với kích thước màn hình khổng lồ 49 inch và độ cong 1000R ấn tượng, Odyssey G9 bao bọc tầm nhìn của bạn, tạo ra một không gian đắm chìm chưa từng có, loại bỏ mọi sự phân tâm và đưa bạn vào trung tâm của hành động. Tấm nền VA mang đến tỷ lệ tương phản tuyệt vời, màu đen sâu thẳm và độ sáng rực rỡ, đảm bảo mọi chi tiết đều hiện lên sống động và chân thực. Độ phân giải 2K (5120 x 1440) trên tỷ lệ khung hình siêu rộng 32:9 cung cấp một không gian làm việc và giải trí rộng lớn, lý tưởng cho việc đa nhiệm, xem phim bom tấn hay tận hưởng thế giới game mở với góc nhìn bao quát. Điểm nhấn quan trọng nhất của Odyssey G9 là tần số quét 240Hz siêu tốc, kết hợp với thời gian phản hồi chỉ 1ms (GtG), giúp loại bỏ hoàn toàn hiện tượng bóng mờ, giật hình, mang lại những pha hành động mượt mà, sắc nét đến từng mili giây. Công nghệ AMD FreeSync Premium Pro và NVIDIA G-Sync Compatibility đồng bộ hóa tốc độ khung hình của card đồ họa với tần số quét của màn hình, ngăn chặn hiện tượng xé hình, đảm bảo trải nghiệm chơi game luôn liền mạch và ổn định, ngay cả trong những tình huống căng thẳng nhất. Thiết kế cao cấp với ánh sáng đèn LED RGB Lighting độc đáo ở mặt sau không chỉ tăng thêm vẻ thẩm mỹ cho không gian gaming mà còn cho phép tùy chỉnh theo sở thích cá nhân. Hệ thống quản lý cáp thông minh giúp giữ cho bàn làm việc của bạn luôn gọn gàng. Odyssey G9 LS49CG954EE không chỉ là một màn hình, nó là một tuyên bố về hiệu năng và sự đắm chìm, là lựa chọn tối thượng cho những ai muốn chinh phục mọi giới hạn trong thế giới ảo.',
            24, 'https://product.hstatic.net/200000722513/product/samsung_ls49cg954eexxv_gearvn_44529ef7a48448d69046edc6a5fd3a5e.jpg', '2025-03-28T10:32:24+00:00',1);
        
INSERT INTO product_image (name, product_variant_id, image_url, is_main)
VALUES
    ('Ảnh 1', 747, 'https://product.hstatic.net/200000722513/product/samsung_ls49cg954eexxv_gearvn_44529ef7a48448d69046edc6a5fd3a5e.jpg', TRUE),
    ('Ảnh 2', 747, 'https://product.hstatic.net/200000722513/product/2_e18fe198b2d74840b31ac10300082d99.png', FALSE),
    ('Ảnh 3', 747, 'https://product.hstatic.net/200000722513/product/3_40ee092864f14629b3aeec8f57830dbf.png', FALSE),
    ('Ảnh 4', 747, 'https://product.hstatic.net/200000722513/product/4_24d5a403ca3142a28811fc823356092e.png', FALSE),
    ('Ảnh 5', 747, 'https://product.hstatic.net/200000722513/product/5_a5d2de163678473e8f060f3ba54d71d8.png', FALSE),
    ('Ảnh 6', 747, 'https://product.hstatic.net/200000722513/product/6_ae81279c4fb94cabb89c8f9377f2746b.png', FALSE),
    ('Ảnh 7', 747, 'https://product.hstatic.net/200000722513/product/7_53edb56fdee84cd9a40e35db925929bd.png', FALSE),
    ('Ảnh 8', 747, 'https://product.hstatic.net/200000722513/product/8_df8b0e83520d4211a3bca45300628579.png', FALSE);
---
INSERT INTO product (name, seo_name, brand_id, specifications, description, created_by, image_url) 
    VALUES (
        'Màn hình cong GIGABYTE G34WQCP 34" 2K 180Hz chuyên game', 'man-hinh-cong-gigabyte-g34wqcp-34-2k-180hz-chuyen-game', 49,
        '{"Thương hiệu": "Gigabyte", "Nhu cầu": "Gaming", "Kích thước màn hình": "34 inches", "Tần số quét": "180Hz", "Thời gian phản hồi": "1 ms", "Tỉ lệ": "21:9", "Độ tương phản tĩnh": "4000:1", "Độ sáng": "350 cd/m²", "Góc nhìn": "178°/178°", "Độ phủ màu": "108% sRGB", "Số lượng màu": "16.7 triệu màu", "Tấm nền": "VA", "Công nghệ đồng bộ": "FreeSync", "Độ phân giải": "UltraWide 3440 x 1440", "Tính năng đặc biệt": "VESA DisplayHDR400, Flicker-free, OSD Sidekick, Aim Stabilizer, Black Equalizer, Crosshair, Timer, PiP/PbP, Loa 2W x2, Điều chỉnh độ nghiêng", "Công suất": "34W", "Kiểu màn hình": "Màn hình cong", "Cổng kết nối": "2x HDMI 2.0, 1x DisplayPort 1.4, 1x 3.5 mm", "Chuẩn gắn ARM": "VESA 100mm", "Phụ kiện đi kèm": "Power cable, HDMI cable, DisplayPort cable, QSG, Warranty card", "Kích thước": "Có chân: 808.9 x 488.8 x 234.8 mm, Không chân: 808.9 x 363.5 x 115.7 mm", "Khối lượng": "Có chân: 8.34 kg, Không chân: 6.22 kg"}',
        'Màn hình cong GIGABYTE G34WQCP 34“ là một sản phẩm nổi bật trong phân khúc màn hình game, được thiết kế để cung cấp trải nghiệm chơi game tốt nhất cho game thủ. Với kích thước 34 inch và độ phân giải 2K, G34WQCP hứa hẹn sẽ đem lại hình ảnh sắc nét, chất lượng cao cho mọi game thủ.\n\nKích thước màn hình và độ phân giải\nMàn hình GIGABYTE G34WQCP với kích thước 34 inch và tỷ lệ khung hình 21:9 cung cấp một không gian làm việc rộng lớn, lý tưởng cho cả chơi game lẫn làm việc. Bên cạnh đó với độ phân giải 3440 x 1440 (2K) giúp hình ảnh hiển thị chân thực và sắc nét hơn bao giờ hết, mang lại cho người dùng những trải nghiệm hình ảnh ấn tượng. \n\nMàn hình cong GIGABYTE G34WQCP 34\n\nTần số quét 180Hz và thời gian phản hồi 1ms MPRT\nVới tần số quét 180Hz, G34WQCP mang lại sự mượt mà trong từng khung hình, đặc biệt trong các trò chơi hành động nhanh. Tần số quét cao sẽ giúp giảm thiểu hiện tượng nhòe và giật lag, cho phép game thủ phản ứng nhanh chóng trong những tình huống căng thẳng.\n\nBên cạnh đó với thời gian phản hồi 1ms (MPRT) giúp giảm thiểu độ mờ hình ảnh, mang lại trải nghiệm chơi game rõ nét và mượt mà hơn. Điều này cực kỳ quan trọng trong các trò chơi cần độ chính xác cao như FPS (First-Person Shooter).\n\nMàn hình cong GIGABYTE G34WQCP 34\n\nỨng dụng nhiều công nghệ hiện đại\nGIGABYTE G34WQCP hỗ trợ công nghệ Adaptive-Sync (G-SYNC Compatible), giúp đồng bộ hóa tần số quét của màn hình với tần số khung hình của GPU. Điều này giúp hạn chế được hiện tượng xé hình và giật lag, mang lại trải nghiệm chơi game liền mạch và không gián đoạn.\n\nSong song đó sản phẩm còn trang bị công nghệ HDR (High Dynamic Range), cho phép hiển thị màu sắc sống động và độ tương phản cao hơn. Với công nghệ này, những chi tiết trong bóng tối và ánh sáng sẽ được thể hiện rõ ràng hơn, mang lại trải nghiệm chơi game chân thực. Bạn cũng không cần lo lắng về các tác động xấu của ánh sáng xanh bởi GIGABYTE G34WQCP được trang bị công nghệ giảm ánh sáng xanh, giúp bảo vệ mắt người dùng trong quá trình sử dụng dài hạn, giảm cảm giác mệt mỏi và khó chịu.\n\nMàn hình cong GIGABYTE G34WQCP 34\n\nThiết kế cong 1500R\nMàn hình cong 1500R giúp mở rộng tầm nhìn và mang lại cảm giác đắm chìm hơn khi chơi game. Thiết kế này không chỉ thuận tiện cho việc theo dõi các hành động trong trò chơi mà còn giảm thiểu sự căng thẳng cho mắt.\n\nMàn hình cong GIGABYTE G34WQCP 34\n\nCác cổng kết nối đa dạng\nGIGABYTE G34WQCP được trang bị nhiều cổng kết nối như HDMI, DisplayPort, và USB, cho phép người dùng dễ dàng kết nối với nhiều thiết bị khác nhau. Điều này giúp mở rộng khả năng sử dụng của màn hình trong các tác vụ đa dạng.\n\nMàn hình cong GIGABYTE G34WQCP 34\n\nChế độ GameAssist hiện đại\nMột điểm cộng lớn của sản phẩm này là Chế độ GameAssist. Với crosshair tùy chỉnh, bạn có thể nhắm mục tiêu chính xác hơn. Timer giúp bạn theo dõi thời gian chơi hoặc thời gian hồi chiêu, và FPS counter cho phép bạn kiểm tra hiệu suất trò chơi, từ đó điều chỉnh cài đặt để có trải nghiệm mượt mà nhất.',
        1, 'https://product.hstatic.net/200000722513/product/giga_g34wqcp_gearvn_cb6f8d36b70a4028b07cfc7e7f82115f.jpg'
    );
INSERT INTO product_category (product_id, category_id) VALUES (748, 16);
INSERT INTO product_variant (
        product_id, name, seo_name, supplier_id, price, price_sale, quantity, sku, model, barcode, 
        specifications, description, warranty, image_url, release_at, created_by)
        VALUES ( 748, 'Màn hình cong GIGABYTE G34WQCP 34" 2K 180Hz chuyên game', 'man-hinh-cong-gigabyte-g34wqcp-34-2k-180hz-chuyen-game',
            1, 8990000, 7690000, 10, 'MAN-GIG-G34WQCP',
            'MAN-GIG-G34WQCP', 'MAN-GIG-G34WQCP',
            '{"Thương hiệu": "Gigabyte", "Nhu cầu": "Gaming", "Kích thước màn hình": "34 inches", "Tần số quét": "180Hz", "Thời gian phản hồi": "1 ms", "Tỉ lệ": "21:9", "Độ tương phản tĩnh": "4000:1", "Độ sáng": "350 cd/m²", "Góc nhìn": "178°/178°", "Độ phủ màu": "108% sRGB", "Số lượng màu": "16.7 triệu màu", "Tấm nền": "VA", "Công nghệ đồng bộ": "FreeSync", "Độ phân giải": "UltraWide 3440 x 1440", "Tính năng đặc biệt": "VESA DisplayHDR400, Flicker-free, OSD Sidekick, Aim Stabilizer, Black Equalizer, Crosshair, Timer, PiP/PbP, Loa 2W x2, Điều chỉnh độ nghiêng", "Công suất": "34W", "Kiểu màn hình": "Màn hình cong", "Cổng kết nối": "2x HDMI 2.0, 1x DisplayPort 1.4, 1x 3.5 mm", "Chuẩn gắn ARM": "VESA 100mm", "Phụ kiện đi kèm": "Power cable, HDMI cable, DisplayPort cable, QSG, Warranty card", "Kích thước": "Có chân: 808.9 x 488.8 x 234.8 mm, Không chân: 808.9 x 363.5 x 115.7 mm", "Khối lượng": "Có chân: 8.34 kg, Không chân: 6.22 kg"}',
            'Màn hình cong GIGABYTE G34WQCP 34“ là một sản phẩm nổi bật trong phân khúc màn hình game, được thiết kế để cung cấp trải nghiệm chơi game tốt nhất cho game thủ. Với kích thước 34 inch và độ phân giải 2K, G34WQCP hứa hẹn sẽ đem lại hình ảnh sắc nét, chất lượng cao cho mọi game thủ.\n\nKích thước màn hình và độ phân giải\nMàn hình GIGABYTE G34WQCP với kích thước 34 inch và tỷ lệ khung hình 21:9 cung cấp một không gian làm việc rộng lớn, lý tưởng cho cả chơi game lẫn làm việc. Bên cạnh đó với độ phân giải 3440 x 1440 (2K) giúp hình ảnh hiển thị chân thực và sắc nét hơn bao giờ hết, mang lại cho người dùng những trải nghiệm hình ảnh ấn tượng. \n\nMàn hình cong GIGABYTE G34WQCP 34\n\nTần số quét 180Hz và thời gian phản hồi 1ms MPRT\nVới tần số quét 180Hz, G34WQCP mang lại sự mượt mà trong từng khung hình, đặc biệt trong các trò chơi hành động nhanh. Tần số quét cao sẽ giúp giảm thiểu hiện tượng nhòe và giật lag, cho phép game thủ phản ứng nhanh chóng trong những tình huống căng thẳng.\n\nBên cạnh đó với thời gian phản hồi 1ms (MPRT) giúp giảm thiểu độ mờ hình ảnh, mang lại trải nghiệm chơi game rõ nét và mượt mà hơn. Điều này cực kỳ quan trọng trong các trò chơi cần độ chính xác cao như FPS (First-Person Shooter).\n\nMàn hình cong GIGABYTE G34WQCP 34\n\nỨng dụng nhiều công nghệ hiện đại\nGIGABYTE G34WQCP hỗ trợ công nghệ Adaptive-Sync (G-SYNC Compatible), giúp đồng bộ hóa tần số quét của màn hình với tần số khung hình của GPU. Điều này giúp hạn chế được hiện tượng xé hình và giật lag, mang lại trải nghiệm chơi game liền mạch và không gián đoạn.\n\nSong song đó sản phẩm còn trang bị công nghệ HDR (High Dynamic Range), cho phép hiển thị màu sắc sống động và độ tương phản cao hơn. Với công nghệ này, những chi tiết trong bóng tối và ánh sáng sẽ được thể hiện rõ ràng hơn, mang lại trải nghiệm chơi game chân thực. Bạn cũng không cần lo lắng về các tác động xấu của ánh sáng xanh bởi GIGABYTE G34WQCP được trang bị công nghệ giảm ánh sáng xanh, giúp bảo vệ mắt người dùng trong quá trình sử dụng dài hạn, giảm cảm giác mệt mỏi và khó chịu.\n\nMàn hình cong GIGABYTE G34WQCP 34\n\nThiết kế cong 1500R\nMàn hình cong 1500R giúp mở rộng tầm nhìn và mang lại cảm giác đắm chìm hơn khi chơi game. Thiết kế này không chỉ thuận tiện cho việc theo dõi các hành động trong trò chơi mà còn giảm thiểu sự căng thẳng cho mắt.\n\nMàn hình cong GIGABYTE G34WQCP 34\n\nCác cổng kết nối đa dạng\nGIGABYTE G34WQCP được trang bị nhiều cổng kết nối như HDMI, DisplayPort, và USB, cho phép người dùng dễ dàng kết nối với nhiều thiết bị khác nhau. Điều này giúp mở rộng khả năng sử dụng của màn hình trong các tác vụ đa dạng.\n\nMàn hình cong GIGABYTE G34WQCP 34\n\nChế độ GameAssist hiện đại\nMột điểm cộng lớn của sản phẩm này là Chế độ GameAssist. Với crosshair tùy chỉnh, bạn có thể nhắm mục tiêu chính xác hơn. Timer giúp bạn theo dõi thời gian chơi hoặc thời gian hồi chiêu, và FPS counter cho phép bạn kiểm tra hiệu suất trò chơi, từ đó điều chỉnh cài đặt để có trải nghiệm mượt mà nhất.',
            36, 'https://product.hstatic.net/200000722513/product/giga_g34wqcp_gearvn_cb6f8d36b70a4028b07cfc7e7f82115f.jpg', '2025-03-20T10:39:09+00:00',1);
        
INSERT INTO product_image (name, product_variant_id, image_url, is_main)
VALUES
    ('Ảnh 1', 748, 'https://product.hstatic.net/200000722513/product/giga_g34wqcp_gearvn_cb6f8d36b70a4028b07cfc7e7f82115f.jpg', TRUE),
    ('Ảnh 2', 748, 'https://product.hstatic.net/200000722513/product/g34wqcp_gaming_monitor-02_fa84fe90b93b407aacf308b3c3497e28.png', FALSE),
    ('Ảnh 3', 748, 'https://product.hstatic.net/200000722513/product/g34wqcp_gaming_monitor-03_1277787bc4d54b2fa156aa2135932ca6.png', FALSE),
    ('Ảnh 4', 748, 'https://product.hstatic.net/200000722513/product/g34wqcp_gaming_monitor-04_d7f6f045cf8a470080006d60e96b19d2.png', FALSE),
    ('Ảnh 5', 748, 'https://product.hstatic.net/200000722513/product/g34wqcp_gaming_monitor-05_647ba6fbe6f741b58563517205286567.png', FALSE),
    ('Ảnh 6', 748, 'https://product.hstatic.net/200000722513/product/g34wqcp_gaming_monitor-06_792388499d7f4cf99147a084023225e3.png', FALSE),
    ('Ảnh 7', 748, 'https://product.hstatic.net/200000722513/product/g34wqcp_gaming_monitor-07_007d60e469ac47e7ac3d5d71edb808c6.png', FALSE),
    ('Ảnh 8', 748, 'https://product.hstatic.net/200000722513/product/g34wqcp_gaming_monitor-08_2c185968b99a4a80be3ccf140e32526a.png', FALSE),
    ('Ảnh 9', 748, 'https://product.hstatic.net/200000722513/product/g34wqcp_gaming_monitor-09_78804eea0d3b4ee38ce80d7e06616512.png', FALSE);
---
INSERT INTO product (name, seo_name, brand_id, specifications, description, created_by, image_url) 
    VALUES (
        'Màn hình cong MSI MPG 491CQPX QD-OLED 49" QD-OLED 2K 240Hz USBC chuyên game', 'man-hinh-cong-msi-mpg-491cqpx-qd-oled-49-qd-oled-2k-240hz-usbc-chuyen-game', 52,
        '{"Nhà sản xuất": "MSI"}',
        'Màn hình MSI MPG 491CQPX QD-OLED 49 inch là một tuyệt tác công nghệ, được thiết kế đặc biệt cho các game thủ chuyên nghiệp và những người đam mê trải nghiệm hình ảnh đỉnh cao. Với tấm nền QD-OLED thế hệ mới, màn hình mang đến màu sắc rực rỡ, độ tương phản vô hạn và màu đen tuyệt đối, tái hiện mọi chi tiết một cách sống động và chân thực. Độ phân giải 2K (5120 x 1440) siêu rộng cùng tỉ lệ 32:9, kết hợp với thiết kế cong 1800R, tạo ra một không gian hiển thị bao trùm, mang đến cảm giác đắm chìm tuyệt đối vào thế giới game. Tần số quét 240Hz siêu nhanh cùng thời gian phản hồi 0.03ms GtG giúp loại bỏ hoàn toàn hiện tượng nhòe hình, giật lag, đảm bảo mọi chuyển động trong game đều mượt mà, sắc nét, cho phép bạn phản ứng nhanh chóng và chính xác trong mọi tình huống. Công nghệ VESA ClearMR 13000 và NVIDIA G-SYNC Compatible đảm bảo hình ảnh luôn ổn định, không xé hình, mang lại lợi thế cạnh tranh tối đa. Màn hình còn được trang bị cổng USB-C đa năng, hỗ trợ DisplayPort Alt Mode và Power Delivery lên đến 90W, giúp bạn kết nối dễ dàng với laptop, truyền dữ liệu tốc độ cao và sạc thiết bị cùng lúc. Hơn thế nữa, công nghệ MSI OLED Care giúp giảm thiểu rủi ro lưu ảnh, bảo vệ màn hình bền bỉ. Thiết kế gaming hầm hố, tích hợp đèn LED RGB Mystic Light và chân đế công thái học có thể điều chỉnh độ cao, góc nghiêng, xoay, mang đến sự thoải mái tối ưu cho người dùng trong suốt những phiên chơi game dài. MPG 491CQPX QD-OLED không chỉ là một màn hình, mà là cánh cửa dẫn bạn đến những trận chiến đỉnh cao với hiệu suất và trải nghiệm hình ảnh không đối thủ.',
        1, 'https://product.hstatic.net/200000722513/product/msi_mpg_491cqpx_qd-oled_gearvn_16d6d879bc8043558d736779ff8c3f6d.jpg'
    );
INSERT INTO product_category (product_id, category_id) VALUES (749, 16);
INSERT INTO product_variant (
        product_id, name, seo_name, supplier_id, price, price_sale, quantity, sku, model, barcode, 
        specifications, description, warranty, image_url, release_at, created_by)
        VALUES ( 749, 'Màn hình cong MSI MPG 491CQPX QD-OLED 49" QD-OLED 2K 240Hz USBC chuyên game', 'man-hinh-cong-msi-mpg-491cqpx-qd-oled-49-qd-oled-2k-240hz-usbc-chuyen-game',
            1, 39900000, 29490000, 10, 'MAN-MSI-MPG-491CQPX-QD-OLED',
            'MAN-MSI-MPG-491CQPX-QD-OLED', 'MAN-MSI-MPG-491CQPX-QD-OLED',
            '{"Tên sản phẩm": "Màn hình cong MSI MPG 491CQPX QD-OLED 49\"","Kích thước màn hình": "49 inch","Độ phân giải": "DQHD (5120 x 1440)","Tấm nền": "QD-OLED","Tần số quét": "240Hz","Thời gian đáp ứng": "0.03ms (GtG)","Tỷ lệ": "32:9","Độ cong": "1800R","Công nghệ": "G-Sync Compatible, AMD FreeSync Premium Pro, HDR10","Không gian màu": "98% Adobe RGB, 99% DCI-P3, 146% sRGB","Độ sáng (Typ.)": "250 cd/m²","Tương phản": "1500000:1","Cổng kết nối": "2x HDMI 2.1, 1x DP 1.4a, 1x USB-C (98W PD), 2x USB-A, 1x USB-B","KVM Switch": "Có","Bảo hành": "36 tháng chính hãng","Tính năng đặc biệt": "OLED Care 2.0, VESA DisplayHDR True Black 400, MSI Console Mode (VRR, ALLM)","Khử nhấp nháy": "Có","Giảm ánh sáng xanh": "Có"}',
            'Màn hình MSI MPG 491CQPX QD-OLED 49 inch là một tuyệt tác công nghệ, được thiết kế đặc biệt cho các game thủ chuyên nghiệp và những người đam mê trải nghiệm hình ảnh đỉnh cao. Với tấm nền QD-OLED thế hệ mới, màn hình mang đến màu sắc rực rỡ, độ tương phản vô hạn và màu đen tuyệt đối, tái hiện mọi chi tiết một cách sống động và chân thực. Độ phân giải 2K (5120 x 1440) siêu rộng cùng tỉ lệ 32:9, kết hợp với thiết kế cong 1800R, tạo ra một không gian hiển thị bao trùm, mang đến cảm giác đắm chìm tuyệt đối vào thế giới game. Tần số quét 240Hz siêu nhanh cùng thời gian phản hồi 0.03ms GtG giúp loại bỏ hoàn toàn hiện tượng nhòe hình, giật lag, đảm bảo mọi chuyển động trong game đều mượt mà, sắc nét, cho phép bạn phản ứng nhanh chóng và chính xác trong mọi tình huống. Công nghệ VESA ClearMR 13000 và NVIDIA G-SYNC Compatible đảm bảo hình ảnh luôn ổn định, không xé hình, mang lại lợi thế cạnh tranh tối đa. Màn hình còn được trang bị cổng USB-C đa năng, hỗ trợ DisplayPort Alt Mode và Power Delivery lên đến 90W, giúp bạn kết nối dễ dàng với laptop, truyền dữ liệu tốc độ cao và sạc thiết bị cùng lúc. Hơn thế nữa, công nghệ MSI OLED Care giúp giảm thiểu rủi ro lưu ảnh, bảo vệ màn hình bền bỉ. Thiết kế gaming hầm hố, tích hợp đèn LED RGB Mystic Light và chân đế công thái học có thể điều chỉnh độ cao, góc nghiêng, xoay, mang đến sự thoải mái tối ưu cho người dùng trong suốt những phiên chơi game dài. MPG 491CQPX QD-OLED không chỉ là một màn hình, mà là cánh cửa dẫn bạn đến những trận chiến đỉnh cao với hiệu suất và trải nghiệm hình ảnh không đối thủ.',
            36, 'https://product.hstatic.net/200000722513/product/msi_mpg_491cqpx_qd-oled_gearvn_16d6d879bc8043558d736779ff8c3f6d.jpg', '2025-03-06T09:19:29+00:00',1);
        
INSERT INTO product_image (name, product_variant_id, image_url, is_main)
VALUES
    ('Ảnh 1', 749, 'https://product.hstatic.net/200000722513/product/msi_mpg_491cqpx_qd-oled_gearvn_16d6d879bc8043558d736779ff8c3f6d.jpg', TRUE),
    ('Ảnh 2', 749, 'https://product.hstatic.net/200000722513/product/1024__1__9a939109d6324f23ad4aa88a72f4e778.png', FALSE),
    ('Ảnh 3', 749, 'https://product.hstatic.net/200000722513/product/1024__2__e81692df105f41dca8518304e58e821d.png', FALSE),
    ('Ảnh 4', 749, 'https://product.hstatic.net/200000722513/product/1024__3__5f9c07f1649b46b381268786a722506f.png', FALSE),
    ('Ảnh 5', 749, 'https://product.hstatic.net/200000722513/product/1024__4__84990481723b47ac8d9e885fc73cb321.png', FALSE),
    ('Ảnh 6', 749, 'https://product.hstatic.net/200000722513/product/1024_e4b10a9545ff47b7b2a49f9d9011380f.png', FALSE);
---
INSERT INTO product (name, seo_name, brand_id, specifications, description, created_by, image_url) 
    VALUES (
        'Màn hình Dell UltraSharp U4323QE 43" IPS 4K chuyên đồ họa', 'man-hinh-dell-ultrasharp-u4323qe-43-ips-4k-chuyen-do-hoa', 6,
        '{"Nhà sản xuất": "Dell"}',
        'Màn hình Dell UltraSharp U4323QE 43\" IPS 4K là một lựa chọn tuyệt vời cho các chuyên gia đồ họa, nhà thiết kế và những người làm việc đòi hỏi độ chính xác màu sắc cao cùng không gian hiển thị rộng rãi. Với kích thước màn hình lên đến 43 inch và độ phân giải 4K (3840 x 2160), màn hình này mang đến hình ảnh sắc nét, chi tiết đến từng điểm ảnh, cho phép bạn làm việc với các tác vụ phức tạp như chỉnh sửa ảnh, dựng phim, thiết kế 3D mà không bỏ sót bất kỳ chi tiết nào.\n\nCông nghệ tấm nền IPS đảm bảo góc nhìn rộng lên đến 178 độ, cùng với khả năng tái tạo màu sắc chính xác với độ phủ màu ấn tượng (ví dụ: 95% DCI-P3 và 98% sRGB), giúp màu sắc hiển thị chân thực và nhất quán từ mọi góc nhìn. Dell U4323QE còn nổi bật với khả năng kết nối đa dạng, bao gồm cổng USB-C với Power Delivery lên đến 90W, cho phép sạc nhanh cho laptop và truyền dữ liệu tốc độ cao chỉ bằng một sợi cáp duy nhất.\n\nCác cổng kết nối khác như HDMI, DisplayPort và USB hub tích hợp giúp bạn dễ dàng kết nối với nhiều thiết bị cùng lúc, tạo nên một không gian làm việc hiệu quả và gọn gàng. Thiết kế viền mỏng tối ưu hóa không gian hiển thị, cho phép bạn thiết lập màn hình kép hoặc đa màn hình một cách liền mạch. Công nghệ ComfortView Plus giúp giảm thiểu ánh sáng xanh có hại, bảo vệ mắt người dùng khi làm việc trong thời gian dài. Với màn hình Dell UltraSharp U4323QE, bạn sẽ trải nghiệm hiệu suất làm việc vượt trội, độ chính xác màu sắc tuyệt đối và sự tiện lợi tối đa trong mọi tác vụ sáng tạo.',
        1, 'https://product.hstatic.net/200000722513/product/dell_u4323qe_gearvn_83a4a99c4fee4989881f00c910d7d00a.jpg'
    );
INSERT INTO product_category (product_id, category_id) VALUES (750, 16);
INSERT INTO product_variant (
        product_id, name, seo_name, supplier_id, price, price_sale, quantity, sku, model, barcode, 
        specifications, description, warranty, image_url, release_at, created_by)
        VALUES ( 750, 'Màn hình Dell UltraSharp U4323QE 43" IPS 4K chuyên đồ họa', 'man-hinh-dell-ultrasharp-u4323qe-43-ips-4k-chuyen-do-hoa',
            1, 24890000, 23990000, 10, 'MAN-DELL-U4323QE',
            'MAN-DELL-U4323QE', 'MAN-DELL-U4323QE',
            '{"Tên sản phẩm": "Dell UltraSharp U4323QE","Kích thước màn hình": "42.51 inch","Độ phân giải": "4K UHD (3840 x 2160)","Tấm nền": "IPS","Tỷ lệ màn hình": "16:9","Độ sáng": "350 cd/m²","Độ tương phản": "1000:1","Thời gian phản hồi": "5ms (Gray to Gray)","Góc nhìn": "178° / 178°","Tần số quét": "60Hz","Màu sắc hiển thị": "1.07 tỉ màu","Độ phủ màu": "95% sRGB","Cổng kết nối": "2 x DP 1.4, 2 x HDMI 2.1, 1 x USB-C (DP Alt Mode, 90W PD), 3 x USB-C (Data Only, KVM), 1 x USB-C (15W Charging), 3 x USB-A (10Gbps), 1 x USB-A (BC 1.2), 1 x RJ45","Loa": "2 x 8W","Công nghệ ComfortView Plus": "Có","Tính năng KVM": "Có","Tính năng iMST": "Có","Chân đế": "Có thể điều chỉnh độ nghiêng, xoay và chiều cao","Tiêu chuẩn môi trường": "EnergyStar®, EPEAT® Gold","Nguồn gốc": "Nhựa PCR tái chế 85%, nhôm tái chế 90%"}',
            'Màn hình Dell UltraSharp U4323QE 43\" IPS 4K là một lựa chọn tuyệt vời cho các chuyên gia đồ họa, nhà thiết kế và những người làm việc đòi hỏi độ chính xác màu sắc cao cùng không gian hiển thị rộng rãi. Với kích thước màn hình lên đến 43 inch và độ phân giải 4K (3840 x 2160), màn hình này mang đến hình ảnh sắc nét, chi tiết đến từng điểm ảnh, cho phép bạn làm việc với các tác vụ phức tạp như chỉnh sửa ảnh, dựng phim, thiết kế 3D mà không bỏ sót bất kỳ chi tiết nào.\n\nCông nghệ tấm nền IPS đảm bảo góc nhìn rộng lên đến 178 độ, cùng với khả năng tái tạo màu sắc chính xác với độ phủ màu ấn tượng (ví dụ: 95% DCI-P3 và 98% sRGB), giúp màu sắc hiển thị chân thực và nhất quán từ mọi góc nhìn. Dell U4323QE còn nổi bật với khả năng kết nối đa dạng, bao gồm cổng USB-C với Power Delivery lên đến 90W, cho phép sạc nhanh cho laptop và truyền dữ liệu tốc độ cao chỉ bằng một sợi cáp duy nhất.\n\nCác cổng kết nối khác như HDMI, DisplayPort và USB hub tích hợp giúp bạn dễ dàng kết nối với nhiều thiết bị cùng lúc, tạo nên một không gian làm việc hiệu quả và gọn gàng. Thiết kế viền mỏng tối ưu hóa không gian hiển thị, cho phép bạn thiết lập màn hình kép hoặc đa màn hình một cách liền mạch. Công nghệ ComfortView Plus giúp giảm thiểu ánh sáng xanh có hại, bảo vệ mắt người dùng khi làm việc trong thời gian dài. Với màn hình Dell UltraSharp U4323QE, bạn sẽ trải nghiệm hiệu suất làm việc vượt trội, độ chính xác màu sắc tuyệt đối và sự tiện lợi tối đa trong mọi tác vụ sáng tạo.',
            36, 'https://product.hstatic.net/200000722513/product/dell_u4323qe_gearvn_83a4a99c4fee4989881f00c910d7d00a.jpg', '2025-02-24T04:15:17+00:00',1);
        
INSERT INTO product_image (name, product_variant_id, image_url, is_main)
VALUES
    ('Ảnh 1', 750, 'https://product.hstatic.net/200000722513/product/dell_u4323qe_gearvn_83a4a99c4fee4989881f00c910d7d00a.jpg', TRUE),
    ('Ảnh 2', 750, 'https://product.hstatic.net/200000722513/product/monitor-u4323qe-gray-gallery-1.p_8b24797b487c46039743c30bc7cca80a.png', FALSE),
    ('Ảnh 3', 750, 'https://product.hstatic.net/200000722513/product/monitor-u4323qe-gray-gallery-2.p_2a87eca4d18d4f008c7801d0138f9629.png', FALSE),
    ('Ảnh 4', 750, 'https://product.hstatic.net/200000722513/product/monitor-u4323qe-gray-gallery-3.p_6a0046d45a3e4e44a6b8a4070c5b4bbe.png', FALSE),
    ('Ảnh 5', 750, 'https://product.hstatic.net/200000722513/product/monitor-u4323qe-gray-gallery-4.p_f24699b6ca804496a3ed51a2214bf4d7.png', FALSE),
    ('Ảnh 6', 750, 'https://product.hstatic.net/200000722513/product/monitor-u4323qe-gray-gallery-5.p_c280b04c78494fefb21d7c78492cc039.png', FALSE),
    ('Ảnh 7', 750, 'https://product.hstatic.net/200000722513/product/monitor-u4323qe-gray-gallery-6.p_952f4cabdb23420c8750529316eccaf4.png', FALSE);
---
INSERT INTO product (name, seo_name, brand_id, specifications, description, created_by, image_url) 
    VALUES (
        'Màn hình cong Samsung Odyssey G8 LS34DG850 34" OLED 2K 175Hz chuyên game', 'man-hinh-cong-samsung-odyssey-g8-ls34dg850-34-oled-2k-175hz-chuyen-game', 16,
        '{"Nhà sản xuất": "Samsung"}',
        'Màn hình cong Samsung Odyssey G8 LS34DG850 34\" OLED 2K 175Hz là một tuyệt tác công nghệ, được thiết kế đặc biệt dành cho các game thủ chuyên nghiệp và những người đam mê trải nghiệm hình ảnh đỉnh cao. Với kích thước 34 inch và độ cong 1800R, màn hình mang đến một không gian hiển thị rộng lớn, bao trùm tầm nhìn, tạo cảm giác đắm chìm hoàn toàn vào thế giới game. Tấm nền OLED đột phá với công nghệ Quantum Dot giúp tái tạo màu sắc sống động, chân thực đến khó tin, độ tương phản vô hạn và thời gian phản hồi siêu tốc chỉ 0.1ms, loại bỏ hoàn toàn hiện tượng bóng ma hay giật lag, ngay cả trong những pha hành động gay cấn nhất. Độ phân giải 2K (3440 x 1440) trên tỷ lệ khung hình 21:9 mang đến hình ảnh sắc nét, chi tiết, tối ưu hóa cho trải nghiệm chơi game, xem phim và làm việc đa nhiệm. Tần số quét 175Hz siêu mượt mà, kết hợp với công nghệ AMD FreeSync Premium Pro, loại bỏ mọi hiện tượng xé hình hay giật hình, đảm bảo mọi chuyển động trên màn hình đều diễn ra liền mạch, trơn tru. Thiết kế gaming hầm hố với viền màn hình siêu mỏng, chân đế vững chắc và hệ thống đèn LED viền độc đáo (Core Lighting+) tạo nên điểm nhấn thẩm mỹ, thể hiện cá tính riêng của người dùng. Hơn thế nữa, màn hình còn tích hợp nhiều cổng kết nối hiện đại như HDMI 2.1, DisplayPort, USB Hub, cùng với loa ngoài chất lượng cao, mang đến sự tiện lợi tối đa. Samsung Odyssey G8 LS34DG850 không chỉ là một màn hình, mà còn là một tuyên ngôn về hiệu suất và phong cách, sẵn sàng nâng tầm mọi trải nghiệm giải trí của bạn lên một tầm cao mới.',
        1, 'https://product.hstatic.net/200000722513/product/avatar_d4f029e98f844bd596a99d38aa9a625d.jpg'
    );
INSERT INTO product_category (product_id, category_id) VALUES (751, 16);
INSERT INTO product_variant (
        product_id, name, seo_name, supplier_id, price, price_sale, quantity, sku, model, barcode, 
        specifications, description, warranty, image_url, release_at, created_by)
        VALUES ( 751, 'Màn hình cong Samsung Odyssey G8 LS34DG850 34" OLED 2K 175Hz chuyên game', 'man-hinh-cong-samsung-odyssey-g8-ls34dg850-34-oled-2k-175hz-chuyen-game',
            1, 29990000, 24190000, 10, 'MAN-SAM-LS34DG850',
            'MAN-SAM-LS34DG850', 'MAN-SAM-LS34DG850',
            '{"Kích thước màn hình": "34.0 inch","Loại màn hình": "OLED","Độ phân giải": "UWQHD (3440 x 1440)","Tần số quét": "175Hz","Thời gian phản hồi": "0.03ms (GtG)","Tỉ lệ tương phản": "1,000,000:1","Độ sáng": "250 cd/m²","Công nghệ tấm nền": "QD-OLED","Không gian màu": "99% DCI-P3","Tỉ lệ khung hình": "21:9","Độ cong": "1800R","Công nghệ đồng bộ hóa": "AMD FreeSync Premium Pro, G-Sync Compatible","Cổng kết nối": "HDMI 2.1, DisplayPort 1.4, USB Hub","Hệ điều hành": "Tizen","Wi-Fi": "Có","Bluetooth": "5.2","Hỗ trợ VESA": "100 x 100 mm"}',
            'Màn hình cong Samsung Odyssey G8 LS34DG850 34\" OLED 2K 175Hz là một tuyệt tác công nghệ, được thiết kế đặc biệt dành cho các game thủ chuyên nghiệp và những người đam mê trải nghiệm hình ảnh đỉnh cao. Với kích thước 34 inch và độ cong 1800R, màn hình mang đến một không gian hiển thị rộng lớn, bao trùm tầm nhìn, tạo cảm giác đắm chìm hoàn toàn vào thế giới game. Tấm nền OLED đột phá với công nghệ Quantum Dot giúp tái tạo màu sắc sống động, chân thực đến khó tin, độ tương phản vô hạn và thời gian phản hồi siêu tốc chỉ 0.1ms, loại bỏ hoàn toàn hiện tượng bóng ma hay giật lag, ngay cả trong những pha hành động gay cấn nhất. Độ phân giải 2K (3440 x 1440) trên tỷ lệ khung hình 21:9 mang đến hình ảnh sắc nét, chi tiết, tối ưu hóa cho trải nghiệm chơi game, xem phim và làm việc đa nhiệm. Tần số quét 175Hz siêu mượt mà, kết hợp với công nghệ AMD FreeSync Premium Pro, loại bỏ mọi hiện tượng xé hình hay giật hình, đảm bảo mọi chuyển động trên màn hình đều diễn ra liền mạch, trơn tru. Thiết kế gaming hầm hố với viền màn hình siêu mỏng, chân đế vững chắc và hệ thống đèn LED viền độc đáo (Core Lighting+) tạo nên điểm nhấn thẩm mỹ, thể hiện cá tính riêng của người dùng. Hơn thế nữa, màn hình còn tích hợp nhiều cổng kết nối hiện đại như HDMI 2.1, DisplayPort, USB Hub, cùng với loa ngoài chất lượng cao, mang đến sự tiện lợi tối đa. Samsung Odyssey G8 LS34DG850 không chỉ là một màn hình, mà còn là một tuyên ngôn về hiệu suất và phong cách, sẵn sàng nâng tầm mọi trải nghiệm giải trí của bạn lên một tầm cao mới.',
            24, 'https://product.hstatic.net/200000722513/product/avatar_d4f029e98f844bd596a99d38aa9a625d.jpg', '2025-01-16T05:09:28+00:00',1);
        
INSERT INTO product_image (name, product_variant_id, image_url, is_main)
VALUES
    ('Ảnh 1', 751, 'https://product.hstatic.net/200000722513/product/avatar_d4f029e98f844bd596a99d38aa9a625d.jpg', TRUE),
    ('Ảnh 2', 751, 'https://product.hstatic.net/200000722513/product/995_m__n_h__nh_gaming_samsung_odyssey_oled_g8_g85sd_ls34dg850sexxv__4__aaccded5ee0f4d2ca45b2cf23ba1ac45.jpg', FALSE),
    ('Ảnh 3', 751, 'https://product.hstatic.net/200000722513/product/995_m__n_h__nh_gaming_samsung_odyssey_oled_g8_g85sd_ls34dg850sexxv__1__d94b40e32d28473b9033fee7b320c8b5.jpg', FALSE),
    ('Ảnh 4', 751, 'https://product.hstatic.net/200000722513/product/995_m__n_h__nh_gaming_samsung_odyssey_oled_g8_g85sd_ls34dg850sexxv__2__a651159039294bb591a6d8a5d0b7efaa.jpg', FALSE),
    ('Ảnh 5', 751, 'https://product.hstatic.net/200000722513/product/995_m__n_h__nh_gaming_samsung_odyssey_oled_g8_g85sd_ls34dg850sexxv__5__4ec5f46fe5bc4effbcb35f838669b1bf.jpg', FALSE);
---
INSERT INTO product (name, seo_name, brand_id, specifications, description, created_by, image_url) 
    VALUES (
        'Màn hình cong ASUS TUF GAMING VG34VQL3A 34" 2K 180Hz HDR chuyên game', 'man-hinh-cong-asus-tuf-gaming-vg34vql3a-34-2k-180hz-hdr-chuyen-game', 3,
        '{"Thương hiệu": "ASUS", "Bảo hành": "36 tháng", "Kích thước màn hình": "34 inch", "Tỉ lệ khung hình": "21:9", "Độ phân giải": "2K (3440 x 1440)", "Bề mặt hiển thị": "Không chói (Non-Glare)", "Độ cong": "1500R", "Kích thước màn hình hiển thị (H x V)": "797.2 x 333.7 mm", "Tấm nền": "VA", "Góc hiển thị": "178°/ 178°", "Pixel Pitch": "0.232mm", "Độ sáng": "400 cd/m²", "Loại màn hình": "LED", "Khả năng hiển thị màu sắc": "16.7 triệu màu / 125% sRGB", "Thời gian phản hồi": "1ms (GTG)", "Tần số quét": "180Hz", "Tương phản": "4000:1", "Hỗ trợ HDR (Dải động cao)": "HDR10 + Flicker-free", "Tính năng video": "Công nghệ Trace Free: Có; GameVisual: Có; Nhiệt độ màu (4 chế độ): Có; GamePlus: Có; Công nghệ PIP/PbP: Có; HDCP: Có, 2.2; Extreme Low Motion Blur: Có; Công nghệ VRR (Adaptive-Sync): Có; Công nghệ GameFast Input: Có; Tăng cường vùng bóng tối (Shadow Boost): Có; DisplayWidget: Có (Trung tâm DisplayWidget); Lọc ánh sáng xanh: Có", "Tính năng âm thanh": "Loa: Có (2W x 2)", "Cổng I/O": "DisplayPort 1.4 x 2 (HBR3); HDMI (v2.0) x 2; USB Hub: 3x USB 3.2 Gen 2 Type-A; Đầu cắm Tai nghe: Có", "Tiêu thụ điện năng": "Tiêu thụ điện năng: <27W; Chế độ tiết kiệm điện: <0.5W; Chế độ tắt nguồn: <0.3W; Điện áp: 100-240V, 50/60Hz", "Thiết kế kỹ thuật": "Góc nghiêng: Có (+20° ~ -5°); Xoay: Có (+10° ~ -10°); Điều chỉnh Độ cao: 0~130mm; Chuẩn VESA treo tường: 100x100mm; Khóa Kensington: Có; Chân đế: Có", "Kích thước": "Kích thước vật lý có chân đế (R x C x D): 80.8 x (41.1~54.1) x 25.0 cm; Kích thước vật lý không chân đế (R x C x D): 80.8 x 36.4 x 11.1 cm; Kích thước hộp (R x C x D): 91.5 x 49.5 x 28.0 cm", "Trọng lượng": "Trọng lượng tịnh có chân đế: 8.1 kg; Trọng lượng tịnh không có chân đế: 5.8 kg; Trọng lượng thô: 11.3 kg", "Phụ kiện (thay đổi theo khu vực)": "Cáp DisplayPort; Cáp HDMI; Dây điện; Hướng dẫn sử dụng; Cáp USB Type-B sang A; Thẻ bảo hành"}',
        'Màn hình cong ASUS TUF GAMING VG34VQL3A 34\" 2K 180Hz HDR là một chiến binh thực thụ cho mọi game thủ, mang đến trải nghiệm hình ảnh đắm chìm và hiệu năng đỉnh cao. Với kích thước 34 inch và độ phân giải 2K (3440x1440), màn hình này mở rộng tầm nhìn của bạn, cho phép bạn bao quát mọi chi tiết trên chiến trường ảo. Tỷ lệ khung hình siêu rộng 21:9 giúp bạn có lợi thế hơn trong các tựa game chiến thuật, đua xe hay FPS, nơi mà việc nhìn thấy kẻ địch sớm hơn có thể tạo nên sự khác biệt giữa chiến thắng và thất bại. Công nghệ Fast VA Panel mang đến tần số quét siêu tốc 180Hz, loại bỏ hiện tượng giật lag và xé hình, đảm bảo mọi chuyển động diễn ra mượt mà và chân thực đến kinh ngạc. Điều này đặc biệt quan trọng trong các pha hành động nhanh, nơi mà mỗi mili giây đều có ý nghĩa. Công nghệ HDR (High Dynamic Range) cùng với chứng nhận VESA DisplayHDR 400 cung cấp dải màu sắc rộng hơn, độ tương phản cao hơn và chi tiết ở cả vùng sáng lẫn vùng tối, mang đến hình ảnh sống động, rực rỡ và đầy chiều sâu. Thời gian phản hồi chỉ 1ms (MPRT) giúp loại bỏ hiện tượng bóng mờ, đảm bảo hình ảnh sắc nét ngay cả trong những cảnh chuyển động nhanh nhất. ASUS TUF GAMING VG34VQL3A còn tích hợp công nghệ đồng bộ hóa hình ảnh Adaptive-Sync, tương thích với cả G-Sync và FreeSync Premium, loại bỏ hoàn toàn hiện tượng xé hình và giật hình, mang lại trải nghiệm chơi game mượt mà nhất. Độ cong 1500R giúp màn hình ôm trọn tầm nhìn của bạn, giảm thiểu mỏi mắt và tăng cường sự thoải mái khi sử dụng trong thời gian dài. Ngoài ra, màn hình còn được trang bị các công nghệ bảo vệ mắt như Flicker-Free và Ultra-Low Blue Light, giúp giảm thiểu tác hại của ánh sáng xanh và hiện tượng nhấp nháy màn hình. Với thiết kế hầm hố đặc trưng của dòng TUF Gaming, màn hình này không chỉ là một thiết bị chơi game mà còn là một điểm nhấn cho góc máy của bạn. Cổng kết nối đa dạng bao gồm DisplayPort 1.4, HDMI 2.0 và USB Hub, đáp ứng mọi nhu cầu kết nối của game thủ.',
        1, 'https://product.hstatic.net/200000722513/product/image-removebg-preview__49_.png_b1bb06c9d6bc4aefb692eb347a9f784e.jpg'
    );
INSERT INTO product_category (product_id, category_id) VALUES (752, 16);
INSERT INTO product_variant (
        product_id, name, seo_name, supplier_id, price, price_sale, quantity, sku, model, barcode, 
        specifications, description, warranty, image_url, release_at, created_by)
        VALUES ( 752, 'Màn hình cong ASUS TUF GAMING VG34VQL3A 34" 2K 180Hz HDR chuyên game', 'man-hinh-cong-asus-tuf-gaming-vg34vql3a-34-2k-180hz-hdr-chuyen-game',
            1, 10990000, 8290000, 10, 'MAN-ASU-TUF-VG34VQL3A',
            'MAN-ASU-TUF-VG34VQL3A', 'MAN-ASU-TUF-VG34VQL3A',
            '{"Thương hiệu": "ASUS", "Bảo hành": "36 tháng", "Kích thước màn hình": "34 inch", "Tỉ lệ khung hình": "21:9", "Độ phân giải": "2K (3440 x 1440)", "Bề mặt hiển thị": "Không chói (Non-Glare)", "Độ cong": "1500R", "Kích thước màn hình hiển thị (H x V)": "797.2 x 333.7 mm", "Tấm nền": "VA", "Góc hiển thị": "178°/ 178°", "Pixel Pitch": "0.232mm", "Độ sáng": "400 cd/m²", "Loại màn hình": "LED", "Khả năng hiển thị màu sắc": "16.7 triệu màu / 125% sRGB", "Thời gian phản hồi": "1ms (GTG)", "Tần số quét": "180Hz", "Tương phản": "4000:1", "Hỗ trợ HDR (Dải động cao)": "HDR10 + Flicker-free", "Tính năng video": "Công nghệ Trace Free: Có; GameVisual: Có; Nhiệt độ màu (4 chế độ): Có; GamePlus: Có; Công nghệ PIP/PbP: Có; HDCP: Có, 2.2; Extreme Low Motion Blur: Có; Công nghệ VRR (Adaptive-Sync): Có; Công nghệ GameFast Input: Có; Tăng cường vùng bóng tối (Shadow Boost): Có; DisplayWidget: Có (Trung tâm DisplayWidget); Lọc ánh sáng xanh: Có", "Tính năng âm thanh": "Loa: Có (2W x 2)", "Cổng I/O": "DisplayPort 1.4 x 2 (HBR3); HDMI (v2.0) x 2; USB Hub: 3x USB 3.2 Gen 2 Type-A; Đầu cắm Tai nghe: Có", "Tiêu thụ điện năng": "Tiêu thụ điện năng: <27W; Chế độ tiết kiệm điện: <0.5W; Chế độ tắt nguồn: <0.3W; Điện áp: 100-240V, 50/60Hz", "Thiết kế kỹ thuật": "Góc nghiêng: Có (+20° ~ -5°); Xoay: Có (+10° ~ -10°); Điều chỉnh Độ cao: 0~130mm; Chuẩn VESA treo tường: 100x100mm; Khóa Kensington: Có; Chân đế: Có", "Kích thước": "Kích thước vật lý có chân đế (R x C x D): 80.8 x (41.1~54.1) x 25.0 cm; Kích thước vật lý không chân đế (R x C x D): 80.8 x 36.4 x 11.1 cm; Kích thước hộp (R x C x D): 91.5 x 49.5 x 28.0 cm", "Trọng lượng": "Trọng lượng tịnh có chân đế: 8.1 kg; Trọng lượng tịnh không có chân đế: 5.8 kg; Trọng lượng thô: 11.3 kg", "Phụ kiện (thay đổi theo khu vực)": "Cáp DisplayPort; Cáp HDMI; Dây điện; Hướng dẫn sử dụng; Cáp USB Type-B sang A; Thẻ bảo hành"}',
            'Màn hình cong ASUS TUF GAMING VG34VQL3A 34\" 2K 180Hz HDR là một chiến binh thực thụ cho mọi game thủ, mang đến trải nghiệm hình ảnh đắm chìm và hiệu năng đỉnh cao. Với kích thước 34 inch và độ phân giải 2K (3440x1440), màn hình này mở rộng tầm nhìn của bạn, cho phép bạn bao quát mọi chi tiết trên chiến trường ảo. Tỷ lệ khung hình siêu rộng 21:9 giúp bạn có lợi thế hơn trong các tựa game chiến thuật, đua xe hay FPS, nơi mà việc nhìn thấy kẻ địch sớm hơn có thể tạo nên sự khác biệt giữa chiến thắng và thất bại. Công nghệ Fast VA Panel mang đến tần số quét siêu tốc 180Hz, loại bỏ hiện tượng giật lag và xé hình, đảm bảo mọi chuyển động diễn ra mượt mà và chân thực đến kinh ngạc. Điều này đặc biệt quan trọng trong các pha hành động nhanh, nơi mà mỗi mili giây đều có ý nghĩa. Công nghệ HDR (High Dynamic Range) cùng với chứng nhận VESA DisplayHDR 400 cung cấp dải màu sắc rộng hơn, độ tương phản cao hơn và chi tiết ở cả vùng sáng lẫn vùng tối, mang đến hình ảnh sống động, rực rỡ và đầy chiều sâu. Thời gian phản hồi chỉ 1ms (MPRT) giúp loại bỏ hiện tượng bóng mờ, đảm bảo hình ảnh sắc nét ngay cả trong những cảnh chuyển động nhanh nhất. ASUS TUF GAMING VG34VQL3A còn tích hợp công nghệ đồng bộ hóa hình ảnh Adaptive-Sync, tương thích với cả G-Sync và FreeSync Premium, loại bỏ hoàn toàn hiện tượng xé hình và giật hình, mang lại trải nghiệm chơi game mượt mà nhất. Độ cong 1500R giúp màn hình ôm trọn tầm nhìn của bạn, giảm thiểu mỏi mắt và tăng cường sự thoải mái khi sử dụng trong thời gian dài. Ngoài ra, màn hình còn được trang bị các công nghệ bảo vệ mắt như Flicker-Free và Ultra-Low Blue Light, giúp giảm thiểu tác hại của ánh sáng xanh và hiện tượng nhấp nháy màn hình. Với thiết kế hầm hố đặc trưng của dòng TUF Gaming, màn hình này không chỉ là một thiết bị chơi game mà còn là một điểm nhấn cho góc máy của bạn. Cổng kết nối đa dạng bao gồm DisplayPort 1.4, HDMI 2.0 và USB Hub, đáp ứng mọi nhu cầu kết nối của game thủ.',
            36, 'https://product.hstatic.net/200000722513/product/image-removebg-preview__49_.png_b1bb06c9d6bc4aefb692eb347a9f784e.jpg', '2023-09-12T02:08:59+00:00',1);
        
INSERT INTO product_image (name, product_variant_id, image_url, is_main)
VALUES
    ('Ảnh 1', 752, 'https://product.hstatic.net/200000722513/product/image-removebg-preview__49_.png_b1bb06c9d6bc4aefb692eb347a9f784e.jpg', TRUE),
    ('Ảnh 2', 752, 'https://product.hstatic.net/200000722513/product/image-removebg-preview__48__a0b49bf2d7fb46ce91958bc1b5d55b3a.png', FALSE),
    ('Ảnh 3', 752, 'https://product.hstatic.net/200000722513/product/image-removebg-preview__47__a0b4dd5e333340818f0e12de359c29fd.png', FALSE),
    ('Ảnh 4', 752, 'https://product.hstatic.net/200000722513/product/image-removebg-preview__46__1302399d19504107958b2d5522ea75ba.png', FALSE),
    ('Ảnh 5', 752, 'https://product.hstatic.net/200000722513/product/image-removebg-preview__45__42fdfc27d6fa4b80a8317e6807e14813.png', FALSE),
    ('Ảnh 6', 752, 'https://product.hstatic.net/200000722513/product/image-removebg-preview__44__8fa5a4ff18e04209bb027418795df8dc.png', FALSE),
    ('Ảnh 7', 752, 'https://product.hstatic.net/200000722513/product/image-removebg-preview__43__aefeec04d5a3460b9cb7a796af86b6f6.png', FALSE);
---
INSERT INTO product (name, seo_name, brand_id, specifications, description, created_by, image_url) 
    VALUES (
        'Màn hình cong Asus ROG Swift PG34WCDM 34" OLED 2K 240Hz USBC chuyên game', 'man-hinh-cong-asus-rog-swift-pg34wcdm-34-oled-2k-240hz-usbc-chuyen-game', 3,
        '{"Kích thước hiển thị": "33.94 inches", "Kiểu màn hình": "Màn hình cong", "Độ cong": "800R", "Tấm nền": "OLED", "Tỉ lệ màn hình": "21:9", "Tần số quét": "240 Hz", "Thời gian phản hồi": "0.03 ms", "Số lượng màu": "1073.7M (10 bit)", "Độ phủ màu": "sRGB 135%, DCI-P3 99%", "Độ chính xác màu": "Delta E < 2", "Độ sáng": "1300 cd/m²", "Góc nhìn": "178°/178°", "Độ tương phản động": "1,500,000:1 (Typ.)", "Công nghệ màn hình": "HDR10, GameVisual, Nhiệt độ màu 8 chế độ, 6 trục điều chỉnh màu (R,G,B,C,M,Y), Hỗ trợ Gamma 1.8/2.0/2.2/2.4/2.6, GamePlus, PIP/PbP, DisplayWidget", "Nghiêng": "+20° ~ -5°", "Xoay": "+15° ~ -15°", "Điều chỉnh độ cao": "0~11 cm", "Độ phân giải màn hình": "3440 x 1440 pixels", "Cổng kết nối": "USB-C x1 (DP Alt Mode), DisplayPort 1.4 DSC x1, HDMI 2.1 x2, USB Hub: 2x USB 3.2 Gen1 Type-A, 1x USB 2.0 Type-A, Đầu cắm tai nghe, Đầu ra SPDIF, USB-C Power Delivery 90W", "Tính năng màn hình": "Hạn chế ánh sáng xanh, Chống nháy, Chế độ tiết kiệm điện, Tương thích NVIDIA G-Sync, AMD FreeSync Premium Pro, VESA DisplayHDR 400", "Công suất tiêu thụ": "Điện năng tiêu thụ: 31W, Chế độ tiết kiệm điện: <0.5W, Chế độ tắt nguồn: <0.3W", "Kích thước sản phẩm": "Có chân đế: 78.60 x 55.10 x 29.30 cm, Không chân đế: 78.60 x 37.2 x 16.1 cm", "Trọng lượng": "Có chân đế: 8.4 kg, Không chân đế: 5.6 kg"}',
        'Màn hình Gaming ASUS ROG Swift OLED PG34WCDM vượt trội về chất lượng hiển thị, được trang bị nhiều tính năng hiện đại, màn hình Gaming ASUS ROG Swift OLED PG34WCDM mang lại trải nghiệm chân thực và tuyệt vời. Không những có thiết kế sang trọng, sản phẩm màn hình ASUS này có độ phân giải cao với chất lượng hiển thị hàng đầu.\n\nTấm nền OLED 34 inch cùng độ phân giải 3440x1440\nVới tấm nền OLED 34 inch và độ phân giải đến 3440x1440, màn hình Gaming ASUS ROG Swift OLED PG34WCDM sở hữu nhiều ưu điểm vượt trội. Tấm nền OLED được đánh giá là sản phẩm có chất lượng tốt nhất với màu đen sâu thẳm, độ sáng tối ưu. Việc này giúp khách hàng có trải nghiệm thú vị với những con game AAA đồ họa hay chỉnh sửa video.\n\nChất lượng màn hình ASUS ROG Swift OLED PG34WCDM\n\nĐặc biệt, chiếc màn hình cong cũng đem tới hiệu suất HDR đáng kinh ngạc nhờ tuân thủ tiêu chuẩn VESA Display HDR™ 400 True Black. Gam màu rộng đến 99% DCI-P3 cùng độ chênh lệch màu Delta E < 2 nhằm đảm bảo màn hình sẽ hiển thị màu sắc chuẩn nhất.\n\nMàn hình gaming ASUS ROG Swift OLED PG34WCDM đã làm xiêu lòng các game thủ với tốc độ làm mới lên tới 240Hz. Tần số này giúp cải thiện độ trễ, đem tới trải nghiệm hình ảnh mượt mà, nhanh chóng, khắc phục tình trạng giật lag. Khách hàng khi chơi những tựa game FPS căng thẳng hay MOBA chiến thuật, mọi chuyển động đều hiển thị sắc nét và ổn định. \n\nChất lượng màn hình ASUS ROG Swift OLED PG34WCDM\n\nHơn nữa, nhờ tốc độ phản hồi 0,03ms cực nhanh, từng chuyển động trên màn hình cong được hiển thị chi tiết. Đây là một trong các yếu tố cực kỳ quan trọng đối với những người thích chơi game tốc độ cao. Với ASUS ROG Swift OLED PG34WCDM , người dùng sẽ không bỏ lỡ bất kỳ khoảnh khắc quan trọng nào trong những trận game kịch tính.\n\nThiết kế mới mẻ với màn cong siêu mỏng\nMàn hình được hãng thiết kế cong siêu mỏng hấp dẫn thị giác. Mang gam màu đen mạnh mẽ, viền siêu mỏng, màn hình Gaming ASUS ROG Swift OLED PG34WCDM đem lại cảm giác hiển thị tràn viền. Thiết kế này vừa mang lại phong cách cá tính, gây cuốn hút về mặt thẩm mỹ, vừa nâng cao trải nghiệm người dùng.\n\nThiết kế màn hình ASUS ROG Swift OLED PG34WCDM\n\nChân đế của màn hình được hãng thiết kế đảm bảo sự kiên cố, vững vàng. Dù các game thủ đắm chìm hàng giờ trong những trận đấu kịch tính, thực hiện thao tác chuột và bàn phím liên tục, màn hình vẫn giữ được sự cố định, không rung lắc. Thiết kế này vừa mang lại sự an tâm khi sử dụng vừa góp phần tạo nên không gian gaming chuyên nghiệp.\n\nMàn hình Gaming ASUS ROG Swift OLED PG34WCDM còn cung cấp nhiều tùy chọn kết nối gồm DisplayPort™ 1.4 (DSC), HDMI® (v2.1), USB-C® với công suất cấp nguồn 90W. Đây cũng là sản phẩm mà hãng ASUS khá đầu tư vào hệ thống tản nhiệt cũng như thiết kế luồng khí tiên tiến để giảm thiểu lỗi cháy hình hay lưu hình.\n\nCông nghệ G-SYNC khắc phục nhiều lỗi phổ biến ở màn hình\nMàn hình gaming ASUS ROG Swift OLED PG34WCDM là một sản phẩm Monitor trên thị trường sử dụng công nghệ G-SYNC. Ưu điểm đáng giá chính là loại bỏ tất cả tình trạng giật lag, xé hình hay bóng mờ, đem lại hình ảnh trơn tru, rõ nét. Những ai ưa chuộng dòng game Moba, đua xe, FPS, AAA thì công nghệ G-SYNC của màn hình sẽ hỗ trợ vượt trội nhất.',
        1, 'https://product.hstatic.net/200000722513/product/gearvn-man-hinh-cong-asus-rog-swift-pg34wcdm-1_5a24f0c3ac764de5b5bc28a08e27a7e3.png'
    );
INSERT INTO product_category (product_id, category_id) VALUES (753, 16);
INSERT INTO product_variant (
        product_id, name, seo_name, supplier_id, price, price_sale, quantity, sku, model, barcode, 
        specifications, description, warranty, image_url, release_at, created_by)
        VALUES ( 753, 'Màn hình cong Asus ROG Swift PG34WCDM 34" OLED 2K 240Hz USBC chuyên game', 'man-hinh-cong-asus-rog-swift-pg34wcdm-34-oled-2k-240hz-usbc-chuyen-game',
            1, 39990000, 39990000, 10, 'MAN-ASU-PG34WCDM',
            'MAN-ASU-PG34WCDM', 'MAN-ASU-PG34WCDM',
            '{"Kích thước hiển thị": "33.94 inches", "Kiểu màn hình": "Màn hình cong", "Độ cong": "800R", "Tấm nền": "OLED", "Tỉ lệ màn hình": "21:9", "Tần số quét": "240 Hz", "Thời gian phản hồi": "0.03 ms", "Số lượng màu": "1073.7M (10 bit)", "Độ phủ màu": "sRGB 135%, DCI-P3 99%", "Độ chính xác màu": "Delta E < 2", "Độ sáng": "1300 cd/m²", "Góc nhìn": "178°/178°", "Độ tương phản động": "1,500,000:1 (Typ.)", "Công nghệ màn hình": "HDR10, GameVisual, Nhiệt độ màu 8 chế độ, 6 trục điều chỉnh màu (R,G,B,C,M,Y), Hỗ trợ Gamma 1.8/2.0/2.2/2.4/2.6, GamePlus, PIP/PbP, DisplayWidget", "Nghiêng": "+20° ~ -5°", "Xoay": "+15° ~ -15°", "Điều chỉnh độ cao": "0~11 cm", "Độ phân giải màn hình": "3440 x 1440 pixels", "Cổng kết nối": "USB-C x1 (DP Alt Mode), DisplayPort 1.4 DSC x1, HDMI 2.1 x2, USB Hub: 2x USB 3.2 Gen1 Type-A, 1x USB 2.0 Type-A, Đầu cắm tai nghe, Đầu ra SPDIF, USB-C Power Delivery 90W", "Tính năng màn hình": "Hạn chế ánh sáng xanh, Chống nháy, Chế độ tiết kiệm điện, Tương thích NVIDIA G-Sync, AMD FreeSync Premium Pro, VESA DisplayHDR 400", "Công suất tiêu thụ": "Điện năng tiêu thụ: 31W, Chế độ tiết kiệm điện: <0.5W, Chế độ tắt nguồn: <0.3W", "Kích thước sản phẩm": "Có chân đế: 78.60 x 55.10 x 29.30 cm, Không chân đế: 78.60 x 37.2 x 16.1 cm", "Trọng lượng": "Có chân đế: 8.4 kg, Không chân đế: 5.6 kg"}',
            'Màn hình Gaming ASUS ROG Swift OLED PG34WCDM vượt trội về chất lượng hiển thị, được trang bị nhiều tính năng hiện đại, màn hình Gaming ASUS ROG Swift OLED PG34WCDM mang lại trải nghiệm chân thực và tuyệt vời. Không những có thiết kế sang trọng, sản phẩm màn hình ASUS này có độ phân giải cao với chất lượng hiển thị hàng đầu.\n\nTấm nền OLED 34 inch cùng độ phân giải 3440x1440\nVới tấm nền OLED 34 inch và độ phân giải đến 3440x1440, màn hình Gaming ASUS ROG Swift OLED PG34WCDM sở hữu nhiều ưu điểm vượt trội. Tấm nền OLED được đánh giá là sản phẩm có chất lượng tốt nhất với màu đen sâu thẳm, độ sáng tối ưu. Việc này giúp khách hàng có trải nghiệm thú vị với những con game AAA đồ họa hay chỉnh sửa video.\n\nChất lượng màn hình ASUS ROG Swift OLED PG34WCDM\n\nĐặc biệt, chiếc màn hình cong cũng đem tới hiệu suất HDR đáng kinh ngạc nhờ tuân thủ tiêu chuẩn VESA Display HDR™ 400 True Black. Gam màu rộng đến 99% DCI-P3 cùng độ chênh lệch màu Delta E < 2 nhằm đảm bảo màn hình sẽ hiển thị màu sắc chuẩn nhất.\n\nMàn hình gaming ASUS ROG Swift OLED PG34WCDM đã làm xiêu lòng các game thủ với tốc độ làm mới lên tới 240Hz. Tần số này giúp cải thiện độ trễ, đem tới trải nghiệm hình ảnh mượt mà, nhanh chóng, khắc phục tình trạng giật lag. Khách hàng khi chơi những tựa game FPS căng thẳng hay MOBA chiến thuật, mọi chuyển động đều hiển thị sắc nét và ổn định. \n\nChất lượng màn hình ASUS ROG Swift OLED PG34WCDM\n\nHơn nữa, nhờ tốc độ phản hồi 0,03ms cực nhanh, từng chuyển động trên màn hình cong được hiển thị chi tiết. Đây là một trong các yếu tố cực kỳ quan trọng đối với những người thích chơi game tốc độ cao. Với ASUS ROG Swift OLED PG34WCDM , người dùng sẽ không bỏ lỡ bất kỳ khoảnh khắc quan trọng nào trong những trận game kịch tính.\n\nThiết kế mới mẻ với màn cong siêu mỏng\nMàn hình được hãng thiết kế cong siêu mỏng hấp dẫn thị giác. Mang gam màu đen mạnh mẽ, viền siêu mỏng, màn hình Gaming ASUS ROG Swift OLED PG34WCDM đem lại cảm giác hiển thị tràn viền. Thiết kế này vừa mang lại phong cách cá tính, gây cuốn hút về mặt thẩm mỹ, vừa nâng cao trải nghiệm người dùng.\n\nThiết kế màn hình ASUS ROG Swift OLED PG34WCDM\n\nChân đế của màn hình được hãng thiết kế đảm bảo sự kiên cố, vững vàng. Dù các game thủ đắm chìm hàng giờ trong những trận đấu kịch tính, thực hiện thao tác chuột và bàn phím liên tục, màn hình vẫn giữ được sự cố định, không rung lắc. Thiết kế này vừa mang lại sự an tâm khi sử dụng vừa góp phần tạo nên không gian gaming chuyên nghiệp.\n\nMàn hình Gaming ASUS ROG Swift OLED PG34WCDM còn cung cấp nhiều tùy chọn kết nối gồm DisplayPort™ 1.4 (DSC), HDMI® (v2.1), USB-C® với công suất cấp nguồn 90W. Đây cũng là sản phẩm mà hãng ASUS khá đầu tư vào hệ thống tản nhiệt cũng như thiết kế luồng khí tiên tiến để giảm thiểu lỗi cháy hình hay lưu hình.\n\nCông nghệ G-SYNC khắc phục nhiều lỗi phổ biến ở màn hình\nMàn hình gaming ASUS ROG Swift OLED PG34WCDM là một sản phẩm Monitor trên thị trường sử dụng công nghệ G-SYNC. Ưu điểm đáng giá chính là loại bỏ tất cả tình trạng giật lag, xé hình hay bóng mờ, đem lại hình ảnh trơn tru, rõ nét. Những ai ưa chuộng dòng game Moba, đua xe, FPS, AAA thì công nghệ G-SYNC của màn hình sẽ hỗ trợ vượt trội nhất.',
            36, 'https://product.hstatic.net/200000722513/product/gearvn-man-hinh-cong-asus-rog-swift-pg34wcdm-1_5a24f0c3ac764de5b5bc28a08e27a7e3.png', '2024-01-19T03:48:44+00:00',1);
        
INSERT INTO product_image (name, product_variant_id, image_url, is_main)
VALUES
    ('Ảnh 1', 753, 'https://product.hstatic.net/200000722513/product/gearvn-man-hinh-cong-asus-rog-swift-pg34wcdm-1_5a24f0c3ac764de5b5bc28a08e27a7e3.png', TRUE),
    ('Ảnh 2', 753, 'https://product.hstatic.net/200000722513/product/gearvn-man-hinh-cong-asus-rog-swift-pg34wcdm-2_b1b0b5407fe44f40bdb5cb123f4e2bd6.png', FALSE),
    ('Ảnh 3', 753, 'https://product.hstatic.net/200000722513/product/gearvn-man-hinh-cong-asus-rog-swift-pg34wcdm-3_96d281afc0dd45f495f8e4d67d7f61b1.png', FALSE),
    ('Ảnh 4', 753, 'https://product.hstatic.net/200000722513/product/gearvn-man-hinh-cong-asus-rog-swift-pg34wcdm-4_75c1b6fc7e9c4175b8430d5e0191e88a.png', FALSE),
    ('Ảnh 5', 753, 'https://product.hstatic.net/200000722513/product/gearvn-man-hinh-cong-asus-rog-swift-pg34wcdm-5_e725b7ac24df498e8b4559d6f0230ea3.png', FALSE);
---
INSERT INTO product (name, seo_name, brand_id, specifications, description, created_by, image_url) 
    VALUES (
        'Màn hình ASUS ProArt PA348CGV 34" IPS 2K 120Hz USBC chuyên đồ họa', 'man-hinh-asus-proart-pa348cgv-34-ips-2k-120hz-usbc-chuyen-do-hoa', 3,
        '{"Nhà sản xuất": "ASUS"}',
        'Màn hình ASUS ProArt PA348CGV là lựa chọn lý tưởng cho các chuyên gia sáng tạo, được thiết kế để mang đến trải nghiệm hình ảnh đỉnh cao và hiệu suất làm việc vượt trội. Với kích thước 34 inch và tấm nền IPS, màn hình này cung cấp góc nhìn rộng, màu sắc chân thực và độ tương phản ấn tượng, tái hiện mọi chi tiết với độ chính xác tuyệt đối. Độ phân giải 2K (3440 x 1440) Ultra-wide mang đến không gian làm việc rộng rãi, lý tưởng cho việc chỉnh sửa ảnh, dựng video, thiết kế đồ họa và đa nhiệm hiệu quả. Tần số quét 120Hz mượt mà, kết hợp với công nghệ Variable Refresh Rate (VRR), loại bỏ hiện tượng xé hình và giật lag, đảm bảo mọi chuyển động trên màn hình đều trơn tru, đặc biệt quan trọng khi làm việc với các ứng dụng đồ họa động hoặc chơi game. Khả năng kết nối đa dạng với cổng USB-C hỗ trợ DisplayPort Alternate Mode và Power Delivery lên đến 90W, cho phép truyền dữ liệu tốc độ cao, xuất hình ảnh và sạc thiết bị chỉ với một dây cáp duy nhất, giúp bàn làm việc gọn gàng và tiện lợi hơn. Chuẩn màu DCI-P3 98% và Delta E < 2 đảm bảo độ chính xác màu sắc cao, đáp ứng các tiêu chuẩn khắt khe nhất trong ngành công nghiệp sáng tạo. ASUS ProArt PA348CGV còn tích hợp công nghệ ASUS Splendid Video Intelligence và Calman Verified, mang đến những chế độ hiển thị tối ưu cho từng tác vụ, cùng với khả năng hiệu chuẩn chuyên nghiệp, sẵn sàng cho mọi dự án đòi hỏi sự tỉ mỉ và chính xác về màu sắc. Thiết kế công thái học với chân đế có thể điều chỉnh độ cao, nghiêng, xoay và trục xoay (pivot) mang lại sự thoải mái tối đa khi sử dụng trong thời gian dài.',
        1, 'https://product.hstatic.net/200000722513/product/asus_pa348cgv_gearvn_f21c5f0175e3442b9be34a21bf91c991.jpg'
    );
INSERT INTO product_category (product_id, category_id) VALUES (754, 16);
INSERT INTO product_variant (
        product_id, name, seo_name, supplier_id, price, price_sale, quantity, sku, model, barcode, 
        specifications, description, warranty, image_url, release_at, created_by)
        VALUES ( 754, 'Màn hình ASUS ProArt PA348CGV 34" IPS 2K 120Hz USBC chuyên đồ họa', 'man-hinh-asus-proart-pa348cgv-34-ips-2k-120hz-usbc-chuyen-do-hoa',
            1, 31990000, 18790000, 10, 'MAN-ASU-PROART-PA348CGV',
            'MAN-ASU-PROART-PA348CGV', 'MAN-ASU-PROART-PA348CGV',
            '{"Tên sản phẩm": "ASUS ProArt PA348CGV", "Kích thước màn hình": "34 inch", "Loại tấm nền": "IPS", "Độ phân giải": "2K (3440 x 1440)", "Tần số làm mới": "120Hz", "Tỷ lệ khung hình": "21:9", "Thời gian phản hồi": "2ms (GtG)", "Độ sáng": "350 cd/m²", "Tỷ lệ tương phản": "1000:1", "Độ chính xác màu": "Delta E < 2", "Độ phủ màu": "98% DCI-P3, 100% sRGB", "HDR": "HDR10", "Cổng kết nối": "USB-C (DP Alt Mode, 90W Power Delivery), DisplayPort 1.4, 2x HDMI 2.0, 4x USB 3.2 Gen 1 Type-A", "Loa": "2W x2", "Công nghệ đồng bộ tần số quét": "FreeSync Premium Pro", "Trọng lượng tịnh": "12.2 kg (có chân đế), 7.8 kg (không có chân đế)", "Điều chỉnh chân đế": "Nghiêng, Xoay, Chỉnh độ cao (0-115mm)", "Chuẩn treo tường VESA": "100x100mm", "Nguồn cấp": "19.36 W (tiêu thụ)", "Chứng nhận": "Energy Star, Calman Verified"}',
            'Màn hình ASUS ProArt PA348CGV là lựa chọn lý tưởng cho các chuyên gia sáng tạo, được thiết kế để mang đến trải nghiệm hình ảnh đỉnh cao và hiệu suất làm việc vượt trội. Với kích thước 34 inch và tấm nền IPS, màn hình này cung cấp góc nhìn rộng, màu sắc chân thực và độ tương phản ấn tượng, tái hiện mọi chi tiết với độ chính xác tuyệt đối. Độ phân giải 2K (3440 x 1440) Ultra-wide mang đến không gian làm việc rộng rãi, lý tưởng cho việc chỉnh sửa ảnh, dựng video, thiết kế đồ họa và đa nhiệm hiệu quả. Tần số quét 120Hz mượt mà, kết hợp với công nghệ Variable Refresh Rate (VRR), loại bỏ hiện tượng xé hình và giật lag, đảm bảo mọi chuyển động trên màn hình đều trơn tru, đặc biệt quan trọng khi làm việc với các ứng dụng đồ họa động hoặc chơi game. Khả năng kết nối đa dạng với cổng USB-C hỗ trợ DisplayPort Alternate Mode và Power Delivery lên đến 90W, cho phép truyền dữ liệu tốc độ cao, xuất hình ảnh và sạc thiết bị chỉ với một dây cáp duy nhất, giúp bàn làm việc gọn gàng và tiện lợi hơn. Chuẩn màu DCI-P3 98% và Delta E < 2 đảm bảo độ chính xác màu sắc cao, đáp ứng các tiêu chuẩn khắt khe nhất trong ngành công nghiệp sáng tạo. ASUS ProArt PA348CGV còn tích hợp công nghệ ASUS Splendid Video Intelligence và Calman Verified, mang đến những chế độ hiển thị tối ưu cho từng tác vụ, cùng với khả năng hiệu chuẩn chuyên nghiệp, sẵn sàng cho mọi dự án đòi hỏi sự tỉ mỉ và chính xác về màu sắc. Thiết kế công thái học với chân đế có thể điều chỉnh độ cao, nghiêng, xoay và trục xoay (pivot) mang lại sự thoải mái tối đa khi sử dụng trong thời gian dài.',
            36, 'https://product.hstatic.net/200000722513/product/asus_pa348cgv_gearvn_f21c5f0175e3442b9be34a21bf91c991.jpg', '2024-10-07T03:07:50+00:00',1);
        
INSERT INTO product_image (name, product_variant_id, image_url, is_main)
VALUES
    ('Ảnh 1', 754, 'https://product.hstatic.net/200000722513/product/asus_pa348cgv_gearvn_f21c5f0175e3442b9be34a21bf91c991.jpg', TRUE),
    ('Ảnh 2', 754, 'https://product.hstatic.net/200000722513/product/fwebp__2__1a646c31db4641a6af38e077fff922b3.jpg', FALSE),
    ('Ảnh 3', 754, 'https://product.hstatic.net/200000722513/product/fwebp__3__ef91d76ba543455ca86b1b9a1284a998.jpg', FALSE),
    ('Ảnh 4', 754, 'https://product.hstatic.net/200000722513/product/fwebp__4__64e50460172e4cbc9358b8f21109caae.jpg', FALSE),
    ('Ảnh 5', 754, 'https://product.hstatic.net/200000722513/product/fwebp__5__f0e68a47c0544e679cd0f03d5f5f3df8.jpg', FALSE),
    ('Ảnh 6', 754, 'https://product.hstatic.net/200000722513/product/fwebp__6__8f3a14837f1848bda88dec6bed542f91.jpg', FALSE),
    ('Ảnh 7', 754, 'https://product.hstatic.net/200000722513/product/fwebp__7__c06da5f9454a4d7ea2e575307ba73856.jpg', FALSE),
    ('Ảnh 8', 754, 'https://product.hstatic.net/200000722513/product/fwebp__8__4a3d02c7ec764bbd9cc371fbb44c8e9d.jpg', FALSE);
---
INSERT INTO product (name, seo_name, brand_id, specifications, description, created_by, image_url) 
    VALUES (
        'Màn hình cong MSI OPTIX MAG342CQR E2 34" 2K 180Hz chuyên game', 'man-hinh-cong-msi-optix-mag342cqr-e2-34-2k-180hz-chuyen-game', 52,
        '{"Kích thước màn hình": "34 inch (86.36 cm)", "Khu vực hiển thị": "797.22(H) x 333.72(V) mm", "Độ cong": "1500R", "Tấm nền": "VA", "Độ phân giải": "UWQHD (3440 x 1440)", "Kích thước điểm ảnh": "0.23175(H) x 0.23175(V)", "Tỷ lệ khung hình": "21:9", "Độ sáng": "300 nits (Typ.)", "Độ tương phản tĩnh": "3000:1 (Typ.)", "Độ tương phản động": "100,000,000:1", "Tần số quét": "180Hz", "Thời gian phản hồi": "1ms (MPRT)", "Công nghệ đồng bộ": "AMD FreeSync Premium", "HDR": "HDR Ready", "Cổng kết nối": "1 x DisplayPort 1.4a; 2 x HDMI 2.0b (UWQHD@100Hz); 1 x Headphone out", "Góc nhìn": "178°(H) / 178°(V)", "Không gian màu": "93% Adobe RGB / 95% DCI-P3 / 119% sRGB", "Xử lý bề mặt": "Chống chói (Anti-glare)", "Số lượng màu": "1.07 tỷ màu (10-bit, 8-bit + FRC)", "Tính năng": "PIP/PBP, viền mỏng, chống nháy", "Nguồn cấp": "Bộ chuyển đổi ngoài 19V 3.42A", "Nguồn vào": "100~240V, 50/60Hz", "Điều chỉnh": "Nghiêng -5°~20°; Xoay -30°~30°; Trục -5°~5°; Độ cao 0~90mm", "Khóa Kensington": "Có", "Tương thích VESA": "75 x 75 mm", "Trọng lượng": "6.95 kg (có chân đế) / 5.4 kg (không chân đế)", "Kích thước": "808.6 x 269.97 x 513.97 mm (có chân đế); 808.6 x 119.67 x 363.95 mm (không chân đế)", "Kích thước thùng": "948 x 210 x 487 mm (WW carton) / 963 x 225 x 509 mm (Outer)", "Ghi chú": "DisplayPort: 3440x1440 @180Hz; HDMI 2.0b: 3440x1440 @100Hz; Adobe RGB, DCI-P3, sRGB theo chuẩn CIE1976"}',
        'Màn hình cong MSI OPTIX MAG342CQR E2 34\\\" 2K 180Hz là một kiệt tác công nghệ dành riêng cho cộng đồng game thủ. Với kích thước màn hình lên đến 34 inch và độ phân giải 2K (3440 x 1440 pixels), MAG342CQR E2 mang đến một không gian hiển thị rộng lớn, sắc nét đến từng chi tiết, giúp bạn đắm chìm hoàn toàn vào thế giới game. Tần số quét siêu tốc 180Hz kết hợp cùng thời gian phản hồi chỉ 1ms (MPRT) loại bỏ hoàn toàn hiện tượng giật hình, xé hình, mang lại trải nghiệm chơi game mượt mà, phản ứng nhanh nhạy đến từng mili giây, yếu tố quyết định trong các trận đấu kịch tính. Công nghệ tấm nền VA cho màu sắc rực rỡ, độ tương phản cao và góc nhìn rộng, tái tạo hình ảnh sống động và chân thực. Độ cong 1500R ôm sát tầm nhìn của người dùng, giảm thiểu mỏi mắt khi sử dụng trong thời gian dài, đồng thời tăng cường cảm giác nhập vai. MSI OPTIX MAG342CQR E2 còn được trang bị các công nghệ tiên tiến như Adaptive-Sync (FreeSync Premium) để đồng bộ hóa tần số quét của màn hình với card đồ họa, loại bỏ hiện tượng xé hình và giật lag. Chế độ Gaming OSD mang đến khả năng tùy chỉnh cài đặt màn hình theo từng thể loại game khác nhau, cùng các tính năng hỗ trợ game thủ như Crosshair, Timer, FPS counter. Thiết kế hầm hố, đậm chất gaming với chân đế vững chãi và khả năng tùy chỉnh góc nghiêng, xoay, nâng hạ giúp bạn tìm được tư thế sử dụng thoải mái nhất. Cổng kết nối đa dạng bao gồm DisplayPort, HDMI, USB Type-C, đáp ứng mọi nhu cầu kết nối. Màn hình MSI OPTIX MAG342CQR E2 34\\\" 2K 180Hz chắc chắn sẽ là lựa chọn hoàn hảo cho bất kỳ game thủ nào muốn nâng tầm trải nghiệm giải trí của mình.',
        1, 'https://product.hstatic.net/200000722513/product/msi_mag342cqr_e2_gearvn_f27079714d5941a3ba6a7262be243d3f.jpg'
    );
INSERT INTO product_category (product_id, category_id) VALUES (755, 16);
INSERT INTO product_variant (
        product_id, name, seo_name, supplier_id, price, price_sale, quantity, sku, model, barcode, 
        specifications, description, warranty, image_url, release_at, created_by)
        VALUES ( 755, 'Màn hình cong MSI OPTIX MAG342CQR E2 34" 2K 180Hz chuyên game', 'man-hinh-cong-msi-optix-mag342cqr-e2-34-2k-180hz-chuyen-game',
            1, 8990000, 7690000, 10, 'MAN-MSI-MAG-342CQR-E2',
            'MAN-MSI-MAG-342CQR-E2', 'MAN-MSI-MAG-342CQR-E2',
            '{"Kích thước màn hình": "34 inch (86.36 cm)", "Khu vực hiển thị": "797.22(H) x 333.72(V) mm", "Độ cong": "1500R", "Tấm nền": "VA", "Độ phân giải": "UWQHD (3440 x 1440)", "Kích thước điểm ảnh": "0.23175(H) x 0.23175(V)", "Tỷ lệ khung hình": "21:9", "Độ sáng": "300 nits (Typ.)", "Độ tương phản tĩnh": "3000:1 (Typ.)", "Độ tương phản động": "100,000,000:1", "Tần số quét": "180Hz", "Thời gian phản hồi": "1ms (MPRT)", "Công nghệ đồng bộ": "AMD FreeSync Premium", "HDR": "HDR Ready", "Cổng kết nối": "1 x DisplayPort 1.4a; 2 x HDMI 2.0b (UWQHD@100Hz); 1 x Headphone out", "Góc nhìn": "178°(H) / 178°(V)", "Không gian màu": "93% Adobe RGB / 95% DCI-P3 / 119% sRGB", "Xử lý bề mặt": "Chống chói (Anti-glare)", "Số lượng màu": "1.07 tỷ màu (10-bit, 8-bit + FRC)", "Tính năng": "PIP/PBP, viền mỏng, chống nháy", "Nguồn cấp": "Bộ chuyển đổi ngoài 19V 3.42A", "Nguồn vào": "100~240V, 50/60Hz", "Điều chỉnh": "Nghiêng -5°~20°; Xoay -30°~30°; Trục -5°~5°; Độ cao 0~90mm", "Khóa Kensington": "Có", "Tương thích VESA": "75 x 75 mm", "Trọng lượng": "6.95 kg (có chân đế) / 5.4 kg (không chân đế)", "Kích thước": "808.6 x 269.97 x 513.97 mm (có chân đế); 808.6 x 119.67 x 363.95 mm (không chân đế)", "Kích thước thùng": "948 x 210 x 487 mm (WW carton) / 963 x 225 x 509 mm (Outer)", "Ghi chú": "DisplayPort: 3440x1440 @180Hz; HDMI 2.0b: 3440x1440 @100Hz; Adobe RGB, DCI-P3, sRGB theo chuẩn CIE1976"}',
            'Màn hình cong MSI OPTIX MAG342CQR E2 34\\\" 2K 180Hz là một kiệt tác công nghệ dành riêng cho cộng đồng game thủ. Với kích thước màn hình lên đến 34 inch và độ phân giải 2K (3440 x 1440 pixels), MAG342CQR E2 mang đến một không gian hiển thị rộng lớn, sắc nét đến từng chi tiết, giúp bạn đắm chìm hoàn toàn vào thế giới game. Tần số quét siêu tốc 180Hz kết hợp cùng thời gian phản hồi chỉ 1ms (MPRT) loại bỏ hoàn toàn hiện tượng giật hình, xé hình, mang lại trải nghiệm chơi game mượt mà, phản ứng nhanh nhạy đến từng mili giây, yếu tố quyết định trong các trận đấu kịch tính. Công nghệ tấm nền VA cho màu sắc rực rỡ, độ tương phản cao và góc nhìn rộng, tái tạo hình ảnh sống động và chân thực. Độ cong 1500R ôm sát tầm nhìn của người dùng, giảm thiểu mỏi mắt khi sử dụng trong thời gian dài, đồng thời tăng cường cảm giác nhập vai. MSI OPTIX MAG342CQR E2 còn được trang bị các công nghệ tiên tiến như Adaptive-Sync (FreeSync Premium) để đồng bộ hóa tần số quét của màn hình với card đồ họa, loại bỏ hiện tượng xé hình và giật lag. Chế độ Gaming OSD mang đến khả năng tùy chỉnh cài đặt màn hình theo từng thể loại game khác nhau, cùng các tính năng hỗ trợ game thủ như Crosshair, Timer, FPS counter. Thiết kế hầm hố, đậm chất gaming với chân đế vững chãi và khả năng tùy chỉnh góc nghiêng, xoay, nâng hạ giúp bạn tìm được tư thế sử dụng thoải mái nhất. Cổng kết nối đa dạng bao gồm DisplayPort, HDMI, USB Type-C, đáp ứng mọi nhu cầu kết nối. Màn hình MSI OPTIX MAG342CQR E2 34\\\" 2K 180Hz chắc chắn sẽ là lựa chọn hoàn hảo cho bất kỳ game thủ nào muốn nâng tầm trải nghiệm giải trí của mình.',
            36, 'https://product.hstatic.net/200000722513/product/msi_mag342cqr_e2_gearvn_f27079714d5941a3ba6a7262be243d3f.jpg', '2024-12-27T09:42:15+00:00',1);
        
INSERT INTO product_image (name, product_variant_id, image_url, is_main)
VALUES
    ('Ảnh 1', 755, 'https://product.hstatic.net/200000722513/product/msi_mag342cqr_e2_gearvn_f27079714d5941a3ba6a7262be243d3f.jpg', TRUE),
    ('Ảnh 2', 755, 'https://product.hstatic.net/200000722513/product/1024__1__5a6e84b388624ee98e2d98c8117258c3.png', FALSE),
    ('Ảnh 3', 755, 'https://product.hstatic.net/200000722513/product/1024__2__9bcd41509e4047379a7b57e43beaadea.png', FALSE),
    ('Ảnh 4', 755, 'https://product.hstatic.net/200000722513/product/1024__3__66bf705d5ecb49cfb2b649b54de61600.png', FALSE),
    ('Ảnh 5', 755, 'https://product.hstatic.net/200000722513/product/1024__4__6df4cb09c9af4439889d207901b1a8f1.png', FALSE),
    ('Ảnh 6', 755, 'https://product.hstatic.net/200000722513/product/1024_c7ce414da12248b69e04c2093f247be9.png', FALSE);
---
INSERT INTO product (name, seo_name, brand_id, specifications, description, created_by, image_url) 
    VALUES (
        'Màn hình LG 32GS95UV-B 32" OLED 4K 240Hz Dual Mode chuyên game', 'man-hinh-lg-32gs95uv-b-32-oled-4k-240hz-dual-mode-chuyen-game', 12,
        '{"Kích thước màn hình": "32 inch", "Kích thước hiển thị": "31.5 inch", "Kiểu màn hình": "Màn hình phẳng", "Tấm nền": "OLED", "Độ phân giải": "3840 x 2160 pixels (4K)", "Tần số quét": "480Hz", "Thời gian phản hồi": "0.03ms", "Số lượng màu": "1.07 tỷ màu", "Độ phủ màu": "DCI-P3 94% (CIE1976)", "Độ sáng": "250 cd/m²", "Độ tương phản tĩnh": "1,200,000:1", "Công nghệ màn hình": "HDR10, Hiệu ứng HDR, VRR, Black Stabilizer, Bộ đếm FPS", "Góc điều chỉnh": "Nghiêng -8° ~ 15°, Xoay -30° ~ 30°, Điều chỉnh độ cao 110mm", "Cổng kết nối": "HDMI, DisplayPort, Đầu ra tai nghe", "Hệ thống âm thanh": "7W x 2", "Tính năng màn hình": "Hạn chế ánh sáng xanh, Chế độ chơi game, Tương thích NVIDIA G-Sync, AMD FreeSync Premium Pro, VESA DisplayHDR 400", "Tiện ích": "Chế độ đọc sách, Đèn LED RGB, LG Calibration Studio (True Color Pro), OnScreen Control (LG Screen Manager)", "Kích thước đóng gói": "973 x 183 x 544 mm", "Trọng lượng đóng gói": "13.9 kg"}',
        'Màn hình Gaming LG Ultragear OLED 32GS95UV-B 32\" inch thuộc phân khúc sản phẩm cao cấp của LG với nhiều tính năng hiển thị nổi bật. Sản phẩm màn hình LG này sẽ là một lựa chọn lý tưởng mang đến cho game thủ những trải nghiệm hình ảnh đầy sống động.\n\nChinh phục trận đấu với khung hình vượt bậc\nMàn hình Gaming LG Ultragear OLED 32GS95UV-B 32 inch tái hiện những khung hình chân thực với các thông số ấn tượng. Cụ thể:\n\nChất lượng màn hình Gaming LG Ultragear OLED 32GS95UV-B 32 inch\n\nChất lượng đến 4K cho hình ảnh có độ chi tiết ấn tượng, vô cùng sắc nét. Người dùng sẽ dễ dàng nhận biết mọi chi tiết trong trận game. Điều này giúp game thủ dễ dàng theo dõi mọi diễn biến trong game và thao tác chuẩn xác hơn.\n\nChế độ kép hỗ trợ tần số quét 240Hz ở độ phân giải 4K và 480Hz ở độ phân giải FHD, mang lại trải nghiệm mượt mà ở mọi chế độ. Tình trạng mờ nhòe, xé hình, giật lag được giảm thiểu đáng kể – đặc biệt hữu ích với các tựa game FPS, MOBA tốc độ cao.\n\nThời gian phản hồi chỉ 0.03ms cực kỳ nhanh, mang đến trải nghiệm đầy chân thực, không bị gián đoạn. Tốc độ phản hồi nhanh giúp khắc phục hiện tượng ghosting, giật lag,...nên sẽ tạo lợi thế cho game thủ trong các trận đấu súng căng thẳng, gay cấn.\n\nDiện mạo mới Unity cho không gian gaming độc đáo\nMàn hình Gaming LG Ultragear OLED 32GS95UV-B 32 inch có diện mạo mới đầy thu hút với thiết kế Unity lục giác. Tổng thể thiết bị được hoàn thiện tinh xảo cùng điểm nhấn là đèn LED RGB mặt lưng.\n\nTHiết kế màn hình Gaming LG Ultragear OLED 32GS95UV-B 32 inch\n\nCác cạnh viền màn hình LG Ultragear được hoàn thiện siêu mỏng, tối ưu góc nhìn cho game thủ, tạo cảm giác hiển thị vô cực. Ngoài ra, phần chân đế chữ L chắc chắn, hiệu chỉnh được độ cao tối đa 110cm, điều chỉnh độ nghiêng, xoay màn hình, pivot linh hoạt.\n\nTăng cường hiển thị cùng những công nghệ ưu việt\nChất lượng hiển thị được tăng cường với những công nghệ hàng đầu được trang bị trên màn hình Gaming LG Ultragear OLED 32GS95UV-B 32 inch. Cụ thể:\n\nChất lượng hiển thị màn hình Gaming LG Ultragear OLED 32GS95UV-B 32 inch\n\nCông nghệ màn OLED với Micro Lens Array+ tái hiện chất màu rực rỡ hơn, tăng cường tương phản, tối ưu màu đen có chiều sâu hơn. Bối cảnh trong game sẽ được thể hiện sắc nét hơn, giúp game thủ quan sát mọi chi tiết luôn rõ ràng.\n\nDisplayHDR True Black 400 cùng dải màu DCI-P3 98.5% mang đến màu sắc sống động, độ sâu màu chính xác.\n\nNVIDIA G-Sync Compatible tăng cường trải nghiệm gaming, tối ưu tốc độ xử lý, giảm thiểu xước hình, giật hình.\n\nAMD FreeSync Premium Pro cho chuyển động siêu mượt, liền mạch đặc biệt là trong những tựa game tốc độ cao, giảm giật hình, xé hình.\n\nKết nối tiện ích với nhiều giao tiếp phong phú\nMàn hình Gaming LG Ultragear OLED 32GS95UV-B 32 inch có nhiều giao tiếp để đem đến cho người dùng khả năng kết nối đa dạng và tiện ích. Người dùng sẽ thuận tiện khi build PC với LG Ultragear OLED với đa dạng các cổng I/O.\n\nCổng kết nối màn hình Gaming LG Ultragear OLED 32GS95UV-B 32 inch\n\nCác cổng giao tiếp tích hợp trên màn hình LG Ultragear OLED gồm 2x HDMI, 1x DisplayPort 1.4 và đầu ra tai nghe 4 cực (tích hợp micro). Vì vậy, khi cần kết nối màn hình người dùng sẽ linh hoạt hơn trong việc sử dụng các cổng I/O.',
        1, 'https://product.hstatic.net/200000722513/product/lg_32gs95uv_gearvn_130117e8fe6449fb88955a61405acd6d.jpg'
    );
INSERT INTO product_category (product_id, category_id) VALUES (756, 16);
INSERT INTO product_variant (
        product_id, name, seo_name, supplier_id, price, price_sale, quantity, sku, model, barcode, 
        specifications, description, warranty, image_url, release_at, created_by)
        VALUES ( 756, 'Màn hình LG 32GS95UV-B 32" OLED 4K 240Hz Dual Mode chuyên game', 'man-hinh-lg-32gs95uv-b-32-oled-4k-240hz-dual-mode-chuyen-game',
            1, 31990000, 28190000, 10, 'MAN-LG-32GS95UV-B',
            'MAN-LG-32GS95UV-B', 'MAN-LG-32GS95UV-B',
            '{"Kích thước màn hình": "32 inch", "Kích thước hiển thị": "31.5 inch", "Kiểu màn hình": "Màn hình phẳng", "Tấm nền": "OLED", "Độ phân giải": "3840 x 2160 pixels (4K)", "Tần số quét": "480Hz", "Thời gian phản hồi": "0.03ms", "Số lượng màu": "1.07 tỷ màu", "Độ phủ màu": "DCI-P3 94% (CIE1976)", "Độ sáng": "250 cd/m²", "Độ tương phản tĩnh": "1,200,000:1", "Công nghệ màn hình": "HDR10, Hiệu ứng HDR, VRR, Black Stabilizer, Bộ đếm FPS", "Góc điều chỉnh": "Nghiêng -8° ~ 15°, Xoay -30° ~ 30°, Điều chỉnh độ cao 110mm", "Cổng kết nối": "HDMI, DisplayPort, Đầu ra tai nghe", "Hệ thống âm thanh": "7W x 2", "Tính năng màn hình": "Hạn chế ánh sáng xanh, Chế độ chơi game, Tương thích NVIDIA G-Sync, AMD FreeSync Premium Pro, VESA DisplayHDR 400", "Tiện ích": "Chế độ đọc sách, Đèn LED RGB, LG Calibration Studio (True Color Pro), OnScreen Control (LG Screen Manager)", "Kích thước đóng gói": "973 x 183 x 544 mm", "Trọng lượng đóng gói": "13.9 kg"}',
            'Màn hình Gaming LG Ultragear OLED 32GS95UV-B 32\" inch thuộc phân khúc sản phẩm cao cấp của LG với nhiều tính năng hiển thị nổi bật. Sản phẩm màn hình LG này sẽ là một lựa chọn lý tưởng mang đến cho game thủ những trải nghiệm hình ảnh đầy sống động.\n\nChinh phục trận đấu với khung hình vượt bậc\nMàn hình Gaming LG Ultragear OLED 32GS95UV-B 32 inch tái hiện những khung hình chân thực với các thông số ấn tượng. Cụ thể:\n\nChất lượng màn hình Gaming LG Ultragear OLED 32GS95UV-B 32 inch\n\nChất lượng đến 4K cho hình ảnh có độ chi tiết ấn tượng, vô cùng sắc nét. Người dùng sẽ dễ dàng nhận biết mọi chi tiết trong trận game. Điều này giúp game thủ dễ dàng theo dõi mọi diễn biến trong game và thao tác chuẩn xác hơn.\n\nChế độ kép hỗ trợ tần số quét 240Hz ở độ phân giải 4K và 480Hz ở độ phân giải FHD, mang lại trải nghiệm mượt mà ở mọi chế độ. Tình trạng mờ nhòe, xé hình, giật lag được giảm thiểu đáng kể – đặc biệt hữu ích với các tựa game FPS, MOBA tốc độ cao.\n\nThời gian phản hồi chỉ 0.03ms cực kỳ nhanh, mang đến trải nghiệm đầy chân thực, không bị gián đoạn. Tốc độ phản hồi nhanh giúp khắc phục hiện tượng ghosting, giật lag,...nên sẽ tạo lợi thế cho game thủ trong các trận đấu súng căng thẳng, gay cấn.\n\nDiện mạo mới Unity cho không gian gaming độc đáo\nMàn hình Gaming LG Ultragear OLED 32GS95UV-B 32 inch có diện mạo mới đầy thu hút với thiết kế Unity lục giác. Tổng thể thiết bị được hoàn thiện tinh xảo cùng điểm nhấn là đèn LED RGB mặt lưng.\n\nTHiết kế màn hình Gaming LG Ultragear OLED 32GS95UV-B 32 inch\n\nCác cạnh viền màn hình LG Ultragear được hoàn thiện siêu mỏng, tối ưu góc nhìn cho game thủ, tạo cảm giác hiển thị vô cực. Ngoài ra, phần chân đế chữ L chắc chắn, hiệu chỉnh được độ cao tối đa 110cm, điều chỉnh độ nghiêng, xoay màn hình, pivot linh hoạt.\n\nTăng cường hiển thị cùng những công nghệ ưu việt\nChất lượng hiển thị được tăng cường với những công nghệ hàng đầu được trang bị trên màn hình Gaming LG Ultragear OLED 32GS95UV-B 32 inch. Cụ thể:\n\nChất lượng hiển thị màn hình Gaming LG Ultragear OLED 32GS95UV-B 32 inch\n\nCông nghệ màn OLED với Micro Lens Array+ tái hiện chất màu rực rỡ hơn, tăng cường tương phản, tối ưu màu đen có chiều sâu hơn. Bối cảnh trong game sẽ được thể hiện sắc nét hơn, giúp game thủ quan sát mọi chi tiết luôn rõ ràng.\n\nDisplayHDR True Black 400 cùng dải màu DCI-P3 98.5% mang đến màu sắc sống động, độ sâu màu chính xác.\n\nNVIDIA G-Sync Compatible tăng cường trải nghiệm gaming, tối ưu tốc độ xử lý, giảm thiểu xước hình, giật hình.\n\nAMD FreeSync Premium Pro cho chuyển động siêu mượt, liền mạch đặc biệt là trong những tựa game tốc độ cao, giảm giật hình, xé hình.\n\nKết nối tiện ích với nhiều giao tiếp phong phú\nMàn hình Gaming LG Ultragear OLED 32GS95UV-B 32 inch có nhiều giao tiếp để đem đến cho người dùng khả năng kết nối đa dạng và tiện ích. Người dùng sẽ thuận tiện khi build PC với LG Ultragear OLED với đa dạng các cổng I/O.\n\nCổng kết nối màn hình Gaming LG Ultragear OLED 32GS95UV-B 32 inch\n\nCác cổng giao tiếp tích hợp trên màn hình LG Ultragear OLED gồm 2x HDMI, 1x DisplayPort 1.4 và đầu ra tai nghe 4 cực (tích hợp micro). Vì vậy, khi cần kết nối màn hình người dùng sẽ linh hoạt hơn trong việc sử dụng các cổng I/O.',
            24, 'https://product.hstatic.net/200000722513/product/lg_32gs95uv_gearvn_130117e8fe6449fb88955a61405acd6d.jpg', '2024-11-21T05:20:36+00:00',1);
        
INSERT INTO product_image (name, product_variant_id, image_url, is_main)
VALUES
    ('Ảnh 1', 756, 'https://product.hstatic.net/200000722513/product/lg_32gs95uv_gearvn_130117e8fe6449fb88955a61405acd6d.jpg', TRUE),
    ('Ảnh 2', 756, 'https://product.hstatic.net/200000722513/product/thum-1600x1062__1__9f6955cda5044ba0878635b158906f2f.jpeg', FALSE),
    ('Ảnh 3', 756, 'https://product.hstatic.net/200000722513/product/thum-1600x1062__2__31d540f2619b45e8bc0a74ebbe2673c6.jpg', FALSE),
    ('Ảnh 4', 756, 'https://product.hstatic.net/200000722513/product/thum-1600x1062__3__953cf553e9664f75953cbbc6d2beb011.jpg', FALSE),
    ('Ảnh 5', 756, 'https://product.hstatic.net/200000722513/product/thum-1600x1062__4__fb62cc927d58469a82ce4dc2f814d5d7.jpg', FALSE),
    ('Ảnh 6', 756, 'https://product.hstatic.net/200000722513/product/thum-1600x1062__5__ffd22a61815d44f58ea0260542bb58b7.jpg', FALSE),
    ('Ảnh 7', 756, 'https://product.hstatic.net/200000722513/product/thum-1600x1062_d29bf2bfc0884e91bbfa6a2ea76cde11.jpeg', FALSE),
    ('Ảnh 8', 756, 'https://product.hstatic.net/200000722513/product/thum-1600x1062_55a86e49a8034ebe905b9525118c5a83.jpg', FALSE);
---
INSERT INTO product (name, seo_name, brand_id, specifications, description, created_by, image_url) 
    VALUES (
        'Màn hình LG 45GS95QE-B UltraGear 45" OLED 2K 240Hz G-Sync', 'man-hinh-lg-45gs95qe-b-ultragear-45-oled-2k-240hz-g-sync', 12,
        '{"Kích thước màn hình": "45 inch", "Kiểu màn hình": "Màn hình cong", "Độ cong": "800R", "Tấm nền": "OLED", "Tỷ lệ khung hình": "21:9", "Độ phân giải": "3440 x 1440 pixels (UWQHD)", "Tần số quét": "240Hz", "Thời gian phản hồi": "0.03ms", "Độ phủ màu": "DCI-P3 98.5%", "Độ sáng": "Tiêu chuẩn 275 nit, tối đa 1300 nit", "Độ tương phản tĩnh": "1,500,000:1", "Công nghệ màn hình": "HDR10, PIP, PBP, VRR, Hiệu ứng HDR", "Cổng kết nối": "HDMI, DisplayPort, Đầu ra tai nghe", "Tính năng màn hình": "Hạn chế ánh sáng xanh, Chống chói, Chế độ chơi game, Chống nháy, Chế độ tiết kiệm điện, Tương thích NVIDIA G-Sync, AMD FreeSync Premium Pro, VESA DisplayHDR 400", "Tiện ích": "Tiết kiệm năng lượng thông minh, Hiệu chỉnh phần cứng, Chế độ đọc sách, Bộ đếm FPS"}',
        'LG UltraGear OLED 45GS95QE-B có tấm nền OLED cong 800R, mang đến màu sắc sống động. Ngoài ra còn có khả năng tương thích G-Sync và FreeSync, tối ưu cho trải nghiệm chơi game đỉnh cao. Điểm ngay những thế mạnh về siêu phẩm này ngay bên dưới nhé!\n\nĐộ phân giải cao cấp, hiệu suất tối ưu\nThiết bị sở hữu độ phân giải Ultra-WQHD, mang lại hình ảnh chi tiết và sống động cho mọi tựa game. Với tần số quét 240Hz, màn hình Gaming LG UltraGear OLED 45GS95QE-B 45 inch đảm bảo chuyển động êm ái, không bị giật trong các game hành động cần tốc độ cao. \n\nMàn hình Gaming LG UltraGear OLED 45GS95QE-B 45 inch - Chiến game siêu mượt 240Hz\n\nThời gian phản hồi 0.03ms kết hợp với công nghệ làm mới động giúp giảm hiện tượng xé hình, nâng cao trải nghiệm chơi game. Vì vậy, sản phẩm là dòng màn hình dành riêng cho gamer chuyên nghiệp cần hiệu suất hiển thị vượt trội.\n\nThiết kế tích hợp đèn Hexagon độc đáo\nUltraGear OLED 45 inch nổi bật với độ cong 800R và phần viền cực mỏng, tạo không gian chơi game lý tưởng. Màn hình Gaming LG UltraGear OLED 45GS95QE-B 45 inch có màu đen sang trọng, kết hợp đèn Hexagon phía sau, toát lên vẻ hiện đại. \n\nThiết kế tích hợp đèn Hexagon độc đáo\n\nPhần chân đế linh hoạt có thể điều chỉnh độ cao và nghiêng, xoay, mang lại sự thoải mái tối đa khi sử dụng. Tông màu đen sâu từ tấm nền OLED giúp nâng cao chất lượng hiển thị hình ảnh, làm nổi bật từng chi tiết.\n\nCông nghệ hình ảnh nâng cao\nNhờ tích hợp HDR10 và DisplayHDR True Black 400, thiết bị mang đến độ tương phản ấn tượng. Công nghệ hình ảnh này trên màn hình Gaming LG UltraGear OLED 45GS95QE-B 45 inch giúp tái hiện màu sắc rực rỡ và đen sâu tuyệt đối. \n\nCông nghệ hình ảnh nâng cao\n\nChế độ chống nháy cùng giảm ánh sáng xanh tích hợp có khả năng giữ mắt không mỏi khi sử dụng lâu. Những tính năng tiên tiến này của màn hình đảm bảo trải nghiệm gaming đẳng cấp và sự thoải mái cho game thủ.\n\nCổng kết nối rộng\nMàn hình LG này được trang bị 2 cổng HDMI 2.1 và 1 cổng DisplayPort 1.4, đáp ứng mọi nhu cầu kết nối gaming. Ngoài ra còn có khả năng tương thích với jack tai nghe 4 cực với âm thanh DTS Headphone:X, mang đến hiệu ứng 3D sống động. \n\nCổng kết nối rộng\n\nHầu hết các cổng kết nối đều hỗ trợ tần số quét cao, phù hợp cho PC và console hiện đại. Thiết kế cổng thông minh này góp phần giúp việc lắp đặt thiết bị trở nên tiện lợi và nhanh chóng.\n\nChế độ Crosshair hiển thị tâm độc đáo\nNgoài ra, màn hình còn tích hợp chế độ Crosshair, hiển thị tâm ngắm cố định giữa màn hình, hỗ trợ game thủ bắn súng chuẩn xác hơn. Chế độ còn cho phép tùy chỉnh kiểu dáng và màu sắc của tâm ngắm, phù hợp với từng tựa game FPS. \n\nChế độ Crosshair hiển thị tâm độc đáo\n\nNhờ đó, màn hình Gaming LG UltraGear OLED 45GS95QE-B 45 inch có thể cải thiện hiệu suất thi đấu, đặc biệt trong các trận chiến đòi hỏi phản xạ nhanh. Lợi thế cạnh tranh này giúp sản phẩm thêm nổi bật trong các dòng màn hình gaming cao cấp\n\nHỗ trợ đa nhiệm cho PBP và PIP\nUltraGear OLED 45 inch cung cấp chế độ Picture-by-Picture (PBP) và Picture-in-Picture (PIP), cho phép hiển thị đồng thời hai nguồn nội dung khác nhau. Với màn hình này, người dùng có thể vừa đánh game vừa xem hướng dẫn mà không cần thiết bị phụ. \n\nHỗ trợ đa nhiệm cho PBP và PIP\n\nTính năng này đặc biệt hữu ích cho streamer hoặc người dùng cần thực hiện đa nhiệm hiệu quả. Trải nghiệm này cần tận dụng tối đa màn hình rộng 21:9, nâng cao tối hiệu suất sử dụng.',
        1, 'https://product.hstatic.net/200000722513/product/lg_45gs95qe_oled_gearvn_03df3c02fdaa4615a1c9bf54a5e7579d.jpg'
    );
INSERT INTO product_category (product_id, category_id) VALUES (757, 16);
INSERT INTO product_variant (
        product_id, name, seo_name, supplier_id, price, price_sale, quantity, sku, model, barcode, 
        specifications, description, warranty, image_url, release_at, created_by)
        VALUES ( 757, 'Màn hình LG 45GS95QE-B UltraGear 45" OLED 2K 240Hz G-Sync', 'man-hinh-lg-45gs95qe-b-ultragear-45-oled-2k-240hz-g-sync',
            1, 41290000, 28990000, 10, 'MAN-LG-45GS95QE-B',
            'MAN-LG-45GS95QE-B', 'MAN-LG-45GS95QE-B',
            '{"Kích thước màn hình": "45 inch", "Kiểu màn hình": "Màn hình cong", "Độ cong": "800R", "Tấm nền": "OLED", "Tỷ lệ khung hình": "21:9", "Độ phân giải": "3440 x 1440 pixels (UWQHD)", "Tần số quét": "240Hz", "Thời gian phản hồi": "0.03ms", "Độ phủ màu": "DCI-P3 98.5%", "Độ sáng": "Tiêu chuẩn 275 nit, tối đa 1300 nit", "Độ tương phản tĩnh": "1,500,000:1", "Công nghệ màn hình": "HDR10, PIP, PBP, VRR, Hiệu ứng HDR", "Cổng kết nối": "HDMI, DisplayPort, Đầu ra tai nghe", "Tính năng màn hình": "Hạn chế ánh sáng xanh, Chống chói, Chế độ chơi game, Chống nháy, Chế độ tiết kiệm điện, Tương thích NVIDIA G-Sync, AMD FreeSync Premium Pro, VESA DisplayHDR 400", "Tiện ích": "Tiết kiệm năng lượng thông minh, Hiệu chỉnh phần cứng, Chế độ đọc sách, Bộ đếm FPS"}',
            'LG UltraGear OLED 45GS95QE-B có tấm nền OLED cong 800R, mang đến màu sắc sống động. Ngoài ra còn có khả năng tương thích G-Sync và FreeSync, tối ưu cho trải nghiệm chơi game đỉnh cao. Điểm ngay những thế mạnh về siêu phẩm này ngay bên dưới nhé!\n\nĐộ phân giải cao cấp, hiệu suất tối ưu\nThiết bị sở hữu độ phân giải Ultra-WQHD, mang lại hình ảnh chi tiết và sống động cho mọi tựa game. Với tần số quét 240Hz, màn hình Gaming LG UltraGear OLED 45GS95QE-B 45 inch đảm bảo chuyển động êm ái, không bị giật trong các game hành động cần tốc độ cao. \n\nMàn hình Gaming LG UltraGear OLED 45GS95QE-B 45 inch - Chiến game siêu mượt 240Hz\n\nThời gian phản hồi 0.03ms kết hợp với công nghệ làm mới động giúp giảm hiện tượng xé hình, nâng cao trải nghiệm chơi game. Vì vậy, sản phẩm là dòng màn hình dành riêng cho gamer chuyên nghiệp cần hiệu suất hiển thị vượt trội.\n\nThiết kế tích hợp đèn Hexagon độc đáo\nUltraGear OLED 45 inch nổi bật với độ cong 800R và phần viền cực mỏng, tạo không gian chơi game lý tưởng. Màn hình Gaming LG UltraGear OLED 45GS95QE-B 45 inch có màu đen sang trọng, kết hợp đèn Hexagon phía sau, toát lên vẻ hiện đại. \n\nThiết kế tích hợp đèn Hexagon độc đáo\n\nPhần chân đế linh hoạt có thể điều chỉnh độ cao và nghiêng, xoay, mang lại sự thoải mái tối đa khi sử dụng. Tông màu đen sâu từ tấm nền OLED giúp nâng cao chất lượng hiển thị hình ảnh, làm nổi bật từng chi tiết.\n\nCông nghệ hình ảnh nâng cao\nNhờ tích hợp HDR10 và DisplayHDR True Black 400, thiết bị mang đến độ tương phản ấn tượng. Công nghệ hình ảnh này trên màn hình Gaming LG UltraGear OLED 45GS95QE-B 45 inch giúp tái hiện màu sắc rực rỡ và đen sâu tuyệt đối. \n\nCông nghệ hình ảnh nâng cao\n\nChế độ chống nháy cùng giảm ánh sáng xanh tích hợp có khả năng giữ mắt không mỏi khi sử dụng lâu. Những tính năng tiên tiến này của màn hình đảm bảo trải nghiệm gaming đẳng cấp và sự thoải mái cho game thủ.\n\nCổng kết nối rộng\nMàn hình LG này được trang bị 2 cổng HDMI 2.1 và 1 cổng DisplayPort 1.4, đáp ứng mọi nhu cầu kết nối gaming. Ngoài ra còn có khả năng tương thích với jack tai nghe 4 cực với âm thanh DTS Headphone:X, mang đến hiệu ứng 3D sống động. \n\nCổng kết nối rộng\n\nHầu hết các cổng kết nối đều hỗ trợ tần số quét cao, phù hợp cho PC và console hiện đại. Thiết kế cổng thông minh này góp phần giúp việc lắp đặt thiết bị trở nên tiện lợi và nhanh chóng.\n\nChế độ Crosshair hiển thị tâm độc đáo\nNgoài ra, màn hình còn tích hợp chế độ Crosshair, hiển thị tâm ngắm cố định giữa màn hình, hỗ trợ game thủ bắn súng chuẩn xác hơn. Chế độ còn cho phép tùy chỉnh kiểu dáng và màu sắc của tâm ngắm, phù hợp với từng tựa game FPS. \n\nChế độ Crosshair hiển thị tâm độc đáo\n\nNhờ đó, màn hình Gaming LG UltraGear OLED 45GS95QE-B 45 inch có thể cải thiện hiệu suất thi đấu, đặc biệt trong các trận chiến đòi hỏi phản xạ nhanh. Lợi thế cạnh tranh này giúp sản phẩm thêm nổi bật trong các dòng màn hình gaming cao cấp\n\nHỗ trợ đa nhiệm cho PBP và PIP\nUltraGear OLED 45 inch cung cấp chế độ Picture-by-Picture (PBP) và Picture-in-Picture (PIP), cho phép hiển thị đồng thời hai nguồn nội dung khác nhau. Với màn hình này, người dùng có thể vừa đánh game vừa xem hướng dẫn mà không cần thiết bị phụ. \n\nHỗ trợ đa nhiệm cho PBP và PIP\n\nTính năng này đặc biệt hữu ích cho streamer hoặc người dùng cần thực hiện đa nhiệm hiệu quả. Trải nghiệm này cần tận dụng tối đa màn hình rộng 21:9, nâng cao tối hiệu suất sử dụng.',
            24, 'https://product.hstatic.net/200000722513/product/lg_45gs95qe_oled_gearvn_03df3c02fdaa4615a1c9bf54a5e7579d.jpg', '2024-11-01T09:13:43+00:00',1);
        
INSERT INTO product_image (name, product_variant_id, image_url, is_main)
VALUES
    ('Ảnh 1', 757, 'https://product.hstatic.net/200000722513/product/lg_45gs95qe_oled_gearvn_03df3c02fdaa4615a1c9bf54a5e7579d.jpg', TRUE),
    ('Ảnh 2', 757, 'https://product.hstatic.net/200000722513/product/86016_man_hinh_lg_oled_45gs95qe_b_new_2_32d3ad48089c439bbb79be304fe1e9e1.jpg', FALSE),
    ('Ảnh 3', 757, 'https://product.hstatic.net/200000722513/product/a1_ff8117231243489b828b23b631b49049.jpg', FALSE),
    ('Ảnh 4', 757, 'https://product.hstatic.net/200000722513/product/a2_51c74ee481e14f6d828a46e8a567208a.jpg', FALSE),
    ('Ảnh 5', 757, 'https://product.hstatic.net/200000722513/product/a3_3d8f4f9b0dc44ce383549c033bf74005.jpg', FALSE),
    ('Ảnh 6', 757, 'https://product.hstatic.net/200000722513/product/a4_a0a7bfc84a8a418ab0a6dbac7a1fe840.jpg', FALSE),
    ('Ảnh 7', 757, 'https://product.hstatic.net/200000722513/product/a5_320b212faa5c4b93b6657d9c6cb1d93b.jpg', FALSE),
    ('Ảnh 8', 757, 'https://product.hstatic.net/200000722513/product/a6_c12459477e804ea3a86cdb517f9b4216.jpg', FALSE);
---
INSERT INTO product (name, seo_name, brand_id, specifications, description, created_by, image_url) 
    VALUES (
        'Màn hình cong HKC MG34H18Q 34" 2K 165Hz USBC', 'man-hinh-cong-hkc-mg34h18q-34-2k-165hz-usbc', 58,
        '{"Kích thước màn hình": "34 inch", "Kiểu màn hình": "Màn hình cong", "Tấm nền": "VA", "Độ phân giải": "2K (3440 x 1440)", "Tần số quét": "165Hz", "Thời gian phản hồi": "1ms", "Độ sáng": "300 cd/m²", "Không gian màu": "DCI-P3 90%", "Khử nhấp nháy": "Có", "Cổng kết nối": "2 x HDMI 2.0, 1 x DisplayPort 1.4, 1 x USB-C 65W", "Tương thích VESA": "75 x 75 mm", "Phụ kiện trong hộp": "Dây nguồn, dây HDMI (tùy chọn), dây DisplayPort (tùy chọn)"}',
        'Màn hình cong HKC MG34H18Q 34\" 2K 165Hz USB-C đang là một trong những lựa chọn hàng đầu cho những ai đam mê công nghệ và yêu cầu cao về chất lượng hình ảnh. Với thiết kế ấn tượng, hiệu năng mạnh mẽ và loạt tính năng hiện đại, chiếc màn hình máy tính này hứa hẹn sẽ mang đến những trải nghiệm tuyệt vời cho người dùng.\n\nThiết kế cong cuốn hút\nMàn hình HKC MG34H18Q có kích thước 34 inch với tầm nhìn rộng, sở hữu màn hình tỉ lệ 21:9 cùng độ phân giải 3440x1440 đã đem lại cho người dùng những hình ảnh sinh động, sắc nét từng chi tiết nhỏ. Với độ cong màn hình là 1000R, MG34H18Q đã làm cho tầm nhìn được bao quát, dễ nhìn hơn với nhiều trải nghiệm độc đáo, khó quên.\n\nModel này sở hữu một thiết kế mạnh mẽ, ấn tượng với màu đen làm chủ đạo mặt sau được thiết kế đặc biệt với hình lục giác làm điểm nhấn. Chân đế của máy có thể tùy chỉnh theo các chế độ: xoay, nghiêng, nâng, hạ màn hình. Và thậm chí treo tường để phục vụ cho nhu cầu người sử dụng.\n\n\n\nHiệu năng đỉnh cao\nMàn hình sở hữu tần số quét 165Hz kết hợp với tốc độ phản hồi MPRT 1ms sẽ giúp bạn chuyển động không còn giật lag, giảm thiểu tình trạng nhòe ảnh. Những thông số này đã thể hiện màn hình của bạn sở hữu một tốc độ vô cùng nhanh nhờ đó bạn có thể thoải mái thưởng thức những thước phim hành động hay tự tin chiến thắng trong mọi trận chiến khốc liệt.\n\n\n\nTính năng nổi bật và công nghệ hiện đại\nMàn hình được tích hợp tấm nền VA chất lượng cao với khả năng hiển thị màu đen sâu hơn nhờ đó tạo ra những hình ảnh chân thật, độ tương phản cao. Các tấm nền VA hiện nay đã hỗ trợ rất nhiều trong công việc giảm thiểu bóng mờ của màn hình hỗ trợ cho việc xem phim và chơi game.\n\nTrên màn hình cũng được hãng tích hợp sẵn loa vì vậy bạn sẽ không cần tốn thêm chi phí để mua loa ngoài. Với công nghệ chống nhấp nháy, bạn sẽ giảm được tình trạng mỏi mắt đáng kể, cho phép bạn làm việc và giải trí trong thời gian dài mà không lo ảnh hưởng đến sức khỏe.\n\n\n\nMàn hình đa nhiệm PIP/PBP với nhiều cổng kết nối\nMàn hình đa nhiệm là một công cụ giúp màn hình được hiển thị nhiều ứng dụng, tab hay tài liệu trên cùng màn hình hoặc chia nhỏ màn hình giúp năng suất của bạn được nâng cao hơn. Tính năng ưu việt này sẽ được các chuyên gia trong tài chính, chỉnh sửa video, thiết kế, phân tích dữ liệu,... thường sử dụng bởi yêu cầu công việc.\n\nNgoài ra, màn hình còn được trang bị nhiều cổng kết nối đa nhiệm như 2 cổng HDMI, DP, Type C được dùng để kết nối với laptop, PS, XBOX cũng như nhiều thiết bị ngoại vị khác.',
        1, 'https://product.hstatic.net/200000722513/product/hkc_mg34h18q_gearvn_f0a316fb11e04a4a88ae1ffceff06a7c.jpg'
    );
INSERT INTO product_category (product_id, category_id) VALUES (758, 16);
INSERT INTO product_variant (
        product_id, name, seo_name, supplier_id, price, price_sale, quantity, sku, model, barcode, 
        specifications, description, warranty, image_url, release_at, created_by)
        VALUES ( 758, 'Màn hình cong HKC MG34H18Q 34" 2K 165Hz USBC', 'man-hinh-cong-hkc-mg34h18q-34-2k-165hz-usbc',
            1, 7990000, 7090000, 10, 'MAN-HKC-MG34H18Q',
            'MAN-HKC-MG34H18Q', 'MAN-HKC-MG34H18Q',
            '{"Kích thước màn hình": "34 inch", "Kiểu màn hình": "Màn hình cong", "Tấm nền": "VA", "Độ phân giải": "2K (3440 x 1440)", "Tần số quét": "165Hz", "Thời gian phản hồi": "1ms", "Độ sáng": "300 cd/m²", "Không gian màu": "DCI-P3 90%", "Khử nhấp nháy": "Có", "Cổng kết nối": "2 x HDMI 2.0, 1 x DisplayPort 1.4, 1 x USB-C 65W", "Tương thích VESA": "75 x 75 mm", "Phụ kiện trong hộp": "Dây nguồn, dây HDMI (tùy chọn), dây DisplayPort (tùy chọn)"}',
            'Màn hình cong HKC MG34H18Q 34\" 2K 165Hz USB-C đang là một trong những lựa chọn hàng đầu cho những ai đam mê công nghệ và yêu cầu cao về chất lượng hình ảnh. Với thiết kế ấn tượng, hiệu năng mạnh mẽ và loạt tính năng hiện đại, chiếc màn hình máy tính này hứa hẹn sẽ mang đến những trải nghiệm tuyệt vời cho người dùng.\n\nThiết kế cong cuốn hút\nMàn hình HKC MG34H18Q có kích thước 34 inch với tầm nhìn rộng, sở hữu màn hình tỉ lệ 21:9 cùng độ phân giải 3440x1440 đã đem lại cho người dùng những hình ảnh sinh động, sắc nét từng chi tiết nhỏ. Với độ cong màn hình là 1000R, MG34H18Q đã làm cho tầm nhìn được bao quát, dễ nhìn hơn với nhiều trải nghiệm độc đáo, khó quên.\n\nModel này sở hữu một thiết kế mạnh mẽ, ấn tượng với màu đen làm chủ đạo mặt sau được thiết kế đặc biệt với hình lục giác làm điểm nhấn. Chân đế của máy có thể tùy chỉnh theo các chế độ: xoay, nghiêng, nâng, hạ màn hình. Và thậm chí treo tường để phục vụ cho nhu cầu người sử dụng.\n\n\n\nHiệu năng đỉnh cao\nMàn hình sở hữu tần số quét 165Hz kết hợp với tốc độ phản hồi MPRT 1ms sẽ giúp bạn chuyển động không còn giật lag, giảm thiểu tình trạng nhòe ảnh. Những thông số này đã thể hiện màn hình của bạn sở hữu một tốc độ vô cùng nhanh nhờ đó bạn có thể thoải mái thưởng thức những thước phim hành động hay tự tin chiến thắng trong mọi trận chiến khốc liệt.\n\n\n\nTính năng nổi bật và công nghệ hiện đại\nMàn hình được tích hợp tấm nền VA chất lượng cao với khả năng hiển thị màu đen sâu hơn nhờ đó tạo ra những hình ảnh chân thật, độ tương phản cao. Các tấm nền VA hiện nay đã hỗ trợ rất nhiều trong công việc giảm thiểu bóng mờ của màn hình hỗ trợ cho việc xem phim và chơi game.\n\nTrên màn hình cũng được hãng tích hợp sẵn loa vì vậy bạn sẽ không cần tốn thêm chi phí để mua loa ngoài. Với công nghệ chống nhấp nháy, bạn sẽ giảm được tình trạng mỏi mắt đáng kể, cho phép bạn làm việc và giải trí trong thời gian dài mà không lo ảnh hưởng đến sức khỏe.\n\n\n\nMàn hình đa nhiệm PIP/PBP với nhiều cổng kết nối\nMàn hình đa nhiệm là một công cụ giúp màn hình được hiển thị nhiều ứng dụng, tab hay tài liệu trên cùng màn hình hoặc chia nhỏ màn hình giúp năng suất của bạn được nâng cao hơn. Tính năng ưu việt này sẽ được các chuyên gia trong tài chính, chỉnh sửa video, thiết kế, phân tích dữ liệu,... thường sử dụng bởi yêu cầu công việc.\n\nNgoài ra, màn hình còn được trang bị nhiều cổng kết nối đa nhiệm như 2 cổng HDMI, DP, Type C được dùng để kết nối với laptop, PS, XBOX cũng như nhiều thiết bị ngoại vị khác.',
            24, 'https://product.hstatic.net/200000722513/product/hkc_mg34h18q_gearvn_f0a316fb11e04a4a88ae1ffceff06a7c.jpg', '2024-08-02T08:10:59+00:00',1);
        
INSERT INTO product_image (name, product_variant_id, image_url, is_main)
VALUES
    ('Ảnh 1', 758, 'https://product.hstatic.net/200000722513/product/hkc_mg34h18q_gearvn_f0a316fb11e04a4a88ae1ffceff06a7c.jpg', TRUE),
    ('Ảnh 2', 758, 'https://product.hstatic.net/200000722513/product/34h18-3-510x507_8a9f4b3f68bf4c93944f59af213120aa.jpg', FALSE),
    ('Ảnh 3', 758, 'https://product.hstatic.net/200000722513/product/34h18-222-510x507_a0130130e81c4c7fbf2a0230530578d4.jpg', FALSE),
    ('Ảnh 4', 758, 'https://product.hstatic.net/200000722513/product/mg34h18q-011-scaled_67bbd093a9e645509eec6e836ee43a85.jpg', FALSE);
---
INSERT INTO product (name, seo_name, brand_id, specifications, description, created_by, image_url) 
    VALUES (
        'Màn hình cong MSI MPG 341CQPX QD-OLED 34" QD-OLED 2K 240Hz chuyên game', 'man-hinh-cong-msi-mpg-341cqpx-qd-oled-34-qd-oled-2k-240hz-chuyen-game', 52,
        '{"Nhà sản xuất": "MSI"}',
        'Màn hình cong MSI MPG 341CXP QD-OLED 34\" mang đến trải nghiệm hình ảnh đỉnh cao cho game thủ với công nghệ QD-OLED đột phá, cho màu sắc sống động, độ tương phản vô hạn và thời gian phản hồi siêu nhanh. Độ phân giải 2K (3440x1440) trên tấm nền 34 inch cong 1800R bao trọn tầm nhìn, cùng tần số quét 240Hz và thời gian phản hồi 0.03ms GtG giúp loại bỏ hiện tượng giật hình, xé hình, mang lại những pha hành động mượt mà, chính xác đến từng milimet. Công nghệ VESA DisplayHDR True Black 400 đảm bảo dải màu rộng và độ sáng ấn tượng, tái tạo hình ảnh chân thực đến kinh ngạc. MSI MPG 341CXP QD-OLED còn được trang bị công nghệ MSI OLED Care giúp bảo vệ màn hình khỏi hiện tượng lưu ảnh. Hệ thống đèn LED RGB Mystic Light cho phép tùy chỉnh hiệu ứng ánh sáng độc đáo, tạo không gian chơi game đậm chất cá nhân. Các cổng kết nối đa dạng bao gồm HDMI 2.1, DisplayPort 1.4 và USB Type-C, hỗ trợ kết nối linh hoạt với nhiều thiết bị. Đây là lựa chọn hoàn hảo cho những game thủ chuyên nghiệp, yêu cầu hiệu năng và chất lượng hiển thị vượt trội.',
        1, 'https://product.hstatic.net/200000722513/product/msi_mpg_341cqpx_qd-oled_gearvn_dd2b6e302726420093aab06583a84bec.jpg'
    );
INSERT INTO product_category (product_id, category_id) VALUES (759, 16);
INSERT INTO product_variant (
        product_id, name, seo_name, supplier_id, price, price_sale, quantity, sku, model, barcode, 
        specifications, description, warranty, image_url, release_at, created_by)
        VALUES ( 759, 'Màn hình cong MSI MPG 341CQPX QD-OLED 34" QD-OLED 2K 240Hz chuyên game', 'man-hinh-cong-msi-mpg-341cqpx-qd-oled-34-qd-oled-2k-240hz-chuyen-game',
            1, 30990000, 25290000, 10, 'MAN-MSI-MPG-341CQPX-QD-OLED',
            'MAN-MSI-MPG-341CQPX-QD-OLED', 'MAN-MSI-MPG-341CQPX-QD-OLED',
            '{"Kích thước màn hình": "34 inch","Độ phân giải": "UWQHD 3440x1440","Tấm nền": "QD-OLED","Tần số quét": "240Hz","Thời gian phản hồi": "0.03ms","Độ sáng": "250 nits","Tỉ lệ tương phản": "1,500,000:1","Độ cong": "1800R","Hỗ trợ HDR": "DisplayHDR True Black 400","Tần số quét HDMI": "240Hz","Băng thông HDMI": "48Gbps","Hỗ trợ Console": "HDMI 2.1, 120Hz, VRR, ALLM","Chứng nhận VESA": "ClearMR 13000","Công nghệ bảo vệ màn hình": "OLED Care 2.0","Hỗ trợ sạc USB-C PD": "98W","Tương thích VESA Mount": "100x100mm","Không gian màu DCI-P3": "99.3%","Không gian màu sRGB": "139.1%","Độ chính xác màu Delta E": "≤ 2","Hỗ trợ G-Sync": "G-Sync Compatible","Kích thước (không chân đế)": "812 x 361 x 130 mm","Trọng lượng (không chân đế)": "6.67 kg","Trọng lượng (có chân đế)": "8.8 kg","Cổng kết nối": "1x DisplayPort 1.4a, 2x HDMI 2.1, 1x USB 2.0 Type-C (DP alt.) w/ 98W PD, 2x USB 2.0 Type-A, 1x USB 2.0 Type-B, 1x Headphone-out","Chế độ KVM Switch": "Có"}',
            'Màn hình cong MSI MPG 341CXP QD-OLED 34\" mang đến trải nghiệm hình ảnh đỉnh cao cho game thủ với công nghệ QD-OLED đột phá, cho màu sắc sống động, độ tương phản vô hạn và thời gian phản hồi siêu nhanh. Độ phân giải 2K (3440x1440) trên tấm nền 34 inch cong 1800R bao trọn tầm nhìn, cùng tần số quét 240Hz và thời gian phản hồi 0.03ms GtG giúp loại bỏ hiện tượng giật hình, xé hình, mang lại những pha hành động mượt mà, chính xác đến từng milimet. Công nghệ VESA DisplayHDR True Black 400 đảm bảo dải màu rộng và độ sáng ấn tượng, tái tạo hình ảnh chân thực đến kinh ngạc. MSI MPG 341CXP QD-OLED còn được trang bị công nghệ MSI OLED Care giúp bảo vệ màn hình khỏi hiện tượng lưu ảnh. Hệ thống đèn LED RGB Mystic Light cho phép tùy chỉnh hiệu ứng ánh sáng độc đáo, tạo không gian chơi game đậm chất cá nhân. Các cổng kết nối đa dạng bao gồm HDMI 2.1, DisplayPort 1.4 và USB Type-C, hỗ trợ kết nối linh hoạt với nhiều thiết bị. Đây là lựa chọn hoàn hảo cho những game thủ chuyên nghiệp, yêu cầu hiệu năng và chất lượng hiển thị vượt trội.',
            36, 'https://product.hstatic.net/200000722513/product/msi_mpg_341cqpx_qd-oled_gearvn_dd2b6e302726420093aab06583a84bec.jpg', '2024-07-03T04:02:46+00:00',1);
        
INSERT INTO product_image (name, product_variant_id, image_url, is_main)
VALUES
    ('Ảnh 1', 759, 'https://product.hstatic.net/200000722513/product/msi_mpg_341cqpx_qd-oled_gearvn_dd2b6e302726420093aab06583a84bec.jpg', TRUE),
    ('Ảnh 2', 759, 'https://product.hstatic.net/200000722513/product/an-hinh-cong-msi-mpg-341cqpx-qd-oled-34-qd-oled-2k-240hz-chuyen-game-1_d6f9b7960d394113aa42958daa2680a6.jpg', FALSE),
    ('Ảnh 3', 759, 'https://product.hstatic.net/200000722513/product/an-hinh-cong-msi-mpg-341cqpx-qd-oled-34-qd-oled-2k-240hz-chuyen-game-2_87560eca4ffd4d6ea6032ce1a7da6a82.jpg', FALSE),
    ('Ảnh 4', 759, 'https://product.hstatic.net/200000722513/product/an-hinh-cong-msi-mpg-341cqpx-qd-oled-34-qd-oled-2k-240hz-chuyen-game-3_293773f5cb5b45aaa3884e611de1d04e.jpg', FALSE),
    ('Ảnh 5', 759, 'https://product.hstatic.net/200000722513/product/an-hinh-cong-msi-mpg-341cqpx-qd-oled-34-qd-oled-2k-240hz-chuyen-game-4_1df4ea404aa24d3eab0f065a3f8f2864.jpg', FALSE),
    ('Ảnh 6', 759, 'https://product.hstatic.net/200000722513/product/an-hinh-cong-msi-mpg-341cqpx-qd-oled-34-qd-oled-2k-240hz-chuyen-game-5_c1249f823cd9488ba47f43d4c06ae142.jpg', FALSE),
    ('Ảnh 7', 759, 'https://product.hstatic.net/200000722513/product/an-hinh-cong-msi-mpg-341cqpx-qd-oled-34-qd-oled-2k-240hz-chuyen-game-6_6c1e3c8a7e5b48688f4d7ab88b209228.jpg', FALSE);
---
INSERT INTO product (name, seo_name, brand_id, specifications, description, created_by, image_url) 
    VALUES (
        'Màn hình cong MSI MPG 491CQP QD-OLED 49" QD-OLED 2K 144Hz chuyên game', 'man-hinh-cong-msi-mpg-491cqp-qd-oled-49-qd-oled-2k-144hz-chuyen-game', 52,
        '{"Nhà sản xuất": "MSI"}',
        'Màn hình cong MSI MPG 491CQP QD-OLED 49\" mang đến trải nghiệm chơi game đỉnh cao với công nghệ QD-OLED đột phá, hiển thị màu sắc sống động, độ tương phản vô hạn và thời gian phản hồi siêu nhanh. Kích thước màn hình 49 inch cong 1800R bao phủ tầm nhìn của bạn, tạo cảm giác đắm chìm tuyệt đối trong mọi tựa game. Độ phân giải 2K (5120 x 1440) sắc nét kết hợp tần số quét 144Hz mượt mà, loại bỏ hiện tượng xé hình và giật lag, giúp bạn phản ứng nhanh nhạy trong các pha hành động kịch tính. Công nghệ Quantum Dot OLED tái tạo dải màu rộng hơn, mang đến hình ảnh chân thực và chi tiết đến kinh ngạc. MSI MPG 491CQP còn được trang bị các tính năng hỗ trợ game thủ như công nghệ chống nháy hình, giảm ánh sáng xanh, chế độ Game Mode tối ưu hóa cài đặt cho từng thể loại game, và các cổng kết nối đa dạng (HDMI 2.1, DisplayPort 1.4, USB Type-C) sẵn sàng kết nối với mọi thiết bị. Thiết kế viền siêu mỏng, chân đế chắc chắn và khả năng tùy chỉnh góc nhìn linh hoạt góp phần tạo nên một không gian giải trí hiện đại và đẳng cấp. Đây là lựa chọn hoàn hảo cho các game thủ chuyên nghiệp và những người đam mê trải nghiệm hình ảnh đỉnh cao.',
        1, 'https://product.hstatic.net/200000722513/product/mpg_491cqp_gearvn_0075efeae3724085a194ce45373943e6.jpg'
    );
INSERT INTO product_category (product_id, category_id) VALUES (760, 16);
INSERT INTO product_variant (
        product_id, name, seo_name, supplier_id, price, price_sale, quantity, sku, model, barcode, 
        specifications, description, warranty, image_url, release_at, created_by)
        VALUES ( 760, 'Màn hình cong MSI MPG 491CQP QD-OLED 49" QD-OLED 2K 144Hz chuyên game', 'man-hinh-cong-msi-mpg-491cqp-qd-oled-49-qd-oled-2k-144hz-chuyen-game',
            1, 39990000, 24290000, 10, 'MAN-MSI--MPG-491CQP-QD-OLED',
            'MAN-MSI--MPG-491CQP-QD-OLED', 'MAN-MSI--MPG-491CQP-QD-OLED',
            '{"Tên sản phẩm": "Màn hình MSI MPG 491CQP QD-OLED","Kích thước màn hình": "49 inch","Công nghệ màn hình": "QD-OLED","Độ phân giải": "5120 x 1440 (DQHD)","Tỷ lệ màn hình": "32:9","Tần số quét": "144Hz","Thời gian phản hồi": "0.03ms","Độ cong màn hình": "1800R","Độ sáng": "250 cd/m²","Tỷ lệ tương phản": "1500000:1","Hỗ trợ HDR": "DisplayHDR True Black 400","Kết nối": "HDMI, DisplayPort, USB-C","Tính năng đặc biệt": "Adaptive-Sync, OLED Care 2.0, Less Blue Light, KVM switch, USB-C PD 90W, VESA Mountable"}',
            'Màn hình cong MSI MPG 491CQP QD-OLED 49\" mang đến trải nghiệm chơi game đỉnh cao với công nghệ QD-OLED đột phá, hiển thị màu sắc sống động, độ tương phản vô hạn và thời gian phản hồi siêu nhanh. Kích thước màn hình 49 inch cong 1800R bao phủ tầm nhìn của bạn, tạo cảm giác đắm chìm tuyệt đối trong mọi tựa game. Độ phân giải 2K (5120 x 1440) sắc nét kết hợp tần số quét 144Hz mượt mà, loại bỏ hiện tượng xé hình và giật lag, giúp bạn phản ứng nhanh nhạy trong các pha hành động kịch tính. Công nghệ Quantum Dot OLED tái tạo dải màu rộng hơn, mang đến hình ảnh chân thực và chi tiết đến kinh ngạc. MSI MPG 491CQP còn được trang bị các tính năng hỗ trợ game thủ như công nghệ chống nháy hình, giảm ánh sáng xanh, chế độ Game Mode tối ưu hóa cài đặt cho từng thể loại game, và các cổng kết nối đa dạng (HDMI 2.1, DisplayPort 1.4, USB Type-C) sẵn sàng kết nối với mọi thiết bị. Thiết kế viền siêu mỏng, chân đế chắc chắn và khả năng tùy chỉnh góc nhìn linh hoạt góp phần tạo nên một không gian giải trí hiện đại và đẳng cấp. Đây là lựa chọn hoàn hảo cho các game thủ chuyên nghiệp và những người đam mê trải nghiệm hình ảnh đỉnh cao.',
            36, 'https://product.hstatic.net/200000722513/product/mpg_491cqp_gearvn_0075efeae3724085a194ce45373943e6.jpg', '2024-10-21T06:49:17+00:00',1);
        
INSERT INTO product_image (name, product_variant_id, image_url, is_main)
VALUES
    ('Ảnh 1', 760, 'https://product.hstatic.net/200000722513/product/mpg_491cqp_gearvn_0075efeae3724085a194ce45373943e6.jpg', TRUE),
    ('Ảnh 2', 760, 'https://product.hstatic.net/200000722513/product/man-hinh-cong-msi-mpg-491cqp-qd-oled-49-qd-oled-2k-144hz-chuyen-game-1_c76618b927ba48a9bbe777b46edd8d6f.jpg', FALSE),
    ('Ảnh 3', 760, 'https://product.hstatic.net/200000722513/product/man-hinh-cong-msi-mpg-491cqp-qd-oled-49-qd-oled-2k-144hz-chuyen-game-2_516f915e1d514a9580c208945af98d9b.jpg', FALSE),
    ('Ảnh 4', 760, 'https://product.hstatic.net/200000722513/product/man-hinh-cong-msi-mpg-491cqp-qd-oled-49-qd-oled-2k-144hz-chuyen-game-3_54c76764c640422eb3bb12275af7dd35.jpg', FALSE),
    ('Ảnh 5', 760, 'https://product.hstatic.net/200000722513/product/man-hinh-cong-msi-mpg-491cqp-qd-oled-49-qd-oled-2k-144hz-chuyen-game-4_85e6c74690d84205ac3c4954187fbe5d.jpg', FALSE),
    ('Ảnh 6', 760, 'https://product.hstatic.net/200000722513/product/man-hinh-cong-msi-mpg-491cqp-qd-oled-49-qd-oled-2k-144hz-chuyen-game-5_2097d381754747389ec208b21caaba7d.jpg', FALSE),
    ('Ảnh 7', 760, 'https://product.hstatic.net/200000722513/product/man-hinh-cong-msi-mpg-491cqp-qd-oled-49-qd-oled-2k-144hz-chuyen-game-6_92f4ba50cf2e4bac8dbfa686ce3574fb.jpg', FALSE),
    ('Ảnh 8', 760, 'https://product.hstatic.net/200000722513/product/man-hinh-cong-msi-mpg-491cqp-qd-oled-49-qd-oled-2k-144hz-chuyen-game-7_7feb96f6e1dc4304aca72f244629ae66.jpg', FALSE);
---
INSERT INTO product (name, seo_name, brand_id, specifications, description, created_by, image_url) 
    VALUES (
        'Màn hình Samsung LS32DG502 32" IPS 2K 180Hz chuyên game', 'man-hinh-samsung-ls32dg502-32-ips-2k-180hz-chuyen-game', 16,
        '{"Nhà sản xuất": "Samsung"}',
        'Màn hình Samsung LS32DG502 là lựa chọn hoàn hảo cho các game thủ chuyên nghiệp và những người đam mê công nghệ. Với kích thước 32 inch rộng rãi, màn hình mang đến trải nghiệm hình ảnh sống động và đắm chìm. Tấm nền IPS cao cấp tái tạo màu sắc chân thực, góc nhìn rộng lên đến 178 độ, đảm bảo bạn có thể thưởng thức hình ảnh sắc nét từ mọi vị trí. Độ phân giải 2K (2560x1440) mang đến hình ảnh chi tiết, rõ nét, giúp bạn không bỏ lỡ bất kỳ chi tiết quan trọng nào trong trò chơi. Điểm nhấn nổi bật nhất của LS32DG502 chính là tần số quét siêu cao 180Hz, gấp 3 lần so với màn hình gaming thông thường (60Hz). Tần số quét 180Hz giúp loại bỏ hiện tượng giật lag, xé hình, mang lại chuyển động mượt mà đến kinh ngạc, cho bạn lợi thế cạnh tranh tối thượng trong mọi tựa game tốc độ cao. Thời gian phản hồi chỉ 1ms (MPRT) càng khẳng định khả năng xử lý hình ảnh nhanh nhạy, loại bỏ hoàn toàn hiện tượng bóng ma, mang đến trải nghiệm chơi game liền mạch và chân thực nhất. Màn hình còn được trang bị công nghệ Flicker-Free và Eye Saver giúp giảm thiểu mỏi mắt khi sử dụng trong thời gian dài. Thiết kế hiện đại, viền màn hình mỏng tối ưu không gian hiển thị và dễ dàng thiết lập đa màn hình. Với Samsung LS32DG502, mọi trận chiến trong game sẽ trở nên sống động, chân thực và đầy kịch tính hơn bao giờ hết.',
        1, 'https://product.hstatic.net/200000722513/product/ls32dg502eexxv_gearvn_4cf084ef3da2405bbe5eedaa4d6572ab.jpg'
    );
INSERT INTO product_category (product_id, category_id) VALUES (761, 16);
INSERT INTO product_variant (
        product_id, name, seo_name, supplier_id, price, price_sale, quantity, sku, model, barcode, 
        specifications, description, warranty, image_url, release_at, created_by)
        VALUES ( 761, 'Màn hình Samsung LS32DG502 32" IPS 2K 180Hz chuyên game', 'man-hinh-samsung-ls32dg502-32-ips-2k-180hz-chuyen-game',
            1, 8990000, 7690000, 10, 'MAN-SAM-LS32DG502',
            'MAN-SAM-LS32DG502', 'MAN-SAM-LS32DG502',
            '{"Kích thước màn hình": "32 inch","Độ phân giải": "QHD (2K) (2560 x 1440)","Tấm nền": "IPS","Tần số quét": "180Hz","Thời gian phản hồi": "1ms (GtG)","Độ sáng": "350 cd/m²","Độ tương phản tĩnh": "1,000:1","Độ phủ màu": "99% sRGB","Số lượng màu": "16.7 triệu màu","Cổng kết nối": "1x DisplayPort 1.2, 1x HDMI 2.0, 1x Audio 3.5mm","Công nghệ đồng bộ": "AMD FreeSync","Hỗ trợ VESA": "100 x 100 mm","Công suất": "59W","Kích thước (có chân)": "714.2 x 581.9 x 263.5 mm","Khối lượng (có chân)": "7.4 kg","Bảo hành": "24 tháng","Thương hiệu": "Samsung","Model": "LS32DG502EEXXV","Nhu cầu": "Gaming","Kiểu màn hình": "Màn hình phẳng","Bề mặt màn hình": "Anti-Glare, Hard Coating (3H)","Màu sắc vỏ": "Đen","Tính năng đặc biệt": "DisplayHDR 400, Flicker Free, Eye Saver Mode, Super Arena Gaming UX, Auto Source Switch+"}',
            'Màn hình Samsung LS32DG502 là lựa chọn hoàn hảo cho các game thủ chuyên nghiệp và những người đam mê công nghệ. Với kích thước 32 inch rộng rãi, màn hình mang đến trải nghiệm hình ảnh sống động và đắm chìm. Tấm nền IPS cao cấp tái tạo màu sắc chân thực, góc nhìn rộng lên đến 178 độ, đảm bảo bạn có thể thưởng thức hình ảnh sắc nét từ mọi vị trí. Độ phân giải 2K (2560x1440) mang đến hình ảnh chi tiết, rõ nét, giúp bạn không bỏ lỡ bất kỳ chi tiết quan trọng nào trong trò chơi. Điểm nhấn nổi bật nhất của LS32DG502 chính là tần số quét siêu cao 180Hz, gấp 3 lần so với màn hình gaming thông thường (60Hz). Tần số quét 180Hz giúp loại bỏ hiện tượng giật lag, xé hình, mang lại chuyển động mượt mà đến kinh ngạc, cho bạn lợi thế cạnh tranh tối thượng trong mọi tựa game tốc độ cao. Thời gian phản hồi chỉ 1ms (MPRT) càng khẳng định khả năng xử lý hình ảnh nhanh nhạy, loại bỏ hoàn toàn hiện tượng bóng ma, mang đến trải nghiệm chơi game liền mạch và chân thực nhất. Màn hình còn được trang bị công nghệ Flicker-Free và Eye Saver giúp giảm thiểu mỏi mắt khi sử dụng trong thời gian dài. Thiết kế hiện đại, viền màn hình mỏng tối ưu không gian hiển thị và dễ dàng thiết lập đa màn hình. Với Samsung LS32DG502, mọi trận chiến trong game sẽ trở nên sống động, chân thực và đầy kịch tính hơn bao giờ hết.',
            24, 'https://product.hstatic.net/200000722513/product/ls32dg502eexxv_gearvn_4cf084ef3da2405bbe5eedaa4d6572ab.jpg', '2024-06-27T08:56:19+00:00',1);
        
INSERT INTO product_image (name, product_variant_id, image_url, is_main)
VALUES
    ('Ảnh 1', 761, 'https://product.hstatic.net/200000722513/product/ls32dg502eexxv_gearvn_4cf084ef3da2405bbe5eedaa4d6572ab.jpg', TRUE),
    ('Ảnh 2', 761, 'https://product.hstatic.net/200000722513/product/z5574566629872_542d290b4586d6806b4960c9a18326d2_033251210f044d4c8c6b9ac12f006184.jpg', FALSE),
    ('Ảnh 3', 761, 'https://product.hstatic.net/200000722513/product/z5574566629926_e08d2b3d04203040d3a2027da98a9b09_41ffd06077974b2cb645b1b949a89a10.jpg', FALSE),
    ('Ảnh 4', 761, 'https://product.hstatic.net/200000722513/product/z5574566650043_bbf3613a964cd4f2395e9e3a53e12aa5_281b9795174a4c1aa70fb3d1957379ac.jpg', FALSE),
    ('Ảnh 5', 761, 'https://product.hstatic.net/200000722513/product/z5574566668206_896ef6fbfe619ba5530eafaa64c8b02d_c970f5172a2c49ce9dbb3919879296e8.jpg', FALSE),
    ('Ảnh 6', 761, 'https://product.hstatic.net/200000722513/product/z5574566689384_221913d57e2768fe5eed353d0582bb81_c4764e1bb0b344f0a992f0c3ff1965fe.jpg', FALSE),
    ('Ảnh 7', 761, 'https://product.hstatic.net/200000722513/product/z5574566720058_0c0bf494f8355dad158b4e9a7aab7ec8_9f8527fba75149139a9e9e1f92e5cdc9.jpg', FALSE),
    ('Ảnh 8', 761, 'https://product.hstatic.net/200000722513/product/z5574566720059_7bc77df30f90fe697bfb89e008d3b669_b5bcc8f52c2e46c6821a1f93cad2a071.jpg', FALSE),
    ('Ảnh 9', 761, 'https://product.hstatic.net/200000722513/product/z5574566735949_0e266110e12e879977e79c3b01404fe8_ede58c1ab76140089b8b34c963f2b200.jpg', FALSE),
    ('Ảnh 10', 761, 'https://product.hstatic.net/200000722513/product/z5574566752475_0cac04565ae6b3f09297a27b8c54e18f_c0f5e8dfd5ab4714a4115406e354d8d2.jpg', FALSE);
---
INSERT INTO product (name, seo_name, brand_id, specifications, description, created_by, image_url) 
    VALUES (
        'Màn hình cong Samsung Odyssey G9 LS49CG954SE 49" OLED 2K 240Hz', 'man-hinh-cong-samsung-odyssey-g9-ls49cg954se-49-oled-2k-240hz', 16,
        '{"Tên sản phẩm": "Màn hình cong Samsung Odyssey G9 LS49CG954SE", "Kích thước màn hình": "49 inch", "Loại màn hình": "OLED", "Độ phân giải": "5120 x 1440 (2K)", "Tần số quét": "240Hz", "Tỷ lệ khung hình": "32:9", "Độ cong": "1000R", "Độ sáng": "250 nits (điển hình), 600 nits (tối đa)", "Tỷ lệ tương phản": "1.000.000:1", "Thời gian phản hồi": "0.03ms (GtG)", "Công nghệ hình ảnh": "Quantum Dot OLED, HDR10+", "Màu sắc": "1.07 tỷ màu", "Cổng kết nối": "2x HDMI 2.1, 1x DisplayPort 1.4, USB Hub", "Tính năng đặc biệt": "Tương thích NVIDIA G-SYNC, AMD FreeSync Premium Pro, Chế độ Eye Saver, Flicker Free, KVM Switch", "Công suất tiêu thụ": "70W (điển hình), 350W (tối đa)", "Kích thước (có chân đế)": "1163.5 x 575.5 x 390.6 mm", "Trọng lượng (có chân đế)": "14.5 kg", "Chất liệu": "Nhựa cao cấp, kim loại", "Màu sắc sản phẩm": "Đen", "Phụ kiện đi kèm": "Dây nguồn, dây HDMI, dây DisplayPort, Adapter, Sách hướng dẫn"}',
        'Màn hình cong Samsung Odyssey G9 LS49CG954SE 49\\\" OLED 2K 240Hz mang đến trải nghiệm hình ảnh đỉnh cao với kích thước siêu rộng 49 inch. Tích hợp công nghệ OLED cho màu sắc rực rỡ, độ tương phản vô hạn và thời gian phản hồi siêu nhanh. Độ phân giải 2K (5120 x 1440) trên tấm nền OLED siêu sáng đảm bảo mọi chi tiết hiển thị sắc nét, sống động đến kinh ngạc. Tần số quét 240Hz kết hợp với thời gian phản hồi 0.1ms GtG loại bỏ hoàn toàn hiện tượng nhòe hình và giật lag, mang lại lợi thế cạnh tranh vượt trội trong mọi tựa game tốc độ cao. Thiết kế màn hình cong 1000R ôm trọn tầm nhìn, tạo cảm giác đắm chìm tuyệt đối. Hỗ trợ công nghệ HDR10+ cho dải tương phản động mở rộng, tái tạo hình ảnh chân thực như ngoài đời thực. Samsung Gaming Hub tích hợp cho phép truy cập kho ứng dụng giải trí và game đám mây đa dạng mà không cần PC. Smart Calibration cho phép tùy chỉnh và hiệu chỉnh màu sắc chính xác. Hệ thống đèn LED viền Ambient Lighting Aura Sync tạo không khí gaming ấn tượng. Cổng kết nối đa dạng bao gồm HDMI 2.1, DisplayPort 1.4 và USB Hub, đáp ứng mọi nhu cầu kết nối. Đây là lựa chọn hoàn hảo cho các game thủ chuyên nghiệp, người sáng tạo nội dung và những ai yêu cầu chất lượng hình ảnh cao nhất.',
        1, 'https://product.hstatic.net/200000722513/product/vn-odyssey-oled-g9-g95sc-ls49cg954sexxv-538666884_ac5167d3b17a441fac0fc47136fd2515.png'
    );
INSERT INTO product_category (product_id, category_id) VALUES (762, 16);
INSERT INTO product_variant (
        product_id, name, seo_name, supplier_id, price, price_sale, quantity, sku, model, barcode, 
        specifications, description, warranty, image_url, release_at, created_by)
        VALUES ( 762, 'Màn hình cong Samsung Odyssey G9 LS49CG954SE 49" OLED 2K 240Hz', 'man-hinh-cong-samsung-odyssey-g9-ls49cg954se-49-oled-2k-240hz',
            1, 39990000, 33590000, 10, 'MAN-SAM-LS49CG954SEXXV',
            'MAN-SAM-LS49CG954SEXXV', 'MAN-SAM-LS49CG954SEXXV',
            '{"Tên sản phẩm": "Màn hình cong Samsung Odyssey G9 LS49CG954SE", "Kích thước màn hình": "49 inch", "Loại màn hình": "OLED", "Độ phân giải": "5120 x 1440 (2K)", "Tần số quét": "240Hz", "Tỷ lệ khung hình": "32:9", "Độ cong": "1000R", "Độ sáng": "250 nits (điển hình), 600 nits (tối đa)", "Tỷ lệ tương phản": "1.000.000:1", "Thời gian phản hồi": "0.03ms (GtG)", "Công nghệ hình ảnh": "Quantum Dot OLED, HDR10+", "Màu sắc": "1.07 tỷ màu", "Cổng kết nối": "2x HDMI 2.1, 1x DisplayPort 1.4, USB Hub", "Tính năng đặc biệt": "Tương thích NVIDIA G-SYNC, AMD FreeSync Premium Pro, Chế độ Eye Saver, Flicker Free, KVM Switch", "Công suất tiêu thụ": "70W (điển hình), 350W (tối đa)", "Kích thước (có chân đế)": "1163.5 x 575.5 x 390.6 mm", "Trọng lượng (có chân đế)": "14.5 kg", "Chất liệu": "Nhựa cao cấp, kim loại", "Màu sắc sản phẩm": "Đen", "Phụ kiện đi kèm": "Dây nguồn, dây HDMI, dây DisplayPort, Adapter, Sách hướng dẫn"}',
            'Màn hình cong Samsung Odyssey G9 LS49CG954SE 49\\\" OLED 2K 240Hz mang đến trải nghiệm hình ảnh đỉnh cao với kích thước siêu rộng 49 inch. Tích hợp công nghệ OLED cho màu sắc rực rỡ, độ tương phản vô hạn và thời gian phản hồi siêu nhanh. Độ phân giải 2K (5120 x 1440) trên tấm nền OLED siêu sáng đảm bảo mọi chi tiết hiển thị sắc nét, sống động đến kinh ngạc. Tần số quét 240Hz kết hợp với thời gian phản hồi 0.1ms GtG loại bỏ hoàn toàn hiện tượng nhòe hình và giật lag, mang lại lợi thế cạnh tranh vượt trội trong mọi tựa game tốc độ cao. Thiết kế màn hình cong 1000R ôm trọn tầm nhìn, tạo cảm giác đắm chìm tuyệt đối. Hỗ trợ công nghệ HDR10+ cho dải tương phản động mở rộng, tái tạo hình ảnh chân thực như ngoài đời thực. Samsung Gaming Hub tích hợp cho phép truy cập kho ứng dụng giải trí và game đám mây đa dạng mà không cần PC. Smart Calibration cho phép tùy chỉnh và hiệu chỉnh màu sắc chính xác. Hệ thống đèn LED viền Ambient Lighting Aura Sync tạo không khí gaming ấn tượng. Cổng kết nối đa dạng bao gồm HDMI 2.1, DisplayPort 1.4 và USB Hub, đáp ứng mọi nhu cầu kết nối. Đây là lựa chọn hoàn hảo cho các game thủ chuyên nghiệp, người sáng tạo nội dung và những ai yêu cầu chất lượng hình ảnh cao nhất.',
            24, 'https://product.hstatic.net/200000722513/product/vn-odyssey-oled-g9-g95sc-ls49cg954sexxv-538666884_ac5167d3b17a441fac0fc47136fd2515.png', '2024-05-09T09:24:08+00:00',1);
        
INSERT INTO product_image (name, product_variant_id, image_url, is_main)
VALUES
    ('Ảnh 1', 762, 'https://product.hstatic.net/200000722513/product/vn-odyssey-oled-g9-g95sc-ls49cg954sexxv-538666884_ac5167d3b17a441fac0fc47136fd2515.png', TRUE),
    ('Ảnh 2', 762, 'https://product.hstatic.net/200000722513/product/vn-odyssey-oled-g9-g95sc-ls49cg954sexxv-538666870_9617b29e924846ec9e21f90532a0616b.png', FALSE),
    ('Ảnh 3', 762, 'https://product.hstatic.net/200000722513/product/vn-odyssey-oled-g9-g95sc-ls49cg954sexxv-538666926_a8bc57fa358f421cb30a11b20e28a09b.png', FALSE),
    ('Ảnh 4', 762, 'https://product.hstatic.net/200000722513/product/vn-odyssey-oled-g9-g95sc-ls49cg954sexxv-538666914_a265e99c10c14239b440f4646d2ebec6.png', FALSE),
    ('Ảnh 5', 762, 'https://product.hstatic.net/200000722513/product/vn-odyssey-oled-g9-g95sc-ls49cg954sexxv-538666902_220011e0146d451f8985ed615a4cc5c4.png', FALSE);
---
INSERT INTO product (name, seo_name, brand_id, specifications, description, created_by, image_url) 
    VALUES (
        'Màn hình cong LG 38WR85QC-W 38" Nano IPS 2K 144Hz Gsync', 'man-hinh-cong-lg-38wr85qc-w-38-nano-ips-2k-144hz-gsync', 12,
        '{"Tên sản phẩm": "Màn hình cong LG 38WR85QC-W", "Kích thước màn hình": "38 inch", "Tấm nền": "Nano IPS", "Độ phân giải": "2K (3840 x 1600)", "Tần số quét": "144Hz", "Công nghệ đồng bộ hóa": "G-Sync Compatible", "Độ cong": "2300R", "Tỷ lệ khung hình": "21:9 Ultrawide", "Độ sáng (tối đa)": "400 nits", "Độ tương phản (tối đa)": "1000:1", "Thời gian phản hồi": "1ms (GtG)", "Màu sắc": "98% DCI-P3", "HDR": "DisplayHDR 400", "Cổng kết nối": "HDMI 2.1, DisplayPort 1.4, USB-C (DP Alt Mode, 90W PD)", "Âm thanh": "Loa tích hợp", "Tính năng đặc biệt": "Chế độ đọc sách, Flicker Safe, Công nghệ Split Screen", "Chân đế": "Có thể điều chỉnh độ cao, xoay, nghiêng", "Vật liệu": "Nhựa cao cấp", "Màu sắc viền": "Đen", "Kích thước (có chân đế)": "864.1 x 576.1 x 304.7 mm", "Trọng lượng (có chân đế)": "8.9 kg", "Nguồn điện": "Adapter ngoài", "Bảo hành": "24 tháng"}',
        'Màn hình cong LG 38WR85QC-W 38\" Nano IPS 2K 144Hz Gsync là một tuyệt tác công nghệ, mang đến trải nghiệm hình ảnh đỉnh cao cho cả công việc sáng tạo và giải trí. Với kích thước màn hình siêu rộng 38 inch và độ phân giải 2K (3840 x 1600), bạn sẽ được đắm chìm vào không gian làm việc đa nhiệm mượt mà và thế giới game sống động, sắc nét đến từng chi tiết. Công nghệ Nano IPS độc quyền của LG đảm bảo màu sắc chân thực, độ chính xác màu cao và góc nhìn rộng, giúp tái tạo hình ảnh với độ rực rỡ và độ tương phản ấn tượng. Tần số quét 144Hz kết hợp với công nghệ G-Sync đồng bộ hóa tốc độ khung hình giữa GPU và màn hình, loại bỏ hiện tượng xé hình, giật lag, mang lại những pha hành động nhanh mượt mà, không gián đoạn. Thiết kế màn hình cong 2300R ôm trọn tầm nhìn, giảm thiểu mỏi mắt khi sử dụng lâu dài và tăng cường sự tập trung. Màn hình còn được trang bị các cổng kết nối đa dạng như USB-C, HDMI, DisplayPort, hỗ trợ sạc cho laptop, mang lại sự tiện lợi tối đa. Với LG 38WR85QC-W, bạn không chỉ có một màn hình, mà là một trung tâm giải trí và làm việc hiệu quả, nâng tầm mọi trải nghiệm.',
        1, 'https://product.hstatic.net/200000722513/product/adsadf_7a23b313c75c4259ada8975e007a013c.png'
    );
INSERT INTO product_category (product_id, category_id) VALUES (763, 16);
INSERT INTO product_variant (
        product_id, name, seo_name, supplier_id, price, price_sale, quantity, sku, model, barcode, 
        specifications, description, warranty, image_url, release_at, created_by)
        VALUES ( 763, 'Màn hình cong LG 38WR85QC-W 38" Nano IPS 2K 144Hz Gsync', 'man-hinh-cong-lg-38wr85qc-w-38-nano-ips-2k-144hz-gsync',
            1, 33990000, 28490000, 10, 'MAN-LG-38WR85QC-W',
            'MAN-LG-38WR85QC-W', 'MAN-LG-38WR85QC-W',
            '{"Tên sản phẩm": "Màn hình cong LG 38WR85QC-W", "Kích thước màn hình": "38 inch", "Tấm nền": "Nano IPS", "Độ phân giải": "2K (3840 x 1600)", "Tần số quét": "144Hz", "Công nghệ đồng bộ hóa": "G-Sync Compatible", "Độ cong": "2300R", "Tỷ lệ khung hình": "21:9 Ultrawide", "Độ sáng (tối đa)": "400 nits", "Độ tương phản (tối đa)": "1000:1", "Thời gian phản hồi": "1ms (GtG)", "Màu sắc": "98% DCI-P3", "HDR": "DisplayHDR 400", "Cổng kết nối": "HDMI 2.1, DisplayPort 1.4, USB-C (DP Alt Mode, 90W PD)", "Âm thanh": "Loa tích hợp", "Tính năng đặc biệt": "Chế độ đọc sách, Flicker Safe, Công nghệ Split Screen", "Chân đế": "Có thể điều chỉnh độ cao, xoay, nghiêng", "Vật liệu": "Nhựa cao cấp", "Màu sắc viền": "Đen", "Kích thước (có chân đế)": "864.1 x 576.1 x 304.7 mm", "Trọng lượng (có chân đế)": "8.9 kg", "Nguồn điện": "Adapter ngoài", "Bảo hành": "24 tháng"}',
            'Màn hình cong LG 38WR85QC-W 38\" Nano IPS 2K 144Hz Gsync là một tuyệt tác công nghệ, mang đến trải nghiệm hình ảnh đỉnh cao cho cả công việc sáng tạo và giải trí. Với kích thước màn hình siêu rộng 38 inch và độ phân giải 2K (3840 x 1600), bạn sẽ được đắm chìm vào không gian làm việc đa nhiệm mượt mà và thế giới game sống động, sắc nét đến từng chi tiết. Công nghệ Nano IPS độc quyền của LG đảm bảo màu sắc chân thực, độ chính xác màu cao và góc nhìn rộng, giúp tái tạo hình ảnh với độ rực rỡ và độ tương phản ấn tượng. Tần số quét 144Hz kết hợp với công nghệ G-Sync đồng bộ hóa tốc độ khung hình giữa GPU và màn hình, loại bỏ hiện tượng xé hình, giật lag, mang lại những pha hành động nhanh mượt mà, không gián đoạn. Thiết kế màn hình cong 2300R ôm trọn tầm nhìn, giảm thiểu mỏi mắt khi sử dụng lâu dài và tăng cường sự tập trung. Màn hình còn được trang bị các cổng kết nối đa dạng như USB-C, HDMI, DisplayPort, hỗ trợ sạc cho laptop, mang lại sự tiện lợi tối đa. Với LG 38WR85QC-W, bạn không chỉ có một màn hình, mà là một trung tâm giải trí và làm việc hiệu quả, nâng tầm mọi trải nghiệm.',
            24, 'https://product.hstatic.net/200000722513/product/adsadf_7a23b313c75c4259ada8975e007a013c.png', '2024-05-09T04:32:18+00:00',1);
        
INSERT INTO product_image (name, product_variant_id, image_url, is_main)
VALUES
    ('Ảnh 1', 763, 'https://product.hstatic.net/200000722513/product/adsadf_7a23b313c75c4259ada8975e007a013c.png', TRUE),
    ('Ảnh 2', 763, 'https://product.hstatic.net/200000722513/product/gearvn-man-hinh-cong-lg-38wr85qc-w-38-nano-ips-2k-144hz-gsync-1_885eec724ab54876b113148a36a3df03.jpg', FALSE),
    ('Ảnh 3', 763, 'https://product.hstatic.net/200000722513/product/gearvn-man-hinh-cong-lg-38wr85qc-w-38-nano-ips-2k-144hz-gsync-2_1c44ecbc179740d58f633ddf17fa26bb.jpg', FALSE),
    ('Ảnh 4', 763, 'https://product.hstatic.net/200000722513/product/gearvn-man-hinh-cong-lg-38wr85qc-w-38-nano-ips-2k-144hz-gsync-3_fcf413e667c74e6c99f1c132338289c8.jpg', FALSE),
    ('Ảnh 5', 763, 'https://product.hstatic.net/200000722513/product/gearvn-man-hinh-cong-lg-38wr85qc-w-38-nano-ips-2k-144hz-gsync-4_78925879889a4a469d85812036893680.jpg', FALSE),
    ('Ảnh 6', 763, 'https://product.hstatic.net/200000722513/product/gearvn-man-hinh-cong-lg-38wr85qc-w-38-nano-ips-2k-144hz-gsync-5_96238678b2054a1c83a1a7622946805c.jpg', FALSE),
    ('Ảnh 7', 763, 'https://product.hstatic.net/200000722513/product/gearvn-man-hinh-cong-lg-38wr85qc-w-38-nano-ips-2k-144hz-gsync-6_4f1fdd1ee242489881efb7e3a3d0ad0c.jpg', FALSE);
---
INSERT INTO product (name, seo_name, brand_id, specifications, description, created_by, image_url) 
    VALUES (
        'Màn hình cong Samsung Odyssey NEO G9 LS57CG952 57" 4K 240Hz', 'man-hinh-cong-samsung-odyssey-neo-g9-ls57cg952-57-4k-240hz', 16,
        '{"Kiểu màn hình": "Màn hình cong", "Tấm nền": "VA", "Tỉ lệ màn hình": "32:9", "Độ phân giải": "7680 x 2160 pixels", "Tần số quét": "240Hz", "Thời gian phản hồi": "1ms", "Độ sáng": "420 nits", "Góc nhìn": "178°(H)/178°(V)", "Độ tương phản tĩnh": "2500:1 (Typ.)", "Công nghệ màn hình": "Quantum Matrix, VESA DisplayHDR 1000, AMD FreeSync Premium Pro, CoreSync, Core Lighting+", "Nghiêng": "-3° ~ 10° (±2°)", "Điều chỉnh độ cao": "HAS (chân đế có thể điều chỉnh độ cao)", "Treo tường": "100 x 100 mm", "Cổng kết nối": "1 x DisplayPort 2.1, 3 x HDMI 2.1, 1 x cổng tai nghe, 2 x USB Hub 3.0", "Hệ thống âm thanh": "Không", "Tính năng màn hình": "Chống chói, Chế độ chơi game, Chống nháy, AMD FreeSync Premium Pro", "Tiện ích": "Chế độ bảo vệ mắt, Chống nháy, Picture-by-Picture, Off Timer Plus, Screen Size Optimizer, Black Equalizer, Low Input Lag Mode, Refresh Rate Optimizer, Super Arena Gaming UX", "Công suất tiêu thụ": "300W", "Kích thước": "1327.5 x 601.0 x 499.6 mm (bao gồm chân đế)", "Trọng lượng": "Có chân đế: 19.0 kg, Không chân đế: 15.4 kg"}',
        'Màn hình cong Samsung Odyssey NEO G9 LS57CG952 57\" 4K 240Hz là đỉnh cao của công nghệ màn hình gaming, mang đến trải nghiệm nhập vai chưa từng có. Với kích thước siêu rộng 57 inch và độ cong 1000R, màn hình này bao trọn tầm nhìn của bạn, tạo cảm giác như đang thực sự bước vào thế giới game. Độ phân giải Dual UHD (7680x2160) mang lại hình ảnh sắc nét đến kinh ngạc, chi tiết đến từng điểm ảnh, cho phép bạn nhìn thấy mọi thứ rõ ràng hơn bao giờ hết. Tần số quét 240Hz siêu tốc cùng thời gian phản hồi 1ms (GtG) loại bỏ hoàn toàn hiện tượng nhòe hình, giật lag, đảm bảo mọi chuyển động trong game đều mượt mà và chính xác đến từng mili giây. Công nghệ Quantum Matrix Technology sử dụng đèn Mini-LED cho khả năng kiểm soát ánh sáng vượt trội, mang đến độ tương phản đỉnh cao, màu sắc sống động và độ sáng ấn tượng, tái hiện những cảnh game HDR chân thực và ngoạn mục. Hỗ trợ VESA DisplayHDR™ 2000, màn hình này có thể đạt độ sáng tối đa lên tới 2000 nits, làm nổi bật từng chi tiết trong cả vùng sáng nhất và tối nhất. Tính năng Quantum Dot và công nghệ chống lóa AR (Anti-Reflective) đảm bảo màu sắc rực rỡ, chính xác và giảm thiểu tối đa hiện tượng phản chiếu ánh sáng gây khó chịu. Multi-View cho phép bạn hiển thị đồng thời nhiều nguồn tín hiệu, biến màn hình khổng lồ này thành trung tâm giải trí đa nhiệm hiệu quả. Cổng kết nối đa dạng bao gồm HDMI 2.1 và DisplayPort 1.4, sẵn sàng cho các thiết bị gaming thế hệ mới nhất. Thiết kế Gaming Dome với hệ thống đèn LED RGB Aura Sync tùy chỉnh mang lại phong cách riêng biệt cho góc máy của bạn. Samsung Odyssey NEO G9 LS57CG952 không chỉ là một màn hình, mà là một tuyên bố về hiệu suất và công nghệ, dành cho những game thủ không thỏa hiệp.',
        1, 'https://product.hstatic.net/200000722513/product/vn-odyssey-neo-g9-g95nc-ls57cg952nexxv-537933911_3923e3e9cf374fafb9ead3a36151d0e4.png'
    );
INSERT INTO product_category (product_id, category_id) VALUES (764, 16);
INSERT INTO product_variant (
        product_id, name, seo_name, supplier_id, price, price_sale, quantity, sku, model, barcode, 
        specifications, description, warranty, image_url, release_at, created_by)
        VALUES ( 764, 'Màn hình cong Samsung Odyssey NEO G9 LS57CG952 57" 4K 240Hz', 'man-hinh-cong-samsung-odyssey-neo-g9-ls57cg952-57-4k-240hz',
            1, 59990000, 45990000, 10, 'MAN-SAM-LS57CG952',
            'MAN-SAM-LS57CG952', 'MAN-SAM-LS57CG952',
            '{"Kiểu màn hình": "Màn hình cong", "Tấm nền": "VA", "Tỉ lệ màn hình": "32:9", "Độ phân giải": "7680 x 2160 pixels", "Tần số quét": "240Hz", "Thời gian phản hồi": "1ms", "Độ sáng": "420 nits", "Góc nhìn": "178°(H)/178°(V)", "Độ tương phản tĩnh": "2500:1 (Typ.)", "Công nghệ màn hình": "Quantum Matrix, VESA DisplayHDR 1000, AMD FreeSync Premium Pro, CoreSync, Core Lighting+", "Nghiêng": "-3° ~ 10° (±2°)", "Điều chỉnh độ cao": "HAS (chân đế có thể điều chỉnh độ cao)", "Treo tường": "100 x 100 mm", "Cổng kết nối": "1 x DisplayPort 2.1, 3 x HDMI 2.1, 1 x cổng tai nghe, 2 x USB Hub 3.0", "Hệ thống âm thanh": "Không", "Tính năng màn hình": "Chống chói, Chế độ chơi game, Chống nháy, AMD FreeSync Premium Pro", "Tiện ích": "Chế độ bảo vệ mắt, Chống nháy, Picture-by-Picture, Off Timer Plus, Screen Size Optimizer, Black Equalizer, Low Input Lag Mode, Refresh Rate Optimizer, Super Arena Gaming UX", "Công suất tiêu thụ": "300W", "Kích thước": "1327.5 x 601.0 x 499.6 mm (bao gồm chân đế)", "Trọng lượng": "Có chân đế: 19.0 kg, Không chân đế: 15.4 kg"}',
            'Màn hình cong Samsung Odyssey NEO G9 LS57CG952 57\" 4K 240Hz là đỉnh cao của công nghệ màn hình gaming, mang đến trải nghiệm nhập vai chưa từng có. Với kích thước siêu rộng 57 inch và độ cong 1000R, màn hình này bao trọn tầm nhìn của bạn, tạo cảm giác như đang thực sự bước vào thế giới game. Độ phân giải Dual UHD (7680x2160) mang lại hình ảnh sắc nét đến kinh ngạc, chi tiết đến từng điểm ảnh, cho phép bạn nhìn thấy mọi thứ rõ ràng hơn bao giờ hết. Tần số quét 240Hz siêu tốc cùng thời gian phản hồi 1ms (GtG) loại bỏ hoàn toàn hiện tượng nhòe hình, giật lag, đảm bảo mọi chuyển động trong game đều mượt mà và chính xác đến từng mili giây. Công nghệ Quantum Matrix Technology sử dụng đèn Mini-LED cho khả năng kiểm soát ánh sáng vượt trội, mang đến độ tương phản đỉnh cao, màu sắc sống động và độ sáng ấn tượng, tái hiện những cảnh game HDR chân thực và ngoạn mục. Hỗ trợ VESA DisplayHDR™ 2000, màn hình này có thể đạt độ sáng tối đa lên tới 2000 nits, làm nổi bật từng chi tiết trong cả vùng sáng nhất và tối nhất. Tính năng Quantum Dot và công nghệ chống lóa AR (Anti-Reflective) đảm bảo màu sắc rực rỡ, chính xác và giảm thiểu tối đa hiện tượng phản chiếu ánh sáng gây khó chịu. Multi-View cho phép bạn hiển thị đồng thời nhiều nguồn tín hiệu, biến màn hình khổng lồ này thành trung tâm giải trí đa nhiệm hiệu quả. Cổng kết nối đa dạng bao gồm HDMI 2.1 và DisplayPort 1.4, sẵn sàng cho các thiết bị gaming thế hệ mới nhất. Thiết kế Gaming Dome với hệ thống đèn LED RGB Aura Sync tùy chỉnh mang lại phong cách riêng biệt cho góc máy của bạn. Samsung Odyssey NEO G9 LS57CG952 không chỉ là một màn hình, mà là một tuyên bố về hiệu suất và công nghệ, dành cho những game thủ không thỏa hiệp.',
            24, 'https://product.hstatic.net/200000722513/product/vn-odyssey-neo-g9-g95nc-ls57cg952nexxv-537933911_3923e3e9cf374fafb9ead3a36151d0e4.png', '2024-03-19T07:38:42+00:00',1);
        
INSERT INTO product_image (name, product_variant_id, image_url, is_main)
VALUES
    ('Ảnh 1', 764, 'https://product.hstatic.net/200000722513/product/vn-odyssey-neo-g9-g95nc-ls57cg952nexxv-537933911_3923e3e9cf374fafb9ead3a36151d0e4.png', TRUE),
    ('Ảnh 2', 764, 'https://product.hstatic.net/200000722513/product/vn-odyssey-neo-g9-g95nc-ls57cg952nexxv-538366489_93a631225dd74639b6387bc1d5df80a7.png', FALSE),
    ('Ảnh 3', 764, 'https://product.hstatic.net/200000722513/product/vn-odyssey-neo-g9-g95nc-ls57cg952nexxv-538366184_b037c74e0f114e6cac8e07e5afa4dc02.png', FALSE),
    ('Ảnh 4', 764, 'https://product.hstatic.net/200000722513/product/vn-odyssey-neo-g9-g95nc-ls57cg952nexxv-538366399_bfcb626a46174d8ea17064a3655dc20b.png', FALSE);
---
INSERT INTO product (name, seo_name, brand_id, specifications, description, created_by, image_url) 
    VALUES (
        'Màn hình cong Samsung Odyssey G9 LS49CG934 49" OLED 2K 240Hz', 'man-hinh-cong-samsung-odyssey-g9-ls49cg934-49-oled-2k-240hz', 16,
        '{"Kích thước thực tế (bao gồm viền)": "49 inches", "Kiểu màn hình": "Màn hình cong", "Tấm nền": "OLED", "Tỉ lệ màn hình": "32:9", "Độ phân giải": "5120 x 1440", "Tần số quét": "240Hz", "Thời gian phản hồi": "0.03ms", "Số lượng màu": "1 tỷ màu", "Độ sáng": "250 cd/㎡", "Góc nhìn": "178°(H)/178°(V)", "Độ tương phản tĩnh": "1,000,000:1", "Nghiêng": "-2°(±2°) ~ 15°(±2°)", "Điều chỉnh độ cao": "120 ± 5 mm", "Cổng kết nối": "1 x DisplayPort 1.4, 1 x HDMI 2.1, 1 x Micro HDMI 2.1", "Hệ thống âm thanh": "Có, 5W x 2", "Tính năng màn hình": "Hạn chế ánh sáng xanh, Chống chói, Chống nháy, AMD FreeSync Premium Pro", "Công suất tiêu thụ": "220W (Tối đa)", "Kích thước": "1194.7 x 529.3 x 284.1 mm (có chân đế)", "Trọng lượng": "12.6 kg (có chân đế)"}',
        'Trải nghiệm hình ảnh đỉnh cao với Màn hình cong Samsung Odyssey G9 LS49CG934 49\" OLED 2K. Kích thước màn hình siêu rộng 49 inch mang đến tầm nhìn bao quát, đắm chìm hoàn toàn vào thế giới game và giải trí. Công nghệ OLED độc quyền của Samsung tái tạo màu sắc sống động, độ tương phản vô hạn và màu đen tuyệt đối, mang đến những chi tiết sắc nét đến kinh ngạc. Độ phân giải 2K (5120 x 1440) trên tấm nền 49 inch đảm bảo mọi hình ảnh đều mượt mà và chi tiết. Tần số quét 240Hz kết hợp với thời gian phản hồi siêu nhanh 0.03ms loại bỏ hiện tượng nhòe hình và giật lag, mang lại lợi thế quyết định trong các tựa game tốc độ cao. Thiết kế cong 1000R ôm trọn tầm nhìn của bạn, giảm mỏi mắt và tăng cường sự thoải mái khi sử dụng trong thời gian dài. Hỗ trợ công nghệ HDR10+ cho dải tương phản động mở rộng, làm nổi bật cả những vùng sáng nhất và tối nhất của hình ảnh. Màn hình còn tích hợp các tính năng chơi game tiên tiến như AMD FreeSync Premium Pro và NVIDIA G-Sync Compatible, đồng bộ hóa tần số quét của màn hình với card đồ họa, loại bỏ hiện tượng xé hình. Hệ thống đèn LED viền Quantum Lighting có thể tùy chỉnh theo ý thích, tạo không gian gaming độc đáo và ấn tượng. Samsung Odyssey G9 LS49CG934 là sự lựa chọn hoàn hảo cho những game thủ chuyên nghiệp và người dùng đam mê trải nghiệm đa phương tiện đỉnh cao, mang lại hiệu suất vượt trội và hình ảnh mãn nhãn.',
        1, 'https://product.hstatic.net/200000722513/product/vn-odyssey-oled-g9-g93sc-ls49cg934sexxv-537211056_dbea4e5b6bbe46858c9889a0f7e02846.png'
    );
INSERT INTO product_category (product_id, category_id) VALUES (765, 16);
INSERT INTO product_variant (
        product_id, name, seo_name, supplier_id, price, price_sale, quantity, sku, model, barcode, 
        specifications, description, warranty, image_url, release_at, created_by)
        VALUES ( 765, 'Màn hình cong Samsung Odyssey G9 LS49CG934 49" OLED 2K 240Hz', 'man-hinh-cong-samsung-odyssey-g9-ls49cg934-49-oled-2k-240hz',
            1, 39990000, 28490000, 10, 'MAN-SAM-LS49CG934',
            'MAN-SAM-LS49CG934', 'MAN-SAM-LS49CG934',
            '{"Kích thước thực tế (bao gồm viền)": "49 inches", "Kiểu màn hình": "Màn hình cong", "Tấm nền": "OLED", "Tỉ lệ màn hình": "32:9", "Độ phân giải": "5120 x 1440", "Tần số quét": "240Hz", "Thời gian phản hồi": "0.03ms", "Số lượng màu": "1 tỷ màu", "Độ sáng": "250 cd/㎡", "Góc nhìn": "178°(H)/178°(V)", "Độ tương phản tĩnh": "1,000,000:1", "Nghiêng": "-2°(±2°) ~ 15°(±2°)", "Điều chỉnh độ cao": "120 ± 5 mm", "Cổng kết nối": "1 x DisplayPort 1.4, 1 x HDMI 2.1, 1 x Micro HDMI 2.1", "Hệ thống âm thanh": "Có, 5W x 2", "Tính năng màn hình": "Hạn chế ánh sáng xanh, Chống chói, Chống nháy, AMD FreeSync Premium Pro", "Công suất tiêu thụ": "220W (Tối đa)", "Kích thước": "1194.7 x 529.3 x 284.1 mm (có chân đế)", "Trọng lượng": "12.6 kg (có chân đế)"}',
            'Trải nghiệm hình ảnh đỉnh cao với Màn hình cong Samsung Odyssey G9 LS49CG934 49\" OLED 2K. Kích thước màn hình siêu rộng 49 inch mang đến tầm nhìn bao quát, đắm chìm hoàn toàn vào thế giới game và giải trí. Công nghệ OLED độc quyền của Samsung tái tạo màu sắc sống động, độ tương phản vô hạn và màu đen tuyệt đối, mang đến những chi tiết sắc nét đến kinh ngạc. Độ phân giải 2K (5120 x 1440) trên tấm nền 49 inch đảm bảo mọi hình ảnh đều mượt mà và chi tiết. Tần số quét 240Hz kết hợp với thời gian phản hồi siêu nhanh 0.03ms loại bỏ hiện tượng nhòe hình và giật lag, mang lại lợi thế quyết định trong các tựa game tốc độ cao. Thiết kế cong 1000R ôm trọn tầm nhìn của bạn, giảm mỏi mắt và tăng cường sự thoải mái khi sử dụng trong thời gian dài. Hỗ trợ công nghệ HDR10+ cho dải tương phản động mở rộng, làm nổi bật cả những vùng sáng nhất và tối nhất của hình ảnh. Màn hình còn tích hợp các tính năng chơi game tiên tiến như AMD FreeSync Premium Pro và NVIDIA G-Sync Compatible, đồng bộ hóa tần số quét của màn hình với card đồ họa, loại bỏ hiện tượng xé hình. Hệ thống đèn LED viền Quantum Lighting có thể tùy chỉnh theo ý thích, tạo không gian gaming độc đáo và ấn tượng. Samsung Odyssey G9 LS49CG934 là sự lựa chọn hoàn hảo cho những game thủ chuyên nghiệp và người dùng đam mê trải nghiệm đa phương tiện đỉnh cao, mang lại hiệu suất vượt trội và hình ảnh mãn nhãn.',
            24, 'https://product.hstatic.net/200000722513/product/vn-odyssey-oled-g9-g93sc-ls49cg934sexxv-537211056_dbea4e5b6bbe46858c9889a0f7e02846.png', '2024-03-19T07:33:06+00:00',1);
        
INSERT INTO product_image (name, product_variant_id, image_url, is_main)
VALUES
    ('Ảnh 1', 765, 'https://product.hstatic.net/200000722513/product/vn-odyssey-oled-g9-g93sc-ls49cg934sexxv-537211056_dbea4e5b6bbe46858c9889a0f7e02846.png', TRUE),
    ('Ảnh 2', 765, 'https://product.hstatic.net/200000722513/product/gearvn-man-hinh-cong-samsung-odyssey-g9-ls49cg934-49-oled-2k-240hz-1_53a0d27c7cbc4117b4ffb07cbc4969c7.jpg', FALSE),
    ('Ảnh 3', 765, 'https://product.hstatic.net/200000722513/product/gearvn-man-hinh-cong-samsung-odyssey-g9-ls49cg934-49-oled-2k-240hz-2_aee7970959ab41328245d7001828acc5.jpg', FALSE),
    ('Ảnh 4', 765, 'https://product.hstatic.net/200000722513/product/gearvn-man-hinh-cong-samsung-odyssey-g9-ls49cg934-49-oled-2k-240hz-3_c3b731bed54b4b1aa230d0ea19df4469.jpg', FALSE),
    ('Ảnh 5', 765, 'https://product.hstatic.net/200000722513/product/gearvn-man-hinh-cong-samsung-odyssey-g9-ls49cg934-49-oled-2k-240hz-4_654658291184405f974beed787220451.jpg', FALSE),
    ('Ảnh 6', 765, 'https://product.hstatic.net/200000722513/product/gearvn-man-hinh-cong-samsung-odyssey-g9-ls49cg934-49-oled-2k-240hz-5_7b1ab5d9e27243a1889342c95429eb8e.jpg', FALSE),
    ('Ảnh 7', 765, 'https://product.hstatic.net/200000722513/product/gearvn-man-hinh-cong-samsung-odyssey-g9-ls49cg934-49-oled-2k-240hz-6_1173036cf43244a699f63045d8af5382.jpg', FALSE),
    ('Ảnh 8', 765, 'https://product.hstatic.net/200000722513/product/gearvn-man-hinh-cong-samsung-odyssey-g9-ls49cg934-49-oled-2k-240hz-7_5a9f5ad40b344089926ecc3d47761c28.jpg', FALSE);
---
INSERT INTO product (name, seo_name, brand_id, specifications, description, created_by, image_url) 
    VALUES (
        'Màn hình cong Asus ROG Swift PG49WCD 49" QD-OLED 2K 144Hz chuyên game', 'man-hinh-cong-asus-rog-swift-pg49wcd-49-qd-oled-2k-144hz-chuyen-game', 3,
        '{"Kích thước thực tế (bao gồm viền)": "49 inches", "Kiểu màn hình": "Màn hình cong", "Độ cong": "1800R", "Tấm nền": "OLED", "Tỉ lệ màn hình": "32:9", "Độ phân giải": "5120 x 1440 pixels", "Tần số quét": "144 Hz", "Thời gian phản hồi": "0.03ms", "Số lượng màu": "1073.7 triệu màu (10 bit)", "Độ phủ màu": "99% DCI-P3", "Độ chính xác màu": "△E<2", "Độ sáng": "1,000 cd/㎡", "Góc nhìn": "178°/178°", "Độ tương phản tĩnh": "1,500,000:1", "Công nghệ màn hình": "VRR Technology (Adaptive-Sync), GameFast Input Technology, Shadow Boost, Dark Boost, Aspect Control", "Nghiêng": "+20° ~ -5°", "Xoay": "+15° ~ -15°", "Điều chỉnh độ cao": "0~10 cm", "Treo tường": "100 x 100 mm", "Cổng kết nối": "1x DisplayPort 1.4 DSC, 1x HDMI 2.1, 1x USB-C (DP Alt Mode), 1x Đầu cắm tai nghe, 2x USB 3.2 Gen 1 Type-A, 2x USB 2.0 Type-A, 1x Đầu ra SPDIF, Công suất cung cấp: 90W", "Tính năng màn hình": "Hạn chế ánh sáng xanh, Chống chói, Chống nháy, Tương thích NVIDIA G-Sync, AMD FreeSync Premium Pro, VESA DisplayHDR 400", "Tiện ích": "GamePlus, Game Visual, DisplayWidget (Trung tâm DisplayWidget)", "Kích thước": "Có chân đế: 119.64 x 52.72 x 28.30 cm, Không chân đế: 119.64 x 37.17 x 15.54 cm", "Trọng lượng": "Có chân đế: 11.7 kg"}',
        'Một chiếc màn hình máy tính sở hữu cho mình kích thước rộng với tỷ lệ khung hình lên đến 16:9 như một trạm làm việc đa năng. Màn hình cong Asus ROG Swift PG49WCD 49\" cho phép bạn theo dõi nhiều ứng dụng cùng lúc trong một màn hình với màu sắc cực kỳ sắc nét.\n\n- Màn hình cong Asus ROG Swift PG49WCD 49\n\nMàn hình có tầm nền Oled siêu rộng\nMột chiếc màn hình cong 1800R với kích thước tấm nền Oled lên đến 49’’ cung cấp cho anh em những hình ảnh rõ ràng và chi tiết hơn từ những công việc thông thường đến những trận đấu kịch tính với map lớn. \n\n- Màn hình cong Asus ROG Swift PG49WCD 49\n\nTốc độ làm mới của màn hình lên đến 144Hz với thời gian phản hồi chỉ có 0.003ms đem đến cho bạn không gian ảo cực kỳ đã mắt. Kết hợp với đó là công nghệ Freesync mang đến cho anh em một màn hình có hình ảnh mượt mà không gây ra tình trạng xé hình.\n\nMàu sắc cực chân thật cùng tỷ lệ tương phản cao\nSở hữu tỷ lệ tương phản vượt trội 1;500;000:1, màn hình cong Asus ROG Swift PG49WCD 49\" có thể tạo ra màu đen sâu nhất cùng với màu sắc sống động ở mọi mức độ sáng nhất định. Màn hình cong Asus sẽ mang đến cho mọi cảnh vật có độ rực rỡ nhất định dù là ở những cảnh tối nhất. \n\n- Màn hình cong Asus ROG Swift PG49WCD 49\n\nKhả năng bảo vệ màn hình cao\nMàn hình cong Asus ROG Swift PG49WCD 49\" được Asus cài đặt chế độ bảo vệ màn hình khi có thể tự động làm mờ màn hình trong thời gian dài không sử dụng. Bên cạnh đó là khả năng làm sạch pixel, khi anh em tắt màn hình sau một khoảng thời gian dài sử dụng, màn hình cong Asus sẽ tự động hiệu chỉnh lại và quá trình này chỉ mất một vài phút. Lưu ý là nếu anh em rút dây nguồn trong thời gian này quá trình này sẽ bị gián đoạn. \n\n- Màn hình cong Asus ROG Swift PG49WCD 49\n\nDi chuyển một chút pixel trong màn hình giúp giảm thiểu tình trạng burn-in màn hình và bạn có thể tự động điều chỉnh chế độ này. Cuối cùng là khả năng điều chỉnh ánh sáng logo tĩnh, việc này giúp khắc phục được những vấn đề tìm ẩn về chất lượng hình ảnh. \n\nLàm mát màn hình với bộ tản nhiệt tùy chỉnh\nViệc sở hữu một chiếc màn hình siêu siêu rộng thì bộ phận tản nhiệt cũng là hệ thống được Asus đặc biệt lưu tâm. Hệ thống tản nhiệt có bố cục nhỏ nhằm mang đến cho màn hình có khoảng không gian rộng rãi thoáng khí. Thêm vào đó là một miếng đệm phía sau màn hình cùng mặt lưng có lỗ thông khí giúp luồng không khí mát dễ dàng len lỏi vào trong màn hình.',
        1, 'https://product.hstatic.net/200000722513/product/gearvn-man-hinh-cong-asus-rog-swift-pg49wcd-1_f6750e9eb7e143169d8b53e36a77e6b0.png'
    );
INSERT INTO product_category (product_id, category_id) VALUES (766, 16);
INSERT INTO product_variant (
        product_id, name, seo_name, supplier_id, price, price_sale, quantity, sku, model, barcode, 
        specifications, description, warranty, image_url, release_at, created_by)
        VALUES ( 766, 'Màn hình cong Asus ROG Swift PG49WCD 49" QD-OLED 2K 144Hz chuyên game', 'man-hinh-cong-asus-rog-swift-pg49wcd-49-qd-oled-2k-144hz-chuyen-game',
            1, 54990000, 51990000, 10, 'MAN-ASU-PG49WCD',
            'MAN-ASU-PG49WCD', 'MAN-ASU-PG49WCD',
            '{"Kích thước thực tế (bao gồm viền)": "49 inches", "Kiểu màn hình": "Màn hình cong", "Độ cong": "1800R", "Tấm nền": "OLED", "Tỉ lệ màn hình": "32:9", "Độ phân giải": "5120 x 1440 pixels", "Tần số quét": "144 Hz", "Thời gian phản hồi": "0.03ms", "Số lượng màu": "1073.7 triệu màu (10 bit)", "Độ phủ màu": "99% DCI-P3", "Độ chính xác màu": "△E<2", "Độ sáng": "1,000 cd/㎡", "Góc nhìn": "178°/178°", "Độ tương phản tĩnh": "1,500,000:1", "Công nghệ màn hình": "VRR Technology (Adaptive-Sync), GameFast Input Technology, Shadow Boost, Dark Boost, Aspect Control", "Nghiêng": "+20° ~ -5°", "Xoay": "+15° ~ -15°", "Điều chỉnh độ cao": "0~10 cm", "Treo tường": "100 x 100 mm", "Cổng kết nối": "1x DisplayPort 1.4 DSC, 1x HDMI 2.1, 1x USB-C (DP Alt Mode), 1x Đầu cắm tai nghe, 2x USB 3.2 Gen 1 Type-A, 2x USB 2.0 Type-A, 1x Đầu ra SPDIF, Công suất cung cấp: 90W", "Tính năng màn hình": "Hạn chế ánh sáng xanh, Chống chói, Chống nháy, Tương thích NVIDIA G-Sync, AMD FreeSync Premium Pro, VESA DisplayHDR 400", "Tiện ích": "GamePlus, Game Visual, DisplayWidget (Trung tâm DisplayWidget)", "Kích thước": "Có chân đế: 119.64 x 52.72 x 28.30 cm, Không chân đế: 119.64 x 37.17 x 15.54 cm", "Trọng lượng": "Có chân đế: 11.7 kg"}',
            'Một chiếc màn hình máy tính sở hữu cho mình kích thước rộng với tỷ lệ khung hình lên đến 16:9 như một trạm làm việc đa năng. Màn hình cong Asus ROG Swift PG49WCD 49\" cho phép bạn theo dõi nhiều ứng dụng cùng lúc trong một màn hình với màu sắc cực kỳ sắc nét.\n\n- Màn hình cong Asus ROG Swift PG49WCD 49\n\nMàn hình có tầm nền Oled siêu rộng\nMột chiếc màn hình cong 1800R với kích thước tấm nền Oled lên đến 49’’ cung cấp cho anh em những hình ảnh rõ ràng và chi tiết hơn từ những công việc thông thường đến những trận đấu kịch tính với map lớn. \n\n- Màn hình cong Asus ROG Swift PG49WCD 49\n\nTốc độ làm mới của màn hình lên đến 144Hz với thời gian phản hồi chỉ có 0.003ms đem đến cho bạn không gian ảo cực kỳ đã mắt. Kết hợp với đó là công nghệ Freesync mang đến cho anh em một màn hình có hình ảnh mượt mà không gây ra tình trạng xé hình.\n\nMàu sắc cực chân thật cùng tỷ lệ tương phản cao\nSở hữu tỷ lệ tương phản vượt trội 1;500;000:1, màn hình cong Asus ROG Swift PG49WCD 49\" có thể tạo ra màu đen sâu nhất cùng với màu sắc sống động ở mọi mức độ sáng nhất định. Màn hình cong Asus sẽ mang đến cho mọi cảnh vật có độ rực rỡ nhất định dù là ở những cảnh tối nhất. \n\n- Màn hình cong Asus ROG Swift PG49WCD 49\n\nKhả năng bảo vệ màn hình cao\nMàn hình cong Asus ROG Swift PG49WCD 49\" được Asus cài đặt chế độ bảo vệ màn hình khi có thể tự động làm mờ màn hình trong thời gian dài không sử dụng. Bên cạnh đó là khả năng làm sạch pixel, khi anh em tắt màn hình sau một khoảng thời gian dài sử dụng, màn hình cong Asus sẽ tự động hiệu chỉnh lại và quá trình này chỉ mất một vài phút. Lưu ý là nếu anh em rút dây nguồn trong thời gian này quá trình này sẽ bị gián đoạn. \n\n- Màn hình cong Asus ROG Swift PG49WCD 49\n\nDi chuyển một chút pixel trong màn hình giúp giảm thiểu tình trạng burn-in màn hình và bạn có thể tự động điều chỉnh chế độ này. Cuối cùng là khả năng điều chỉnh ánh sáng logo tĩnh, việc này giúp khắc phục được những vấn đề tìm ẩn về chất lượng hình ảnh. \n\nLàm mát màn hình với bộ tản nhiệt tùy chỉnh\nViệc sở hữu một chiếc màn hình siêu siêu rộng thì bộ phận tản nhiệt cũng là hệ thống được Asus đặc biệt lưu tâm. Hệ thống tản nhiệt có bố cục nhỏ nhằm mang đến cho màn hình có khoảng không gian rộng rãi thoáng khí. Thêm vào đó là một miếng đệm phía sau màn hình cùng mặt lưng có lỗ thông khí giúp luồng không khí mát dễ dàng len lỏi vào trong màn hình.',
            36, 'https://product.hstatic.net/200000722513/product/gearvn-man-hinh-cong-asus-rog-swift-pg49wcd-1_f6750e9eb7e143169d8b53e36a77e6b0.png', '2024-01-19T03:44:36+00:00',1);
        
INSERT INTO product_image (name, product_variant_id, image_url, is_main)
VALUES
    ('Ảnh 1', 766, 'https://product.hstatic.net/200000722513/product/gearvn-man-hinh-cong-asus-rog-swift-pg49wcd-1_f6750e9eb7e143169d8b53e36a77e6b0.png', TRUE),
    ('Ảnh 2', 766, 'https://product.hstatic.net/200000722513/product/gearvn-man-hinh-cong-asus-rog-swift-pg49wcd-2_22d414a2380048f7b7c20e3d73c11d03.png', FALSE),
    ('Ảnh 3', 766, 'https://product.hstatic.net/200000722513/product/gearvn-man-hinh-cong-asus-rog-swift-pg49wcd-3_73f536d803924215aa5bf457d9dd2790.png', FALSE),
    ('Ảnh 4', 766, 'https://product.hstatic.net/200000722513/product/gearvn-man-hinh-cong-asus-rog-swift-pg49wcd-4_52afc6dfa989409da05f763badd095b8.png', FALSE),
    ('Ảnh 5', 766, 'https://product.hstatic.net/200000722513/product/gearvn-man-hinh-cong-asus-rog-swift-pg49wcd-5_8d0d6d1a25714a8ebe96fd2985ec70fd.png', FALSE);
---
INSERT INTO product (name, seo_name, brand_id, specifications, description, created_by, image_url) 
    VALUES (
        'Màn hình cong Dell UltraSharp U3824DW 38" IPS 2K USBC', 'man-hinh-cong-dell-ultrasharp-u3824dw-38-ips-2k-usbc', 6,
        '{"Tên sản phẩm": "Màn hình cong Dell UltraSharp U3824DW", "Kích thước màn hình": "38 inch", "Loại màn hình": "IPS", "Độ phân giải": "2K (QHD+ 3840 x 1600)", "Tỷ lệ khung hình": "21:9", "Độ cong": "Cong", "Tốc độ làm mới": "60Hz", "Thời gian phản hồi": "8ms (Gray to Gray thông thường), 5ms (Gray to Gray nhanh)", "Độ sáng": "300 cd/m²", "Tỷ lệ tương phản": "2000:1", "Số màu hiển thị": "1.07 tỷ màu", "Độ phủ màu": "99% sRGB, 99% Rec.709", "Công nghệ": "IPS Black, ComfortView Plus, InfinityEdge", "Cổng kết nối": "USB-C (DisplayPort, Power Delivery 90W), HDMI 2.1, DisplayPort 1.4, USB-A (nhiều cổng), RJ45", "Tính năng đặc biệt": "Hub USB-C tích hợp, KVM Switch, Daisy-chaining", "Nguồn điện": "100-240 VAC, 50/60 Hz", "Công suất tiêu thụ": "25.3W (điển hình), 0.3W (chế độ chờ)", "Kích thước (có chân đế)": "855.8 x 453.6 - 593.6 x 269.1 mm", "Trọng lượng (chỉ màn hình)": "7.63 kg", "Khả năng xoay/nghiêng/cao độ": "Xoay, Nghiêng, Điều chỉnh độ cao", "Vật liệu": "Nhựa tái chế", "Chứng nhận": "Energy Star, EPEAT Gold, TCO Certified Edge", "Năm ra mắt": "2023"}',
        'Đánh giá chi tiết màn hình cong Dell UltraSharp U3824DW 38\" IPS 2K USB-C\n\nMàn hình cong Dell UltraSharp U3824DW với màn hình lên đến 38 inch cùng thiết kế cơ học giúp người dùng chìm đắm vào thế giới riêng một cách thoải mái nhất.\n\n**Sở hữu đường cong tuyệt đỉnh**\nMột chiếc màn hình cong với tấm nền IPS kích thước lên đến 38 inch mang đến cho bạn màu sắc rực rỡ từ mọi góc nhìn. Bạn có thể cảm nhận hình ảnh rõ nét và chi tiết từ công việc thường ngày đến những trận đấu kịch tính.\n\n**Màn hình 2K+ rõ nét từng điểm ảnh**\nMàn hình cong Dell UltraSharp U3824DW sở hữu độ phân giải WQHD+, tần số quét 60Hz và thời gian phản hồi 5ms, cho phép bạn trải nghiệm thế giới ảo rõ nét, nịnh mắt.\n\n**Màu sắc chân thật với không gian màu vượt trội**\nDell UltraSharp U3824DW được trang bị không gian màu với chỉ số cực cao: sRGB và REC.709 tối đa, DCI-P3, Display P3 98%. Cùng với đó, màn hình có khả năng hiển thị hơn 1 tỷ màu sắc khác nhau, mang đến thế giới rực rỡ sắc màu.\n\n**Công nghệ chống ánh sáng xanh vượt trội**\nMàn hình được Dell trang bị công nghệ ComfortView Plus, tích hợp chế độ ánh sáng xanh thấp, giúp giảm ánh sáng xanh có hại mà không làm thay đổi màu sắc. Bạn có thể sử dụng màn hình trong thời gian dài mà không lo ảnh hưởng đến mắt.\n\n**Tương thích đa thiết bị**\nKhông chỉ sở hữu 1 cổng DisplayPort và HDMI, chiếc màn hình Dell UltraSharp U3824DW còn có thêm 1 cổng HDMI, 4 cổng USB 3.2 downstream, 2 cổng USB-C 3.2 downstream, 1 cổng USB-C upstream và các cổng khác. Bạn không chỉ kết nối 1 laptop hay PC mà còn có thể kết nối 2 PC cùng lúc, cùng với các thiết bị gaming gear khác, giúp bạn đắm chìm vào thế giới ảo một cách toàn diện.\n\n**Phù hợp với nhiều loại arm màn hình**\nNhờ tương thích VESA 100x100mm, màn hình Dell UltraSharp U3824DW 38“ IPS 2K USB-C có thể kết nối với hầu hết các loại arm màn hình hoặc giá đỡ màn hình khác nhau, giúp tiết kiệm đáng kể không gian trên bàn làm việc. Màn hình còn có khả năng cơ động với cơ chế điều chỉnh để phù hợp với nhiều người sử dụng khác nhau.',
        1, 'https://product.hstatic.net/200000722513/product/gearvn-man-hinh-cong-dell-ultrasharp-u3824dw-38-ips-2k-usbc-1_7ced41099af44790b2296456884a5e0e.jpg'
    );
INSERT INTO product_category (product_id, category_id) VALUES (767, 16);
INSERT INTO product_variant (
        product_id, name, seo_name, supplier_id, price, price_sale, quantity, sku, model, barcode, 
        specifications, description, warranty, image_url, release_at, created_by)
        VALUES ( 767, 'Màn hình cong Dell UltraSharp U3824DW 38" IPS 2K USBC', 'man-hinh-cong-dell-ultrasharp-u3824dw-38-ips-2k-usbc',
            1, 30990000, 28990000, 10, 'MAN-DELL-U3824DW',
            'MAN-DELL-U3824DW', 'MAN-DELL-U3824DW',
            '{"Tên sản phẩm": "Màn hình cong Dell UltraSharp U3824DW", "Kích thước màn hình": "38 inch", "Loại màn hình": "IPS", "Độ phân giải": "2K (QHD+ 3840 x 1600)", "Tỷ lệ khung hình": "21:9", "Độ cong": "Cong", "Tốc độ làm mới": "60Hz", "Thời gian phản hồi": "8ms (Gray to Gray thông thường), 5ms (Gray to Gray nhanh)", "Độ sáng": "300 cd/m²", "Tỷ lệ tương phản": "2000:1", "Số màu hiển thị": "1.07 tỷ màu", "Độ phủ màu": "99% sRGB, 99% Rec.709", "Công nghệ": "IPS Black, ComfortView Plus, InfinityEdge", "Cổng kết nối": "USB-C (DisplayPort, Power Delivery 90W), HDMI 2.1, DisplayPort 1.4, USB-A (nhiều cổng), RJ45", "Tính năng đặc biệt": "Hub USB-C tích hợp, KVM Switch, Daisy-chaining", "Nguồn điện": "100-240 VAC, 50/60 Hz", "Công suất tiêu thụ": "25.3W (điển hình), 0.3W (chế độ chờ)", "Kích thước (có chân đế)": "855.8 x 453.6 - 593.6 x 269.1 mm", "Trọng lượng (chỉ màn hình)": "7.63 kg", "Khả năng xoay/nghiêng/cao độ": "Xoay, Nghiêng, Điều chỉnh độ cao", "Vật liệu": "Nhựa tái chế", "Chứng nhận": "Energy Star, EPEAT Gold, TCO Certified Edge", "Năm ra mắt": "2023"}',
            'Đánh giá chi tiết màn hình cong Dell UltraSharp U3824DW 38\" IPS 2K USB-C\n\nMàn hình cong Dell UltraSharp U3824DW với màn hình lên đến 38 inch cùng thiết kế cơ học giúp người dùng chìm đắm vào thế giới riêng một cách thoải mái nhất.\n\n**Sở hữu đường cong tuyệt đỉnh**\nMột chiếc màn hình cong với tấm nền IPS kích thước lên đến 38 inch mang đến cho bạn màu sắc rực rỡ từ mọi góc nhìn. Bạn có thể cảm nhận hình ảnh rõ nét và chi tiết từ công việc thường ngày đến những trận đấu kịch tính.\n\n**Màn hình 2K+ rõ nét từng điểm ảnh**\nMàn hình cong Dell UltraSharp U3824DW sở hữu độ phân giải WQHD+, tần số quét 60Hz và thời gian phản hồi 5ms, cho phép bạn trải nghiệm thế giới ảo rõ nét, nịnh mắt.\n\n**Màu sắc chân thật với không gian màu vượt trội**\nDell UltraSharp U3824DW được trang bị không gian màu với chỉ số cực cao: sRGB và REC.709 tối đa, DCI-P3, Display P3 98%. Cùng với đó, màn hình có khả năng hiển thị hơn 1 tỷ màu sắc khác nhau, mang đến thế giới rực rỡ sắc màu.\n\n**Công nghệ chống ánh sáng xanh vượt trội**\nMàn hình được Dell trang bị công nghệ ComfortView Plus, tích hợp chế độ ánh sáng xanh thấp, giúp giảm ánh sáng xanh có hại mà không làm thay đổi màu sắc. Bạn có thể sử dụng màn hình trong thời gian dài mà không lo ảnh hưởng đến mắt.\n\n**Tương thích đa thiết bị**\nKhông chỉ sở hữu 1 cổng DisplayPort và HDMI, chiếc màn hình Dell UltraSharp U3824DW còn có thêm 1 cổng HDMI, 4 cổng USB 3.2 downstream, 2 cổng USB-C 3.2 downstream, 1 cổng USB-C upstream và các cổng khác. Bạn không chỉ kết nối 1 laptop hay PC mà còn có thể kết nối 2 PC cùng lúc, cùng với các thiết bị gaming gear khác, giúp bạn đắm chìm vào thế giới ảo một cách toàn diện.\n\n**Phù hợp với nhiều loại arm màn hình**\nNhờ tương thích VESA 100x100mm, màn hình Dell UltraSharp U3824DW 38“ IPS 2K USB-C có thể kết nối với hầu hết các loại arm màn hình hoặc giá đỡ màn hình khác nhau, giúp tiết kiệm đáng kể không gian trên bàn làm việc. Màn hình còn có khả năng cơ động với cơ chế điều chỉnh để phù hợp với nhiều người sử dụng khác nhau.',
            36, 'https://product.hstatic.net/200000722513/product/gearvn-man-hinh-cong-dell-ultrasharp-u3824dw-38-ips-2k-usbc-1_7ced41099af44790b2296456884a5e0e.jpg', '2024-01-02T04:10:03+00:00',1);
        
INSERT INTO product_image (name, product_variant_id, image_url, is_main)
VALUES
    ('Ảnh 1', 767, 'https://product.hstatic.net/200000722513/product/gearvn-man-hinh-cong-dell-ultrasharp-u3824dw-38-ips-2k-usbc-1_7ced41099af44790b2296456884a5e0e.jpg', TRUE),
    ('Ảnh 2', 767, 'https://product.hstatic.net/200000722513/product/gearvn-man-hinh-cong-dell-ultrasharp-u3824dw-38-ips-2k-usbc-2_4be3c012eba14fe0949dbdc876761682.jpg', FALSE),
    ('Ảnh 3', 767, 'https://product.hstatic.net/200000722513/product/gearvn-man-hinh-cong-dell-ultrasharp-u3824dw-38-ips-2k-usbc-3_4d76c3be6e384ef8ae1c6b5e80ef3dd8.jpg', FALSE),
    ('Ảnh 4', 767, 'https://product.hstatic.net/200000722513/product/gearvn-man-hinh-cong-dell-ultrasharp-u3824dw-38-ips-2k-usbc-4_1cbc48d0612347caa38c960a819b94ff.jpg', FALSE);
---
INSERT INTO product (name, seo_name, brand_id, specifications, description, created_by, image_url) 
    VALUES (
        'Màn hình cong Samsung LC34G55 34" 2K 165Hz', 'man-hinh-cong-samsung-lc34g55-34-2k-165hz-gsync-compatible', 16,
        '{"Kích thước thực tế (bao gồm viền)": "34 inches", "Kiểu màn hình": "Màn hình cong", "Độ cong": "1000R", "Tấm nền": "WVA", "Tỉ lệ màn hình": "21:9", "Độ phân giải": "3440 x 1440 pixels", "Tần số quét": "165 Hz", "Thời gian phản hồi": "1ms", "Số lượng màu": "16.7 triệu màu", "Độ sáng": "250 cd/㎡", "Góc nhìn": "178°(H)/178°(V)", "Độ tương phản tĩnh": "2500:1(Typ.)", "Độ tương phản động": "Mega ∞ DCR", "Công nghệ màn hình": "High Dynamic Range HDR10, FreeSync Premium", "Nghiêng": "-2 ~ 18", "Treo tường": "75 x 75 mm", "Cổng kết nối": "1x Display Port, 1x Display Port 1.4, 1x HDMI, 1x HDMI 2, 1x Tai nghe", "Tính năng màn hình": "Chế độ chơi game, Chống nháy", "Tiện ích": "Chế độ bảo vệ mắt, Chống nháy, Picture-By-Picture, Off Timer Plus, Screen Size Optimizer, Black Equalizer, Low Input Lag Mode, Refresh Rate Optimizor, Super Arena Gaming UX", "Hệ thống âm thanh": "Không", "Công suất tiêu thụ": "50W", "Kích thước": "Có chân đế: 806.6 x 475.3 x 272.6 mm", "Trọng lượng": "Có chân đế: 5.6 kg"}',
        'Màn hình Samsung gaming Odyssey G5 LC34G55TWWEXXV 34 inch với độ cong hoàn hảo cùng độ phân giải cao mang lại hình ảnh vượt trội. Chiếc màn hình Samsung này hứa hẹn không làm các tín đồ công nghệ thất vọng.\n\nThiết kế hiện đại, sang trọng\nMàn hình sở hữu thiết kế đơn giản với gam màu đen hiện đại và chân đế dạng SIMPLE, phù hợp với nhiều không gian làm việc khác nhau. Thiết bị có khả năng điều chỉnh độ nghiêng từ -2 đến 18 độ, mang lại tư thế sử dụng linh hoạt và thoải mái.\n\nMàn hình Samsung gaming Odyssey G5 LC34G55TWWEXXV – Màn hình 34 inch sắc nét\n\nSản phẩm hỗ trợ chuẩn treo tường 75 x 75 mm, giúp người dùng dễ dàng lắp đặt theo nhu cầu. Kích thước màn hình (không bao gồm chân đế) là 806.6 x 380.9 x 152.7 mm, với trọng lượng chỉ 5.2 kg – thuận tiện khi cần di chuyển.\n\nMàn hình cong ấn tượng, độ phân giải WQHD sắc nét\nVới thiết kế cong 1000R, sản phẩm màn hình 34 inch mang đến trải nghiệm hình ảnh sống động, bao quát và chân thực. Tỷ lệ khung hình 21:9 kết hợp độ sáng 250 cd/m² và độ tương phản 2.500:1 cho phép hiển thị chi tiết rõ ràng và màu sắc cân đối trong nhiều điều kiện ánh sáng.\n\nMàn hình Samsung Gaming Odyssey G5 LC34G55TWWEXXV 34 inch\n\nBên cạnh đó, với công nghệ HDR trên màn hình gaming này giúp các hình ảnh chân thực với sắc đen sâu, sắc trắng thuần. Đặc biệt với khung viền siêu mỏng, người dùng có thể dễ dàng ghép đôi và tận hưởng trải nghiệm giải trí.\n\nGóc nhìn rộng 178 độ theo cả chiều ngang và dọc giúp hình ảnh không bị biến dạng khi nhìn từ nhiều góc khác nhau. Màn hình có tần số quét tối đa 165Hz, kết hợp thời gian phản hồi 1ms MPRT, mang đến chuyển động mượt mà – lý tưởng cho chơi game và các tác vụ tốc độ cao.\n\nMàn hình cong ấn tượng, độ phân giải WQHD sắc nét\n\nMàn hình sử dụng tấm nền VA với độ phân giải 3440 x 1440 pixel, mang lại hình ảnh sắc nét và chi tiết trên toàn bộ không gian hiển thị siêu rộng. Tỷ lệ khung hình 21:9 kết hợp góc nhìn rộng 178 độ theo cả chiều ngang và dọc, cho phép quan sát rõ ràng ở nhiều tư thế khác nhau.\n\nTốc độ phản hồi nhanh, AMD FreeSync Premium giảm giật xé hình\nMàn hình Samsung gaming Odyssey G5 LC34G55TWWEXXV được trang bị tốc độ phản xạ nhanh, chỉ khoảng 1ms. Với tốc độ này, các chuyển động chuột được nắm bắt nhanh chóng.\n\nMàn hình có độ sáng tối đa 250 cd/m² và tối thiểu 200 cd/m², đảm bảo hiển thị rõ ràng trong nhiều điều kiện ánh sáng. Tỷ lệ tương phản tĩnh 2.500:1 kết hợp công nghệ Dynamic Mega ∞ DCR giúp cải thiện độ sâu và độ tương phản tổng thể.\n\nTốc độ phản hồi nhanh, AMD FreeSync Premium giảm giật xé hình\n\nThiết bị hỗ trợ chuẩn HDR10, mang đến khả năng tái tạo hình ảnh sống động và chân thực hơn khi xem các nội dung hỗ trợ HDR. Màn hình phù hợp cho nhu cầu giải trí cao cấp nhờ khả năng tăng chiều sâu hình ảnh và cải thiện chi tiết vùng sáng tối.\n\nTốc độ phản hồi trên màn hình Samsung Gaming Odyssey G5 LC34G55TWWEXXV 34 inch\n\nĐặc biệt, màn hình 165hz Samsung gaming Odyssey G5 LC34G55TWWEXXV 34 inch còn được trang bị công nghệ AMD FreeSync Premium giúp giảm thiểu tối đa các tính trạng như xé hình, giật hình cũng hư hạn chế các độ trễ đầu vào.\n\nDải màu đạt 72% NTSC (theo tiêu chuẩn 1976), cùng khả năng hiển thị 16,7 triệu màu giúp hình ảnh hiển thị đa dạng và trung thực. Màn hình phù hợp cho cả công việc sáng tạo lẫn chơi game đòi hỏi độ chính xác màu cao.',
        1, 'https://product.hstatic.net/200000722513/product/c34g55-34-2k-165hz-gsync-compatible-1_fb597c946f6b495e88076b59551e2ec9_10aa4d6d8f1743a090bf9ce066a75646.jpg'
    );
INSERT INTO product_category (product_id, category_id) VALUES (768, 16);
INSERT INTO product_variant (
        product_id, name, seo_name, supplier_id, price, price_sale, quantity, sku, model, barcode, 
        specifications, description, warranty, image_url, release_at, created_by)
        VALUES ( 768, 'Màn hình cong Samsung LC34G55 34" 2K 165Hz', 'man-hinh-cong-samsung-lc34g55-34-2k-165hz-gsync-compatible',
            1, 15390000, 7450000, 10, 'MAN-SAM-34-LC34G55-2K-165HZ',
            'MAN-SAM-34-LC34G55-2K-165HZ', 'MAN-SAM-34-LC34G55-2K-165HZ',
            '{"Kích thước thực tế (bao gồm viền)": "34 inches", "Kiểu màn hình": "Màn hình cong", "Độ cong": "1000R", "Tấm nền": "WVA", "Tỉ lệ màn hình": "21:9", "Độ phân giải": "3440 x 1440 pixels", "Tần số quét": "165 Hz", "Thời gian phản hồi": "1ms", "Số lượng màu": "16.7 triệu màu", "Độ sáng": "250 cd/㎡", "Góc nhìn": "178°(H)/178°(V)", "Độ tương phản tĩnh": "2500:1(Typ.)", "Độ tương phản động": "Mega ∞ DCR", "Công nghệ màn hình": "High Dynamic Range HDR10, FreeSync Premium", "Nghiêng": "-2 ~ 18", "Treo tường": "75 x 75 mm", "Cổng kết nối": "1x Display Port, 1x Display Port 1.4, 1x HDMI, 1x HDMI 2, 1x Tai nghe", "Tính năng màn hình": "Chế độ chơi game, Chống nháy", "Tiện ích": "Chế độ bảo vệ mắt, Chống nháy, Picture-By-Picture, Off Timer Plus, Screen Size Optimizer, Black Equalizer, Low Input Lag Mode, Refresh Rate Optimizor, Super Arena Gaming UX", "Hệ thống âm thanh": "Không", "Công suất tiêu thụ": "50W", "Kích thước": "Có chân đế: 806.6 x 475.3 x 272.6 mm", "Trọng lượng": "Có chân đế: 5.6 kg"}',
            'Màn hình Samsung gaming Odyssey G5 LC34G55TWWEXXV 34 inch với độ cong hoàn hảo cùng độ phân giải cao mang lại hình ảnh vượt trội. Chiếc màn hình Samsung này hứa hẹn không làm các tín đồ công nghệ thất vọng.\n\nThiết kế hiện đại, sang trọng\nMàn hình sở hữu thiết kế đơn giản với gam màu đen hiện đại và chân đế dạng SIMPLE, phù hợp với nhiều không gian làm việc khác nhau. Thiết bị có khả năng điều chỉnh độ nghiêng từ -2 đến 18 độ, mang lại tư thế sử dụng linh hoạt và thoải mái.\n\nMàn hình Samsung gaming Odyssey G5 LC34G55TWWEXXV – Màn hình 34 inch sắc nét\n\nSản phẩm hỗ trợ chuẩn treo tường 75 x 75 mm, giúp người dùng dễ dàng lắp đặt theo nhu cầu. Kích thước màn hình (không bao gồm chân đế) là 806.6 x 380.9 x 152.7 mm, với trọng lượng chỉ 5.2 kg – thuận tiện khi cần di chuyển.\n\nMàn hình cong ấn tượng, độ phân giải WQHD sắc nét\nVới thiết kế cong 1000R, sản phẩm màn hình 34 inch mang đến trải nghiệm hình ảnh sống động, bao quát và chân thực. Tỷ lệ khung hình 21:9 kết hợp độ sáng 250 cd/m² và độ tương phản 2.500:1 cho phép hiển thị chi tiết rõ ràng và màu sắc cân đối trong nhiều điều kiện ánh sáng.\n\nMàn hình Samsung Gaming Odyssey G5 LC34G55TWWEXXV 34 inch\n\nBên cạnh đó, với công nghệ HDR trên màn hình gaming này giúp các hình ảnh chân thực với sắc đen sâu, sắc trắng thuần. Đặc biệt với khung viền siêu mỏng, người dùng có thể dễ dàng ghép đôi và tận hưởng trải nghiệm giải trí.\n\nGóc nhìn rộng 178 độ theo cả chiều ngang và dọc giúp hình ảnh không bị biến dạng khi nhìn từ nhiều góc khác nhau. Màn hình có tần số quét tối đa 165Hz, kết hợp thời gian phản hồi 1ms MPRT, mang đến chuyển động mượt mà – lý tưởng cho chơi game và các tác vụ tốc độ cao.\n\nMàn hình cong ấn tượng, độ phân giải WQHD sắc nét\n\nMàn hình sử dụng tấm nền VA với độ phân giải 3440 x 1440 pixel, mang lại hình ảnh sắc nét và chi tiết trên toàn bộ không gian hiển thị siêu rộng. Tỷ lệ khung hình 21:9 kết hợp góc nhìn rộng 178 độ theo cả chiều ngang và dọc, cho phép quan sát rõ ràng ở nhiều tư thế khác nhau.\n\nTốc độ phản hồi nhanh, AMD FreeSync Premium giảm giật xé hình\nMàn hình Samsung gaming Odyssey G5 LC34G55TWWEXXV được trang bị tốc độ phản xạ nhanh, chỉ khoảng 1ms. Với tốc độ này, các chuyển động chuột được nắm bắt nhanh chóng.\n\nMàn hình có độ sáng tối đa 250 cd/m² và tối thiểu 200 cd/m², đảm bảo hiển thị rõ ràng trong nhiều điều kiện ánh sáng. Tỷ lệ tương phản tĩnh 2.500:1 kết hợp công nghệ Dynamic Mega ∞ DCR giúp cải thiện độ sâu và độ tương phản tổng thể.\n\nTốc độ phản hồi nhanh, AMD FreeSync Premium giảm giật xé hình\n\nThiết bị hỗ trợ chuẩn HDR10, mang đến khả năng tái tạo hình ảnh sống động và chân thực hơn khi xem các nội dung hỗ trợ HDR. Màn hình phù hợp cho nhu cầu giải trí cao cấp nhờ khả năng tăng chiều sâu hình ảnh và cải thiện chi tiết vùng sáng tối.\n\nTốc độ phản hồi trên màn hình Samsung Gaming Odyssey G5 LC34G55TWWEXXV 34 inch\n\nĐặc biệt, màn hình 165hz Samsung gaming Odyssey G5 LC34G55TWWEXXV 34 inch còn được trang bị công nghệ AMD FreeSync Premium giúp giảm thiểu tối đa các tính trạng như xé hình, giật hình cũng hư hạn chế các độ trễ đầu vào.\n\nDải màu đạt 72% NTSC (theo tiêu chuẩn 1976), cùng khả năng hiển thị 16,7 triệu màu giúp hình ảnh hiển thị đa dạng và trung thực. Màn hình phù hợp cho cả công việc sáng tạo lẫn chơi game đòi hỏi độ chính xác màu cao.',
            24, 'https://product.hstatic.net/200000722513/product/c34g55-34-2k-165hz-gsync-compatible-1_fb597c946f6b495e88076b59551e2ec9_10aa4d6d8f1743a090bf9ce066a75646.jpg', '2023-06-03T05:20:36+00:00',1);
        
INSERT INTO product_image (name, product_variant_id, image_url, is_main)
VALUES
    ('Ảnh 1', 768, 'https://product.hstatic.net/200000722513/product/c34g55-34-2k-165hz-gsync-compatible-1_fb597c946f6b495e88076b59551e2ec9_10aa4d6d8f1743a090bf9ce066a75646.jpg', TRUE),
    ('Ảnh 2', 768, 'https://product.hstatic.net/200000722513/product/gearvn-man-hinh-cong-samsung-lc34g55-34-2k-165hz-gsync-compatible-1_5099d9eb26824bb8bff15138f1f9a955.jpg', FALSE),
    ('Ảnh 3', 768, 'https://product.hstatic.net/200000722513/product/gearvn-man-hinh-cong-samsung-lc34g55-34-2k-165hz-gsync-compatible-2_83b69bd0fcb94e1bb352b48e8ecf4681.jpg', FALSE),
    ('Ảnh 4', 768, 'https://product.hstatic.net/200000722513/product/gearvn-man-hinh-cong-samsung-lc34g55-34-2k-165hz-gsync-compatible-3_50ad5222fde945019de023d534b445d0.jpg', FALSE),
    ('Ảnh 5', 768, 'https://product.hstatic.net/200000722513/product/gearvn-man-hinh-cong-samsung-lc34g55-34-2k-165hz-gsync-compatible-4_cbebf7cbb4c64575a81f68932335fa9c.jpg', FALSE),
    ('Ảnh 6', 768, 'https://product.hstatic.net/200000722513/product/gearvn-man-hinh-cong-samsung-lc34g55-34-2k-165hz-gsync-compatible-5_aec0a479e0a949968d316be5fe9d0129.jpg', FALSE),
    ('Ảnh 7', 768, 'https://product.hstatic.net/200000722513/product/gearvn-man-hinh-cong-samsung-lc34g55-34-2k-165hz-gsync-compatible-6_18205b01842849b0a36239364c6b204d.jpg', FALSE);
---
INSERT INTO product (name, seo_name, brand_id, specifications, description, created_by, image_url) 
    VALUES (
        'Màn hình cong Asus ROG Strix XG49VQ 49" VA 144Hz', 'va-49-curved-asus-rog-strix-xg49vq-144hz', 3,
        '{"Kích thước panel":"Super ultra-wide monitor 49\" (124.46 cm) 32:9","Kiểu Panel":"VA","Độ phân giải thực":"3840x1080","Khu vực Hiển thị HxV":"1195.8 x 336.3 mm","Bề mặt Hiển thị":"Chống lóa","Pixel Pitch":"0.311 mm","Góc nhìn CR≧10":"178°(H)/178°(V)","Thời gian phản hồi":"4 ms (Gray to Gray)","Brightness":"450 cd/㎡ (Typical)","Màu sắc hiển thị":"1.07 tỉ","Contrast Ratio":"3000:1 (Typical)","Không chớp":"Có","Tấm nền cong":"1800R","HDR Hỗ trợ":"Có","Tần số quét tối đa":"144 Hz","GamePlus (chế độ)":"Có (Ngắm/Hẹn giờ/Bộ đếm FPS/Màn hình hiển thị dạng lưới)","Hình-cạnh-Hình":"Hỗ trợ","HDCP":"Hỗ trợ","Tần suất Ánh sáng Xanh Thấp":"Có","GameVisual":"8 Chế độ (Cảnh vật/Đua xe/Rạp/RTS/RPG/Chế độ sRGB/Chế độ MOBA/Chế độ tùy chọn)","Phần mềm":"Display Widget","Công nghệ":"GameFast Input, FreeSync 2 HDR technology, Shadow Boost","Loa âm thanh nổi":"5W x 2 Stereo RMS","Tín hiệu vào":"HDMI(v2.0) x2, DisplayPort 1.2","Giắc cắm tai nghe":"3.5mm Mini-Jack","Cổng USB":"3.0x2","Cổng USB upstream":"USB3.0 Loại-B x1","Tần số tín hiệu Digital":"30 ~167 KHz (H) /48 ~144 Hz(V)","Điện năng tiêu thụ":"<47 W","Chế độ tiết kiệm điện":"<0.5 W","Chế độ tắt nguồn":"<0.5 W","Điện áp":"100-240 V, 50/60 Hz","Màu sắc khung":"Màu đen","Góc nghiêng":"+20°~-5°","Xoay":"-16°~+16°","Tinh chỉnh độ cao":"0~120 mm","Chuẩn VESA treo tường":"100x100 mm","Kích thước vật lý kèm kệ WxHxD":"1193.33 x 529.10 x 344.74 mm","Kích thước vật lý không kèm kệ WxHxD":"1193.33 x 369.7 x 344.74 mm","Kích thước hộp WxHxD":"1308 x 484 x 370 mm","Trọng lượng thực":"13.3 kg","Trọng lượng thô":"20.9 kg"}',
        'Màn hình cong Asus ROG Strix XG49VQ 49 inch VA 144Hz mang đến trải nghiệm chơi game và giải trí đỉnh cao với kích thước siêu rộng 49 inch, tỷ lệ 32:9, độ phân giải Dual Full HD (5120 x 1440). Công nghệ tấm nền VA cho màu đen sâu, độ tương phản ấn tượng và góc nhìn rộng, tái tạo hình ảnh sống động và chân thực. Tốc độ làm mới 144Hz kết hợp với công nghệ FreeSync 2 HDR loại bỏ hiện tượng xé hình và giật lag, đảm bảo mọi chuyển động mượt mà, sắc nét ngay cả trong những pha hành động nhanh nhất. Hỗ trợ HDR10 và chứng nhận DisplayHDR 400, màn hình hiển thị dải màu rộng hơn với độ sáng và độ tương phản vượt trội, mang đến chi tiết nổi bật cả ở vùng sáng và vùng tối. Công nghệ độc quyền GamePlus cung cấp các công cụ hỗ trợ chơi game như Crosshair, Timer, FPS counter, giúp bạn nâng cao hiệu suất thi đấu. Aura Sync RGB cho phép tùy chỉnh hiệu ứng ánh sáng RGB ở mặt sau màn hình, đồng bộ với các thiết bị Aura Sync khác, tạo nên không gian gaming độc đáo và ấn tượng. Thiết kế công thái học với chân đế có thể điều chỉnh độ cao, nghiêng và xoay, cùng khả năng tương thích VESA, mang lại sự thoải mái tối đa cho người dùng. Cổng kết nối đa dạng bao gồm DisplayPort, HDMI và USB 3.0, đáp ứng mọi nhu cầu kết nối.',
        1, 'https://product.hstatic.net/200000722513/product/asus_xg49vq_144hz_7cf2f37ec4534fb5b37216b0d40fbc73_ef806183224844dd8e20b7c0f5b28867.jpg'
    );
INSERT INTO product_category (product_id, category_id) VALUES (769, 16);
INSERT INTO product_variant (
        product_id, name, seo_name, supplier_id, price, price_sale, quantity, sku, model, barcode, 
        specifications, description, warranty, image_url, release_at, created_by)
        VALUES ( 769, 'Màn hình cong Asus ROG Strix XG49VQ 49" VA 144Hz', 'va-49-curved-asus-rog-strix-xg49vq-144hz',
            1, 34790000, 24990000, 10, 'MAN-ASU-ROG-XG49VQ-VA-144HZ',
            'MAN-ASU-ROG-XG49VQ-VA-144HZ', 'MAN-ASU-ROG-XG49VQ-VA-144HZ',
            '{"Kích thước panel":"Super ultra-wide monitor 49\" (124.46 cm) 32:9","Kiểu Panel":"VA","Độ phân giải thực":"3840x1080","Khu vực Hiển thị HxV":"1195.8 x 336.3 mm","Bề mặt Hiển thị":"Chống lóa","Pixel Pitch":"0.311 mm","Góc nhìn CR≧10":"178°(H)/178°(V)","Thời gian phản hồi":"4 ms (Gray to Gray)","Brightness":"450 cd/㎡ (Typical)","Màu sắc hiển thị":"1.07 tỉ","Contrast Ratio":"3000:1 (Typical)","Không chớp":"Có","Tấm nền cong":"1800R","HDR Hỗ trợ":"Có","Tần số quét tối đa":"144 Hz","GamePlus (chế độ)":"Có (Ngắm/Hẹn giờ/Bộ đếm FPS/Màn hình hiển thị dạng lưới)","Hình-cạnh-Hình":"Hỗ trợ","HDCP":"Hỗ trợ","Tần suất Ánh sáng Xanh Thấp":"Có","GameVisual":"8 Chế độ (Cảnh vật/Đua xe/Rạp/RTS/RPG/Chế độ sRGB/Chế độ MOBA/Chế độ tùy chọn)","Phần mềm":"Display Widget","Công nghệ":"GameFast Input, FreeSync 2 HDR technology, Shadow Boost","Loa âm thanh nổi":"5W x 2 Stereo RMS","Tín hiệu vào":"HDMI(v2.0) x2, DisplayPort 1.2","Giắc cắm tai nghe":"3.5mm Mini-Jack","Cổng USB":"3.0x2","Cổng USB upstream":"USB3.0 Loại-B x1","Tần số tín hiệu Digital":"30 ~167 KHz (H) /48 ~144 Hz(V)","Điện năng tiêu thụ":"<47 W","Chế độ tiết kiệm điện":"<0.5 W","Chế độ tắt nguồn":"<0.5 W","Điện áp":"100-240 V, 50/60 Hz","Màu sắc khung":"Màu đen","Góc nghiêng":"+20°~-5°","Xoay":"-16°~+16°","Tinh chỉnh độ cao":"0~120 mm","Chuẩn VESA treo tường":"100x100 mm","Kích thước vật lý kèm kệ WxHxD":"1193.33 x 529.10 x 344.74 mm","Kích thước vật lý không kèm kệ WxHxD":"1193.33 x 369.7 x 344.74 mm","Kích thước hộp WxHxD":"1308 x 484 x 370 mm","Trọng lượng thực":"13.3 kg","Trọng lượng thô":"20.9 kg"}',
            'Màn hình cong Asus ROG Strix XG49VQ 49 inch VA 144Hz mang đến trải nghiệm chơi game và giải trí đỉnh cao với kích thước siêu rộng 49 inch, tỷ lệ 32:9, độ phân giải Dual Full HD (5120 x 1440). Công nghệ tấm nền VA cho màu đen sâu, độ tương phản ấn tượng và góc nhìn rộng, tái tạo hình ảnh sống động và chân thực. Tốc độ làm mới 144Hz kết hợp với công nghệ FreeSync 2 HDR loại bỏ hiện tượng xé hình và giật lag, đảm bảo mọi chuyển động mượt mà, sắc nét ngay cả trong những pha hành động nhanh nhất. Hỗ trợ HDR10 và chứng nhận DisplayHDR 400, màn hình hiển thị dải màu rộng hơn với độ sáng và độ tương phản vượt trội, mang đến chi tiết nổi bật cả ở vùng sáng và vùng tối. Công nghệ độc quyền GamePlus cung cấp các công cụ hỗ trợ chơi game như Crosshair, Timer, FPS counter, giúp bạn nâng cao hiệu suất thi đấu. Aura Sync RGB cho phép tùy chỉnh hiệu ứng ánh sáng RGB ở mặt sau màn hình, đồng bộ với các thiết bị Aura Sync khác, tạo nên không gian gaming độc đáo và ấn tượng. Thiết kế công thái học với chân đế có thể điều chỉnh độ cao, nghiêng và xoay, cùng khả năng tương thích VESA, mang lại sự thoải mái tối đa cho người dùng. Cổng kết nối đa dạng bao gồm DisplayPort, HDMI và USB 3.0, đáp ứng mọi nhu cầu kết nối.',
            36, 'https://product.hstatic.net/200000722513/product/asus_xg49vq_144hz_7cf2f37ec4534fb5b37216b0d40fbc73_ef806183224844dd8e20b7c0f5b28867.jpg', '2023-06-02T14:38:45+00:00',1);
        
INSERT INTO product_image (name, product_variant_id, image_url, is_main)
VALUES
    ('Ảnh 1', 769, 'https://product.hstatic.net/200000722513/product/asus_xg49vq_144hz_7cf2f37ec4534fb5b37216b0d40fbc73_ef806183224844dd8e20b7c0f5b28867.jpg', TRUE),
    ('Ảnh 2', 769, 'https://product.hstatic.net/200000722513/product/eyecare_xg_series_aa43f4b4c7bd4ea881eb47d26d1c7734_0f0da6c1dac34686bf24a86a83fe2598.jpg', FALSE),
    ('Ảnh 3', 769, 'https://product.hstatic.net/200000722513/product/asus-rog-xg49vq-08_be1b80c6c2ab4d2eb62e2fada7166a16_317ace1cbe064c1abe7ffba59918bdeb.png', FALSE),
    ('Ảnh 4', 769, 'https://product.hstatic.net/200000722513/product/asus-rog-xg49vq-10_9c9bf8726adf4a1aa2de1eb65fd9a374_112d2dc1b73a442d9a0ca219c6a3fc42.png', FALSE),
    ('Ảnh 5', 769, 'https://product.hstatic.net/200000722513/product/asus-rog-xg49vq-11_6cd1afe3a49e4e4dafe3ba382545dafc_30f45de3114e462295216f03b6420530.png', FALSE),
    ('Ảnh 6', 769, 'https://product.hstatic.net/200000722513/product/asus-rog-xg49vq-06_89c16d15caeb4c03b4536e8a3fcdcb9a_70282c9d973240a992c7c73af128e714.png', FALSE);
---
INSERT INTO product (name, seo_name, brand_id, specifications, description, created_by, image_url) 
    VALUES (
        'Màn hình cong Samsung Odyssey G8 LS34BG850 34" OLED 2K 175Hz', 'man-hinh-cong-samsung-odyssey-g8-ls34bg850-34-oled-2k-175hz', 16,
        '{"Kích thước màn hình": "34 inches", "Kích thước hiển thị": "800.1(H) x 337.1(V) mm", "Kiểu màn hình": "Cong", "Độ cong": "1800R", "Tấm nền": "OLED", "Độ phân giải": "3440 x 1440 pixels", "Tần số quét": "Max 175Hz", "Thời gian phản hồi": "0.03ms(GTG)", "Độ sáng": "250 cd/㎡", "Độ sáng tối thiểu": "200 cd/㎡", "Tỷ lệ tương phản": "1,000,000:1 (Typ.)", "HDR": "VESA DisplayHDR True Black 400, HDR10+, HDR10+ Gaming", "Góc nhìn": "178°(H)/178°(V)", "Số lượng màu": "Max 1B", "Độ phủ màu": "DCI-P3 99%", "Tính năng chung": "Eco Light Sensor, Eye Saver Mode, Flicker Free, Quantum Dot Color, Chế độ chơi Game, Image Size, Windows Certification, FreeSync Premium, Virtual AIM Point, Core Sync, Game Bar 2.0, Gaming Hub, HDMI-CEC, Auto Source Switch+, Adaptive Picture", "Hệ điều hành": "Tizen™, Smart", "Hỗ trợ giọng nói": "Bixby US English, UK English, India English, Korean, French, German, Italian, Spanish, BR Portuguese, Far-Field Voice Interaction, Alexa Built-in", "Dịch vụ thông minh": "TV Plus, Microsoft 365, SmartThings App Support, SmartThings, Mobile to Screen - Mirroring, DLNA, Tap View, Remote Access, Sound Mirroring, ConnectShare™", "Cổng kết nối": "Mini-Display Port 1 EA, Micro HDMI 1 (v2.1), USB-C 2 EA (65W charging), Wireless LAN (WiFi5), Bluetooth (BT5.2)", "Âm thanh": "Loa, Adaptive Sound", "Điều kiện hoạt động": "Nhiệt độ 10~40 ℃, Độ ẩm 10~80% non-condensing", "Hiệu chuẩn": "Điều chỉnh theo chuẩn nhà máy, Chế độ màu sắc Dynamic/Standard/Movie, Báo cáo hiệu chuẩn nhà máy", "Thiết kế": "Mặt trước SILVER, Mặt sau SILVER, Chân đế Silver, HAS 120.0 ±5.0, Độ nghiêng -2° ~ 20°, Xoay -3° ~ 3°, Treo tường 100 x 100 mm", "Nguồn cấp": "AC100~240V ~50/60Hz, External Adaptor", "Kích thước": "Có chân đế 813.6 x 522.3 x 192.8 mm, Không có chân đế 813.6 x 363.5 x 128.1 mm, Thùng máy 948 x 185 x 456 mm", "Trọng lượng": "Có chân đế 7.5 kg, Không có chân đế 5.5 kg, Thùng máy 11.8 kg"}',
        'Màn hình Samsung Odyssey G8 LS34BG850 sở hữu kích thước màn hình 34 inch siêu rộng. Với những người dùng như dân thiết kế đồ họa hay editor chuyên nghiệp thì đây sẽ là một công cụ hỗ trợ tuyệt vời để quan sát chi tiết từng hình ảnh trên màn hình. Độ cong màn hình 1800R lý tưởng giúp bao trọn mọi góc nhìn, mang đến trải nghiệm sống động và chân thật không ngờ.\n\n- Màn hình cong Samsung Odyssey G8 LS34BG850 34\n\nVới công nghệ NEO Quantum cao cấp, mọi khung hình trên màn hình OLED đều cho khả năng xử lý và hiển thị tối ưu nhất, cung cấp cho người dùng hình ảnh chân thật, sống động và đẹp mắt nhất từ màu sắc, hình dạng đến độ tương phản. Bên cạnh đó, Samsung Odyssey G8 còn hỗ trợ công nghệ DisplayHDR True Black 400 để sắc đen trên màn hình trông chân thật và đẹp mắt hơn ở mọi tựa game.\n\nTrải nghiệm màn hình vô song\nSamsung Odyssey G8 sở hữu độ phân giải màn hình Ultra-WQHD với tỷ lệ 21:9 cho khả năng hiển thị đẹp mắt và ấn tượng. Với tỷ lệ này, bạn có thể nhìn rõ mọi chi tiết hiển thị trên màn hình, quan sát toàn bộ hành động của đối thủ. Hơn nữa, Samsung Odyssey G8 còn được trang bị tần số quét 175Hz và thời gian phản hồi 0.1ms giúp mang lại trải nghiệm chơi game vô song cho game thủ.\n\n- Màn hình cong Samsung Odyssey G8 LS34BG850 34\n\nMàn hình còn mang trong mình công nghệ đồng bộ hóa thích ứng AMD Freesync Premium để bạn chơi những tựa game cường độ cao mượt mà, ổn định và không xảy ra hiện tượng nhấp nháy khó chịu.\n\nCổng kết nối Type C tiện lợi\nSamsung Odyssey G8 được trang bị cổng kết nối USB type C mới nhất cho phép bạn truyền dữ liệu, truyền dữ liệu giữa các thiết bị và kết nối Macbook với màn hình máy tính nhanh chóng chỉ với một kết nối duy nhất. Thiết kế dây đơn này không những mang lại sự tiện lợi khi kết nối mà còn khiến không gian chơi game của bạn gọn gàng và ngăn nắp hơn.\n\n- Màn hình cong Samsung Odyssey G8 LS34BG850 34\n\nĐiểm nổi bật trên Samsung Odyssey G8 LS34BG850\nNgoài những điểm mạnh trên, Samsung Odyssey G8 còn ghi điểm với người dùng bằng những công nghệ tiên tiến khác như Game Bar, Smart TV Experience hay IoT Hub & Voice Assistance,...để bạn thoải mái cài đặt và thiết lập màn hình chơi game của mình. Bên cạnh đó, thiết kế công thái học hiện đại để bạn điều chỉnh nhanh màn hình để có được góc nhìn tốt nhất.',
        1, 'https://product.hstatic.net/200000722513/product/samsung_ls34bg850_344c43962bcd4cad9ddc008a58cbaacf_90777ccfdc5743cdae3f85a06cb99972.jpg'
    );
INSERT INTO product_category (product_id, category_id) VALUES (770, 16);
INSERT INTO product_variant (
        product_id, name, seo_name, supplier_id, price, price_sale, quantity, sku, model, barcode, 
        specifications, description, warranty, image_url, release_at, created_by)
        VALUES ( 770, 'Màn hình cong Samsung Odyssey G8 LS34BG850 34" OLED 2K 175Hz', 'man-hinh-cong-samsung-odyssey-g8-ls34bg850-34-oled-2k-175hz',
            1, 39990000, 24190000, 10, 'MAN-SAM-LS34BG850',
            'MAN-SAM-LS34BG850', 'MAN-SAM-LS34BG850',
            '{"Kích thước màn hình": "34 inches", "Kích thước hiển thị": "800.1(H) x 337.1(V) mm", "Kiểu màn hình": "Cong", "Độ cong": "1800R", "Tấm nền": "OLED", "Độ phân giải": "3440 x 1440 pixels", "Tần số quét": "Max 175Hz", "Thời gian phản hồi": "0.03ms(GTG)", "Độ sáng": "250 cd/㎡", "Độ sáng tối thiểu": "200 cd/㎡", "Tỷ lệ tương phản": "1,000,000:1 (Typ.)", "HDR": "VESA DisplayHDR True Black 400, HDR10+, HDR10+ Gaming", "Góc nhìn": "178°(H)/178°(V)", "Số lượng màu": "Max 1B", "Độ phủ màu": "DCI-P3 99%", "Tính năng chung": "Eco Light Sensor, Eye Saver Mode, Flicker Free, Quantum Dot Color, Chế độ chơi Game, Image Size, Windows Certification, FreeSync Premium, Virtual AIM Point, Core Sync, Game Bar 2.0, Gaming Hub, HDMI-CEC, Auto Source Switch+, Adaptive Picture", "Hệ điều hành": "Tizen™, Smart", "Hỗ trợ giọng nói": "Bixby US English, UK English, India English, Korean, French, German, Italian, Spanish, BR Portuguese, Far-Field Voice Interaction, Alexa Built-in", "Dịch vụ thông minh": "TV Plus, Microsoft 365, SmartThings App Support, SmartThings, Mobile to Screen - Mirroring, DLNA, Tap View, Remote Access, Sound Mirroring, ConnectShare™", "Cổng kết nối": "Mini-Display Port 1 EA, Micro HDMI 1 (v2.1), USB-C 2 EA (65W charging), Wireless LAN (WiFi5), Bluetooth (BT5.2)", "Âm thanh": "Loa, Adaptive Sound", "Điều kiện hoạt động": "Nhiệt độ 10~40 ℃, Độ ẩm 10~80% non-condensing", "Hiệu chuẩn": "Điều chỉnh theo chuẩn nhà máy, Chế độ màu sắc Dynamic/Standard/Movie, Báo cáo hiệu chuẩn nhà máy", "Thiết kế": "Mặt trước SILVER, Mặt sau SILVER, Chân đế Silver, HAS 120.0 ±5.0, Độ nghiêng -2° ~ 20°, Xoay -3° ~ 3°, Treo tường 100 x 100 mm", "Nguồn cấp": "AC100~240V ~50/60Hz, External Adaptor", "Kích thước": "Có chân đế 813.6 x 522.3 x 192.8 mm, Không có chân đế 813.6 x 363.5 x 128.1 mm, Thùng máy 948 x 185 x 456 mm", "Trọng lượng": "Có chân đế 7.5 kg, Không có chân đế 5.5 kg, Thùng máy 11.8 kg"}',
            'Màn hình Samsung Odyssey G8 LS34BG850 sở hữu kích thước màn hình 34 inch siêu rộng. Với những người dùng như dân thiết kế đồ họa hay editor chuyên nghiệp thì đây sẽ là một công cụ hỗ trợ tuyệt vời để quan sát chi tiết từng hình ảnh trên màn hình. Độ cong màn hình 1800R lý tưởng giúp bao trọn mọi góc nhìn, mang đến trải nghiệm sống động và chân thật không ngờ.\n\n- Màn hình cong Samsung Odyssey G8 LS34BG850 34\n\nVới công nghệ NEO Quantum cao cấp, mọi khung hình trên màn hình OLED đều cho khả năng xử lý và hiển thị tối ưu nhất, cung cấp cho người dùng hình ảnh chân thật, sống động và đẹp mắt nhất từ màu sắc, hình dạng đến độ tương phản. Bên cạnh đó, Samsung Odyssey G8 còn hỗ trợ công nghệ DisplayHDR True Black 400 để sắc đen trên màn hình trông chân thật và đẹp mắt hơn ở mọi tựa game.\n\nTrải nghiệm màn hình vô song\nSamsung Odyssey G8 sở hữu độ phân giải màn hình Ultra-WQHD với tỷ lệ 21:9 cho khả năng hiển thị đẹp mắt và ấn tượng. Với tỷ lệ này, bạn có thể nhìn rõ mọi chi tiết hiển thị trên màn hình, quan sát toàn bộ hành động của đối thủ. Hơn nữa, Samsung Odyssey G8 còn được trang bị tần số quét 175Hz và thời gian phản hồi 0.1ms giúp mang lại trải nghiệm chơi game vô song cho game thủ.\n\n- Màn hình cong Samsung Odyssey G8 LS34BG850 34\n\nMàn hình còn mang trong mình công nghệ đồng bộ hóa thích ứng AMD Freesync Premium để bạn chơi những tựa game cường độ cao mượt mà, ổn định và không xảy ra hiện tượng nhấp nháy khó chịu.\n\nCổng kết nối Type C tiện lợi\nSamsung Odyssey G8 được trang bị cổng kết nối USB type C mới nhất cho phép bạn truyền dữ liệu, truyền dữ liệu giữa các thiết bị và kết nối Macbook với màn hình máy tính nhanh chóng chỉ với một kết nối duy nhất. Thiết kế dây đơn này không những mang lại sự tiện lợi khi kết nối mà còn khiến không gian chơi game của bạn gọn gàng và ngăn nắp hơn.\n\n- Màn hình cong Samsung Odyssey G8 LS34BG850 34\n\nĐiểm nổi bật trên Samsung Odyssey G8 LS34BG850\nNgoài những điểm mạnh trên, Samsung Odyssey G8 còn ghi điểm với người dùng bằng những công nghệ tiên tiến khác như Game Bar, Smart TV Experience hay IoT Hub & Voice Assistance,...để bạn thoải mái cài đặt và thiết lập màn hình chơi game của mình. Bên cạnh đó, thiết kế công thái học hiện đại để bạn điều chỉnh nhanh màn hình để có được góc nhìn tốt nhất.',
            24, 'https://product.hstatic.net/200000722513/product/samsung_ls34bg850_344c43962bcd4cad9ddc008a58cbaacf_90777ccfdc5743cdae3f85a06cb99972.jpg', '2025-01-06T02:41:25+00:00',1);
        
INSERT INTO product_image (name, product_variant_id, image_url, is_main)
VALUES
    ('Ảnh 1', 770, 'https://product.hstatic.net/200000722513/product/samsung_ls34bg850_344c43962bcd4cad9ddc008a58cbaacf_90777ccfdc5743cdae3f85a06cb99972.jpg', TRUE),
    ('Ảnh 2', 770, 'https://product.hstatic.net/200000722513/product/yssey-g8-ls34bg850-34-oled-2k-175hz-1_be3ef25a9ecb49efae3ee7eabf1936ff_652e9b7366d343d8b8e91a2f7485abbd.jpg', FALSE),
    ('Ảnh 3', 770, 'https://product.hstatic.net/200000722513/product/yssey-g8-ls34bg850-34-oled-2k-175hz-2_28336f47054247bb871e79e5d2a29b1d_731367b3c66749b7bc5175dbc29c9d27.jpg', FALSE),
    ('Ảnh 4', 770, 'https://product.hstatic.net/200000722513/product/yssey-g8-ls34bg850-34-oled-2k-175hz-3_1911351448d14a2cb7807f6decd7f9db_3ab2a2d2277e48cbad7589de56f1fbea.jpg', FALSE),
    ('Ảnh 5', 770, 'https://product.hstatic.net/200000722513/product/yssey-g8-ls34bg850-34-oled-2k-175hz-4_5634231f18c94deab7c55bbe1a053455_a7d387036f4a4ff9b31262d75d25c52d.jpg', FALSE),
    ('Ảnh 6', 770, 'https://product.hstatic.net/200000722513/product/yssey-g8-ls34bg850-34-oled-2k-175hz-5_dd79f3b714ee4cc19924f9aa4fbbd4a1_f4ced34ea4ad46338dd605bcea2be714.jpg', FALSE),
    ('Ảnh 7', 770, 'https://product.hstatic.net/200000722513/product/yssey-g8-ls34bg850-34-oled-2k-175hz-6_5460ca1e06774466a21cbaa0bd3da662_b320abb36c2b49418e6acdd2024416de.jpg', FALSE);
---
INSERT INTO product (name, seo_name, brand_id, specifications, description, created_by, image_url) 
    VALUES (
        'Màn hình cong Dell Alienware AW3423DW 34" QD-OLED 2K 175Hz G-Sync Ultimate', 'man-hinh-cong-dell-alienware-aw3423dw-34-qd-oled-2k-175hz-g-sync-ultimate', 6,
        '{"Thương hiệu": "Dell", "Kích thước màn hình": "34 inch", "Độ phân giải": "3440 x 1440 (DisplayPort: 175 Hz, HDMI: 100 Hz)", "Tấm nền": "Quantum Dot OLED", "Tần số quét": "175Hz", "Thời gian phản hồi": "0.1ms gray-to-gray", "Kiểu màn hình": "Cong", "Độ sáng": "250 cd/m2 (tiêu biểu); 1000 cd/m2 (đỉnh)", "Góc nhìn": "178° (Ngang) / 178° (Dọc)", "Khả năng hiển thị màu sắc": "1.07 tỷ màu, 149% sRGB (CIE 1931), 99.3% DCI-P3", "Độ tương phản tĩnh": "1.000.000:1 (tiêu biểu)", "Cổng kết nối": "2 x HDMI (phiên bản 2.0), 1 x DP (phiên bản 1.4), 2 x USB 3.2 Gen 1 SuperSpeed downstream (tốc độ 5 Gbps) [Phía dưới phía trước, một cổng hỗ trợ sạc BC1.2 với dòng tối đa 2A], 2 x USB 3.2 Gen 1 SuperSpeed downstream (tốc độ 5 Gbps) (Phía sau), 1 x USB 3.2 Gen 1 SuperSpeed upstream (tốc độ 5 Gbps) (Phía sau), 1 x Cổng audio line-out (Phía sau), 1 x Cổng headphone-out (Phía dưới)", "Thiết kế cơ học": "Góc nghiêng: -5° đến 21°, Quay: -20° đến 20°", "Điện năng tiêu thụ": "42.3 W", "Hỗ trợ VESA": "100 x 100 mm", "Kích thước và trọng lượng": "Có chân đế (vị trí thấp nhất) - Chiều rộng: 81.525 cm - Chiều sâu: 30.571 cm - Chiều cao: 41.557 cm; Cân nặng: 10.37kg; Không có chân đế - Chiều rộng: 81.525 cm - Chiều sâu: 13.711 cm - Chiều cao: 36.415 cm - Cân nặng: 6.92 kg"}',
        'Màn hình Dell Alienware AW3423DW 34 inch 175Hz cong, sắc nét, chuyển động mượt mà\nNếu bạn đang tìm kiếm màn hình 34 inch kích thước lớn có tốc độ làm tươi cao thì đừng bỏ qua Dell Alienware AW3423DW 34 inch. Mẫu monitor cong đến từ Dell hứa hẹn sẽ mang tới cho bạn trải nghiệm hiển thị đã mắt với dải màu rộng cùng độ phân giải ấn tượng. \n\nGiải trí mãn nhãn với tấm nền QDO 3440*1440p 175Hz\nDell đã trang bị cho Alienware AW3423DW tấm nền Quantum Dot OLED thế hệ mới với độ phân giải 3440*1440 chuẩn WQHD. Điều này mang lại chất lượng hình ảnh rõ nét vượt trội khi so sánh với những độ phân giải tiêu chuẩn hiện nay. Mặt khác, sản phẩm sở hữu tần số quét 175Hz đáng kinh ngạc, yếu tố giúp bạn dẫn đầu trong mọi cuộc chơi nhờ tốc độ làm phản hồi nhanh chóng, mượt mà và ổn định. \n\nChất lượng màn hình Dell Alienware AW3423DW 34 inch 175Hz\n\nThiết kế monitor cong, vùng hiển thị lớn 34 inch\nTiếp thu phản hồi từ những game thủ chuyên nghiệp, nhà sản xuất đã nghiên cứu và cải tiến trên màn hình Dell Alienware AW3423DW 34 inch. Phần đế đỡ được tối ưu để mang lại sự gọn gàng và linh hoạt nhờ khả năng tùy chỉnh độ cao màn hình tiện lợi. Thiết kế màn hình cong cho tầm nhìn sống động với góc nghiêng -5 đến 21 độ và quay -20 đến 20 độ. Bộ phận làm mát được bố trí phía sau để duy trì nhiệt độ màn hình luôn ổn định.\n\nThiết kế màn hình Dell Alienware AW3423DW 34 inch 175Hz\n\nCông nghệ ổn định G-sync Ultimate - chống giật, xé màn hình tối ưu\nMonitor Alienware AW3423DW 34 inch ứng dụng công nghệ G-sync Ultimate tân tiến từ nhà NVIDIA. Không chỉ tái tạo hình ảnh vô cùng sống động và chân thực, sản phẩm còn hạn chế được tình trạng giật, đơ hay xé màn hình phiền toái. Tốc độ input có độ trễ thấp nên bạn không phải chờ đợi quá lâu để xử lý, đồng thời, khung hình cũng chuyển động liền mạch và trơn tru hơn. \n\nCông nghệ màn hình Dell Alienware AW3423DW 34 inch 175Hz\n\nBên cạnh đó, chiếc màn hình 100hz còn sử dụng công nghệ hiển thị VESA HDR 400, cung cấp dải màu rộng cùng gam đen có chiều sâu hơn. Kết hợp với tấm nền Quantum Dot OLED, người dùng sẽ được trải nghiệm độ tương phản thời gian thực hài hoà và chất lượng hiển thị thống nhất. Người dùng sẽ không cảm nhận thấy sự chênh lệch quá lớn về màu sắc dù ngồi ở bất kỳ vị trí nào. \n\nKết nối thuận tiện qua hệ thống cổng giao tiếp phong phú\nVới Dell Alienware AW3423DW 34 inch, bạn chỉ cần cắm và sử dụng mà không cần đầu tư thêm hub chuyển đổi rời nhờ bộ cổng kết nối vô cùng đa dạng, bao gồm:\n\n-  2 đầu HDMI 2.0\n\n-  1 cổng DP 1.4\n\n-  2 đầu USB 5Gbps siêu tốc (USB 3.2 thế hệ 1) cổng tải xuống mặt trước phía dưới\n\n-  2 cổng USB 5Gbps siêu tốc (USB 3.2 thế hệ 1) cổng tải xuống mặt sau\n\n-  1 cổng USB 5Gbps siêu tốc (USB 3.2 thế hệ 1) cổng tải lên mặt sau\n\n-  1 cổng âm thanh mặt sau\n\n-  1 cổng tai nghe mặt dưới.',
        1, 'https://product.hstatic.net/200000722513/product/dell_aw3423dw_gearvn_2757353cac2a47df8a6cd7dbd40444ee_60eec40dda19472c98e154114d2f4241.jpg'
    );
INSERT INTO product_category (product_id, category_id) VALUES (771, 16);
INSERT INTO product_variant (
        product_id, name, seo_name, supplier_id, price, price_sale, quantity, sku, model, barcode, 
        specifications, description, warranty, image_url, release_at, created_by)
        VALUES ( 771, 'Màn hình cong Dell Alienware AW3423DW 34" QD-OLED 2K 175Hz G-Sync Ultimate', 'man-hinh-cong-dell-alienware-aw3423dw-34-qd-oled-2k-175hz-g-sync-ultimate',
            1, 36490000, 25790000, 10, 'MAN-DEL-AW3423DW',
            'MAN-DEL-AW3423DW', 'MAN-DEL-AW3423DW',
            '{"Thương hiệu": "Dell", "Kích thước màn hình": "34 inch", "Độ phân giải": "3440 x 1440 (DisplayPort: 175 Hz, HDMI: 100 Hz)", "Tấm nền": "Quantum Dot OLED", "Tần số quét": "175Hz", "Thời gian phản hồi": "0.1ms gray-to-gray", "Kiểu màn hình": "Cong", "Độ sáng": "250 cd/m2 (tiêu biểu); 1000 cd/m2 (đỉnh)", "Góc nhìn": "178° (Ngang) / 178° (Dọc)", "Khả năng hiển thị màu sắc": "1.07 tỷ màu, 149% sRGB (CIE 1931), 99.3% DCI-P3", "Độ tương phản tĩnh": "1.000.000:1 (tiêu biểu)", "Cổng kết nối": "2 x HDMI (phiên bản 2.0), 1 x DP (phiên bản 1.4), 2 x USB 3.2 Gen 1 SuperSpeed downstream (tốc độ 5 Gbps) [Phía dưới phía trước, một cổng hỗ trợ sạc BC1.2 với dòng tối đa 2A], 2 x USB 3.2 Gen 1 SuperSpeed downstream (tốc độ 5 Gbps) (Phía sau), 1 x USB 3.2 Gen 1 SuperSpeed upstream (tốc độ 5 Gbps) (Phía sau), 1 x Cổng audio line-out (Phía sau), 1 x Cổng headphone-out (Phía dưới)", "Thiết kế cơ học": "Góc nghiêng: -5° đến 21°, Quay: -20° đến 20°", "Điện năng tiêu thụ": "42.3 W", "Hỗ trợ VESA": "100 x 100 mm", "Kích thước và trọng lượng": "Có chân đế (vị trí thấp nhất) - Chiều rộng: 81.525 cm - Chiều sâu: 30.571 cm - Chiều cao: 41.557 cm; Cân nặng: 10.37kg; Không có chân đế - Chiều rộng: 81.525 cm - Chiều sâu: 13.711 cm - Chiều cao: 36.415 cm - Cân nặng: 6.92 kg"}',
            'Màn hình Dell Alienware AW3423DW 34 inch 175Hz cong, sắc nét, chuyển động mượt mà\nNếu bạn đang tìm kiếm màn hình 34 inch kích thước lớn có tốc độ làm tươi cao thì đừng bỏ qua Dell Alienware AW3423DW 34 inch. Mẫu monitor cong đến từ Dell hứa hẹn sẽ mang tới cho bạn trải nghiệm hiển thị đã mắt với dải màu rộng cùng độ phân giải ấn tượng. \n\nGiải trí mãn nhãn với tấm nền QDO 3440*1440p 175Hz\nDell đã trang bị cho Alienware AW3423DW tấm nền Quantum Dot OLED thế hệ mới với độ phân giải 3440*1440 chuẩn WQHD. Điều này mang lại chất lượng hình ảnh rõ nét vượt trội khi so sánh với những độ phân giải tiêu chuẩn hiện nay. Mặt khác, sản phẩm sở hữu tần số quét 175Hz đáng kinh ngạc, yếu tố giúp bạn dẫn đầu trong mọi cuộc chơi nhờ tốc độ làm phản hồi nhanh chóng, mượt mà và ổn định. \n\nChất lượng màn hình Dell Alienware AW3423DW 34 inch 175Hz\n\nThiết kế monitor cong, vùng hiển thị lớn 34 inch\nTiếp thu phản hồi từ những game thủ chuyên nghiệp, nhà sản xuất đã nghiên cứu và cải tiến trên màn hình Dell Alienware AW3423DW 34 inch. Phần đế đỡ được tối ưu để mang lại sự gọn gàng và linh hoạt nhờ khả năng tùy chỉnh độ cao màn hình tiện lợi. Thiết kế màn hình cong cho tầm nhìn sống động với góc nghiêng -5 đến 21 độ và quay -20 đến 20 độ. Bộ phận làm mát được bố trí phía sau để duy trì nhiệt độ màn hình luôn ổn định.\n\nThiết kế màn hình Dell Alienware AW3423DW 34 inch 175Hz\n\nCông nghệ ổn định G-sync Ultimate - chống giật, xé màn hình tối ưu\nMonitor Alienware AW3423DW 34 inch ứng dụng công nghệ G-sync Ultimate tân tiến từ nhà NVIDIA. Không chỉ tái tạo hình ảnh vô cùng sống động và chân thực, sản phẩm còn hạn chế được tình trạng giật, đơ hay xé màn hình phiền toái. Tốc độ input có độ trễ thấp nên bạn không phải chờ đợi quá lâu để xử lý, đồng thời, khung hình cũng chuyển động liền mạch và trơn tru hơn. \n\nCông nghệ màn hình Dell Alienware AW3423DW 34 inch 175Hz\n\nBên cạnh đó, chiếc màn hình 100hz còn sử dụng công nghệ hiển thị VESA HDR 400, cung cấp dải màu rộng cùng gam đen có chiều sâu hơn. Kết hợp với tấm nền Quantum Dot OLED, người dùng sẽ được trải nghiệm độ tương phản thời gian thực hài hoà và chất lượng hiển thị thống nhất. Người dùng sẽ không cảm nhận thấy sự chênh lệch quá lớn về màu sắc dù ngồi ở bất kỳ vị trí nào. \n\nKết nối thuận tiện qua hệ thống cổng giao tiếp phong phú\nVới Dell Alienware AW3423DW 34 inch, bạn chỉ cần cắm và sử dụng mà không cần đầu tư thêm hub chuyển đổi rời nhờ bộ cổng kết nối vô cùng đa dạng, bao gồm:\n\n-  2 đầu HDMI 2.0\n\n-  1 cổng DP 1.4\n\n-  2 đầu USB 5Gbps siêu tốc (USB 3.2 thế hệ 1) cổng tải xuống mặt trước phía dưới\n\n-  2 cổng USB 5Gbps siêu tốc (USB 3.2 thế hệ 1) cổng tải xuống mặt sau\n\n-  1 cổng USB 5Gbps siêu tốc (USB 3.2 thế hệ 1) cổng tải lên mặt sau\n\n-  1 cổng âm thanh mặt sau\n\n-  1 cổng tai nghe mặt dưới.',
            36, 'https://product.hstatic.net/200000722513/product/dell_aw3423dw_gearvn_2757353cac2a47df8a6cd7dbd40444ee_60eec40dda19472c98e154114d2f4241.jpg', '2023-09-25T04:04:15+00:00',1);
        
INSERT INTO product_image (name, product_variant_id, image_url, is_main)
VALUES
    ('Ảnh 1', 771, 'https://product.hstatic.net/200000722513/product/dell_aw3423dw_gearvn_2757353cac2a47df8a6cd7dbd40444ee_60eec40dda19472c98e154114d2f4241.jpg', TRUE),
    ('Ảnh 2', 771, 'https://product.hstatic.net/200000722513/product/monitor-alienware-aw3423dw-gallery-1_3d53f1be26ba440782cc64e43bf0ee54_d723d8c76b5b4b1b91564f930b771713.jpg', FALSE),
    ('Ảnh 3', 771, 'https://product.hstatic.net/200000722513/product/monitor-alienware-aw3423dw-gallery-3_a1a0fac63a5141e8a972810306b97347_88082bf1626441d08a4a21e4f14b3f3e.jpg', FALSE),
    ('Ảnh 4', 771, 'https://product.hstatic.net/200000722513/product/monitor-alienware-aw3423dw-gallery-5_35b2ae8b7cb941b8b80f8f36ef6e39aa_2d92190b09114d49b44f3a41acc437ea.jpg', FALSE),
    ('Ảnh 5', 771, 'https://product.hstatic.net/200000722513/product/monitor-alienware-aw3423dw-gallery-7_6383270bafe34cc6930ddf7f9a18d03e_3c434aa7c9a349adbadaa6af8dda6346.jpg', FALSE),
    ('Ảnh 6', 771, 'https://product.hstatic.net/200000722513/product/monitor-alienware-aw3423dw-gallery-8_1e93d20d11424ce695c32519b4f69e9c_49cc84fcd9c14938ae91740f4c7609c6.jpg', FALSE),
    ('Ảnh 7', 771, 'https://product.hstatic.net/200000722513/product/monitor-alienware-aw3423dw-gallery-10_7c67f9fe297d4d7e9067831cfc569f37_56a1c1a1b5bd4cf484c9964338c9d92f.jpg', FALSE),
    ('Ảnh 8', 771, 'https://product.hstatic.net/200000722513/product/monitor-alienware-aw3423dw-gallery-11_a11e0e149d594525aa702c15cc3517a2_ece595d34b984e5198c4e83fda0f0b97.jpg', FALSE);
---
