INSERT INTO product (name, seo_name, brand_id, specifications, description, created_by, image_url) 
    VALUES (
        'Ổ Cứng HDD Enterprise  Western Digital Ultrastar DC HC550 16TB (WUH721816ALE6L4)', 'o-cung-hdd-western-digital-ultrastar-dc-hc550-16tb', 32,
        '"{\"Nhà sản xuất\": \"Western Digital\", \"Bảo hành\": \"60 tháng\", \"Chuẩn giao tiếp\": \"Sata III\", \"Kích thước\": \"3.5 inch\", \"Giao diện\": \"SATA 6 Gb/s\", \"Dung lượng\": \"16 TB\", \"Cache\": \"512M\", \"RPM\": \"7200\", \"MTBF (M hours)\": \"2,500,000\", \"Chu kỳ tải/dỡ tải\": \"600,000\"}"',
        'Sở hữu thông số kỹ thuật này ổ cứng Ultrastar DC HC550 16TB&nbsp;mang lại sự yên tâm cho người dùng về độ bền và khả năng hoạt động liên tục của sản phẩm trong thời gian dài mà không lo về sự cố, với điểm mạnh&nbsp;này giúp cho chiếc ổ cứng này&nbsp;trở thành thiết bị góp phần&nbsp;gia tăng tuổi thọ máy tính của bạn&nbsp;khi lựa chọnBuild PCcho riêng bạn.',
        1, 'https://product.hstatic.net/200000722513/product/gearvn-o-cung-hdd-enterprise-western-digital-ultrastar-dc-hc550-16tb-1_d73efc0f26774a7c859548d04b300209.png'
    );
INSERT INTO product_category (product_id, category_id) VALUES (151, 35);
INSERT INTO product_variant (
        product_id, name, seo_name, supplier_id, price, price_sale, quantity, sku, model, 
        specifications, description, warranty, image_url, release_at, created_by)
        VALUES ( 151, 'Ổ Cứng HDD Enterprise  Western Digital Ultrastar DC HC550 16TB (WUH721816ALE6L4)', 'o-cung-hdd-western-digital-ultrastar-dc-hc550-16tb',
            1, 0, 9790000, 10, 'HDD-WD-ULT-DC-HC550-16TB',
            'HDD-WD-ULT-DC-HC550-16TB',
            '{"Nhà sản xuất": "Western Digital", "Bảo hành": "60 tháng", "Chuẩn giao tiếp": "Sata III", "Kích thước": "3.5 inch", "Giao diện": "SATA 6 Gb/s", "Dung lượng": "16 TB", "Cache": "512M", "RPM": "7200", "MTBF (M hours)": "2,500,000", "Chu kỳ tải/dỡ tải": "600,000"}',
            'Sở hữu thông số kỹ thuật này ổ cứng Ultrastar DC HC550 16TB&nbsp;mang lại sự yên tâm cho người dùng về độ bền và khả năng hoạt động liên tục của sản phẩm trong thời gian dài mà không lo về sự cố, với điểm mạnh&nbsp;này giúp cho chiếc ổ cứng này&nbsp;trở thành thiết bị góp phần&nbsp;gia tăng tuổi thọ máy tính của bạn&nbsp;khi lựa chọnBuild PCcho riêng bạn.',
            12, 'https://product.hstatic.net/200000722513/product/gearvn-o-cung-hdd-enterprise-western-digital-ultrastar-dc-hc550-16tb-1_d73efc0f26774a7c859548d04b300209.png', '2023-12-04T04:30:08+00:00',1);
        
INSERT INTO product_image (name, product_variant_id, image_url, is_main)
VALUES
    ('Ảnh 1', 151, 'https://product.hstatic.net/200000722513/product/gearvn-o-cung-hdd-enterprise-western-digital-ultrastar-dc-hc550-16tb-1_d73efc0f26774a7c859548d04b300209.png', TRUE),
    ('Ảnh 2', 151, 'https://product.hstatic.net/200000722513/product/gearvn-o-cung-hdd-enterprise-western-digital-ultrastar-dc-hc550-16tb-2_1ff6964773e74fb18a0c43e34032c3f2.png', FALSE),
    ('Ảnh 3', 151, 'https://product.hstatic.net/200000722513/product/gearvn-o-cung-hdd-enterprise-western-digital-ultrastar-dc-hc550-16tb-3_c60bc6a71f6e4ba793213d384e02cc67.png', FALSE);
---
INSERT INTO product (name, seo_name, brand_id, specifications, description, created_by, image_url) 
    VALUES (
        'Ổ Cứng HDD Enterprise Western Digital Ultrastar DC HC320 8TB (HUS728T8TALE6L4)', 'o-cung-hdd-enterprise-western-digital-ultrastar-dc-hc320-8tb-hus728t8tale6l4', 32,
        '"{\"Nhà sản xuất\": \"Western Digital\", \"Bảo hành\": \"60 tháng\", \"Chuẩn giao tiếp\": \"Sata III\", \"Kích thước\": \"3.5 inch\", \"Giao diện\": \"SATA 6 Gb/s\", \"Dung lượng\": \"8 TB\", \"Cache\": \"256M\", \"RPM\": \"7200\", \"MTBF (M hours)\": \"2,000,000\", \"Chu kỳ tải/dỡ tải\": \"600,000\"}"',
        '',
        1, 'https://product.hstatic.net/200000722513/product/hus728t8tale6l4_53bf79f46d374e11810bdf605dfc3a77.png'
    );
INSERT INTO product_category (product_id, category_id) VALUES (152, 35);
INSERT INTO product_variant (
        product_id, name, seo_name, supplier_id, price, price_sale, quantity, sku, model, 
        specifications, description, warranty, image_url, release_at, created_by)
        VALUES ( 152, 'Ổ Cứng HDD Enterprise Western Digital Ultrastar DC HC320 8TB (HUS728T8TALE6L4)', 'o-cung-hdd-enterprise-western-digital-ultrastar-dc-hc320-8tb-hus728t8tale6l4',
            1, 7990000, 6490000, 10, 'HDD-WD-ULT-DC-HC320-8TB',
            'HDD-WD-ULT-DC-HC320-8TB',
            '{"Nhà sản xuất": "Western Digital", "Bảo hành": "60 tháng", "Chuẩn giao tiếp": "Sata III", "Kích thước": "3.5 inch", "Giao diện": "SATA 6 Gb/s", "Dung lượng": "8 TB", "Cache": "256M", "RPM": "7200", "MTBF (M hours)": "2,000,000", "Chu kỳ tải/dỡ tải": "600,000"}',
            '',
            12, 'https://product.hstatic.net/200000722513/product/hus728t8tale6l4_53bf79f46d374e11810bdf605dfc3a77.png', '2023-12-28T07:47:54+00:00',1);
        
INSERT INTO product_image (name, product_variant_id, image_url, is_main)
VALUES
    ('Ảnh 1', 152, 'https://product.hstatic.net/200000722513/product/hus728t8tale6l4_53bf79f46d374e11810bdf605dfc3a77.png', TRUE);
---
INSERT INTO product (name, seo_name, brand_id, specifications, description, created_by, image_url) 
    VALUES (
        'Ổ Cứng HDD Enterprise Western Digital Ultrastar DC HC330 10TB (WUS721010ALE6L4)', 'o-cung-hdd-enterprise-western-digital-ultrastar-dc-hc330-10tb-wus721010ale6l4', 32,
        '"{\"Nhà sản xuất\": \"Western Digital\", \"Bảo hành\": \"60 tháng\", \"Chuẩn giao tiếp\": \"Sata III\", \"Kích thước\": \"3.5 inch\", \"Giao diện\": \"SATA 6 Gb/s\", \"Dung lượng\": \"10 TB\", \"Cache\": \"256M\", \"RPM\": \"7200\", \"MTBF (M hours)\": \"2,000,000\", \"Chu kỳ tải/dỡ tải\": \"600,000\"}"',
        'Cho một máy chủ yêu cầu không gian lưu trữ rộng lớn&nbsp;việc lựa chọn ổ cứng SSD thường sẽ có mức giá khá cao và không gian lưu trữ khá hạn hẹp nên với nhu cầuBuild PCvới dung lượng lớn thìỔ Cứng HDDEnterprise Western Digital Ultrastar DC HC330 10TB có thể đảm bảo cho bạn không gian lưu trữ với chi phí tiết kiệm hơn rất nhiều.',
        1, 'https://product.hstatic.net/200000722513/product/gearvno-cung-hdd-enterprise-western-digital-ultrastar-dc-hc330-10tb-3_56a66409134949fb92380a3f04aee735.png'
    );
INSERT INTO product_category (product_id, category_id) VALUES (153, 35);
INSERT INTO product_variant (
        product_id, name, seo_name, supplier_id, price, price_sale, quantity, sku, model, 
        specifications, description, warranty, image_url, release_at, created_by)
        VALUES ( 153, 'Ổ Cứng HDD Enterprise Western Digital Ultrastar DC HC330 10TB (WUS721010ALE6L4)', 'o-cung-hdd-enterprise-western-digital-ultrastar-dc-hc330-10tb-wus721010ale6l4',
            1, 7990000, 7590000, 10, 'HDD-WD-ULT-DC-HC330-10TB',
            'HDD-WD-ULT-DC-HC330-10TB',
            '{"Nhà sản xuất": "Western Digital", "Bảo hành": "60 tháng", "Chuẩn giao tiếp": "Sata III", "Kích thước": "3.5 inch", "Giao diện": "SATA 6 Gb/s", "Dung lượng": "10 TB", "Cache": "256M", "RPM": "7200", "MTBF (M hours)": "2,000,000", "Chu kỳ tải/dỡ tải": "600,000"}',
            'Cho một máy chủ yêu cầu không gian lưu trữ rộng lớn&nbsp;việc lựa chọn ổ cứng SSD thường sẽ có mức giá khá cao và không gian lưu trữ khá hạn hẹp nên với nhu cầuBuild PCvới dung lượng lớn thìỔ Cứng HDDEnterprise Western Digital Ultrastar DC HC330 10TB có thể đảm bảo cho bạn không gian lưu trữ với chi phí tiết kiệm hơn rất nhiều.',
            12, 'https://product.hstatic.net/200000722513/product/gearvno-cung-hdd-enterprise-western-digital-ultrastar-dc-hc330-10tb-3_56a66409134949fb92380a3f04aee735.png', '2024-01-12T08:31:21+00:00',1);
        
INSERT INTO product_image (name, product_variant_id, image_url, is_main)
VALUES
    ('Ảnh 1', 153, 'https://product.hstatic.net/200000722513/product/gearvno-cung-hdd-enterprise-western-digital-ultrastar-dc-hc330-10tb-3_56a66409134949fb92380a3f04aee735.png', TRUE),
    ('Ảnh 2', 153, 'https://product.hstatic.net/200000722513/product/gearvno-cung-hdd-enterprise-western-digital-ultrastar-dc-hc330-10tb-2_4a904ec6fd7d4c9daf48c748b48c4889.png', FALSE),
    ('Ảnh 3', 153, 'https://product.hstatic.net/200000722513/product/gearvno-cung-hdd-enterprise-western-digital-ultrastar-dc-hc330-10tb-1_747cd206534340a2aea11ff655d2a4c8.png', FALSE);
---
INSERT INTO product (name, seo_name, brand_id, specifications, description, created_by, image_url) 
    VALUES (
        'Ổ Cứng HDD Enterprise Western Digital Ultrastar DC HC520 12TB (HUH721212ALE604)', 'o-cung-hdd-enterprise-western-digital-ultrastar-dc-hc520-12tb-huh721212ale604', 32,
        '"{\"Nhà sản xuất\": \"Western Digital\", \"Bảo hành\": \"60 tháng\", \"Chuẩn giao tiếp\": \"Sata III\", \"Kích thước\": \"3.5 inch\", \"Giao diện\": \"SATA 6 Gb/s\", \"Dung lượng\": \"12 TB\", \"Cache\": \"256M\", \"RPM\": \"7200\", \"MTBF (M hours)\": \"2,000,000\", \"Chu kỳ tải/dỡ tải\": \"600,000\"}"',
        'Đánh giá chi triết về sản phẩm ổ&nbsp;cứng HDD Enterprise Western Digital Ultrastar DC HC520 12TB',
        1, 'https://product.hstatic.net/200000722513/product/gearvn-o-cung-hdd-enterprise-western-digital-ultrastar-dc-hc520-12tb-1_cc3b0f4f00dc43029ffc3b1c4d578541.png'
    );
INSERT INTO product_category (product_id, category_id) VALUES (154, 35);
INSERT INTO product_variant (
        product_id, name, seo_name, supplier_id, price, price_sale, quantity, sku, model, 
        specifications, description, warranty, image_url, release_at, created_by)
        VALUES ( 154, 'Ổ Cứng HDD Enterprise Western Digital Ultrastar DC HC520 12TB (HUH721212ALE604)', 'o-cung-hdd-enterprise-western-digital-ultrastar-dc-hc520-12tb-huh721212ale604',
            1, 9990000, 9490000, 10, 'HDD-WD-ULT-DC-HC520-12TB',
            'HDD-WD-ULT-DC-HC520-12TB',
            '{"Nhà sản xuất": "Western Digital", "Bảo hành": "60 tháng", "Chuẩn giao tiếp": "Sata III", "Kích thước": "3.5 inch", "Giao diện": "SATA 6 Gb/s", "Dung lượng": "12 TB", "Cache": "256M", "RPM": "7200", "MTBF (M hours)": "2,000,000", "Chu kỳ tải/dỡ tải": "600,000"}',
            'Đánh giá chi triết về sản phẩm ổ&nbsp;cứng HDD Enterprise Western Digital Ultrastar DC HC520 12TB',
            12, 'https://product.hstatic.net/200000722513/product/gearvn-o-cung-hdd-enterprise-western-digital-ultrastar-dc-hc520-12tb-1_cc3b0f4f00dc43029ffc3b1c4d578541.png', '2023-12-04T04:26:55+00:00',1);
        
INSERT INTO product_image (name, product_variant_id, image_url, is_main)
VALUES
    ('Ảnh 1', 154, 'https://product.hstatic.net/200000722513/product/gearvn-o-cung-hdd-enterprise-western-digital-ultrastar-dc-hc520-12tb-1_cc3b0f4f00dc43029ffc3b1c4d578541.png', TRUE),
    ('Ảnh 2', 154, 'https://product.hstatic.net/200000722513/product/gearvn-o-cung-hdd-enterprise-western-digital-ultrastar-dc-hc520-12tb-2_5d4f4d282b0746538f6d4996a133414e.png', FALSE),
    ('Ảnh 3', 154, 'https://product.hstatic.net/200000722513/product/gearvn-o-cung-hdd-enterprise-western-digital-ultrastar-dc-hc520-12tb-3_902e151572be43f988ef98ea6f81dcf8.png', FALSE),
    ('Ảnh 4', 154, 'https://product.hstatic.net/200000722513/product/gearvn-o-cung-hdd-enterprise-western-digital-ultrastar-dc-hc520-12tb-4_8d948a31d9b84ee2a327f0804da08b3d.png', FALSE);
---
INSERT INTO product (name, seo_name, brand_id, specifications, description, created_by, image_url) 
    VALUES (
        'Ổ Cứng HDD Enterprise Western Digital Ultrastar DC HC550 18TB (WUH721818ALE6L4)', 'o-cung-hdd-enterprise-western-digital-ultrastar-dc-hc550-18tb-wuh721818ale6l4', 32,
        '"{\"Nhà sản xuất\": \"Western Digital\", \"Bảo hành\": \"60 tháng\", \"Chuẩn giao tiếp\": \"Sata III\", \"Kích thước\": \"3.5 inch\", \"Giao diện\": \"SATA 6 Gb/s\", \"Dung lượng\": \"18 TB\", \"Cache\": \"512M\", \"RPM\": \"7200\", \"MTBF (M hours)\": \"2,500,000\", \"Chu kỳ tải/dỡ tải\": \"600,000\"}"',
        '',
        1, 'https://product.hstatic.net/200000722513/product/o-cung-hdd-18tb-western-digital_17bc422fad9b4f8fb51ec439e3f63a4a.png'
    );
INSERT INTO product_category (product_id, category_id) VALUES (155, 35);
INSERT INTO product_variant (
        product_id, name, seo_name, supplier_id, price, price_sale, quantity, sku, model, 
        specifications, description, warranty, image_url, release_at, created_by)
        VALUES ( 155, 'Ổ Cứng HDD Enterprise Western Digital Ultrastar DC HC550 18TB (WUH721818ALE6L4)', 'o-cung-hdd-enterprise-western-digital-ultrastar-dc-hc550-18tb-wuh721818ale6l4',
            1, 12990000, 12490000, 10, 'HDD-WD-ULT-DC-HC550-18TB',
            'HDD-WD-ULT-DC-HC550-18TB',
            '{"Nhà sản xuất": "Western Digital", "Bảo hành": "60 tháng", "Chuẩn giao tiếp": "Sata III", "Kích thước": "3.5 inch", "Giao diện": "SATA 6 Gb/s", "Dung lượng": "18 TB", "Cache": "512M", "RPM": "7200", "MTBF (M hours)": "2,500,000", "Chu kỳ tải/dỡ tải": "600,000"}',
            '',
            12, 'https://product.hstatic.net/200000722513/product/o-cung-hdd-18tb-western-digital_17bc422fad9b4f8fb51ec439e3f63a4a.png', '2024-05-15T03:16:05+00:00',1);
        
INSERT INTO product_image (name, product_variant_id, image_url, is_main)
VALUES
    ('Ảnh 1', 155, 'https://product.hstatic.net/200000722513/product/o-cung-hdd-18tb-western-digital_17bc422fad9b4f8fb51ec439e3f63a4a.png', TRUE);
---
INSERT INTO product (name, seo_name, brand_id, specifications, description, created_by, image_url) 
    VALUES (
        'Ổ Cứng HDD Seagate Barracuda 1TB', 'hdd-seagate-barracuda-1tb-7200rpm', 33,
        '"{\"Thương hiệu:\": \"Seagate\", \"Bảo hành:\": \"24 tháng\", \"Series/Model:\": \"HDD Seagate Barracuda 1TB 7200rpm\", \"Màu sắc:\": \"Bạc\", \"Loại ổ cứng:\": \"HDD\", \"Kết nối:\": \"SATA 3\", \"Dung lượng:\": \"1 TB\", \"Kích thước chuẩn:\": \"101.6 x 25.4&nbsp;x 146&nbsp;(mm)\", \"Form factor:\": \"3.5\\\"\", \"Tốc độ đọc:\": \"~ 210MB/s\", \"Tốc độ ghi:\": \"~ 210MB/s\", \"Trọng lượng:\": \"250 g\", \"Tính năng:\": \"Không\"}"',
        'HDD Seagate Barracuda 1TB 7200rpm',
        1, 'https://product.hstatic.net/200000722513/product/hdd_seagate_gearvn_f39c761c7dd145eb9864f9e131c2ebdf.jpg'
    );
INSERT INTO product_category (product_id, category_id) VALUES (156, 35);
INSERT INTO product_variant (
        product_id, name, seo_name, supplier_id, price, price_sale, quantity, sku, model, 
        specifications, description, warranty, image_url, release_at, created_by)
        VALUES ( 156, 'Ổ Cứng HDD Seagate Barracuda 1TB', 'hdd-seagate-barracuda-1tb-7200rpm',
            1, 1490000, 1390000, 10, 'HDD-SEAG-BARA-1TB',
            'HDD-SEAG-BARA-1TB',
            '{"Thương hiệu:": "Seagate", "Bảo hành:": "24 tháng", "Series/Model:": "HDD Seagate Barracuda 1TB 7200rpm", "Màu sắc:": "Bạc", "Loại ổ cứng:": "HDD", "Kết nối:": "SATA 3", "Dung lượng:": "1 TB", "Kích thước chuẩn:": "101.6 x 25.4&nbsp;x 146&nbsp;(mm)", "Form factor:": "3.5\"", "Tốc độ đọc:": "~ 210MB/s", "Tốc độ ghi:": "~ 210MB/s", "Trọng lượng:": "250 g", "Tính năng:": "Không"}',
            'HDD Seagate Barracuda 1TB 7200rpm',
            12, 'https://product.hstatic.net/200000722513/product/hdd_seagate_gearvn_f39c761c7dd145eb9864f9e131c2ebdf.jpg', '2023-06-03T06:02:49+00:00',1);
        
INSERT INTO product_image (name, product_variant_id, image_url, is_main)
VALUES
    ('Ảnh 1', 156, 'https://product.hstatic.net/200000722513/product/hdd_seagate_gearvn_f39c761c7dd145eb9864f9e131c2ebdf.jpg', TRUE);
---
INSERT INTO product (name, seo_name, brand_id, specifications, description, created_by, image_url) 
    VALUES (
        'Ổ Cứng HDD Seagate Barracuda 2TB', 'hdd-seagate-barracuda-2tb-7200rpm', 33,
        '"{\"Thương hiệu:\": \"Seagate\", \"Bảo hành:\": \"24 tháng\", \"Series/Model:\": \"HDD Seagate Barracuda 2TB 7200rpm\", \"Màu sắc:\": \"Bạc\", \"Loại ổ cứng:\": \"HDD\", \"Kết nối:\": \"SATA 3\", \"Dung lượng:\": \"2 TB\", \"Kích thước chuẩn:\": \"101.6 x 25.4&nbsp;x 146&nbsp;(mm)\", \"Form factor:\": \"3.5\\\"\", \"Tốc độ đọc:\": \"~ 210MB/s\", \"Tốc độ ghi:\": \"~ 210MB/s\", \"Trọng lượng:\": \"250 g\", \"Tính năng:\": \"Không\"}"',
        'HDD Seagate Barracuda 2TB 7200rpm',
        1, 'https://product.hstatic.net/200000722513/product/hdd_seagate_baracuda_2tb_gearvn00_28582504c8d24597908c3a73effefa7a_e147c85ec46148acbdc7c7f8a729b68c.jpg'
    );
INSERT INTO product_category (product_id, category_id) VALUES (157, 35);
INSERT INTO product_variant (
        product_id, name, seo_name, supplier_id, price, price_sale, quantity, sku, model, 
        specifications, description, warranty, image_url, release_at, created_by)
        VALUES ( 157, 'Ổ Cứng HDD Seagate Barracuda 2TB', 'hdd-seagate-barracuda-2tb-7200rpm',
            1, 1690000, 1550000, 10, 'HDD-SEAG-BARA-2TB',
            'HDD-SEAG-BARA-2TB',
            '{"Thương hiệu:": "Seagate", "Bảo hành:": "24 tháng", "Series/Model:": "HDD Seagate Barracuda 2TB 7200rpm", "Màu sắc:": "Bạc", "Loại ổ cứng:": "HDD", "Kết nối:": "SATA 3", "Dung lượng:": "2 TB", "Kích thước chuẩn:": "101.6 x 25.4&nbsp;x 146&nbsp;(mm)", "Form factor:": "3.5\"", "Tốc độ đọc:": "~ 210MB/s", "Tốc độ ghi:": "~ 210MB/s", "Trọng lượng:": "250 g", "Tính năng:": "Không"}',
            'HDD Seagate Barracuda 2TB 7200rpm',
            12, 'https://product.hstatic.net/200000722513/product/hdd_seagate_baracuda_2tb_gearvn00_28582504c8d24597908c3a73effefa7a_e147c85ec46148acbdc7c7f8a729b68c.jpg', '2023-06-02T11:03:19+00:00',1);
        
INSERT INTO product_image (name, product_variant_id, image_url, is_main)
VALUES
    ('Ảnh 1', 157, 'https://product.hstatic.net/200000722513/product/hdd_seagate_baracuda_2tb_gearvn00_28582504c8d24597908c3a73effefa7a_e147c85ec46148acbdc7c7f8a729b68c.jpg', TRUE),
    ('Ảnh 2', 157, 'https://product.hstatic.net/200000722513/product/hdd_seagate_baracuda_2tb_gearvn01_6aa320bb6c2d4c109061a4c901227ff6_d4ee92d57fb847d3b7681f385749dd52.jpg', FALSE),
    ('Ảnh 3', 157, 'https://product.hstatic.net/200000722513/product/hdd_seagate_baracuda_2tb_gearvn_5e41cbde50614750a7234158e17d77c0_c898f3a4db914e20b52e1e3d93c7bd9a.jpg', FALSE);
---
INSERT INTO product (name, seo_name, brand_id, specifications, description, created_by, image_url) 
    VALUES (
        'Ổ Cứng HDD Seagate Barracuda 4TB', 'hdd-seagate-barracuda-4tb-5400rpm', 33,
        '"{\"Sản phẩm\": \"Ổ cứng\", \"Hãng sản xuất\": \"Seagate\", \"Model (P/N)\": \"ST4000DM004\", \"Loại ổ\": \"HDD\", \"Dung lượng\": \"4TB\", \"Tốc độ quay\": \"5400rpm\", \"Bộ nhớ Cache\": \"64Mb\", \"Chuẩn giao tiếp\": \"SATA3\", \"Kích thước\": \"3.5Inch\"}"',
        '',
        1, 'https://product.hstatic.net/200000722513/product/hdd_seagate_baracuda_4tb_gearvn00_efd02c4f0c3844d1a9fa38f83c59e11c_e2bd8b7b318d4cfabf8a7421e3a4262a.jpg'
    );
INSERT INTO product_category (product_id, category_id) VALUES (158, 35);
INSERT INTO product_variant (
        product_id, name, seo_name, supplier_id, price, price_sale, quantity, sku, model, 
        specifications, description, warranty, image_url, release_at, created_by)
        VALUES ( 158, 'Ổ Cứng HDD Seagate Barracuda 4TB', 'hdd-seagate-barracuda-4tb-5400rpm',
            1, 3990000, 2990000, 10, 'HDD-SEAG-BARA-4TB',
            'HDD-SEAG-BARA-4TB',
            '{"Sản phẩm": "Ổ cứng", "Hãng sản xuất": "Seagate", "Model (P/N)": "ST4000DM004", "Loại ổ": "HDD", "Dung lượng": "4TB", "Tốc độ quay": "5400rpm", "Bộ nhớ Cache": "64Mb", "Chuẩn giao tiếp": "SATA3", "Kích thước": "3.5Inch"}',
            '',
            12, 'https://product.hstatic.net/200000722513/product/hdd_seagate_baracuda_4tb_gearvn00_efd02c4f0c3844d1a9fa38f83c59e11c_e2bd8b7b318d4cfabf8a7421e3a4262a.jpg', '2023-06-02T11:03:24+00:00',1);
        
INSERT INTO product_image (name, product_variant_id, image_url, is_main)
VALUES
    ('Ảnh 1', 158, 'https://product.hstatic.net/200000722513/product/hdd_seagate_baracuda_4tb_gearvn00_efd02c4f0c3844d1a9fa38f83c59e11c_e2bd8b7b318d4cfabf8a7421e3a4262a.jpg', TRUE),
    ('Ảnh 2', 158, 'https://product.hstatic.net/200000722513/product/hdd_seagate_baracuda_4tb_gearvn01_150943ca56ce4fa2a5f4ec58eecfaf9e_d178c12f4d96407fb28e9b84803fc739.jpg', FALSE),
    ('Ảnh 3', 158, 'https://product.hstatic.net/200000722513/product/hdd_seagate_baracuda_4tb_gearvn02_3a71b3cb796e4ec4ba3d3d2bc22782e5_7063441e683f47f6bcf8ebb241c7b3cc.jpg', FALSE);
---
INSERT INTO product (name, seo_name, brand_id, specifications, description, created_by, image_url) 
    VALUES (
        'Ổ cứng HDD Seagate FireCuda 4TB ST4000DX005 - 7200rpm', 'o-cung-hdd-seagate-firecuda-4tb', 33,
        '"{\"Thương hiệu\": \"SeaGate\", \"Tên sản phẩm\": \"Ổ cứng HDD SEAGATE Firecuda 4TB&nbsp;ST4000DX005\", \"Bảo hành\": \"60 tháng\", \"Giao thức kết nối\": \"SATA3 - 3.5 inch\", \"Dung lượng\": \"4TB\", \"Tốc độ quay\": \"7200 rpm\", \"Bộ nhớ cache\": \"256 Mb\", \"Kiểu dáng\": \"3.5 inch\", \"Tốc độ đọc\": \"Lên tới 70g/s\", \"Tốc độ ghi\": \"Lên tới 40g/s\"}"',
        'Ổ cứngHDD Seagate FireCuda 4TB nâng cao hiệu suất tiềm năng để build một dànPC gamingtrong mơ với ổ lưu trữ dòng FireCuda. Seagate FireCud giúp cung cấp dung lượng lớn với tốc độ quay nhanh cùng bộ nhớ đệm khủng giúp đẩy mạnh hiệu suất máy tính.',
        1, 'https://product.hstatic.net/200000722513/product/123123123_8c20e587f05c4672bfb79d2d69a4e7ff_4a47e260725847989fd8d15a054c2991.png'
    );
INSERT INTO product_category (product_id, category_id) VALUES (159, 35);
INSERT INTO product_variant (
        product_id, name, seo_name, supplier_id, price, price_sale, quantity, sku, model, 
        specifications, description, warranty, image_url, release_at, created_by)
        VALUES ( 159, 'Ổ cứng HDD Seagate FireCuda 4TB ST4000DX005 - 7200rpm', 'o-cung-hdd-seagate-firecuda-4tb',
            1, 0, 4290000, 10, 'HDD-SEAG-FIRECUDA-4TB-7200',
            'HDD-SEAG-FIRECUDA-4TB-7200',
            '{"Thương hiệu": "SeaGate", "Tên sản phẩm": "Ổ cứng HDD SEAGATE Firecuda 4TB&nbsp;ST4000DX005", "Bảo hành": "60 tháng", "Giao thức kết nối": "SATA3 - 3.5 inch", "Dung lượng": "4TB", "Tốc độ quay": "7200 rpm", "Bộ nhớ cache": "256 Mb", "Kiểu dáng": "3.5 inch", "Tốc độ đọc": "Lên tới 70g/s", "Tốc độ ghi": "Lên tới 40g/s"}',
            'Ổ cứngHDD Seagate FireCuda 4TB nâng cao hiệu suất tiềm năng để build một dànPC gamingtrong mơ với ổ lưu trữ dòng FireCuda. Seagate FireCud giúp cung cấp dung lượng lớn với tốc độ quay nhanh cùng bộ nhớ đệm khủng giúp đẩy mạnh hiệu suất máy tính.',
            12, 'https://product.hstatic.net/200000722513/product/123123123_8c20e587f05c4672bfb79d2d69a4e7ff_4a47e260725847989fd8d15a054c2991.png', '2023-06-02T20:21:59+00:00',1);
        
INSERT INTO product_image (name, product_variant_id, image_url, is_main)
VALUES
    ('Ảnh 1', 159, 'https://product.hstatic.net/200000722513/product/123123123_8c20e587f05c4672bfb79d2d69a4e7ff_4a47e260725847989fd8d15a054c2991.png', TRUE),
    ('Ảnh 2', 159, 'https://product.hstatic.net/200000722513/product/123_f91d902db4d94a2986c0a73d05608317_701120dbd9294791925d0daa49cecae8.png', FALSE);
---
INSERT INTO product (name, seo_name, brand_id, specifications, description, created_by, image_url) 
    VALUES (
        'Ổ Cứng HDD Seagate HDD Ironwolf 2TB', 'hdd-seagate-ironwolf-2tb-5900-rpm', 33,
        '"{\"Thương hiệu:\": \"Seagate\", \"Bảo hành:\": \"36 tháng\", \"Series/Model:\": \"HDD Seagate Ironwolf 2TB - 5900 rpm\", \"Màu sắc:\": \"Bạc\", \"Loại ổ cứng:\": \"HDD\", \"Kết nối:\": \"SATA 3\", \"Dung lượng:\": \"2 TB\", \"Kích thước chuẩn:\": \"101.6 x 25.4&nbsp;x 146&nbsp;(mm)\", \"Form factor:\": \"3.5\\\"\", \"Tốc độ đọc:\": \"~ 210MB/s\", \"Tốc độ ghi:\": \"~ 210MB/s\", \"Trọng lượng:\": \"250 g\", \"Tính năng:\": \"Không\"}"',
        'HDD Seagate Ironwolf 2TB - 5900 rpm',
        1, 'https://product.hstatic.net/200000722513/product/hdd_seagate_ironwolf_2tb_9431ae2ccb8a49b996e4ec0fe4f798da_fe1076d1f08b4cbe99d4ca5811a4b9b1.jpg'
    );
INSERT INTO product_category (product_id, category_id) VALUES (160, 35);
INSERT INTO product_variant (
        product_id, name, seo_name, supplier_id, price, price_sale, quantity, sku, model, 
        specifications, description, warranty, image_url, release_at, created_by)
        VALUES ( 160, 'Ổ Cứng HDD Seagate HDD Ironwolf 2TB', 'hdd-seagate-ironwolf-2tb-5900-rpm',
            1, 2690000, 2390000, 10, 'HDD-SEAG-IRONWOLF-2TB',
            '2000086432410',
            '{"Thương hiệu:": "Seagate", "Bảo hành:": "36 tháng", "Series/Model:": "HDD Seagate Ironwolf 2TB - 5900 rpm", "Màu sắc:": "Bạc", "Loại ổ cứng:": "HDD", "Kết nối:": "SATA 3", "Dung lượng:": "2 TB", "Kích thước chuẩn:": "101.6 x 25.4&nbsp;x 146&nbsp;(mm)", "Form factor:": "3.5\"", "Tốc độ đọc:": "~ 210MB/s", "Tốc độ ghi:": "~ 210MB/s", "Trọng lượng:": "250 g", "Tính năng:": "Không"}',
            'HDD Seagate Ironwolf 2TB - 5900 rpm',
            12, 'https://product.hstatic.net/200000722513/product/hdd_seagate_ironwolf_2tb_9431ae2ccb8a49b996e4ec0fe4f798da_fe1076d1f08b4cbe99d4ca5811a4b9b1.jpg', '2023-12-05T06:44:17+00:00',1);
        
INSERT INTO product_image (name, product_variant_id, image_url, is_main)
VALUES
    ('Ảnh 1', 160, 'https://product.hstatic.net/200000722513/product/hdd_seagate_ironwolf_2tb_9431ae2ccb8a49b996e4ec0fe4f798da_fe1076d1f08b4cbe99d4ca5811a4b9b1.jpg', TRUE),
    ('Ảnh 2', 160, 'https://product.hstatic.net/200000722513/product/hdd_seagate_ironwolf_2tb_d056e27bc9404101bcd5a27009f35298_bb00c7b2517e4b98ac99de6589d65968.jpg', FALSE);
---
INSERT INTO product (name, seo_name, brand_id, specifications, description, created_by, image_url) 
    VALUES (
        'Ổ Cứng HDD Seagate IronWolf 10TB 7200 RPM (ST10000VN000)', 'hdd-seagate-ironwolf-10tb-7200rpm', 33,
        '"{\"Chuẩn kết nối\": \"SATA 6Gb/s\", \"Dung lượng\": \"10TB\", \"Hỗ trợ ổ đĩa\": \"1-8 Bays\", \"Công nghệ đa người dùng\": \"180TB/năm\", \"Tốc độ truyền dữ liệu\": \"210MB/s\", \"Tốc độ vòng quay\": \"7200\", \"Cache\": \"256\", \"Cảm biến rung động\": \"Có\", \"Cân bằng hai mặt\": \"Có\", \"Kiểm soát khôi phục lỗi\": \"Có\", \"Quy trình tải / hủy tải\": \"600,000\", \"Tỷ lệ lỗi không thể phục hồi (Max)\": \"1 per 10E15\", \"Giờ bật nguồn\": \"8,760h\", \"Khối lượng công việc tối đa\": \"180\", \"Đầu vào\": \"1.8V\", \"Công suất trung bình\": \"7.8W\", \"Không hoạt động\": \"5W\", \"Kích thước\": \"3.5'''' (26.11mm x 101.85mm x 146.99mm)\", \"Trọng lượng\": \"690g\"}"',
        'Ổ cứngHDD Seagate IronWolf 10TB 7200 RPM được tối ưu hóa cho lưu trữ kết nối mạng (NAS) với công nghệ AgileArray để duy trì tính linh hoạt của hệ thống và độ tin cậy tối ưu. AgileArray cung cấp sự cân bằng ổ đĩa bằng cách sử dụng cân bằng hai mặt phẳng và cảm biến rung động (RV), tối ưu hóa RAID để tăng hiệu năng và quản lý năng lượng tiên tiến.',
        1, 'https://product.hstatic.net/200000722513/product/seagate-ironwolf-10tb_3e24e47776424c1b897750998889dd17_f1303fa5b57c45878be09e5efdbabb3f.jpg'
    );
INSERT INTO product_category (product_id, category_id) VALUES (161, 35);
INSERT INTO product_variant (
        product_id, name, seo_name, supplier_id, price, price_sale, quantity, sku, model, 
        specifications, description, warranty, image_url, release_at, created_by)
        VALUES ( 161, 'Ổ Cứng HDD Seagate IronWolf 10TB 7200 RPM (ST10000VN000)', 'hdd-seagate-ironwolf-10tb-7200rpm',
            1, 10990000, 9290000, 10, 'HDD-SEAG-IRON-WOLF-10TB',
            'HDD-SEAG-IRON-WOLF-10TB',
            '{"Chuẩn kết nối": "SATA 6Gb/s", "Dung lượng": "10TB", "Hỗ trợ ổ đĩa": "1-8 Bays", "Công nghệ đa người dùng": "180TB/năm", "Tốc độ truyền dữ liệu": "210MB/s", "Tốc độ vòng quay": "7200", "Cache": "256", "Cảm biến rung động": "Có", "Cân bằng hai mặt": "Có", "Kiểm soát khôi phục lỗi": "Có", "Quy trình tải / hủy tải": "600,000", "Tỷ lệ lỗi không thể phục hồi (Max)": "1 per 10E15", "Giờ bật nguồn": "8,760h", "Khối lượng công việc tối đa": "180", "Đầu vào": "1.8V", "Công suất trung bình": "7.8W", "Không hoạt động": "5W", "Kích thước": "3.5 (26.11mm x 101.85mm x 146.99mm)", "Trọng lượng": "690g"}',
            'Ổ cứngHDD Seagate IronWolf 10TB 7200 RPM được tối ưu hóa cho lưu trữ kết nối mạng (NAS) với công nghệ AgileArray để duy trì tính linh hoạt của hệ thống và độ tin cậy tối ưu. AgileArray cung cấp sự cân bằng ổ đĩa bằng cách sử dụng cân bằng hai mặt phẳng và cảm biến rung động (RV), tối ưu hóa RAID để tăng hiệu năng và quản lý năng lượng tiên tiến.',
            12, 'https://product.hstatic.net/200000722513/product/seagate-ironwolf-10tb_3e24e47776424c1b897750998889dd17_f1303fa5b57c45878be09e5efdbabb3f.jpg', '2023-06-02T23:33:22+00:00',1);
        
INSERT INTO product_image (name, product_variant_id, image_url, is_main)
VALUES
    ('Ảnh 1', 161, 'https://product.hstatic.net/200000722513/product/seagate-ironwolf-10tb_3e24e47776424c1b897750998889dd17_f1303fa5b57c45878be09e5efdbabb3f.jpg', TRUE);
---
INSERT INTO product (name, seo_name, brand_id, specifications, description, created_by, image_url) 
    VALUES (
        'Ổ Cứng HDD Seagate IronWolf 4TB (ST4000VN008)', 'hdd-seagate-ironwolf-4tb-5900rpm', 33,
        '"{\"Thương hiệu:\": \"Seagate\", \"Bảo hành:\": \"24 tháng\", \"Series/Model:\": \"HDD Seagate Barracuda 4TB 5900rpm\", \"Màu sắc:\": \"Bạc\", \"Loại ổ cứng:\": \"HDD\", \"Kết nối:\": \"SATA 3\", \"Dung lượng:\": \"4 TB\", \"Kích thước chuẩn:\": \"101.6 x 25.4&nbsp;x 146&nbsp;(mm)\", \"Form factor:\": \"3.5\\\"\"}"',
        'HDD Seagate Barracuda 4TB 5900rpm',
        1, 'https://product.hstatic.net/200000722513/product/st4000vn008_c7720afbb7a343db88802d81b636c893_dcc177fe25254ccdb48ecec378e85edc.png'
    );
INSERT INTO product_category (product_id, category_id) VALUES (162, 35);
INSERT INTO product_variant (
        product_id, name, seo_name, supplier_id, price, price_sale, quantity, sku, model, 
        specifications, description, warranty, image_url, release_at, created_by)
        VALUES ( 162, 'Ổ Cứng HDD Seagate IronWolf 4TB (ST4000VN008)', 'hdd-seagate-ironwolf-4tb-5900rpm',
            1, 0, 3490000, 10, 'HDD-SEAG-IRON-WOLF-4TB',
            'HDD-SEAG-IRON-WOLF-4TB',
            '{"Thương hiệu:": "Seagate", "Bảo hành:": "24 tháng", "Series/Model:": "HDD Seagate Barracuda 4TB 5900rpm", "Màu sắc:": "Bạc", "Loại ổ cứng:": "HDD", "Kết nối:": "SATA 3", "Dung lượng:": "4 TB", "Kích thước chuẩn:": "101.6 x 25.4&nbsp;x 146&nbsp;(mm)", "Form factor:": "3.5\""}',
            'HDD Seagate Barracuda 4TB 5900rpm',
            12, 'https://product.hstatic.net/200000722513/product/st4000vn008_c7720afbb7a343db88802d81b636c893_dcc177fe25254ccdb48ecec378e85edc.png', '2023-06-02T11:56:01+00:00',1);
        
INSERT INTO product_image (name, product_variant_id, image_url, is_main)
VALUES
    ('Ảnh 1', 162, 'https://product.hstatic.net/200000722513/product/st4000vn008_c7720afbb7a343db88802d81b636c893_dcc177fe25254ccdb48ecec378e85edc.png', TRUE);
---
INSERT INTO product (name, seo_name, brand_id, specifications, description, created_by, image_url) 
    VALUES (
        'Ổ Cứng HDD Seagate IronWolf Pro 10TB', 'hdd-seagate-ironwolf-pro-10tb-7200rpm', 33,
        '"{\"Dung lượng\": \"10TB\", \"Tốc&nbsp;độ vòng quay\": \"7200rpm\", \"Kích thước\": \"3.5 inch\", \"Kết nối\": \"SATA III 6Gb/s\", \"Bộ nhớ&nbsp;đệm (cache)\": \"128MB\"}"',
        'Dung lượng10TBTốc&nbsp;độ vòng quay7200rpmKích thước3.5 inchKết nốiSATA III 6Gb/sBộ nhớ&nbsp;đệm (cache)128MB',
        1, 'https://product.hstatic.net/200000722513/product/hdd_seagate_ironwolf_10tb_b59a30485fbc430bb7fcceacabfe4d5c_bee46568a64c402d9bcf7f76092d7593.jpg'
    );
INSERT INTO product_category (product_id, category_id) VALUES (163, 35);
INSERT INTO product_variant (
        product_id, name, seo_name, supplier_id, price, price_sale, quantity, sku, model, 
        specifications, description, warranty, image_url, release_at, created_by)
        VALUES ( 163, 'Ổ Cứng HDD Seagate IronWolf Pro 10TB', 'hdd-seagate-ironwolf-pro-10tb-7200rpm',
            1, 12990000, 9490000, 10, 'HDD-SEAG-IRON-WOLF-PRO-10TB',
            'HDD-SEAG-IRON-WOLF-PRO-10TB',
            '{"Dung lượng": "10TB", "Tốc&nbsp;độ vòng quay": "7200rpm", "Kích thước": "3.5 inch", "Kết nối": "SATA III 6Gb/s", "Bộ nhớ&nbsp;đệm (cache)": "128MB"}',
            'Dung lượng10TBTốc&nbsp;độ vòng quay7200rpmKích thước3.5 inchKết nốiSATA III 6Gb/sBộ nhớ&nbsp;đệm (cache)128MB',
            12, 'https://product.hstatic.net/200000722513/product/hdd_seagate_ironwolf_10tb_b59a30485fbc430bb7fcceacabfe4d5c_bee46568a64c402d9bcf7f76092d7593.jpg', '2023-06-02T11:03:33+00:00',1);
        
INSERT INTO product_image (name, product_variant_id, image_url, is_main)
VALUES
    ('Ảnh 1', 163, 'https://product.hstatic.net/200000722513/product/hdd_seagate_ironwolf_10tb_b59a30485fbc430bb7fcceacabfe4d5c_bee46568a64c402d9bcf7f76092d7593.jpg', TRUE);
---
INSERT INTO product (name, seo_name, brand_id, specifications, description, created_by, image_url) 
    VALUES (
        'Ổ cứng HDD SEAGATE IronWolf PRO 14TB', 'hdd-seagate-ironwolf-pro-14tb-7200rpm', 33,
        '"{\"Thương hiệu\": \"SeaGate\", \"Tên sản phẩm\": \"HDD Seagate Ironwolf PRO 14TB 7200rpm\", \"Bảo hành\": \"60 Tháng\", \"Giao thức kết nối\": \"SATA3 - 3.5\\\"\", \"Dung lượng\": \"14 TB\", \"Tốc độ quay\": \"7200 rpm\", \"Bộ nhớ cache\": \"256 Mb\", \"Kích thước\": \"101.6 x 25.4 x 146 mm\", \"Kiểu dáng\": \"3.5\\\"\", \"Tốc độ đọc\": \"Lên tới 255Mb/s\", \"Tốc độ ghi\": \"Lên tới 255Mb/s\", \"Tính năng nổi bật\": \"- Tối ưu hóa cho NAS với AgileArray™ và khả năng phục hồi lỗi giúp cải thiện chất lượng của ổ cứng hoạt động trong dãy RAID.- Ổ cứng HDD Seagate IronWolf Pro với gói phục hồi và cứu hộ sẽ cho bạn sự an tâm tuyệt đối khi sử dụng.- Trong ổ cứng HDD Seagate IronWolf Pro 4 TB trở lên được trang bị cảm biến RV để duy trì hiệu suất trong các thiết bị NAS nhiều khoang. Các ổ đĩa IronWolf Pro đạt tiêu chuẩn với các cảm biến RV được tích hợp cho NAS.- Ổ cứng HDD Seagate IronWolf Pro có thể xử lý các rung động và tốc độ tải công việc cao của mạng dữ liệu cao trong môi trường NAS.Các ổ đĩa IronWolf Pro được kiểm tra và phê duyệt bởi QNAP.-Dòng ổ cứng đáng tin cậy IronWolf Pro của Seagate đã được tin dùng khắp thế giới trong hơn 20 năm qua và được công nhận chất lượng bởi khách hàng toàn cầu.\"}"',
        'Với chất lượng vượt trội và hiệu năng cao.HDD workstationSeagate &nbsp;là một sự lựa chọn tối ưu khi bạn muốn nâng cấp ổ cứng.Tối ưu hóa cho NAS với AgileArray™ và khả năng phục hồi lỗi giúp cải thiện chất lượng của ổ cứng hoạt động trong dãy RAID. HDD Seagate IronWolf Pro với gói phục hồi và cứu hộ sẽ cho bạn sự an tâm tuyệt đối khi sử dụng.',
        1, 'https://product.hstatic.net/200000722513/product/hdd_seagate_ironwolf_14tb_gearvn00_db80430925ad487b97f5715d9b2b0cd8_81771bed1b264221afae049ad265d18a.jpg'
    );
INSERT INTO product_category (product_id, category_id) VALUES (164, 35);
INSERT INTO product_variant (
        product_id, name, seo_name, supplier_id, price, price_sale, quantity, sku, model, 
        specifications, description, warranty, image_url, release_at, created_by)
        VALUES ( 164, 'Ổ cứng HDD SEAGATE IronWolf PRO 14TB', 'hdd-seagate-ironwolf-pro-14tb-7200rpm',
            1, 14990000, 15990000, 10, 'HDD-SEAG-IRON-WOLF-PRO-14TB',
            'HDD-SEAG-IRON-WOLF-PRO-14TB',
            '{"Thương hiệu": "SeaGate", "Tên sản phẩm": "HDD Seagate Ironwolf PRO 14TB 7200rpm", "Bảo hành": "60 Tháng", "Giao thức kết nối": "SATA3 - 3.5\"", "Dung lượng": "14 TB", "Tốc độ quay": "7200 rpm", "Bộ nhớ cache": "256 Mb", "Kích thước": "101.6 x 25.4 x 146 mm", "Kiểu dáng": "3.5\"", "Tốc độ đọc": "Lên tới 255Mb/s", "Tốc độ ghi": "Lên tới 255Mb/s", "Tính năng nổi bật": "- Tối ưu hóa cho NAS với AgileArray™ và khả năng phục hồi lỗi giúp cải thiện chất lượng của ổ cứng hoạt động trong dãy RAID.- Ổ cứng HDD Seagate IronWolf Pro với gói phục hồi và cứu hộ sẽ cho bạn sự an tâm tuyệt đối khi sử dụng.- Trong ổ cứng HDD Seagate IronWolf Pro 4 TB trở lên được trang bị cảm biến RV để duy trì hiệu suất trong các thiết bị NAS nhiều khoang. Các ổ đĩa IronWolf Pro đạt tiêu chuẩn với các cảm biến RV được tích hợp cho NAS.- Ổ cứng HDD Seagate IronWolf Pro có thể xử lý các rung động và tốc độ tải công việc cao của mạng dữ liệu cao trong môi trường NAS.Các ổ đĩa IronWolf Pro được kiểm tra và phê duyệt bởi QNAP.-Dòng ổ cứng đáng tin cậy IronWolf Pro của Seagate đã được tin dùng khắp thế giới trong hơn 20 năm qua và được công nhận chất lượng bởi khách hàng toàn cầu."}',
            'Với chất lượng vượt trội và hiệu năng cao.HDD workstationSeagate &nbsp;là một sự lựa chọn tối ưu khi bạn muốn nâng cấp ổ cứng.Tối ưu hóa cho NAS với AgileArray™ và khả năng phục hồi lỗi giúp cải thiện chất lượng của ổ cứng hoạt động trong dãy RAID. HDD Seagate IronWolf Pro với gói phục hồi và cứu hộ sẽ cho bạn sự an tâm tuyệt đối khi sử dụng.',
            12, 'https://product.hstatic.net/200000722513/product/hdd_seagate_ironwolf_14tb_gearvn00_db80430925ad487b97f5715d9b2b0cd8_81771bed1b264221afae049ad265d18a.jpg', '2023-06-02T11:03:41+00:00',1);
        
INSERT INTO product_image (name, product_variant_id, image_url, is_main)
VALUES
    ('Ảnh 1', 164, 'https://product.hstatic.net/200000722513/product/hdd_seagate_ironwolf_14tb_gearvn00_db80430925ad487b97f5715d9b2b0cd8_81771bed1b264221afae049ad265d18a.jpg', TRUE),
    ('Ảnh 2', 164, 'https://product.hstatic.net/200000722513/product/hdd_seagate_ironwolf_14tb_gearvn01_f8c734e4b00f442cb7bf48648b90e097_c2f7af65e00f441da0dfecbbe23a9f20.jpg', FALSE),
    ('Ảnh 3', 164, 'https://product.hstatic.net/200000722513/product/hdd_seagate_ironwolf_14tb_gearvn02_a0a0229e7d844ea0a1063bb2c35131da_8bff326bf7fc466ea4b1a1548be710a3.jpg', FALSE);
---
INSERT INTO product (name, seo_name, brand_id, specifications, description, created_by, image_url) 
    VALUES (
        'Ổ Cứng HDD Seagate IronWolf Pro 4TB', 'hdd-seagate-ironwolf-pro-4tb-7200rpm', 33,
        '"{\"Dung lượng\": \"4TB\", \"Tốc&nbsp;độ vòng quay\": \"7200rpm\", \"Kích thước\": \"3.5 inch\", \"Kết nối\": \"SATA III 6Gb/s\", \"Bộ nhớ&nbsp;đệm (cache)\": \"128MB\"}"',
        'Dung lượng4TBTốc&nbsp;độ vòng quay7200rpmKích thước3.5 inchKết nốiSATA III 6Gb/sBộ nhớ&nbsp;đệm (cache)128MB',
        1, 'https://product.hstatic.net/200000722513/product/hdd_seagate_ironwolf_4tb_09ba2e0b7a52403c857123e1183c1448_0834b75d5e144247ab034dbcb10d331c.jpg'
    );
INSERT INTO product_category (product_id, category_id) VALUES (165, 35);
INSERT INTO product_variant (
        product_id, name, seo_name, supplier_id, price, price_sale, quantity, sku, model, 
        specifications, description, warranty, image_url, release_at, created_by)
        VALUES ( 165, 'Ổ Cứng HDD Seagate IronWolf Pro 4TB', 'hdd-seagate-ironwolf-pro-4tb-7200rpm',
            1, 5590000, 4690000, 10, 'HDD-SEAG-IRON-WOLF-PRO-4TB',
            '2000090951631',
            '{"Dung lượng": "4TB", "Tốc&nbsp;độ vòng quay": "7200rpm", "Kích thước": "3.5 inch", "Kết nối": "SATA III 6Gb/s", "Bộ nhớ&nbsp;đệm (cache)": "128MB"}',
            'Dung lượng4TBTốc&nbsp;độ vòng quay7200rpmKích thước3.5 inchKết nốiSATA III 6Gb/sBộ nhớ&nbsp;đệm (cache)128MB',
            12, 'https://product.hstatic.net/200000722513/product/hdd_seagate_ironwolf_4tb_09ba2e0b7a52403c857123e1183c1448_0834b75d5e144247ab034dbcb10d331c.jpg', '2023-12-05T06:44:11+00:00',1);
        
INSERT INTO product_image (name, product_variant_id, image_url, is_main)
VALUES
    ('Ảnh 1', 165, 'https://product.hstatic.net/200000722513/product/hdd_seagate_ironwolf_4tb_09ba2e0b7a52403c857123e1183c1448_0834b75d5e144247ab034dbcb10d331c.jpg', TRUE),
    ('Ảnh 2', 165, 'https://product.hstatic.net/200000722513/product/ironwolf_pro_4tb_gearvn01_90c9942a50414e878f871301279a4c96_d5dce33347ab4858b64cd5f565b463f0.jpg', FALSE),
    ('Ảnh 3', 165, 'https://product.hstatic.net/200000722513/product/ironwolf_pro_4tb_gearvn02_0691c4718c854964880a425d296f262c_91157a754ca9433da1161bed3f716e20.jpg', FALSE);
---
INSERT INTO product (name, seo_name, brand_id, specifications, description, created_by, image_url) 
    VALUES (
        'Ổ cứng HDD SEAGATE IronWolf PRO 6TB', 'hdd-seagate-ironwolf-pro-6tb-7200rpm', 33,
        '"{\"Thương hiệu\": \"SeaGate\", \"Tên sản phẩm\": \"HDD Seagate Ironwolf PRO 6TB 7200rpm\", \"Bảo hành\": \"60 Tháng\", \"Giao thức kết nối\": \"SATA3 - 3.5\\\"\", \"Dung lượng\": \"6 TB\", \"Tốc độ quay\": \"7200 rpm\", \"Bộ nhớ cache\": \"256 Mb\", \"Kích thước\": \"101.6 x 25.4 x 146 mm\", \"Kiểu dáng\": \"3.5\\\"\", \"Tốc độ đọc\": \"Lên tới 255Mb/s\", \"Tốc độ ghi\": \"Lên tới 255Mb/s\", \"Tính năng nổi bật\": \"- Tối ưu hóa cho NAS với AgileArray™ và khả năng phục hồi lỗi giúp cải thiện chất lượng của ổ cứng hoạt động trong dãy RAID.- Ổ cứng HDD Seagate IronWolf Pro với gói phục hồi và cứu hộ sẽ cho bạn sự an tâm tuyệt đối khi sử dụng.- Trong ổ cứng HDD Seagate IronWolf Pro 4 TB trở lên được trang bị cảm biến RV để duy trì hiệu suất trong các thiết bị NAS nhiều khoang. Các ổ đĩa IronWolf Pro đạt tiêu chuẩn với các cảm biến RV được tích hợp cho NAS.- Ổ cứng HDD Seagate IronWolf Pro có thể xử lý các rung động và tốc độ tải công việc cao của mạng dữ liệu cao trong môi trường NAS.Các ổ đĩa IronWolf Pro được kiểm tra và phê duyệt bởi QNAP.-Dòng ổ cứng đáng tin cậy IronWolf Pro của Seagate đã được tin dùng khắp thế giới trong hơn 20 năm qua và được công nhận chất lượng bởi khách hàng toàn cầu.\"}"',
        'Với chất lượng vượt trội và hiệu năng cao.HDD workstationSeagate&nbsp;là một sự lựa chọn tối ưu khi bạn muốn nâng cấp ổ cứng.Tối ưu hóa cho NAS với AgileArray™ và khả năng phục hồi lỗi giúp cải thiện chất lượng của ổ cứng hoạt động trong dãy RAID. HDD Seagate IronWolf Pro với gói phục hồi và cứu hộ sẽ cho bạn sự an tâm tuyệt đối khi sử dụng.',
        1, 'https://product.hstatic.net/200000722513/product/hdd_seagate_ironwolf_6tb_gearvn00_494ae91539ee4b4193508d4d619ca70f_3144daab99a249b2a86eb79162ce3ea8.jpg'
    );
INSERT INTO product_category (product_id, category_id) VALUES (166, 35);
INSERT INTO product_variant (
        product_id, name, seo_name, supplier_id, price, price_sale, quantity, sku, model, 
        specifications, description, warranty, image_url, release_at, created_by)
        VALUES ( 166, 'Ổ cứng HDD SEAGATE IronWolf PRO 6TB', 'hdd-seagate-ironwolf-pro-6tb-7200rpm',
            1, 6990000, 6490000, 10, 'HDD-SEAG-IRON-WOLF-PRO-6TB',
            'HDD-SEAG-IRON-WOLF-PRO-6TB',
            '{"Thương hiệu": "SeaGate", "Tên sản phẩm": "HDD Seagate Ironwolf PRO 6TB 7200rpm", "Bảo hành": "60 Tháng", "Giao thức kết nối": "SATA3 - 3.5\"", "Dung lượng": "6 TB", "Tốc độ quay": "7200 rpm", "Bộ nhớ cache": "256 Mb", "Kích thước": "101.6 x 25.4 x 146 mm", "Kiểu dáng": "3.5\"", "Tốc độ đọc": "Lên tới 255Mb/s", "Tốc độ ghi": "Lên tới 255Mb/s", "Tính năng nổi bật": "- Tối ưu hóa cho NAS với AgileArray™ và khả năng phục hồi lỗi giúp cải thiện chất lượng của ổ cứng hoạt động trong dãy RAID.- Ổ cứng HDD Seagate IronWolf Pro với gói phục hồi và cứu hộ sẽ cho bạn sự an tâm tuyệt đối khi sử dụng.- Trong ổ cứng HDD Seagate IronWolf Pro 4 TB trở lên được trang bị cảm biến RV để duy trì hiệu suất trong các thiết bị NAS nhiều khoang. Các ổ đĩa IronWolf Pro đạt tiêu chuẩn với các cảm biến RV được tích hợp cho NAS.- Ổ cứng HDD Seagate IronWolf Pro có thể xử lý các rung động và tốc độ tải công việc cao của mạng dữ liệu cao trong môi trường NAS.Các ổ đĩa IronWolf Pro được kiểm tra và phê duyệt bởi QNAP.-Dòng ổ cứng đáng tin cậy IronWolf Pro của Seagate đã được tin dùng khắp thế giới trong hơn 20 năm qua và được công nhận chất lượng bởi khách hàng toàn cầu."}',
            'Với chất lượng vượt trội và hiệu năng cao.HDD workstationSeagate&nbsp;là một sự lựa chọn tối ưu khi bạn muốn nâng cấp ổ cứng.Tối ưu hóa cho NAS với AgileArray™ và khả năng phục hồi lỗi giúp cải thiện chất lượng của ổ cứng hoạt động trong dãy RAID. HDD Seagate IronWolf Pro với gói phục hồi và cứu hộ sẽ cho bạn sự an tâm tuyệt đối khi sử dụng.',
            12, 'https://product.hstatic.net/200000722513/product/hdd_seagate_ironwolf_6tb_gearvn00_494ae91539ee4b4193508d4d619ca70f_3144daab99a249b2a86eb79162ce3ea8.jpg', '2023-06-02T11:03:45+00:00',1);
        
INSERT INTO product_image (name, product_variant_id, image_url, is_main)
VALUES
    ('Ảnh 1', 166, 'https://product.hstatic.net/200000722513/product/hdd_seagate_ironwolf_6tb_gearvn00_494ae91539ee4b4193508d4d619ca70f_3144daab99a249b2a86eb79162ce3ea8.jpg', TRUE),
    ('Ảnh 2', 166, 'https://product.hstatic.net/200000722513/product/hdd_seagate_ironwolf_6tb_gearvn01_6fa4a3b4db5c434cb9ebb0bc9d073930_acf08a8c64a7476898cf8dbcec325c71.jpg', FALSE),
    ('Ảnh 3', 166, 'https://product.hstatic.net/200000722513/product/hdd_seagate_ironwolf_6tb_gearvn02_48fab013af704cbfad1cd8c62cd3ac7e_958c4a61fe734d77a2804e67cd796141.jpg', FALSE);
---
INSERT INTO product (name, seo_name, brand_id, specifications, description, created_by, image_url) 
    VALUES (
        'Ổ Cứng HDD Seagate IronWolf Pro 8TB', 'hdd-seagate-ironwolf-pro-8tb-7200rpm', 33,
        '"{\"Dung lượng\": \"8TB\", \"Tốc&nbsp;độ vòng quay\": \"7200rpm\", \"Kích thước\": \"3.5 inch\", \"Kết nối\": \"SATA III 6Gb/s\", \"Bộ nhớ&nbsp;đệm (cache)\": \"128MB\"}"',
        'Dung lượng8TBTốc&nbsp;độ vòng quay7200rpmKích thước3.5 inchKết nốiSATA III 6Gb/sBộ nhớ&nbsp;đệm (cache)128MB',
        1, 'https://product.hstatic.net/200000722513/product/hdd_seagate_ironwolf_8tb_gearvn00_356fda9588be4753aea0286830244006_01d38da23cda4ee188d84cd11e6a6516.jpg'
    );
INSERT INTO product_category (product_id, category_id) VALUES (167, 35);
INSERT INTO product_variant (
        product_id, name, seo_name, supplier_id, price, price_sale, quantity, sku, model, 
        specifications, description, warranty, image_url, release_at, created_by)
        VALUES ( 167, 'Ổ Cứng HDD Seagate IronWolf Pro 8TB', 'hdd-seagate-ironwolf-pro-8tb-7200rpm',
            1, 8990000, 8990000, 10, 'HDD-SEAG-IRON-WOLF-PRO-8TB',
            'HDD-SEAG-IRON-WOLF-PRO-8TB',
            '{"Dung lượng": "8TB", "Tốc&nbsp;độ vòng quay": "7200rpm", "Kích thước": "3.5 inch", "Kết nối": "SATA III 6Gb/s", "Bộ nhớ&nbsp;đệm (cache)": "128MB"}',
            'Dung lượng8TBTốc&nbsp;độ vòng quay7200rpmKích thước3.5 inchKết nốiSATA III 6Gb/sBộ nhớ&nbsp;đệm (cache)128MB',
            12, 'https://product.hstatic.net/200000722513/product/hdd_seagate_ironwolf_8tb_gearvn00_356fda9588be4753aea0286830244006_01d38da23cda4ee188d84cd11e6a6516.jpg', '2023-06-02T11:03:49+00:00',1);
        
INSERT INTO product_image (name, product_variant_id, image_url, is_main)
VALUES
    ('Ảnh 1', 167, 'https://product.hstatic.net/200000722513/product/hdd_seagate_ironwolf_8tb_gearvn00_356fda9588be4753aea0286830244006_01d38da23cda4ee188d84cd11e6a6516.jpg', TRUE);
---
INSERT INTO product (name, seo_name, brand_id, specifications, description, created_by, image_url) 
    VALUES (
        'Ổ Cứng HDD WD 1TB Blue', 'wd-hdd-1tb-blue-7200rpm', 32,
        '"{\"Nhà sản xuất\": \"Western Digital\", \"Bảo hành\": \"24 Tháng\", \"Chuẩn giao tiếp\": \"Sata III\", \"Kích thước\": \"25.4 x147x101.6 mm (Cao x Dài x Rộng)\", \"Dung lượng\": \"1 TB\", \"Cache\": \"64M Cache\", \"RPM\": \"7200 rpm\", \"Tốc độ đọc\": \"~100MB/s\", \"Tốc độ ghi\": \"~100MB/s\", \"Trọng lượng\": \"0.45 kg\"}"',
        'Tăng cường khả năng lưu trữ cho PC của bạn với ổ Western Blue, thương hiệu được thiết kế hoàn hảo dành cho PC với các ứng dụng văn phòng và web.',
        1, 'https://product.hstatic.net/200000722513/product/hdd_wd_1tb_blue_49be34c078ab458fabd383b7efb3af02_1b8b4292c27b4f3483664b5777dd2a5d.jpg'
    );
INSERT INTO product_category (product_id, category_id) VALUES (168, 35);
INSERT INTO product_variant (
        product_id, name, seo_name, supplier_id, price, price_sale, quantity, sku, model, 
        specifications, description, warranty, image_url, release_at, created_by)
        VALUES ( 168, 'Ổ Cứng HDD WD 1TB Blue', 'wd-hdd-1tb-blue-7200rpm',
            1, 1490000, 1450000, 10, 'HDD-WD-BLUE-1TB',
            'HDD-WD-BLUE-1TB',
            '{"Nhà sản xuất": "Western Digital", "Bảo hành": "24 Tháng", "Chuẩn giao tiếp": "Sata III", "Kích thước": "25.4 x147x101.6 mm (Cao x Dài x Rộng)", "Dung lượng": "1 TB", "Cache": "64M Cache", "RPM": "7200 rpm", "Tốc độ đọc": "~100MB/s", "Tốc độ ghi": "~100MB/s", "Trọng lượng": "0.45 kg"}',
            'Tăng cường khả năng lưu trữ cho PC của bạn với ổ Western Blue, thương hiệu được thiết kế hoàn hảo dành cho PC với các ứng dụng văn phòng và web.',
            12, 'https://product.hstatic.net/200000722513/product/hdd_wd_1tb_blue_49be34c078ab458fabd383b7efb3af02_1b8b4292c27b4f3483664b5777dd2a5d.jpg', '2023-06-03T11:02:12+00:00',1);
        
INSERT INTO product_image (name, product_variant_id, image_url, is_main)
VALUES
    ('Ảnh 1', 168, 'https://product.hstatic.net/200000722513/product/hdd_wd_1tb_blue_49be34c078ab458fabd383b7efb3af02_1b8b4292c27b4f3483664b5777dd2a5d.jpg', TRUE),
    ('Ảnh 2', 168, 'https://product.hstatic.net/200000722513/product/9d8bfae9dc8a4472bd42a15e347cfe79_4ac5132668814b84ab72d5ebe4ae57c1.jpg', FALSE),
    ('Ảnh 3', 168, 'https://product.hstatic.net/200000722513/product/142822762766_e800fd552f794808b2d0596a7101c441.jpg', FALSE);
---
INSERT INTO product (name, seo_name, brand_id, specifications, description, created_by, image_url) 
    VALUES (
        'Ổ Cứng HDD WD 1TB Blue 2.5" for Laptop', 'hdd-western-digital-blue-1tb-2-5-sata-3', 32,
        '"{\"Thương hiệu\": \"Western Digital\", \"Tên sản phẩm\": \"Ổ cứng HDD WD 1TB BLUE 2.5\\\" for Laptop\", \"Bảo hành\": \"24 Tháng\", \"Giao thức kết nối\": \"SATA3 - 2.5\\\"\", \"Dung lượng\": \"1 TB\", \"Tốc độ quay\": \"5400 rpm\", \"Bộ nhớ cache\": \"128 Mb\", \"Kích thước\": \"100 x 69,85 x 7 mm\", \"Kiểu dáng\": \"2.5\\\"\", \"Tốc độ đọc\": \"Lên tới 130Mb/s\", \"Tốc độ ghi\": \"Lên tới 120Mb/s\"}"',
        'Với chất lượng vượt trội và hiệu năng cao. HDD WD&nbsp;là một sự lựa chọn tối ưu khi bạn muốn nâng cấp ổ cứng.Dung lượng cao và tốc độ đọc ghi nhanh hơn 5 lần ổ cứng thông thường. Giờ đây mọi thao tác trên máy tính của bạn diễn ra một cách nhanh chóng và mượt mà nhất có thể. Tăng hiệu năng toàn bộ của máy tính lên rất nhiều.',
        1, 'https://product.hstatic.net/200000722513/product/dabd2447c4beadce7f643eb15c65_wd10spzx_7153f685fc7f4937b4e83da7606c34d9_b7b1dbac942840f3b91cfcae6510404a.jpg'
    );
INSERT INTO product_category (product_id, category_id) VALUES (169, 35);
INSERT INTO product_variant (
        product_id, name, seo_name, supplier_id, price, price_sale, quantity, sku, model, 
        specifications, description, warranty, image_url, release_at, created_by)
        VALUES ( 169, 'Ổ Cứng HDD WD 1TB Blue 2.5" for Laptop', 'hdd-western-digital-blue-1tb-2-5-sata-3',
            1, 1690000, 1490000, 10, 'HDD-WD-BLUE-1TB-2.5-LAPTOP',
            'HDD-WD-BLUE-1TB-2.5-LAPTOP',
            '{"Thương hiệu": "Western Digital", "Tên sản phẩm": "Ổ cứng HDD WD 1TB BLUE 2.5\" for Laptop", "Bảo hành": "24 Tháng", "Giao thức kết nối": "SATA3 - 2.5\"", "Dung lượng": "1 TB", "Tốc độ quay": "5400 rpm", "Bộ nhớ cache": "128 Mb", "Kích thước": "100 x 69,85 x 7 mm", "Kiểu dáng": "2.5\"", "Tốc độ đọc": "Lên tới 130Mb/s", "Tốc độ ghi": "Lên tới 120Mb/s"}',
            'Với chất lượng vượt trội và hiệu năng cao. HDD WD&nbsp;là một sự lựa chọn tối ưu khi bạn muốn nâng cấp ổ cứng.Dung lượng cao và tốc độ đọc ghi nhanh hơn 5 lần ổ cứng thông thường. Giờ đây mọi thao tác trên máy tính của bạn diễn ra một cách nhanh chóng và mượt mà nhất có thể. Tăng hiệu năng toàn bộ của máy tính lên rất nhiều.',
            12, 'https://product.hstatic.net/200000722513/product/dabd2447c4beadce7f643eb15c65_wd10spzx_7153f685fc7f4937b4e83da7606c34d9_b7b1dbac942840f3b91cfcae6510404a.jpg', '2023-06-02T13:23:49+00:00',1);
        
INSERT INTO product_image (name, product_variant_id, image_url, is_main)
VALUES
    ('Ảnh 1', 169, 'https://product.hstatic.net/200000722513/product/dabd2447c4beadce7f643eb15c65_wd10spzx_7153f685fc7f4937b4e83da7606c34d9_b7b1dbac942840f3b91cfcae6510404a.jpg', TRUE);
---
INSERT INTO product (name, seo_name, brand_id, specifications, description, created_by, image_url) 
    VALUES (
        'Ổ Cứng HDD WD 1TB Red Plus 5400rpm', 'hdd-wd-red-plus-1tb-5400rpm', 32,
        '"{\"Nhà sản xuất\": \"Western Digital\", \"Mã sản phẩm\": \"WD40EZRZ\", \"Tình trạng\": \"Fullbox – 100%\", \"Bảo hành\": \"36&nbsp;tháng\"}"',
        '',
        1, 'https://product.hstatic.net/200000722513/product/31116-philong81_a4e8b9d8d4fa4c1884f85e7ab7b96920.jpg'
    );
INSERT INTO product_category (product_id, category_id) VALUES (170, 35);
INSERT INTO product_variant (
        product_id, name, seo_name, supplier_id, price, price_sale, quantity, sku, model, 
        specifications, description, warranty, image_url, release_at, created_by)
        VALUES ( 170, 'Ổ Cứng HDD WD 1TB Red Plus 5400rpm', 'hdd-wd-red-plus-1tb-5400rpm',
            1, 0, 1490000, 10, 'HDD-WD-RED-1TB',
            'HDD-WD-RED-1TB',
            '{"Nhà sản xuất": "Western Digital", "Mã sản phẩm": "WD40EZRZ", "Tình trạng": "Fullbox – 100%", "Bảo hành": "36&nbsp;tháng"}',
            '',
            12, 'https://product.hstatic.net/200000722513/product/31116-philong81_a4e8b9d8d4fa4c1884f85e7ab7b96920.jpg', '2023-11-07T06:40:45+00:00',1);
        
INSERT INTO product_image (name, product_variant_id, image_url, is_main)
VALUES
    ('Ảnh 1', 170, 'https://product.hstatic.net/200000722513/product/31116-philong81_a4e8b9d8d4fa4c1884f85e7ab7b96920.jpg', TRUE);
---
INSERT INTO product (name, seo_name, brand_id, specifications, description, created_by, image_url) 
    VALUES (
        'Ổ Cứng HDD WD 2TB Black', 'wd-hdd-2tb-black-7200rpm', 32,
        '"{\"Nhà sản xuất\": \"Western Digital\", \"Bảo hành\": \"60 Tháng\", \"Chuẩn giao tiếp\": \"Sata III\", \"Kích thước\": \"26.1 x147x101.6 mm (Cao x Dài x Rộng\", \"Dung lượng\": \"2 TB\", \"Cache\": \"64M Cache\", \"RPM\": \"7200 rpm\", \"Tốc độ đọc\": \"~100MB/s\", \"Tốc độ ghi\": \"~100MB/s\", \"Trọng lượng\": \"0.60 kg\"}"',
        'Cho dù bạn là một nhiếp ảnh gia, biên tập video hay nghệ sĩ kỹ thuật số hoặc muốn xây dựng một hệ thống của riêng bạn, thì WD black chính là giải pháp của bạn.Ổ đĩa WD Black mang lại hiệu suất tuyệt vời trong việc lưu trữ các tệp đa phương tiện lớn như ảnh, video và các ứng dụng nặng.Dành cho các game thủNgoài hiệu năng hoàn hảo để chơi game, các ổ WB Black cung cấp dung lượng lưu trữ tuyệt vời cho các thư viện chơi game mỡ rộng của bạn, chẳng phải lo ngại về các game offline bom tấn với đồ họa và data khổng lồ. WD Black kết hợp với SSD sẽ cho PC bạn hiệu suất tối đa.Truyền dữ liệu tốc độ caoVới 256MB bộ nhớ cache trên các mô hình 4TB và 6TB, công nghệ bộ đệm động của WD cải thiện hiệu suất trong thời gian thực để phân bổ và tối ưu hóa bộ đệm giữ đọc và ghi.Xử lý lõi képỔ đĩa WD Black có bộ xử lý lõi kép cung cấp khả năng xử lý gấp đôi so với bộ xử lý lõi đơn tiêu chuẩn để tối đa hóa hiệu suất ổ đĩa, đặc biệt là để tải các trò chơi hoặc les đa phương tiện lớn.Tăng độ tin cậyCác ổ WD Black được trang bị Công nghệ StableTrac (2 TB và các model lớn hơn). Điều này đảm bảo trục động cơ bên trong ổ cứng để tăng độ tin cậy và giúp giảm tác động do rung động do hệ thống từ các thành phần khác.',
        1, 'https://product.hstatic.net/200000722513/product/hdd_wd_2tb_black_376ecdc3d4ab4616a27cdb28c92b9025_2e0c583d482e441982b77d7c3ba76bc2.jpg'
    );
INSERT INTO product_category (product_id, category_id) VALUES (171, 35);
INSERT INTO product_variant (
        product_id, name, seo_name, supplier_id, price, price_sale, quantity, sku, model, 
        specifications, description, warranty, image_url, release_at, created_by)
        VALUES ( 171, 'Ổ Cứng HDD WD 2TB Black', 'wd-hdd-2tb-black-7200rpm',
            1, 3500000, 3390000, 10, 'HDD-WD-BLACK-2TB',
            'HDD-WD-BLACK-2TB',
            '{"Nhà sản xuất": "Western Digital", "Bảo hành": "60 Tháng", "Chuẩn giao tiếp": "Sata III", "Kích thước": "26.1 x147x101.6 mm (Cao x Dài x Rộng", "Dung lượng": "2 TB", "Cache": "64M Cache", "RPM": "7200 rpm", "Tốc độ đọc": "~100MB/s", "Tốc độ ghi": "~100MB/s", "Trọng lượng": "0.60 kg"}',
            'Cho dù bạn là một nhiếp ảnh gia, biên tập video hay nghệ sĩ kỹ thuật số hoặc muốn xây dựng một hệ thống của riêng bạn, thì WD black chính là giải pháp của bạn.Ổ đĩa WD Black mang lại hiệu suất tuyệt vời trong việc lưu trữ các tệp đa phương tiện lớn như ảnh, video và các ứng dụng nặng.Dành cho các game thủNgoài hiệu năng hoàn hảo để chơi game, các ổ WB Black cung cấp dung lượng lưu trữ tuyệt vời cho các thư viện chơi game mỡ rộng của bạn, chẳng phải lo ngại về các game offline bom tấn với đồ họa và data khổng lồ. WD Black kết hợp với SSD sẽ cho PC bạn hiệu suất tối đa.Truyền dữ liệu tốc độ caoVới 256MB bộ nhớ cache trên các mô hình 4TB và 6TB, công nghệ bộ đệm động của WD cải thiện hiệu suất trong thời gian thực để phân bổ và tối ưu hóa bộ đệm giữ đọc và ghi.Xử lý lõi képỔ đĩa WD Black có bộ xử lý lõi kép cung cấp khả năng xử lý gấp đôi so với bộ xử lý lõi đơn tiêu chuẩn để tối đa hóa hiệu suất ổ đĩa, đặc biệt là để tải các trò chơi hoặc les đa phương tiện lớn.Tăng độ tin cậyCác ổ WD Black được trang bị Công nghệ StableTrac (2 TB và các model lớn hơn). Điều này đảm bảo trục động cơ bên trong ổ cứng để tăng độ tin cậy và giúp giảm tác động do rung động do hệ thống từ các thành phần khác.',
            12, 'https://product.hstatic.net/200000722513/product/hdd_wd_2tb_black_376ecdc3d4ab4616a27cdb28c92b9025_2e0c583d482e441982b77d7c3ba76bc2.jpg', '2023-06-03T11:02:18+00:00',1);
        
INSERT INTO product_image (name, product_variant_id, image_url, is_main)
VALUES
    ('Ảnh 1', 171, 'https://product.hstatic.net/200000722513/product/hdd_wd_2tb_black_376ecdc3d4ab4616a27cdb28c92b9025_2e0c583d482e441982b77d7c3ba76bc2.jpg', TRUE),
    ('Ảnh 2', 171, 'https://product.hstatic.net/200000722513/product/149_wd_black_2tb_wd2003fzex_6164a2dcf4694e99a8ddb37802d2cdcb.jpg', FALSE);
---
INSERT INTO product (name, seo_name, brand_id, specifications, description, created_by, image_url) 
    VALUES (
        'Ổ Cứng HDD WD 2TB Blue 7200RPM', 'hdd-wd-blue-2tb-7200rpm', 32,
        '"{\"Thương hiệu\": \"Western Digital\", \"Tên sản phẩm\": \"HDD WD Blue 2TB 7200rpm\", \"Bảo hành\": \"24 Tháng\", \"Giao thức kết nối\": \"SATA3 - 3.5\\\"\", \"Dung lượng\": \"2 TB\", \"Tốc độ quay\": \"7200 rpm\", \"Kích thước\": \"147 x 101,6 x 26,1 mm\", \"Kiểu dáng\": \"3.5\\\"\", \"Tốc độ đọc\": \"Lên tới 215Mb/s\", \"Tốc độ ghi\": \"Lên tới 215Mb/s\", \"Trọng lượng\": \"0,45 kg\"}"',
        'Tăng cường khả năng lưu trữ choPCcủa bạn với ổHDD WDBlue 2TB 7200rpm, thương hiệu được thiết kế hoàn hảo dành cho PC với các ứng dụng văn phòng và web.',
        1, 'https://product.hstatic.net/200000722513/product/gearvn-hdd-wd-blue-2tb-7200rpm-1_fa7b6220ded04738a7fca1ff18185232_25ae485065a74e5f9b86cdf04470409a.png'
    );
INSERT INTO product_category (product_id, category_id) VALUES (172, 35);
INSERT INTO product_variant (
        product_id, name, seo_name, supplier_id, price, price_sale, quantity, sku, model, 
        specifications, description, warranty, image_url, release_at, created_by)
        VALUES ( 172, 'Ổ Cứng HDD WD 2TB Blue 7200RPM', 'hdd-wd-blue-2tb-7200rpm',
            1, 1850000, 1790000, 10, 'HDD-WD-BLUE-2TB-7200',
            'HDD-WD-BLUE-2TB-7200',
            '{"Thương hiệu": "Western Digital", "Tên sản phẩm": "HDD WD Blue 2TB 7200rpm", "Bảo hành": "24 Tháng", "Giao thức kết nối": "SATA3 - 3.5\"", "Dung lượng": "2 TB", "Tốc độ quay": "7200 rpm", "Kích thước": "147 x 101,6 x 26,1 mm", "Kiểu dáng": "3.5\"", "Tốc độ đọc": "Lên tới 215Mb/s", "Tốc độ ghi": "Lên tới 215Mb/s", "Trọng lượng": "0,45 kg"}',
            'Tăng cường khả năng lưu trữ choPCcủa bạn với ổHDD WDBlue 2TB 7200rpm, thương hiệu được thiết kế hoàn hảo dành cho PC với các ứng dụng văn phòng và web.',
            12, 'https://product.hstatic.net/200000722513/product/gearvn-hdd-wd-blue-2tb-7200rpm-1_fa7b6220ded04738a7fca1ff18185232_25ae485065a74e5f9b86cdf04470409a.png', '2023-06-02T05:56:31+00:00',1);
        
INSERT INTO product_image (name, product_variant_id, image_url, is_main)
VALUES
    ('Ảnh 1', 172, 'https://product.hstatic.net/200000722513/product/gearvn-hdd-wd-blue-2tb-7200rpm-1_fa7b6220ded04738a7fca1ff18185232_25ae485065a74e5f9b86cdf04470409a.png', TRUE);
---
INSERT INTO product (name, seo_name, brand_id, specifications, description, created_by, image_url) 
    VALUES (
        'Ổ Cứng HDD WD 4TB Black', 'wd-hdd-4tb-black-7200rpm', 32,
        '"{\"Nhà sản xuất\": \"Western Digital\", \"Bảo hành\": \"60 tháng\", \"Chuẩn giao tiếp\": \"Sata III\", \"Kích thước\": \"26.1 x147x101.6 mm\", \"Dung lượng\": \"4 TB\", \"Cache\": \"64M\", \"RPM\": \"7200\", \"Tốc độ đọc\": \"~100 MB/s\", \"Tốc độ ghi\": \"~ 100MB/s\", \"Trọng lượng:\": \"0.75 kg\"}"',
        'Cho dù bạn là một nhiếp ảnh gia, biên tập video hay nghệ sĩ kỹ thuật số hoặc muốn xây dựng một hệ thống của riêng bạn, thì WD black chính là giải pháp của bạn.Ổ đĩa WD Black mang lại hiệu suất tuyệt vời trong việc lưu trữ các tệp đa phương tiện lớn như ảnh, video và các ứng dụng nặng.',
        1, 'https://product.hstatic.net/200000722513/product/hdd_wd_4tb_black_76bdbe4426c140219c2f7d378fa4fe87_6a7c2d0179ce4508a4f7808bed9f2f9c.jpg'
    );
INSERT INTO product_category (product_id, category_id) VALUES (173, 35);
INSERT INTO product_variant (
        product_id, name, seo_name, supplier_id, price, price_sale, quantity, sku, model, 
        specifications, description, warranty, image_url, release_at, created_by)
        VALUES ( 173, 'Ổ Cứng HDD WD 4TB Black', 'wd-hdd-4tb-black-7200rpm',
            1, 5200000, 4990000, 10, 'HDD-WD-BLACK-4TB',
            'HDD-WD-BLACK-4TB',
            '{"Nhà sản xuất": "Western Digital", "Bảo hành": "60 tháng", "Chuẩn giao tiếp": "Sata III", "Kích thước": "26.1 x147x101.6 mm", "Dung lượng": "4 TB", "Cache": "64M", "RPM": "7200", "Tốc độ đọc": "~100 MB/s", "Tốc độ ghi": "~ 100MB/s", "Trọng lượng:": "0.75 kg"}',
            'Cho dù bạn là một nhiếp ảnh gia, biên tập video hay nghệ sĩ kỹ thuật số hoặc muốn xây dựng một hệ thống của riêng bạn, thì WD black chính là giải pháp của bạn.Ổ đĩa WD Black mang lại hiệu suất tuyệt vời trong việc lưu trữ các tệp đa phương tiện lớn như ảnh, video và các ứng dụng nặng.',
            12, 'https://product.hstatic.net/200000722513/product/hdd_wd_4tb_black_76bdbe4426c140219c2f7d378fa4fe87_6a7c2d0179ce4508a4f7808bed9f2f9c.jpg', '2023-06-02T17:05:23+00:00',1);
        
INSERT INTO product_image (name, product_variant_id, image_url, is_main)
VALUES
    ('Ảnh 1', 173, 'https://product.hstatic.net/200000722513/product/hdd_wd_4tb_black_76bdbe4426c140219c2f7d378fa4fe87_6a7c2d0179ce4508a4f7808bed9f2f9c.jpg', TRUE);
---
INSERT INTO product (name, seo_name, brand_id, specifications, description, created_by, image_url) 
    VALUES (
        'Ổ Cứng HDD WD 4TB Blue', 'wd-hdd-4tb-blue-5400rpm', 32,
        '"{\"Hãng sản xuất\": \"Western Digital\", \"Bảo hành\": \"24 tháng\", \"Model\": \"WD40EZRZ\", \"Chuẩn giao tiếp\": \"Sata III\", \"Kích thước\": \"26.1 x 147 x 101.6 mm(Cao x dài x rộng)\", \"Dung lượng\": \"4 TB\", \"Cache\": \"64MB\", \"RPM\": \"5400\", \"Tốc độ đọc\": \"~100 MB/s\", \"Tốc độ ghi\": \"~ 100MB/s\", \"Nặng\": \"0.68kg\"}"',
        'Tăng cường khả năng lưu trữ cho PC của bạn với ổ Western Blue, thương hiệu được thiết kế hoàn hảo dành cho PC với các ứng dụng văn phòng và web.',
        1, 'https://product.hstatic.net/200000722513/product/wd_4tb_gearvn_5861f3c5c49a448c9db270261802aaa9_b78dea8a87144ee988231f44758138a3.png'
    );
INSERT INTO product_category (product_id, category_id) VALUES (174, 35);
INSERT INTO product_variant (
        product_id, name, seo_name, supplier_id, price, price_sale, quantity, sku, model, 
        specifications, description, warranty, image_url, release_at, created_by)
        VALUES ( 174, 'Ổ Cứng HDD WD 4TB Blue', 'wd-hdd-4tb-blue-5400rpm',
            1, 2890000, 2790000, 10, 'HDD-WD-BLUE-4TB',
            'HDD-WD-BLUE-4TB',
            '{"Hãng sản xuất": "Western Digital", "Bảo hành": "24 tháng", "Model": "WD40EZRZ", "Chuẩn giao tiếp": "Sata III", "Kích thước": "26.1 x 147 x 101.6 mm(Cao x dài x rộng)", "Dung lượng": "4 TB", "Cache": "64MB", "RPM": "5400", "Tốc độ đọc": "~100 MB/s", "Tốc độ ghi": "~ 100MB/s", "Nặng": "0.68kg"}',
            'Tăng cường khả năng lưu trữ cho PC của bạn với ổ Western Blue, thương hiệu được thiết kế hoàn hảo dành cho PC với các ứng dụng văn phòng và web.',
            12, 'https://product.hstatic.net/200000722513/product/wd_4tb_gearvn_5861f3c5c49a448c9db270261802aaa9_b78dea8a87144ee988231f44758138a3.png', '2023-09-11T07:13:45+00:00',1);
        
INSERT INTO product_image (name, product_variant_id, image_url, is_main)
VALUES
    ('Ảnh 1', 174, 'https://product.hstatic.net/200000722513/product/wd_4tb_gearvn_5861f3c5c49a448c9db270261802aaa9_b78dea8a87144ee988231f44758138a3.png', TRUE);
---
INSERT INTO product (name, seo_name, brand_id, specifications, description, created_by, image_url) 
    VALUES (
        'Ổ Cứng HDD WD 6TB Blue 5400rpm', 'wd-hdd-blue-6tb-5400rpm', 32,
        '"{\"-Là ổ cứng duy nhất có hai nhân xử lý\": \"nhân đôi sức mạnh xử lý để tối ưu hóa hiệu năng\", \"-Đáp ứng tốt nhất cho hệ thống cần độ nét cao\": \"tăng độ chính xác dữ liệu trên từng ổ đĩa\", \"-Cải thiện hiệu năng với tính năng Allframe\": \"giảm thiểu mất khung ảnh\", \"-Siêu nhanh\": \"Tốc độ vòng quay lên đến 10,000 RPM\", \"-Siêu bền\": \"thời gian hoạt động tin cậy (MTBF) lên đến 1.4 triệu giờ\", \"-Được thiết kế cho độ tin cậy và độ bền cao\": \"lên đến 1.4 triệu giờ thời gian hoạt động tin cậy (MTBF) và hoạt động liên tục 24x7x365\", \"-Khả năng bảo vệ rung động\": \"công nghệ tiên tiến RAFF giám sát ổ cứng và cân bằng rung động thời gian thực\"}"',
        'Ổ cứng dành cho máy tính cá nhân',
        1, 'https://product.hstatic.net/200000722513/product/hdd_wd_6tb_blue_e6b3dbf9878c480592a79af09c3f0c57_69b20c6af9784f4d9a52fd21b3aaa471.jpg'
    );
INSERT INTO product_category (product_id, category_id) VALUES (175, 35);
INSERT INTO product_variant (
        product_id, name, seo_name, supplier_id, price, price_sale, quantity, sku, model, 
        specifications, description, warranty, image_url, release_at, created_by)
        VALUES ( 175, 'Ổ Cứng HDD WD 6TB Blue 5400rpm', 'wd-hdd-blue-6tb-5400rpm',
            1, 4890000, 4490000, 10, 'HDD-WD-BLUE-6TB-5400',
            'HDD-WD-BLUE-6TB-5400',
            '{"-Là ổ cứng duy nhất có hai nhân xử lý": "nhân đôi sức mạnh xử lý để tối ưu hóa hiệu năng", "-Đáp ứng tốt nhất cho hệ thống cần độ nét cao": "tăng độ chính xác dữ liệu trên từng ổ đĩa", "-Cải thiện hiệu năng với tính năng Allframe": "giảm thiểu mất khung ảnh", "-Siêu nhanh": "Tốc độ vòng quay lên đến 10,000 RPM", "-Siêu bền": "thời gian hoạt động tin cậy (MTBF) lên đến 1.4 triệu giờ", "-Được thiết kế cho độ tin cậy và độ bền cao": "lên đến 1.4 triệu giờ thời gian hoạt động tin cậy (MTBF) và hoạt động liên tục 24x7x365", "-Khả năng bảo vệ rung động": "công nghệ tiên tiến RAFF giám sát ổ cứng và cân bằng rung động thời gian thực"}',
            'Ổ cứng dành cho máy tính cá nhân',
            12, 'https://product.hstatic.net/200000722513/product/hdd_wd_6tb_blue_e6b3dbf9878c480592a79af09c3f0c57_69b20c6af9784f4d9a52fd21b3aaa471.jpg', '2023-10-09T08:07:59+00:00',1);
        
INSERT INTO product_image (name, product_variant_id, image_url, is_main)
VALUES
    ('Ảnh 1', 175, 'https://product.hstatic.net/200000722513/product/hdd_wd_6tb_blue_e6b3dbf9878c480592a79af09c3f0c57_69b20c6af9784f4d9a52fd21b3aaa471.jpg', TRUE),
    ('Ảnh 2', 175, 'https://product.hstatic.net/200000722513/product/hdd_wd_blue_1t_92581f557caf4698b34ff03a1db56c70.png', FALSE);
---
INSERT INTO product (name, seo_name, brand_id, specifications, description, created_by, image_url) 
    VALUES (
        'Ổ Cứng HDD WD Red Plus 6TB 5400RPM', 'o-cung-hdd-wd-red-plus-6tb-5400rpm', 32,
        '"{\"Nhà sản xuất\": \"Western Digital\", \"Bảo hành\": \"24 Tháng\", \"Chuẩn giao tiếp\": \"Sata III\", \"Kích thước\": \"25.4 x147x101.6 mm (Cao x Dài x Rộng)\", \"Dung lượng\": \"6 TB\", \"Cache\": \"128M Cache\", \"RPM\": \"5400 rpm\", \"Trọng lượng\": \"0.45 kg\"}"',
        '',
        1, 'https://product.hstatic.net/200000722513/product/-iii-128mb-cache-5400rpm-wd60efzx-c85c8373-881c-42e4-a1f7-34dc8b5f35a8_f78db0501c03449e871c9be8d73ff2c7.png'
    );
INSERT INTO product_category (product_id, category_id) VALUES (176, 35);
INSERT INTO product_variant (
        product_id, name, seo_name, supplier_id, price, price_sale, quantity, sku, model, 
        specifications, description, warranty, image_url, release_at, created_by)
        VALUES ( 176, 'Ổ Cứng HDD WD Red Plus 6TB 5400RPM', 'o-cung-hdd-wd-red-plus-6tb-5400rpm',
            1, 0, 4690000, 10, 'HDD-WD-RED-PLUS-6TB-5400',
            'HDD-WD-RED-PLUS-6TB-5400',
            '{"Nhà sản xuất": "Western Digital", "Bảo hành": "24 Tháng", "Chuẩn giao tiếp": "Sata III", "Kích thước": "25.4 x147x101.6 mm (Cao x Dài x Rộng)", "Dung lượng": "6 TB", "Cache": "128M Cache", "RPM": "5400 rpm", "Trọng lượng": "0.45 kg"}',
            '',
            12, 'https://product.hstatic.net/200000722513/product/-iii-128mb-cache-5400rpm-wd60efzx-c85c8373-881c-42e4-a1f7-34dc8b5f35a8_f78db0501c03449e871c9be8d73ff2c7.png', '2023-10-09T08:12:17+00:00',1);
        
INSERT INTO product_image (name, product_variant_id, image_url, is_main)
VALUES
    ('Ảnh 1', 176, 'https://product.hstatic.net/200000722513/product/-iii-128mb-cache-5400rpm-wd60efzx-c85c8373-881c-42e4-a1f7-34dc8b5f35a8_f78db0501c03449e871c9be8d73ff2c7.png', TRUE);
---
INSERT INTO product (name, seo_name, brand_id, specifications, description, created_by, image_url) 
    VALUES (
        'Ổ Cứng HDD Seagate 1TB 2.5" for Laptop - ST1000LM048', 'o-cung-hdd-seagate-1tb-2-5inch-sata-3-st1000lm048', 33,
        '"{\"Thương hiệu\": \"SeaGate\", \"Tên sản phẩm\": \"Ổ cứng HDD Seagate 1TB Barracuda 2.5inch SATA 3 - ST1000LM048\", \"Bảo hành\": \"24 Tháng\", \"Giao thức kết nối\": \"SATA3 - 2.5\\\"\", \"Dung lượng\": \"1 TB\", \"Tốc độ quay\": \"5400 rpm\", \"Bộ nhớ cache\": \"128 Mb\", \"Kích thước\": \"100 x 69,9 x 7 mm\", \"Kiểu dáng\": \"2.5\\\"\", \"Tốc độ đọc\": \"Lên tới 140Mb/s\", \"Tốc độ ghi\": \"Lên tới 140Mb/s\", \"Tính năng nổi bật\": \"- Với tốc độ xử lí dữ liệu nhanh gấp 5 lần những ổ cứng thông thường thì việc trải nghiệm game hay những ứng dụng đòi hỏi tốc độ xử lí cao sẽ trở nên đơn giản hơn. Kết nối SATA tốc độ cao lên tới 6Gb/s.- Tính năng Green Hybrid ™ giúp giảm mức tiêu thụ năng lượng của thiết bị, giúp người dùng tăng tuổi thọ ổ cứng của họ và giảm chi phí của họ với một ổ cứng tiết kiệm năng lượng.- Multi-Tier Caching Technology™ (MTC) nâng cao hiệu suất bằng cách sử dụng NAND flash, DRAM và công nghệ media caching, cho phép người dùng tải ứng dụng và các tập tin thậm chí nhanh hơn.- Adaptive Memory™ là công nghệ xác định dữ liệu thường xuyên truy cập, do đó cung cấp dữ liệu nhanh hơn, tiêu thụ ít năng lượng hơn và kéo dài tuổi thọ ổ cứng.\"}"',
        'Với chất lượng vượt trội và hiệu năng cao. HDD Seagate Barracuda&nbsp;là một sự lựa chọn tối ưu khi bạn muốn nâng cấp ổ cứng.Dung lượng cao và tốc độ đọc ghi nhanh hơn 5 lần ổ cứng thông thường. Giờ đây mọi thao tác trên máy tính của bạn diễn ra một cách nhanh chóng và mượt mà nhất có thể. Tăng hiệu năng toàn bộ của máy tính lên rất nhiều.',
        1, 'https://product.hstatic.net/200000722513/product/te-1tb-2-5inch-sata-3-st1000lm048-666_4b01840fcb6e4de1b456700365dd9916_9a99a5a20878418eb1e98509f208c101.jpg'
    );
INSERT INTO product_category (product_id, category_id) VALUES (177, 35);
INSERT INTO product_variant (
        product_id, name, seo_name, supplier_id, price, price_sale, quantity, sku, model, 
        specifications, description, warranty, image_url, release_at, created_by)
        VALUES ( 177, 'Ổ Cứng HDD Seagate 1TB 2.5" for Laptop - ST1000LM048', 'o-cung-hdd-seagate-1tb-2-5inch-sata-3-st1000lm048',
            1, 1590000, 1390000, 10, 'HDD-SEA-BARA-1TB-LAPTOP-ST1000LM048',
            'HDD-SEA-BARA-1TB-LAPTOP-ST1000LM048',
            '{"Thương hiệu": "SeaGate", "Tên sản phẩm": "Ổ cứng HDD Seagate 1TB Barracuda 2.5inch SATA 3 - ST1000LM048", "Bảo hành": "24 Tháng", "Giao thức kết nối": "SATA3 - 2.5\"", "Dung lượng": "1 TB", "Tốc độ quay": "5400 rpm", "Bộ nhớ cache": "128 Mb", "Kích thước": "100 x 69,9 x 7 mm", "Kiểu dáng": "2.5\"", "Tốc độ đọc": "Lên tới 140Mb/s", "Tốc độ ghi": "Lên tới 140Mb/s", "Tính năng nổi bật": "- Với tốc độ xử lí dữ liệu nhanh gấp 5 lần những ổ cứng thông thường thì việc trải nghiệm game hay những ứng dụng đòi hỏi tốc độ xử lí cao sẽ trở nên đơn giản hơn. Kết nối SATA tốc độ cao lên tới 6Gb/s.- Tính năng Green Hybrid ™ giúp giảm mức tiêu thụ năng lượng của thiết bị, giúp người dùng tăng tuổi thọ ổ cứng của họ và giảm chi phí của họ với một ổ cứng tiết kiệm năng lượng.- Multi-Tier Caching Technology™ (MTC) nâng cao hiệu suất bằng cách sử dụng NAND flash, DRAM và công nghệ media caching, cho phép người dùng tải ứng dụng và các tập tin thậm chí nhanh hơn.- Adaptive Memory™ là công nghệ xác định dữ liệu thường xuyên truy cập, do đó cung cấp dữ liệu nhanh hơn, tiêu thụ ít năng lượng hơn và kéo dài tuổi thọ ổ cứng."}',
            'Với chất lượng vượt trội và hiệu năng cao. HDD Seagate Barracuda&nbsp;là một sự lựa chọn tối ưu khi bạn muốn nâng cấp ổ cứng.Dung lượng cao và tốc độ đọc ghi nhanh hơn 5 lần ổ cứng thông thường. Giờ đây mọi thao tác trên máy tính của bạn diễn ra một cách nhanh chóng và mượt mà nhất có thể. Tăng hiệu năng toàn bộ của máy tính lên rất nhiều.',
            12, 'https://product.hstatic.net/200000722513/product/te-1tb-2-5inch-sata-3-st1000lm048-666_4b01840fcb6e4de1b456700365dd9916_9a99a5a20878418eb1e98509f208c101.jpg', '2023-06-03T07:26:09+00:00',1);
        
INSERT INTO product_image (name, product_variant_id, image_url, is_main)
VALUES
    ('Ảnh 1', 177, 'https://product.hstatic.net/200000722513/product/te-1tb-2-5inch-sata-3-st1000lm048-666_4b01840fcb6e4de1b456700365dd9916_9a99a5a20878418eb1e98509f208c101.jpg', TRUE),
    ('Ảnh 2', 177, 'https://product.hstatic.net/200000722513/product/eagate-1tb-2-5inch-sata-3-st1000lm048_fbf6d0184a89436eb7b2c7865515a7d4_c202912612ff416ebe41e758f4a0327b.jpg', FALSE),
    ('Ảnh 3', 177, 'https://product.hstatic.net/200000722513/product/gate-1tb-2-5inch-sata-3-st1000lm048-1_5a58061bd3664f5c8deef14f7e677c69_9352510931b1449daa267f880a0ae0ef.jpg', FALSE),
    ('Ảnh 4', 177, 'https://product.hstatic.net/200000722513/product/gate-1tb-2-5inch-sata-3-st1000lm048-2_9836ecb092e44da78a2955510a558425_9c6f2489de0e4d0f8011f0923c5344ce.jpg', FALSE),
    ('Ảnh 5', 177, 'https://product.hstatic.net/200000722513/product/gate-1tb-2-5inch-sata-3-st1000lm048-3_6586ade306234c27835e4d89a3afb2e0_afd0a998891a45d68228e61ea67876dc.jpg', FALSE);
---
