INSERT INTO product (name, seo_name, brand_id, specifications, description, created_by, image_url) 
    VALUES (
        'Ổ cứng SSD Samsung 9100 PRO NVMe M.2 1TB Gen5', 'o-cung-ssd-samsung-9100-pro-nvme-m-2-1tb-gen5', 16,
        '"{}"',
        'Ổ cứng SSD Samsung9100 PRO NVMe M.2 1TB Gen5 là một trong những sản phẩm đột phá trong lĩnh vực lưu trữ, mang đến trải nghiệm hiệu suất vượt trội cho người dùng cần tốc độ truy xuất dữ liệu nhanh chóng. Sản phẩm này hứa hẹn sẽ đáp ứng nhu cầu lưu trữ cao từ game thủ, người sáng tạo nội dung đến các chuyên gia IT.',
        1, 'https://product.hstatic.net/200000722513/product/vn-9100-pro-nvme-m2-ssd-mz-vap1t0bw-545216273_15c52dd5f45a465a81f99f0bf75577e2.png'
    );
INSERT INTO product_category (product_id, category_id) VALUES (771, 36);
INSERT INTO product_variant (
        product_id, name, seo_name, supplier_id, price, price_sale, quantity, sku, model, 
        specifications, description, warranty, image_url, release_at, created_by)
        VALUES ( 722, 'Ổ cứng SSD Samsung 9100 PRO NVMe M.2 1TB Gen5', 'o-cung-ssd-samsung-9100-pro-nvme-m-2-1tb-gen5',
            1, 6390000, 5990000, 10, 'SSD-SAM-9100-PRO-M2-NVME-GEN5-1TB',
            'SSD-SAM-9100-PRO-M2-NVME-GEN5-1TB',
            '{}',
            'Ổ cứng SSD Samsung9100 PRO NVMe M.2 1TB Gen5 là một trong những sản phẩm đột phá trong lĩnh vực lưu trữ, mang đến trải nghiệm hiệu suất vượt trội cho người dùng cần tốc độ truy xuất dữ liệu nhanh chóng. Sản phẩm này hứa hẹn sẽ đáp ứng nhu cầu lưu trữ cao từ game thủ, người sáng tạo nội dung đến các chuyên gia IT.',
            12, 'https://product.hstatic.net/200000722513/product/vn-9100-pro-nvme-m2-ssd-mz-vap1t0bw-545216273_15c52dd5f45a465a81f99f0bf75577e2.png', '2025-07-09T06:41:46+00:00',1);
        
INSERT INTO product_image (name, product_variant_id, image_url, is_main)
VALUES
    ('Ảnh 1', 722, 'https://product.hstatic.net/200000722513/product/vn-9100-pro-nvme-m2-ssd-mz-vap1t0bw-545216273_15c52dd5f45a465a81f99f0bf75577e2.png', TRUE),
    ('Ảnh 2', 722, 'https://product.hstatic.net/200000722513/product/vn-9100-pro-nvme-m2-ssd-mz-vap1t0bw-545216273_01_c9d00a78c93140cd903cd16b0f094ec0.png', FALSE),
    ('Ảnh 3', 722, 'https://product.hstatic.net/200000722513/product/vn-9100-pro-nvme-m2-ssd-mz-vap1t0bw-545216275_db9c94155c8a411fa2879ead1b28cd0e.png', FALSE),
    ('Ảnh 4', 722, 'https://product.hstatic.net/200000722513/product/vn-9100-pro-nvme-m2-ssd-mz-vap1t0bw-545216276_b161c626dfdb461d90bfec391e9fc23a.png', FALSE),
    ('Ảnh 5', 722, 'https://product.hstatic.net/200000722513/product/vn-9100-pro-nvme-m2-ssd-mz-vap1t0bw-545216278_a2874c88702a4395a8e62be54425c360.png', FALSE);
---
INSERT INTO product (name, seo_name, brand_id, specifications, description, created_by, image_url) 
    VALUES (
        'Ổ Cứng SSD SSTC Megamouth 256GB Sata3', 'o-cung-ssd-sstc-megamouth-256gb-sata3', 50,
        '"{\"Dung lượng\": \"256 GB\", \"Chuẩn giao tiếp\": \"SATA III 6GB/s\", \"Kích thước\": \"2,5 inch\", \"Tốc độ đọc\": \"Lên đến 500MB/s\", \"Tốc độ ghi\": \"Lên đến 490MB/s\"}"',
        'Với mẫu ổ cứng này mặc dù năng suất không vượt trội so với các ổ cứng cao cấp khác nhưng khi so sánh với các mẫuổ cứngtruyền thống HDD hiệu suất của&nbsp;SSD SSTC Megamouth 256GB Sata3&nbsp;lại vượt trội hơn hẳn.Ngoài ra với kích thước nhỏ gọn chỉ&nbsp; 2.5 inch&nbsp;SSD SSTC Megamouth 256GB Sata3 không chiếm nhiều diện tích khi được lắp vào vớicác bộ&nbsp;PC hay laptop. Bạn có thể đề giành các không gian đó để đi thêm các tản nhiệt,card màn hìnhcho mình.Như đã nói ở trên với hiệu suất làm việc, tốc độ sử lý cũng như giá cả vừa phải&nbsp;SSD SSTC Megamouth 256GB Sata3&nbsp;phù hợp cho những ai muốn nâng cấp mở rộng dung lượng của máy tính. Nếu nhu cầu đòi hỏi bạn cần có một hiệu suất làm việc ở mức cao hơn thì người dùng nên cân nhắc thêm các lựa chọn ổ cứng cao cấp hơn đang có bán tại GEARVN.',
        1, 'https://product.hstatic.net/200000722513/product/sstc_megamouth_569ea8460fc94834b79079483636b580.png'
    );
INSERT INTO product_category (product_id, category_id) VALUES (771, 36);
INSERT INTO product_variant (
        product_id, name, seo_name, supplier_id, price, price_sale, quantity, sku, model, 
        specifications, description, warranty, image_url, release_at, created_by)
        VALUES ( 723, 'Ổ Cứng SSD SSTC Megamouth 256GB Sata3', 'o-cung-ssd-sstc-megamouth-256gb-sata3',
            1, 990000, 590000, 10, 'SSD-SSTC-MEGA-MOUTH-256GB-SATA3',
            'SSD-SSTC-MEGA-MOUTH-256GB-SATA3',
            '{"Dung lượng": "256 GB", "Chuẩn giao tiếp": "SATA III 6GB/s", "Kích thước": "2,5 inch", "Tốc độ đọc": "Lên đến 500MB/s", "Tốc độ ghi": "Lên đến 490MB/s"}',
            'Với mẫu ổ cứng này mặc dù năng suất không vượt trội so với các ổ cứng cao cấp khác nhưng khi so sánh với các mẫuổ cứngtruyền thống HDD hiệu suất của&nbsp;SSD SSTC Megamouth 256GB Sata3&nbsp;lại vượt trội hơn hẳn.Ngoài ra với kích thước nhỏ gọn chỉ&nbsp; 2.5 inch&nbsp;SSD SSTC Megamouth 256GB Sata3 không chiếm nhiều diện tích khi được lắp vào vớicác bộ&nbsp;PC hay laptop. Bạn có thể đề giành các không gian đó để đi thêm các tản nhiệt,card màn hìnhcho mình.Như đã nói ở trên với hiệu suất làm việc, tốc độ sử lý cũng như giá cả vừa phải&nbsp;SSD SSTC Megamouth 256GB Sata3&nbsp;phù hợp cho những ai muốn nâng cấp mở rộng dung lượng của máy tính. Nếu nhu cầu đòi hỏi bạn cần có một hiệu suất làm việc ở mức cao hơn thì người dùng nên cân nhắc thêm các lựa chọn ổ cứng cao cấp hơn đang có bán tại GEARVN.',
            12, 'https://product.hstatic.net/200000722513/product/sstc_megamouth_569ea8460fc94834b79079483636b580.png', '2024-11-20T03:24:19+00:00',1);
        
INSERT INTO product_image (name, product_variant_id, image_url, is_main)
VALUES
    ('Ảnh 1', 723, 'https://product.hstatic.net/200000722513/product/sstc_megamouth_569ea8460fc94834b79079483636b580.png', TRUE);
---
INSERT INTO product (name, seo_name, brand_id, specifications, description, created_by, image_url) 
    VALUES (
        'Ổ Cứng SSD SSTC Oceanic Whitetip MAX III 512GB M.2 NVME GEN3', 'o-cung-ssd-sstc-oceanic-whitetip-max-iii-512gb-m2-gen3', 50,
        '"{\"Dung lượng\": \"512 GB\", \"Chuẩn giao tiếp\": \"PCIe Gen 3\", \"Kích thước\": \"M.2 2280\", \"Tốc độ đọc\": \"Lên đến 3500MB/s\", \"Tốc độ ghi\": \"Lên đến 3150MB/s\", \"Độ bền (TBW)\": \"600TB\"}"',
        '',
        1, 'https://product.hstatic.net/200000722513/product/sstc-oceanic-whitetip-nvme-m.2_0a0ba19d9f98496cb1d31696bbe52b16.png'
    );
INSERT INTO product_category (product_id, category_id) VALUES (771, 36);
INSERT INTO product_variant (
        product_id, name, seo_name, supplier_id, price, price_sale, quantity, sku, model, 
        specifications, description, warranty, image_url, release_at, created_by)
        VALUES ( 724, 'Ổ Cứng SSD SSTC Oceanic Whitetip MAX III 512GB M.2 NVME GEN3', 'o-cung-ssd-sstc-oceanic-whitetip-max-iii-512gb-m2-gen3',
            1, 1490000, 1090000, 10, 'SSD-SSTC-OCE-WHI-MAX-III-512GB-M2-GEN3',
            'SSD-SSTC-OCE-WHI-MAX-III-512GB-M2-GEN3',
            '{"Dung lượng": "512 GB", "Chuẩn giao tiếp": "PCIe Gen 3", "Kích thước": "M.2 2280", "Tốc độ đọc": "Lên đến 3500MB/s", "Tốc độ ghi": "Lên đến 3150MB/s", "Độ bền (TBW)": "600TB"}',
            '',
            12, 'https://product.hstatic.net/200000722513/product/sstc-oceanic-whitetip-nvme-m.2_0a0ba19d9f98496cb1d31696bbe52b16.png', '2024-11-20T03:22:52+00:00',1);
        
INSERT INTO product_image (name, product_variant_id, image_url, is_main)
VALUES
    ('Ảnh 1', 724, 'https://product.hstatic.net/200000722513/product/sstc-oceanic-whitetip-nvme-m.2_0a0ba19d9f98496cb1d31696bbe52b16.png', TRUE),
    ('Ảnh 2', 724, 'https://product.hstatic.net/200000722513/product/sstc-oceanic-whitetip-nvme-m.2-2_b8248a46cc9e4592a1852d7470c14537.png', FALSE);
---
INSERT INTO product (name, seo_name, brand_id, specifications, description, created_by, image_url) 
    VALUES (
        'Ổ Cứng SSD WD Blue SN5000 2TB M.2 NVMe PCIe Gen4 (WDS200T4B0E)', 'o-cung-ssd-wd-blue-sn5000-2tb-m-2-nvme-pcie-gen4-wds200t4b0e', 32,
        '"{\"Model\": \"SSD WDBlue SN5000 500GB M.2 NVMe PCIe Gen4\", \"Dung lượng\": \"500GB\", \"Chuẩn giao tiếp\": \"PCIe Gen4 x4\", \"DRAM\": \"HMB (Bộ đệm bộ nhớ máy chủ)\", \"NAND\": \"3D NAND TLC\", \"Kích thước\": \"M.2 2280\", \"Tốc độ đọc\": \"5150MB/s\", \"Tốc độ ghi\": \"4850MB/s\", \"Đọc ngẫu nhiên\": \"650,000 IOPS\", \"Ghi ngẫu nhiên\": \"770,000 4KB IOPS\", \"Độ bền (TBW)\": \"900\", \"Phần mềm\": \"Acronis True Image for Western Digital\"}"',
        'Acronis True Image for Western Digital',
        1, 'https://product.hstatic.net/200000722513/product/wd_blue_sn5000_nvme_ssd_2tb_front_hr_edbe8ea5af40466da3b943afcf7eee67.png'
    );
INSERT INTO product_category (product_id, category_id) VALUES (771, 36);
INSERT INTO product_variant (
        product_id, name, seo_name, supplier_id, price, price_sale, quantity, sku, model, 
        specifications, description, warranty, image_url, release_at, created_by)
        VALUES ( 725, 'Ổ Cứng SSD WD Blue SN5000 2TB M.2 NVMe PCIe Gen4 (WDS200T4B0E)', 'o-cung-ssd-wd-blue-sn5000-2tb-m-2-nvme-pcie-gen4-wds200t4b0e',
            1, 0, 5290000, 10, 'SSD-WD-BLUE-SN5000-M2-2TB-GEN4',
            'SSD-WD-BLUE-SN5000-M2-2TB-GEN4',
            '{"Model": "SSD WDBlue SN5000 500GB M.2 NVMe PCIe Gen4", "Dung lượng": "500GB", "Chuẩn giao tiếp": "PCIe Gen4 x4", "DRAM": "HMB (Bộ đệm bộ nhớ máy chủ)", "NAND": "3D NAND TLC", "Kích thước": "M.2 2280", "Tốc độ đọc": "5150MB/s", "Tốc độ ghi": "4850MB/s", "Đọc ngẫu nhiên": "650,000 IOPS", "Ghi ngẫu nhiên": "770,000 4KB IOPS", "Độ bền (TBW)": "900", "Phần mềm": "Acronis True Image for Western Digital"}',
            'Acronis True Image for Western Digital',
            12, 'https://product.hstatic.net/200000722513/product/wd_blue_sn5000_nvme_ssd_2tb_front_hr_edbe8ea5af40466da3b943afcf7eee67.png', '2024-10-10T04:20:17+00:00',1);
        
INSERT INTO product_image (name, product_variant_id, image_url, is_main)
VALUES
    ('Ảnh 1', 725, 'https://product.hstatic.net/200000722513/product/wd_blue_sn5000_nvme_ssd_2tb_front_hr_edbe8ea5af40466da3b943afcf7eee67.png', TRUE),
    ('Ảnh 2', 725, 'https://product.hstatic.net/200000722513/product/wd_blue_sn5000_nvme_ssd_2tb_left_hr_09ee04c07d4348c98c4ba359e2b8387d.png', FALSE),
    ('Ảnh 3', 725, 'https://product.hstatic.net/200000722513/product/wd_blue_sn5000_nvme_ssd_2tb_tilt_hr_af3e427dff854493ab56cee22a4056be.png', FALSE);
---
INSERT INTO product (name, seo_name, brand_id, specifications, description, created_by, image_url) 
    VALUES (
        'Ổ Cứng SSD WD Blue SN5000 500GB M.2 NVMe PCIe Gen4 (WDS500G4B0E)', 'o-cung-ssd-wd-blue-sn5000-500gb-m-2-nvme-pcie-gen4-wds500g4b0e', 32,
        '"{\"Model\": \"SSD WDBlue SN5000 500GB M.2 NVMe PCIe Gen4\", \"Dung lượng\": \"500GB\", \"Chuẩn giao tiếp\": \"PCIe Gen4 x4\", \"DRAM\": \"HMB (Bộ đệm bộ nhớ máy chủ)\", \"NAND\": \"3D NAND TLC\", \"Kích thước\": \"M.2 2280\", \"Tốc độ đọc\": \"5000MB/s\", \"Tốc độ ghi\": \"4000MB/s\", \"Đọc ngẫu nhiên\": \"460,000 IOPS\", \"Ghi ngẫu nhiên\": \"770,000 4KB IOPS\", \"Độ bền (TBW)\": \"300\", \"Phần mềm\": \"Acronis True Image for Western Digital\"}"',
        'Acronis True Image for Western Digital',
        1, 'https://product.hstatic.net/200000722513/product/wd_blue_sn5000_nvme_ssd_500gb_front_hr_a5c1f46f6b994c99b29d49d920e1a8cd.png'
    );
INSERT INTO product_category (product_id, category_id) VALUES (771, 36);
INSERT INTO product_variant (
        product_id, name, seo_name, supplier_id, price, price_sale, quantity, sku, model, 
        specifications, description, warranty, image_url, release_at, created_by)
        VALUES ( 726, 'Ổ Cứng SSD WD Blue SN5000 500GB M.2 NVMe PCIe Gen4 (WDS500G4B0E)', 'o-cung-ssd-wd-blue-sn5000-500gb-m-2-nvme-pcie-gen4-wds500g4b0e',
            1, 1890000, 1490000, 10, 'SSD-WD-BLUE-SN5000-M2-500GB-GEN4',
            'SSD-WD-BLUE-SN5000-M2-500GB-GEN4',
            '{"Model": "SSD WDBlue SN5000 500GB M.2 NVMe PCIe Gen4", "Dung lượng": "500GB", "Chuẩn giao tiếp": "PCIe Gen4 x4", "DRAM": "HMB (Bộ đệm bộ nhớ máy chủ)", "NAND": "3D NAND TLC", "Kích thước": "M.2 2280", "Tốc độ đọc": "5000MB/s", "Tốc độ ghi": "4000MB/s", "Đọc ngẫu nhiên": "460,000 IOPS", "Ghi ngẫu nhiên": "770,000 4KB IOPS", "Độ bền (TBW)": "300", "Phần mềm": "Acronis True Image for Western Digital"}',
            'Acronis True Image for Western Digital',
            12, 'https://product.hstatic.net/200000722513/product/wd_blue_sn5000_nvme_ssd_500gb_front_hr_a5c1f46f6b994c99b29d49d920e1a8cd.png', '2024-10-10T04:20:13+00:00',1);
        
INSERT INTO product_image (name, product_variant_id, image_url, is_main)
VALUES
    ('Ảnh 1', 726, 'https://product.hstatic.net/200000722513/product/wd_blue_sn5000_nvme_ssd_500gb_front_hr_a5c1f46f6b994c99b29d49d920e1a8cd.png', TRUE),
    ('Ảnh 2', 726, 'https://product.hstatic.net/200000722513/product/wd_blue_sn5000_nvme_ssd_500gb_left_hr_45b056aca6f34efd841337421f5457b9.png', FALSE),
    ('Ảnh 3', 726, 'https://product.hstatic.net/200000722513/product/wd_blue_sn5000_nvme_ssd_500gb_tilt_hr_18a0abe997554789bfff301154ffaaf6.png', FALSE);
---
INSERT INTO product (name, seo_name, brand_id, specifications, description, created_by, image_url) 
    VALUES (
        'Ổ Cứng SSD WD Blue SN5000 1TB M.2 NVMe PCIe Gen4 (WDS100T4B0E)', 'o-cung-ssd-wd-blue-sn5000-1tb-m-2-nvme-pcie-gen4-wds100t4b0e', 32,
        '"{\"Model\": \"SSD WDBlue SN5000 1TB M.2 NVMe PCIe Gen4\", \"Dung lượng\": \"1TB\", \"Chuẩn giao tiếp\": \"PCIe Gen4 x4\", \"DRAM\": \"HMB (Bộ đệm bộ nhớ máy chủ)\", \"NAND\": \"3D NAND TLC\", \"Kích thước\": \"M.2 2280\", \"Tốc độ đọc\": \"5100MB/s\", \"Tốc độ ghi\": \"4900MB/s\", \"Đọc ngẫu nhiên\": \"730,000 IOPS\", \"Ghi ngẫu nhiên\": \"770,000 4KB IOPS\", \"Độ bền (TBW)\": \"600\", \"Phần mềm\": \"Acronis True Image for Western Digital\"}"',
        'Acronis True Image for Western Digital',
        1, 'https://product.hstatic.net/200000722513/product/wd_blue_sn5000_nvme_ssd_1tb_front_hr_e982415536014366ae8d5f14a76739c5.png'
    );
INSERT INTO product_category (product_id, category_id) VALUES (771, 36);
INSERT INTO product_variant (
        product_id, name, seo_name, supplier_id, price, price_sale, quantity, sku, model, 
        specifications, description, warranty, image_url, release_at, created_by)
        VALUES ( 727, 'Ổ Cứng SSD WD Blue SN5000 1TB M.2 NVMe PCIe Gen4 (WDS100T4B0E)', 'o-cung-ssd-wd-blue-sn5000-1tb-m-2-nvme-pcie-gen4-wds100t4b0e',
            1, 2690000, 2290000, 10, 'SSD-WD-BLUE-SN5000-M2-1TB-GEN4',
            'SSD-WD-BLUE-SN5000-M2-1TB-GEN4',
            '{"Model": "SSD WDBlue SN5000 1TB M.2 NVMe PCIe Gen4", "Dung lượng": "1TB", "Chuẩn giao tiếp": "PCIe Gen4 x4", "DRAM": "HMB (Bộ đệm bộ nhớ máy chủ)", "NAND": "3D NAND TLC", "Kích thước": "M.2 2280", "Tốc độ đọc": "5100MB/s", "Tốc độ ghi": "4900MB/s", "Đọc ngẫu nhiên": "730,000 IOPS", "Ghi ngẫu nhiên": "770,000 4KB IOPS", "Độ bền (TBW)": "600", "Phần mềm": "Acronis True Image for Western Digital"}',
            'Acronis True Image for Western Digital',
            12, 'https://product.hstatic.net/200000722513/product/wd_blue_sn5000_nvme_ssd_1tb_front_hr_e982415536014366ae8d5f14a76739c5.png', '2024-10-10T04:20:10+00:00',1);
        
INSERT INTO product_image (name, product_variant_id, image_url, is_main)
VALUES
    ('Ảnh 1', 727, 'https://product.hstatic.net/200000722513/product/wd_blue_sn5000_nvme_ssd_1tb_front_hr_e982415536014366ae8d5f14a76739c5.png', TRUE),
    ('Ảnh 2', 727, 'https://product.hstatic.net/200000722513/product/wd_blue_sn5000_nvme_ssd_1tb_left_hr_3fd433d0129846a4b11b865bbc46ceab.png', FALSE),
    ('Ảnh 3', 727, 'https://product.hstatic.net/200000722513/product/wd_blue_sn5000_nvme_ssd_1tb_tilt_hr_0ca28d7ee49d4a5da34fc6b08e56b2ba.png', FALSE);
---
INSERT INTO product (name, seo_name, brand_id, specifications, description, created_by, image_url) 
    VALUES (
        'Ổ cứng SSD Kingston NV3 2TB M.2 PCIe NVMe Gen4', 'o-cung-ssd-kingston-nv3-2tb-m-2-pcie-nvme-gen4', 41,
        '"{\"Thương hiệu\": \"Kingston\", \"Bảo hành\": \"36&nbsp;tháng\", \"Kích thước\": \"M.2 2280\", \"Giao diện\": \"PCIe 4.0 x4 NVMe\", \"NAND\": \"3D\", \"Mức dung lượng\": \"500GB\", \"Đọc/ghi tuần tự\": \"6.000/5.000 MB/giây\", \"Độ bền\": \"640TB\", \"Nhiệt độ bảo quản\": \"-40°C~85°C\", \"Nhiệt độ vận hành\": \"0°C~70°C\", \"Kích thước chuẩn\": \"22 mm x 80 mm x 2,1 mm\", \"Trọng lượng\": \"7 g (Tất cả các mức dung lượng)\", \"Độ rung khi hoạt động\": \"10 G (10-1000 Hz)\", \"Tuổi thọ trung bình\": \"2.000.000 giờ)\", \"Bảo hành/hỗ trợ\": \"Bảo hành 3 năm có giới hạn với hỗ trợ kỹ thuật miễn phí\"}"',
        '',
        1, 'https://product.hstatic.net/200000722513/product/snv3s_2000gb_pkg-lg_a603785fc04542c5be21481462584107.png'
    );
INSERT INTO product_category (product_id, category_id) VALUES (771, 36);
INSERT INTO product_variant (
        product_id, name, seo_name, supplier_id, price, price_sale, quantity, sku, model, 
        specifications, description, warranty, image_url, release_at, created_by)
        VALUES ( 728, 'Ổ cứng SSD Kingston NV3 2TB M.2 PCIe NVMe Gen4', 'o-cung-ssd-kingston-nv3-2tb-m-2-pcie-nvme-gen4',
            1, 4190000, 3990000, 10, 'SSD-KINGS-NV3-2TB',
            'SSD-KINGS-NV3-2TB',
            '{"Thương hiệu": "Kingston", "Bảo hành": "36&nbsp;tháng", "Kích thước": "M.2 2280", "Giao diện": "PCIe 4.0 x4 NVMe", "NAND": "3D", "Mức dung lượng": "500GB", "Đọc/ghi tuần tự": "6.000/5.000 MB/giây", "Độ bền": "640TB", "Nhiệt độ bảo quản": "-40°C~85°C", "Nhiệt độ vận hành": "0°C~70°C", "Kích thước chuẩn": "22 mm x 80 mm x 2,1 mm", "Trọng lượng": "7 g (Tất cả các mức dung lượng)", "Độ rung khi hoạt động": "10 G (10-1000 Hz)", "Tuổi thọ trung bình": "2.000.000 giờ)", "Bảo hành/hỗ trợ": "Bảo hành 3 năm có giới hạn với hỗ trợ kỹ thuật miễn phí"}',
            '',
            12, 'https://product.hstatic.net/200000722513/product/snv3s_2000gb_pkg-lg_a603785fc04542c5be21481462584107.png', '2024-08-14T03:49:12+00:00',1);
        
INSERT INTO product_image (name, product_variant_id, image_url, is_main)
VALUES
    ('Ảnh 1', 728, 'https://product.hstatic.net/200000722513/product/snv3s_2000gb_pkg-lg_a603785fc04542c5be21481462584107.png', TRUE),
    ('Ảnh 2', 728, 'https://product.hstatic.net/200000722513/product/snv3s_2000gb_angle-lg_b16cdc0070fb435895a3f0e65ed39a44.png', FALSE),
    ('Ảnh 3', 728, 'https://product.hstatic.net/200000722513/product/snv3s_2000gb-lg_e277b24cbd7b4eccbe70dc2fba69e8d5.png', FALSE);
---
INSERT INTO product (name, seo_name, brand_id, specifications, description, created_by, image_url) 
    VALUES (
        'Ổ cứng SSD Kingston NV3 1TB M.2 PCIe NVMe Gen4', 'o-cung-ssd-kingston-nv3-1tb-m-2-pcie-nvme-gen4', 41,
        '"{\"Thương hiệu\": \"Kingston\", \"Bảo hành\": \"36&nbsp;tháng\", \"Kích thước\": \"M.2 2280\", \"Giao diện\": \"PCIe 4.0 x4 NVMe\", \"NAND\": \"3D\", \"Mức dung lượng\": \"1TB\", \"Đọc/ghi tuần tự\": \"6.000/4.000 MB/giây\", \"Độ bền\": \"320TB\", \"Nhiệt độ bảo quản\": \"-40°C~85°C\", \"Nhiệt độ vận hành\": \"0°C~70°C\", \"Kích thước chuẩn\": \"22 mm x 80 mm x 2,1 mm\", \"Trọng lượng\": \"7 g (Tất cả các mức dung lượng)\", \"Độ rung khi hoạt động\": \"10 G (10-1000 Hz)\", \"Tuổi thọ trung bình\": \"2.000.000 giờ)\", \"Bảo hành/hỗ trợ\": \"Bảo hành 3 năm có giới hạn với hỗ trợ kỹ thuật miễn phí\"}"',
        '',
        1, 'https://product.hstatic.net/200000722513/product/snv3s_1000gb_pkg-lg_c8006de4edc5418ba1016953a9a041bf.png'
    );
INSERT INTO product_category (product_id, category_id) VALUES (771, 36);
INSERT INTO product_variant (
        product_id, name, seo_name, supplier_id, price, price_sale, quantity, sku, model, 
        specifications, description, warranty, image_url, release_at, created_by)
        VALUES ( 729, 'Ổ cứng SSD Kingston NV3 1TB M.2 PCIe NVMe Gen4', 'o-cung-ssd-kingston-nv3-1tb-m-2-pcie-nvme-gen4',
            1, 2490000, 1890000, 10, 'SSD-KINGS-NV3-1TB',
            'SSD-KINGS-NV3-1TB',
            '{"Thương hiệu": "Kingston", "Bảo hành": "36&nbsp;tháng", "Kích thước": "M.2 2280", "Giao diện": "PCIe 4.0 x4 NVMe", "NAND": "3D", "Mức dung lượng": "1TB", "Đọc/ghi tuần tự": "6.000/4.000 MB/giây", "Độ bền": "320TB", "Nhiệt độ bảo quản": "-40°C~85°C", "Nhiệt độ vận hành": "0°C~70°C", "Kích thước chuẩn": "22 mm x 80 mm x 2,1 mm", "Trọng lượng": "7 g (Tất cả các mức dung lượng)", "Độ rung khi hoạt động": "10 G (10-1000 Hz)", "Tuổi thọ trung bình": "2.000.000 giờ)", "Bảo hành/hỗ trợ": "Bảo hành 3 năm có giới hạn với hỗ trợ kỹ thuật miễn phí"}',
            '',
            12, 'https://product.hstatic.net/200000722513/product/snv3s_1000gb_pkg-lg_c8006de4edc5418ba1016953a9a041bf.png', '2024-08-14T03:46:50+00:00',1);
        
INSERT INTO product_image (name, product_variant_id, image_url, is_main)
VALUES
    ('Ảnh 1', 729, 'https://product.hstatic.net/200000722513/product/snv3s_1000gb_pkg-lg_c8006de4edc5418ba1016953a9a041bf.png', TRUE),
    ('Ảnh 2', 729, 'https://product.hstatic.net/200000722513/product/snv3s_1000gb_angle-lg_6524dcffd17047d59a8705cde66eba23.png', FALSE),
    ('Ảnh 3', 729, 'https://product.hstatic.net/200000722513/product/snv3s_1000gb-lg_e0b12174a02046f4906e47c16a18888e.png', FALSE);
---
INSERT INTO product (name, seo_name, brand_id, specifications, description, created_by, image_url) 
    VALUES (
        'Ổ cứng SSD Kingston NV3 500GB M.2 PCIe NVMe Gen4', 'o-cung-ssd-kingston-nv3-500gb-m-2-pcie-nvme-gen4', 41,
        '"{\"Thương hiệu\": \"Kingston\", \"Bảo hành\": \"36&nbsp;tháng\", \"Kích thước\": \"M.2 2280\", \"Giao diện\": \"PCIe 4.0 x4 NVMe\", \"NAND\": \"3D\", \"Mức dung lượng\": \"500GB\", \"Đọc/ghi tuần tự\": \"5.000/3.000 MB/giây\", \"Độ bền\": \"160TB\", \"Nhiệt độ bảo quản\": \"-40°C~85°C\", \"Nhiệt độ vận hành\": \"0°C~70°C\", \"Kích thước chuẩn\": \"22 mm x 80 mm x 2,1 mm\", \"Trọng lượng\": \"7 g (Tất cả các mức dung lượng)\", \"Độ rung khi hoạt động\": \"10 G (10-1000 Hz)\", \"Tuổi thọ trung bình\": \"2.000.000 giờ)\", \"Bảo hành/hỗ trợ\": \"Bảo hành 3 năm có giới hạn với hỗ trợ kỹ thuật miễn phí\"}"',
        '',
        1, 'https://product.hstatic.net/200000722513/product/snv3s_500gb_pkg-lg_989b947a38a043e58b87ae7a31a6528a.png'
    );
INSERT INTO product_category (product_id, category_id) VALUES (771, 36);
INSERT INTO product_variant (
        product_id, name, seo_name, supplier_id, price, price_sale, quantity, sku, model, 
        specifications, description, warranty, image_url, release_at, created_by)
        VALUES ( 730, 'Ổ cứng SSD Kingston NV3 500GB M.2 PCIe NVMe Gen4', 'o-cung-ssd-kingston-nv3-500gb-m-2-pcie-nvme-gen4',
            1, 1790000, 1390000, 10, 'SSD-KINGS-NV3-500GB',
            'SSD-KINGS-NV3-500GB',
            '{"Thương hiệu": "Kingston", "Bảo hành": "36&nbsp;tháng", "Kích thước": "M.2 2280", "Giao diện": "PCIe 4.0 x4 NVMe", "NAND": "3D", "Mức dung lượng": "500GB", "Đọc/ghi tuần tự": "5.000/3.000 MB/giây", "Độ bền": "160TB", "Nhiệt độ bảo quản": "-40°C~85°C", "Nhiệt độ vận hành": "0°C~70°C", "Kích thước chuẩn": "22 mm x 80 mm x 2,1 mm", "Trọng lượng": "7 g (Tất cả các mức dung lượng)", "Độ rung khi hoạt động": "10 G (10-1000 Hz)", "Tuổi thọ trung bình": "2.000.000 giờ)", "Bảo hành/hỗ trợ": "Bảo hành 3 năm có giới hạn với hỗ trợ kỹ thuật miễn phí"}',
            '',
            12, 'https://product.hstatic.net/200000722513/product/snv3s_500gb_pkg-lg_989b947a38a043e58b87ae7a31a6528a.png', '2024-08-14T03:43:20+00:00',1);
        
INSERT INTO product_image (name, product_variant_id, image_url, is_main)
VALUES
    ('Ảnh 1', 730, 'https://product.hstatic.net/200000722513/product/snv3s_500gb_pkg-lg_989b947a38a043e58b87ae7a31a6528a.png', TRUE),
    ('Ảnh 2', 730, 'https://product.hstatic.net/200000722513/product/snv3s_500gb_angle-lg_7888a6209c8c4b3ca59874c9b475ac61.png', FALSE),
    ('Ảnh 3', 730, 'https://product.hstatic.net/200000722513/product/snv3s_500gb-lg_2d12e7ab54724a0f96d869f5125fe015.png', FALSE);
---
INSERT INTO product (name, seo_name, brand_id, specifications, description, created_by, image_url) 
    VALUES (
        'Ổ Cứng SSD Samsung 990 PRO 4TB M.2 PCIe Gen4 NVMe (MZ-V9P4T0BW)', 'o-cung-ssd-samsung-990-pro-4tb-m2-pcie-gen4-nvme', 16,
        '"{\"Nhà sản xuất\": \"Samsung\", \"Model\": \"MZ-V9P4T0BW\", \"Chuẩn giao tiếp\": \"PCIe Gen4.0 x4, NVMe1.3c\", \"Kích thước\": \"M.2 2280\", \"Dung lượng\": \"4 TB\", \"Tốc độ đọc ngẫu nhiên\": \"1,600,000 IOPS\", \"Tốc độ ghi ngẫu nhiên\": \"1,550,000 IOPS\", \"Tốc độ đọc\": \"7450 MB/s\", \"Tốc độ ghi\": \"6900 MB/s\", \"NAND Flash\": \"Samsung V-NAND TLC\", \"TBW\": \"2400 TB\"}"',
        '',
        1, 'https://product.hstatic.net/200000722513/product/vn-990pro-nvme-m2-ssd-mz-v9p4t0b__3__6be2da12adb145f0901041df2b0d723f.png'
    );
INSERT INTO product_category (product_id, category_id) VALUES (771, 36);
INSERT INTO product_variant (
        product_id, name, seo_name, supplier_id, price, price_sale, quantity, sku, model, 
        specifications, description, warranty, image_url, release_at, created_by)
        VALUES ( 731, 'Ổ Cứng SSD Samsung 990 PRO 4TB M.2 PCIe Gen4 NVMe (MZ-V9P4T0BW)', 'o-cung-ssd-samsung-990-pro-4tb-m2-pcie-gen4-nvme',
            1, 11990000, 10990000, 10, 'SSD-SAM-990-PRO-M2-NVME-4TB',
            'SSD-SAM-990-PRO-M2-NVME-4TB',
            '{"Nhà sản xuất": "Samsung", "Model": "MZ-V9P4T0BW", "Chuẩn giao tiếp": "PCIe Gen4.0 x4, NVMe1.3c", "Kích thước": "M.2 2280", "Dung lượng": "4 TB", "Tốc độ đọc ngẫu nhiên": "1,600,000 IOPS", "Tốc độ ghi ngẫu nhiên": "1,550,000 IOPS", "Tốc độ đọc": "7450 MB/s", "Tốc độ ghi": "6900 MB/s", "NAND Flash": "Samsung V-NAND TLC", "TBW": "2400 TB"}',
            '',
            12, 'https://product.hstatic.net/200000722513/product/vn-990pro-nvme-m2-ssd-mz-v9p4t0b__3__6be2da12adb145f0901041df2b0d723f.png', '2024-08-12T09:29:57+00:00',1);
        
INSERT INTO product_image (name, product_variant_id, image_url, is_main)
VALUES
    ('Ảnh 1', 731, 'https://product.hstatic.net/200000722513/product/vn-990pro-nvme-m2-ssd-mz-v9p4t0b__3__6be2da12adb145f0901041df2b0d723f.png', TRUE),
    ('Ảnh 2', 731, 'https://product.hstatic.net/200000722513/product/vn-990pro-nvme-m2-ssd-mz-v9p4t0b_462c6dc3a7f843f4a8a8994fb0cda0dd.png', FALSE),
    ('Ảnh 3', 731, 'https://product.hstatic.net/200000722513/product/vn-990pro-nvme-m2-ssd-mz-v9p4t0b__2__47fc41796ffa4c20848ccaccfc7d01c7.png', FALSE),
    ('Ảnh 4', 731, 'https://product.hstatic.net/200000722513/product/vn-990pro-nvme-m2-ssd-mz-v9p4t0b__1__43f8b6eb6da14eec8789eb0c6355f6ac.png', FALSE);
---
INSERT INTO product (name, seo_name, brand_id, specifications, description, created_by, image_url) 
    VALUES (
        'Ổ cứng Addlink S68 M.2 2280 NVMe Gen 3 256GB', 'o-cung-addlink-s68-m2-2280-nvme-gen3-256gb', 39,
        '"{\"Giao thức kết nối\": \"PCIe Gen 3.0 x4 NVMe\", \"Dung lượng\": \"256 GB\", \"Tốc độ đọc\": \"Lên tới 1700Mb/s\", \"Tốc độ ghi\": \"Lên tới 1100Mb/s\"}"',
        '',
        1, 'https://product.hstatic.net/200000722513/product/gvn_addlink_s68_1_54089af0c6d845c9a6cde56b573eb06b.png'
    );
INSERT INTO product_category (product_id, category_id) VALUES (771, 36);
INSERT INTO product_variant (
        product_id, name, seo_name, supplier_id, price, price_sale, quantity, sku, model, 
        specifications, description, warranty, image_url, release_at, created_by)
        VALUES ( 732, 'Ổ cứng Addlink S68 M.2 2280 NVMe Gen 3 256GB', 'o-cung-addlink-s68-m2-2280-nvme-gen3-256gb',
            1, 890000, 690000, 10, 'SSD-ADD-S68-NVME-256GB',
            'SSD-ADD-S68-NVME-256GB',
            '{"Giao thức kết nối": "PCIe Gen 3.0 x4 NVMe", "Dung lượng": "256 GB", "Tốc độ đọc": "Lên tới 1700Mb/s", "Tốc độ ghi": "Lên tới 1100Mb/s"}',
            '',
            12, 'https://product.hstatic.net/200000722513/product/gvn_addlink_s68_1_54089af0c6d845c9a6cde56b573eb06b.png', '2024-04-12T02:39:15+00:00',1);
        
INSERT INTO product_image (name, product_variant_id, image_url, is_main)
VALUES
    ('Ảnh 1', 732, 'https://product.hstatic.net/200000722513/product/gvn_addlink_s68_1_54089af0c6d845c9a6cde56b573eb06b.png', TRUE);
---
INSERT INTO product (name, seo_name, brand_id, specifications, description, created_by, image_url) 
    VALUES (
        'Ổ Cứng SSD GIGABYTE AORUS Gen4 5000E SSD 500GB (AG450E500G-G)', 'o-cung-ssd-gigabyte-aorus-gen4-5000e-ssd-500gb', 49,
        '"{\"Giao thức kết nối\": \"PCI-Express 4.0x4, NVMe 1.4\", \"Dung lượng\": \"500GB\", \"NAND\": \"3D TLC NAND Flash\", \"Tốc độ đọc tuần tự\": \"Lên đến 5,000 MB/giây\", \"Tốc độ ghi tuần tự\": \"Lên đến 3,800 MB/giây\", \"Kích thước\": \"80 x 22 x 2.3 mm\", \"Tuổi thọ trung bình\": \"1,5 triệu giờ\", \"Điện năng tiêu thụ (Hoạt động)\": \"Đọc:&nbsp;4WGhi:&nbsp;4W\", \"Điện năng tiêu thụ (Không đoạt động)\": \"20mW\", \"Nhiệt độ (Vận hành)\": \"0°C đến 70°C\", \"Nhiệt độ (Lưu trữ)\": \"-40°C đến 85°C\"}"',
        'Để tìm kiếm một dòng SSD có dung lượng 500GB cho việc BuildPC Gamingthìổ Cứng SSDGIGABYTE AORUS Gen4 5000E SSD 500GB là một lựa chọn đáng cân nhắc qua bởi những ưu điểm nổi trội và khả năng đáp ứng đáng tin cậy qua bảng thông số cũng như thực tế kiểm nghiệm. Bây giờ hãy cùng xem qua chi tiết cùng GEARVN&nbsp; nhé.Nâng cấp trải nghiệm gamingThiết kế để đáp ứng những yêu cầu về tốc độ của dòng máy tính để bàn hiệu năng cao,&nbsp;chiếc ổ cứng SSD này sử dụng bộ điều khiển chất lượng cao và bộ nhớ flash 3D TLC NAND, ổ cứng SSD AORUS Gen4 5000E cung cấp hiệu suất đọc tuần tự lên đến 5.000MB/s và hiệu suất ghi tuần tự lên đến 3.800MB/s.Bằng cách sử dụng công nghệ Host Memory Buffer, bộ điều khiển&nbsp;SSD có thể truy cập vào bộ nhớ DRAM máy chủ mà không gây mất hiệu suất. Ngoài ra, ổ cứng SSD AORUS Gen4 5000E hỗ trợ các công nghệ TRIM, SMART và Over-Provision để cải thiện độ tin cậy và độ bền của ổ cứng SSD. Ổ cứng SSD AORUS Gen4 5000E cho phép người dùng tận hưởng trải nghiệm chơi game mượt mà và nhanh hơn với hiệu quả năng lượng cao hơn.Tiết kiệm điện năng và truyền tải mạnh mẽ với PCIe 4.0 x4So với các loại ổ SSD thông thường thì chiếc ổ cứng SSD sở hữu công nghệ PCIe 4.0 x4 có mức tiêu thụ điện năng thấp hơn mà vẫn đảm bảo việc truyền tải được mượt mà.Với khả năng tương thích trên nhiều loạiMainboardnhưng để tận dụng được toàn bộ khả năng của AORUS Gen4 5000E nên lựa chọn một số Mainboard vàCPUcó hỗ trợ PCIe 4.0 x4 để đảm bảo chiếc PC của bạn hoạt động được tốt nhất.Phần mềm SSD ToolboxPhần mềm này giúp cho người dùng có sự quan sát tổng thể về sản phẩm nhờ đó kiểm soát được tình trạng hiện tại của chiếc ổ cứng SSD từ nhiệt độ đến thông số hoạt động thực tế.Tóm lại chiếcổ cứng SSD AORUS Gen4 5000Enày có một dung lượng thoải mái để lưu trữ, kèm một khả năng hỗ trợ truy xuất dữ liệu nhanh chóng nên sẽ là mộtlinh kiện máy tínhảnh hưởng đáng kể đến hiệu năng tổng thể cho chiếc máy tính của bạn.',
        1, 'https://product.hstatic.net/200000722513/product/aorus_gen4_5000e_ssd_500gb-01_6ef637a2a06e4d0cb8cd545c868aaf50.png'
    );
INSERT INTO product_category (product_id, category_id) VALUES (771, 36);
INSERT INTO product_variant (
        product_id, name, seo_name, supplier_id, price, price_sale, quantity, sku, model, 
        specifications, description, warranty, image_url, release_at, created_by)
        VALUES ( 733, 'Ổ Cứng SSD GIGABYTE AORUS Gen4 5000E SSD 500GB (AG450E500G-G)', 'o-cung-ssd-gigabyte-aorus-gen4-5000e-ssd-500gb',
            1, 0, 1690000, 10, 'SSD-GIG-AORUS-GEN4-5000E-500GB',
            'SSD-GIG-AORUS-GEN4-5000E-500GB',
            '{"Giao thức kết nối": "PCI-Express 4.0x4, NVMe 1.4", "Dung lượng": "500GB", "NAND": "3D TLC NAND Flash", "Tốc độ đọc tuần tự": "Lên đến 5,000 MB/giây", "Tốc độ ghi tuần tự": "Lên đến 3,800 MB/giây", "Kích thước": "80 x 22 x 2.3 mm", "Tuổi thọ trung bình": "1,5 triệu giờ", "Điện năng tiêu thụ (Hoạt động)": "Đọc:&nbsp;4WGhi:&nbsp;4W", "Điện năng tiêu thụ (Không đoạt động)": "20mW", "Nhiệt độ (Vận hành)": "0°C đến 70°C", "Nhiệt độ (Lưu trữ)": "-40°C đến 85°C"}',
            'Để tìm kiếm một dòng SSD có dung lượng 500GB cho việc BuildPC Gamingthìổ Cứng SSDGIGABYTE AORUS Gen4 5000E SSD 500GB là một lựa chọn đáng cân nhắc qua bởi những ưu điểm nổi trội và khả năng đáp ứng đáng tin cậy qua bảng thông số cũng như thực tế kiểm nghiệm. Bây giờ hãy cùng xem qua chi tiết cùng GEARVN&nbsp; nhé.Nâng cấp trải nghiệm gamingThiết kế để đáp ứng những yêu cầu về tốc độ của dòng máy tính để bàn hiệu năng cao,&nbsp;chiếc ổ cứng SSD này sử dụng bộ điều khiển chất lượng cao và bộ nhớ flash 3D TLC NAND, ổ cứng SSD AORUS Gen4 5000E cung cấp hiệu suất đọc tuần tự lên đến 5.000MB/s và hiệu suất ghi tuần tự lên đến 3.800MB/s.Bằng cách sử dụng công nghệ Host Memory Buffer, bộ điều khiển&nbsp;SSD có thể truy cập vào bộ nhớ DRAM máy chủ mà không gây mất hiệu suất. Ngoài ra, ổ cứng SSD AORUS Gen4 5000E hỗ trợ các công nghệ TRIM, SMART và Over-Provision để cải thiện độ tin cậy và độ bền của ổ cứng SSD. Ổ cứng SSD AORUS Gen4 5000E cho phép người dùng tận hưởng trải nghiệm chơi game mượt mà và nhanh hơn với hiệu quả năng lượng cao hơn.Tiết kiệm điện năng và truyền tải mạnh mẽ với PCIe 4.0 x4So với các loại ổ SSD thông thường thì chiếc ổ cứng SSD sở hữu công nghệ PCIe 4.0 x4 có mức tiêu thụ điện năng thấp hơn mà vẫn đảm bảo việc truyền tải được mượt mà.Với khả năng tương thích trên nhiều loạiMainboardnhưng để tận dụng được toàn bộ khả năng của AORUS Gen4 5000E nên lựa chọn một số Mainboard vàCPUcó hỗ trợ PCIe 4.0 x4 để đảm bảo chiếc PC của bạn hoạt động được tốt nhất.Phần mềm SSD ToolboxPhần mềm này giúp cho người dùng có sự quan sát tổng thể về sản phẩm nhờ đó kiểm soát được tình trạng hiện tại của chiếc ổ cứng SSD từ nhiệt độ đến thông số hoạt động thực tế.Tóm lại chiếcổ cứng SSD AORUS Gen4 5000Enày có một dung lượng thoải mái để lưu trữ, kèm một khả năng hỗ trợ truy xuất dữ liệu nhanh chóng nên sẽ là mộtlinh kiện máy tínhảnh hưởng đáng kể đến hiệu năng tổng thể cho chiếc máy tính của bạn.',
            12, 'https://product.hstatic.net/200000722513/product/aorus_gen4_5000e_ssd_500gb-01_6ef637a2a06e4d0cb8cd545c868aaf50.png', '2024-02-19T09:39:04+00:00',1);
        
INSERT INTO product_image (name, product_variant_id, image_url, is_main)
VALUES
    ('Ảnh 1', 733, 'https://product.hstatic.net/200000722513/product/aorus_gen4_5000e_ssd_500gb-01_6ef637a2a06e4d0cb8cd545c868aaf50.png', TRUE),
    ('Ảnh 2', 733, 'https://product.hstatic.net/200000722513/product/aorus_gen4_5000e_ssd_500gb-02_cd0065a2ad8d47ca9b72711cd9f802de.png', FALSE),
    ('Ảnh 3', 733, 'https://product.hstatic.net/200000722513/product/aorus_gen4_5000e_ssd_500gb-03_052aa568120044be865fdb1cd4c108fb.png', FALSE),
    ('Ảnh 4', 733, 'https://product.hstatic.net/200000722513/product/aorus_gen4_5000e_ssd_500gb-04_908f51ee0e51474895400a1445ea8a6e.png', FALSE),
    ('Ảnh 5', 733, 'https://product.hstatic.net/200000722513/product/aorus_gen4_5000e_ssd_500gb-05_14698c4d7b5e42b3bd5a1f882c365f3d.png', FALSE),
    ('Ảnh 6', 733, 'https://product.hstatic.net/200000722513/product/aorus_gen4_5000e_ssd_500gb-06_ab799d60cced4f01aed34c6c8f72d9e8.png', FALSE),
    ('Ảnh 7', 733, 'https://product.hstatic.net/200000722513/product/aorus_gen4_5000e_ssd_500gb-07_3363cbb3c9704e909c19fb7c895f78a1.png', FALSE);
---
INSERT INTO product (name, seo_name, brand_id, specifications, description, created_by, image_url) 
    VALUES (
        'Ổ cứng SSD Verbatim Vi3000 256GB PCIe NVMe Gen 3', 'o-cung-ssd-verbatim-vi3000-256gb-pcie-nvme-gen-3', 51,
        '"{\"Thương hiệu\": \"Verbatim\", \"Tên sản phẩm\": \"SSD Verbatim Vi3000&nbsp;256GB PCIe NVMe Gen 3\", \"Bảo hành\": \"36 Tháng\", \"Giao thức kết nối\": \"NVMe Gen 3\", \"Dung lượng\": \"256 GB\", \"Độ bền\": \"100 TBW\", \"Kích thước\": \"3.15in x 0.87in x 0.09in\", \"3.15in x 0.87in x 0.09in\": \"3.15in x 0.87in x 0.09in\", \"Kiểu dáng\": \"M.2\", \"Tốc độ đọc\": \"Lên tới 3100Mb/s\", \"Tốc độ ghi\": \"Lên tới 1300Mb/s\"}"',
        'Ổ cứng SSDVerbatim Vi3000 256GB PCIe NVMe Gen 3 là một ổ cứng thể rắn có kích thước nhỏ gọn, hiệu suất ổn, giá cả phải chăng. Nó là một lựa chọn tuyệt vời cho các sinh viên, người dùng gia đình và doanh nghiệp nhỏ (không dùng cho máy chủ).',
        1, 'https://product.hstatic.net/200000722513/product/gearvn-o-cung-ssd-verbatim-vi3000-256gb-pcie-nvme-gen-3-1_f4b276d272e44ba6ac1958d8704217f1.png'
    );
INSERT INTO product_category (product_id, category_id) VALUES (771, 36);
INSERT INTO product_variant (
        product_id, name, seo_name, supplier_id, price, price_sale, quantity, sku, model, 
        specifications, description, warranty, image_url, release_at, created_by)
        VALUES ( 734, 'Ổ cứng SSD Verbatim Vi3000 256GB PCIe NVMe Gen 3', 'o-cung-ssd-verbatim-vi3000-256gb-pcie-nvme-gen-3',
            1, 990000, 690000, 10, 'SSD-VER-VI3000-256-PCIE-GEN3',
            'SSD-VER-VI3000-256-PCIE-GEN3',
            '{"Thương hiệu": "Verbatim", "Tên sản phẩm": "SSD Verbatim Vi3000&nbsp;256GB PCIe NVMe Gen 3", "Bảo hành": "36 Tháng", "Giao thức kết nối": "NVMe Gen 3", "Dung lượng": "256 GB", "Độ bền": "100 TBW", "Kích thước": "3.15in x 0.87in x 0.09in", "3.15in x 0.87in x 0.09in": "3.15in x 0.87in x 0.09in", "Kiểu dáng": "M.2", "Tốc độ đọc": "Lên tới 3100Mb/s", "Tốc độ ghi": "Lên tới 1300Mb/s"}',
            'Ổ cứng SSDVerbatim Vi3000 256GB PCIe NVMe Gen 3 là một ổ cứng thể rắn có kích thước nhỏ gọn, hiệu suất ổn, giá cả phải chăng. Nó là một lựa chọn tuyệt vời cho các sinh viên, người dùng gia đình và doanh nghiệp nhỏ (không dùng cho máy chủ).',
            12, 'https://product.hstatic.net/200000722513/product/gearvn-o-cung-ssd-verbatim-vi3000-256gb-pcie-nvme-gen-3-1_f4b276d272e44ba6ac1958d8704217f1.png', '2024-01-08T04:19:33+00:00',1);
        
INSERT INTO product_image (name, product_variant_id, image_url, is_main)
VALUES
    ('Ảnh 1', 734, 'https://product.hstatic.net/200000722513/product/gearvn-o-cung-ssd-verbatim-vi3000-256gb-pcie-nvme-gen-3-1_f4b276d272e44ba6ac1958d8704217f1.png', TRUE),
    ('Ảnh 2', 734, 'https://product.hstatic.net/200000722513/product/gearvn-o-cung-ssd-verbatim-vi3000-256gb-pcie-nvme-gen-3-2_1c81298429694c168e95f35b3a2c0497.png', FALSE),
    ('Ảnh 3', 734, 'https://product.hstatic.net/200000722513/product/gearvn-o-cung-ssd-verbatim-vi3000-256gb-pcie-nvme-gen-3-3_aa540dcc2bae4971addd94c801d6dc15.png', FALSE),
    ('Ảnh 4', 734, 'https://product.hstatic.net/200000722513/product/gearvn-o-cung-ssd-verbatim-vi3000-256gb-pcie-nvme-gen-3-4_f6d4a3a9d4844ed087a30b56aa8c106d.png', FALSE);
---
INSERT INTO product (name, seo_name, brand_id, specifications, description, created_by, image_url) 
    VALUES (
        'Ổ Cứng SSD Verbatim Vi550 256GB Sata3', 'o-cung-ssd-verbatim-vi550-256gb-sata3', 51,
        '"{\"Thương hiệu\": \"Verbatim\", \"Tên sản phẩm\": \"SSD Verbatim Vi550 256GB Sata3\", \"Bảo hành\": \"36 Tháng\", \"Giao thức kết nối\": \"SATA 3 - 2.5\\\"\", \"Dung lượng\": \"256 GB\", \"Độ bền\": \"100 TBW\", \"Kích thước\": \"3.96in x 2.75in x 0.28in\", \"Kiểu dáng\": \"2.5\\\"\", \"Tốc độ đọc\": \"Lên tới 520Mb/s\", \"Tốc độ ghi\": \"Lên tới 460Mb/s\", \"Chip nhớ\": \"Chip nhớ Flash TLC tốc độ cao\"}"',
        'Ổ Cứng SSDVerbatim Vi550 256GB Sata3 được thiết kế với hiệu năng phù hợp cho tác vụ văn phòng đơn giản nên là sự lựa chọn&nbsp;cho một chiếcPC văn phònghoặc dàn máy tính cơ bản trong gia đình, với mức chi trả thấp và cần một sự hoạt động ổn định vừa phải thì đây là một lựa chọn cho bạn mà tạiGearvncung cấp.',
        1, 'https://product.hstatic.net/200000722513/product/gearvn-o-cung-ssd-verbatim-vi550-256gb-sata3-1_7ef1024514df4f3484b56186726535d2.png'
    );
INSERT INTO product_category (product_id, category_id) VALUES (771, 36);
INSERT INTO product_variant (
        product_id, name, seo_name, supplier_id, price, price_sale, quantity, sku, model, 
        specifications, description, warranty, image_url, release_at, created_by)
        VALUES ( 735, 'Ổ Cứng SSD Verbatim Vi550 256GB Sata3', 'o-cung-ssd-verbatim-vi550-256gb-sata3',
            1, 690000, 590000, 10, 'SSD-VER-VI550-256-SATA',
            'SSD-VER-VI550-256-SATA',
            '{"Thương hiệu": "Verbatim", "Tên sản phẩm": "SSD Verbatim Vi550 256GB Sata3", "Bảo hành": "36 Tháng", "Giao thức kết nối": "SATA 3 - 2.5\"", "Dung lượng": "256 GB", "Độ bền": "100 TBW", "Kích thước": "3.96in x 2.75in x 0.28in", "Kiểu dáng": "2.5\"", "Tốc độ đọc": "Lên tới 520Mb/s", "Tốc độ ghi": "Lên tới 460Mb/s", "Chip nhớ": "Chip nhớ Flash TLC tốc độ cao"}',
            'Ổ Cứng SSDVerbatim Vi550 256GB Sata3 được thiết kế với hiệu năng phù hợp cho tác vụ văn phòng đơn giản nên là sự lựa chọn&nbsp;cho một chiếcPC văn phònghoặc dàn máy tính cơ bản trong gia đình, với mức chi trả thấp và cần một sự hoạt động ổn định vừa phải thì đây là một lựa chọn cho bạn mà tạiGearvncung cấp.',
            12, 'https://product.hstatic.net/200000722513/product/gearvn-o-cung-ssd-verbatim-vi550-256gb-sata3-1_7ef1024514df4f3484b56186726535d2.png', '2024-01-05T04:07:48+00:00',1);
        
INSERT INTO product_image (name, product_variant_id, image_url, is_main)
VALUES
    ('Ảnh 1', 735, 'https://product.hstatic.net/200000722513/product/gearvn-o-cung-ssd-verbatim-vi550-256gb-sata3-1_7ef1024514df4f3484b56186726535d2.png', TRUE),
    ('Ảnh 2', 735, 'https://product.hstatic.net/200000722513/product/gearvn-o-cung-ssd-verbatim-vi550-256gb-sata3-2_f1a4477bce5e4545bdd357795b99fd17.png', FALSE),
    ('Ảnh 3', 735, 'https://product.hstatic.net/200000722513/product/gearvn-o-cung-ssd-verbatim-vi550-256gb-sata3-3_9766f734dd384f52883079e24b64d5b5.png', FALSE),
    ('Ảnh 4', 735, 'https://product.hstatic.net/200000722513/product/gearvn-o-cung-ssd-verbatim-vi550-256gb-sata3-4_ac0cc9811eac41dab987c1a9132eeacb.png', FALSE),
    ('Ảnh 5', 735, 'https://product.hstatic.net/200000722513/product/gearvn-o-cung-ssd-verbatim-vi550-256gb-sata3-5_d67f0de9a3d3423088e7b25cefbaf880.png', FALSE);
---
INSERT INTO product (name, seo_name, brand_id, specifications, description, created_by, image_url) 
    VALUES (
        'Ổ cứng SSD Corsair MP600 CORE XT 1TB PCIe 4.0 Gen4 (CSSD-F1000GBMP600CXT)', 'o-cung-ssd-corsair-mp600-core-xt-1tb-pcie-4-0-gen4', 5,
        '"{\"Nhiệt độ bảo quản\": \"-40°C to +85°C\", \"Độ bền\": \"250TBW\", \"Loại bộ nhớ\": \"PCIe Gen 4.0 x4\", \"Tốc độ đọc\": \"Up to 5,000MB/s\", \"Tốc độ ghi\": \"Up to 3,500MB/s\", \"Tiêu thụ điện năng\": \"4.1W Average\", \"Hỗ trợ thông minh SSD\": \"Có\", \"Công nghệ NAND\": \"3D QLC\", \"Nhiệt độ hoạt động của SSD\": \"0°C to +65°C\", \"Độ ẩm lưu trữ\": \"93% RH (40° C)\", \"Tên sản phẩm\": \"MP600 CORE XT M.2 SSD\", \"SSD Shock\": \"1,500 G\", \"Form factor\": \"M.2 2280\", \"Khả năng tương thích SSD\": \"M.2 2280 Interface Connector Windows 11, Windows 10, Mac OS X\", \"Vôn\": \"3.3V, +/- 5%\", \"Rung\": \"20Hz~80Hz/1.52mm, 80Hz~2000Hz/20G\", \"DEVSLP\": \"PS4: <3mW\", \"Mã hóa\": \"AES 256-bit Encryption\", \"Giờ MTBF\": \"1,500,000 hours\", \"SSD TBW\": \"250\", \"Giao diện\": \"PCIE* 4 x 4\"}"',
        '',
        1, 'https://product.hstatic.net/200000722513/product/mp600_core_xt_21_b185c78c017944cfa72685e3898fc03e.png'
    );
INSERT INTO product_category (product_id, category_id) VALUES (771, 36);
INSERT INTO product_variant (
        product_id, name, seo_name, supplier_id, price, price_sale, quantity, sku, model, 
        specifications, description, warranty, image_url, release_at, created_by)
        VALUES ( 736, 'Ổ cứng SSD Corsair MP600 CORE XT 1TB PCIe 4.0 Gen4 (CSSD-F1000GBMP600CXT)', 'o-cung-ssd-corsair-mp600-core-xt-1tb-pcie-4-0-gen4',
            1, 3990000, 2990000, 10, 'SSD-COR-MP600-COR-XT-1TB-PCI4',
            'SSD-COR-MP600-COR-XT-1TB-PCI4',
            '{"Nhiệt độ bảo quản": "-40°C to +85°C", "Độ bền": "250TBW", "Loại bộ nhớ": "PCIe Gen 4.0 x4", "Tốc độ đọc": "Up to 5,000MB/s", "Tốc độ ghi": "Up to 3,500MB/s", "Tiêu thụ điện năng": "4.1W Average", "Hỗ trợ thông minh SSD": "Có", "Công nghệ NAND": "3D QLC", "Nhiệt độ hoạt động của SSD": "0°C to +65°C", "Độ ẩm lưu trữ": "93% RH (40° C)", "Tên sản phẩm": "MP600 CORE XT M.2 SSD", "SSD Shock": "1,500 G", "Form factor": "M.2 2280", "Khả năng tương thích SSD": "M.2 2280 Interface Connector Windows 11, Windows 10, Mac OS X", "Vôn": "3.3V, +/- 5%", "Rung": "20Hz~80Hz/1.52mm, 80Hz~2000Hz/20G", "DEVSLP": "PS4: <3mW", "Mã hóa": "AES 256-bit Encryption", "Giờ MTBF": "1,500,000 hours", "SSD TBW": "250", "Giao diện": "PCIE* 4 x 4"}',
            '',
            12, 'https://product.hstatic.net/200000722513/product/mp600_core_xt_21_b185c78c017944cfa72685e3898fc03e.png', '2023-11-07T10:31:03+00:00',1);
        
INSERT INTO product_image (name, product_variant_id, image_url, is_main)
VALUES
    ('Ảnh 1', 736, 'https://product.hstatic.net/200000722513/product/mp600_core_xt_21_b185c78c017944cfa72685e3898fc03e.png', TRUE),
    ('Ảnh 2', 736, 'https://product.hstatic.net/200000722513/product/mp600_core_xt_01_bfa9f99745024299af6c0262b32584f3.png', FALSE),
    ('Ảnh 3', 736, 'https://product.hstatic.net/200000722513/product/mp600_core_xt_22_0cacc777a1d642f1a886752632b28eb8.png', FALSE),
    ('Ảnh 4', 736, 'https://product.hstatic.net/200000722513/product/mp600_core_xt_03_b53367cf470a4e32ad1fa379e97b0c22.png', FALSE);
---
INSERT INTO product (name, seo_name, brand_id, specifications, description, created_by, image_url) 
    VALUES (
        'Ổ Cứng SSD PNY CS900 256GB Sata3', 'o-cung-ssd-pny-cs900-256gb-sata3', 43,
        '"{\"Thương hiệu\": \"PNY\", \"Tên sản phẩm\": \"SSD PNY CS900 256GB 2.5\\\" Sata 3\", \"Bảo hành\": \"36 Tháng\", \"Giao thức kết nối\": \"SATA 3 - 2.5\\\"\", \"Dung lượng\": \"256 GB\", \"Độ bền\": \"100 TBW\", \"Kích thước\": \"100 x 69,9 x 7 mm\", \"Kiểu dáng\": \"2.5\\\"\", \"Tốc độ đọc\": \"Lên tới 535Mb/s\", \"Tốc độ ghi\": \"Lên tới 500Mb/s\", \"Chip nhớ\": \"Chip nhớ Flash TLC tốc độ cao\"}"',
        'Với chất lượng vượt trội và hiệu năng cao. SSD PNY&nbsp;là một sự lựa chọn tối ưu khi bạn muốn nâng cấp ổ cứng. Rất nhanh với tốc độ đọc ghi tuần tự có thể lên đến 535Mb/s và 500Mb/s. Giờ đây mọi thao tác trên máy tính của bạn diễn ra một cách nhanh chóng và mượt mà nhất có thể. Tăng hiệu năng toàn bộ của máy tính lên rất nhiều.',
        1, 'https://product.hstatic.net/200000722513/product/thegioigear_7b0016a1f1ac4d95a53de7e4b39dd791.png'
    );
INSERT INTO product_category (product_id, category_id) VALUES (771, 36);
INSERT INTO product_variant (
        product_id, name, seo_name, supplier_id, price, price_sale, quantity, sku, model, 
        specifications, description, warranty, image_url, release_at, created_by)
        VALUES ( 737, 'Ổ Cứng SSD PNY CS900 256GB Sata3', 'o-cung-ssd-pny-cs900-256gb-sata3',
            1, 0, 590000, 10, 'SSD-PNY-CS900-256-SATA',
            'SSD-PNY-CS900-256-SATA',
            '{"Thương hiệu": "PNY", "Tên sản phẩm": "SSD PNY CS900 256GB 2.5\" Sata 3", "Bảo hành": "36 Tháng", "Giao thức kết nối": "SATA 3 - 2.5\"", "Dung lượng": "256 GB", "Độ bền": "100 TBW", "Kích thước": "100 x 69,9 x 7 mm", "Kiểu dáng": "2.5\"", "Tốc độ đọc": "Lên tới 535Mb/s", "Tốc độ ghi": "Lên tới 500Mb/s", "Chip nhớ": "Chip nhớ Flash TLC tốc độ cao"}',
            'Với chất lượng vượt trội và hiệu năng cao. SSD PNY&nbsp;là một sự lựa chọn tối ưu khi bạn muốn nâng cấp ổ cứng. Rất nhanh với tốc độ đọc ghi tuần tự có thể lên đến 535Mb/s và 500Mb/s. Giờ đây mọi thao tác trên máy tính của bạn diễn ra một cách nhanh chóng và mượt mà nhất có thể. Tăng hiệu năng toàn bộ của máy tính lên rất nhiều.',
            12, 'https://product.hstatic.net/200000722513/product/thegioigear_7b0016a1f1ac4d95a53de7e4b39dd791.png', '2023-11-28T07:36:32+00:00',1);
        
INSERT INTO product_image (name, product_variant_id, image_url, is_main)
VALUES
    ('Ảnh 1', 737, 'https://product.hstatic.net/200000722513/product/thegioigear_7b0016a1f1ac4d95a53de7e4b39dd791.png', TRUE);
---
INSERT INTO product (name, seo_name, brand_id, specifications, description, created_by, image_url) 
    VALUES (
        'Ổ Cứng SSD WD Blue SN580 250GB M.2 NVMe PCIe Gen 4 (WDS250G3B0E)', 'o-cung-ssd-wd-blue-sn580-250gb-m-2-nvme-pcie-gen-4', 32,
        '"{\"Model\": \"SSD WDBlue SN580 250GB M.2 NVMe PCIe Gen4\", \"Dung lượng\": \"250GB GB\", \"Chuẩn giao tiếp\": \"PCIe Gen4 x4\", \"Kích thước\": \"M.2 2280\", \"Tốc độ đọc\": \"4000MB/s\", \"Tốc độ ghi\": \"2000MB/s\", \"Đọc ngẫu nhiên\": \"240000 4KB IOPS\", \"Ghi ngẫu nhiên\": \"470000 4KB IOPS\", \"Độ bền (TBW)\": \"150\", \"Khả năng tương thích\": \"Máy tính có hỗ trợ&nbsp;M.2 (M-key), có khả năng lấy hệ số dạng M.2 2280Windows&nbsp;11, Windows 10, Windows 8.1Lưu ý: Khả năng tương thích có thể khác nhau tùy thuộc vào cấu hình phần cứng và hệ điều hành của người dùng\", \"Kích thước&nbsp;(L x W x H)\": \"3.15\\\" x 0.87\\\" x 0.09\\\"\", \"Nhiệt độ hoạt động\": \"0°C to 85°C\", \"Nhiệt độ không hoạt động\": \"-40°C to 85°C\"}"',
        'Máy tính có hỗ trợ&nbsp;M.2 (M-key), có khả năng lấy hệ số dạng M.2 2280',
        1, 'https://product.hstatic.net/200000722513/product/77071_o_cung_ssd_wd_sn580_blue_m_142e515e8ca44a6eb9c032964c96bf53.png'
    );
INSERT INTO product_category (product_id, category_id) VALUES (771, 36);
INSERT INTO product_variant (
        product_id, name, seo_name, supplier_id, price, price_sale, quantity, sku, model, 
        specifications, description, warranty, image_url, release_at, created_by)
        VALUES ( 738, 'Ổ Cứng SSD WD Blue SN580 250GB M.2 NVMe PCIe Gen 4 (WDS250G3B0E)', 'o-cung-ssd-wd-blue-sn580-250gb-m-2-nvme-pcie-gen-4',
            1, 1490000, 890000, 10, 'SSD-WD-BLUE-SN580-M2-250GB-GEN4',
            'SSD-WD-BLUE-SN580-M2-250GB-GEN4',
            '{"Model": "SSD WDBlue SN580 250GB M.2 NVMe PCIe Gen4", "Dung lượng": "250GB GB", "Chuẩn giao tiếp": "PCIe Gen4 x4", "Kích thước": "M.2 2280", "Tốc độ đọc": "4000MB/s", "Tốc độ ghi": "2000MB/s", "Đọc ngẫu nhiên": "240000 4KB IOPS", "Ghi ngẫu nhiên": "470000 4KB IOPS", "Độ bền (TBW)": "150", "Khả năng tương thích": "Máy tính có hỗ trợ&nbsp;M.2 (M-key), có khả năng lấy hệ số dạng M.2 2280Windows&nbsp;11, Windows 10, Windows 8.1Lưu ý: Khả năng tương thích có thể khác nhau tùy thuộc vào cấu hình phần cứng và hệ điều hành của người dùng", "Kích thước&nbsp;(L x W x H)": "3.15\" x 0.87\" x 0.09\"", "Nhiệt độ hoạt động": "0°C to 85°C", "Nhiệt độ không hoạt động": "-40°C to 85°C"}',
            'Máy tính có hỗ trợ&nbsp;M.2 (M-key), có khả năng lấy hệ số dạng M.2 2280',
            12, 'https://product.hstatic.net/200000722513/product/77071_o_cung_ssd_wd_sn580_blue_m_142e515e8ca44a6eb9c032964c96bf53.png', '2023-11-13T03:31:25+00:00',1);
        
INSERT INTO product_image (name, product_variant_id, image_url, is_main)
VALUES
    ('Ảnh 1', 738, 'https://product.hstatic.net/200000722513/product/77071_o_cung_ssd_wd_sn580_blue_m_142e515e8ca44a6eb9c032964c96bf53.png', TRUE);
---
INSERT INTO product (name, seo_name, brand_id, specifications, description, created_by, image_url) 
    VALUES (
        'Ổ Cứng SSD WD Blue SN580 1TB M.2 NVMe PCIe Gen4 (WDS100T3B0E)', 'o-cung-ssd-wd-blue-sn580-1tb-m-2-nvme-pcie-gen4', 32,
        '"{\"Model\": \"SSD WDBlue SN580 1TB M.2 NVMe PCIe Gen4\", \"Dung lượng\": \"1TB\", \"Chuẩn giao tiếp\": \"PCIe Gen4 x4\", \"Kích thước\": \"M.2 2280\", \"Tốc độ đọc\": \"4150MB/s\", \"Tốc độ ghi\": \"4150MB/s\", \"Đọc ngẫu nhiên\": \"600000 4KB IOPS\", \"Ghi ngẫu nhiên\": \"750000 4KB IOPS\", \"Độ bền (TBW)\": \"600\", \"Khả năng tương thích\": \"Máy tính có hỗ trợ&nbsp;M.2 (M-key), có khả năng lấy hệ số dạng M.2 2280Windows&nbsp;11, Windows 10, Windows 8.1Lưu ý: Khả năng tương thích có thể khác nhau tùy thuộc vào cấu hình phần cứng và hệ điều hành của người dùng\", \"Kích thước&nbsp;(L x W x H)\": \"3.15\\\" x 0.87\\\" x 0.09\\\"\", \"Nhiệt độ hoạt động\": \"0°C to 85°C\", \"Nhiệt độ không hoạt động\": \"-40°C to 85°C\"}"',
        'Máy tính có hỗ trợ&nbsp;M.2 (M-key), có khả năng lấy hệ số dạng M.2 2280',
        1, 'https://product.hstatic.net/200000722513/product/77071_o_cung_ssd_wd_sn580_blue_m_dc7afa833968484dae8491462dd7e535.png'
    );
INSERT INTO product_category (product_id, category_id) VALUES (771, 36);
INSERT INTO product_variant (
        product_id, name, seo_name, supplier_id, price, price_sale, quantity, sku, model, 
        specifications, description, warranty, image_url, release_at, created_by)
        VALUES ( 739, 'Ổ Cứng SSD WD Blue SN580 1TB M.2 NVMe PCIe Gen4 (WDS100T3B0E)', 'o-cung-ssd-wd-blue-sn580-1tb-m-2-nvme-pcie-gen4',
            1, 2790000, 1890000, 10, 'SSD-WD-BLUE-SN580-M2-1TB-GEN4',
            'SSD-WD-BLUE-SN580-M2-1TB-GEN4',
            '{"Model": "SSD WDBlue SN580 1TB M.2 NVMe PCIe Gen4", "Dung lượng": "1TB", "Chuẩn giao tiếp": "PCIe Gen4 x4", "Kích thước": "M.2 2280", "Tốc độ đọc": "4150MB/s", "Tốc độ ghi": "4150MB/s", "Đọc ngẫu nhiên": "600000 4KB IOPS", "Ghi ngẫu nhiên": "750000 4KB IOPS", "Độ bền (TBW)": "600", "Khả năng tương thích": "Máy tính có hỗ trợ&nbsp;M.2 (M-key), có khả năng lấy hệ số dạng M.2 2280Windows&nbsp;11, Windows 10, Windows 8.1Lưu ý: Khả năng tương thích có thể khác nhau tùy thuộc vào cấu hình phần cứng và hệ điều hành của người dùng", "Kích thước&nbsp;(L x W x H)": "3.15\" x 0.87\" x 0.09\"", "Nhiệt độ hoạt động": "0°C to 85°C", "Nhiệt độ không hoạt động": "-40°C to 85°C"}',
            'Máy tính có hỗ trợ&nbsp;M.2 (M-key), có khả năng lấy hệ số dạng M.2 2280',
            12, 'https://product.hstatic.net/200000722513/product/77071_o_cung_ssd_wd_sn580_blue_m_dc7afa833968484dae8491462dd7e535.png', '2023-11-13T03:28:36+00:00',1);
        
INSERT INTO product_image (name, product_variant_id, image_url, is_main)
VALUES
    ('Ảnh 1', 739, 'https://product.hstatic.net/200000722513/product/77071_o_cung_ssd_wd_sn580_blue_m_dc7afa833968484dae8491462dd7e535.png', TRUE);
---
INSERT INTO product (name, seo_name, brand_id, specifications, description, created_by, image_url) 
    VALUES (
        'Ổ Cứng SSD WD Blue SN580 500GB M.2 NVMe PCIe Gen 4 (WDS500G3B0E)', 'o-cung-ssd-wd-blue-sn580-500gb-m-2-nvme-pcie-gen-4', 32,
        '"{\"Model\": \"SSD WDBlue SN580 500G M.2 NVMe PCIe Gen4\", \"Dung lượng\": \"500 GB\", \"Chuẩn giao tiếp\": \"PCIe Gen4 x4\", \"Kích thước\": \"M.2 2280\", \"Tốc độ đọc\": \"4000MB/s\", \"Tốc độ ghi\": \"3600MB/s\", \"Đọc ngẫu nhiên\": \"450000 4KB IOPS\", \"Ghi ngẫu nhiên\": \"750000 4KB IOPS\", \"Độ bền (TBW)\": \"300\", \"Khả năng tương thích\": \"Máy tính có hỗ trợ&nbsp;M.2 (M-key), có khả năng lấy hệ số dạng M.2 2280Windows&nbsp;11, Windows 10, Windows 8.1Lưu ý: Khả năng tương thích có thể khác nhau tùy thuộc vào cấu hình phần cứng và hệ điều hành của người dùng\", \"Kích thước&nbsp;(L x W x H)\": \"3.15\\\" x 0.87\\\" x 0.09\\\"\", \"Nhiệt độ hoạt động\": \"0°C to 85°C\", \"Nhiệt độ không hoạt động\": \"-40°C to 85°C\"}"',
        'Máy tính có hỗ trợ&nbsp;M.2 (M-key), có khả năng lấy hệ số dạng M.2 2280',
        1, 'https://product.hstatic.net/200000722513/product/77071_o_cung_ssd_wd_sn580_blue_m_d5ea5db2013245f0bfea6ec5dc117dc5.png'
    );
INSERT INTO product_category (product_id, category_id) VALUES (771, 36);
INSERT INTO product_variant (
        product_id, name, seo_name, supplier_id, price, price_sale, quantity, sku, model, 
        specifications, description, warranty, image_url, release_at, created_by)
        VALUES ( 740, 'Ổ Cứng SSD WD Blue SN580 500GB M.2 NVMe PCIe Gen 4 (WDS500G3B0E)', 'o-cung-ssd-wd-blue-sn580-500gb-m-2-nvme-pcie-gen-4',
            1, 1790000, 1290000, 10, 'SSD-WD-BLUE-SN580-M2-500GB-GEN4',
            'SSD-WD-BLUE-SN580-M2-500GB-GEN4',
            '{"Model": "SSD WDBlue SN580 500G M.2 NVMe PCIe Gen4", "Dung lượng": "500 GB", "Chuẩn giao tiếp": "PCIe Gen4 x4", "Kích thước": "M.2 2280", "Tốc độ đọc": "4000MB/s", "Tốc độ ghi": "3600MB/s", "Đọc ngẫu nhiên": "450000 4KB IOPS", "Ghi ngẫu nhiên": "750000 4KB IOPS", "Độ bền (TBW)": "300", "Khả năng tương thích": "Máy tính có hỗ trợ&nbsp;M.2 (M-key), có khả năng lấy hệ số dạng M.2 2280Windows&nbsp;11, Windows 10, Windows 8.1Lưu ý: Khả năng tương thích có thể khác nhau tùy thuộc vào cấu hình phần cứng và hệ điều hành của người dùng", "Kích thước&nbsp;(L x W x H)": "3.15\" x 0.87\" x 0.09\"", "Nhiệt độ hoạt động": "0°C to 85°C", "Nhiệt độ không hoạt động": "-40°C to 85°C"}',
            'Máy tính có hỗ trợ&nbsp;M.2 (M-key), có khả năng lấy hệ số dạng M.2 2280',
            12, 'https://product.hstatic.net/200000722513/product/77071_o_cung_ssd_wd_sn580_blue_m_d5ea5db2013245f0bfea6ec5dc117dc5.png', '2023-11-13T03:21:37+00:00',1);
        
INSERT INTO product_image (name, product_variant_id, image_url, is_main)
VALUES
    ('Ảnh 1', 740, 'https://product.hstatic.net/200000722513/product/77071_o_cung_ssd_wd_sn580_blue_m_d5ea5db2013245f0bfea6ec5dc117dc5.png', TRUE);
---
INSERT INTO product (name, seo_name, brand_id, specifications, description, created_by, image_url) 
    VALUES (
        'Ổ cứng SSD Corsair MP600 CORE XT 2TB PCIe 4.0 Gen4 (CSSD-F2000GBMP600CXT)', 'o-cung-ssd-corsair-mp600-core-xt-2tb-pcie-4-0-gen4', 5,
        '"{\"Nhiệt độ bảo quản\": \"-40°C to +85°C\", \"Độ bền\": \"450TBW\", \"Loại bộ nhớ\": \"PCIe Gen 4.0 x4\", \"Tốc độ đọc\": \"Up to 5,000MB/s\", \"Tốc độ ghi\": \"Up to 3,500MB/s\", \"Tiêu thụ điện năng\": \"4.3W Average\", \"Hỗ trợ thông minh SSD\": \"Có\", \"Công nghệ NAND\": \"3D QLC\", \"Nhiệt độ hoạt động của SSD\": \"0°C to +65°C\", \"Độ ẩm lưu trữ\": \"93% RH (40° C)\", \"Tên sản phẩm\": \"MP600 CORE XT M.2 SSD\", \"SSD Shock\": \"1,500 G\", \"Form factor\": \"M.2 2280\", \"Khả năng tương thích SSD\": \"M.2 2280 Interface Connector Windows 11, Windows 10, Mac OS X\", \"Vôn\": \"3.3V, +/- 5%\", \"Rung\": \"20Hz~80Hz/1.52mm, 80Hz~2000Hz/20G\", \"DEVSLP\": \"PS4: <3mW\", \"Mã hóa\": \"AES 256-bit Encryption\", \"Giờ MTBF\": \"1,500,000 hours\", \"SSD TBW\": \"450\", \"Giao diện\": \"PCIE* 4 x 4\"}"',
        '',
        1, 'https://product.hstatic.net/200000722513/product/20-236-988-01_7c79ecf51d3f4cee80a8cb4a081e6287.jpg'
    );
INSERT INTO product_category (product_id, category_id) VALUES (771, 36);
INSERT INTO product_variant (
        product_id, name, seo_name, supplier_id, price, price_sale, quantity, sku, model, 
        specifications, description, warranty, image_url, release_at, created_by)
        VALUES ( 741, 'Ổ cứng SSD Corsair MP600 CORE XT 2TB PCIe 4.0 Gen4 (CSSD-F2000GBMP600CXT)', 'o-cung-ssd-corsair-mp600-core-xt-2tb-pcie-4-0-gen4',
            1, 5990000, 4990000, 10, 'SSD-COR-MP600-COR-XT-2TB-PCI4',
            'SSD-COR-MP600-COR-XT-2TB-PCI4',
            '{"Nhiệt độ bảo quản": "-40°C to +85°C", "Độ bền": "450TBW", "Loại bộ nhớ": "PCIe Gen 4.0 x4", "Tốc độ đọc": "Up to 5,000MB/s", "Tốc độ ghi": "Up to 3,500MB/s", "Tiêu thụ điện năng": "4.3W Average", "Hỗ trợ thông minh SSD": "Có", "Công nghệ NAND": "3D QLC", "Nhiệt độ hoạt động của SSD": "0°C to +65°C", "Độ ẩm lưu trữ": "93% RH (40° C)", "Tên sản phẩm": "MP600 CORE XT M.2 SSD", "SSD Shock": "1,500 G", "Form factor": "M.2 2280", "Khả năng tương thích SSD": "M.2 2280 Interface Connector Windows 11, Windows 10, Mac OS X", "Vôn": "3.3V, +/- 5%", "Rung": "20Hz~80Hz/1.52mm, 80Hz~2000Hz/20G", "DEVSLP": "PS4: <3mW", "Mã hóa": "AES 256-bit Encryption", "Giờ MTBF": "1,500,000 hours", "SSD TBW": "450", "Giao diện": "PCIE* 4 x 4"}',
            '',
            12, 'https://product.hstatic.net/200000722513/product/20-236-988-01_7c79ecf51d3f4cee80a8cb4a081e6287.jpg', '2023-11-08T07:27:41+00:00',1);
        
INSERT INTO product_image (name, product_variant_id, image_url, is_main)
VALUES
    ('Ảnh 1', 741, 'https://product.hstatic.net/200000722513/product/20-236-988-01_7c79ecf51d3f4cee80a8cb4a081e6287.jpg', TRUE),
    ('Ảnh 2', 741, 'https://product.hstatic.net/200000722513/product/mp600_core_xt_02_0ae9f83b64444ffe975fbd6d26557ce9.png', FALSE),
    ('Ảnh 3', 741, 'https://product.hstatic.net/200000722513/product/mp600_core_xt_03_44245611655a47e2960d9120f4b29020.png', FALSE);
---
INSERT INTO product (name, seo_name, brand_id, specifications, description, created_by, image_url) 
    VALUES (
        'Ổ cứng SSD MSI Spatium S270 960GB SATA3', 'o-cung-ssd-msi-spatium-s270-960gb-sata3', 52,
        '"{\"Model\": \"SPATIUM S270 960GB SATA3\", \"Bộ điều khiển\": \"Phison E18\", \"Bộ nhớ flash\": \"3D NAND\", \"FORM FACTOR\": \"SATA 2.5\\\"\", \"Giao diện\": \"SATA III 6Gbs\", \"Tương thích\": \"SATA III (6Gbps) / II (3Gbps) / I (1.5Gbps)\", \"Kích thước\": \"100.20mm (L) x 69.85mm (W) x 7.00mm (H)\", \"Đọc ngẫu nhiên 4KB lên tới (IOPS)\": \"80,000\", \"Nhiệt độ vận hành\": \"0°C – 70°C\", \"Nhiệt độ lưu trữ\": \"-40°C – 85°C\", \"Tốc độ đọc\": \"500 MB/s\", \"Tốc độ ghi\": \"450 MB/s\"}"',
        '',
        1, 'https://product.hstatic.net/200000722513/product/1024__1__6bb4982da3284a85a388a00b58d3bc32.png'
    );
INSERT INTO product_category (product_id, category_id) VALUES (771, 36);
INSERT INTO product_variant (
        product_id, name, seo_name, supplier_id, price, price_sale, quantity, sku, model, 
        specifications, description, warranty, image_url, release_at, created_by)
        VALUES ( 742, 'Ổ cứng SSD MSI Spatium S270 960GB SATA3', 'o-cung-ssd-msi-spatium-s270-960gb-sata3',
            1, 1390000, 1190000, 10, 'SSD-MSI-SPA-S270-960GB-SATA',
            'SSD-MSI-SPA-S270-960GB-SATA',
            '{"Model": "SPATIUM S270 960GB SATA3", "Bộ điều khiển": "Phison E18", "Bộ nhớ flash": "3D NAND", "FORM FACTOR": "SATA 2.5\"", "Giao diện": "SATA III 6Gbs", "Tương thích": "SATA III (6Gbps) / II (3Gbps) / I (1.5Gbps)", "Kích thước": "100.20mm (L) x 69.85mm (W) x 7.00mm (H)", "Đọc ngẫu nhiên 4KB lên tới (IOPS)": "80,000", "Nhiệt độ vận hành": "0°C – 70°C", "Nhiệt độ lưu trữ": "-40°C – 85°C", "Tốc độ đọc": "500 MB/s", "Tốc độ ghi": "450 MB/s"}',
            '',
            12, 'https://product.hstatic.net/200000722513/product/1024__1__6bb4982da3284a85a388a00b58d3bc32.png', '2023-08-28T08:35:18+00:00',1);
        
INSERT INTO product_image (name, product_variant_id, image_url, is_main)
VALUES
    ('Ảnh 1', 742, 'https://product.hstatic.net/200000722513/product/1024__1__6bb4982da3284a85a388a00b58d3bc32.png', TRUE),
    ('Ảnh 2', 742, 'https://product.hstatic.net/200000722513/product/z4648521840264_730b33c19fbf7694d6bc3eb022969072_187c444846174d6698fd423ee76d0310.png', FALSE);
---
INSERT INTO product (name, seo_name, brand_id, specifications, description, created_by, image_url) 
    VALUES (
        'Ổ cứng SSD MSI SPATIUM M480 PRO PCIe 4.0 NVMe M.2 1TB', 'o-cung-ssd-msi-spatium-m480-pro-pcie-4-0-nvme-m-2-1tb', 52,
        '"{\"Model\": \"SPATIUM M480 PRO NVMe M.2\", \"Bộ điều khiển\": \"Phison E18\", \"Bộ nhớ flash\": \"3D NAND\", \"Yếu tố hình thức\": \"M.2 2280\", \"Giao diện\": \"PCIe Gen4x4, NVMe 1.4\", \"Tương thích\": \"PCIe Gen4 / Gen3 / Gen2 / Gen1\", \"Kích thước\": \"80.40mm (L) x 24.00mm (W) x 10.70mm (H)\", \"Đọc ngẫu nhiên 4KB lên tới (IOPS)\": \"750,000\", \"Nhiệt độ vận hành\": \"0°C – 70°C\", \"Nhiệt độ lưu trữ\": \"-40°C – 85°C\", \"Tốc độ đọc\": \"7400 MB/s\", \"Tốc độ ghi\": \"6000 MB/s\"}"',
        '80.40mm (L) x 24.00mm (W) x 10.70mm (H)',
        1, 'https://product.hstatic.net/200000722513/product/71lv1cwfxpl._ac_uf1000_1000_ql80__f00d11081cf845a9be9b0936faf8fc27.jpg'
    );
INSERT INTO product_category (product_id, category_id) VALUES (771, 36);
INSERT INTO product_variant (
        product_id, name, seo_name, supplier_id, price, price_sale, quantity, sku, model, 
        specifications, description, warranty, image_url, release_at, created_by)
        VALUES ( 743, 'Ổ cứng SSD MSI SPATIUM M480 PRO PCIe 4.0 NVMe M.2 1TB', 'o-cung-ssd-msi-spatium-m480-pro-pcie-4-0-nvme-m-2-1tb',
            1, 3990000, 2990000, 10, 'SSD-MSI-M480-PRO-1TB-PCIE-GEN4',
            'SSD-MSI-M480-PRO-1TB-PCIE-GEN4',
            '{"Model": "SPATIUM M480 PRO NVMe M.2", "Bộ điều khiển": "Phison E18", "Bộ nhớ flash": "3D NAND", "Yếu tố hình thức": "M.2 2280", "Giao diện": "PCIe Gen4x4, NVMe 1.4", "Tương thích": "PCIe Gen4 / Gen3 / Gen2 / Gen1", "Kích thước": "80.40mm (L) x 24.00mm (W) x 10.70mm (H)", "Đọc ngẫu nhiên 4KB lên tới (IOPS)": "750,000", "Nhiệt độ vận hành": "0°C – 70°C", "Nhiệt độ lưu trữ": "-40°C – 85°C", "Tốc độ đọc": "7400 MB/s", "Tốc độ ghi": "6000 MB/s"}',
            '80.40mm (L) x 24.00mm (W) x 10.70mm (H)',
            12, 'https://product.hstatic.net/200000722513/product/71lv1cwfxpl._ac_uf1000_1000_ql80__f00d11081cf845a9be9b0936faf8fc27.jpg', '2023-08-28T08:16:25+00:00',1);
        
INSERT INTO product_image (name, product_variant_id, image_url, is_main)
VALUES
    ('Ảnh 1', 743, 'https://product.hstatic.net/200000722513/product/71lv1cwfxpl._ac_uf1000_1000_ql80__f00d11081cf845a9be9b0936faf8fc27.jpg', TRUE);
---
INSERT INTO product (name, seo_name, brand_id, specifications, description, created_by, image_url) 
    VALUES (
        'Ổ cứng SSD MSI Spatium M450 500GB M.2 PCIe NVMe Gen 4.0', 'o-cung-ssd-msi-spatium-m450-500gb-m-2-pcie-nvme-gen-4-0', 52,
        '"{\"Model\": \"SPATIUM M450 NVMe M.2\", \"Bộ điều khiển\": \"Phison E19T\", \"Bộ nhớ flash\": \"3D NAND\", \"Yếu tố hình thức\": \"M.2 2280\", \"Giao diện\": \"PCIe Gen4x4, NVMe 1.4\", \"Tương thích\": \"PCIe Gen4 / Gen3 / Gen2 / Gen1\", \"Kích thước\": \"80.00mm (L) x 22.00mm (W) x 2.15mm (H)\", \"Công suất thấp&nbsp;L1,2 (MW)\": \"5\", \"IDLE POWER PS3 (MW)\": \"40\", \"Nhiệt độ vận hành\": \"0°C – 70°C\", \"Nhiệt độ lưu trữ\": \"-40°C – 85°C\", \"Tốc độ đọc\": \"3600 MB/s\", \"Tốc độ ghi\": \"2300 MB/s\", \"TBW\": \"300\", \"MTBF\": \"Up to 1,500,000 Hours\"}"',
        '80.00mm (L) x 22.00mm (W) x 2.15mm (H)',
        1, 'https://product.hstatic.net/200000722513/product/gearvn-o-cung-ssd-_msi-spatium-m450-500gb-m.2-pcie-nvme-gen-4.0-2_2c2af54210a04594b5ad423bbd6bff11.png'
    );
INSERT INTO product_category (product_id, category_id) VALUES (771, 36);
INSERT INTO product_variant (
        product_id, name, seo_name, supplier_id, price, price_sale, quantity, sku, model, 
        specifications, description, warranty, image_url, release_at, created_by)
        VALUES ( 744, 'Ổ cứng SSD MSI Spatium M450 500GB M.2 PCIe NVMe Gen 4.0', 'o-cung-ssd-msi-spatium-m450-500gb-m-2-pcie-nvme-gen-4-0',
            1, 1290000, 1190000, 10, 'SSD-MSI-M450-500GB-PCIE-GEN4',
            'SSD-MSI-M450-500GB-PCIE-GEN4',
            '{"Model": "SPATIUM M450 NVMe M.2", "Bộ điều khiển": "Phison E19T", "Bộ nhớ flash": "3D NAND", "Yếu tố hình thức": "M.2 2280", "Giao diện": "PCIe Gen4x4, NVMe 1.4", "Tương thích": "PCIe Gen4 / Gen3 / Gen2 / Gen1", "Kích thước": "80.00mm (L) x 22.00mm (W) x 2.15mm (H)", "Công suất thấp&nbsp;L1,2 (MW)": "5", "IDLE POWER PS3 (MW)": "40", "Nhiệt độ vận hành": "0°C – 70°C", "Nhiệt độ lưu trữ": "-40°C – 85°C", "Tốc độ đọc": "3600 MB/s", "Tốc độ ghi": "2300 MB/s", "TBW": "300", "MTBF": "Up to 1,500,000 Hours"}',
            '80.00mm (L) x 22.00mm (W) x 2.15mm (H)',
            12, 'https://product.hstatic.net/200000722513/product/gearvn-o-cung-ssd-_msi-spatium-m450-500gb-m.2-pcie-nvme-gen-4.0-2_2c2af54210a04594b5ad423bbd6bff11.png', '2023-08-24T04:18:53+00:00',1);
        
INSERT INTO product_image (name, product_variant_id, image_url, is_main)
VALUES
    ('Ảnh 1', 744, 'https://product.hstatic.net/200000722513/product/gearvn-o-cung-ssd-_msi-spatium-m450-500gb-m.2-pcie-nvme-gen-4.0-2_2c2af54210a04594b5ad423bbd6bff11.png', TRUE),
    ('Ảnh 2', 744, 'https://product.hstatic.net/200000722513/product/gearvn-o-cung-ssd-_msi-spatium-m450-500gb-m.2-pcie-nvme-gen-4.0-3_fe90543e996f41f7b6025a84bc02de25.png', FALSE),
    ('Ảnh 3', 744, 'https://product.hstatic.net/200000722513/product/gearvn-o-cung-ssd-_msi-spatium-m450-500gb-m.2-pcie-nvme-gen-4.0-_545132e78be0462683c3a11a557c27da.png', FALSE);
---
INSERT INTO product (name, seo_name, brand_id, specifications, description, created_by, image_url) 
    VALUES (
        'Ổ Cứng SSD WD Black SN850x 2TB M.2 PCIe NVMe Gen 4.0', 'o-cung-ssd-wd-black-sn850x-2tb-m-2-pcie-nvme-gen-4-0', 32,
        '"{\"Dung lượng\": \"2 TB\", \"Form Factor\": \"M.2 2280\", \"Giao thức kết nối\": \"PCIe Gen4 x4\", \"Kích thước (L x W x H)\": \"3.15\\\" x 0.87\\\" x 0.09\\\"\", \"Hiệu suất đọc tuần tự\": \"7300MB/s\", \"Hiệu suất viết tuần tự\": \"6600MB/s\", \"Đọc ngẫu nhiên\": \"120KIOPS (max, Rnd 4KiB)\", \"Viết ngẫu nhiên\": \"110KIOPS (max, Rnd 4KiB)\", \"Cân nặng\": \"7.5Gram\", \"Model Number\": \"WDS200T2X0E\", \"Nhiệt độ hoạt động\": \"0°C to 85°C\", \"Nhiệt độ không hoạt động\": \"-40°C to 85°C\", \"Chứng nhận\": \"BSMI, CAN ICES-3(B)/NMB-3(B), CE, FCC, KCC, Morocco, RCM, TUV, UL, VCCI\"}"',
        'Đánh giá chi tiết ổ&nbsp;cứng SSD WD Black SN850x 2TB M.2 PCIe NVMe Gen 4.0',
        1, 'https://product.hstatic.net/200000722513/product/o-cung-ssd-wd-black-sn850x-1tb-m2-pcie-4.0-wds100t2x0e-hinh-6_9fcfa09c0e494107ba661b3a975555e9.png'
    );
INSERT INTO product_category (product_id, category_id) VALUES (771, 36);
INSERT INTO product_variant (
        product_id, name, seo_name, supplier_id, price, price_sale, quantity, sku, model, 
        specifications, description, warranty, image_url, release_at, created_by)
        VALUES ( 745, 'Ổ Cứng SSD WD Black SN850x 2TB M.2 PCIe NVMe Gen 4.0', 'o-cung-ssd-wd-black-sn850x-2tb-m-2-pcie-nvme-gen-4-0',
            1, 6990000, 4990000, 10, 'SSD-WD-SN850X-BLACK-M2-NVME-GEN4-2TB',
            'SSD-WD-SN850X-BLACK-M2-NVME-GEN4-2TB',
            '{"Dung lượng": "2 TB", "Form Factor": "M.2 2280", "Giao thức kết nối": "PCIe Gen4 x4", "Kích thước (L x W x H)": "3.15\" x 0.87\" x 0.09\"", "Hiệu suất đọc tuần tự": "7300MB/s", "Hiệu suất viết tuần tự": "6600MB/s", "Đọc ngẫu nhiên": "120KIOPS (max, Rnd 4KiB)", "Viết ngẫu nhiên": "110KIOPS (max, Rnd 4KiB)", "Cân nặng": "7.5Gram", "Model Number": "WDS200T2X0E", "Nhiệt độ hoạt động": "0°C to 85°C", "Nhiệt độ không hoạt động": "-40°C to 85°C", "Chứng nhận": "BSMI, CAN ICES-3(B)/NMB-3(B), CE, FCC, KCC, Morocco, RCM, TUV, UL, VCCI"}',
            'Đánh giá chi tiết ổ&nbsp;cứng SSD WD Black SN850x 2TB M.2 PCIe NVMe Gen 4.0',
            12, 'https://product.hstatic.net/200000722513/product/o-cung-ssd-wd-black-sn850x-1tb-m2-pcie-4.0-wds100t2x0e-hinh-6_9fcfa09c0e494107ba661b3a975555e9.png', '2023-07-07T04:10:34+00:00',1);
        
INSERT INTO product_image (name, product_variant_id, image_url, is_main)
VALUES
    ('Ảnh 1', 745, 'https://product.hstatic.net/200000722513/product/o-cung-ssd-wd-black-sn850x-1tb-m2-pcie-4.0-wds100t2x0e-hinh-6_9fcfa09c0e494107ba661b3a975555e9.png', TRUE);
---
INSERT INTO product (name, seo_name, brand_id, specifications, description, created_by, image_url) 
    VALUES (
        'Ổ Cứng SSD WD Black SN850x 1TB M.2 PCIe NVMe Gen 4.0', 'o-cung-ssd-wd-black-sn850x-1tb-m-2-pcie-nvme-gen-4-0', 32,
        '"{\"Dung lượng\": \"1 TB\", \"Form Factor\": \"M.2 2280\", \"Giao thức kết nối\": \"PCIe Gen4 x4\", \"Kích thước (L x W x H)\": \"0.79\\\" x 0.87\\\" x 0.09\\\"\", \"Hiệu suất đọc tuần tự\": \"7300MB/s\", \"Hiệu suất viết tuần tự\": \"6300MB/s\", \"Đọc ngẫu nhiên\": \"800KIOPS (max, Rnd 4KiB)\", \"Viết ngẫu nhiên\": \"110KIOPS (max, Rnd 4KiB)\", \"Cân nặng\": \"7.5Gram\", \"Model Number\": \"WDS100T2X0E\", \"Nhiệt độ hoạt động\": \"0°C to 85°C\", \"Nhiệt độ không hoạt động\": \"-40°C to 85°C\", \"Chứng nhận\": \"BSMI, CAN ICES-3(B)/NMB-3(B), CE, FCC, KCC, Morocco, RCM, TUV, UL, VCCI\"}"',
        'Là thương hiệu vô cùng uy tín trong mảng lưu trữ dữ liệu, Western Digital (WD) đã trở thành một trong những lựa chọn tốt nhất về sản phẩmổ cứng SSDvàHDD. Trong đó, dòng sản phẩm WD Black vốn đã ghi điểm và được người dùng đánh giá rất thì nay một phiên bản mới của dòng ổ cứng được WD trình làng với tên,WD Black SN850x 1TB.',
        1, 'https://product.hstatic.net/200000722513/product/o-cung-ssd-wd-black-sn850x-1tb-m2-pcie-4.0-wds100t2x0e-hinh-6_fc0a702ae48c4b60a46afee4657c60de.png'
    );
INSERT INTO product_category (product_id, category_id) VALUES (771, 36);
INSERT INTO product_variant (
        product_id, name, seo_name, supplier_id, price, price_sale, quantity, sku, model, 
        specifications, description, warranty, image_url, release_at, created_by)
        VALUES ( 746, 'Ổ Cứng SSD WD Black SN850x 1TB M.2 PCIe NVMe Gen 4.0', 'o-cung-ssd-wd-black-sn850x-1tb-m-2-pcie-nvme-gen-4-0',
            1, 3990000, 3590000, 10, 'SSD-WD-SN850X-BLACK-M2-NVME-GEN4-1TB',
            'SSD-WD-SN850X-BLACK-M2-NVME-GEN4-1TB',
            '{"Dung lượng": "1 TB", "Form Factor": "M.2 2280", "Giao thức kết nối": "PCIe Gen4 x4", "Kích thước (L x W x H)": "0.79\" x 0.87\" x 0.09\"", "Hiệu suất đọc tuần tự": "7300MB/s", "Hiệu suất viết tuần tự": "6300MB/s", "Đọc ngẫu nhiên": "800KIOPS (max, Rnd 4KiB)", "Viết ngẫu nhiên": "110KIOPS (max, Rnd 4KiB)", "Cân nặng": "7.5Gram", "Model Number": "WDS100T2X0E", "Nhiệt độ hoạt động": "0°C to 85°C", "Nhiệt độ không hoạt động": "-40°C to 85°C", "Chứng nhận": "BSMI, CAN ICES-3(B)/NMB-3(B), CE, FCC, KCC, Morocco, RCM, TUV, UL, VCCI"}',
            'Là thương hiệu vô cùng uy tín trong mảng lưu trữ dữ liệu, Western Digital (WD) đã trở thành một trong những lựa chọn tốt nhất về sản phẩmổ cứng SSDvàHDD. Trong đó, dòng sản phẩm WD Black vốn đã ghi điểm và được người dùng đánh giá rất thì nay một phiên bản mới của dòng ổ cứng được WD trình làng với tên,WD Black SN850x 1TB.',
            12, 'https://product.hstatic.net/200000722513/product/o-cung-ssd-wd-black-sn850x-1tb-m2-pcie-4.0-wds100t2x0e-hinh-6_fc0a702ae48c4b60a46afee4657c60de.png', '2023-07-07T03:56:58+00:00',1);
        
INSERT INTO product_image (name, product_variant_id, image_url, is_main)
VALUES
    ('Ảnh 1', 746, 'https://product.hstatic.net/200000722513/product/o-cung-ssd-wd-black-sn850x-1tb-m2-pcie-4.0-wds100t2x0e-hinh-6_fc0a702ae48c4b60a46afee4657c60de.png', TRUE);
---
INSERT INTO product (name, seo_name, brand_id, specifications, description, created_by, image_url) 
    VALUES (
        'Ổ Cứng SSD PNY CS900 120GB Sata3', 'pny-ssd-cs900-120g-2-5-sata-3', 43,
        '"{\"Nhà sản xuất\": \"PNY\", \"Tình trạng\": \"Fullbox – 100%\", \"Bảo hành\": \"36 tháng\"}"',
        '',
        1, 'https://product.hstatic.net/200000722513/product/ssd_pny_cs900_gearvn3_5b13807530114a7bb46bb0d82e2ff715_ad103fde32a44e749b673fba693e7c1a.jpg'
    );
INSERT INTO product_category (product_id, category_id) VALUES (771, 36);
INSERT INTO product_variant (
        product_id, name, seo_name, supplier_id, price, price_sale, quantity, sku, model, 
        specifications, description, warranty, image_url, release_at, created_by)
        VALUES ( 747, 'Ổ Cứng SSD PNY CS900 120GB Sata3', 'pny-ssd-cs900-120g-2-5-sata-3',
            1, 790000, 490000, 10, 'SSD-PNY-CS900-120-SATA',
            '2000070148709',
            '{"Nhà sản xuất": "PNY", "Tình trạng": "Fullbox – 100%", "Bảo hành": "36 tháng"}',
            '',
            12, 'https://product.hstatic.net/200000722513/product/ssd_pny_cs900_gearvn3_5b13807530114a7bb46bb0d82e2ff715_ad103fde32a44e749b673fba693e7c1a.jpg', '2024-06-09T15:58:21+00:00',1);
        
INSERT INTO product_image (name, product_variant_id, image_url, is_main)
VALUES
    ('Ảnh 1', 747, 'https://product.hstatic.net/200000722513/product/ssd_pny_cs900_gearvn3_5b13807530114a7bb46bb0d82e2ff715_ad103fde32a44e749b673fba693e7c1a.jpg', TRUE),
    ('Ảnh 2', 747, 'https://product.hstatic.net/200000722513/product/ssd-pny-cs900-series-120-240-480-gb_4cd000e9ff454a6e9cff7abb123a98e2_e3a7827ade02494e88ae5140d29a667d.jpg', FALSE),
    ('Ảnh 3', 747, 'https://product.hstatic.net/200000722513/product/pny-ssd-cs900-la_0c11edd0a40940d9804af81981a5ab91_eb8d4eca13124740ae20dd03e5bb335c.png', FALSE);
---
INSERT INTO product (name, seo_name, brand_id, specifications, description, created_by, image_url) 
    VALUES (
        'Ổ cứng SSD TeamGroup CX2 2.5 inch SATA III 256GB', 'ssd-teamgroup-cx2-256gb-2-5-sata-3', 45,
        '"{\"Thương hiệu\": \"TeamGroup\", \"Tên sản phẩm\": \"CX2\", \"Bảo hành\": \"36 Tháng\", \"Giao thức kết nối\": \"SATA 3 - 2.5\\\" - 6Gb/s\", \"Dung lượng\": \"256 GB\", \"Độ bền\": \"200 TBW\", \"Kiểu dáng\": \"2.5\\\"\", \"Tốc độ đọc\": \"Lên tới 520Mb/s\", \"Tốc độ ghi\": \"Lên tới 430Mb/s\"}"',
        '(Áp dụng cho khu vực nội thành HN & TP.HCM)',
        1, 'https://product.hstatic.net/200000722513/product/-ssd-teamgroup-cx2-256gb-2-5-sata-3-1_24f2ade29f3b47518618b4f02dabd99c_9c07344d76f644dba2a489eec759ee01.png'
    );
INSERT INTO product_category (product_id, category_id) VALUES (771, 36);
INSERT INTO product_variant (
        product_id, name, seo_name, supplier_id, price, price_sale, quantity, sku, model, 
        specifications, description, warranty, image_url, release_at, created_by)
        VALUES ( 748, 'Ổ cứng SSD TeamGroup CX2 2.5 inch SATA III 256GB', 'ssd-teamgroup-cx2-256gb-2-5-sata-3',
            1, 690000, 590000, 10, 'SSD-TEAM-CX2-SATA-3-256GB',
            'SSD-TEAM-CX2-SATA-3-256GB',
            '{"Thương hiệu": "TeamGroup", "Tên sản phẩm": "CX2", "Bảo hành": "36 Tháng", "Giao thức kết nối": "SATA 3 - 2.5\" - 6Gb/s", "Dung lượng": "256 GB", "Độ bền": "200 TBW", "Kiểu dáng": "2.5\"", "Tốc độ đọc": "Lên tới 520Mb/s", "Tốc độ ghi": "Lên tới 430Mb/s"}',
            '(Áp dụng cho khu vực nội thành HN & TP.HCM)',
            12, 'https://product.hstatic.net/200000722513/product/-ssd-teamgroup-cx2-256gb-2-5-sata-3-1_24f2ade29f3b47518618b4f02dabd99c_9c07344d76f644dba2a489eec759ee01.png', '2023-06-02T06:14:55+00:00',1);
        
INSERT INTO product_image (name, product_variant_id, image_url, is_main)
VALUES
    ('Ảnh 1', 748, 'https://product.hstatic.net/200000722513/product/-ssd-teamgroup-cx2-256gb-2-5-sata-3-1_24f2ade29f3b47518618b4f02dabd99c_9c07344d76f644dba2a489eec759ee01.png', TRUE),
    ('Ảnh 2', 748, 'https://product.hstatic.net/200000722513/product/-ssd-teamgroup-cx2-256gb-2-5-sata-3-2_20cbaebf5c404037999844f88ae909b3_9d25cf7803704ae2aaf135560325079f.png', FALSE),
    ('Ảnh 3', 748, 'https://product.hstatic.net/200000722513/product/-ssd-teamgroup-cx2-256gb-2-5-sata-3-3_a3ecdafa44ee4dcab2a72573b9a92552_0cc49cb2d869481899172e7c9a786fe2.png', FALSE),
    ('Ảnh 4', 748, 'https://product.hstatic.net/200000722513/product/-ssd-teamgroup-cx2-256gb-2-5-sata-3-4_4a9ca1413da94c24a0e8510b47923275_821e62d073254fc88bbb8886975ef787.png', FALSE);
---
INSERT INTO product (name, seo_name, brand_id, specifications, description, created_by, image_url) 
    VALUES (
        'Ổ Cứng SSD KLEVV CRAS C710 256GB Gen3 (K256GM2SP0-C71)', 'ssd-klevv-cras-c710-256gb-gen3-k256gm2sp0-c71', 53,
        '"{\"Hãng sản xuất:\": \"Klevv\", \"Model:\": \"K256GM2SP0-C71\", \"Kích thước\": \"M.2\", \"Chuần giao tiếp\": \"NVMe\", \"Dung lượng\": \"256GB\", \"Tốc độ đọc\": \"1950 MB/s\", \"Tốc độ ghi\": \"1250 MB/s\", \"NAND Flash\": \"3D TLC NAND Flash\", \"TBW\": \"150 TB\"}"',
        '',
        1, 'https://product.hstatic.net/200000722513/product/e-gen3-x4-nvme-256gb-k256gm2sp0-c71-1_f4daea5320204244b944784401c11505_391984556d1744ed804ca42ef6fa0eae.png'
    );
INSERT INTO product_category (product_id, category_id) VALUES (771, 36);
INSERT INTO product_variant (
        product_id, name, seo_name, supplier_id, price, price_sale, quantity, sku, model, 
        specifications, description, warranty, image_url, release_at, created_by)
        VALUES ( 749, 'Ổ Cứng SSD KLEVV CRAS C710 256GB Gen3 (K256GM2SP0-C71)', 'ssd-klevv-cras-c710-256gb-gen3-k256gm2sp0-c71',
            1, 690000, 490000, 10, 'SSD-KLEVV-M.2-256GB-GEN3',
            'Ổ Cứng SSD KLEVV CRAS C710 256GB Gen3 (K256GM2SP0-C71)',
            '{"Hãng sản xuất:": "Klevv", "Model:": "K256GM2SP0-C71", "Kích thước": "M.2", "Chuần giao tiếp": "NVMe", "Dung lượng": "256GB", "Tốc độ đọc": "1950 MB/s", "Tốc độ ghi": "1250 MB/s", "NAND Flash": "3D TLC NAND Flash", "TBW": "150 TB"}',
            '',
            12, 'https://product.hstatic.net/200000722513/product/e-gen3-x4-nvme-256gb-k256gm2sp0-c71-1_f4daea5320204244b944784401c11505_391984556d1744ed804ca42ef6fa0eae.png', '2023-06-02T05:18:06+00:00',1);
        
INSERT INTO product_image (name, product_variant_id, image_url, is_main)
VALUES
    ('Ảnh 1', 749, 'https://product.hstatic.net/200000722513/product/e-gen3-x4-nvme-256gb-k256gm2sp0-c71-1_f4daea5320204244b944784401c11505_391984556d1744ed804ca42ef6fa0eae.png', TRUE);
---
INSERT INTO product (name, seo_name, brand_id, specifications, description, created_by, image_url) 
    VALUES (
        'Ổ Cứng SSD PNY CS900 240GB Sata3', 'pny-ssd-cs900-240g-2-5-sata-3', 43,
        '"{\"Thương hiệu\": \"PNY\", \"Tên sản phẩm\": \"SSD PNY CS900 240G 2.5\\\" Sata 3\", \"Bảo hành\": \"36 Tháng\", \"Giao thức kết nối\": \"SATA 3 - 2.5\\\"\", \"Dung lượng\": \"240 GB\", \"Độ bền\": \"100 TBW\", \"Kích thước\": \"100 x 69,9 x 7 mm\", \"Kiểu dáng\": \"2.5\\\"\", \"Tốc độ đọc\": \"Lên tới 535Mb/s\", \"Tốc độ ghi\": \"Lên tới 500Mb/s\", \"Chip nhớ\": \"Chip nhớ Flash TLC tốc độ cao\"}"',
        '(Áp dụng cho khu vực nội thành HN & TP.HCM)',
        1, 'https://product.hstatic.net/200000722513/product/ssd_pny_cs900_gearvn3_14ab715fd7834e858a04950540e166b3.jpg'
    );
INSERT INTO product_category (product_id, category_id) VALUES (771, 36);
INSERT INTO product_variant (
        product_id, name, seo_name, supplier_id, price, price_sale, quantity, sku, model, 
        specifications, description, warranty, image_url, release_at, created_by)
        VALUES ( 750, 'Ổ Cứng SSD PNY CS900 240GB Sata3', 'pny-ssd-cs900-240g-2-5-sata-3',
            1, 690000, 590000, 10, 'SSD-PNY-CS900-240-SATA',
            'SSD-PNY-CS900-240-SATA',
            '{"Thương hiệu": "PNY", "Tên sản phẩm": "SSD PNY CS900 240G 2.5\" Sata 3", "Bảo hành": "36 Tháng", "Giao thức kết nối": "SATA 3 - 2.5\"", "Dung lượng": "240 GB", "Độ bền": "100 TBW", "Kích thước": "100 x 69,9 x 7 mm", "Kiểu dáng": "2.5\"", "Tốc độ đọc": "Lên tới 535Mb/s", "Tốc độ ghi": "Lên tới 500Mb/s", "Chip nhớ": "Chip nhớ Flash TLC tốc độ cao"}',
            '(Áp dụng cho khu vực nội thành HN & TP.HCM)',
            12, 'https://product.hstatic.net/200000722513/product/ssd_pny_cs900_gearvn3_14ab715fd7834e858a04950540e166b3.jpg', '2024-06-09T15:58:24+00:00',1);
        
INSERT INTO product_image (name, product_variant_id, image_url, is_main)
VALUES
    ('Ảnh 1', 750, 'https://product.hstatic.net/200000722513/product/ssd_pny_cs900_gearvn3_14ab715fd7834e858a04950540e166b3.jpg', TRUE),
    ('Ảnh 2', 750, 'https://product.hstatic.net/200000722513/product/ssd_pny_cs900_gearvn_8d3b291b0c444069a748d6fd2bfe1190.jpg', FALSE),
    ('Ảnh 3', 750, 'https://product.hstatic.net/200000722513/product/ssd-pny-cs900-series-120-240-480-gb_ea3dadbd989340cd9cf91a7ba219524d.jpg', FALSE),
    ('Ảnh 4', 750, 'https://product.hstatic.net/200000722513/product/pny-ssd-cs900-la_205dd25a847f4f1d93c99d42bbb677a4.png', FALSE);
---
INSERT INTO product (name, seo_name, brand_id, specifications, description, created_by, image_url) 
    VALUES (
        'Ổ cứng PNY SSD CS1031 M.2 2280 NVMe 256GB', 'ssd-pny-cs1031-m-2-2280-256gb-gen-3x4', 43,
        '"{\"Dung lượng\": \"256GB\", \"NAND\": \"3D\", \"Chuẩn kết nối\": \"PCIe Gen 3x4 NVMe 1.3\", \"Form Factor\": \"M.2 2280\", \"Kích thước\": \"Sản phẩm: 22 x 80 x 2 mmVận chuyển:&nbsp;123 x 85 x 4.3 mm\", \"Trọng lượng\": \"6.6g\", \"Tốc độ đọc tối đa\": \"Up to 1700MB/s\", \"Tốc độ ghi tối đa\": \"Up to 1100MB/s\", \"TBW\": \"380\", \"Nhiệt độ vận hành\": \"0°C to 70°C\", \"Nhiệt độ ổ lưu trữ\": \"-40°C to 85°C\", \"Chứng nhận\": \"BSMI, CE, FCC, KCC, VCCI, REACH, RoHS\"}"',
        'Ổ cứngSSD PNY CS1031 sẽ là sự lựa chọn tuyệt vời dành cho bạn nếu như bạn đang muốn nâng cấp ổ đĩaSATA 3. Miễn là hệ thốngPC,laptophay MAC có hỗ trợ ổM.2 NVMethì PNY CS1031 có thể hỗ trợ nâng cấp hệ thống giúp nâng cao và duy trì hiệu suất tối ưu.',
        1, 'https://product.hstatic.net/200000722513/product/ssd_31e6610041e74ca8bc06d3bc58040f89_db09b05997764275b35cec4ffc68b3d4.jpg'
    );
INSERT INTO product_category (product_id, category_id) VALUES (771, 36);
INSERT INTO product_variant (
        product_id, name, seo_name, supplier_id, price, price_sale, quantity, sku, model, 
        specifications, description, warranty, image_url, release_at, created_by)
        VALUES ( 751, 'Ổ cứng PNY SSD CS1031 M.2 2280 NVMe 256GB', 'ssd-pny-cs1031-m-2-2280-256gb-gen-3x4',
            1, 1090000, 690000, 10, 'SSD-PNY-CS1031-NVME-256GB',
            'SSD-PNY-CS1031-NVME-256GB',
            '{"Dung lượng": "256GB", "NAND": "3D", "Chuẩn kết nối": "PCIe Gen 3x4 NVMe 1.3", "Form Factor": "M.2 2280", "Kích thước": "Sản phẩm: 22 x 80 x 2 mmVận chuyển:&nbsp;123 x 85 x 4.3 mm", "Trọng lượng": "6.6g", "Tốc độ đọc tối đa": "Up to 1700MB/s", "Tốc độ ghi tối đa": "Up to 1100MB/s", "TBW": "380", "Nhiệt độ vận hành": "0°C to 70°C", "Nhiệt độ ổ lưu trữ": "-40°C to 85°C", "Chứng nhận": "BSMI, CE, FCC, KCC, VCCI, REACH, RoHS"}',
            'Ổ cứngSSD PNY CS1031 sẽ là sự lựa chọn tuyệt vời dành cho bạn nếu như bạn đang muốn nâng cấp ổ đĩaSATA 3. Miễn là hệ thốngPC,laptophay MAC có hỗ trợ ổM.2 NVMethì PNY CS1031 có thể hỗ trợ nâng cấp hệ thống giúp nâng cao và duy trì hiệu suất tối ưu.',
            12, 'https://product.hstatic.net/200000722513/product/ssd_31e6610041e74ca8bc06d3bc58040f89_db09b05997764275b35cec4ffc68b3d4.jpg', '2023-06-02T20:22:20+00:00',1);
        
INSERT INTO product_image (name, product_variant_id, image_url, is_main)
VALUES
    ('Ảnh 1', 751, 'https://product.hstatic.net/200000722513/product/ssd_31e6610041e74ca8bc06d3bc58040f89_db09b05997764275b35cec4ffc68b3d4.jpg', TRUE),
    ('Ảnh 2', 751, 'https://product.hstatic.net/200000722513/product/ssd1_8037895335d24727bd232439e78b8f8d_261cef41ca394665b2b4c753d931c551.jpg', FALSE),
    ('Ảnh 3', 751, 'https://product.hstatic.net/200000722513/product/ssd2_328bbb5a14cb4c888f5066199fd3b8ba_016d6ce0217f4f049f5fbcb15ecb2f72.jpg', FALSE);
---
INSERT INTO product (name, seo_name, brand_id, specifications, description, created_by, image_url) 
    VALUES (
        'Ổ Cứng SSD PNY CS900 250GB Sata3', 'ssd-pny-cs900-250gb-2-5-sata-3', 43,
        '"{\"Thương hiệu\": \"PNY\", \"Tên sản phẩm\": \"SSD PNY CS900 250GB 2.5\\\" Sata 3\", \"Bảo hành\": \"36 Tháng\", \"Giao thức kết nối\": \"SATA 3 - 2.5\\\"\", \"Dung lượng\": \"250 GB\", \"Độ bền\": \"100 TBW\", \"Kích thước\": \"100 x 69,9 x 7 mm\", \"Kiểu dáng\": \"2.5\\\"\", \"Tốc độ đọc\": \"Lên tới 535Mb/s\", \"Tốc độ ghi\": \"Lên tới 500Mb/s\", \"Chip nhớ\": \"Chip nhớ Flash TLC tốc độ cao\"}"',
        'Với chất lượng vượt trội và hiệu năng cao. SSD PNY&nbsp;là một sự lựa chọn tối ưu khi bạn muốn nâng cấp ổ cứng. Rất nhanh với tốc độ đọc ghi tuần tự có thể lên đến 535Mb/s và 500Mb/s. Giờ đây mọi thao tác trên máy tính của bạn diễn ra một cách nhanh chóng và mượt mà nhất có thể. Tăng hiệu năng toàn bộ của máy tính lên rất nhiều.',
        1, 'https://product.hstatic.net/200000722513/product/1-pny-ssd-cs900-fr_482e99a05c2b4929b74a9375f58cf6da_4967e54ad7e74668b37238fa120743c1.png'
    );
INSERT INTO product_category (product_id, category_id) VALUES (771, 36);
INSERT INTO product_variant (
        product_id, name, seo_name, supplier_id, price, price_sale, quantity, sku, model, 
        specifications, description, warranty, image_url, release_at, created_by)
        VALUES ( 752, 'Ổ Cứng SSD PNY CS900 250GB Sata3', 'ssd-pny-cs900-250gb-2-5-sata-3',
            1, 690000, 590000, 10, 'SSD-PNY-CS900-250-SATA',
            'SSD-PNY-CS900-250-SATA',
            '{"Thương hiệu": "PNY", "Tên sản phẩm": "SSD PNY CS900 250GB 2.5\" Sata 3", "Bảo hành": "36 Tháng", "Giao thức kết nối": "SATA 3 - 2.5\"", "Dung lượng": "250 GB", "Độ bền": "100 TBW", "Kích thước": "100 x 69,9 x 7 mm", "Kiểu dáng": "2.5\"", "Tốc độ đọc": "Lên tới 535Mb/s", "Tốc độ ghi": "Lên tới 500Mb/s", "Chip nhớ": "Chip nhớ Flash TLC tốc độ cao"}',
            'Với chất lượng vượt trội và hiệu năng cao. SSD PNY&nbsp;là một sự lựa chọn tối ưu khi bạn muốn nâng cấp ổ cứng. Rất nhanh với tốc độ đọc ghi tuần tự có thể lên đến 535Mb/s và 500Mb/s. Giờ đây mọi thao tác trên máy tính của bạn diễn ra một cách nhanh chóng và mượt mà nhất có thể. Tăng hiệu năng toàn bộ của máy tính lên rất nhiều.',
            12, 'https://product.hstatic.net/200000722513/product/1-pny-ssd-cs900-fr_482e99a05c2b4929b74a9375f58cf6da_4967e54ad7e74668b37238fa120743c1.png', '2024-04-11T03:50:15+00:00',1);
        
INSERT INTO product_image (name, product_variant_id, image_url, is_main)
VALUES
    ('Ảnh 1', 752, 'https://product.hstatic.net/200000722513/product/1-pny-ssd-cs900-fr_482e99a05c2b4929b74a9375f58cf6da_4967e54ad7e74668b37238fa120743c1.png', TRUE),
    ('Ảnh 2', 752, 'https://product.hstatic.net/200000722513/product/6327-en_color_list_21i17_msrke8ffpm_4aebe92896fd483b9c8a17bcdab4e3e9_2fc3458e7f8f4101bd48e97315ab4ca4.jpg', FALSE);
---
INSERT INTO product (name, seo_name, brand_id, specifications, description, created_by, image_url) 
    VALUES (
        'Ổ Cứng SSD Gigabyte M.2 PCIe 256GB (GP-GSM2NE3256GNTD)', 'ssd-gigabyte-nvme-256gb', 49,
        '"{\"Thương hiệu\": \"Gigabyte\", \"Bảo hành\": \"36 tháng\", \"Series/Model\": \"GP-GSM2NE3256GNTD\", \"Màu sắc\": \"Xanh xám\", \"Loại ổ cứng\": \"PCI-Express 3.0 x4, NVMe 1.3\", \"Dung lượng\": \"256 GB\", \"Kích thước chuẩn\": \"80 x 22 x 2.3&nbsp;(mm)\", \"Form factor\": \"M.2 2280\", \"Tốc độ đọc\": \"Lên tới 1700MB/s\", \"Tốc độ ghi\": \"Lên tới 1100MB/s\"}"',
        'Ổ cứng SSDlà phương tiện lưu trữ dữ liệu trên máy tính. Nó không những là một sự nâng cấp hoàn hảo choổ HDDtruyền thống trong việc xử lý dữ liệu mà còn cải thiện tối đa nhiệt độ và điện năng tiêu thụ.SSD Gigabyte M.2 PCIe 256GBthế hệ mới với chuẩn giao thức kết nối PCI-Express 3.0 x4 và&nbsp;NVMe 1.3 tự hào có thể làm tốt mọi tác vụ cần có ở một ổ lưu trữ và nâng cao hiệu suất hệ thống.',
        1, 'https://product.hstatic.net/200000722513/product/3_2269d7b856544966897f2b2b65683270_73af0e9a6082465da59b76283fac67a8.png'
    );
INSERT INTO product_category (product_id, category_id) VALUES (771, 36);
INSERT INTO product_variant (
        product_id, name, seo_name, supplier_id, price, price_sale, quantity, sku, model, 
        specifications, description, warranty, image_url, release_at, created_by)
        VALUES ( 753, 'Ổ Cứng SSD Gigabyte M.2 PCIe 256GB (GP-GSM2NE3256GNTD)', 'ssd-gigabyte-nvme-256gb',
            1, 1290000, 790000, 10, 'SSD-GIG-M.2-PCIe-256G',
            'SSD-GIG-M.2-PCIe-256G',
            '{"Thương hiệu": "Gigabyte", "Bảo hành": "36 tháng", "Series/Model": "GP-GSM2NE3256GNTD", "Màu sắc": "Xanh xám", "Loại ổ cứng": "PCI-Express 3.0 x4, NVMe 1.3", "Dung lượng": "256 GB", "Kích thước chuẩn": "80 x 22 x 2.3&nbsp;(mm)", "Form factor": "M.2 2280", "Tốc độ đọc": "Lên tới 1700MB/s", "Tốc độ ghi": "Lên tới 1100MB/s"}',
            'Ổ cứng SSDlà phương tiện lưu trữ dữ liệu trên máy tính. Nó không những là một sự nâng cấp hoàn hảo choổ HDDtruyền thống trong việc xử lý dữ liệu mà còn cải thiện tối đa nhiệt độ và điện năng tiêu thụ.SSD Gigabyte M.2 PCIe 256GBthế hệ mới với chuẩn giao thức kết nối PCI-Express 3.0 x4 và&nbsp;NVMe 1.3 tự hào có thể làm tốt mọi tác vụ cần có ở một ổ lưu trữ và nâng cao hiệu suất hệ thống.',
            12, 'https://product.hstatic.net/200000722513/product/3_2269d7b856544966897f2b2b65683270_73af0e9a6082465da59b76283fac67a8.png', '2023-06-02T09:51:48+00:00',1);
        
INSERT INTO product_image (name, product_variant_id, image_url, is_main)
VALUES
    ('Ảnh 1', 753, 'https://product.hstatic.net/200000722513/product/3_2269d7b856544966897f2b2b65683270_73af0e9a6082465da59b76283fac67a8.png', TRUE),
    ('Ảnh 2', 753, 'https://product.hstatic.net/200000722513/product/4_465b8160214141d78fac110e2a2a0295_001207b3d5ac47c5b3dd25eb53daccf3.png', FALSE),
    ('Ảnh 3', 753, 'https://product.hstatic.net/200000722513/product/5_a13f3467001f48c6a78cf8358955ab16_3831d3986f78439bb377d3dac784a9bc.png', FALSE);
---
INSERT INTO product (name, seo_name, brand_id, specifications, description, created_by, image_url) 
    VALUES (
        'Ổ Cứng SSD Kingston A400 M.2 Sata3 240Gb', 'ssd-kingston-a400-240gb-m-2-sata-3', 41,
        '"{\"Thương hiệu\": \"KINGSTON\", \"Bảo hành\": \"36 tháng\", \"Model\": \"SSD KINGSTON A400 240GB M.2 Sata 3\", \"Kích cỡ\": \"M.2 2280\", \"Giao tiếp\": \"SATA Phiên bản 3.0 (6Gb/giây) – với khả năng tương thích ngược với SATA Phiên bản 2.0 (3Gb/giây)\", \"Dung lượng\": \"240GB\", \"NAND\": \"3D\", \"Truyền dữ liệu (ATTO)\": \"240GB – lên đến 500MB/giây đọc và 350MB/giây ghi\", \"Tiêu thụ điện năng\": \"0,195W Nghỉ / 0,279W trung bình / 0,642W (tối đa) Đọc / 1,535W (đọc) Ghi\", \"Nhiệt độ bảo quản\": \"-40°C~85°C\", \"Nhiệt độ hoạt động\": \"0°C~70°C\", \"Kích thước\": \"80mm x 22mm x 1,35mm (M.2)\", \"Trọng lượng\": \"6,7g (240GB – M.2)\", \"Độ rung hoạt động\": \"2,17G Tối đa (7–800Hz)\", \"Độ rung không hoạt động\": \"20G Tối đa (10–2000Hz)\", \"Tuổi thọ\": \"1 triệu giờ MTBF\", \"Tổng số byte được ghi (TBW)\": \"240GB: 80TB\"}"',
        'Thương hiệu Kingston đã không còn xa lạ với mọi tín đồ công nghệ, là một tập đoàn đa quốc gia chuyên về sản xuất các sản phẩm bộ nhớ flash và các sản phẩm liên quan tới máy tính khác. Kingston hiện đang sở hữu&nbsp;46%&nbsp;thị phần&nbsp;DRAM&nbsp;toàn cầu theo iSuppli. Sản phẩm của Kingston luôn mang lại chất lượng tối đa cho người dùng.',
        1, 'https://product.hstatic.net/200000722513/product/ssd-kingston-a400-240gb-m-2-sata-3-1_76b4e03be344463986e9b5e89d08e0ed_2e97ae87b1f4476ea3942821a50dc677.jpg'
    );
INSERT INTO product_category (product_id, category_id) VALUES (771, 36);
INSERT INTO product_variant (
        product_id, name, seo_name, supplier_id, price, price_sale, quantity, sku, model, 
        specifications, description, warranty, image_url, release_at, created_by)
        VALUES ( 754, 'Ổ Cứng SSD Kingston A400 M.2 Sata3 240Gb', 'ssd-kingston-a400-240gb-m-2-sata-3',
            1, 1090000, 390000, 10, 'SSD-KINGS-A400-M.2-SATA3-240G',
            'SSD-KINGS-A400-M.2-SATA3-240G',
            '{"Thương hiệu": "KINGSTON", "Bảo hành": "36 tháng", "Model": "SSD KINGSTON A400 240GB M.2 Sata 3", "Kích cỡ": "M.2 2280", "Giao tiếp": "SATA Phiên bản 3.0 (6Gb/giây) – với khả năng tương thích ngược với SATA Phiên bản 2.0 (3Gb/giây)", "Dung lượng": "240GB", "NAND": "3D", "Truyền dữ liệu (ATTO)": "240GB – lên đến 500MB/giây đọc và 350MB/giây ghi", "Tiêu thụ điện năng": "0,195W Nghỉ / 0,279W trung bình / 0,642W (tối đa) Đọc / 1,535W (đọc) Ghi", "Nhiệt độ bảo quản": "-40°C~85°C", "Nhiệt độ hoạt động": "0°C~70°C", "Kích thước": "80mm x 22mm x 1,35mm (M.2)", "Trọng lượng": "6,7g (240GB – M.2)", "Độ rung hoạt động": "2,17G Tối đa (7–800Hz)", "Độ rung không hoạt động": "20G Tối đa (10–2000Hz)", "Tuổi thọ": "1 triệu giờ MTBF", "Tổng số byte được ghi (TBW)": "240GB: 80TB"}',
            'Thương hiệu Kingston đã không còn xa lạ với mọi tín đồ công nghệ, là một tập đoàn đa quốc gia chuyên về sản xuất các sản phẩm bộ nhớ flash và các sản phẩm liên quan tới máy tính khác. Kingston hiện đang sở hữu&nbsp;46%&nbsp;thị phần&nbsp;DRAM&nbsp;toàn cầu theo iSuppli. Sản phẩm của Kingston luôn mang lại chất lượng tối đa cho người dùng.',
            12, 'https://product.hstatic.net/200000722513/product/ssd-kingston-a400-240gb-m-2-sata-3-1_76b4e03be344463986e9b5e89d08e0ed_2e97ae87b1f4476ea3942821a50dc677.jpg', '2025-01-02T06:36:02+00:00',1);
        
INSERT INTO product_image (name, product_variant_id, image_url, is_main)
VALUES
    ('Ảnh 1', 754, 'https://product.hstatic.net/200000722513/product/ssd-kingston-a400-240gb-m-2-sata-3-1_76b4e03be344463986e9b5e89d08e0ed_2e97ae87b1f4476ea3942821a50dc677.jpg', TRUE),
    ('Ảnh 2', 754, 'https://product.hstatic.net/200000722513/product/ssd-kingston-a400-240gb-m-2-sata-3-2_ac288a52ec7640ae86bbdfdbd5045cfb_f5c885fca4674ee8afa53442058a1677.jpg', FALSE),
    ('Ảnh 3', 754, 'https://product.hstatic.net/200000722513/product/ssd-kingston-a400-240gb-m-2-sata-3-3_59100cfc51154516875ba9eb75d3c5e0_eee6978167524765ad1d886dd0744bb1.jpg', FALSE);
---
INSERT INTO product (name, seo_name, brand_id, specifications, description, created_by, image_url) 
    VALUES (
        'Ổ cứng SSD Kingston NV2 250GB M.2 PCIe NVMe Gen4', 'ssd-kingston-nv2-250gb-m-2-pcie-nvme-gen4', 41,
        '"{\"Thương hiệu\": \"Kingston\", \"Bảo hành\": \"36&nbsp;tháng\", \"Model\": \"SSD Kingston NV2 250GB M.2 PCIe NVMe Gen4\", \"Kích thước\": \"M.2 2280\", \"Giao diện\": \"PCIe 4.0 x4 NVMe\", \"Mức dung lượng\": \"250GB\", \"Đọc/ghi tuần tự\": \"3.000/1.300 MB/giây\", \"Độ bền\": \"80TB\", \"Nhiệt độ bảo quản\": \"-40°C~85°C\", \"Nhiệt độ vận hành\": \"0°C~70°C\", \"Kích thước chuẩn\": \"22 mm x 80 mm x 2,1 mm\", \"Trọng lượng\": \"7 g (Tất cả các mức dung lượng)\", \"Độ rung khi hoạt động\": \"2,17G (7-800 Hz)\", \"Độ rung khi không hoạt động\": \"20G (20-1000Hz)\", \"Bảo hành/hỗ trợ\": \"Bảo hành 3 năm có giới hạn với hỗ trợ kỹ thuật miễn phí\"}"',
        '(Áp dụng cho khu vực nội thành HN & TP.HCM)',
        1, 'https://product.hstatic.net/200000722513/product/ktc-product-ssd-snv2s-250g-3-lg_134f63eaef554cb0984a5d322dc25cb5_8ef94ccd223940788600ff0acd438e2b.png'
    );
INSERT INTO product_category (product_id, category_id) VALUES (771, 36);
INSERT INTO product_variant (
        product_id, name, seo_name, supplier_id, price, price_sale, quantity, sku, model, 
        specifications, description, warranty, image_url, release_at, created_by)
        VALUES ( 755, 'Ổ cứng SSD Kingston NV2 250GB M.2 PCIe NVMe Gen4', 'ssd-kingston-nv2-250gb-m-2-pcie-nvme-gen4',
            1, 1090000, 990000, 10, 'SSD-KINGS-NV2-250GB',
            'SSD-KINGS-NV2-250GB',
            '{"Thương hiệu": "Kingston", "Bảo hành": "36&nbsp;tháng", "Model": "SSD Kingston NV2 250GB M.2 PCIe NVMe Gen4", "Kích thước": "M.2 2280", "Giao diện": "PCIe 4.0 x4 NVMe", "Mức dung lượng": "250GB", "Đọc/ghi tuần tự": "3.000/1.300 MB/giây", "Độ bền": "80TB", "Nhiệt độ bảo quản": "-40°C~85°C", "Nhiệt độ vận hành": "0°C~70°C", "Kích thước chuẩn": "22 mm x 80 mm x 2,1 mm", "Trọng lượng": "7 g (Tất cả các mức dung lượng)", "Độ rung khi hoạt động": "2,17G (7-800 Hz)", "Độ rung khi không hoạt động": "20G (20-1000Hz)", "Bảo hành/hỗ trợ": "Bảo hành 3 năm có giới hạn với hỗ trợ kỹ thuật miễn phí"}',
            '(Áp dụng cho khu vực nội thành HN & TP.HCM)',
            12, 'https://product.hstatic.net/200000722513/product/ktc-product-ssd-snv2s-250g-3-lg_134f63eaef554cb0984a5d322dc25cb5_8ef94ccd223940788600ff0acd438e2b.png', '2023-06-02T09:52:00+00:00',1);
        
INSERT INTO product_image (name, product_variant_id, image_url, is_main)
VALUES
    ('Ảnh 1', 755, 'https://product.hstatic.net/200000722513/product/ktc-product-ssd-snv2s-250g-3-lg_134f63eaef554cb0984a5d322dc25cb5_8ef94ccd223940788600ff0acd438e2b.png', TRUE),
    ('Ảnh 2', 755, 'https://product.hstatic.net/200000722513/product/ktc-product-ssd-snv2s-250g-1-lg_0f398d2ac313419a83fcff5cc4709b2d_bb78f8d3c5ba443fba2da56a2021388f.jpg', FALSE),
    ('Ảnh 3', 755, 'https://product.hstatic.net/200000722513/product/ktc-product-ssd-snv2s-250g-2-lg_c770f52fd2784a33844f51904a12b64c_3f520dc6b9dd43339f7b35fb1c5bad92.jpg', FALSE);
---
INSERT INTO product (name, seo_name, brand_id, specifications, description, created_by, image_url) 
    VALUES (
        'Gigabyte SSD AORUS RGB M.2 NVMe 512GB', 'gigabyte-ssd-aorus-rgb-m-2-nvme-512gb', 49,
        '"{\"Thương hiệu:\": \"Gigabyte\", \"Bảo hành:\": \"36 tháng\", \"Series/Model:\": \"SSD AORUS RGB M.2 NVMe 512GB\", \"Màu sắc:\": \"Bạc\", \"Loại ổ cứng:\": \"SSD\", \"Kết nối:\": \"M.2 NVMe\", \"Dung lượng:\": \"512 GB\", \"Kích thước chuẩn:\": \"80 x 22 x 2.3&nbsp;(mm)\", \"Form factor:\": \"M.2 2280\", \"Tốc độ đọc:\": \"Lên tới 3480MB/s\", \"Tốc độ ghi:\": \"Lên tới 2000MB/s\", \"Trọng lượng:\": \"6.6 g\", \"Tính năng:\": \"Trang bị logo LED RGB\"}"',
        'Với bộ điều khiển giao diện NVMe mới, AORUS RGB M.2 SSD mang lại tốc độ cực nhanh lên đến 3480MB/s đọc tuần tự và ghi tuần tự lên đến 2000MB/s.&nbsp;Hơn nữa, bộ tản nhiệt giữ cho nhiệt độ bộ điều khiển và bộ nhớ ở mức thấp, đảm bảo rằng hiệu suất của SSD sẽ không bị ảnh hưởng.&nbsp;Điều này đặc biệt quan trọng đối với các game thủ vì các bộ phận sẽ nóng lên đáng kể trong quá trình chơi game.&nbsp;Hãy sẵn sàng để bước vào thế hệ máy tính tiếp theo, với tốc độ truyền trực tuyến trò chơi và kết xuất đồ họa chuyên sâu nhanh hơn và mượt mà hơn.',
        1, 'https://product.hstatic.net/200000722513/product/aorus_rgb_ssd_gearvn01_3e4f777d02cf4a129f98e2533e4bda22_0c8fcc18dc8642b7b80f9b2888057af0.png'
    );
INSERT INTO product_category (product_id, category_id) VALUES (771, 36);
INSERT INTO product_variant (
        product_id, name, seo_name, supplier_id, price, price_sale, quantity, sku, model, 
        specifications, description, warranty, image_url, release_at, created_by)
        VALUES ( 756, 'Ổ Cứng SSD Gigabyte M.2 PCIe 512GB (GP-GSM2NE3512GNTD)', 'gigabyte-ssd-aorus-rgb-m-2-nvme-512gb',
            1, 2990000, 1190000, 10, 'SSD-GIG-M.2-PCIe-512G',
            'Gigabyte SSD AORUS RGB M.2 NVMe 512GB',
            '{"Thương hiệu:": "Gigabyte", "Bảo hành:": "36 tháng", "Series/Model:": "SSD AORUS RGB M.2 NVMe 512GB", "Màu sắc:": "Bạc", "Loại ổ cứng:": "SSD", "Kết nối:": "M.2 NVMe", "Dung lượng:": "512 GB", "Kích thước chuẩn:": "80 x 22 x 2.3&nbsp;(mm)", "Form factor:": "M.2 2280", "Tốc độ đọc:": "Lên tới 3480MB/s", "Tốc độ ghi:": "Lên tới 2000MB/s", "Trọng lượng:": "6.6 g", "Tính năng:": "Trang bị logo LED RGB"}',
            'Với bộ điều khiển giao diện NVMe mới, AORUS RGB M.2 SSD mang lại tốc độ cực nhanh lên đến 3480MB/s đọc tuần tự và ghi tuần tự lên đến 2000MB/s.&nbsp;Hơn nữa, bộ tản nhiệt giữ cho nhiệt độ bộ điều khiển và bộ nhớ ở mức thấp, đảm bảo rằng hiệu suất của SSD sẽ không bị ảnh hưởng.&nbsp;Điều này đặc biệt quan trọng đối với các game thủ vì các bộ phận sẽ nóng lên đáng kể trong quá trình chơi game.&nbsp;Hãy sẵn sàng để bước vào thế hệ máy tính tiếp theo, với tốc độ truyền trực tuyến trò chơi và kết xuất đồ họa chuyên sâu nhanh hơn và mượt mà hơn.',
            12, 'https://product.hstatic.net/200000722513/product/aorus_rgb_ssd_gearvn01_3e4f777d02cf4a129f98e2533e4bda22_0c8fcc18dc8642b7b80f9b2888057af0.png', '2023-06-02T15:47:57+00:00',1);
        
INSERT INTO product_image (name, product_variant_id, image_url, is_main)
VALUES
    ('Ảnh 1', 756, 'https://product.hstatic.net/200000722513/product/aorus_rgb_ssd_gearvn01_3e4f777d02cf4a129f98e2533e4bda22_0c8fcc18dc8642b7b80f9b2888057af0.png', TRUE),
    ('Ảnh 2', 756, 'https://product.hstatic.net/200000722513/product/aorus_rgb_ssd_gearvn_a7d64544d02543348ee0a03f75775212_06f01369359f4ecfb4a254ff0b61749a.png', FALSE),
    ('Ảnh 3', 756, 'https://product.hstatic.net/200000722513/product/aorus_rgb_ssd_gearvn02_90d0e6943b7a413181a839e6bc4a4ddd_97240c220ccf401b88a8b4be70c005f6.png', FALSE),
    ('Ảnh 4', 756, 'https://product.hstatic.net/200000722513/product/aorus_rgb_ssd_gearvn03_3481c7c047ad49b6a87ebeb0c5009d82_76665108c9d4456c8e2a851d25bbd822.png', FALSE);
---
INSERT INTO product (name, seo_name, brand_id, specifications, description, created_by, image_url) 
    VALUES (
        'Ổ cứng SSD Kingston NV2 500GB M.2 PCIe NVMe Gen4', 'ssd-kingston-nv2-500gb-m-2-pcie-nvme-gen4', 41,
        '"{\"Thương hiệu\": \"Kingston\", \"Bảo hành\": \"36&nbsp;tháng\", \"Model\": \"SSD Kingston NV2 500GB M.2 PCIe NVMe Gen4\", \"Kích thước\": \"M.2 2280\", \"Giao diện\": \"PCIe 4.0 x4 NVMe\", \"Mức dung lượng\": \"500GB\", \"Đọc/ghi tuần tự\": \"3.500/2.100 MB/giây\", \"Độ bền\": \"160TB\", \"Nhiệt độ bảo quản\": \"-40°C~85°C\", \"Nhiệt độ vận hành\": \"0°C~70°C\", \"Kích thước chuẩn\": \"22 mm x 80 mm x 2,1 mm\", \"Trọng lượng\": \"7 g (Tất cả các mức dung lượng)\", \"Độ rung khi hoạt động\": \"2,17G (7-800 Hz)\", \"Độ rung khi không hoạt động\": \"20G (20-1000Hz)\", \"Bảo hành/hỗ trợ\": \"Bảo hành 3 năm có giới hạn với hỗ trợ kỹ thuật miễn phí\"}"',
        '(Áp dụng cho khu vực nội thành HN & TP.HCM)',
        1, 'https://product.hstatic.net/200000722513/product/500_2c3dab1f31804c5d865af3a26cebda03_cd349308894542fe97b02876d80270f1.png'
    );
INSERT INTO product_category (product_id, category_id) VALUES (771, 36);
INSERT INTO product_variant (
        product_id, name, seo_name, supplier_id, price, price_sale, quantity, sku, model, 
        specifications, description, warranty, image_url, release_at, created_by)
        VALUES ( 757, 'Ổ cứng SSD Kingston NV2 500GB M.2 PCIe NVMe Gen4', 'ssd-kingston-nv2-500gb-m-2-pcie-nvme-gen4',
            1, 1590000, 1290000, 10, 'SSD-KINGS-NV2-500GB',
            'SSD-KINGS-NV2-500GB',
            '{"Thương hiệu": "Kingston", "Bảo hành": "36&nbsp;tháng", "Model": "SSD Kingston NV2 500GB M.2 PCIe NVMe Gen4", "Kích thước": "M.2 2280", "Giao diện": "PCIe 4.0 x4 NVMe", "Mức dung lượng": "500GB", "Đọc/ghi tuần tự": "3.500/2.100 MB/giây", "Độ bền": "160TB", "Nhiệt độ bảo quản": "-40°C~85°C", "Nhiệt độ vận hành": "0°C~70°C", "Kích thước chuẩn": "22 mm x 80 mm x 2,1 mm", "Trọng lượng": "7 g (Tất cả các mức dung lượng)", "Độ rung khi hoạt động": "2,17G (7-800 Hz)", "Độ rung khi không hoạt động": "20G (20-1000Hz)", "Bảo hành/hỗ trợ": "Bảo hành 3 năm có giới hạn với hỗ trợ kỹ thuật miễn phí"}',
            '(Áp dụng cho khu vực nội thành HN & TP.HCM)',
            12, 'https://product.hstatic.net/200000722513/product/500_2c3dab1f31804c5d865af3a26cebda03_cd349308894542fe97b02876d80270f1.png', '2023-06-02T09:52:06+00:00',1);
        
INSERT INTO product_image (name, product_variant_id, image_url, is_main)
VALUES
    ('Ảnh 1', 757, 'https://product.hstatic.net/200000722513/product/500_2c3dab1f31804c5d865af3a26cebda03_cd349308894542fe97b02876d80270f1.png', TRUE),
    ('Ảnh 2', 757, 'https://product.hstatic.net/200000722513/product/ktc-product-ssd-snv2s-500g-1-lg_b5c63afca37746b4a6f8ca6ab1dc9105_655990e8162544f69e9bd14fafc0dfcd.jpg', FALSE),
    ('Ảnh 3', 757, 'https://product.hstatic.net/200000722513/product/ktc-product-ssd-snv2s-500g-2-lg_02b1163c4df7412cb03a48b5f294e774_f74d346a5b4d4cf0bcb7f6e82ff2ba66.jpg', FALSE);
---
INSERT INTO product (name, seo_name, brand_id, specifications, description, created_by, image_url) 
    VALUES (
        'Ổ Cứng SSD SamSung 980 250GB M.2 PCIe NVMe', 'ssd-samsung-980-m-2-pcie-nvme-250gb', 16,
        '"{\"Thương hiệu\": \"Samsung\", \"Model\": \"MZ-V8V250BW\", \"Chuẩn giao tiếp\": \"PCIe Gen3 x4 MVMe\", \"Kích thước\": \"M.2 2280\", \"Dung lượng\": \"250 GB\", \"Tốc độ đọc\": \"3500 MB/s\", \"Tốc độ ghi\": \"3000 MB/s\", \"NAND Flash\": \"Samsung V-NAND TLC 128-Layers\"}"',
        'Siêu ổ cứng thế hệ mớiSSD Samsung 980 M.2 PCIe NVMe 2280&nbsp;được trang bị&nbsp;chuẩn giao tiếp PCIe Gen3 x4 băng thông rộng mang đến cho bạn một hiệu năng cực kì tuyệt vời. Với công nghệ Samsung V-NAND và Dynamic Thermal Guard, ổ cứng SSD Samsung 980 M.2 PCIe NVMe 2280&nbsp;đảm bảo tính an toàn&nbsp;của dữ liệu. Giao diện NVMe và Controller&nbsp;Phoenix làm gia tăng tốc độ đọc/ghi lên mức tối đa. Công nghệ TurboWrite giúp gia tăng hiệu năng, đáp ứng mọi nhu cầu của bạn như chỉnh sửa video, phân tích dữ liệu và chơi Games. SSD Samsung 980 M.2 PCIe NVMe 2280&nbsp;đi kèm&nbsp;phần mềm Magician của Samsung, giúp dễ dàng quản lý, theo dõi và tối ưu hóa hiệu năng của ổ đĩa.Sự kết hợp hoàn hảoĐược thiết kế cho các game thủ chuyên nghiệp và người dùng yêu công nghệ, SSD Samsung 980 M.2 PCIe NVMe 2280 cung cấp băng thông và hiệu suất cao cho các ứng dụng nặng về chơi game, đồ họa, phân tích dữ liệu và hơn thế nữa. Tốc độ tải trò chơi nhanh nên bạn có thể chơi nhiều hơn và ít phải chờ đợi hơn.SSD M.2 hiệu quảSSD Samsung 980 có dạng M.2 2280 nhỏ gọn, có thể dễ dàng cắm vào máy tính để bàn vàlaptop. Do kích thước và hiệu suất năng lượng được tối ưu hóa, nó là lý tưởng để xây dựng các hệ thống máy tính hiệu suất cao.Kiểm soát nhiệt đáng tin cậySSD Samsung 980 M.2 PCIe NVMe 2280 cung cấp khả năng kiểm soát nhiệt hiệu suất cao cần thiết cho một ổ SSD hiệu suất cao. Để giúp đảm bảo hiệu suất ổn định, nó sử dụng lớp phủ niken để giúp quản lý mức nhiệt của bộ điều khiển và nhãn bộ tản nhiệt để cung cấp khả năng kiểm soát nhiệt hiệu quả của chip NAND.Phần mềm Samsung MagicianSSD Samsung 980 M.2 PCIe NVMe 2280 đi kèm với phần mềm Samsung Magician miễn phí có thể tải về trên trang chủ, cho phép bạn dễ dàng theo dõi, quản lý và duy trì hiệu năngSSDcủa bạn. Samsung magician giúp đảm bảo rằng các Firmware mới nhất luôn được cập nhật và cung cấp một loạt các chức năng bổ sung cho phép bạn điều chỉnh các thiết lập phù hợp nhất với cách sử dụng của bạn.Thương hiệu bộ nhớ Flash số 1 thế giớiSamsung là&nbsp;thương hiệu số một thế giới về bộ nhớ flash từ năm 2003, tất cả các&nbsp;linh kiện, bao gồm cả DRAM và NAND nổi tiếng thế giới của Samsung, đều được sản xuất nội bộ, cho phép tích hợp từ đầu đến cuối cho chất lượng mà bạn có thể tin tưởng.',
        1, 'https://product.hstatic.net/200000722513/product/980_dc28d0d32f8f4f54b8eadb49b07644fd_62aab429ba9e417d9542892aad1b9186.jpg'
    );
INSERT INTO product_category (product_id, category_id) VALUES (771, 36);
INSERT INTO product_variant (
        product_id, name, seo_name, supplier_id, price, price_sale, quantity, sku, model, 
        specifications, description, warranty, image_url, release_at, created_by)
        VALUES ( 758, 'Ổ Cứng SSD SamSung 980 250GB M.2 PCIe NVMe', 'ssd-samsung-980-m-2-pcie-nvme-250gb',
            1, 1590000, 1290000, 10, 'SSD-SAM-980-M.2-NVME-250G',
            'SSD-SAM-980-M.2-NVME-250G',
            '{"Thương hiệu": "Samsung", "Model": "MZ-V8V250BW", "Chuẩn giao tiếp": "PCIe Gen3 x4 MVMe", "Kích thước": "M.2 2280", "Dung lượng": "250 GB", "Tốc độ đọc": "3500 MB/s", "Tốc độ ghi": "3000 MB/s", "NAND Flash": "Samsung V-NAND TLC 128-Layers"}',
            'Siêu ổ cứng thế hệ mớiSSD Samsung 980 M.2 PCIe NVMe 2280&nbsp;được trang bị&nbsp;chuẩn giao tiếp PCIe Gen3 x4 băng thông rộng mang đến cho bạn một hiệu năng cực kì tuyệt vời. Với công nghệ Samsung V-NAND và Dynamic Thermal Guard, ổ cứng SSD Samsung 980 M.2 PCIe NVMe 2280&nbsp;đảm bảo tính an toàn&nbsp;của dữ liệu. Giao diện NVMe và Controller&nbsp;Phoenix làm gia tăng tốc độ đọc/ghi lên mức tối đa. Công nghệ TurboWrite giúp gia tăng hiệu năng, đáp ứng mọi nhu cầu của bạn như chỉnh sửa video, phân tích dữ liệu và chơi Games. SSD Samsung 980 M.2 PCIe NVMe 2280&nbsp;đi kèm&nbsp;phần mềm Magician của Samsung, giúp dễ dàng quản lý, theo dõi và tối ưu hóa hiệu năng của ổ đĩa.Sự kết hợp hoàn hảoĐược thiết kế cho các game thủ chuyên nghiệp và người dùng yêu công nghệ, SSD Samsung 980 M.2 PCIe NVMe 2280 cung cấp băng thông và hiệu suất cao cho các ứng dụng nặng về chơi game, đồ họa, phân tích dữ liệu và hơn thế nữa. Tốc độ tải trò chơi nhanh nên bạn có thể chơi nhiều hơn và ít phải chờ đợi hơn.SSD M.2 hiệu quảSSD Samsung 980 có dạng M.2 2280 nhỏ gọn, có thể dễ dàng cắm vào máy tính để bàn vàlaptop. Do kích thước và hiệu suất năng lượng được tối ưu hóa, nó là lý tưởng để xây dựng các hệ thống máy tính hiệu suất cao.Kiểm soát nhiệt đáng tin cậySSD Samsung 980 M.2 PCIe NVMe 2280 cung cấp khả năng kiểm soát nhiệt hiệu suất cao cần thiết cho một ổ SSD hiệu suất cao. Để giúp đảm bảo hiệu suất ổn định, nó sử dụng lớp phủ niken để giúp quản lý mức nhiệt của bộ điều khiển và nhãn bộ tản nhiệt để cung cấp khả năng kiểm soát nhiệt hiệu quả của chip NAND.Phần mềm Samsung MagicianSSD Samsung 980 M.2 PCIe NVMe 2280 đi kèm với phần mềm Samsung Magician miễn phí có thể tải về trên trang chủ, cho phép bạn dễ dàng theo dõi, quản lý và duy trì hiệu năngSSDcủa bạn. Samsung magician giúp đảm bảo rằng các Firmware mới nhất luôn được cập nhật và cung cấp một loạt các chức năng bổ sung cho phép bạn điều chỉnh các thiết lập phù hợp nhất với cách sử dụng của bạn.Thương hiệu bộ nhớ Flash số 1 thế giớiSamsung là&nbsp;thương hiệu số một thế giới về bộ nhớ flash từ năm 2003, tất cả các&nbsp;linh kiện, bao gồm cả DRAM và NAND nổi tiếng thế giới của Samsung, đều được sản xuất nội bộ, cho phép tích hợp từ đầu đến cuối cho chất lượng mà bạn có thể tin tưởng.',
            12, 'https://product.hstatic.net/200000722513/product/980_dc28d0d32f8f4f54b8eadb49b07644fd_62aab429ba9e417d9542892aad1b9186.jpg', '2023-06-03T05:27:53+00:00',1);
        
INSERT INTO product_image (name, product_variant_id, image_url, is_main)
VALUES
    ('Ảnh 1', 758, 'https://product.hstatic.net/200000722513/product/980_dc28d0d32f8f4f54b8eadb49b07644fd_62aab429ba9e417d9542892aad1b9186.jpg', TRUE),
    ('Ảnh 2', 758, 'https://product.hstatic.net/200000722513/product/980_2_3fe755da70a84026a34550e85cda7667_8ac0c7853b7b42f09c68cca8813ba28e.jpg', FALSE);
---
INSERT INTO product (name, seo_name, brand_id, specifications, description, created_by, image_url) 
    VALUES (
        'Ổ cứng SSD Kingston KC2500 250GB PCIe Gen 3.0', 'o-cung-ssd-kingston-kc2500-250gb-pcie-gen-3-0', 41,
        '"{\"Kích cỡ\": \"M.2 2280\", \"Giao tiếp\": \"NVMe™ PCIe Gen 3.0 x 4 làn\", \"Dung lượng\": \"250GB, 500GB, 1TB, 2TB\", \"Bộ điều khiển\": \"SMI 2262EN\", \"NAND\": \"TLC 3D 96 lớp\", \"Mã hóa\": \"XTS-AES 256 bit\", \"Đọc/ghi tuần tự\": \"250GB – lên đến 3.500/1.200MB/giây\", \"Đọc/ghi 4K ngẫu nhiên\": \"250GB – lên đến 375.000/300.000 IOPS\", \"Tổng số byte được ghi (TBW)\": \"250GB – 150TBW\", \"Tiêu thụ điện năng\": \"0,003W Nghỉ / 0,2W TB / 2,1W (MAX) Đọc / 7W (MAX) Ghi\", \"Nhiệt độ bảo quản\": \"-40°C~85°C\", \"Nhiệt độ hoạt động\": \"0°C~70°C\", \"Kích thước\": \"80mm x 22mm x 3,5mm\", \"Trọng lượng\": \"250GB – 8g\", \"Độ rung hoạt động\": \"2,17G Tối đa (7-800Hz)\", \"Độ rung khi không hoạt động\": \"20G Tối đa (20-1000Hz)\", \"MTBF\": \"2.000.000\", \"Bảo hành/hỗ trợ\": \"Bảo hành giới hạn 5 năm kèm hỗ trợ kỹ thuật miễn phí\"}"',
        'Ổ cứngSSD PCIe NVMe KC2500 của Kingston mang lại hiệu năng mạnh mẽ vì sử dụng bộ điều khiển Gen 3.0 x 4 mới nhất và NAND TLC 3D 96 lớp. Với tốc độ đọc/ghi lên đến 3.500/2.900MB/giây, KC2500 cho độ bền xuất sắc và nâng cao hiệu suất công việc trên máy bàn, máy trạm và các hệ thống điện toán hiệu năng cao (HPC). Thiết kế M.2 nhỏ gọn linh hoạt hơn, tăng dung lượng lưu trữ và tiết kiệm không gian.',
        1, 'https://product.hstatic.net/200000722513/product/gearvn-o-cung-ssd-kingston-kc2500-1_a26054868aac4bf3b336230725abe7f3_bc31639fe6b447b798a4bec3d9a75f5f.jpg'
    );
INSERT INTO product_category (product_id, category_id) VALUES (771, 36);
INSERT INTO product_variant (
        product_id, name, seo_name, supplier_id, price, price_sale, quantity, sku, model, 
        specifications, description, warranty, image_url, release_at, created_by)
        VALUES ( 759, 'Ổ cứng SSD Kingston KC2500 250GB PCIe Gen 3.0', 'o-cung-ssd-kingston-kc2500-250gb-pcie-gen-3-0',
            1, 1590000, 1290000, 10, 'SSD-KING-KC2500-250G',
            'SSD-KING-KC2500-250G',
            '{"Kích cỡ": "M.2 2280", "Giao tiếp": "NVMe™ PCIe Gen 3.0 x 4 làn", "Dung lượng": "250GB, 500GB, 1TB, 2TB", "Bộ điều khiển": "SMI 2262EN", "NAND": "TLC 3D 96 lớp", "Mã hóa": "XTS-AES 256 bit", "Đọc/ghi tuần tự": "250GB – lên đến 3.500/1.200MB/giây", "Đọc/ghi 4K ngẫu nhiên": "250GB – lên đến 375.000/300.000 IOPS", "Tổng số byte được ghi (TBW)": "250GB – 150TBW", "Tiêu thụ điện năng": "0,003W Nghỉ / 0,2W TB / 2,1W (MAX) Đọc / 7W (MAX) Ghi", "Nhiệt độ bảo quản": "-40°C~85°C", "Nhiệt độ hoạt động": "0°C~70°C", "Kích thước": "80mm x 22mm x 3,5mm", "Trọng lượng": "250GB – 8g", "Độ rung hoạt động": "2,17G Tối đa (7-800Hz)", "Độ rung khi không hoạt động": "20G Tối đa (20-1000Hz)", "MTBF": "2.000.000", "Bảo hành/hỗ trợ": "Bảo hành giới hạn 5 năm kèm hỗ trợ kỹ thuật miễn phí"}',
            'Ổ cứngSSD PCIe NVMe KC2500 của Kingston mang lại hiệu năng mạnh mẽ vì sử dụng bộ điều khiển Gen 3.0 x 4 mới nhất và NAND TLC 3D 96 lớp. Với tốc độ đọc/ghi lên đến 3.500/2.900MB/giây, KC2500 cho độ bền xuất sắc và nâng cao hiệu suất công việc trên máy bàn, máy trạm và các hệ thống điện toán hiệu năng cao (HPC). Thiết kế M.2 nhỏ gọn linh hoạt hơn, tăng dung lượng lưu trữ và tiết kiệm không gian.',
            12, 'https://product.hstatic.net/200000722513/product/gearvn-o-cung-ssd-kingston-kc2500-1_a26054868aac4bf3b336230725abe7f3_bc31639fe6b447b798a4bec3d9a75f5f.jpg', '2023-06-03T10:08:52+00:00',1);
        
INSERT INTO product_image (name, product_variant_id, image_url, is_main)
VALUES
    ('Ảnh 1', 759, 'https://product.hstatic.net/200000722513/product/gearvn-o-cung-ssd-kingston-kc2500-1_a26054868aac4bf3b336230725abe7f3_bc31639fe6b447b798a4bec3d9a75f5f.jpg', TRUE),
    ('Ảnh 2', 759, 'https://product.hstatic.net/200000722513/product/gearvn-o-cung-ssd-kingston-kc2500-2_1aef67f066e94ae1ab0ffe611f1b58ef_b5898726699a4da08e2d26de3bfbb164.jpg', FALSE);
---
INSERT INTO product (name, seo_name, brand_id, specifications, description, created_by, image_url) 
    VALUES (
        'Ổ Cứng SSD WD Black SN770 250G M.2 NVMe PCIe Gen4', 'ssd-wd-black-sn770-250g-m-2-nvme-pcie-gen4', 32,
        '"{\"Model\": \"SSD WDBlack SN770 250G M.2 NVMe PCIe Gen4\", \"Dung lượng\": \"250 GB\", \"Chuẩn giao tiếp\": \"PCIe Gen4 x4\", \"Kích thước\": \"M.2 2280\", \"Tốc độ đọc\": \"4000MB/s\", \"Tốc độ ghi\": \"2000MB/s\", \"Đọc ngẫu nhiên\": \"2400004KB IOPS\", \"Ghi ngẫu nhiên\": \"4700004KB IOPS\", \"Khả năng tương thích\": \"Máy tính có hỗ trợ&nbsp;M.2 (M-key), có khả năng lấy hệ số dạng M.2 2280Windows&nbsp;11, Windows 10, Windows&nbsp;8.1Lưu ý: Khả năng tương thích có thể khác nhau tùy thuộc vào cấu hình phần cứng và hệ điều hành của người dùng\", \"Kích thước&nbsp;(L x W x H)\": \"3.15\\\" x 0.87\\\" x 0.09\\\"\"}"',
        'SSD WDBlack SN770 250G M.2 NVMe PCIe Gen4',
        1, 'https://product.hstatic.net/200000722513/product/0632_2d1439e2eca3657527f069524d54c01b_80bd3065e76846d8babdf9ffe4bec560_3822bcfcb07f49039e0fb70c68ba73c8.jpg'
    );
INSERT INTO product_category (product_id, category_id) VALUES (771, 36);
INSERT INTO product_variant (
        product_id, name, seo_name, supplier_id, price, price_sale, quantity, sku, model, 
        specifications, description, warranty, image_url, release_at, created_by)
        VALUES ( 760, 'Ổ Cứng SSD WD Black SN770 250G M.2 NVMe PCIe Gen4', 'ssd-wd-black-sn770-250g-m-2-nvme-pcie-gen4',
            1, 1790000, 1490000, 10, 'SSD-WD-BLACK-SN770-M.2-250GB-GEN4',
            'SSD-WD-BLACK-SN770-M.2-250GB-GEN4',
            '{"Model": "SSD WDBlack SN770 250G M.2 NVMe PCIe Gen4", "Dung lượng": "250 GB", "Chuẩn giao tiếp": "PCIe Gen4 x4", "Kích thước": "M.2 2280", "Tốc độ đọc": "4000MB/s", "Tốc độ ghi": "2000MB/s", "Đọc ngẫu nhiên": "2400004KB IOPS", "Ghi ngẫu nhiên": "4700004KB IOPS", "Khả năng tương thích": "Máy tính có hỗ trợ&nbsp;M.2 (M-key), có khả năng lấy hệ số dạng M.2 2280Windows&nbsp;11, Windows 10, Windows&nbsp;8.1Lưu ý: Khả năng tương thích có thể khác nhau tùy thuộc vào cấu hình phần cứng và hệ điều hành của người dùng", "Kích thước&nbsp;(L x W x H)": "3.15\" x 0.87\" x 0.09\""}',
            'SSD WDBlack SN770 250G M.2 NVMe PCIe Gen4',
            12, 'https://product.hstatic.net/200000722513/product/0632_2d1439e2eca3657527f069524d54c01b_80bd3065e76846d8babdf9ffe4bec560_3822bcfcb07f49039e0fb70c68ba73c8.jpg', '2023-06-02T14:53:31+00:00',1);
        
INSERT INTO product_image (name, product_variant_id, image_url, is_main)
VALUES
    ('Ảnh 1', 760, 'https://product.hstatic.net/200000722513/product/0632_2d1439e2eca3657527f069524d54c01b_80bd3065e76846d8babdf9ffe4bec560_3822bcfcb07f49039e0fb70c68ba73c8.jpg', TRUE),
    ('Ảnh 2', 760, 'https://product.hstatic.net/200000722513/product/3813_c30a3e7b5d352a8d40cb375c13b2641f_ca463dcc85e3488e8fd2b72db4054ec4_f12ae0c2405747588ac7c2b20f7ece4a.jpg', FALSE),
    ('Ảnh 3', 760, 'https://product.hstatic.net/200000722513/product/2834_b0574355330dfe6de659a9b1b1b5df97_c40b5cd3643f4b678148482f21fdf3f0_d2b9e29535a94ec3a2c08f7838d503d1.jpg', FALSE);
---
INSERT INTO product (name, seo_name, brand_id, specifications, description, created_by, image_url) 
    VALUES (
        'Ổ Cứng SSD SamSung 980 500GB M.2 PCIe NVMe', 'ssd-samsung-980-m-2-pcie-nvme-500gb', 16,
        '"{\"Loại ổ cứng\": \"SSD M2\", \"Kết nối\": \"PCIE&nbsp;Gen 3.0 x4, NVMe\", \"Dung lượng\": \"500 GB\", \"Kích thước chuẩn\": \"80.15 x 22.15 x 2.38 (mm)\", \"Form factor\": \"M.2 (2280)\", \"Tốc độ đọc\": \"3,100 MB/s\", \"Tốc độ ghi\": \"2,600 MB/s\", \"Trọng lượng\": \"8.0 g\", \"NAND Flash\": \"Samsung V-NAND 3-bit MLC\", \"TBW\": \"300 TBW\"}"',
        'Ổ cứngSSD Samsung 980 M.2 PCIe NVMe 500GBlà sự lựa chọn tốt nhất hiện nay dành cho game thủ cả về giá thành&nbsp;lẫn&nbsp;hiệu năng',
        1, 'https://product.hstatic.net/200000722513/product/980_e3b98832cb274a118ce04a4ecf47de1b_0067e063e3ef4cb3b3bd3c3127e52d34.jpg'
    );
INSERT INTO product_category (product_id, category_id) VALUES (771, 36);
INSERT INTO product_variant (
        product_id, name, seo_name, supplier_id, price, price_sale, quantity, sku, model, 
        specifications, description, warranty, image_url, release_at, created_by)
        VALUES ( 761, 'Ổ Cứng SSD SamSung 980 500GB M.2 PCIe NVMe', 'ssd-samsung-980-m-2-pcie-nvme-500gb',
            1, 1990000, 1590000, 10, 'SSD-SAM-980-M.2-NVME-500G',
            'SSD-SAM-980-M.2-NVME-500G',
            '{"Loại ổ cứng": "SSD M2", "Kết nối": "PCIE&nbsp;Gen 3.0 x4, NVMe", "Dung lượng": "500 GB", "Kích thước chuẩn": "80.15 x 22.15 x 2.38 (mm)", "Form factor": "M.2 (2280)", "Tốc độ đọc": "3,100 MB/s", "Tốc độ ghi": "2,600 MB/s", "Trọng lượng": "8.0 g", "NAND Flash": "Samsung V-NAND 3-bit MLC", "TBW": "300 TBW"}',
            'Ổ cứngSSD Samsung 980 M.2 PCIe NVMe 500GBlà sự lựa chọn tốt nhất hiện nay dành cho game thủ cả về giá thành&nbsp;lẫn&nbsp;hiệu năng',
            12, 'https://product.hstatic.net/200000722513/product/980_e3b98832cb274a118ce04a4ecf47de1b_0067e063e3ef4cb3b3bd3c3127e52d34.jpg', '2023-06-03T05:27:55+00:00',1);
        
INSERT INTO product_image (name, product_variant_id, image_url, is_main)
VALUES
    ('Ảnh 1', 761, 'https://product.hstatic.net/200000722513/product/980_e3b98832cb274a118ce04a4ecf47de1b_0067e063e3ef4cb3b3bd3c3127e52d34.jpg', TRUE),
    ('Ảnh 2', 761, 'https://product.hstatic.net/200000722513/product/980_2_869758d559b04b079543b12eebdeb229_8588edf4ef034c6f9c7984979039606a.jpg', FALSE);
---
INSERT INTO product (name, seo_name, brand_id, specifications, description, created_by, image_url) 
    VALUES (
        'Ổ Cứng SSD WD Black SN770 500G M.2 NVMe PCIe Gen4', 'ssd-wd-black-sn770-500g-m-2-nvme-pcie-gen4', 32,
        '"{\"Model\": \"SSD WDBlack SN770 500G M.2 NVMe PCIe Gen4\", \"Dung lượng\": \"500 GB\", \"Chuẩn giao tiếp\": \"PCIe Gen4 x4\", \"Kích thước\": \"M.2 2280\", \"Tốc độ đọc\": \"5000MB/s\", \"Tốc độ ghi\": \"4000MB/s\", \"Đọc ngẫu nhiên\": \"4600004KB IOPS\", \"Ghi ngẫu nhiên\": \"8000004KB IOPS\", \"Khả năng tương thích\": \"Máy tính có hỗ trợ&nbsp;M.2 (M-key), có khả năng lấy hệ số dạng M.2 2280Windows&nbsp;11, Windows 10, Windows 8.1Lưu ý: Khả năng tương thích có thể khác nhau tùy thuộc vào cấu hình phần cứng và hệ điều hành của người dùng\", \"Kích thước&nbsp;(L x W x H)\": \"3.15\\\" x 0.87\\\" x 0.09\\\"\"}"',
        'Máy tính có hỗ trợ&nbsp;M.2 (M-key), có khả năng lấy hệ số dạng M.2 2280',
        1, 'https://product.hstatic.net/200000722513/product/2388_cd4d84551922555986ca587b4522f8f1_40f78090bec246f1a90f2f0da44aa691_11929657a68f4f7a8a503c49e7f3df69.jpg'
    );
INSERT INTO product_category (product_id, category_id) VALUES (771, 36);
INSERT INTO product_variant (
        product_id, name, seo_name, supplier_id, price, price_sale, quantity, sku, model, 
        specifications, description, warranty, image_url, release_at, created_by)
        VALUES ( 762, 'Ổ Cứng SSD WD Black SN770 500G M.2 NVMe PCIe Gen4', 'ssd-wd-black-sn770-500g-m-2-nvme-pcie-gen4',
            1, 2990000, 1390000, 10, 'SSD-WD-BLACK-SN770-M.2-500GB-GEN4',
            'SSD-WD-BLACK-SN770-M.2-500GB-GEN4',
            '{"Model": "SSD WDBlack SN770 500G M.2 NVMe PCIe Gen4", "Dung lượng": "500 GB", "Chuẩn giao tiếp": "PCIe Gen4 x4", "Kích thước": "M.2 2280", "Tốc độ đọc": "5000MB/s", "Tốc độ ghi": "4000MB/s", "Đọc ngẫu nhiên": "4600004KB IOPS", "Ghi ngẫu nhiên": "8000004KB IOPS", "Khả năng tương thích": "Máy tính có hỗ trợ&nbsp;M.2 (M-key), có khả năng lấy hệ số dạng M.2 2280Windows&nbsp;11, Windows 10, Windows 8.1Lưu ý: Khả năng tương thích có thể khác nhau tùy thuộc vào cấu hình phần cứng và hệ điều hành của người dùng", "Kích thước&nbsp;(L x W x H)": "3.15\" x 0.87\" x 0.09\""}',
            'Máy tính có hỗ trợ&nbsp;M.2 (M-key), có khả năng lấy hệ số dạng M.2 2280',
            12, 'https://product.hstatic.net/200000722513/product/2388_cd4d84551922555986ca587b4522f8f1_40f78090bec246f1a90f2f0da44aa691_11929657a68f4f7a8a503c49e7f3df69.jpg', '2023-06-02T14:53:34+00:00',1);
        
INSERT INTO product_image (name, product_variant_id, image_url, is_main)
VALUES
    ('Ảnh 1', 762, 'https://product.hstatic.net/200000722513/product/2388_cd4d84551922555986ca587b4522f8f1_40f78090bec246f1a90f2f0da44aa691_11929657a68f4f7a8a503c49e7f3df69.jpg', TRUE),
    ('Ảnh 2', 762, 'https://product.hstatic.net/200000722513/product/2322_d8a3a6896ee2b7e97ee8789a2f003a1e_12e4024afc5549d5b1fe2ff39652f523_edb51201f88d4e7eaa59f4239ff3fc4d.jpg', FALSE),
    ('Ảnh 3', 762, 'https://product.hstatic.net/200000722513/product/7923_4d714fc40b6a8417298157c4d53fa27b_302ea5b1b29347a6969babe43e2fb633_fe8a4e4ebfab4fb79e5472609ec61737.jpg', FALSE);
---
INSERT INTO product (name, seo_name, brand_id, specifications, description, created_by, image_url) 
    VALUES (
        'Ổ Cứng SSD Samsung 870 EVO 500G Sata3', 'ssd-samsung-870-evo-500gb-2-5-sata-iii', 16,
        '"{\"Hãng sản xuất:\": \"Samsung\", \"Model:\": \"MZ-77E500BW\", \"Kích thước\": \"2.5\\\", 6,8mm\", \"Chuần giao tiếp\": \"Sata III 6Gbit/s\", \"Dung lượng\": \"500 GB\", \"Tốc độ đọc\": \"560 MB/s\", \"Tốc độ ghi\": \"530 MB/s\", \"NAND Flash\": \"Samsung 512Gbit 128-layer 3D TLC V-NAND\", \"TBW\": \"300 TB\"}"',
        'Ổ cứngSSD Samsung 870 EVO 500GB SATA III6Gb/s 2.5 inch&nbsp;là một trong những ổ cứngSSDchuẩn SATA III nhanh nhất và tốt nhất hiện có trên thị trường.&nbsp;Đây được xem&nbsp;là giải pháp cho bộ nhớ lữu trữ tài liệu tuyệt vời nhất để nâng cấp cho máy tính để bàn, laptop của bạn.',
        1, 'https://product.hstatic.net/200000722513/product/870_evo_1_1c78686c947c458a849dd2d0b78b0d11_eb6139bc571246e49e272400f2a930bc.jpg'
    );
INSERT INTO product_category (product_id, category_id) VALUES (771, 36);
INSERT INTO product_variant (
        product_id, name, seo_name, supplier_id, price, price_sale, quantity, sku, model, 
        specifications, description, warranty, image_url, release_at, created_by)
        VALUES ( 763, 'Ổ Cứng SSD Samsung 870 EVO 500G Sata3', 'ssd-samsung-870-evo-500gb-2-5-sata-iii',
            1, 1990000, 1590000, 10, 'SSD-SS-870-EVO-500GB',
            'SSD-SS-870-EVO-500GB',
            '{"Hãng sản xuất:": "Samsung", "Model:": "MZ-77E500BW", "Kích thước": "2.5\", 6,8mm", "Chuần giao tiếp": "Sata III 6Gbit/s", "Dung lượng": "500 GB", "Tốc độ đọc": "560 MB/s", "Tốc độ ghi": "530 MB/s", "NAND Flash": "Samsung 512Gbit 128-layer 3D TLC V-NAND", "TBW": "300 TB"}',
            'Ổ cứngSSD Samsung 870 EVO 500GB SATA III6Gb/s 2.5 inch&nbsp;là một trong những ổ cứngSSDchuẩn SATA III nhanh nhất và tốt nhất hiện có trên thị trường.&nbsp;Đây được xem&nbsp;là giải pháp cho bộ nhớ lữu trữ tài liệu tuyệt vời nhất để nâng cấp cho máy tính để bàn, laptop của bạn.',
            12, 'https://product.hstatic.net/200000722513/product/870_evo_1_1c78686c947c458a849dd2d0b78b0d11_eb6139bc571246e49e272400f2a930bc.jpg', '2023-06-03T05:27:43+00:00',1);
        
INSERT INTO product_image (name, product_variant_id, image_url, is_main)
VALUES
    ('Ảnh 1', 763, 'https://product.hstatic.net/200000722513/product/870_evo_1_1c78686c947c458a849dd2d0b78b0d11_eb6139bc571246e49e272400f2a930bc.jpg', TRUE);
---
INSERT INTO product (name, seo_name, brand_id, specifications, description, created_by, image_url) 
    VALUES (
        'Ổ Cứng SSD Samsung 970 Evo Plus 250Gb PCIe NVMe M.2', 'ssd-samsung-970-evo-plus-250gb-m-2-nvme', 16,
        '"{\"Nhà sản xuất\": \"Samsung\", \"Model\": \"MZ-V7S250BW\", \"Chuẩn giao tiếp\": \"PCIe Gen 3.0 x 4, NVMe 1.3\", \"Kích thước\": \"M.2 2280\", \"Dung lượng\": \"250 GB\", \"Tốc độ đọc\": \"3500 MB/s\", \"Tốc độ ghi\": \"2300 MB/s\", \"NAND Flash\": \"Samsung V-NAND 3-bit MLC\", \"TBW\": \"150TB\"}"',
        'Tốc độ đọc ghi nhanhỔ cứng SSD Samsung 970 EVO Plusmang lại tốc độ đọc/ghi lên đến 3500/3300 MB/s, nhanh hơn 53% so với phiên bản 970 EVO. Sử dụng công nghệ V-NAND mang đến hiệu suất tốt hơn cũng như giảm lượng điện năng tiêu thụ đi kèm đó là vi điều khiển Phoenix, phần mềm tăng tốc thông minh TurboWrite với dung lượng 250GB thực hiện những công việc đồ họa chuyên sâu một cách tốt nhất.Ổ cứngSSD Samsung 970 EVO Plus 250GB&nbsp;M2 2280với việc sử dụng công nghệ PCIe NVMe mới nhất, đi kèm với thiết kế nhỏ gọn giúp mở rộng tối đa không gian lưu trữ dữ liệu cũng như không gian bên trong của máy tính. Công nghệ mới nhất của Samsung cho phép người dùng có thêm sức chứa để làm nhiều việc hơn, trải nghiệm tốt hơn.Bảo vệ&nbsp;dữ liệu của bạn an toàn qua nhiều năm sử dụngVới nhu cầu đảm bảo an toàn dữ liệu mà không làm giảm hiệu suất của ổ cứng.SSD Samsung 970 EVO Plusvới độ bền lâu dài nhờ vào công nghệ V-NAND mới nhất, cũng như công nghệ của Samsung có thể sử dụng được 150 TBW hoặc đến 5 năm sử dụng mà không hề suy giảm hiệu năng.Công nghệ Dynamic Thermal GuardSSD Sansung 970 EVO Plus 250GBsở hữu công nghệ Dynamic Thermal Guard, công nghệ tự động điều chỉnh nhiệt độ, khi nhiệt độ ổ cứng vượt quá mức cho phép hoặc nếu như nó lên đến mức nguy hiểm thì thiết bị sẽ tự động điều chỉnh hiệu năng để không làm hư hao dữ liệu.&nbsp; Kèm theo một giải pháp tản nhiệt mới của Samsung đó là bọc Niken cho vi điều khiển.Trình quản lý&nbsp;Samsung MagicianViệc sử dụng ổ cứng sẽ ngày càng đơn giản hơn khi mà có sự giúp sức của Samsung Magician. Phần mềm này sẽ giúp người dùng có thể theo dõi được thông số ổ cứng đang sử dụng. Với giao diện thân thiện, dễ sử dụng Samsung Magician cho phép người dùng tự động update driver, quản lý hiệu năng, độ bền của SSD và cả tăng tốc độ truyền dữ liệu lên.',
        1, 'https://product.hstatic.net/200000722513/product/70-evo-plus-250gb-ssd-m.2-nvme-gearvn_ebf82e635e2e4ec685b5b1401bdcd2e3_46e1f62edef94e69a007175b0ef1fe38.jpg'
    );
INSERT INTO product_category (product_id, category_id) VALUES (771, 36);
INSERT INTO product_variant (
        product_id, name, seo_name, supplier_id, price, price_sale, quantity, sku, model, 
        specifications, description, warranty, image_url, release_at, created_by)
        VALUES ( 764, 'Ổ Cứng SSD Samsung 970 Evo Plus 250Gb PCIe NVMe M.2', 'ssd-samsung-970-evo-plus-250gb-m-2-nvme',
            1, 2190000, 1590000, 10, 'SSD-SAM-970-EVO-PLUS-M.2-250G',
            'SSD-SAM-970-EVO-PLUS-M.2-250G',
            '{"Nhà sản xuất": "Samsung", "Model": "MZ-V7S250BW", "Chuẩn giao tiếp": "PCIe Gen 3.0 x 4, NVMe 1.3", "Kích thước": "M.2 2280", "Dung lượng": "250 GB", "Tốc độ đọc": "3500 MB/s", "Tốc độ ghi": "2300 MB/s", "NAND Flash": "Samsung V-NAND 3-bit MLC", "TBW": "150TB"}',
            'Tốc độ đọc ghi nhanhỔ cứng SSD Samsung 970 EVO Plusmang lại tốc độ đọc/ghi lên đến 3500/3300 MB/s, nhanh hơn 53% so với phiên bản 970 EVO. Sử dụng công nghệ V-NAND mang đến hiệu suất tốt hơn cũng như giảm lượng điện năng tiêu thụ đi kèm đó là vi điều khiển Phoenix, phần mềm tăng tốc thông minh TurboWrite với dung lượng 250GB thực hiện những công việc đồ họa chuyên sâu một cách tốt nhất.Ổ cứngSSD Samsung 970 EVO Plus 250GB&nbsp;M2 2280với việc sử dụng công nghệ PCIe NVMe mới nhất, đi kèm với thiết kế nhỏ gọn giúp mở rộng tối đa không gian lưu trữ dữ liệu cũng như không gian bên trong của máy tính. Công nghệ mới nhất của Samsung cho phép người dùng có thêm sức chứa để làm nhiều việc hơn, trải nghiệm tốt hơn.Bảo vệ&nbsp;dữ liệu của bạn an toàn qua nhiều năm sử dụngVới nhu cầu đảm bảo an toàn dữ liệu mà không làm giảm hiệu suất của ổ cứng.SSD Samsung 970 EVO Plusvới độ bền lâu dài nhờ vào công nghệ V-NAND mới nhất, cũng như công nghệ của Samsung có thể sử dụng được 150 TBW hoặc đến 5 năm sử dụng mà không hề suy giảm hiệu năng.Công nghệ Dynamic Thermal GuardSSD Sansung 970 EVO Plus 250GBsở hữu công nghệ Dynamic Thermal Guard, công nghệ tự động điều chỉnh nhiệt độ, khi nhiệt độ ổ cứng vượt quá mức cho phép hoặc nếu như nó lên đến mức nguy hiểm thì thiết bị sẽ tự động điều chỉnh hiệu năng để không làm hư hao dữ liệu.&nbsp; Kèm theo một giải pháp tản nhiệt mới của Samsung đó là bọc Niken cho vi điều khiển.Trình quản lý&nbsp;Samsung MagicianViệc sử dụng ổ cứng sẽ ngày càng đơn giản hơn khi mà có sự giúp sức của Samsung Magician. Phần mềm này sẽ giúp người dùng có thể theo dõi được thông số ổ cứng đang sử dụng. Với giao diện thân thiện, dễ sử dụng Samsung Magician cho phép người dùng tự động update driver, quản lý hiệu năng, độ bền của SSD và cả tăng tốc độ truyền dữ liệu lên.',
            12, 'https://product.hstatic.net/200000722513/product/70-evo-plus-250gb-ssd-m.2-nvme-gearvn_ebf82e635e2e4ec685b5b1401bdcd2e3_46e1f62edef94e69a007175b0ef1fe38.jpg', '2023-06-02T16:53:41+00:00',1);
        
INSERT INTO product_image (name, product_variant_id, image_url, is_main)
VALUES
    ('Ảnh 1', 764, 'https://product.hstatic.net/200000722513/product/70-evo-plus-250gb-ssd-m.2-nvme-gearvn_ebf82e635e2e4ec685b5b1401bdcd2e3_46e1f62edef94e69a007175b0ef1fe38.jpg', TRUE);
---
INSERT INTO product (name, seo_name, brand_id, specifications, description, created_by, image_url) 
    VALUES (
        'Ổ cứng SSD Kingston KC2500 500GB PCIe Gen 3.0', 'o-cung-ssd-kingston-kc2500-500gb-pcie-gen-3-0', 41,
        '"{\"Kích cỡ\": \"M.2 2280\", \"Giao tiếp\": \"NVMe™ PCIe Gen 3.0 x 4 làn\", \"Dung lượng\": \"250GB, 500GB, 1TB, 2TB\", \"Bộ điều khiển\": \"SMI 2262EN\", \"NAND\": \"TLC 3D 96 lớp\", \"Mã hóa\": \"XTS-AES 256 bit\", \"Đọc/ghi tuần tự\": \"500GB – lên đến 3.500/2.500MB/giây\", \"Đọc/ghi 4K ngẫu nhiên\": \"500GB – lên đến 375.000/300.000 IOPS\", \"Tổng số byte được ghi (TBW)\": \"500GB – 300TBW\", \"Tiêu thụ điện năng\": \"0,003W Nghỉ / 0,2W TB / 2,1W (MAX) Đọc / 7W (MAX) Ghi\", \"Nhiệt độ bảo quản\": \"-40°C~85°C\", \"Nhiệt độ hoạt động\": \"0°C~70°C\", \"Kích thước\": \"80mm x 22mm x 3,5mm\", \"Trọng lượng\": \"500GB – 10g\", \"Độ rung hoạt động\": \"2,17G Tối đa (7-800Hz)\", \"Độ rung khi không hoạt động\": \"20G Tối đa (20-1000Hz)\", \"MTBF\": \"2.000.000\", \"Bảo hành/hỗ trợ\": \"Bảo hành giới hạn 5 năm kèm hỗ trợ kỹ thuật miễn phí\"}"',
        'Ổ cứng SSDPCIe NVMe KC2500 của Kingston mang lại hiệu năng mạnh mẽ vì sử dụng bộ điều khiển Gen 3.0 x 4 mới nhất và NAND TLC 3D 96 lớp. Với tốc độ đọc/ghi lên đến 3.500/2.900MB/giây, KC2500 cho độ bền xuất sắc và nâng cao hiệu suất công việc trên máy bàn, máy trạm và các hệ thống điện toán hiệu năng cao (HPC). Thiết kế M.2 nhỏ gọn linh hoạt hơn, tăng dung lượng lưu trữ và tiết kiệm không gian.',
        1, 'https://product.hstatic.net/200000722513/product/gearvn-o-cung-ssd-kingston-kc2500-2_dc5c2428864d415c903ad80a7a8125a5_e7a8f552b2e341f5ac5932343cc461bd.jpg'
    );
INSERT INTO product_category (product_id, category_id) VALUES (771, 36);
INSERT INTO product_variant (
        product_id, name, seo_name, supplier_id, price, price_sale, quantity, sku, model, 
        specifications, description, warranty, image_url, release_at, created_by)
        VALUES ( 765, 'Ổ cứng SSD Kingston KC2500 500GB PCIe Gen 3.0', 'o-cung-ssd-kingston-kc2500-500gb-pcie-gen-3-0',
            1, 1990000, 1890000, 10, 'SSD-KING-KC2500-500G',
            'SSD-KING-KC2500-500G',
            '{"Kích cỡ": "M.2 2280", "Giao tiếp": "NVMe™ PCIe Gen 3.0 x 4 làn", "Dung lượng": "250GB, 500GB, 1TB, 2TB", "Bộ điều khiển": "SMI 2262EN", "NAND": "TLC 3D 96 lớp", "Mã hóa": "XTS-AES 256 bit", "Đọc/ghi tuần tự": "500GB – lên đến 3.500/2.500MB/giây", "Đọc/ghi 4K ngẫu nhiên": "500GB – lên đến 375.000/300.000 IOPS", "Tổng số byte được ghi (TBW)": "500GB – 300TBW", "Tiêu thụ điện năng": "0,003W Nghỉ / 0,2W TB / 2,1W (MAX) Đọc / 7W (MAX) Ghi", "Nhiệt độ bảo quản": "-40°C~85°C", "Nhiệt độ hoạt động": "0°C~70°C", "Kích thước": "80mm x 22mm x 3,5mm", "Trọng lượng": "500GB – 10g", "Độ rung hoạt động": "2,17G Tối đa (7-800Hz)", "Độ rung khi không hoạt động": "20G Tối đa (20-1000Hz)", "MTBF": "2.000.000", "Bảo hành/hỗ trợ": "Bảo hành giới hạn 5 năm kèm hỗ trợ kỹ thuật miễn phí"}',
            'Ổ cứng SSDPCIe NVMe KC2500 của Kingston mang lại hiệu năng mạnh mẽ vì sử dụng bộ điều khiển Gen 3.0 x 4 mới nhất và NAND TLC 3D 96 lớp. Với tốc độ đọc/ghi lên đến 3.500/2.900MB/giây, KC2500 cho độ bền xuất sắc và nâng cao hiệu suất công việc trên máy bàn, máy trạm và các hệ thống điện toán hiệu năng cao (HPC). Thiết kế M.2 nhỏ gọn linh hoạt hơn, tăng dung lượng lưu trữ và tiết kiệm không gian.',
            12, 'https://product.hstatic.net/200000722513/product/gearvn-o-cung-ssd-kingston-kc2500-2_dc5c2428864d415c903ad80a7a8125a5_e7a8f552b2e341f5ac5932343cc461bd.jpg', '2023-06-03T10:09:01+00:00',1);
        
INSERT INTO product_image (name, product_variant_id, image_url, is_main)
VALUES
    ('Ảnh 1', 765, 'https://product.hstatic.net/200000722513/product/gearvn-o-cung-ssd-kingston-kc2500-2_dc5c2428864d415c903ad80a7a8125a5_e7a8f552b2e341f5ac5932343cc461bd.jpg', TRUE),
    ('Ảnh 2', 765, 'https://product.hstatic.net/200000722513/product/gearvn-o-cung-ssd-kingston-kc2500-1_b76c920a08cb4e5e80cdbfa95e8622a3_0d5f45e388d64feeb24caf1a54d3daae.jpg', FALSE);
---
INSERT INTO product (name, seo_name, brand_id, specifications, description, created_by, image_url) 
    VALUES (
        'Ổ Cứng SSD SamSung 980 Pro 250GB M.2 NVMe', 'ssd-samsung-980-pro-250gb-m-2-nvme-mz-v8p250bw', 16,
        '"{\"Nhà sản xuất\": \"Samsung\", \"Model\": \"MZ-V8P250BW\", \"Chuẩn giao tiếp\": \"PCIe Gen4.0 x4, NVMe1.3c\", \"Kích thước\": \"M.2 2280\", \"Dung lượng\": \"250 GB\", \"Random 4k\": \"600.000 IOPS\", \"Tốc độ đọc\": \"6400 MB/s\", \"Tốc độ ghi\": \"2700 MB/s\", \"NAND Flash\": \"Samsung V-NAND 3-bit TLC\", \"TBW\": \"150 TB\", \"Phần mềm chuyển hệ điều hành đi kèm\": \"SamSung Data Migration\"}"',
        'SSDSamsung 980 Pro 250GBlà dòng ổ cứng đầu tiên hỗ trợ chuẩn kết nối PCIe 4.0 thế hệ mới, thứ mà trước đây chỉ được họ sản xuất phục vụ cho đối tượng người dùng doanh nghiệp cao cấp.',
        1, 'https://product.hstatic.net/200000722513/product/80-pro-250gb-m-2-nvme-mz-v8p250bw-666_b213a29b2d8b41c89b026e69341ed21e_c73e660d4e5344b3b27b0937e56d4a97.jpg'
    );
INSERT INTO product_category (product_id, category_id) VALUES (771, 36);
INSERT INTO product_variant (
        product_id, name, seo_name, supplier_id, price, price_sale, quantity, sku, model, 
        specifications, description, warranty, image_url, release_at, created_by)
        VALUES ( 766, 'Ổ Cứng SSD SamSung 980 Pro 250GB M.2 NVMe', 'ssd-samsung-980-pro-250gb-m-2-nvme-mz-v8p250bw',
            1, 2790000, 1890000, 10, 'SSD-SAM-980-PRO-M.2-NVME-250G-MZ-V8P250BW',
            'SSD-SAM-980-PRO-M.2-NVME-250G-MZ-V8P250BW',
            '{"Nhà sản xuất": "Samsung", "Model": "MZ-V8P250BW", "Chuẩn giao tiếp": "PCIe Gen4.0 x4, NVMe1.3c", "Kích thước": "M.2 2280", "Dung lượng": "250 GB", "Random 4k": "600.000 IOPS", "Tốc độ đọc": "6400 MB/s", "Tốc độ ghi": "2700 MB/s", "NAND Flash": "Samsung V-NAND 3-bit TLC", "TBW": "150 TB", "Phần mềm chuyển hệ điều hành đi kèm": "SamSung Data Migration"}',
            'SSDSamsung 980 Pro 250GBlà dòng ổ cứng đầu tiên hỗ trợ chuẩn kết nối PCIe 4.0 thế hệ mới, thứ mà trước đây chỉ được họ sản xuất phục vụ cho đối tượng người dùng doanh nghiệp cao cấp.',
            12, 'https://product.hstatic.net/200000722513/product/80-pro-250gb-m-2-nvme-mz-v8p250bw-666_b213a29b2d8b41c89b026e69341ed21e_c73e660d4e5344b3b27b0937e56d4a97.jpg', '2023-06-03T07:30:22+00:00',1);
        
INSERT INTO product_image (name, product_variant_id, image_url, is_main)
VALUES
    ('Ảnh 1', 766, 'https://product.hstatic.net/200000722513/product/80-pro-250gb-m-2-nvme-mz-v8p250bw-666_b213a29b2d8b41c89b026e69341ed21e_c73e660d4e5344b3b27b0937e56d4a97.jpg', TRUE),
    ('Ảnh 2', 766, 'https://product.hstatic.net/200000722513/product/ng-980-pro-250gb-m-2-nvme-mz-v8p250bw_7db04d4f0f78485fb04cb29ae3e8db68_e1b20df1480e410eb57796956bb93645.jpg', FALSE),
    ('Ảnh 3', 766, 'https://product.hstatic.net/200000722513/product/-980-pro-250gb-m-2-nvme-mz-v8p250bw-1_813f8aa29e9a4566b34da12b6e066097_a13a87199fc9481c900269c4ce49feeb.jpg', FALSE),
    ('Ảnh 4', 766, 'https://product.hstatic.net/200000722513/product/-980-pro-250gb-m-2-nvme-mz-v8p250bw-2_ba5cacea671148ce827fae9b74b65545_610ad12845304c0f9c28898e4188390a.jpg', FALSE),
    ('Ảnh 5', 766, 'https://product.hstatic.net/200000722513/product/-980-pro-250gb-m-2-nvme-mz-v8p250bw-3_589ba8df21d3446baef1304def2b3a3f_627579031a2e4ce59babf21e67f57553.jpg', FALSE),
    ('Ảnh 6', 766, 'https://product.hstatic.net/200000722513/product/-980-pro-250gb-m-2-nvme-mz-v8p250bw-4_d5c6a2c64d2a45228a4fbaf6da439b30_797c21840b9d4fa0bbe9b0b7197ece7e.jpg', FALSE);
---
INSERT INTO product (name, seo_name, brand_id, specifications, description, created_by, image_url) 
    VALUES (
        'Ổ cứng SSD Kingston NV2 1TB M.2 PCIe NVMe Gen4', 'ssd-kingston-nv2-1tb-m-2-pcie-nvme-gen4', 41,
        '"{\"Thương hiệu\": \"Kingston\", \"Bảo hành\": \"36&nbsp;tháng\", \"Model\": \"SSD Kingston NV2 1TB M.2 PCIe NVMe Gen4\", \"Kích thước\": \"M.2 2280\", \"Giao diện\": \"PCIe 4.0 x4 NVMe\", \"Mức dung lượng\": \"1TB\", \"Đọc/ghi tuần tự\": \"3.500/2.100 MB/giây\", \"Độ bền\": \"320TB\", \"Nhiệt độ bảo quản\": \"-40°C~85°C\", \"Nhiệt độ vận hành\": \"0°C~70°C\", \"Kích thước chuẩn\": \"22 mm x 80 mm x 2,1 mm\", \"Trọng lượng\": \"7 g (Tất cả các mức dung lượng)\", \"Độ rung khi hoạt động\": \"2,17G (7-800 Hz)\", \"Độ rung khi không hoạt động\": \"20G (20-1000Hz)\", \"Bảo hành/hỗ trợ\": \"Bảo hành 3 năm có giới hạn với hỗ trợ kỹ thuật miễn phí\"}"',
        '(Áp dụng cho khu vực nội thành HN & TP.HCM)',
        1, 'https://product.hstatic.net/200000722513/product/ktc-product-ssd-snv2s-1000g-3-lg_359789fb8cd44b7d923935579b504c0e_c763526c5f4844d9a0b8c17d50a90460.png'
    );
INSERT INTO product_category (product_id, category_id) VALUES (771, 36);
INSERT INTO product_variant (
        product_id, name, seo_name, supplier_id, price, price_sale, quantity, sku, model, 
        specifications, description, warranty, image_url, release_at, created_by)
        VALUES ( 767, 'Ổ cứng SSD Kingston NV2 1TB M.2 PCIe NVMe Gen4', 'ssd-kingston-nv2-1tb-m-2-pcie-nvme-gen4',
            1, 1990000, 1690000, 10, 'SSD-KINGS-NV2-1TB',
            'SSD-KINGS-NV2-1TB',
            '{"Thương hiệu": "Kingston", "Bảo hành": "36&nbsp;tháng", "Model": "SSD Kingston NV2 1TB M.2 PCIe NVMe Gen4", "Kích thước": "M.2 2280", "Giao diện": "PCIe 4.0 x4 NVMe", "Mức dung lượng": "1TB", "Đọc/ghi tuần tự": "3.500/2.100 MB/giây", "Độ bền": "320TB", "Nhiệt độ bảo quản": "-40°C~85°C", "Nhiệt độ vận hành": "0°C~70°C", "Kích thước chuẩn": "22 mm x 80 mm x 2,1 mm", "Trọng lượng": "7 g (Tất cả các mức dung lượng)", "Độ rung khi hoạt động": "2,17G (7-800 Hz)", "Độ rung khi không hoạt động": "20G (20-1000Hz)", "Bảo hành/hỗ trợ": "Bảo hành 3 năm có giới hạn với hỗ trợ kỹ thuật miễn phí"}',
            '(Áp dụng cho khu vực nội thành HN & TP.HCM)',
            12, 'https://product.hstatic.net/200000722513/product/ktc-product-ssd-snv2s-1000g-3-lg_359789fb8cd44b7d923935579b504c0e_c763526c5f4844d9a0b8c17d50a90460.png', '2023-06-02T09:51:58+00:00',1);
        
INSERT INTO product_image (name, product_variant_id, image_url, is_main)
VALUES
    ('Ảnh 1', 767, 'https://product.hstatic.net/200000722513/product/ktc-product-ssd-snv2s-1000g-3-lg_359789fb8cd44b7d923935579b504c0e_c763526c5f4844d9a0b8c17d50a90460.png', TRUE),
    ('Ảnh 2', 767, 'https://product.hstatic.net/200000722513/product/ktc-product-ssd-snv2s-1000g-1-lg_93101a41ba804a4193389af018e41c53_669ad93a8e9f460b9306d9d07be10903.jpg', FALSE),
    ('Ảnh 3', 767, 'https://product.hstatic.net/200000722513/product/ktc-product-ssd-snv2s-1000g-2-lg_f1678eaaac044b6984c7b601ee7d77c7_cf81946a0904493384516a12bc1a8095.jpg', FALSE);
---
INSERT INTO product (name, seo_name, brand_id, specifications, description, created_by, image_url) 
    VALUES (
        'Ổ Cứng SSD Samsung 970 Evo Plus 500Gb PCIe NVMe M.2', 'ssd-samsung-970-evo-plus-500g-m-2-nvme-500gb', 16,
        '"{\"Nhà sản xuất\": \"Samsung\", \"Model\": \"MZ-V7S500BW\", \"Chuẩn giao tiếp\": \"PCIe Gen3 x4 NVMe\", \"Kích thước\": \"M.2 2280\", \"Dung lượng\": \"500 GB\", \"Tốc độ đọc\": \"3500 MB/s\", \"Tốc độ ghi\": \"3200 MB/s\", \"NAND Flash\": \"Samsung V-NAND TLC 96-Layers\", \"TBW\": \"300 TB\"}"',
        'Ổ cứng SSD Samsung 970 EVO Plus 500GB M.2 PCIe NVMe 3x4 được nâng cấp và cải thiện hiệu năng cũng như công nghệ trên dòng 970 Evo đình đám, được trang bị chuẩn giao tiếp PCIe Gen3 x4 băng thông rộng mang đến cho bạn một hiệu năng cực kì tuyệt vời. Với công nghệ Samsung V-NAND 96-layers, ổ cứng SSD Samsung 970 EVO Plus PCIe NVMe M.2 2280 V-NAND đảm bảo tính an toàn của dữ liệu.',
        1, 'https://product.hstatic.net/200000722513/product/970evo_500gb_plus_gearvn_ba48ea227ab34e799b731eedec5884ba.png'
    );
INSERT INTO product_category (product_id, category_id) VALUES (771, 36);
INSERT INTO product_variant (
        product_id, name, seo_name, supplier_id, price, price_sale, quantity, sku, model, 
        specifications, description, warranty, image_url, release_at, created_by)
        VALUES ( 768, 'Ổ Cứng SSD Samsung 970 Evo Plus 500Gb PCIe NVMe M.2', 'ssd-samsung-970-evo-plus-500g-m-2-nvme-500gb',
            1, 2490000, 2190000, 10, 'SSD-SAM-970-EVO-PLUS-M.2-500G',
            'SSD-SAM-970-EVO-PLUS-M.2-500G',
            '{"Nhà sản xuất": "Samsung", "Model": "MZ-V7S500BW", "Chuẩn giao tiếp": "PCIe Gen3 x4 NVMe", "Kích thước": "M.2 2280", "Dung lượng": "500 GB", "Tốc độ đọc": "3500 MB/s", "Tốc độ ghi": "3200 MB/s", "NAND Flash": "Samsung V-NAND TLC 96-Layers", "TBW": "300 TB"}',
            'Ổ cứng SSD Samsung 970 EVO Plus 500GB M.2 PCIe NVMe 3x4 được nâng cấp và cải thiện hiệu năng cũng như công nghệ trên dòng 970 Evo đình đám, được trang bị chuẩn giao tiếp PCIe Gen3 x4 băng thông rộng mang đến cho bạn một hiệu năng cực kì tuyệt vời. Với công nghệ Samsung V-NAND 96-layers, ổ cứng SSD Samsung 970 EVO Plus PCIe NVMe M.2 2280 V-NAND đảm bảo tính an toàn của dữ liệu.',
            12, 'https://product.hstatic.net/200000722513/product/970evo_500gb_plus_gearvn_ba48ea227ab34e799b731eedec5884ba.png', '2023-06-03T04:00:45+00:00',1);
        
INSERT INTO product_image (name, product_variant_id, image_url, is_main)
VALUES
    ('Ảnh 1', 768, 'https://product.hstatic.net/200000722513/product/970evo_500gb_plus_gearvn_ba48ea227ab34e799b731eedec5884ba.png', TRUE),
    ('Ảnh 2', 768, 'https://product.hstatic.net/200000722513/product/970-evo-plus-06-54a4704c-12a9-418a-9926-e37380dd2341_3f5594574f27407a87a7229ac9127d4a.jpg', FALSE);
---
INSERT INTO product (name, seo_name, brand_id, specifications, description, created_by, image_url) 
    VALUES (
        'Ổ Cứng SSD SamSung 980 1TB M.2 PCIe NVMe', 'ssd-samsung-980-m-2-pcie-nvme-1tb', 16,
        '"{\"Thương hiệu\": \"Samsung\", \"Tên sản phẩm\": \"SSD Samsung 980 M.2 PCIe NVMe 1TB\", \"Bảo hành\": \"60 Tháng\", \"Giao thức kết nối\": \"M.2 (22 x 80 mm)PCIe 3.0 x4 NVMe 1.4\", \"Dung lượng\": \"1TB\", \"Độ bền\": \"600 TBW\", \"Kích thước\": \"22 x 80 x 1.5 mm\", \"Kiểu dáng\": \"M.2 2280\", \"Tốc độ đọc\": \"Lên tới 3500Mb/s\", \"Tốc độ ghi\": \"Lên tới 3000Mb/s\"}"',
        'Với chất lượng vượt trội và hiệu năng cao. SSD M.2 NVMe Intel&nbsp;là một sự lựa chọn tối ưu khi bạn muốn nâng cấp ổ cứng. Rất nhanh với tốc độ đọc ghi tuần tự có thể lên đến 3500Mb/s và 3000Mb/s. Giờ đây mọi thao tác trên máy tính của bạn diễn ra một cách nhanh chóng và mượt mà nhất có thể. Tăng hiệu năng toàn bộ của máy tính lên rất nhiều.',
        1, 'https://product.hstatic.net/200000722513/product/980_2_3f606b38d3c242cd85482bc98100d734_f496319b6a944227b0ab727b42419b43.jpg'
    );
INSERT INTO product_category (product_id, category_id) VALUES (771, 36);
INSERT INTO product_variant (
        product_id, name, seo_name, supplier_id, price, price_sale, quantity, sku, model, 
        specifications, description, warranty, image_url, release_at, created_by)
        VALUES ( 769, 'Ổ Cứng SSD SamSung 980 1TB M.2 PCIe NVMe', 'ssd-samsung-980-m-2-pcie-nvme-1tb',
            1, 2990000, 2690000, 10, 'SSD-SAM-980-M.2-NVME-1TB',
            'SSD-SAM-980-M.2-NVME-1TB',
            '{"Thương hiệu": "Samsung", "Tên sản phẩm": "SSD Samsung 980 M.2 PCIe NVMe 1TB", "Bảo hành": "60 Tháng", "Giao thức kết nối": "M.2 (22 x 80 mm)PCIe 3.0 x4 NVMe 1.4", "Dung lượng": "1TB", "Độ bền": "600 TBW", "Kích thước": "22 x 80 x 1.5 mm", "Kiểu dáng": "M.2 2280", "Tốc độ đọc": "Lên tới 3500Mb/s", "Tốc độ ghi": "Lên tới 3000Mb/s"}',
            'Với chất lượng vượt trội và hiệu năng cao. SSD M.2 NVMe Intel&nbsp;là một sự lựa chọn tối ưu khi bạn muốn nâng cấp ổ cứng. Rất nhanh với tốc độ đọc ghi tuần tự có thể lên đến 3500Mb/s và 3000Mb/s. Giờ đây mọi thao tác trên máy tính của bạn diễn ra một cách nhanh chóng và mượt mà nhất có thể. Tăng hiệu năng toàn bộ của máy tính lên rất nhiều.',
            12, 'https://product.hstatic.net/200000722513/product/980_2_3f606b38d3c242cd85482bc98100d734_f496319b6a944227b0ab727b42419b43.jpg', '2023-06-03T05:27:48+00:00',1);
        
INSERT INTO product_image (name, product_variant_id, image_url, is_main)
VALUES
    ('Ảnh 1', 769, 'https://product.hstatic.net/200000722513/product/980_2_3f606b38d3c242cd85482bc98100d734_f496319b6a944227b0ab727b42419b43.jpg', TRUE),
    ('Ảnh 2', 769, 'https://product.hstatic.net/200000722513/product/980_5bc974fb75d740709278094ec1f2dd65_b9e23a7714484cc69acf80764ac2fb59.jpg', FALSE),
    ('Ảnh 3', 769, 'https://product.hstatic.net/200000722513/product/a-ssd-samsung-980-m-2-pcie-nvme-1tb_2_088377cff6ec4f9484cc75f793439889_91baa0f79a0a41ddb6a075f980585261.jpg', FALSE),
    ('Ảnh 4', 769, 'https://product.hstatic.net/200000722513/product/a-ssd-samsung-980-m-2-pcie-nvme-1tb_3_468b874fe48f4c6b965ea85dede71e84_e015e49bdcb04ea09c1fbbdfbaf459bc.jpg', FALSE),
    ('Ảnh 5', 769, 'https://product.hstatic.net/200000722513/product/cua-ssd-samsung-980-m-2-pcie-nvme-1tb_ae4a888ace3e458e8e41e8ef1ac6ee7a_0c4c335bc48541fca7699efdce5604be.jpg', FALSE);
---
INSERT INTO product (name, seo_name, brand_id, specifications, description, created_by, image_url) 
    VALUES (
        'Ổ Cứng SSD WD Black SN770 1TB M.2 NVMe PCIe Gen4', 'ssd-wd-black-sn770-1tb-m-2-nvme-pcie-gen4', 32,
        '"{\"Model\": \"SSD WDBlack SN770 1TB M.2 NVMe PCIe Gen4\", \"Dung lượng\": \"1 TB\", \"Chuẩn giao tiếp\": \"PCIe Gen4 x4\", \"Kích thước\": \"M.2 2280\", \"Tốc độ đọc\": \"5150MB/s\", \"Tốc độ ghi\": \"4900MB/s\", \"Đọc ngẫu nhiên\": \"7400004KB IOPS\", \"Ghi ngẫu nhiên\": \"8000004KB IOPS\", \"Khả năng tương thích\": \"Máy tính có hỗ trợ&nbsp;M.2 (M-key), có khả năng lấy hệ số dạng M.2 2280Windows&nbsp;11, Windows 10, Windows&nbsp;8.1Lưu ý: Khả năng tương thích có thể khác nhau tùy thuộc vào cấu hình phần cứng và hệ điều hành của người dùng\", \"Kích thước&nbsp;(L x W x H)\": \"3.15\\\" x 0.87\\\" x 0.09\\\"\"}"',
        'Máy tính có hỗ trợ&nbsp;M.2 (M-key), có khả năng lấy hệ số dạng M.2 2280',
        1, 'https://product.hstatic.net/200000722513/product/5332_164907d5e5d8f83c22ecaff124497311_8d004d439ad047c3b68cbf3d9650cb91_1becbb6811864c91aff4825da9f5dfc8.jpg'
    );
INSERT INTO product_category (product_id, category_id) VALUES (771, 36);
INSERT INTO product_variant (
        product_id, name, seo_name, supplier_id, price, price_sale, quantity, sku, model, 
        specifications, description, warranty, image_url, release_at, created_by)
        VALUES ( 770, 'Ổ Cứng SSD WD Black SN770 1TB M.2 NVMe PCIe Gen4', 'ssd-wd-black-sn770-1tb-m-2-nvme-pcie-gen4',
            1, 3990000, 2190000, 10, 'SSD-WD-BLACK-SN770-M.2-1TB-GEN4',
            'SSD-WD-BLACK-SN770-M.2-1TB-GEN4',
            '{"Model": "SSD WDBlack SN770 1TB M.2 NVMe PCIe Gen4", "Dung lượng": "1 TB", "Chuẩn giao tiếp": "PCIe Gen4 x4", "Kích thước": "M.2 2280", "Tốc độ đọc": "5150MB/s", "Tốc độ ghi": "4900MB/s", "Đọc ngẫu nhiên": "7400004KB IOPS", "Ghi ngẫu nhiên": "8000004KB IOPS", "Khả năng tương thích": "Máy tính có hỗ trợ&nbsp;M.2 (M-key), có khả năng lấy hệ số dạng M.2 2280Windows&nbsp;11, Windows 10, Windows&nbsp;8.1Lưu ý: Khả năng tương thích có thể khác nhau tùy thuộc vào cấu hình phần cứng và hệ điều hành của người dùng", "Kích thước&nbsp;(L x W x H)": "3.15\" x 0.87\" x 0.09\""}',
            'Máy tính có hỗ trợ&nbsp;M.2 (M-key), có khả năng lấy hệ số dạng M.2 2280',
            12, 'https://product.hstatic.net/200000722513/product/5332_164907d5e5d8f83c22ecaff124497311_8d004d439ad047c3b68cbf3d9650cb91_1becbb6811864c91aff4825da9f5dfc8.jpg', '2023-06-02T14:53:28+00:00',1);
        
INSERT INTO product_image (name, product_variant_id, image_url, is_main)
VALUES
    ('Ảnh 1', 770, 'https://product.hstatic.net/200000722513/product/5332_164907d5e5d8f83c22ecaff124497311_8d004d439ad047c3b68cbf3d9650cb91_1becbb6811864c91aff4825da9f5dfc8.jpg', TRUE),
    ('Ảnh 2', 770, 'https://product.hstatic.net/200000722513/product/5989_3979a39f4fdcc157274106da722ce4c3_eac2671824984d5d9243af513684116a_4ee06a80ece34007817ab0b3555ab15b.jpg', FALSE),
    ('Ảnh 3', 770, 'https://product.hstatic.net/200000722513/product/2041_2e6675d4f8b88eb5b4db7de37a636132_6c2fabd298554589a485fe00a15c0ae0_4a49ecc35c7e44ab8970578264ac54df.jpg', FALSE);
---
INSERT INTO product (name, seo_name, brand_id, specifications, description, created_by, image_url) 
    VALUES (
        'Ổ Cứng SSD SamSung 980 Pro 500GB M.2 NVMe', 'ssd-samsung-980-pro-500gb-m-2-nvme-mz-v8p500bw', 16,
        '"{\"Nhà sản xuất\": \"Samsung\", \"Model\": \"MZ-V8P500BW\", \"Chuẩn giao tiếp\": \"PCIe Gen4.0 x4, NVMe1.3c\", \"Kích thước\": \"M.2 2280\", \"Dung lượng\": \"500 GB\", \"Random 4k\": \"1000.000 IOPS\", \"Tốc độ đọc\": \"6900 MB/s\", \"Tốc độ ghi\": \"5000 MB/s\", \"NAND Flash\": \"Samsung V-NAND 3-bit TLC\", \"TBW\": \"300 TB\", \"Phần mềm chuyển hệ điều hành đi kèm\": \"Samsung Data Migration\"}"',
        'Với sự thay đổi từ Controller Phoenix&nbsp;được dùng cho thế hệ 970 Pro, Ổ cứng SSD Samsung 980 PRO PCIe NVMe M.2 2280 V-NAND được trang bị Controller&nbsp;Samsung Elpis&nbsp;mới nhất giúp&nbsp;hỗ trợ tốt hơn cho các tiến trình Games và sắp xếp hợp lý các luồng dữ liệu của các tiến trình đồ họa, kèm theo công nghệ TurboWrite thông minh, cho tốc độ lên đến 7000MB/s,&nbsp;nhanh hơn gấp đôi&nbsp;so với thế hệ trước.',
        1, 'https://product.hstatic.net/200000722513/product/-980-pro-500gb-m-2-nvme-mz-v8p500bw-2_6f66c1d598514d6fa11f07c8286ddad8_e9cb058c36e14c4eaf0162981f24126e.jpg'
    );
INSERT INTO product_category (product_id, category_id) VALUES (771, 36);
INSERT INTO product_variant (
        product_id, name, seo_name, supplier_id, price, price_sale, quantity, sku, model, 
        specifications, description, warranty, image_url, release_at, created_by)
        VALUES ( 771, 'Ổ Cứng SSD SamSung 980 Pro 500GB M.2 NVMe', 'ssd-samsung-980-pro-500gb-m-2-nvme-mz-v8p500bw',
            1, 2790000, 1990000, 10, 'SSD-SAM-980-PRO-M.2-NVME-500G-MZ-V8P500BW',
            'SSD-SAM-980-PRO-M.2-NVME-500G-MZ-V8P500BW',
            '{"Nhà sản xuất": "Samsung", "Model": "MZ-V8P500BW", "Chuẩn giao tiếp": "PCIe Gen4.0 x4, NVMe1.3c", "Kích thước": "M.2 2280", "Dung lượng": "500 GB", "Random 4k": "1000.000 IOPS", "Tốc độ đọc": "6900 MB/s", "Tốc độ ghi": "5000 MB/s", "NAND Flash": "Samsung V-NAND 3-bit TLC", "TBW": "300 TB", "Phần mềm chuyển hệ điều hành đi kèm": "Samsung Data Migration"}',
            'Với sự thay đổi từ Controller Phoenix&nbsp;được dùng cho thế hệ 970 Pro, Ổ cứng SSD Samsung 980 PRO PCIe NVMe M.2 2280 V-NAND được trang bị Controller&nbsp;Samsung Elpis&nbsp;mới nhất giúp&nbsp;hỗ trợ tốt hơn cho các tiến trình Games và sắp xếp hợp lý các luồng dữ liệu của các tiến trình đồ họa, kèm theo công nghệ TurboWrite thông minh, cho tốc độ lên đến 7000MB/s,&nbsp;nhanh hơn gấp đôi&nbsp;so với thế hệ trước.',
            12, 'https://product.hstatic.net/200000722513/product/-980-pro-500gb-m-2-nvme-mz-v8p500bw-2_6f66c1d598514d6fa11f07c8286ddad8_e9cb058c36e14c4eaf0162981f24126e.jpg', '2023-06-03T07:30:30+00:00',1);
        
INSERT INTO product_image (name, product_variant_id, image_url, is_main)
VALUES
    ('Ảnh 1', 771, 'https://product.hstatic.net/200000722513/product/-980-pro-500gb-m-2-nvme-mz-v8p500bw-2_6f66c1d598514d6fa11f07c8286ddad8_e9cb058c36e14c4eaf0162981f24126e.jpg', TRUE),
    ('Ảnh 2', 771, 'https://product.hstatic.net/200000722513/product/-980-pro-500gb-m-2-nvme-mz-v8p500bw-1_b47b0cecd05b4ab19175ca16fbad6b13_95d729b4322f4835ae0a05c50f703750.jpg', FALSE),
    ('Ảnh 3', 771, 'https://product.hstatic.net/200000722513/product/-980-pro-500gb-m-2-nvme-mz-v8p500bw-3_fc831498074c419f990bea4614a39e7e_fbb1be76980742e0b3245466affad74a.jpg', FALSE);
---
